============================================================
                        SERVER
============================================================
num clients:                  1
TCP port:                     1238
QP handshake timeout (ms):    10000
IB device:                    <auto>
IB port:                      1
max outstanding CQEs:         64
max send work requests:       4096
max receive work requests:    4096
============================================================
index prefix:                     "/data/xjs/index/dvstor_spacev100m/index/spacev100m_R96_bw128_metis_pmd32_pq20_schema16"
storage shard:                    "/data/xjs/index/dvstor_spacev100m/index/spacev100m_R96_bw128_metis_pmd32_pq20_schema16_node5_of5.dat"
storage id:                       4
base vectors:                     100000000
vector ID namespace [0,N):        4294967295
registered memory GiB:            23
====================================================================
1 device(s) found
Selected device: ibp86s0
Selected port state: 4, lid: 8, active_mtu: 5
interleaved policy
num_cores: 112
physical cores per socket: 28
hyperthreading enabled
local process CPU partition: rank 4/5 logical_cpus=22
pairing: 90594 -- 16493
[STATUS]: loaded index metadata from /data/xjs/index/dvstor_spacev100m/index/spacev100m_R96_bw128_metis_pmd32_pq20_schema16 (layout=plain, vector_data_type=int8)
[STATUS]: storage-owner stage2 candidate width L=128 per shard
allocation size: 24696061952
allocated ALIGNED MEM (no hugepage) at 133805811695680 with buffer size 24696061952
[STATUS]: loading index (19573326848 Bytes) from /data/xjs/index/dvstor_spacev100m/index/spacev100m_R96_bw128_metis_pmd32_pq20_schema16_node5_of5.dat
[STATUS]: loaded GPU PQ codes (407777640 Bytes) at remote offset 19573330944
[STATUS]: storage-owner idmap loaded entries=20000000 format=owner_sharded_v2_bound immutable_base=true dynamic_shards=256 dynamic_reserved=65536
[STATUS]: compensated physical centroid restored on shard 4: vectors=20388882 entries=4
[STATUS]: register memory and distribute access token
[STATUS]: connect QPs of compute threads
[STATUS]: reserving 64 GPU/bootstrap QPs per compute node
pairing: 90599 -- 16498
pairing: 90604 -- 16503
pairing: 90609 -- 16508
pairing: 90614 -- 16513
pairing: 90619 -- 16518
pairing: 90624 -- 16523
pairing: 90629 -- 16528
pairing: 90634 -- 16533
pairing: 90639 -- 16538
pairing: 90644 -- 16543
pairing: 90649 -- 16548
pairing: 90654 -- 16553
pairing: 90659 -- 16558
pairing: 90664 -- 16563
pairing: 90669 -- 16568
pairing: 90674 -- 16573
pairing: 90679 -- 16578
pairing: 90684 -- 16583
pairing: 90689 -- 16588
pairing: 90694 -- 16593
pairing: 90699 -- 16598
pairing: 90704 -- 16603
pairing: 90709 -- 16608
pairing: 90714 -- 16613
pairing: 90719 -- 16618
pairing: 90724 -- 16623
pairing: 90729 -- 16628
pairing: 90734 -- 16633
pairing: 90739 -- 16638
pairing: 90744 -- 16643
pairing: 90749 -- 16648
pairing: 90754 -- 16653
pairing: 90759 -- 16782
pairing: 90884 -- 16783
pairing: 90885 -- 16784
pairing: 90886 -- 16785
pairing: 90887 -- 16786
pairing: 90888 -- 16787
pairing: 90889 -- 16788
pairing: 90890 -- 16789
pairing: 90891 -- 16790
pairing: 90892 -- 16791
pairing: 90893 -- 16792
pairing: 90894 -- 16793
pairing: 90895 -- 16794
pairing: 90896 -- 16795
pairing: 90897 -- 16796
pairing: 90898 -- 16797
pairing: 90899 -- 16798
pairing: 90900 -- 16799
pairing: 90901 -- 16800
pairing: 90902 -- 16801
pairing: 90903 -- 16802
pairing: 90904 -- 16803
pairing: 90905 -- 16804
pairing: 90906 -- 16805
pairing: 90907 -- 16806
pairing: 90908 -- 16807
pairing: 90909 -- 16808
pairing: 90910 -- 16809
pairing: 90911 -- 16810
pairing: 90912 -- 16811
pairing: 90913 -- 16812
pairing: 90914 -- 16813
[STATUS]: waiting for compute-node startup barrier
1 device(s) found
Selected device: ibp86s0
Selected port state: 4, lid: 8, active_mtu: 5
pairing: 90921 -- 90926
pairing: 90929 -- 90935
pairing: 90937 -- 90942
pairing: 90945 -- 90950
pairing: 90953 -- 90958
pairing: 90961 -- 90966
pairing: 90969 -- 90974
pairing: 90977 -- 90980
pairing: 90985 -- 90987
pairing: 90990 -- 90994
pairing: 90996 -- 91000
pairing: 91002 -- 91006
pairing: 91008 -- 91011
pairing: 91014 -- 91017
pairing: 91020 -- 91023
pairing: 91026 -- 91028
pairing: 91031 -- 91032
pairing: 91035 -- 91036
pairing: 91039 -- 91041
pairing: 91043 -- 91045
pairing: 91047 -- 91048
pairing: 91051 -- 91052
pairing: 91055 -- 91056
pairing: 91059 -- 91058
pairing: 91060 -- 91057
pairing: 91062 -- 91061
pairing: 91064 -- 91063
pairing: 91066 -- 91065
pairing: 91068 -- 91067
pairing: 91070 -- 91069
pairing: 91072 -- 91071
pairing: 91074 -- 91073
[STATUS]: storage-owner peer RDMA QPs per peer: 8
[STATUS]: storage-owner peer QP0 reserved for RPC; data RDMA uses QP1..7
allocated ALIGNED MEM (no hugepage) at 133804744245312 with buffer size 67108864
allocated ALIGNED MEM (no hugepage) at 133804704399424 with buffer size 39839040
[STATUS]: storage-owner peer RPC receive slots per peer: 64 (requested=64)
[STATUS]: storage-owner peer RPC concurrent sends per peer: 16
[STATUS]: storage-owner peer RPC send credits: Stage1/graph are split at depth >= 2; responses use a dedicated sync buffer
[STATUS]: storage-owner peer async response capacity: 32768
[STATUS]: storage-owner Stage2 home RPC combining: enabled logical_capacity=18432 aggregate_capacity=4608 byte_budget=33586224
allocated ALIGNED MEM (no hugepage) at 110568557183488 with buffer size 96256
allocated ALIGNED MEM (no hugepage) at 133804971524160 with buffer size 212992
allocated ALIGNED MEM (no hugepage) at 133804971106368 with buffer size 212992
[STATUS]: storage-owner peer reverse-update workers: 2
[STATUS]: storage-owner peer Stage1 workers: 3; Stage2-home workers: 1 (one reserved; shared lanes borrow authoritative work only)
[STATUS]: storage-owner physical control workers: cleanup=1 placement=1 (separate blocking domains)
[STATUS]: storage-owner peer progress threads: cq=1 response_dispatch=1
[STATUS]: storage-owner Stage1 artifact capacity: 67584 (64-way, per shard=1056) cleanup replay per shard=2048 active migration receipts=131072
[STATUS]: storage-owner peer reverse-update tuning: queue_depth=65536 coalesce_max=256
allocated ALIGNED MEM (no hugepage) at 133804962959424 with buffer size 1282944
allocated ALIGNED MEM (no hugepage) at 133804958965824 with buffer size 1282944
allocated ALIGNED MEM (no hugepage) at 133804954771520 with buffer size 1282944
allocated ALIGNED MEM (no hugepage) at 133804950577216 with buffer size 1282944
allocated ALIGNED MEM (no hugepage) at 133804946382912 with buffer size 1282944
allocated ALIGNED MEM (no hugepage) at 133804942188608 with buffer size 1282944
allocated ALIGNED MEM (no hugepage) at 133804937994304 with buffer size 1282944
allocated ALIGNED MEM (no hugepage) at 133804933800000 with buffer size 1282944
[STATUS]: storage-owner peer scratch: snapshot_slot=192 graph_slot=832 batch=256 lane_peak_rdma_wrs=56 lane_useful_wave_rdma_wrs=56 global_read_window=224 search_lanes_global=32 search_lanes_credit_derived=16 search_lane_lease_cap=32 search_lanes_physical_per_worker=6 ready_context_runtime_epoch=1 bytes_per_lane=213824 bytes_total=10263552
[STATUS]: storage-owner maintenance workers: 8 (configured=8, admission_baseline_workers=2, context_limit=48, semantic_execution_batch=8, work_conserving=true)
[STATUS]: storage-owner stage2 reverse outbox descriptors: 192 aggregates=192 wire_max_ops=3072 (shared per-peer work-conserving aggregation)
[STATUS]: storage-owner maintenance tuning: protocol=centroid-home-two-stage compaction_batch_target=32 packing_policy=deterministic_b8 packing_tail_wait_us=arrival_adaptive_capped_25000 packing_context_limit=8 backlog_limit=65536 admission_credit=bounded_accepted_backlog admission_window=65536 physical_completion_capacity=65536
[STATUS]: storage-owner peer RDMA read credits: per_data_qp=8 data_qps_per_peer=7 per_peer=56 global=224 shared_cq_read_budget=8095 ordered_snapshot_pairs_per_chain=4 (requested_per_data_qp=16)
[STATUS]: storage-owner online insert tuning: construction_beam=128 snapshot_batch=256 protocol=centroid-home-two-stage
[STATUS]: storage-owner stage1=physical-home local search and backlinks; stage2=generation-fenced home expand+score continuation
[STATUS]: storage-owner responses=foreground direct post; completion=repost by service poller
[STATUS]: storage-owner foreground pipeline: coordinators=12 cpu_lanes=3 (assigned_cpus=22, rpc_parallelism=16)
[STATUS]: storage-owner CPU plan: foreground_cpu=3 foreground_coordinators=12 maintenance=8 peer_stage1=4 (split into isolated Stage1/Stage2-home domains) peer_reverse=2 peer_cleanup=1 peer_placement=1 peer_progress=2 foreground_progress=1
[STATUS]: storage-owner insert runtime enabled on shard 4
[STATUS]: storage-owner maintenance observation: enqueued=717 stage2_enqueued=717 cleanup_enqueued=0 stage2_tasks_done=581 stage2_finalized_live=581 cleanup_processed=0 stale=0 stage2_completion_ratio=0.810321 live_stage2_completion_ratio=0.810321 avg_stage2_delay_ms=821.277855 p99_stage2_delay_upper_ms=2000.000000 p99_stage2_delay_over_30s=false stage2_delay_histogram=0,0,0,0,0,0,0,0,32,149,211,189,0,0,0,0,0,0 max_stage2_delay_ms=1590.396646 compaction_batch_target=32 compaction_max_delay_ms=25.000000 stage2_rate_per_sec=115.633947 stage1_search_budget_exhausted=0 stage2_search_budget_exhausted=0 stage2_continuations=717 stage2_remote_frontier_items=854532 avg_stage2_remote_frontier=1191.815900 stage2_remote_expansions=19071 avg_stage2_remote_expansions=26.598326 stage2_scored_candidates=1461730 avg_stage2_scored_candidates=2038.675035 stage2_graph_read_waves=5034 avg_stage2_expansions_per_graph_wave=3.788439 stage2_graph_unique_reads=23394 stage2_graph_prefetch_issued=15912 stage2_graph_prefetch_hits=14848 stage2_graph_prefetch_wasted=732 stage2_graph_prefetch_promotion_ratio=0.953017 stage2_graph_issue_width_current=16 stage2_vector_read_waves=9674 avg_stage2_scores_per_vector_wave=151.098822 stage2_vector_unique_reads=989470 stage2_home_rpc_batches=7297 stage2_home_rpc_items=869699 avg_stage2_home_rpc_batch=119.185830 stage2_home_score_rpc_batches=3368 stage2_home_score_rpc_items=846305 stage2_home_score_rpc_queries=19403 stage2_home_score_rpc_request_bytes=22423472 stage2_home_score_rpc_response_bytes=27219976 avg_stage2_home_score_queries_per_rpc=5.760986 avg_stage2_home_score_rpc_batch=251.278207 stage2_home_scored_neighbors=1318605 home_scores_per_expansion=1.516162 stage2_migrations=79 home_match_rate=0.864028 stage2_final_edges=19458 stage2_cross_edges_stage1_home=3948 stage2_cross_edges_final_home=2302 cross_edge_reduction_ratio=0.416920 failed=0 rpc_timeouts=0 reverse_aggregate_batches=0 reverse_aggregate_logical_requests=0 reverse_aggregate_ops=0 avg_reverse_aggregate_logicals=0.000000 avg_reverse_aggregate_ops=0.000000 max_backlog=149 admission_window=65536 completion_outstanding=478 completion_incomplete=136 completed_behind_hole=342 completion_logical_full_failures=0 completion_physical_full_failures=0 pressure_yields=18329 stage2_batches=93 avg_stage2_batch_size=7.709677 packing_target_batch=8 packing_admit_queue_avg=28.784946 packing_admit_queue_max=149 packing_batch_1_7=15 packing_batch_8=78 packing_assembly_batches=93 packing_assembly_wait_ms=9488.789694 packing_arrival_interval_us=24281 packing_waited_batches=15 packing_wait_ms=252.325000 packing_target_flushes=78 packing_deadline_flushes=15 packing_cleanup_flushes=0 stage2_phase_search_attempts=85 stage2_phase_search_task_attempts=653 stage2_phase_search_elapsed_ms=56822.927389 avg_stage2_phase_search_us_per_task=87018.265527 stage2_phase_freeze_prune_attempts=111 stage2_phase_freeze_prune_task_attempts=858 stage2_phase_freeze_prune_elapsed_ms=2135.538433 avg_stage2_phase_freeze_prune_us_per_task=2488.972533 stage2_phase_reverse_prepare_attempts=77 stage2_phase_reverse_prepare_task_attempts=589 stage2_phase_reverse_prepare_elapsed_ms=5641.839410 avg_stage2_phase_reverse_prepare_us_per_task=9578.674720 stage2_phase_placement_authority_attempts=76 stage2_phase_placement_authority_task_attempts=581 stage2_phase_placement_authority_elapsed_ms=1141.615944 avg_stage2_phase_placement_authority_us_per_task=1964.915566 stage2_phase_completion_handoff_attempts=76 stage2_phase_completion_handoff_task_attempts=581 stage2_phase_completion_handoff_elapsed_ms=0.199998 avg_stage2_phase_completion_handoff_us_per_task=0.344231 stage2_phase_finalize_attempts=76 stage2_phase_finalize_task_attempts=581 stage2_phase_finalize_elapsed_ms=0.824836 avg_stage2_phase_finalize_us_per_task=1.419683 maintenance_worker_idle_waits=30464 maintenance_worker_idle_ms=30932.456215 maintenance_lost_wake_avoided=8732 maintenance_targeted_wakes=80191 maintenance_generic_wakes=335 maintenance_broadcast_wakes=0 maintenance_context_slots_scanned=408928 maintenance_ready_notifications=21736 maintenance_ready_stale_notifications=6 maintenance_ready_tickets_drained=17779 maintenance_ready_overflow_scans=0 maintenance_ready_fallback_scans=25817 stage2_search_lane_lease_limit=32 stage2_search_lane_lease_peak=32 stage2_search_lane_lease_blocked=19 maintenance_worker_observed_idle_ratio=0.769544 maintenance_worker_observed_busy_ratio=0.230456 physical_stage1_items=717 physical_stage1_total_ns=3404544131 physical_stage1_search_ns=3156057141 physical_stage1_prune_ns=125561783 physical_stage1_allocate_write_ns=93229389 physical_stage1_backlink_ns=19851891 physical_stage1_candidates=91762 physical_stage1_remote_frontier_items=854532 physical_stage1_neighbors=22822 peer_stage1_enqueued=463 peer_stage1_processed=463 peer_stage1_items=1168 avg_peer_stage1_items=2.522678 peer_stage1_rate_per_sec=232.462049 peer_stage1_max_queue=47 peer_stage1_active_workers=0 peer_stage2_home_enqueued=8282 peer_stage2_home_processed=8282 peer_stage2_home_items=875918 avg_peer_stage2_home_items=105.761652 peer_stage2_home_max_queue=29 peer_stage2_home_response_queue_drops=0 peer_stage2_home_response_send_wait_ms=223.141901 avg_peer_stage2_home_queue_wait_us=120.010920 avg_peer_stage2_home_execution_us=73.791945 peer_stage1_release_deferred_batches=1 peer_stage1_release_deferred_items=2 peer_stage1_duplicate_retry_responses=0 peer_stage1_admission_retry_responses=0 peer_stage1_retry_response_drops=0 peer_stage1_admission_waiters=0 peer_stage1_admission_waiter_items=0 peer_stage1_admission_owned_items=0 peer_stage1_admission_wake_coverage=0 peer_stage1_admission_parked=0 peer_stage1_admission_woken=0 peer_stage1_admission_reparked=0 peer_stage1_max_admission_waiters=0 peer_stage1_duplicate_coalesced=0 peer_reverse_enqueued=304 peer_reverse_processed=303 peer_reverse_remaining=1 peer_reverse_items_enqueued=4734 peer_reverse_items_processed=4728 peer_reverse_rate_per_sec=940.993638 peer_reverse_failed=0 peer_reverse_max_queue=46 reclaim_pending=40 reclaim_reused=39 dynamic_high_watermark=19981904864 stage2_remaining=0 cleanup_remaining=0 active_contexts=17 active_context_limit=48 repair_remaining=0 remaining=136
[STATUS]: storage-owner maintenance observation: enqueued=717 stage2_enqueued=717 cleanup_enqueued=0 stage2_tasks_done=717 stage2_finalized_live=717 cleanup_processed=0 stale=0 stage2_completion_ratio=1.000000 live_stage2_completion_ratio=1.000000 avg_stage2_delay_ms=913.073842 p99_stage2_delay_upper_ms=2000.000000 p99_stage2_delay_over_30s=false stage2_delay_histogram=0,0,0,0,0,0,0,0,32,149,227,309,0,0,0,0,0,0 max_stage2_delay_ms=1760.519109 compaction_batch_target=32 compaction_max_delay_ms=25.000000 stage2_rate_per_sec=71.517724 stage1_search_budget_exhausted=0 stage2_search_budget_exhausted=0 stage2_continuations=717 stage2_remote_frontier_items=854532 avg_stage2_remote_frontier=1191.815900 stage2_remote_expansions=23088 avg_stage2_remote_expansions=32.200837 stage2_scored_candidates=1487739 avg_stage2_scored_candidates=2074.949791 stage2_graph_read_waves=5258 avg_stage2_expansions_per_graph_wave=4.391023 stage2_graph_unique_reads=24010 stage2_graph_prefetch_issued=16243 stage2_graph_prefetch_hits=15321 stage2_graph_prefetch_wasted=922 stage2_graph_prefetch_promotion_ratio=0.943237 stage2_graph_issue_width_current=16 stage2_vector_read_waves=10043 avg_stage2_scores_per_vector_wave=148.136911 stage2_vector_unique_reads=995380 stage2_home_rpc_batches=7531 stage2_home_rpc_items=870315 avg_stage2_home_rpc_batch=115.564334 stage2_home_score_rpc_batches=3368 stage2_home_score_rpc_items=846305 stage2_home_score_rpc_queries=19403 stage2_home_score_rpc_request_bytes=22423472 stage2_home_score_rpc_response_bytes=27219976 avg_stage2_home_score_queries_per_rpc=5.760986 avg_stage2_home_score_rpc_batch=251.278207 stage2_home_scored_neighbors=1338647 home_scores_per_expansion=1.538118 stage2_migrations=130 home_match_rate=0.818689 stage2_final_edges=24581 stage2_cross_edges_stage1_home=6042 stage2_cross_edges_final_home=3387 cross_edge_reduction_ratio=0.439424 failed=0 rpc_timeouts=0 reverse_aggregate_batches=0 reverse_aggregate_logical_requests=0 reverse_aggregate_ops=0 avg_reverse_aggregate_logicals=0.000000 avg_reverse_aggregate_ops=0.000000 max_backlog=149 admission_window=65536 completion_outstanding=0 completion_incomplete=0 completed_behind_hole=0 completion_logical_full_failures=0 completion_physical_full_failures=0 pressure_yields=18331 stage2_batches=93 avg_stage2_batch_size=7.709677 packing_target_batch=8 packing_admit_queue_avg=28.784946 packing_admit_queue_max=149 packing_batch_1_7=15 packing_batch_8=78 packing_assembly_batches=93 packing_assembly_wait_ms=9488.789694 packing_arrival_interval_us=24281 packing_waited_batches=15 packing_wait_ms=252.325000 packing_target_flushes=78 packing_deadline_flushes=15 packing_cleanup_flushes=0 stage2_phase_search_attempts=93 stage2_phase_search_task_attempts=717 stage2_phase_search_elapsed_ms=65342.593843 avg_stage2_phase_search_us_per_task=91133.324746 stage2_phase_freeze_prune_attempts=122 stage2_phase_freeze_prune_task_attempts=946 stage2_phase_freeze_prune_elapsed_ms=2285.386583 avg_stage2_phase_freeze_prune_us_per_task=2415.842054 stage2_phase_reverse_prepare_attempts=93 stage2_phase_reverse_prepare_task_attempts=717 stage2_phase_reverse_prepare_elapsed_ms=6376.333325 avg_stage2_phase_reverse_prepare_us_per_task=8893.072978 stage2_phase_placement_authority_attempts=93 stage2_phase_placement_authority_task_attempts=717 stage2_phase_placement_authority_elapsed_ms=1203.090599 avg_stage2_phase_placement_authority_us_per_task=1677.950626 stage2_phase_completion_handoff_attempts=93 stage2_phase_completion_handoff_task_attempts=717 stage2_phase_completion_handoff_elapsed_ms=0.263411 avg_stage2_phase_completion_handoff_us_per_task=0.367379 stage2_phase_finalize_attempts=93 stage2_phase_finalize_task_attempts=717 stage2_phase_finalize_elapsed_ms=1.139183 avg_stage2_phase_finalize_us_per_task=1.588819 maintenance_worker_idle_waits=35328 maintenance_worker_idle_ms=68744.823256 maintenance_lost_wake_avoided=8833 maintenance_targeted_wakes=83002 maintenance_generic_wakes=335 maintenance_broadcast_wakes=0 maintenance_context_slots_scanned=478784 maintenance_ready_notifications=23068 maintenance_ready_stale_notifications=6 maintenance_ready_tickets_drained=18503 maintenance_ready_overflow_scans=0 maintenance_ready_fallback_scans=30088 stage2_search_lane_lease_limit=32 stage2_search_lane_lease_peak=32 stage2_search_lane_lease_blocked=19 maintenance_worker_observed_idle_ratio=0.857126 maintenance_worker_observed_busy_ratio=0.142874 physical_stage1_items=717 physical_stage1_total_ns=3404544131 physical_stage1_search_ns=3156057141 physical_stage1_prune_ns=125561783 physical_stage1_allocate_write_ns=93229389 physical_stage1_backlink_ns=19851891 physical_stage1_candidates=91762 physical_stage1_remote_frontier_items=854532 physical_stage1_neighbors=22822 peer_stage1_enqueued=463 peer_stage1_processed=463 peer_stage1_items=1168 avg_peer_stage1_items=2.522678 peer_stage1_rate_per_sec=116.503071 peer_stage1_max_queue=47 peer_stage1_active_workers=0 peer_stage2_home_enqueued=10917 peer_stage2_home_processed=10917 peer_stage2_home_items=1302503 avg_peer_stage2_home_items=119.309609 peer_stage2_home_max_queue=29 peer_stage2_home_response_queue_drops=0 peer_stage2_home_response_send_wait_ms=241.867090 avg_peer_stage2_home_queue_wait_us=94.306140 avg_peer_stage2_home_execution_us=72.671203 peer_stage1_release_deferred_batches=1 peer_stage1_release_deferred_items=2 peer_stage1_duplicate_retry_responses=0 peer_stage1_admission_retry_responses=0 peer_stage1_retry_response_drops=0 peer_stage1_admission_waiters=0 peer_stage1_admission_waiter_items=0 peer_stage1_admission_owned_items=0 peer_stage1_admission_wake_coverage=0 peer_stage1_admission_parked=0 peer_stage1_admission_woken=0 peer_stage1_admission_reparked=0 peer_stage1_max_admission_waiters=0 peer_stage1_duplicate_coalesced=0 peer_reverse_enqueued=429 peer_reverse_processed=429 peer_reverse_remaining=0 peer_reverse_items_enqueued=9510 peer_reverse_items_processed=9510 peer_reverse_rate_per_sec=948.582368 peer_reverse_failed=0 peer_reverse_max_queue=46 reclaim_pending=6 reclaim_reused=124 dynamic_high_watermark=19981935616 stage2_remaining=0 cleanup_remaining=0 active_contexts=0 active_context_limit=48 repair_remaining=0 remaining=0
[STATUS]: storage-owner maintenance observation: enqueued=728 stage2_enqueued=728 cleanup_enqueued=0 stage2_tasks_done=728 stage2_finalized_live=728 cleanup_processed=0 stale=0 stage2_completion_ratio=1.000000 live_stage2_completion_ratio=1.000000 avg_stage2_delay_ms=900.046341 p99_stage2_delay_upper_ms=2000.000000 p99_stage2_delay_over_30s=false stage2_delay_histogram=0,0,0,0,0,0,11,0,32,149,227,309,0,0,0,0,0,0 max_stage2_delay_ms=1760.519109 compaction_batch_target=32 compaction_max_delay_ms=25.000000 stage2_rate_per_sec=48.448736 stage1_search_budget_exhausted=0 stage2_search_budget_exhausted=0 stage2_continuations=728 stage2_remote_frontier_items=867697 avg_stage2_remote_frontier=1191.891484 stage2_remote_expansions=24357 avg_stage2_remote_expansions=33.457418 stage2_scored_candidates=1530987 avg_stage2_scored_candidates=2103.004121 stage2_graph_read_waves=5742 avg_stage2_expansions_per_graph_wave=4.241902 stage2_graph_unique_reads=25361 stage2_graph_prefetch_issued=17098 stage2_graph_prefetch_hits=16094 stage2_graph_prefetch_wasted=1004 stage2_graph_prefetch_promotion_ratio=0.941280 stage2_graph_issue_width_current=16 stage2_vector_read_waves=11013 avg_stage2_scores_per_vector_wave=139.016344 stage2_vector_unique_reads=1011544 stage2_home_rpc_batches=8082 stage2_home_rpc_items=883523 avg_stage2_home_rpc_batch=109.319847 stage2_home_score_rpc_batches=3435 stage2_home_score_rpc_items=858162 stage2_home_score_rpc_queries=19640 stage2_home_score_rpc_request_bytes=22734828 stage2_home_score_rpc_response_bytes=27603496 avg_stage2_home_score_queries_per_rpc=5.717613 avg_stage2_home_score_rpc_batch=249.828821 stage2_home_scored_neighbors=1377588 home_scores_per_expansion=1.559199 stage2_migrations=139 home_match_rate=0.809066 stage2_final_edges=24948 stage2_cross_edges_stage1_home=6355 stage2_cross_edges_final_home=3434 cross_edge_reduction_ratio=0.459638 failed=0 rpc_timeouts=0 reverse_aggregate_batches=0 reverse_aggregate_logical_requests=0 reverse_aggregate_ops=0 avg_reverse_aggregate_logicals=0.000000 avg_reverse_aggregate_ops=0.000000 max_backlog=149 admission_window=65536 completion_outstanding=0 completion_incomplete=0 completed_behind_hole=0 completion_logical_full_failures=0 completion_physical_full_failures=0 pressure_yields=18331 stage2_batches=103 avg_stage2_batch_size=7.067961 packing_target_batch=8 packing_admit_queue_avg=26.097087 packing_admit_queue_max=149 packing_batch_1_7=25 packing_batch_8=78 packing_assembly_batches=103 packing_assembly_wait_ms=9739.341741 packing_arrival_interval_us=25000 packing_waited_batches=25 packing_wait_ms=502.325000 packing_target_flushes=78 packing_deadline_flushes=25 packing_cleanup_flushes=0 stage2_phase_search_attempts=103 stage2_phase_search_task_attempts=728 stage2_phase_search_elapsed_ms=65427.821920 avg_stage2_phase_search_us_per_task=89873.381758 stage2_phase_freeze_prune_attempts=132 stage2_phase_freeze_prune_task_attempts=957 stage2_phase_freeze_prune_elapsed_ms=2292.698959 avg_stage2_phase_freeze_prune_us_per_task=2395.714691 stage2_phase_reverse_prepare_attempts=103 stage2_phase_reverse_prepare_task_attempts=728 stage2_phase_reverse_prepare_elapsed_ms=6392.220070 avg_stage2_phase_reverse_prepare_us_per_task=8780.522074 stage2_phase_placement_authority_attempts=103 stage2_phase_placement_authority_task_attempts=728 stage2_phase_placement_authority_elapsed_ms=1207.660721 avg_stage2_phase_placement_authority_us_per_task=1658.874617 stage2_phase_completion_handoff_attempts=103 stage2_phase_completion_handoff_task_attempts=728 stage2_phase_completion_handoff_elapsed_ms=0.275253 avg_stage2_phase_completion_handoff_us_per_task=0.378095 stage2_phase_finalize_attempts=103 stage2_phase_finalize_task_attempts=728 stage2_phase_finalize_elapsed_ms=1.163512 avg_stage2_phase_finalize_us_per_task=1.598231 maintenance_worker_idle_waits=40832 maintenance_worker_idle_ms=108339.848280 maintenance_lost_wake_avoided=8892 maintenance_targeted_wakes=84823 maintenance_generic_wakes=346 maintenance_broadcast_wakes=0 maintenance_context_slots_scanned=542208 maintenance_ready_notifications=24745 maintenance_ready_stale_notifications=6 maintenance_ready_tickets_drained=20009 maintenance_ready_overflow_scans=0 maintenance_ready_fallback_scans=34086 stage2_search_lane_lease_limit=32 stage2_search_lane_lease_peak=32 stage2_search_lane_lease_blocked=19 maintenance_worker_observed_idle_ratio=0.901258 maintenance_worker_observed_busy_ratio=0.098742 physical_stage1_items=728 physical_stage1_total_ns=3451233851 physical_stage1_search_ns=3200667873 physical_stage1_prune_ns=126695050 physical_stage1_allocate_write_ns=93868442 physical_stage1_backlink_ns=20044685 physical_stage1_candidates=93170 physical_stage1_remote_frontier_items=867697 physical_stage1_neighbors=23085 peer_stage1_enqueued=485 peer_stage1_processed=485 peer_stage1_items=1190 avg_peer_stage1_items=2.453608 peer_stage1_rate_per_sec=79.195050 peer_stage1_max_queue=47 peer_stage1_active_workers=0 peer_stage2_home_enqueued=13407 peer_stage2_home_processed=13407 peer_stage2_home_items=1772468 avg_peer_stage2_home_items=132.204669 peer_stage2_home_max_queue=29 peer_stage2_home_response_queue_drops=0 peer_stage2_home_response_send_wait_ms=256.030360 avg_peer_stage2_home_queue_wait_us=78.982664 avg_peer_stage2_home_execution_us=69.569713 peer_stage1_release_deferred_batches=1 peer_stage1_release_deferred_items=2 peer_stage1_duplicate_retry_responses=0 peer_stage1_admission_retry_responses=0 peer_stage1_retry_response_drops=0 peer_stage1_admission_waiters=0 peer_stage1_admission_waiter_items=0 peer_stage1_admission_owned_items=0 peer_stage1_admission_wake_coverage=0 peer_stage1_admission_parked=0 peer_stage1_admission_woken=0 peer_stage1_admission_reparked=0 peer_stage1_max_admission_waiters=0 peer_stage1_duplicate_coalesced=0 peer_reverse_enqueued=542 peer_reverse_processed=542 peer_reverse_remaining=0 peer_reverse_items_enqueued=9703 peer_reverse_items_processed=9703 peer_reverse_rate_per_sec=645.739132 peer_reverse_failed=0 peer_reverse_max_queue=46 reclaim_pending=3 reclaim_reused=136 dynamic_high_watermark=19981935616 stage2_remaining=0 cleanup_remaining=0 active_contexts=0 active_context_limit=48 repair_remaining=0 remaining=0
[STATUS]: storage-owner maintenance observation: enqueued=1416 stage2_enqueued=1416 cleanup_enqueued=0 stage2_tasks_done=921 stage2_finalized_live=921 cleanup_processed=0 stale=0 stage2_completion_ratio=0.650424 live_stage2_completion_ratio=0.650424 avg_stage2_delay_ms=782.515737 p99_stage2_delay_upper_ms=2000.000000 p99_stage2_delay_over_30s=false stage2_delay_histogram=0,0,0,0,0,1,21,14,95,212,269,309,0,0,0,0,0,0 max_stage2_delay_ms=1760.519109 compaction_batch_target=32 compaction_max_delay_ms=25.000000 stage2_rate_per_sec=45.989764 stage1_search_budget_exhausted=0 stage2_search_budget_exhausted=0 stage2_continuations=1278 stage2_remote_frontier_items=1815491 avg_stage2_remote_frontier=1420.571987 stage2_remote_expansions=32343 avg_stage2_remote_expansions=25.307512 stage2_scored_candidates=3037475 avg_stage2_scored_candidates=2376.741002 stage2_graph_read_waves=10395 avg_stage2_expansions_per_graph_wave=3.111400 stage2_graph_unique_reads=51097 stage2_graph_prefetch_issued=30812 stage2_graph_prefetch_hits=25638 stage2_graph_prefetch_wasted=1388 stage2_graph_prefetch_promotion_ratio=0.948642 stage2_graph_issue_width_current=16 stage2_vector_read_waves=18462 avg_stage2_scores_per_vector_wave=164.525783 stage2_vector_unique_reads=2030181 stage2_home_rpc_batches=16761 stage2_home_rpc_items=1839158 avg_stage2_home_rpc_batch=109.728417 stage2_home_score_rpc_batches=7129 stage2_home_score_rpc_items=1788087 stage2_home_score_rpc_queries=41658 stage2_home_score_rpc_request_bytes=47432336 stage2_home_score_rpc_response_bytes=57510992 avg_stage2_home_score_queries_per_rpc=5.843456 avg_stage2_home_score_rpc_batch=250.818768 stage2_home_scored_neighbors=2796689 home_scores_per_expansion=1.520636 stage2_migrations=189 home_match_rate=0.794788 stage2_final_edges=31809 stage2_cross_edges_stage1_home=8418 stage2_cross_edges_final_home=4269 cross_edge_reduction_ratio=0.492872 failed=0 rpc_timeouts=0 reverse_aggregate_batches=0 reverse_aggregate_logical_requests=0 reverse_aggregate_ops=0 avg_reverse_aggregate_logicals=0.000000 avg_reverse_aggregate_ops=0.000000 max_backlog=149 admission_window=65536 completion_outstanding=535 completion_incomplete=495 completed_behind_hole=40 completion_logical_full_failures=0 completion_physical_full_failures=0 pressure_yields=29920 stage2_batches=184 avg_stage2_batch_size=6.945652 packing_target_batch=8 packing_admit_queue_avg=20.853261 packing_admit_queue_max=149 packing_batch_1_7=49 packing_batch_8=135 packing_assembly_batches=184 packing_assembly_wait_ms=12647.103375 packing_arrival_interval_us=4223 packing_waited_batches=49 packing_wait_ms=975.893000 packing_target_flushes=135 packing_deadline_flushes=49 packing_cleanup_flushes=0 stage2_phase_search_attempts=136 stage2_phase_search_task_attempts=921 stage2_phase_search_elapsed_ms=72227.039198 avg_stage2_phase_search_us_per_task=78422.409553 stage2_phase_freeze_prune_attempts=168 stage2_phase_freeze_prune_task_attempts=1166 stage2_phase_freeze_prune_elapsed_ms=2719.086030 avg_stage2_phase_freeze_prune_us_per_task=2331.977727 stage2_phase_reverse_prepare_attempts=136 stage2_phase_reverse_prepare_task_attempts=921 stage2_phase_reverse_prepare_elapsed_ms=7613.637424 avg_stage2_phase_reverse_prepare_us_per_task=8266.707301 stage2_phase_placement_authority_attempts=136 stage2_phase_placement_authority_task_attempts=921 stage2_phase_placement_authority_elapsed_ms=1596.216854 avg_stage2_phase_placement_authority_us_per_task=1733.134478 stage2_phase_completion_handoff_attempts=136 stage2_phase_completion_handoff_task_attempts=921 stage2_phase_completion_handoff_elapsed_ms=0.350402 avg_stage2_phase_completion_handoff_us_per_task=0.380458 stage2_phase_finalize_attempts=136 stage2_phase_finalize_task_attempts=921 stage2_phase_finalize_elapsed_ms=1.471310 avg_stage2_phase_finalize_us_per_task=1.597514 maintenance_worker_idle_waits=59776 maintenance_worker_idle_ms=145661.395387 maintenance_lost_wake_avoided=11533 maintenance_targeted_wakes=116981 maintenance_generic_wakes=718 maintenance_broadcast_wakes=0 maintenance_context_slots_scanned=697616 maintenance_ready_notifications=41763 maintenance_ready_stale_notifications=6 maintenance_ready_tickets_drained=35312 maintenance_ready_overflow_scans=0 maintenance_ready_fallback_scans=43755 stage2_search_lane_lease_limit=32 stage2_search_lane_lease_peak=32 stage2_search_lane_lease_blocked=39 maintenance_worker_observed_idle_ratio=0.909193 maintenance_worker_observed_busy_ratio=0.090807 physical_stage1_items=1431 physical_stage1_total_ns=6451598505 physical_stage1_search_ns=6025974080 physical_stage1_prune_ns=213652131 physical_stage1_allocate_write_ns=160516848 physical_stage1_backlink_ns=33405965 physical_stage1_candidates=182916 physical_stage1_remote_frontier_items=2045769 physical_stage1_neighbors=41412 peer_stage1_enqueued=1132 peer_stage1_processed=1130 peer_stage1_items=2321 avg_peer_stage1_items=2.053982 peer_stage1_rate_per_sec=115.898201 peer_stage1_max_queue=47 peer_stage1_active_workers=2 peer_stage2_home_enqueued=18537 peer_stage2_home_processed=18537 peer_stage2_home_items=2546918 avg_peer_stage2_home_items=137.396450 peer_stage2_home_max_queue=29 peer_stage2_home_response_queue_drops=0 peer_stage2_home_response_send_wait_ms=323.884754 avg_peer_stage2_home_queue_wait_us=67.485885 avg_peer_stage2_home_execution_us=67.655045 peer_stage1_release_deferred_batches=14 peer_stage1_release_deferred_items=22 peer_stage1_duplicate_retry_responses=0 peer_stage1_admission_retry_responses=0 peer_stage1_retry_response_drops=0 peer_stage1_admission_waiters=0 peer_stage1_admission_waiter_items=0 peer_stage1_admission_owned_items=0 peer_stage1_admission_wake_coverage=0 peer_stage1_admission_parked=0 peer_stage1_admission_woken=0 peer_stage1_admission_reparked=0 peer_stage1_max_admission_waiters=0 peer_stage1_duplicate_coalesced=1 peer_reverse_enqueued=744 peer_reverse_processed=744 peer_reverse_remaining=0 peer_reverse_items_enqueued=11233 peer_reverse_items_processed=11233 peer_reverse_rate_per_sec=560.915333 peer_reverse_failed=1 peer_reverse_max_queue=46 reclaim_pending=12 reclaim_reused=177 dynamic_high_watermark=19982633984 stage2_remaining=138 cleanup_remaining=0 active_contexts=48 active_context_limit=48 repair_remaining=0 remaining=495
[STATUS]: storage-owner maintenance observation: enqueued=3943 stage2_enqueued=3943 cleanup_enqueued=0 stage2_tasks_done=1750 stage2_finalized_live=1750 cleanup_processed=0 stale=0 stage2_completion_ratio=0.443824 live_stage2_completion_ratio=0.443824 avg_stage2_delay_ms=1831.439998 p99_stage2_delay_upper_ms=5000.000000 p99_stage2_delay_over_30s=false stage2_delay_histogram=0,0,0,0,0,1,21,14,95,212,269,425,593,112,8,0,0,0 max_stage2_delay_ms=5085.416080 compaction_batch_target=32 compaction_max_delay_ms=25.000000 stage2_rate_per_sec=69.925928 stage1_search_budget_exhausted=0 stage2_search_budget_exhausted=0 stage2_continuations=2134 stage2_remote_frontier_items=2852824 avg_stage2_remote_frontier=1336.843486 stage2_remote_expansions=85771 avg_stage2_remote_expansions=40.192596 stage2_scored_candidates=5114631 avg_stage2_scored_candidates=2396.734302 stage2_graph_read_waves=20010 avg_stage2_expansions_per_graph_wave=4.286407 stage2_graph_unique_reads=96741 stage2_graph_prefetch_issued=55418 stage2_graph_prefetch_hits=49361 stage2_graph_prefetch_wasted=5163 stage2_graph_prefetch_promotion_ratio=0.905308 stage2_graph_issue_width_current=16 stage2_vector_read_waves=32147 avg_stage2_scores_per_vector_wave=159.101347 stage2_vector_unique_reads=3201442 stage2_home_rpc_batches=27849 stage2_home_rpc_items=2864143 avg_stage2_home_rpc_batch=102.845452 stage2_home_score_rpc_batches=11029 stage2_home_score_rpc_items=2767440 stage2_home_score_rpc_queries=64595 stage2_home_score_rpc_request_bytes=73429436 stage2_home_score_rpc_response_bytes=89010856 avg_stage2_home_score_queries_per_rpc=5.856832 avg_stage2_home_score_rpc_batch=250.923928 stage2_home_scored_neighbors=4685412 home_scores_per_expansion=1.635886 stage2_migrations=556 home_match_rate=0.682286 stage2_final_edges=57912 stage2_cross_edges_stage1_home=20558 stage2_cross_edges_final_home=7562 cross_edge_reduction_ratio=0.632163 failed=0 rpc_timeouts=0 reverse_aggregate_batches=0 reverse_aggregate_logical_requests=0 reverse_aggregate_ops=0 avg_reverse_aggregate_logicals=0.000000 avg_reverse_aggregate_ops=0.000000 max_backlog=1835 admission_window=65536 completion_outstanding=2657 completion_incomplete=2193 completed_behind_hole=464 completion_logical_full_failures=0 completion_physical_full_failures=0 pressure_yields=73258 stage2_batches=291 avg_stage2_batch_size=7.333333 packing_target_batch=8 packing_admit_queue_avg=409.151203 packing_admit_queue_max=1835 packing_batch_1_7=49 packing_batch_8=242 packing_assembly_batches=291 packing_assembly_wait_ms=219643.954532 packing_arrival_interval_us=3286 packing_waited_batches=49 packing_wait_ms=975.893000 packing_target_flushes=242 packing_deadline_flushes=49 packing_cleanup_flushes=0 stage2_phase_search_attempts=248 stage2_phase_search_task_attempts=1790 stage2_phase_search_elapsed_ms=269810.491119 avg_stage2_phase_search_us_per_task=150732.117944 stage2_phase_freeze_prune_attempts=319 stage2_phase_freeze_prune_task_attempts=2347 stage2_phase_freeze_prune_elapsed_ms=13568.894384 avg_stage2_phase_freeze_prune_us_per_task=5781.378093 stage2_phase_reverse_prepare_attempts=243 stage2_phase_reverse_prepare_task_attempts=1750 stage2_phase_reverse_prepare_elapsed_ms=20014.424319 avg_stage2_phase_reverse_prepare_us_per_task=11436.813897 stage2_phase_placement_authority_attempts=243 stage2_phase_placement_authority_task_attempts=1750 stage2_phase_placement_authority_elapsed_ms=8930.987094 avg_stage2_phase_placement_authority_us_per_task=5103.421197 stage2_phase_completion_handoff_attempts=243 stage2_phase_completion_handoff_task_attempts=1750 stage2_phase_completion_handoff_elapsed_ms=0.669826 avg_stage2_phase_completion_handoff_us_per_task=0.382758 stage2_phase_finalize_attempts=243 stage2_phase_finalize_task_attempts=1750 stage2_phase_finalize_elapsed_ms=3.256491 avg_stage2_phase_finalize_us_per_task=1.860852 maintenance_worker_idle_waits=93440 maintenance_worker_idle_ms=158485.355024 maintenance_lost_wake_avoided=20482 maintenance_targeted_wakes=225428 maintenance_generic_wakes=1989 maintenance_broadcast_wakes=0 maintenance_context_slots_scanned=1117952 maintenance_ready_notifications=78949 maintenance_ready_stale_notifications=9 maintenance_ready_tickets_drained=63211 maintenance_ready_overflow_scans=0 maintenance_ready_fallback_scans=70068 stage2_search_lane_lease_limit=32 stage2_search_lane_lease_peak=32 stage2_search_lane_lease_blocked=659 maintenance_worker_observed_idle_ratio=0.791588 maintenance_worker_observed_busy_ratio=0.208412 physical_stage1_items=3971 physical_stage1_total_ns=17617427972 physical_stage1_search_ns=16466710614 physical_stage1_prune_ns=566586104 physical_stage1_allocate_write_ns=449940282 physical_stage1_backlink_ns=88048646 physical_stage1_candidates=507713 physical_stage1_remote_frontier_items=5759704 physical_stage1_neighbors=122064 peer_stage1_enqueued=3109 peer_stage1_processed=3101 peer_stage1_items=6355 avg_peer_stage1_items=2.049339 peer_stage1_rate_per_sec=253.931012 peer_stage1_max_queue=47 peer_stage1_active_workers=3 peer_stage2_home_enqueued=29997 peer_stage2_home_processed=29983 peer_stage2_home_items=3843265 avg_peer_stage2_home_items=128.181469 peer_stage2_home_max_queue=42 peer_stage2_home_response_queue_drops=0 peer_stage2_home_response_send_wait_ms=913.018116 avg_peer_stage2_home_queue_wait_us=102.405699 avg_peer_stage2_home_execution_us=66.548879 peer_stage1_release_deferred_batches=24 peer_stage1_release_deferred_items=36 peer_stage1_duplicate_retry_responses=0 peer_stage1_admission_retry_responses=0 peer_stage1_retry_response_drops=0 peer_stage1_admission_waiters=0 peer_stage1_admission_waiter_items=0 peer_stage1_admission_owned_items=0 peer_stage1_admission_wake_coverage=0 peer_stage1_admission_parked=0 peer_stage1_admission_woken=0 peer_stage1_admission_reparked=0 peer_stage1_max_admission_waiters=0 peer_stage1_duplicate_coalesced=3 peer_reverse_enqueued=1389 peer_reverse_processed=1383 peer_reverse_remaining=6 peer_reverse_items_enqueued=19498 peer_reverse_items_processed=19250 peer_reverse_rate_per_sec=769.185206 peer_reverse_failed=4 peer_reverse_max_queue=46 reclaim_pending=100 reclaim_reused=456 dynamic_high_watermark=19985082240 stage2_remaining=1809 cleanup_remaining=0 active_contexts=48 active_context_limit=48 repair_remaining=0 remaining=2193
[STATUS]: storage-owner maintenance observation: enqueued=7223 stage2_enqueued=7223 cleanup_enqueued=0 stage2_tasks_done=2694 stage2_finalized_live=2694 cleanup_processed=0 stale=0 stage2_completion_ratio=0.372975 live_stage2_completion_ratio=0.372975 avg_stage2_delay_ms=3109.235989 p99_stage2_delay_upper_ms=8000.000000 p99_stage2_delay_over_30s=false stage2_delay_histogram=0,0,0,0,0,1,21,14,95,212,269,425,729,349,579,0,0,0 max_stage2_delay_ms=7530.112355 compaction_batch_target=32 compaction_max_delay_ms=25.000000 stage2_rate_per_sec=89.719705 stage1_search_budget_exhausted=0 stage2_search_budget_exhausted=0 stage2_continuations=3078 stage2_remote_frontier_items=4169960 avg_stage2_remote_frontier=1354.762833 stage2_remote_expansions=118518 avg_stage2_remote_expansions=38.504873 stage2_scored_candidates=7258226 avg_stage2_scored_candidates=2358.098116 stage2_graph_read_waves=28485 avg_stage2_expansions_per_graph_wave=4.160716 stage2_graph_unique_reads=131321 stage2_graph_prefetch_issued=77493 stage2_graph_prefetch_hits=69309 stage2_graph_prefetch_wasted=6701 stage2_graph_prefetch_promotion_ratio=0.911841 stage2_graph_issue_width_current=16 stage2_vector_read_waves=45553 avg_stage2_scores_per_vector_wave=159.335851 stage2_vector_unique_reads=4664906 stage2_home_rpc_batches=38672 stage2_home_rpc_items=4185395 avg_stage2_home_rpc_batch=108.228046 stage2_home_score_rpc_batches=16136 stage2_home_score_rpc_items=4054074 stage2_home_score_rpc_queries=94985 stage2_home_score_rpc_request_bytes=107610336 stage2_home_score_rpc_response_bytes=130393680 avg_stage2_home_score_queries_per_rpc=5.886527 avg_stage2_home_score_rpc_batch=251.244051 stage2_home_scored_neighbors=6651829 home_scores_per_expansion=1.589295 stage2_migrations=745 home_match_rate=0.723460 stage2_final_edges=90749 stage2_cross_edges_stage1_home=28658 stage2_cross_edges_final_home=11949 cross_edge_reduction_ratio=0.583048 failed=0 rpc_timeouts=0 reverse_aggregate_batches=0 reverse_aggregate_logical_requests=0 reverse_aggregate_ops=0 avg_reverse_aggregate_logicals=0.000000 avg_reverse_aggregate_ops=0.000000 max_backlog=4167 admission_window=65536 completion_outstanding=4857 completion_incomplete=4529 completed_behind_hole=328 completion_logical_full_failures=0 completion_physical_full_failures=0 pressure_yields=125183 stage2_batches=409 avg_stage2_batch_size=7.525672 packing_target_batch=8 packing_admit_queue_avg=1129.760391 packing_admit_queue_max=4167 packing_batch_1_7=49 packing_batch_8=360 packing_assembly_batches=409 packing_assembly_wait_ms=797886.170300 packing_arrival_interval_us=2726 packing_waited_batches=49 packing_wait_ms=975.893000 packing_target_flushes=360 packing_deadline_flushes=49 packing_cleanup_flushes=0 stage2_phase_search_attempts=363 stage2_phase_search_task_attempts=2710 stage2_phase_search_elapsed_ms=481188.071777 avg_stage2_phase_search_us_per_task=177560.174087 stage2_phase_freeze_prune_attempts=466 stage2_phase_freeze_prune_task_attempts=3523 stage2_phase_freeze_prune_elapsed_ms=20572.659611 avg_stage2_phase_freeze_prune_us_per_task=5839.528700 stage2_phase_reverse_prepare_attempts=361 stage2_phase_reverse_prepare_task_attempts=2694 stage2_phase_reverse_prepare_elapsed_ms=37284.533992 avg_stage2_phase_reverse_prepare_us_per_task=13839.841868 stage2_phase_placement_authority_attempts=361 stage2_phase_placement_authority_task_attempts=2694 stage2_phase_placement_authority_elapsed_ms=13195.445607 avg_stage2_phase_placement_authority_us_per_task=4898.086714 stage2_phase_completion_handoff_attempts=361 stage2_phase_completion_handoff_task_attempts=2694 stage2_phase_completion_handoff_elapsed_ms=1.002228 avg_stage2_phase_completion_handoff_us_per_task=0.372022 stage2_phase_finalize_attempts=361 stage2_phase_finalize_task_attempts=2694 stage2_phase_finalize_elapsed_ms=4.887953 avg_stage2_phase_finalize_us_per_task=1.814385 maintenance_worker_idle_waits=135552 maintenance_worker_idle_ms=174361.072657 maintenance_lost_wake_avoided=31913 maintenance_targeted_wakes=336241 maintenance_generic_wakes=3575 maintenance_broadcast_wakes=0 maintenance_context_slots_scanned=1664256 maintenance_ready_notifications=112045 maintenance_ready_stale_notifications=10 maintenance_ready_tickets_drained=89824 maintenance_ready_overflow_scans=0 maintenance_ready_fallback_scans=104186 stage2_search_lane_lease_limit=32 stage2_search_lane_lease_peak=32 stage2_search_lane_lease_blocked=659 maintenance_worker_observed_idle_ratio=0.725855 maintenance_worker_observed_busy_ratio=0.274145 physical_stage1_items=7228 physical_stage1_total_ns=31787070440 physical_stage1_search_ns=29693603744 physical_stage1_prune_ns=1003450776 physical_stage1_allocate_write_ns=857127721 physical_stage1_backlink_ns=152299095 physical_stage1_candidates=924414 physical_stage1_remote_frontier_items=10034517 physical_stage1_neighbors=222314 peer_stage1_enqueued=5412 peer_stage1_processed=5370 peer_stage1_items=11501 avg_peer_stage1_items=2.141713 peer_stage1_rate_per_sec=383.023876 peer_stage1_max_queue=47 peer_stage1_active_workers=3 peer_stage2_home_enqueued=44597 peer_stage2_home_processed=44597 peer_stage2_home_items=5464634 avg_peer_stage2_home_items=122.533668 peer_stage2_home_max_queue=42 peer_stage2_home_response_queue_drops=0 peer_stage2_home_response_send_wait_ms=1767.783750 avg_peer_stage2_home_queue_wait_us=159.882358 avg_peer_stage2_home_execution_us=66.151355 peer_stage1_release_deferred_batches=26 peer_stage1_release_deferred_items=38 peer_stage1_duplicate_retry_responses=0 peer_stage1_admission_retry_responses=0 peer_stage1_retry_response_drops=0 peer_stage1_admission_waiters=0 peer_stage1_admission_waiter_items=0 peer_stage1_admission_owned_items=0 peer_stage1_admission_wake_coverage=0 peer_stage1_admission_parked=0 peer_stage1_admission_woken=0 peer_stage1_admission_reparked=0 peer_stage1_max_admission_waiters=0 peer_stage1_duplicate_coalesced=3 peer_reverse_enqueued=2103 peer_reverse_processed=2101 peer_reverse_remaining=2 peer_reverse_items_enqueued=31257 peer_reverse_items_processed=31179 peer_reverse_rate_per_sec=1038.370701 peer_reverse_failed=4 peer_reverse_max_queue=51 reclaim_pending=68 reclaim_reused=677 dynamic_high_watermark=19988393536 stage2_remaining=4145 cleanup_remaining=0 active_contexts=48 active_context_limit=48 repair_remaining=0 remaining=4529
[STATUS]: storage-owner maintenance observation: enqueued=9833 stage2_enqueued=9833 cleanup_enqueued=0 stage2_tasks_done=3510 stage2_finalized_live=3510 cleanup_processed=0 stale=0 stage2_completion_ratio=0.356961 live_stage2_completion_ratio=0.356961 avg_stage2_delay_ms=4500.837144 p99_stage2_delay_upper_ms=16000.000000 p99_stage2_delay_over_30s=false stage2_delay_histogram=0,0,0,0,0,1,21,14,95,212,269,425,729,349,707,688,0,0 max_stage2_delay_ms=11110.635345 compaction_batch_target=32 compaction_max_delay_ms=25.000000 stage2_rate_per_sec=100.202934 stage1_search_budget_exhausted=0 stage2_search_budget_exhausted=0 stage2_continuations=3894 stage2_remote_frontier_items=5608535 avg_stage2_remote_frontier=1440.301746 stage2_remote_expansions=160493 avg_stage2_remote_expansions=41.215460 stage2_scored_candidates=10215173 avg_stage2_scored_candidates=2623.310991 stage2_graph_read_waves=38720 avg_stage2_expansions_per_graph_wave=4.144964 stage2_graph_unique_reads=183277 stage2_graph_prefetch_issued=109599 stage2_graph_prefetch_hits=98768 stage2_graph_prefetch_wasted=8700 stage2_graph_prefetch_promotion_ratio=0.919046 stage2_graph_issue_width_current=16 stage2_vector_read_waves=62994 avg_stage2_scores_per_vector_wave=162.161047 stage2_vector_unique_reads=6323864 stage2_home_rpc_batches=50898 stage2_home_rpc_items=5669476 avg_stage2_home_rpc_batch=111.388974 stage2_home_score_rpc_batches=21847 stage2_home_score_rpc_items=5486204 stage2_home_score_rpc_queries=130248 stage2_home_score_rpc_request_bytes=145831368 stage2_home_score_rpc_response_bytes=176467512 avg_stage2_home_score_queries_per_rpc=5.961825 avg_stage2_home_score_rpc_batch=251.119330 stage2_home_scored_neighbors=9379347 home_scores_per_expansion=1.654359 stage2_migrations=1001 home_match_rate=0.714815 stage2_final_edges=119798 stage2_cross_edges_stage1_home=39407 stage2_cross_edges_final_home=16471 cross_edge_reduction_ratio=0.582029 failed=0 rpc_timeouts=0 reverse_aggregate_batches=0 reverse_aggregate_logical_requests=0 reverse_aggregate_ops=0 avg_reverse_aggregate_logicals=0.000000 avg_reverse_aggregate_ops=0.000000 max_backlog=5939 admission_window=65536 completion_outstanding=6483 completion_incomplete=6323 completed_behind_hole=160 completion_logical_full_failures=0 completion_physical_full_failures=0 pressure_yields=181477 stage2_batches=511 avg_stage2_batch_size=7.620352 packing_target_batch=8 packing_admit_queue_avg=1911.679061 packing_admit_queue_max=5916 packing_batch_1_7=49 packing_batch_8=462 packing_assembly_batches=511 packing_assembly_wait_ms=1655447.630691 packing_arrival_interval_us=3467 packing_waited_batches=49 packing_wait_ms=975.893000 packing_target_flushes=462 packing_deadline_flushes=49 packing_cleanup_flushes=0 stage2_phase_search_attempts=468 stage2_phase_search_task_attempts=3550 stage2_phase_search_elapsed_ms=677555.651217 avg_stage2_phase_search_us_per_task=190860.746822 stage2_phase_freeze_prune_attempts=599 stage2_phase_freeze_prune_task_attempts=4587 stage2_phase_freeze_prune_elapsed_ms=28283.190323 avg_stage2_phase_freeze_prune_us_per_task=6165.945133 stage2_phase_reverse_prepare_attempts=464 stage2_phase_reverse_prepare_task_attempts=3518 stage2_phase_reverse_prepare_elapsed_ms=52600.364725 avg_stage2_phase_reverse_prepare_us_per_task=14951.780763 stage2_phase_placement_authority_attempts=463 stage2_phase_placement_authority_task_attempts=3510 stage2_phase_placement_authority_elapsed_ms=17886.407116 avg_stage2_phase_placement_authority_us_per_task=5095.842483 stage2_phase_completion_handoff_attempts=463 stage2_phase_completion_handoff_task_attempts=3510 stage2_phase_completion_handoff_elapsed_ms=1.302436 avg_stage2_phase_completion_handoff_us_per_task=0.371064 stage2_phase_finalize_attempts=463 stage2_phase_finalize_task_attempts=3510 stage2_phase_finalize_elapsed_ms=6.504473 avg_stage2_phase_finalize_us_per_task=1.853126 maintenance_worker_idle_waits=180288 maintenance_worker_idle_ms=189723.742861 maintenance_lost_wake_avoided=44378 maintenance_targeted_wakes=468075 maintenance_generic_wakes=4924 maintenance_broadcast_wakes=0 maintenance_context_slots_scanned=2264000 maintenance_ready_notifications=151454 maintenance_ready_stale_notifications=15 maintenance_ready_tickets_drained=121681 maintenance_ready_overflow_scans=0 maintenance_ready_fallback_scans=141688 stage2_search_lane_lease_limit=32 stage2_search_lane_lease_peak=32 stage2_search_lane_lease_blocked=661 maintenance_worker_observed_idle_ratio=0.677025 maintenance_worker_observed_busy_ratio=0.322975 physical_stage1_items=9857 physical_stage1_total_ns=42726818925 physical_stage1_search_ns=39987089906 physical_stage1_prune_ns=1342026584 physical_stage1_allocate_write_ns=1088994565 physical_stage1_backlink_ns=199841733 physical_stage1_candidates=1260770 physical_stage1_remote_frontier_items=13509922 physical_stage1_neighbors=302818 peer_stage1_enqueued=7608 peer_stage1_processed=7596 peer_stage1_items=15797 avg_peer_stage1_items=2.079647 peer_stage1_rate_per_sec=450.970300 peer_stage1_max_queue=47 peer_stage1_active_workers=3 peer_stage2_home_enqueued=59153 peer_stage2_home_processed=59153 peer_stage2_home_items=7229163 avg_peer_stage2_home_items=122.211266 peer_stage2_home_max_queue=42 peer_stage2_home_response_queue_drops=0 peer_stage2_home_response_send_wait_ms=2577.885982 avg_peer_stage2_home_queue_wait_us=158.830721 avg_peer_stage2_home_execution_us=66.932611 peer_stage1_release_deferred_batches=38 peer_stage1_release_deferred_items=54 peer_stage1_duplicate_retry_responses=0 peer_stage1_admission_retry_responses=0 peer_stage1_retry_response_drops=0 peer_stage1_admission_waiters=0 peer_stage1_admission_waiter_items=0 peer_stage1_admission_owned_items=0 peer_stage1_admission_wake_coverage=0 peer_stage1_admission_parked=0 peer_stage1_admission_woken=0 peer_stage1_admission_reparked=0 peer_stage1_max_admission_waiters=0 peer_stage1_duplicate_coalesced=8 peer_reverse_enqueued=2805 peer_reverse_processed=2794 peer_reverse_remaining=11 peer_reverse_items_enqueued=42493 peer_reverse_items_processed=42322 peer_reverse_rate_per_sec=1208.201876 peer_reverse_failed=6 peer_reverse_max_queue=51 reclaim_pending=94 reclaim_reused=907 dynamic_high_watermark=19991026304 stage2_remaining=5939 cleanup_remaining=0 active_contexts=48 active_context_limit=48 repair_remaining=0 remaining=6323
[STATUS]: storage-owner maintenance observation: enqueued=12627 stage2_enqueued=12627 cleanup_enqueued=0 stage2_tasks_done=4318 stage2_finalized_live=4318 cleanup_processed=0 stale=0 stage2_completion_ratio=0.341966 live_stage2_completion_ratio=0.341966 avg_stage2_delay_ms=6068.300718 p99_stage2_delay_upper_ms=16000.000000 p99_stage2_delay_over_30s=false stage2_delay_histogram=0,0,0,0,0,1,21,14,95,212,269,425,729,349,707,1496,0,0 max_stage2_delay_ms=14745.105779 compaction_batch_target=32 compaction_max_delay_ms=25.000000 stage2_rate_per_sec=107.871615 stage1_search_budget_exhausted=0 stage2_search_budget_exhausted=0 stage2_continuations=4702 stage2_remote_frontier_items=6745398 avg_stage2_remote_frontier=1434.580604 stage2_remote_expansions=216051 avg_stage2_remote_expansions=45.948745 stage2_scored_candidates=12830382 avg_stage2_scored_candidates=2728.707359 stage2_graph_read_waves=48949 avg_stage2_expansions_per_graph_wave=4.413798 stage2_graph_unique_reads=233513 stage2_graph_prefetch_issued=139728 stage2_graph_prefetch_hits=126773 stage2_graph_prefetch_wasted=11895 stage2_graph_prefetch_promotion_ratio=0.914220 stage2_graph_issue_width_current=16 stage2_vector_read_waves=78208 avg_stage2_scores_per_vector_wave=164.054598 stage2_vector_unique_reads=7655239 stage2_home_rpc_batches=61440 stage2_home_rpc_items=6860898 avg_stage2_home_rpc_batch=111.668262 stage2_home_score_rpc_batches=26416 stage2_home_score_rpc_items=6627385 stage2_home_score_rpc_queries=157537 stage2_home_score_rpc_request_bytes=176207884 stage2_home_score_rpc_response_bytes=213182032 avg_stage2_home_score_queries_per_rpc=5.963696 avg_stage2_home_score_rpc_batch=250.885259 stage2_home_scored_neighbors=11803796 home_scores_per_expansion=1.720445 stage2_migrations=1407 home_match_rate=0.674155 stage2_final_edges=150106 stage2_cross_edges_stage1_home=54931 stage2_cross_edges_final_home=20385 cross_edge_reduction_ratio=0.628898 failed=0 rpc_timeouts=0 reverse_aggregate_batches=0 reverse_aggregate_logical_requests=0 reverse_aggregate_ops=0 avg_reverse_aggregate_logicals=0.000000 avg_reverse_aggregate_ops=0.000000 max_backlog=7926 admission_window=65536 completion_outstanding=8557 completion_incomplete=8309 completed_behind_hole=248 completion_logical_full_failures=0 completion_physical_full_failures=0 pressure_yields=228949 stage2_batches=612 avg_stage2_batch_size=7.683007 packing_target_batch=8 packing_admit_queue_avg=2747.834967 packing_admit_queue_max=7926 packing_batch_1_7=49 packing_batch_8=563 packing_assembly_batches=612 packing_assembly_wait_ms=2890844.219194 packing_arrival_interval_us=2169 packing_waited_batches=49 packing_wait_ms=975.893000 packing_target_flushes=563 packing_deadline_flushes=49 packing_cleanup_flushes=0 stage2_phase_search_attempts=573 stage2_phase_search_task_attempts=4390 stage2_phase_search_elapsed_ms=910191.924504 avg_stage2_phase_search_us_per_task=207333.012415 stage2_phase_freeze_prune_attempts=725 stage2_phase_freeze_prune_task_attempts=5595 stage2_phase_freeze_prune_elapsed_ms=37793.252825 avg_stage2_phase_freeze_prune_us_per_task=6754.826242 stage2_phase_reverse_prepare_attempts=567 stage2_phase_reverse_prepare_task_attempts=4342 stage2_phase_reverse_prepare_elapsed_ms=67441.206911 avg_stage2_phase_reverse_prepare_us_per_task=15532.290859 stage2_phase_placement_authority_attempts=564 stage2_phase_placement_authority_task_attempts=4318 stage2_phase_placement_authority_elapsed_ms=24258.387696 avg_stage2_phase_placement_authority_us_per_task=5617.968434 stage2_phase_completion_handoff_attempts=564 stage2_phase_completion_handoff_task_attempts=4318 stage2_phase_completion_handoff_elapsed_ms=1.611981 avg_stage2_phase_completion_handoff_us_per_task=0.373317 stage2_phase_finalize_attempts=564 stage2_phase_finalize_task_attempts=4318 stage2_phase_finalize_elapsed_ms=8.327391 avg_stage2_phase_finalize_us_per_task=1.928530 maintenance_worker_idle_waits=217472 maintenance_worker_idle_ms=203097.353176 maintenance_lost_wake_avoided=54127 maintenance_targeted_wakes=588467 maintenance_generic_wakes=6322 maintenance_broadcast_wakes=0 maintenance_context_slots_scanned=2744688 maintenance_ready_notifications=191281 maintenance_ready_stale_notifications=16 maintenance_ready_tickets_drained=151103 maintenance_ready_overflow_scans=0 maintenance_ready_fallback_scans=171780 stage2_search_lane_lease_limit=32 stage2_search_lane_lease_peak=32 stage2_search_lane_lease_blocked=661 maintenance_worker_observed_idle_ratio=0.634218 maintenance_worker_observed_busy_ratio=0.365782 physical_stage1_items=12643 physical_stage1_total_ns=54388523461 physical_stage1_search_ns=51007977527 physical_stage1_prune_ns=1706227619 physical_stage1_allocate_write_ns=1270818788 physical_stage1_backlink_ns=264836653 physical_stage1_candidates=1617248 physical_stage1_remote_frontier_items=17178645 physical_stage1_neighbors=391155 peer_stage1_enqueued=9851 peer_stage1_processed=9804 peer_stage1_items=20235 avg_peer_stage1_items=2.063953 peer_stage1_rate_per_sec=505.507672 peer_stage1_max_queue=47 peer_stage1_active_workers=3 peer_stage2_home_enqueued=72708 peer_stage2_home_processed=72708 peer_stage2_home_items=8799162 avg_peer_stage2_home_items=121.020548 peer_stage2_home_max_queue=42 peer_stage2_home_response_queue_drops=0 peer_stage2_home_response_send_wait_ms=3302.180150 avg_peer_stage2_home_queue_wait_us=157.720670 avg_peer_stage2_home_execution_us=67.015495 peer_stage1_release_deferred_batches=47 peer_stage1_release_deferred_items=76 peer_stage1_duplicate_retry_responses=0 peer_stage1_admission_retry_responses=0 peer_stage1_retry_response_drops=0 peer_stage1_admission_waiters=0 peer_stage1_admission_waiter_items=0 peer_stage1_admission_owned_items=0 peer_stage1_admission_wake_coverage=0 peer_stage1_admission_parked=0 peer_stage1_admission_woken=0 peer_stage1_admission_reparked=0 peer_stage1_max_admission_waiters=0 peer_stage1_duplicate_coalesced=8 peer_reverse_enqueued=3526 peer_reverse_processed=3519 peer_reverse_remaining=7 peer_reverse_items_enqueued=54038 peer_reverse_items_processed=53827 peer_reverse_rate_per_sec=1344.697873 peer_reverse_failed=6 peer_reverse_max_queue=51 reclaim_pending=43 reclaim_reused=1364 dynamic_high_watermark=19993611456 stage2_remaining=7925 cleanup_remaining=0 active_contexts=48 active_context_limit=48 repair_remaining=0 remaining=8309
[STATUS]: storage-owner maintenance observation: enqueued=15482 stage2_enqueued=15482 cleanup_enqueued=0 stage2_tasks_done=5294 stage2_finalized_live=5294 cleanup_processed=0 stale=0 stage2_completion_ratio=0.341945 live_stage2_completion_ratio=0.341945 avg_stage2_delay_ms=7931.772374 p99_stage2_delay_upper_ms=30000.000000 p99_stage2_delay_over_30s=false stage2_delay_histogram=0,0,0,0,0,1,21,14,95,212,269,425,729,349,707,1936,536,0 max_stage2_delay_ms=18620.181044 compaction_batch_target=32 compaction_max_delay_ms=25.000000 stage2_rate_per_sec=117.568533 stage1_search_budget_exhausted=0 stage2_search_budget_exhausted=0 stage2_continuations=5678 stage2_remote_frontier_items=8067849 avg_stage2_remote_frontier=1420.896266 stage2_remote_expansions=249359 avg_stage2_remote_expansions=43.916696 stage2_scored_candidates=15053484 avg_stage2_scored_candidates=2651.194787 stage2_graph_read_waves=57085 avg_stage2_expansions_per_graph_wave=4.368205 stage2_graph_unique_reads=269906 stage2_graph_prefetch_issued=164688 stage2_graph_prefetch_hits=150251 stage2_graph_prefetch_wasted=13080 stage2_graph_prefetch_promotion_ratio=0.919917 stage2_graph_issue_width_current=16 stage2_vector_read_waves=93778 avg_stage2_scores_per_vector_wave=160.522553 stage2_vector_unique_reads=9144427 stage2_home_rpc_batches=72300 stage2_home_rpc_items=8166967 avg_stage2_home_rpc_batch=112.959433 stage2_home_score_rpc_batches=31484 stage2_home_score_rpc_items=7897089 stage2_home_score_rpc_queries=187216 stage2_home_score_rpc_request_bytes=209929572 stage2_home_score_rpc_response_bytes=254028104 avg_stage2_home_score_queries_per_rpc=5.946385 avg_stage2_home_score_rpc_batch=250.828643 stage2_home_scored_neighbors=13809170 home_scores_per_expansion=1.690857 stage2_migrations=1606 home_match_rate=0.696638 stage2_final_edges=182993 stage2_cross_edges_stage1_home=63830 stage2_cross_edges_final_home=25587 cross_edge_reduction_ratio=0.599138 failed=0 rpc_timeouts=0 reverse_aggregate_batches=0 reverse_aggregate_logical_requests=0 reverse_aggregate_ops=0 avg_reverse_aggregate_logicals=0.000000 avg_reverse_aggregate_ops=0.000000 max_backlog=9806 admission_window=65536 completion_outstanding=10348 completion_incomplete=10188 completed_behind_hole=160 completion_logical_full_failures=0 completion_physical_full_failures=0 pressure_yields=287599 stage2_batches=734 avg_stage2_batch_size=7.735695 packing_target_batch=8 packing_admit_queue_avg=3762.553134 packing_admit_queue_max=9806 packing_batch_1_7=49 packing_batch_8=685 packing_assembly_batches=734 packing_assembly_wait_ms=4793142.069034 packing_arrival_interval_us=2214 packing_waited_batches=49 packing_wait_ms=975.893000 packing_target_flushes=685 packing_deadline_flushes=49 packing_cleanup_flushes=0 stage2_phase_search_attempts=687 stage2_phase_search_task_attempts=5302 stage2_phase_search_elapsed_ms=1107866.198141 avg_stage2_phase_search_us_per_task=208952.508137 stage2_phase_freeze_prune_attempts=880 stage2_phase_freeze_prune_task_attempts=6835 stage2_phase_freeze_prune_elapsed_ms=45325.380508 avg_stage2_phase_freeze_prune_us_per_task=6631.365107 stage2_phase_reverse_prepare_attempts=686 stage2_phase_reverse_prepare_task_attempts=5294 stage2_phase_reverse_prepare_elapsed_ms=86909.182581 avg_stage2_phase_reverse_prepare_us_per_task=16416.543744 stage2_phase_placement_authority_attempts=686 stage2_phase_placement_authority_task_attempts=5294 stage2_phase_placement_authority_elapsed_ms=29337.359867 avg_stage2_phase_placement_authority_us_per_task=5541.624455 stage2_phase_completion_handoff_attempts=686 stage2_phase_completion_handoff_task_attempts=5294 stage2_phase_completion_handoff_elapsed_ms=1.957621 avg_stage2_phase_completion_handoff_us_per_task=0.369781 stage2_phase_finalize_attempts=686 stage2_phase_finalize_task_attempts=5294 stage2_phase_finalize_elapsed_ms=10.076863 avg_stage2_phase_finalize_us_per_task=1.903450 maintenance_worker_idle_waits=264320 maintenance_worker_idle_ms=218294.906060 maintenance_lost_wake_avoided=67857 maintenance_targeted_wakes=719687 maintenance_generic_wakes=7704 maintenance_broadcast_wakes=0 maintenance_context_slots_scanned=3390272 maintenance_ready_notifications=225681 maintenance_ready_stale_notifications=23 maintenance_ready_tickets_drained=179340 maintenance_ready_overflow_scans=0 maintenance_ready_fallback_scans=212198 stage2_search_lane_lease_limit=32 stage2_search_lane_lease_peak=32 stage2_search_lane_lease_blocked=676 maintenance_worker_observed_idle_ratio=0.605983 maintenance_worker_observed_busy_ratio=0.394017 physical_stage1_items=15494 physical_stage1_total_ns=66814100219 physical_stage1_search_ns=62710001064 physical_stage1_prune_ns=2092887219 physical_stage1_allocate_write_ns=1513885627 physical_stage1_backlink_ns=327951376 physical_stage1_candidates=1982015 physical_stage1_remote_frontier_items=20984193 physical_stage1_neighbors=481803 peer_stage1_enqueued=11931 peer_stage1_processed=11907 peer_stage1_items=24926 avg_peer_stage1_items=2.093390 peer_stage1_rate_per_sec=553.553694 peer_stage1_max_queue=47 peer_stage1_active_workers=3 peer_stage2_home_enqueued=87425 peer_stage2_home_processed=87425 peer_stage2_home_items=10443475 avg_peer_stage2_home_items=119.456391 peer_stage2_home_max_queue=42 peer_stage2_home_response_queue_drops=0 peer_stage2_home_response_send_wait_ms=4137.924517 avg_peer_stage2_home_queue_wait_us=166.153036 avg_peer_stage2_home_execution_us=66.633875 peer_stage1_release_deferred_batches=47 peer_stage1_release_deferred_items=76 peer_stage1_duplicate_retry_responses=0 peer_stage1_admission_retry_responses=0 peer_stage1_retry_response_drops=0 peer_stage1_admission_waiters=0 peer_stage1_admission_waiter_items=0 peer_stage1_admission_owned_items=0 peer_stage1_admission_wake_coverage=0 peer_stage1_admission_parked=0 peer_stage1_admission_woken=0 peer_stage1_admission_reparked=0 peer_stage1_max_admission_waiters=0 peer_stage1_duplicate_coalesced=8 peer_reverse_enqueued=4253 peer_reverse_processed=4235 peer_reverse_remaining=18 peer_reverse_items_enqueued=65193 peer_reverse_items_processed=65003 peer_reverse_rate_per_sec=1443.579024 peer_reverse_failed=6 peer_reverse_max_queue=51 reclaim_pending=52 reclaim_reused=1554 dynamic_high_watermark=19996526944 stage2_remaining=9804 cleanup_remaining=0 active_contexts=48 active_context_limit=48 repair_remaining=0 remaining=10188
[STATUS]: storage-owner maintenance observation: enqueued=18694 stage2_enqueued=18694 cleanup_enqueued=0 stage2_tasks_done=6142 stage2_finalized_live=6142 cleanup_processed=0 stale=0 stage2_completion_ratio=0.328555 live_stage2_completion_ratio=0.328555 avg_stage2_delay_ms=9565.342143 p99_stage2_delay_upper_ms=30000.000000 p99_stage2_delay_over_30s=false stage2_delay_histogram=0,0,0,0,0,1,21,14,95,212,269,425,729,349,707,1936,1384,0 max_stage2_delay_ms=21733.369684 compaction_batch_target=32 compaction_max_delay_ms=25.000000 stage2_rate_per_sec=122.768647 stage1_search_budget_exhausted=0 stage2_search_budget_exhausted=0 stage2_continuations=6518 stage2_remote_frontier_items=9176795 avg_stage2_remote_frontier=1407.915772 stage2_remote_expansions=283745 avg_stage2_remote_expansions=43.532525 stage2_scored_candidates=17080997 avg_stage2_scored_candidates=2620.588678 stage2_graph_read_waves=65095 avg_stage2_expansions_per_graph_wave=4.358937 stage2_graph_unique_reads=305082 stage2_graph_prefetch_issued=188402 stage2_graph_prefetch_hits=172742 stage2_graph_prefetch_wasted=14486 stage2_graph_prefetch_promotion_ratio=0.922629 stage2_graph_issue_width_current=16 stage2_vector_read_waves=108286 avg_stage2_scores_per_vector_wave=157.739662 stage2_vector_unique_reads=10440976 stage2_home_rpc_batches=82451 stage2_home_rpc_items=9304579 avg_stage2_home_rpc_batch=112.849802 stage2_home_score_rpc_batches=35904 stage2_home_score_rpc_items=8999497 stage2_home_score_rpc_queries=213341 stage2_home_score_rpc_request_bytes=239252796 stage2_home_score_rpc_response_bytes=289496296 avg_stage2_home_score_queries_per_rpc=5.941984 avg_stage2_home_score_rpc_batch=250.654440 stage2_home_scored_neighbors=15639561 home_scores_per_expansion=1.680846 stage2_migrations=1800 home_match_rate=0.706936 stage2_final_edges=211291 stage2_cross_edges_stage1_home=71935 stage2_cross_edges_final_home=29982 cross_edge_reduction_ratio=0.583207 failed=0 rpc_timeouts=0 reverse_aggregate_batches=0 reverse_aggregate_logical_requests=0 reverse_aggregate_ops=0 avg_reverse_aggregate_logicals=0.000000 avg_reverse_aggregate_ops=0.000000 max_backlog=12176 admission_window=65536 completion_outstanding=12752 completion_incomplete=12552 completed_behind_hole=200 completion_logical_full_failures=0 completion_physical_full_failures=0 pressure_yields=344223 stage2_batches=839 avg_stage2_batch_size=7.768772 packing_target_batch=8 packing_admit_queue_avg=4671.421931 packing_admit_queue_max=12113 packing_batch_1_7=49 packing_batch_8=790 packing_assembly_batches=839 packing_assembly_wait_ms=6800514.034156 packing_arrival_interval_us=1608 packing_waited_batches=49 packing_wait_ms=975.893000 packing_target_flushes=790 packing_deadline_flushes=49 packing_cleanup_flushes=0 stage2_phase_search_attempts=798 stage2_phase_search_task_attempts=6190 stage2_phase_search_elapsed_ms=1309665.388133 avg_stage2_phase_search_us_per_task=211577.607130 stage2_phase_freeze_prune_attempts=1012 stage2_phase_freeze_prune_task_attempts=7891 stage2_phase_freeze_prune_elapsed_ms=53138.702319 avg_stage2_phase_freeze_prune_us_per_task=6734.089763 stage2_phase_reverse_prepare_attempts=793 stage2_phase_reverse_prepare_task_attempts=6150 stage2_phase_reverse_prepare_elapsed_ms=103805.820908 avg_stage2_phase_reverse_prepare_us_per_task=16878.995270 stage2_phase_placement_authority_attempts=792 stage2_phase_placement_authority_task_attempts=6142 stage2_phase_placement_authority_elapsed_ms=34498.782503 avg_stage2_phase_placement_authority_us_per_task=5616.864621 stage2_phase_completion_handoff_attempts=792 stage2_phase_completion_handoff_task_attempts=6142 stage2_phase_completion_handoff_elapsed_ms=2.275858 avg_stage2_phase_completion_handoff_us_per_task=0.370540 stage2_phase_finalize_attempts=792 stage2_phase_finalize_task_attempts=6142 stage2_phase_finalize_elapsed_ms=11.625018 avg_stage2_phase_finalize_us_per_task=1.892709 maintenance_worker_idle_waits=309824 maintenance_worker_idle_ms=233690.516769 maintenance_lost_wake_avoided=81173 maintenance_targeted_wakes=844507 maintenance_generic_wakes=9238 maintenance_broadcast_wakes=0 maintenance_context_slots_scanned=4012496 maintenance_ready_notifications=258621 maintenance_ready_stale_notifications=26 maintenance_ready_tickets_drained=206345 maintenance_ready_overflow_scans=0 maintenance_ready_fallback_scans=251031 stage2_search_lane_lease_limit=32 stage2_search_lane_lease_peak=32 stage2_search_lane_lease_blocked=743 maintenance_worker_observed_idle_ratio=0.583887 maintenance_worker_observed_busy_ratio=0.416113 physical_stage1_items=18704 physical_stage1_total_ns=80513833251 physical_stage1_search_ns=75549032350 physical_stage1_prune_ns=2504717968 physical_stage1_allocate_write_ns=1869455551 physical_stage1_backlink_ns=387295654 physical_stage1_candidates=2392629 physical_stage1_remote_frontier_items=25149837 physical_stage1_neighbors=579532 peer_stage1_enqueued=14165 peer_stage1_processed=14124 peer_stage1_items=29967 avg_peer_stage1_items=2.121708 peer_stage1_rate_per_sec=598.991869 peer_stage1_max_queue=47 peer_stage1_active_workers=3 peer_stage2_home_enqueued=101038 peer_stage2_home_processed=101038 peer_stage2_home_items=11954764 avg_peer_stage2_home_items=118.319484 peer_stage2_home_max_queue=42 peer_stage2_home_response_queue_drops=0 peer_stage2_home_response_send_wait_ms=4914.332529 avg_peer_stage2_home_queue_wait_us=173.019174 avg_peer_stage2_home_execution_us=66.371796 peer_stage1_release_deferred_batches=49 peer_stage1_release_deferred_items=78 peer_stage1_duplicate_retry_responses=0 peer_stage1_admission_retry_responses=0 peer_stage1_retry_response_drops=0 peer_stage1_admission_waiters=0 peer_stage1_admission_waiter_items=0 peer_stage1_admission_owned_items=0 peer_stage1_admission_wake_coverage=0 peer_stage1_admission_parked=0 peer_stage1_admission_woken=0 peer_stage1_admission_reparked=0 peer_stage1_max_admission_waiters=0 peer_stage1_duplicate_coalesced=9 peer_reverse_enqueued=4984 peer_reverse_processed=4984 peer_reverse_remaining=0 peer_reverse_items_enqueued=76400 peer_reverse_items_processed=76400 peer_reverse_rate_per_sec=1527.112450 peer_reverse_failed=7 peer_reverse_max_queue=51 reclaim_pending=28 reclaim_reused=1772 dynamic_high_watermark=19999764832 stage2_remaining=12176 cleanup_remaining=0 active_contexts=47 active_context_limit=48 repair_remaining=0 remaining=12552
[STATUS]: storage-owner maintenance observation: enqueued=21645 stage2_enqueued=21645 cleanup_enqueued=0 stage2_tasks_done=7438 stage2_finalized_live=7438 cleanup_processed=0 stale=0 stage2_completion_ratio=0.343636 live_stage2_completion_ratio=0.343636 avg_stage2_delay_ms=11903.291264 p99_stage2_delay_upper_ms=30000.000000 p99_stage2_delay_over_30s=false stage2_delay_histogram=0,0,0,0,0,1,21,14,95,212,269,425,729,349,707,1936,2680,0 max_stage2_delay_ms=25031.882766 compaction_batch_target=32 compaction_max_delay_ms=25.000000 stage2_rate_per_sec=135.164632 stage1_search_budget_exhausted=0 stage2_search_budget_exhausted=0 stage2_continuations=7822 stage2_remote_frontier_items=10835543 avg_stage2_remote_frontier=1385.265022 stage2_remote_expansions=335128 avg_stage2_remote_expansions=42.844285 stage2_scored_candidates=20183782 avg_stage2_scored_candidates=2580.386346 stage2_graph_read_waves=77898 avg_stage2_expansions_per_graph_wave=4.302139 stage2_graph_unique_reads=359502 stage2_graph_prefetch_issued=224373 stage2_graph_prefetch_hits=206346 stage2_graph_prefetch_wasted=16652 stage2_graph_prefetch_promotion_ratio=0.925327 stage2_graph_issue_width_current=16 stage2_vector_read_waves=131517 avg_stage2_scores_per_vector_wave=153.468996 stage2_vector_unique_reads=12417780 stage2_home_rpc_batches=100336 stage2_home_rpc_items=11032083 avg_stage2_home_rpc_batch=109.951393 stage2_home_score_rpc_batches=42636 stage2_home_score_rpc_items=10672581 stage2_home_score_rpc_queries=252390 stage2_home_score_rpc_request_bytes=283657180 stage2_home_score_rpc_response_bytes=343313368 avg_stage2_home_score_queries_per_rpc=5.919645 avg_stage2_home_score_rpc_batch=250.318534 stage2_home_scored_neighbors=18439479 home_scores_per_expansion=1.671441 stage2_migrations=2105 home_match_rate=0.716994 stage2_final_edges=253816 stage2_cross_edges_stage1_home=84836 stage2_cross_edges_final_home=36620 cross_edge_reduction_ratio=0.568344 failed=0 rpc_timeouts=0 reverse_aggregate_batches=0 reverse_aggregate_logical_requests=0 reverse_aggregate_ops=0 avg_reverse_aggregate_logicals=0.000000 avg_reverse_aggregate_ops=0.000000 max_backlog=13837 admission_window=65536 completion_outstanding=14607 completion_incomplete=14207 completed_behind_hole=400 completion_logical_full_failures=0 completion_physical_full_failures=0 pressure_yields=411231 stage2_batches=1002 avg_stage2_batch_size=7.806387 packing_target_batch=8 packing_admit_queue_avg=6053.690619 packing_admit_queue_max=13837 packing_batch_1_7=49 packing_batch_8=953 packing_assembly_batches=1002 packing_assembly_wait_ms=10457976.649270 packing_arrival_interval_us=2862 packing_waited_batches=49 packing_wait_ms=975.893000 packing_target_flushes=953 packing_deadline_flushes=49 packing_cleanup_flushes=0 stage2_phase_search_attempts=959 stage2_phase_search_task_attempts=7478 stage2_phase_search_elapsed_ms=1525471.779475 avg_stage2_phase_search_us_per_task=203994.621486 stage2_phase_freeze_prune_attempts=1218 stage2_phase_freeze_prune_task_attempts=9539 stage2_phase_freeze_prune_elapsed_ms=60412.523051 avg_stage2_phase_freeze_prune_us_per_task=6333.213445 stage2_phase_reverse_prepare_attempts=956 stage2_phase_reverse_prepare_task_attempts=7454 stage2_phase_reverse_prepare_elapsed_ms=121535.245743 avg_stage2_phase_reverse_prepare_us_per_task=16304.701602 stage2_phase_placement_authority_attempts=954 stage2_phase_placement_authority_task_attempts=7438 stage2_phase_placement_authority_elapsed_ms=42588.881153 avg_stage2_phase_placement_authority_us_per_task=5725.851190 stage2_phase_completion_handoff_attempts=954 stage2_phase_completion_handoff_task_attempts=7438 stage2_phase_completion_handoff_elapsed_ms=2.736842 avg_stage2_phase_completion_handoff_us_per_task=0.367954 stage2_phase_finalize_attempts=954 stage2_phase_finalize_task_attempts=7438 stage2_phase_finalize_elapsed_ms=13.934646 avg_stage2_phase_finalize_us_per_task=1.873440 maintenance_worker_idle_waits=361344 maintenance_worker_idle_ms=247657.569916 maintenance_lost_wake_avoided=95521 maintenance_targeted_wakes=999073 maintenance_generic_wakes=10575 maintenance_broadcast_wakes=0 maintenance_context_slots_scanned=4668144 maintenance_ready_notifications=310275 maintenance_ready_stale_notifications=28 maintenance_ready_tickets_drained=248905 maintenance_ready_overflow_scans=0 maintenance_ready_fallback_scans=292000 stage2_search_lane_lease_limit=32 stage2_search_lane_lease_peak=32 stage2_search_lane_lease_blocked=1198 maintenance_worker_observed_idle_ratio=0.562560 maintenance_worker_observed_busy_ratio=0.437440 physical_stage1_items=21662 physical_stage1_total_ns=92949576927 physical_stage1_search_ns=87089644736 physical_stage1_prune_ns=2902113275 physical_stage1_allocate_write_ns=2272450828 physical_stage1_backlink_ns=448200919 physical_stage1_candidates=2770865 physical_stage1_remote_frontier_items=28991729 physical_stage1_neighbors=667501 peer_stage1_enqueued=16218 peer_stage1_processed=16217 peer_stage1_items=34826 avg_peer_stage1_items=2.147500 peer_stage1_rate_per_sec=632.864138 peer_stage1_max_queue=47 peer_stage1_active_workers=1 peer_stage2_home_enqueued=118219 peer_stage2_home_processed=118219 peer_stage2_home_items=13914821 avg_peer_stage2_home_items=117.703762 peer_stage2_home_max_queue=42 peer_stage2_home_response_queue_drops=0 peer_stage2_home_response_send_wait_ms=5570.402779 avg_peer_stage2_home_queue_wait_us=167.768778 avg_peer_stage2_home_execution_us=66.838635 peer_stage1_release_deferred_batches=64 peer_stage1_release_deferred_items=103 peer_stage1_duplicate_retry_responses=0 peer_stage1_admission_retry_responses=0 peer_stage1_retry_response_drops=0 peer_stage1_admission_waiters=0 peer_stage1_admission_waiter_items=0 peer_stage1_admission_owned_items=0 peer_stage1_admission_wake_coverage=0 peer_stage1_admission_parked=0 peer_stage1_admission_woken=0 peer_stage1_admission_reparked=0 peer_stage1_max_admission_waiters=0 peer_stage1_duplicate_coalesced=14 peer_reverse_enqueued=5875 peer_reverse_processed=5872 peer_reverse_remaining=3 peer_reverse_items_enqueued=90278 peer_reverse_items_processed=90250 peer_reverse_rate_per_sec=1640.038720 peer_reverse_failed=8 peer_reverse_max_queue=51 reclaim_pending=68 reclaim_reused=2037 dynamic_high_watermark=20002773568 stage2_remaining=13823 cleanup_remaining=0 active_contexts=48 active_context_limit=48 repair_remaining=0 remaining=14207
[STATUS]: storage-owner maintenance observation: enqueued=23086 stage2_enqueued=23086 cleanup_enqueued=0 stage2_tasks_done=8462 stage2_finalized_live=8462 cleanup_processed=0 stale=0 stage2_completion_ratio=0.366542 live_stage2_completion_ratio=0.366542 avg_stage2_delay_ms=13652.432329 p99_stage2_delay_upper_ms=30000.000000 p99_stage2_delay_over_30s=false stage2_delay_histogram=0,0,0,0,0,1,21,14,95,212,269,425,729,349,707,1936,3704,0 max_stage2_delay_ms=28318.964149 compaction_batch_target=32 compaction_max_delay_ms=25.000000 stage2_rate_per_sec=140.964187 stage1_search_budget_exhausted=0 stage2_search_budget_exhausted=0 stage2_continuations=8846 stage2_remote_frontier_items=12235617 avg_stage2_remote_frontier=1383.180760 stage2_remote_expansions=380514 avg_stage2_remote_expansions=43.015374 stage2_scored_candidates=22744783 avg_stage2_scored_candidates=2571.194099 stage2_graph_read_waves=87939 avg_stage2_expansions_per_graph_wave=4.327022 stage2_graph_unique_reads=405819 stage2_graph_prefetch_issued=255818 stage2_graph_prefetch_hits=235902 stage2_graph_prefetch_wasted=18429 stage2_graph_prefetch_promotion_ratio=0.927539 stage2_graph_issue_width_current=16 stage2_vector_read_waves=149994 avg_stage2_scores_per_vector_wave=151.637952 stage2_vector_unique_reads=14068340 stage2_home_rpc_batches=112860 stage2_home_rpc_items=12487019 avg_stage2_home_rpc_batch=110.641671 stage2_home_score_rpc_batches=48293 stage2_home_score_rpc_items=12081200 stage2_home_score_rpc_queries=286018 stage2_home_score_rpc_request_bytes=321164264 stage2_home_score_rpc_response_bytes=388637992 avg_stage2_home_score_queries_per_rpc=5.922556 avg_stage2_home_score_rpc_batch=250.164620 stage2_home_scored_neighbors=20757833 home_scores_per_expansion=1.662353 stage2_migrations=2378 home_match_rate=0.718979 stage2_final_edges=287217 stage2_cross_edges_stage1_home=95607 stage2_cross_edges_final_home=42370 cross_edge_reduction_ratio=0.556832 failed=0 rpc_timeouts=0 reverse_aggregate_batches=0 reverse_aggregate_logical_requests=0 reverse_aggregate_ops=0 avg_reverse_aggregate_logicals=0.000000 avg_reverse_aggregate_ops=0.000000 max_backlog=14288 admission_window=65536 completion_outstanding=14744 completion_incomplete=14624 completed_behind_hole=120 completion_logical_full_failures=0 completion_physical_full_failures=0 pressure_yields=477470 stage2_batches=1130 avg_stage2_batch_size=7.828319 packing_target_batch=8 packing_admit_queue_avg=6971.687611 packing_admit_queue_max=14288 packing_batch_1_7=49 packing_batch_8=1081 packing_assembly_batches=1130 packing_assembly_wait_ms=13738239.784501 packing_arrival_interval_us=4216 packing_waited_batches=49 packing_wait_ms=975.893000 packing_target_flushes=1081 packing_deadline_flushes=49 packing_cleanup_flushes=0 stage2_phase_search_attempts=1088 stage2_phase_search_task_attempts=8510 stage2_phase_search_elapsed_ms=1744013.395629 avg_stage2_phase_search_us_per_task=204936.944257 stage2_phase_freeze_prune_attempts=1392 stage2_phase_freeze_prune_task_attempts=10931 stage2_phase_freeze_prune_elapsed_ms=68975.482216 avg_stage2_phase_freeze_prune_us_per_task=6310.079793 stage2_phase_reverse_prepare_attempts=1082 stage2_phase_reverse_prepare_task_attempts=8462 stage2_phase_reverse_prepare_elapsed_ms=136702.068748 avg_stage2_phase_reverse_prepare_us_per_task=16154.817862 stage2_phase_placement_authority_attempts=1082 stage2_phase_placement_authority_task_attempts=8462 stage2_phase_placement_authority_elapsed_ms=48271.111318 avg_stage2_phase_placement_authority_us_per_task=5704.456549 stage2_phase_completion_handoff_attempts=1082 stage2_phase_completion_handoff_task_attempts=8462 stage2_phase_completion_handoff_elapsed_ms=3.127942 avg_stage2_phase_completion_handoff_us_per_task=0.369646 stage2_phase_finalize_attempts=1082 stage2_phase_finalize_task_attempts=8462 stage2_phase_finalize_elapsed_ms=15.970893 avg_stage2_phase_finalize_us_per_task=1.887366 maintenance_worker_idle_waits=413824 maintenance_worker_idle_ms=261649.583714 maintenance_lost_wake_avoided=109931 maintenance_targeted_wakes=1147819 maintenance_generic_wakes=11469 maintenance_broadcast_wakes=0 maintenance_context_slots_scanned=5375712 maintenance_ready_notifications=351958 maintenance_ready_stale_notifications=29 maintenance_ready_tickets_drained=283094 maintenance_ready_overflow_scans=0 maintenance_ready_fallback_scans=336163 stage2_search_lane_lease_limit=32 stage2_search_lane_lease_peak=32 stage2_search_lane_lease_blocked=1362 maintenance_worker_observed_idle_ratio=0.544836 maintenance_worker_observed_busy_ratio=0.455164 physical_stage1_items=23093 physical_stage1_total_ns=100400485128 physical_stage1_search_ns=94177421488 physical_stage1_prune_ns=3118160676 physical_stage1_allocate_write_ns=2370320333 physical_stage1_backlink_ns=479125714 physical_stage1_candidates=2953880 physical_stage1_remote_frontier_items=30891853 physical_stage1_neighbors=714447 peer_stage1_enqueued=17697 peer_stage1_processed=17695 peer_stage1_items=37119 avg_peer_stage1_items=2.097711 peer_stage1_rate_per_sec=618.346688 peer_stage1_max_queue=47 peer_stage1_active_workers=2 peer_stage2_home_enqueued=135961 peer_stage2_home_processed=135961 peer_stage2_home_items=15719552 avg_peer_stage2_home_items=115.618096 peer_stage2_home_max_queue=42 peer_stage2_home_response_queue_drops=0 peer_stage2_home_response_send_wait_ms=6213.476806 avg_peer_stage2_home_queue_wait_us=157.556237 avg_peer_stage2_home_execution_us=67.290494 peer_stage1_release_deferred_batches=82 peer_stage1_release_deferred_items=132 peer_stage1_duplicate_retry_responses=0 peer_stage1_admission_retry_responses=0 peer_stage1_retry_response_drops=0 peer_stage1_admission_waiters=0 peer_stage1_admission_waiter_items=0 peer_stage1_admission_owned_items=0 peer_stage1_admission_wake_coverage=0 peer_stage1_admission_parked=0 peer_stage1_admission_woken=0 peer_stage1_admission_reparked=0 peer_stage1_max_admission_waiters=0 peer_stage1_duplicate_coalesced=21 peer_reverse_enqueued=6746 peer_reverse_processed=6745 peer_reverse_remaining=1 peer_reverse_items_enqueued=105172 peer_reverse_items_processed=105159 peer_reverse_rate_per_sec=1751.790709 peer_reverse_failed=8 peer_reverse_max_queue=51 reclaim_pending=42 reclaim_reused=2336 dynamic_high_watermark=20004283392 stage2_remaining=14240 cleanup_remaining=0 active_contexts=48 active_context_limit=48 repair_remaining=0 remaining=14624
[STATUS]: storage-owner maintenance observation: enqueued=24562 stage2_enqueued=24562 cleanup_enqueued=0 stage2_tasks_done=9558 stage2_finalized_live=9558 cleanup_processed=0 stale=0 stage2_completion_ratio=0.389138 live_stage2_completion_ratio=0.389138 avg_stage2_delay_ms=15412.731264 p99_stage2_delay_upper_ms=30000.000000 p99_stage2_delay_over_30s=true stage2_delay_histogram=0,0,0,0,0,1,21,14,95,212,269,425,729,349,707,1936,4680,120 max_stage2_delay_ms=30892.921135 compaction_batch_target=32 compaction_max_delay_ms=25.000000 stage2_rate_per_sec=146.976274 stage1_search_budget_exhausted=0 stage2_search_budget_exhausted=0 stage2_continuations=9942 stage2_remote_frontier_items=13620081 avg_stage2_remote_frontier=1369.953832 stage2_remote_expansions=423928 avg_stage2_remote_expansions=42.640113 stage2_scored_candidates=25279147 avg_stage2_scored_candidates=2542.662140 stage2_graph_read_waves=98259 avg_stage2_expansions_per_graph_wave=4.314394 stage2_graph_unique_reads=450576 stage2_graph_prefetch_issued=286128 stage2_graph_prefetch_hits=264816 stage2_graph_prefetch_wasted=20139 stage2_graph_prefetch_promotion_ratio=0.929326 stage2_graph_issue_width_current=16 stage2_vector_read_waves=169254 avg_stage2_scores_per_vector_wave=149.356275 stage2_vector_unique_reads=15698576 stage2_home_rpc_batches=125914 stage2_home_rpc_items=13913894 avg_stage2_home_rpc_batch=110.503153 stage2_home_score_rpc_batches=53850 stage2_home_score_rpc_items=13463319 stage2_home_score_rpc_queries=318800 stage2_home_score_rpc_request_bytes=357932820 stage2_home_score_rpc_response_bytes=433106512 avg_stage2_home_score_queries_per_rpc=5.920149 avg_stage2_home_score_rpc_batch=250.015209 stage2_home_scored_neighbors=23043542 home_scores_per_expansion=1.656153 stage2_migrations=2620 home_match_rate=0.725884 stage2_final_edges=324394 stage2_cross_edges_stage1_home=106311 stage2_cross_edges_final_home=48240 cross_edge_reduction_ratio=0.546237 failed=0 rpc_timeouts=0 reverse_aggregate_batches=0 reverse_aggregate_logical_requests=0 reverse_aggregate_ops=0 avg_reverse_aggregate_logicals=0.000000 avg_reverse_aggregate_ops=0.000000 max_backlog=14629 admission_window=65536 completion_outstanding=15356 completion_incomplete=15004 completed_behind_hole=352 completion_logical_full_failures=0 completion_physical_full_failures=0 pressure_yields=543792 stage2_batches=1267 avg_stage2_batch_size=7.846882 packing_target_batch=8 packing_admit_queue_avg=7770.056038 packing_admit_queue_max=14629 packing_batch_1_7=49 packing_batch_8=1218 packing_assembly_batches=1267 packing_assembly_wait_ms=17611810.051703 packing_arrival_interval_us=5787 packing_waited_batches=49 packing_wait_ms=975.893000 packing_target_flushes=1218 packing_deadline_flushes=49 packing_cleanup_flushes=0 stage2_phase_search_attempts=1231 stage2_phase_search_task_attempts=9654 stage2_phase_search_elapsed_ms=1949204.035501 avg_stage2_phase_search_us_per_task=201906.363735 stage2_phase_freeze_prune_attempts=1573 stage2_phase_freeze_prune_task_attempts=12379 stage2_phase_freeze_prune_elapsed_ms=77250.456539 avg_stage2_phase_freeze_prune_us_per_task=6240.444021 stage2_phase_reverse_prepare_attempts=1223 stage2_phase_reverse_prepare_task_attempts=9590 stage2_phase_reverse_prepare_elapsed_ms=153868.394381 avg_stage2_phase_reverse_prepare_us_per_task=16044.670947 stage2_phase_placement_authority_attempts=1219 stage2_phase_placement_authority_task_attempts=9558 stage2_phase_placement_authority_elapsed_ms=54148.038866 avg_stage2_phase_placement_authority_us_per_task=5665.205991 stage2_phase_completion_handoff_attempts=1219 stage2_phase_completion_handoff_task_attempts=9558 stage2_phase_completion_handoff_elapsed_ms=3.526966 avg_stage2_phase_completion_handoff_us_per_task=0.369007 stage2_phase_finalize_attempts=1219 stage2_phase_finalize_task_attempts=9558 stage2_phase_finalize_elapsed_ms=17.981838 avg_stage2_phase_finalize_us_per_task=1.881339 maintenance_worker_idle_waits=465856 maintenance_worker_idle_ms=275431.169437 maintenance_lost_wake_avoided=124297 maintenance_targeted_wakes=1293890 maintenance_generic_wakes=12398 maintenance_broadcast_wakes=0 maintenance_context_slots_scanned=6066368 maintenance_ready_notifications=394571 maintenance_ready_stale_notifications=34 maintenance_ready_tickets_drained=318006 maintenance_ready_overflow_scans=0 maintenance_ready_fallback_scans=379251 stage2_search_lane_lease_limit=32 stage2_search_lane_lease_peak=32 stage2_search_lane_lease_blocked=1362 maintenance_worker_observed_idle_ratio=0.529424 maintenance_worker_observed_busy_ratio=0.470576 physical_stage1_items=24569 physical_stage1_total_ns=107687023451 physical_stage1_search_ns=101081651269 physical_stage1_prune_ns=3347614548 physical_stage1_allocate_write_ns=2467972967 physical_stage1_backlink_ns=514936542 physical_stage1_candidates=3142705 physical_stage1_remote_frontier_items=32968338 physical_stage1_neighbors=763679 peer_stage1_enqueued=19245 peer_stage1_processed=19245 peer_stage1_items=39506 avg_peer_stage1_items=2.052793 peer_stage1_rate_per_sec=607.495782 peer_stage1_max_queue=47 peer_stage1_active_workers=1 peer_stage2_home_enqueued=153147 peer_stage2_home_processed=153146 peer_stage2_home_items=17519952 avg_peer_stage2_home_items=114.400324 peer_stage2_home_max_queue=42 peer_stage2_home_response_queue_drops=0 peer_stage2_home_response_send_wait_ms=6814.481131 avg_peer_stage2_home_queue_wait_us=149.676351 avg_peer_stage2_home_execution_us=67.626099 peer_stage1_release_deferred_batches=90 peer_stage1_release_deferred_items=149 peer_stage1_duplicate_retry_responses=0 peer_stage1_admission_retry_responses=0 peer_stage1_retry_response_drops=0 peer_stage1_admission_waiters=0 peer_stage1_admission_waiter_items=0 peer_stage1_admission_owned_items=0 peer_stage1_admission_wake_coverage=0 peer_stage1_admission_parked=0 peer_stage1_admission_woken=0 peer_stage1_admission_reparked=0 peer_stage1_max_admission_waiters=0 peer_stage1_duplicate_coalesced=23 peer_reverse_enqueued=7582 peer_reverse_processed=7582 peer_reverse_remaining=0 peer_reverse_items_enqueued=118993 peer_reverse_items_processed=118993 peer_reverse_rate_per_sec=1829.791567 peer_reverse_failed=8 peer_reverse_max_queue=51 reclaim_pending=62 reclaim_reused=2558 dynamic_high_watermark=20005873568 stage2_remaining=14620 cleanup_remaining=0 active_contexts=48 active_context_limit=48 repair_remaining=0 remaining=15004
[STATUS]: storage-owner maintenance observation: enqueued=26244 stage2_enqueued=26244 cleanup_enqueued=0 stage2_tasks_done=10590 stage2_finalized_live=10590 cleanup_processed=0 stale=0 stage2_completion_ratio=0.403521 live_stage2_completion_ratio=0.403521 avg_stage2_delay_ms=17028.885233 p99_stage2_delay_upper_ms=30000.000000 p99_stage2_delay_over_30s=true stage2_delay_histogram=0,0,0,0,0,1,21,14,95,212,269,425,729,349,707,1936,4680,1152 max_stage2_delay_ms=34010.280332 compaction_batch_target=32 compaction_max_delay_ms=25.000000 stage2_rate_per_sec=151.218880 stage1_search_budget_exhausted=0 stage2_search_budget_exhausted=0 stage2_continuations=10966 stage2_remote_frontier_items=15017164 avg_stage2_remote_frontier=1369.429509 stage2_remote_expansions=461579 avg_stage2_remote_expansions=42.091829 stage2_scored_candidates=27632904 avg_stage2_scored_candidates=2519.870874 stage2_graph_read_waves=106760 avg_stage2_expansions_per_graph_wave=4.323520 stage2_graph_unique_reads=489716 stage2_graph_prefetch_issued=313315 stage2_graph_prefetch_hits=290632 stage2_graph_prefetch_wasted=21449 stage2_graph_prefetch_promotion_ratio=0.931271 stage2_graph_issue_width_current=16 stage2_vector_read_waves=185952 avg_stage2_scores_per_vector_wave=148.602349 stage2_vector_unique_reads=17258450 stage2_home_rpc_batches=137276 stage2_home_rpc_items=15300768 avg_stage2_home_rpc_batch=111.459891 stage2_home_score_rpc_batches=59260 stage2_home_score_rpc_items=14811056 stage2_home_score_rpc_queries=351349 stage2_home_score_rpc_request_bytes=393848340 stage2_home_score_rpc_response_bytes=476469488 avg_stage2_home_score_queries_per_rpc=5.928940 avg_stage2_home_score_rpc_batch=249.933446 stage2_home_scored_neighbors=25185014 home_scores_per_expansion=1.645997 stage2_migrations=2854 home_match_rate=0.730500 stage2_final_edges=359743 stage2_cross_edges_stage1_home=116294 stage2_cross_edges_final_home=53688 cross_edge_reduction_ratio=0.538342 failed=0 rpc_timeouts=0 reverse_aggregate_batches=0 reverse_aggregate_logical_requests=0 reverse_aggregate_ops=0 avg_reverse_aggregate_logicals=0.000000 avg_reverse_aggregate_ops=0.000000 max_backlog=15287 admission_window=65536 completion_outstanding=15990 completion_incomplete=15654 completed_behind_hole=336 completion_logical_full_failures=0 completion_physical_full_failures=0 pressure_yields=602334 stage2_batches=1395 avg_stage2_batch_size=7.860932 packing_target_batch=8 packing_admit_queue_avg=8432.447312 packing_admit_queue_max=15287 packing_batch_1_7=49 packing_batch_8=1346 packing_assembly_batches=1395 packing_assembly_wait_ms=21603345.420075 packing_arrival_interval_us=5620 packing_waited_batches=49 packing_wait_ms=975.893000 packing_target_flushes=1346 packing_deadline_flushes=49 packing_cleanup_flushes=0 stage2_phase_search_attempts=1354 stage2_phase_search_task_attempts=10638 stage2_phase_search_elapsed_ms=2154030.791804 avg_stage2_phase_search_us_per_task=202484.563997 stage2_phase_freeze_prune_attempts=1739 stage2_phase_freeze_prune_task_attempts=13707 stage2_phase_freeze_prune_elapsed_ms=85670.869628 avg_stage2_phase_freeze_prune_us_per_task=6250.154638 stage2_phase_reverse_prepare_attempts=1349 stage2_phase_reverse_prepare_task_attempts=10598 stage2_phase_reverse_prepare_elapsed_ms=171247.868592 avg_stage2_phase_reverse_prepare_us_per_task=16158.508076 stage2_phase_placement_authority_attempts=1348 stage2_phase_placement_authority_task_attempts=10590 stage2_phase_placement_authority_elapsed_ms=59742.256805 avg_stage2_phase_placement_authority_us_per_task=5641.384023 stage2_phase_completion_handoff_attempts=1348 stage2_phase_completion_handoff_task_attempts=10590 stage2_phase_completion_handoff_elapsed_ms=3.921851 avg_stage2_phase_completion_handoff_us_per_task=0.370335 stage2_phase_finalize_attempts=1348 stage2_phase_finalize_task_attempts=10590 stage2_phase_finalize_elapsed_ms=20.118085 avg_stage2_phase_finalize_us_per_task=1.899725 maintenance_worker_idle_waits=511872 maintenance_worker_idle_ms=289510.783987 maintenance_lost_wake_avoided=136956 maintenance_targeted_wakes=1423597 maintenance_generic_wakes=13381 maintenance_broadcast_wakes=0 maintenance_context_slots_scanned=6685904 maintenance_ready_notifications=431828 maintenance_ready_stale_notifications=38 maintenance_ready_tickets_drained=348238 maintenance_ready_overflow_scans=0 maintenance_ready_fallback_scans=418082 stage2_search_lane_lease_limit=32 stage2_search_lane_lease_peak=32 stage2_search_lane_lease_blocked=1362 maintenance_worker_observed_idle_ratio=0.516755 maintenance_worker_observed_busy_ratio=0.483245 physical_stage1_items=26260 physical_stage1_total_ns=115644464805 physical_stage1_search_ns=108634895381 physical_stage1_prune_ns=3596243691 physical_stage1_allocate_write_ns=2567463530 physical_stage1_backlink_ns=550313641 physical_stage1_candidates=3358981 physical_stage1_remote_frontier_items=35513451 physical_stage1_neighbors=820725 peer_stage1_enqueued=20908 peer_stage1_processed=20906 peer_stage1_items=42239 avg_peer_stage1_items=2.020425 peer_stage1_rate_per_sec=603.147712 peer_stage1_max_queue=47 peer_stage1_active_workers=2 peer_stage2_home_enqueued=170764 peer_stage2_home_processed=170764 peer_stage2_home_items=19341359 avg_peer_stage2_home_items=113.263680 peer_stage2_home_max_queue=42 peer_stage2_home_response_queue_drops=0 peer_stage2_home_response_send_wait_ms=7557.138906 avg_peer_stage2_home_queue_wait_us=146.460942 avg_peer_stage2_home_execution_us=67.835523 peer_stage1_release_deferred_batches=99 peer_stage1_release_deferred_items=162 peer_stage1_duplicate_retry_responses=0 peer_stage1_admission_retry_responses=0 peer_stage1_retry_response_drops=0 peer_stage1_admission_waiters=0 peer_stage1_admission_waiter_items=0 peer_stage1_admission_owned_items=0 peer_stage1_admission_wake_coverage=0 peer_stage1_admission_parked=0 peer_stage1_admission_woken=0 peer_stage1_admission_reparked=0 peer_stage1_max_admission_waiters=0 peer_stage1_duplicate_coalesced=27 peer_reverse_enqueued=8407 peer_reverse_processed=8388 peer_reverse_remaining=19 peer_reverse_items_enqueued=133571 peer_reverse_items_processed=133361 peer_reverse_rate_per_sec=1904.315489 peer_reverse_failed=8 peer_reverse_max_queue=51 reclaim_pending=72 reclaim_reused=2782 dynamic_high_watermark=20007694880 stage2_remaining=15278 cleanup_remaining=0 active_contexts=47 active_context_limit=48 repair_remaining=0 remaining=15654
[STATUS]: storage-owner maintenance observation: enqueued=26921 stage2_enqueued=26921 cleanup_enqueued=0 stage2_tasks_done=12030 stage2_finalized_live=12030 cleanup_processed=0 stale=0 stage2_completion_ratio=0.446863 live_stage2_completion_ratio=0.446863 avg_stage2_delay_ms=19111.338632 p99_stage2_delay_upper_ms=30000.000000 p99_stage2_delay_over_30s=true stage2_delay_histogram=0,0,0,0,0,1,21,14,95,212,269,425,729,349,707,1936,4680,2592 max_stage2_delay_ms=36157.022509 compaction_batch_target=32 compaction_max_delay_ms=25.000000 stage2_rate_per_sec=160.332432 stage1_search_budget_exhausted=0 stage2_search_budget_exhausted=0 stage2_continuations=12414 stage2_remote_frontier_items=16874354 avg_stage2_remote_frontier=1359.300306 stage2_remote_expansions=515450 avg_stage2_remote_expansions=41.521669 stage2_scored_candidates=31032568 avg_stage2_scored_candidates=2499.804092 stage2_graph_read_waves=119693 avg_stage2_expansions_per_graph_wave=4.306434 stage2_graph_unique_reads=546166 stage2_graph_prefetch_issued=351752 stage2_graph_prefetch_hits=326883 stage2_graph_prefetch_wasted=23609 stage2_graph_prefetch_promotion_ratio=0.932640 stage2_graph_issue_width_current=16 stage2_vector_read_waves=210453 avg_stage2_scores_per_vector_wave=147.456050 stage2_vector_unique_reads=19450146 stage2_home_rpc_batches=153074 stage2_home_rpc_items=17228073 avg_stage2_home_rpc_batch=112.547350 stage2_home_score_rpc_batches=66812 stage2_home_score_rpc_items=16681936 stage2_home_score_rpc_queries=395167 stage2_home_score_rpc_request_bytes=443581248 stage2_home_score_rpc_response_bytes=536669984 avg_stage2_home_score_queries_per_rpc=5.914611 avg_stage2_home_score_rpc_batch=249.684727 stage2_home_scored_neighbors=28267193 home_scores_per_expansion=1.640763 stage2_migrations=3160 home_match_rate=0.737323 stage2_final_edges=409219 stage2_cross_edges_stage1_home=130545 stage2_cross_edges_final_home=61371 cross_edge_reduction_ratio=0.529886 failed=0 rpc_timeouts=0 reverse_aggregate_batches=0 reverse_aggregate_logical_requests=0 reverse_aggregate_ops=0 avg_reverse_aggregate_logicals=0.000000 avg_reverse_aggregate_ops=0.000000 max_backlog=15287 admission_window=65536 completion_outstanding=15123 completion_incomplete=14891 completed_behind_hole=232 completion_logical_full_failures=0 completion_physical_full_failures=0 pressure_yields=687381 stage2_batches=1576 avg_stage2_batch_size=7.876904 packing_target_batch=8 packing_admit_queue_avg=9156.616751 packing_admit_queue_max=15287 packing_batch_1_7=49 packing_batch_8=1527 packing_assembly_batches=1576 packing_assembly_wait_ms=27716766.872523 packing_arrival_interval_us=2364 packing_waited_batches=49 packing_wait_ms=975.893000 packing_target_flushes=1527 packing_deadline_flushes=49 packing_cleanup_flushes=0 stage2_phase_search_attempts=1534 stage2_phase_search_task_attempts=12078 stage2_phase_search_elapsed_ms=2368682.144711 avg_stage2_phase_search_us_per_task=196115.428441 stage2_phase_freeze_prune_attempts=1986 stage2_phase_freeze_prune_task_attempts=15683 stage2_phase_freeze_prune_elapsed_ms=92407.109291 avg_stage2_phase_freeze_prune_us_per_task=5892.183211 stage2_phase_reverse_prepare_attempts=1529 stage2_phase_reverse_prepare_task_attempts=12038 stage2_phase_reverse_prepare_elapsed_ms=185795.103947 avg_stage2_phase_reverse_prepare_us_per_task=15434.050835 stage2_phase_placement_authority_attempts=1528 stage2_phase_placement_authority_task_attempts=12030 stage2_phase_placement_authority_elapsed_ms=62918.563233 avg_stage2_phase_placement_authority_us_per_task=5230.138257 stage2_phase_completion_handoff_attempts=1528 stage2_phase_completion_handoff_task_attempts=12030 stage2_phase_completion_handoff_elapsed_ms=4.422190 avg_stage2_phase_completion_handoff_us_per_task=0.367597 stage2_phase_finalize_attempts=1528 stage2_phase_finalize_task_attempts=12030 stage2_phase_finalize_elapsed_ms=22.759017 avg_stage2_phase_finalize_us_per_task=1.891855 maintenance_worker_idle_waits=578432 maintenance_worker_idle_ms=303482.398882 maintenance_lost_wake_avoided=156361 maintenance_targeted_wakes=1619321 maintenance_generic_wakes=13812 maintenance_broadcast_wakes=0 maintenance_context_slots_scanned=7584080 maintenance_ready_notifications=486829 maintenance_ready_stale_notifications=43 maintenance_ready_tickets_drained=392694 maintenance_ready_overflow_scans=0 maintenance_ready_fallback_scans=474252 stage2_search_lane_lease_limit=32 stage2_search_lane_lease_peak=32 stage2_search_lane_lease_blocked=1362 maintenance_worker_observed_idle_ratio=0.505591 maintenance_worker_observed_busy_ratio=0.494409 physical_stage1_items=26942 physical_stage1_total_ns=119259285682 physical_stage1_search_ns=112050198399 physical_stage1_prune_ns=3705565959 physical_stage1_allocate_write_ns=2632621201 physical_stage1_backlink_ns=566246092 physical_stage1_candidates=3446228 physical_stage1_remote_frontier_items=36558547 physical_stage1_neighbors=843290 peer_stage1_enqueued=21601 peer_stage1_processed=21596 peer_stage1_items=43284 avg_peer_stage1_items=2.004260 peer_stage1_rate_per_sec=576.876891 peer_stage1_max_queue=47 peer_stage1_active_workers=3 peer_stage2_home_enqueued=192018 peer_stage2_home_processed=192018 peer_stage2_home_items=21563902 avg_peer_stage2_home_items=112.301461 peer_stage2_home_max_queue=42 peer_stage2_home_response_queue_drops=0 peer_stage2_home_response_send_wait_ms=8355.185718 avg_peer_stage2_home_queue_wait_us=137.185997 avg_peer_stage2_home_execution_us=68.692739 peer_stage1_release_deferred_batches=100 peer_stage1_release_deferred_items=163 peer_stage1_duplicate_retry_responses=0 peer_stage1_admission_retry_responses=0 peer_stage1_retry_response_drops=0 peer_stage1_admission_waiters=0 peer_stage1_admission_waiter_items=0 peer_stage1_admission_owned_items=0 peer_stage1_admission_wake_coverage=0 peer_stage1_admission_parked=0 peer_stage1_admission_woken=0 peer_stage1_admission_reparked=0 peer_stage1_max_admission_waiters=0 peer_stage1_duplicate_coalesced=28 peer_reverse_enqueued=9310 peer_reverse_processed=9308 peer_reverse_remaining=2 peer_reverse_items_enqueued=150966 peer_reverse_items_processed=150928 peer_reverse_rate_per_sec=2011.525632 peer_reverse_failed=8 peer_reverse_max_queue=62 reclaim_pending=33 reclaim_reused=3127 dynamic_high_watermark=20008485504 stage2_remaining=14507 cleanup_remaining=0 active_contexts=48 active_context_limit=48 repair_remaining=0 remaining=14891
[STATUS]: storage-owner maintenance observation: enqueued=27570 stage2_enqueued=27570 cleanup_enqueued=0 stage2_tasks_done=13382 stage2_finalized_live=13382 cleanup_processed=0 stale=0 stage2_completion_ratio=0.485383 live_stage2_completion_ratio=0.485383 avg_stage2_delay_ms=20954.895922 p99_stage2_delay_upper_ms=30000.000000 p99_stage2_delay_over_30s=true stage2_delay_histogram=0,0,0,0,0,1,21,14,95,212,269,425,729,349,707,1936,4680,3944 max_stage2_delay_ms=39710.431164 compaction_batch_target=32 compaction_max_delay_ms=25.000000 stage2_rate_per_sec=167.205534 stage1_search_budget_exhausted=0 stage2_search_budget_exhausted=0 stage2_continuations=13766 stage2_remote_frontier_items=18666318 avg_stage2_remote_frontier=1355.972541 stage2_remote_expansions=565735 avg_stage2_remote_expansions=41.096542 stage2_scored_candidates=34125558 avg_stage2_scored_candidates=2478.974139 stage2_graph_read_waves=131185 avg_stage2_expansions_per_graph_wave=4.312498 stage2_graph_unique_reads=597891 stage2_graph_prefetch_issued=387408 stage2_graph_prefetch_hits=360948 stage2_graph_prefetch_wasted=25373 stage2_graph_prefetch_promotion_ratio=0.934321 stage2_graph_issue_width_current=16 stage2_vector_read_waves=233371 avg_stage2_scores_per_vector_wave=146.228786 stage2_vector_unique_reads=21485803 stage2_home_rpc_batches=170015 stage2_home_rpc_items=19025919 avg_stage2_home_rpc_batch=111.907296 stage2_home_score_rpc_batches=73854 stage2_home_score_rpc_items=18428036 stage2_home_score_rpc_queries=436431 stage2_home_score_rpc_request_bytes=490008332 stage2_home_score_rpc_response_bytes=592847000 avg_stage2_home_score_queries_per_rpc=5.909375 avg_stage2_home_score_rpc_batch=249.519809 stage2_home_scored_neighbors=31067231 home_scores_per_expansion=1.632890 stage2_migrations=3444 home_match_rate=0.742639 stage2_final_edges=454548 stage2_cross_edges_stage1_home=143219 stage2_cross_edges_final_home=68641 cross_edge_reduction_ratio=0.520727 failed=0 rpc_timeouts=0 reverse_aggregate_batches=0 reverse_aggregate_logical_requests=0 reverse_aggregate_ops=0 avg_reverse_aggregate_logicals=0.000000 avg_reverse_aggregate_ops=0.000000 max_backlog=15287 admission_window=65536 completion_outstanding=14356 completion_incomplete=14188 completed_behind_hole=168 completion_logical_full_failures=0 completion_physical_full_failures=0 pressure_yields=754230 stage2_batches=1745 avg_stage2_batch_size=7.888825 packing_target_batch=8 packing_admit_queue_avg=9646.036676 packing_admit_queue_max=15287 packing_batch_1_7=49 packing_batch_8=1696 packing_assembly_batches=1745 packing_assembly_wait_ms=33928070.499079 packing_arrival_interval_us=4944 packing_waited_batches=49 packing_wait_ms=975.893000 packing_target_flushes=1696 packing_deadline_flushes=49 packing_cleanup_flushes=0 stage2_phase_search_attempts=1704 stage2_phase_search_task_attempts=13438 stage2_phase_search_elapsed_ms=2571188.485163 avg_stage2_phase_search_us_per_task=191337.139839 stage2_phase_freeze_prune_attempts=2196 stage2_phase_freeze_prune_task_attempts=17363 stage2_phase_freeze_prune_elapsed_ms=98835.958084 avg_stage2_phase_freeze_prune_us_per_task=5692.331860 stage2_phase_reverse_prepare_attempts=1698 stage2_phase_reverse_prepare_task_attempts=13390 stage2_phase_reverse_prepare_elapsed_ms=209832.109806 avg_stage2_phase_reverse_prepare_us_per_task=15670.807304 stage2_phase_placement_authority_attempts=1697 stage2_phase_placement_authority_task_attempts=13382 stage2_phase_placement_authority_elapsed_ms=71850.136672 avg_stage2_phase_placement_authority_us_per_task=5369.162806 stage2_phase_completion_handoff_attempts=1697 stage2_phase_completion_handoff_task_attempts=13382 stage2_phase_completion_handoff_elapsed_ms=4.895525 avg_stage2_phase_completion_handoff_us_per_task=0.365829 stage2_phase_finalize_attempts=1697 stage2_phase_finalize_task_attempts=13382 stage2_phase_finalize_elapsed_ms=25.203256 avg_stage2_phase_finalize_us_per_task=1.883370 maintenance_worker_idle_waits=628544 maintenance_worker_idle_ms=316582.962409 maintenance_lost_wake_avoided=169186 maintenance_targeted_wakes=1766929 maintenance_generic_wakes=14208 maintenance_broadcast_wakes=0 maintenance_context_slots_scanned=8189664 maintenance_ready_notifications=536873 maintenance_ready_stale_notifications=44 maintenance_ready_tickets_drained=433521 maintenance_ready_overflow_scans=0 maintenance_ready_fallback_scans=511935 stage2_search_lane_lease_limit=32 stage2_search_lane_lease_peak=32 stage2_search_lane_lease_blocked=1362 maintenance_worker_observed_idle_ratio=0.494455 maintenance_worker_observed_busy_ratio=0.505545 physical_stage1_items=27580 physical_stage1_total_ns=122205530865 physical_stage1_search_ns=114834497213 physical_stage1_prune_ns=3798227861 physical_stage1_allocate_write_ns=2680312947 physical_stage1_backlink_ns=579796761 physical_stage1_candidates=3527800 physical_stage1_remote_frontier_items=37612301 physical_stage1_neighbors=864182 peer_stage1_enqueued=22247 peer_stage1_processed=22246 peer_stage1_items=44289 avg_peer_stage1_items=1.990875 peer_stage1_rate_per_sec=553.382596 peer_stage1_max_queue=47 peer_stage1_active_workers=1 peer_stage2_home_enqueued=208213 peer_stage2_home_processed=208213 peer_stage2_home_items=23141701 avg_peer_stage2_home_items=111.144362 peer_stage2_home_max_queue=42 peer_stage2_home_response_queue_drops=0 peer_stage2_home_response_send_wait_ms=8879.299449 avg_peer_stage2_home_queue_wait_us=130.717749 avg_peer_stage2_home_execution_us=69.143163 peer_stage1_release_deferred_batches=105 peer_stage1_release_deferred_items=169 peer_stage1_duplicate_retry_responses=0 peer_stage1_admission_retry_responses=0 peer_stage1_retry_response_drops=0 peer_stage1_admission_waiters=0 peer_stage1_admission_waiter_items=0 peer_stage1_admission_owned_items=0 peer_stage1_admission_wake_coverage=0 peer_stage1_admission_parked=0 peer_stage1_admission_woken=0 peer_stage1_admission_reparked=0 peer_stage1_max_admission_waiters=0 peer_stage1_duplicate_coalesced=30 peer_reverse_enqueued=10059 peer_reverse_processed=10059 peer_reverse_remaining=0 peer_reverse_items_enqueued=163789 peer_reverse_items_processed=163789 peer_reverse_rate_per_sec=2046.512272 peer_reverse_failed=9 peer_reverse_max_queue=62 reclaim_pending=24 reclaim_reused=3420 dynamic_high_watermark=20009168992 stage2_remaining=13804 cleanup_remaining=0 active_contexts=48 active_context_limit=48 repair_remaining=0 remaining=14188
[STATUS]: storage-owner maintenance observation: enqueued=29251 stage2_enqueued=29251 cleanup_enqueued=0 stage2_tasks_done=14542 stage2_finalized_live=14542 cleanup_processed=0 stale=0 stage2_completion_ratio=0.497145 live_stage2_completion_ratio=0.497145 avg_stage2_delay_ms=22493.590201 p99_stage2_delay_upper_ms=30000.000000 p99_stage2_delay_over_30s=true stage2_delay_histogram=0,0,0,0,0,1,21,14,95,212,269,425,729,349,707,1936,4680,5104 max_stage2_delay_ms=42356.450595 compaction_batch_target=32 compaction_max_delay_ms=25.000000 stage2_rate_per_sec=171.015458 stage1_search_budget_exhausted=0 stage2_search_budget_exhausted=0 stage2_continuations=14926 stage2_remote_frontier_items=20226310 avg_stage2_remote_frontier=1355.105856 stage2_remote_expansions=610046 avg_stage2_remote_expansions=40.871365 stage2_scored_candidates=36858159 avg_stage2_scored_candidates=2469.392938 stage2_graph_read_waves=141090 avg_stage2_expansions_per_graph_wave=4.323807 stage2_graph_unique_reads=641526 stage2_graph_prefetch_issued=417386 stage2_graph_prefetch_hits=389329 stage2_graph_prefetch_wasted=27123 stage2_graph_prefetch_promotion_ratio=0.934871 stage2_graph_issue_width_current=16 stage2_vector_read_waves=253284 avg_stage2_scores_per_vector_wave=145.521071 stage2_vector_unique_reads=23291883 stage2_home_rpc_batches=184556 stage2_home_rpc_items=20621720 avg_stage2_home_rpc_batch=111.736925 stage2_home_score_rpc_batches=80135 stage2_home_score_rpc_items=19980194 stage2_home_score_rpc_queries=473319 stage2_home_score_rpc_request_bytes=531303324 stage2_home_score_rpc_response_bytes=642786288 avg_stage2_home_score_queries_per_rpc=5.906520 avg_stage2_home_score_rpc_batch=249.331678 stage2_home_scored_neighbors=33545913 home_scores_per_expansion=1.626727 stage2_migrations=3695 home_match_rate=0.745908 stage2_final_edges=494873 stage2_cross_edges_stage1_home=154406 stage2_cross_edges_final_home=74699 cross_edge_reduction_ratio=0.516217 failed=0 rpc_timeouts=0 reverse_aggregate_batches=0 reverse_aggregate_logical_requests=0 reverse_aggregate_ops=0 avg_reverse_aggregate_logicals=0.000000 avg_reverse_aggregate_ops=0.000000 max_backlog=15287 admission_window=65536 completion_outstanding=14989 completion_incomplete=14709 completed_behind_hole=280 completion_logical_full_failures=0 completion_physical_full_failures=0 pressure_yields=816576 stage2_batches=1890 avg_stage2_batch_size=7.897354 packing_target_batch=8 packing_admit_queue_avg=9977.553968 packing_admit_queue_max=15287 packing_batch_1_7=49 packing_batch_8=1841 packing_assembly_batches=1890 packing_assembly_wait_ms=39659477.805986 packing_arrival_interval_us=3189 packing_waited_batches=49 packing_wait_ms=975.893000 packing_target_flushes=1841 packing_deadline_flushes=49 packing_cleanup_flushes=0 stage2_phase_search_attempts=1849 stage2_phase_search_task_attempts=14598 stage2_phase_search_elapsed_ms=2775533.644933 avg_stage2_phase_search_us_per_task=190131.089528 stage2_phase_freeze_prune_attempts=2367 stage2_phase_freeze_prune_task_attempts=18731 stage2_phase_freeze_prune_elapsed_ms=106026.954284 avg_stage2_phase_freeze_prune_us_per_task=5660.506875 stage2_phase_reverse_prepare_attempts=1842 stage2_phase_reverse_prepare_task_attempts=14542 stage2_phase_reverse_prepare_elapsed_ms=230261.783792 avg_stage2_phase_reverse_prepare_us_per_task=15834.258272 stage2_phase_placement_authority_attempts=1842 stage2_phase_placement_authority_task_attempts=14542 stage2_phase_placement_authority_elapsed_ms=78946.401243 avg_stage2_phase_placement_authority_us_per_task=5428.854438 stage2_phase_completion_handoff_attempts=1842 stage2_phase_completion_handoff_task_attempts=14542 stage2_phase_completion_handoff_elapsed_ms=5.341142 avg_stage2_phase_completion_handoff_us_per_task=0.367291 stage2_phase_finalize_attempts=1842 stage2_phase_finalize_task_attempts=14542 stage2_phase_finalize_elapsed_ms=27.337581 avg_stage2_phase_finalize_us_per_task=1.879905 maintenance_worker_idle_waits=675968 maintenance_worker_idle_ms=330313.925225 maintenance_lost_wake_avoided=181438 maintenance_targeted_wakes=1902066 maintenance_generic_wakes=15140 maintenance_broadcast_wakes=0 maintenance_context_slots_scanned=8789952 maintenance_ready_notifications=580026 maintenance_ready_stale_notifications=46 maintenance_ready_tickets_drained=468840 maintenance_ready_overflow_scans=0 maintenance_ready_fallback_scans=549566 stage2_search_lane_lease_limit=32 stage2_search_lane_lease_peak=32 stage2_search_lane_lease_blocked=2295 maintenance_worker_observed_idle_ratio=0.485566 maintenance_worker_observed_busy_ratio=0.514434 physical_stage1_items=29259 physical_stage1_total_ns=130128815780 physical_stage1_search_ns=122287591897 physical_stage1_prune_ns=4056363760 physical_stage1_allocate_write_ns=2835634661 physical_stage1_backlink_ns=615326036 physical_stage1_candidates=3742597 physical_stage1_remote_frontier_items=39790650 physical_stage1_neighbors=920652 peer_stage1_enqueued=23808 peer_stage1_processed=23808 peer_stage1_items=46975 avg_peer_stage1_items=1.973076 peer_stage1_rate_per_sec=552.430967 peer_stage1_max_queue=47 peer_stage1_active_workers=0 peer_stage2_home_enqueued=222069 peer_stage2_home_processed=222069 peer_stage2_home_items=24572997 avg_peer_stage2_home_items=110.654783 peer_stage2_home_max_queue=42 peer_stage2_home_response_queue_drops=0 peer_stage2_home_response_send_wait_ms=9309.219304 avg_peer_stage2_home_queue_wait_us=127.258896 avg_peer_stage2_home_execution_us=69.229983 peer_stage1_release_deferred_batches=122 peer_stage1_release_deferred_items=198 peer_stage1_duplicate_retry_responses=0 peer_stage1_admission_retry_responses=0 peer_stage1_retry_response_drops=0 peer_stage1_admission_waiters=0 peer_stage1_admission_waiter_items=0 peer_stage1_admission_owned_items=0 peer_stage1_admission_wake_coverage=0 peer_stage1_admission_parked=0 peer_stage1_admission_woken=0 peer_stage1_admission_reparked=0 peer_stage1_max_admission_waiters=0 peer_stage1_duplicate_coalesced=33 peer_reverse_enqueued=10776 peer_reverse_processed=10776 peer_reverse_remaining=0 peer_reverse_items_enqueued=176181 peer_reverse_items_processed=176181 peer_reverse_rate_per_sec=2071.907189 peer_reverse_failed=11 peer_reverse_max_queue=62 reclaim_pending=43 reclaim_reused=3652 dynamic_high_watermark=20010912928 stage2_remaining=14325 cleanup_remaining=0 active_contexts=48 active_context_limit=48 repair_remaining=0 remaining=14709
[STATUS]: storage-owner maintenance observation: enqueued=30040 stage2_enqueued=30040 cleanup_enqueued=0 stage2_tasks_done=15910 stage2_finalized_live=15910 cleanup_processed=0 stale=0 stage2_completion_ratio=0.529627 live_stage2_completion_ratio=0.529627 avg_stage2_delay_ms=24265.338978 p99_stage2_delay_upper_ms=30000.000000 p99_stage2_delay_over_30s=true stage2_delay_histogram=0,0,0,0,0,1,21,14,95,212,269,425,729,349,707,1936,4680,6472 max_stage2_delay_ms=44613.588076 compaction_batch_target=32 compaction_max_delay_ms=25.000000 stage2_rate_per_sec=176.712433 stage1_search_budget_exhausted=0 stage2_search_budget_exhausted=0 stage2_continuations=16294 stage2_remote_frontier_items=22054050 avg_stage2_remote_frontier=1353.507426 stage2_remote_expansions=660846 avg_stage2_remote_expansions=40.557629 stage2_scored_candidates=40208671 avg_stage2_scored_candidates=2467.697987 stage2_graph_read_waves=153229 avg_stage2_expansions_per_graph_wave=4.312800 stage2_graph_unique_reads=698309 stage2_graph_prefetch_issued=456754 stage2_graph_prefetch_hits=426661 stage2_graph_prefetch_wasted=28857 stage2_graph_prefetch_promotion_ratio=0.936650 stage2_graph_issue_width_current=16 stage2_vector_read_waves=278147 avg_stage2_scores_per_vector_wave=144.559068 stage2_vector_unique_reads=25448090 stage2_home_rpc_batches=200279 stage2_home_rpc_items=22503388 avg_stage2_home_rpc_batch=112.360198 stage2_home_score_rpc_batches=87542 stage2_home_score_rpc_items=21805079 stage2_home_score_rpc_queries=516500 stage2_home_score_rpc_request_bytes=579919620 stage2_home_score_rpc_response_bytes=701528488 avg_stage2_home_score_queries_per_rpc=5.900025 avg_stage2_home_score_rpc_batch=249.081344 stage2_home_scored_neighbors=36566633 home_scores_per_expansion=1.624939 stage2_migrations=3981 home_match_rate=0.749780 stage2_final_edges=542578 stage2_cross_edges_stage1_home=167727 stage2_cross_edges_final_home=82564 cross_edge_reduction_ratio=0.507748 failed=0 rpc_timeouts=0 reverse_aggregate_batches=0 reverse_aggregate_logical_requests=0 reverse_aggregate_ops=0 avg_reverse_aggregate_logicals=0.000000 avg_reverse_aggregate_ops=0.000000 max_backlog=15287 admission_window=65536 completion_outstanding=14458 completion_incomplete=14130 completed_behind_hole=328 completion_logical_full_failures=0 completion_physical_full_failures=0 pressure_yields=897103 stage2_batches=2061 avg_stage2_batch_size=7.905871 packing_target_batch=8 packing_admit_queue_avg=10331.445900 packing_admit_queue_max=15287 packing_batch_1_7=49 packing_batch_8=2012 packing_assembly_batches=2061 packing_assembly_wait_ms=46928944.511459 packing_arrival_interval_us=10650 packing_waited_batches=49 packing_wait_ms=975.893000 packing_target_flushes=2012 packing_deadline_flushes=49 packing_cleanup_flushes=0 stage2_phase_search_attempts=2017 stage2_phase_search_task_attempts=15942 stage2_phase_search_elapsed_ms=2981651.633223 avg_stage2_phase_search_us_per_task=187031.215232 stage2_phase_freeze_prune_attempts=2618 stage2_phase_freeze_prune_task_attempts=20739 stage2_phase_freeze_prune_elapsed_ms=113221.975690 avg_stage2_phase_freeze_prune_us_per_task=5459.374883 stage2_phase_reverse_prepare_attempts=2014 stage2_phase_reverse_prepare_task_attempts=15918 stage2_phase_reverse_prepare_elapsed_ms=250621.924042 avg_stage2_phase_reverse_prepare_us_per_task=15744.561128 stage2_phase_placement_authority_attempts=2013 stage2_phase_placement_authority_task_attempts=15910 stage2_phase_placement_authority_elapsed_ms=84828.341819 avg_stage2_phase_placement_authority_us_per_task=5331.762528 stage2_phase_completion_handoff_attempts=2013 stage2_phase_completion_handoff_task_attempts=15910 stage2_phase_completion_handoff_elapsed_ms=5.875387 avg_stage2_phase_completion_handoff_us_per_task=0.369289 stage2_phase_finalize_attempts=2013 stage2_phase_finalize_task_attempts=15910 stage2_phase_finalize_elapsed_ms=29.793683 avg_stage2_phase_finalize_us_per_task=1.872639 maintenance_worker_idle_waits=738112 maintenance_worker_idle_ms=342630.569547 maintenance_lost_wake_avoided=200355 maintenance_targeted_wakes=2093978 maintenance_generic_wakes=15577 maintenance_broadcast_wakes=0 maintenance_context_slots_scanned=9640432 maintenance_ready_notifications=633694 maintenance_ready_stale_notifications=48 maintenance_ready_tickets_drained=512303 maintenance_ready_overflow_scans=0 maintenance_ready_fallback_scans=602738 stage2_search_lane_lease_limit=32 stage2_search_lane_lease_peak=32 stage2_search_lane_lease_blocked=2832 maintenance_worker_observed_idle_ratio=0.475700 maintenance_worker_observed_busy_ratio=0.524300 physical_stage1_items=30040 physical_stage1_total_ns=133899672844 physical_stage1_search_ns=125854160101 physical_stage1_prune_ns=4171314343 physical_stage1_allocate_write_ns=2898855948 physical_stage1_backlink_ns=631884441 physical_stage1_candidates=3842501 physical_stage1_remote_frontier_items=40771990 physical_stage1_neighbors=946117 peer_stage1_enqueued=24499 peer_stage1_processed=24499 peer_stage1_items=48202 avg_peer_stage1_items=1.967509 peer_stage1_rate_per_sec=535.379805 peer_stage1_max_queue=47 peer_stage1_active_workers=0 peer_stage2_home_enqueued=241208 peer_stage2_home_processed=241208 peer_stage2_home_items=26594990 avg_peer_stage2_home_items=110.257496 peer_stage2_home_max_queue=42 peer_stage2_home_response_queue_drops=0 peer_stage2_home_response_send_wait_ms=9942.862583 avg_peer_stage2_home_queue_wait_us=121.838416 avg_peer_stage2_home_execution_us=69.616122 peer_stage1_release_deferred_batches=128 peer_stage1_release_deferred_items=207 peer_stage1_duplicate_retry_responses=0 peer_stage1_admission_retry_responses=0 peer_stage1_retry_response_drops=0 peer_stage1_admission_waiters=0 peer_stage1_admission_waiter_items=0 peer_stage1_admission_owned_items=0 peer_stage1_admission_wake_coverage=0 peer_stage1_admission_parked=0 peer_stage1_admission_woken=0 peer_stage1_admission_reparked=0 peer_stage1_max_admission_waiters=0 peer_stage1_duplicate_coalesced=34 peer_reverse_enqueued=11646 peer_reverse_processed=11617 peer_reverse_remaining=29 peer_reverse_items_enqueued=190030 peer_reverse_items_processed=189264 peer_reverse_rate_per_sec=2102.155999 peer_reverse_failed=11 peer_reverse_max_queue=62 reclaim_pending=74 reclaim_reused=3907 dynamic_high_watermark=20011806720 stage2_remaining=13746 cleanup_remaining=0 active_contexts=48 active_context_limit=48 repair_remaining=0 remaining=14130
[STATUS]: storage-owner maintenance observation: enqueued=32767 stage2_enqueued=32767 cleanup_enqueued=0 stage2_tasks_done=17182 stage2_finalized_live=17182 cleanup_processed=0 stale=0 stage2_completion_ratio=0.524369 live_stage2_completion_ratio=0.524369 avg_stage2_delay_ms=25866.097280 p99_stage2_delay_upper_ms=30000.000000 p99_stage2_delay_over_30s=true stage2_delay_histogram=0,0,0,0,0,1,21,14,95,212,269,425,729,349,707,1936,4680,7744 max_stage2_delay_ms=47845.598337 compaction_batch_target=32 compaction_max_delay_ms=25.000000 stage2_rate_per_sec=180.799854 stage1_search_budget_exhausted=0 stage2_search_budget_exhausted=0 stage2_continuations=17566 stage2_remote_frontier_items=23696195 avg_stage2_remote_frontier=1348.980701 stage2_remote_expansions=707832 avg_stage2_remote_expansions=40.295571 stage2_scored_candidates=43037259 avg_stage2_scored_candidates=2450.031823 stage2_graph_read_waves=163947 avg_stage2_expansions_per_graph_wave=4.317444 stage2_graph_unique_reads=745299 stage2_graph_prefetch_issued=488645 stage2_graph_prefetch_hits=456638 stage2_graph_prefetch_wasted=30768 stage2_graph_prefetch_promotion_ratio=0.936874 stage2_graph_issue_width_current=16 stage2_vector_read_waves=299599 avg_stage2_scores_per_vector_wave=143.649542 stage2_vector_unique_reads=27279468 stage2_home_rpc_batches=214400 stage2_home_rpc_items=24123901 avg_stage2_home_rpc_batch=112.518195 stage2_home_score_rpc_batches=93916 stage2_home_score_rpc_items=23378602 stage2_home_score_rpc_queries=553524 stage2_home_score_rpc_request_bytes=621760980 stage2_home_score_rpc_response_bytes=752160576 avg_stage2_home_score_queries_per_rpc=5.893820 avg_stage2_home_score_rpc_batch=248.930981 stage2_home_scored_neighbors=39141253 home_scores_per_expansion=1.622509 stage2_migrations=4257 home_match_rate=0.752241 stage2_final_edges=583782 stage2_cross_edges_stage1_home=179857 stage2_cross_edges_final_home=88907 cross_edge_reduction_ratio=0.505680 failed=0 rpc_timeouts=0 reverse_aggregate_batches=0 reverse_aggregate_logical_requests=0 reverse_aggregate_ops=0 avg_reverse_aggregate_logicals=0.000000 avg_reverse_aggregate_ops=0.000000 max_backlog=15287 admission_window=65536 completion_outstanding=15713 completion_incomplete=15585 completed_behind_hole=128 completion_logical_full_failures=0 completion_physical_full_failures=0 pressure_yields=961954 stage2_batches=2220 avg_stage2_batch_size=7.912613 packing_target_batch=8 packing_admit_queue_avg=10629.169820 packing_admit_queue_max=15287 packing_batch_1_7=49 packing_batch_8=2171 packing_assembly_batches=2220 packing_assembly_wait_ms=54138333.440389 packing_arrival_interval_us=4122 packing_waited_batches=49 packing_wait_ms=975.893000 packing_target_flushes=2171 packing_deadline_flushes=49 packing_cleanup_flushes=0 stage2_phase_search_attempts=2174 stage2_phase_search_task_attempts=17198 stage2_phase_search_elapsed_ms=3184668.270307 avg_stage2_phase_search_us_per_task=185176.664165 stage2_phase_freeze_prune_attempts=2814 stage2_phase_freeze_prune_task_attempts=22307 stage2_phase_freeze_prune_elapsed_ms=120740.752688 avg_stage2_phase_freeze_prune_us_per_task=5412.684480 stage2_phase_reverse_prepare_attempts=2172 stage2_phase_reverse_prepare_task_attempts=17182 stage2_phase_reverse_prepare_elapsed_ms=267955.015471 avg_stage2_phase_reverse_prepare_us_per_task=15595.100423 stage2_phase_placement_authority_attempts=2172 stage2_phase_placement_authority_task_attempts=17182 stage2_phase_placement_authority_elapsed_ms=91228.379733 avg_stage2_phase_placement_authority_us_per_task=5309.532053 stage2_phase_completion_handoff_attempts=2172 stage2_phase_completion_handoff_task_attempts=17182 stage2_phase_completion_handoff_elapsed_ms=6.349453 avg_stage2_phase_completion_handoff_us_per_task=0.369541 stage2_phase_finalize_attempts=2172 stage2_phase_finalize_task_attempts=17182 stage2_phase_finalize_elapsed_ms=32.173621 avg_stage2_phase_finalize_us_per_task=1.872519 maintenance_worker_idle_waits=787584 maintenance_worker_idle_ms=356318.877940 maintenance_lost_wake_avoided=213919 maintenance_targeted_wakes=2241700 maintenance_generic_wakes=16920 maintenance_broadcast_wakes=0 maintenance_context_slots_scanned=10303616 maintenance_ready_notifications=680152 maintenance_ready_stale_notifications=52 maintenance_ready_tickets_drained=550197 maintenance_ready_overflow_scans=0 maintenance_ready_fallback_scans=644230 stage2_search_lane_lease_limit=32 stage2_search_lane_lease_peak=32 stage2_search_lane_lease_blocked=2832 maintenance_worker_observed_idle_ratio=0.468677 maintenance_worker_observed_busy_ratio=0.531323 physical_stage1_items=32778 physical_stage1_total_ns=146020319730 physical_stage1_search_ns=137185149332 physical_stage1_prune_ns=4578379087 physical_stage1_allocate_write_ns=3196085882 physical_stage1_backlink_ns=685370410 physical_stage1_candidates=4192773 physical_stage1_remote_frontier_items=44360709 physical_stage1_neighbors=1035976 peer_stage1_enqueued=26382 peer_stage1_processed=26380 peer_stage1_items=52586 avg_peer_stage1_items=1.993404 peer_stage1_rate_per_sec=553.343099 peer_stage1_max_queue=47 peer_stage1_active_workers=2 peer_stage2_home_enqueued=257235 peer_stage2_home_processed=257235 peer_stage2_home_items=28255338 avg_peer_stage2_home_items=109.842510 peer_stage2_home_max_queue=47 peer_stage2_home_response_queue_drops=0 peer_stage2_home_response_send_wait_ms=10612.192381 avg_peer_stage2_home_queue_wait_us=124.633612 avg_peer_stage2_home_execution_us=69.413035 peer_stage1_release_deferred_batches=131 peer_stage1_release_deferred_items=212 peer_stage1_duplicate_retry_responses=0 peer_stage1_admission_retry_responses=0 peer_stage1_retry_response_drops=0 peer_stage1_admission_waiters=0 peer_stage1_admission_waiter_items=0 peer_stage1_admission_owned_items=0 peer_stage1_admission_wake_coverage=0 peer_stage1_admission_parked=0 peer_stage1_admission_woken=0 peer_stage1_admission_reparked=0 peer_stage1_max_admission_waiters=0 peer_stage1_duplicate_coalesced=34 peer_reverse_enqueued=12425 peer_reverse_processed=12384 peer_reverse_remaining=41 peer_reverse_items_enqueued=203131 peer_reverse_items_processed=202385 peer_reverse_rate_per_sec=2129.622772 peer_reverse_failed=12 peer_reverse_max_queue=62 reclaim_pending=30 reclaim_reused=4227 dynamic_high_watermark=20014515872 stage2_remaining=15201 cleanup_remaining=0 active_contexts=48 active_context_limit=48 repair_remaining=0 remaining=15585
[STATUS]: storage-owner maintenance observation: enqueued=35201 stage2_enqueued=35201 cleanup_enqueued=0 stage2_tasks_done=18166 stage2_finalized_live=18166 cleanup_processed=0 stale=0 stage2_completion_ratio=0.516065 live_stage2_completion_ratio=0.516065 avg_stage2_delay_ms=27134.668478 p99_stage2_delay_upper_ms=30000.000000 p99_stage2_delay_over_30s=true stage2_delay_histogram=0,0,0,0,0,1,21,14,95,212,269,425,729,349,707,1936,4680,8728 max_stage2_delay_ms=51070.476075 compaction_batch_target=32 compaction_max_delay_ms=25.000000 stage2_rate_per_sec=181.599570 stage1_search_budget_exhausted=0 stage2_search_budget_exhausted=0 stage2_continuations=18550 stage2_remote_frontier_items=24964573 avg_stage2_remote_frontier=1345.799084 stage2_remote_expansions=743814 avg_stage2_remote_expansions=40.097790 stage2_scored_candidates=45311767 avg_stage2_scored_candidates=2442.682857 stage2_graph_read_waves=172126 avg_stage2_expansions_per_graph_wave=4.321334 stage2_graph_unique_reads=782909 stage2_graph_prefetch_issued=514756 stage2_graph_prefetch_hits=481475 stage2_graph_prefetch_wasted=32025 stage2_graph_prefetch_promotion_ratio=0.937634 stage2_graph_issue_width_current=16 stage2_vector_read_waves=316690 avg_stage2_scores_per_vector_wave=143.079248 stage2_vector_unique_reads=28762469 stage2_home_rpc_batches=225761 stage2_home_rpc_items=25435065 avg_stage2_home_rpc_batch=112.663680 stage2_home_score_rpc_batches=99091 stage2_home_score_rpc_items=24652158 stage2_home_score_rpc_queries=583782 stage2_home_score_rpc_request_bytes=655679308 stage2_home_score_rpc_response_bytes=793148456 avg_stage2_home_score_queries_per_rpc=5.891373 avg_stage2_home_score_rpc_batch=248.783018 stage2_home_scored_neighbors=41201500 home_scores_per_expansion=1.619870 stage2_migrations=4457 home_match_rate=0.754652 stage2_final_edges=616097 stage2_cross_edges_stage1_home=188993 stage2_cross_edges_final_home=93999 cross_edge_reduction_ratio=0.502632 failed=0 rpc_timeouts=0 reverse_aggregate_batches=0 reverse_aggregate_logical_requests=0 reverse_aggregate_ops=0 avg_reverse_aggregate_logicals=0.000000 avg_reverse_aggregate_ops=0.000000 max_backlog=16651 admission_window=65536 completion_outstanding=17483 completion_incomplete=17035 completed_behind_hole=448 completion_logical_full_failures=0 completion_physical_full_failures=0 pressure_yields=1021283 stage2_batches=2343 avg_stage2_batch_size=7.917200 packing_target_batch=8 packing_admit_queue_avg=10907.298762 packing_admit_queue_max=16558 packing_batch_1_7=49 packing_batch_8=2294 packing_assembly_batches=2343 packing_assembly_wait_ms=60123051.393450 packing_arrival_interval_us=2802 packing_waited_batches=49 packing_wait_ms=975.893000 packing_target_flushes=2294 packing_deadline_flushes=49 packing_cleanup_flushes=0 stage2_phase_search_attempts=2299 stage2_phase_search_task_attempts=18198 stage2_phase_search_elapsed_ms=3383111.762615 avg_stage2_phase_search_us_per_task=185905.690879 stage2_phase_freeze_prune_attempts=2973 stage2_phase_freeze_prune_task_attempts=23579 stage2_phase_freeze_prune_elapsed_ms=128907.822538 avg_stage2_phase_freeze_prune_us_per_task=5467.060628 stage2_phase_reverse_prepare_attempts=2297 stage2_phase_reverse_prepare_task_attempts=18182 stage2_phase_reverse_prepare_elapsed_ms=283969.199776 avg_stage2_phase_reverse_prepare_us_per_task=15618.149806 stage2_phase_placement_authority_attempts=2295 stage2_phase_placement_authority_task_attempts=18166 stage2_phase_placement_authority_elapsed_ms=96427.125642 avg_stage2_phase_placement_authority_us_per_task=5308.109966 stage2_phase_completion_handoff_attempts=2295 stage2_phase_completion_handoff_task_attempts=18166 stage2_phase_completion_handoff_elapsed_ms=6.716040 avg_stage2_phase_completion_handoff_us_per_task=0.369704 stage2_phase_finalize_attempts=2295 stage2_phase_finalize_task_attempts=18166 stage2_phase_finalize_elapsed_ms=33.951950 avg_stage2_phase_finalize_us_per_task=1.868983 maintenance_worker_idle_waits=833920 maintenance_worker_idle_ms=371893.990594 maintenance_lost_wake_avoided=225969 maintenance_targeted_wakes=2365624 maintenance_generic_wakes=18176 maintenance_broadcast_wakes=0 maintenance_context_slots_scanned=10913920 maintenance_ready_notifications=716536 maintenance_ready_stale_notifications=58 maintenance_ready_tickets_drained=580217 maintenance_ready_overflow_scans=0 maintenance_ready_fallback_scans=682324 stage2_search_lane_lease_limit=32 stage2_search_lane_lease_peak=32 stage2_search_lane_lease_blocked=2832 maintenance_worker_observed_idle_ratio=0.464713 maintenance_worker_observed_busy_ratio=0.535287 physical_stage1_items=35213 physical_stage1_total_ns=156702711882 physical_stage1_search_ns=147217045044 physical_stage1_prune_ns=4907569234 physical_stage1_allocate_write_ns=3434995758 physical_stage1_backlink_ns=740056799 physical_stage1_candidates=4504236 physical_stage1_remote_frontier_items=47620559 physical_stage1_neighbors=1112522 peer_stage1_enqueued=28434 peer_stage1_processed=28413 peer_stage1_items=56435 avg_peer_stage1_items=1.986239 peer_stage1_rate_per_sec=564.162267 peer_stage1_max_queue=47 peer_stage1_active_workers=3 peer_stage2_home_enqueued=271349 peer_stage2_home_processed=271349 peer_stage2_home_items=29862340 avg_peer_stage2_home_items=110.051410 peer_stage2_home_max_queue=47 peer_stage2_home_response_queue_drops=0 peer_stage2_home_response_send_wait_ms=11225.152685 avg_peer_stage2_home_queue_wait_us=125.888698 avg_peer_stage2_home_execution_us=69.147881 peer_stage1_release_deferred_batches=134 peer_stage1_release_deferred_items=215 peer_stage1_duplicate_retry_responses=0 peer_stage1_admission_retry_responses=0 peer_stage1_retry_response_drops=0 peer_stage1_admission_waiters=0 peer_stage1_admission_waiter_items=0 peer_stage1_admission_owned_items=0 peer_stage1_admission_wake_coverage=0 peer_stage1_admission_parked=0 peer_stage1_admission_woken=0 peer_stage1_admission_reparked=0 peer_stage1_max_admission_waiters=0 peer_stage1_duplicate_coalesced=36 peer_reverse_enqueued=13111 peer_reverse_processed=13105 peer_reverse_remaining=6 peer_reverse_items_enqueued=213063 peer_reverse_items_processed=212879 peer_reverse_rate_per_sec=2128.081850 peer_reverse_failed=14 peer_reverse_max_queue=62 reclaim_pending=68 reclaim_reused=4389 dynamic_high_watermark=20017002816 stage2_remaining=16651 cleanup_remaining=0 active_contexts=48 active_context_limit=48 repair_remaining=0 remaining=17035
[STATUS]: storage-owner maintenance observation: enqueued=38178 stage2_enqueued=38178 cleanup_enqueued=0 stage2_tasks_done=19182 stage2_finalized_live=19182 cleanup_processed=0 stale=0 stage2_completion_ratio=0.502436 live_stage2_completion_ratio=0.502436 avg_stage2_delay_ms=28485.971110 p99_stage2_delay_upper_ms=30000.000000 p99_stage2_delay_over_30s=true stage2_delay_histogram=0,0,0,0,0,1,21,14,95,212,269,425,729,349,707,1936,4680,9744 max_stage2_delay_ms=54502.470650 compaction_batch_target=32 compaction_max_delay_ms=25.000000 stage2_rate_per_sec=182.627734 stage1_search_budget_exhausted=0 stage2_search_budget_exhausted=0 stage2_continuations=19558 stage2_remote_frontier_items=26205244 avg_stage2_remote_frontier=1339.873402 stage2_remote_expansions=782449 avg_stage2_remote_expansions=40.006596 stage2_scored_candidates=47621229 avg_stage2_scored_candidates=2434.872124 stage2_graph_read_waves=181366 avg_stage2_expansions_per_graph_wave=4.314199 stage2_graph_unique_reads=822625 stage2_graph_prefetch_issued=541433 stage2_graph_prefetch_hits=506650 stage2_graph_prefetch_wasted=33561 stage2_graph_prefetch_promotion_ratio=0.937874 stage2_graph_issue_width_current=16 stage2_vector_read_waves=334488 avg_stage2_scores_per_vector_wave=142.370516 stage2_vector_unique_reads=30241954 stage2_home_rpc_batches=237616 stage2_home_rpc_items=26737057 avg_stage2_home_rpc_batch=112.522124 stage2_home_score_rpc_batches=104219 stage2_home_score_rpc_items=25914432 stage2_home_score_rpc_queries=613135 stage2_home_score_rpc_request_bytes=689228084 stage2_home_score_rpc_response_bytes=833771352 avg_stage2_home_score_queries_per_rpc=5.883140 avg_stage2_home_score_rpc_batch=248.653624 stage2_home_scored_neighbors=43294182 home_scores_per_expansion=1.619258 stage2_migrations=4672 home_match_rate=0.756438 stage2_final_edges=650126 stage2_cross_edges_stage1_home=198333 stage2_cross_edges_final_home=98899 cross_edge_reduction_ratio=0.501349 failed=0 rpc_timeouts=0 reverse_aggregate_batches=0 reverse_aggregate_logical_requests=0 reverse_aggregate_ops=0 avg_reverse_aggregate_logicals=0.000000 avg_reverse_aggregate_ops=0.000000 max_backlog=18620 admission_window=65536 completion_outstanding=19252 completion_incomplete=18996 completed_behind_hole=256 completion_logical_full_failures=0 completion_physical_full_failures=0 pressure_yields=1079423 stage2_batches=2469 avg_stage2_batch_size=7.921426 packing_target_batch=8 packing_admit_queue_avg=11249.141758 packing_admit_queue_max=18588 packing_batch_1_7=49 packing_batch_8=2420 packing_assembly_batches=2469 packing_assembly_wait_ms=66676981.938513 packing_arrival_interval_us=2312 packing_waited_batches=49 packing_wait_ms=975.893000 packing_target_flushes=2420 packing_deadline_flushes=49 packing_cleanup_flushes=0 stage2_phase_search_attempts=2428 stage2_phase_search_task_attempts=19230 stage2_phase_search_elapsed_ms=3605410.444495 avg_stage2_phase_search_us_per_task=187488.842667 stage2_phase_freeze_prune_attempts=3135 stage2_phase_freeze_prune_task_attempts=24875 stage2_phase_freeze_prune_elapsed_ms=137491.031863 avg_stage2_phase_freeze_prune_us_per_task=5527.277663 stage2_phase_reverse_prepare_attempts=2422 stage2_phase_reverse_prepare_task_attempts=19182 stage2_phase_reverse_prepare_elapsed_ms=300677.497797 avg_stage2_phase_reverse_prepare_us_per_task=15674.981639 stage2_phase_placement_authority_attempts=2422 stage2_phase_placement_authority_task_attempts=19182 stage2_phase_placement_authority_elapsed_ms=101682.978041 avg_stage2_phase_placement_authority_us_per_task=5300.958088 stage2_phase_completion_handoff_attempts=2422 stage2_phase_completion_handoff_task_attempts=19182 stage2_phase_completion_handoff_elapsed_ms=7.090473 avg_stage2_phase_completion_handoff_us_per_task=0.369642 stage2_phase_finalize_attempts=2422 stage2_phase_finalize_task_attempts=19182 stage2_phase_finalize_elapsed_ms=35.810385 avg_stage2_phase_finalize_us_per_task=1.866874 maintenance_worker_idle_waits=879040 maintenance_worker_idle_ms=387269.254720 maintenance_lost_wake_avoided=238028 maintenance_targeted_wakes=2491486 maintenance_generic_wakes=19664 maintenance_broadcast_wakes=0 maintenance_context_slots_scanned=11509408 maintenance_ready_notifications=755238 maintenance_ready_stale_notifications=60 maintenance_ready_tickets_drained=612009 maintenance_ready_overflow_scans=0 maintenance_ready_fallback_scans=719500 stage2_search_lane_lease_limit=32 stage2_search_lane_lease_peak=32 stage2_search_lane_lease_blocked=3016 maintenance_worker_observed_idle_ratio=0.460889 maintenance_worker_observed_busy_ratio=0.539111 physical_stage1_items=38181 physical_stage1_total_ns=169200414593 physical_stage1_search_ns=158972934099 physical_stage1_prune_ns=5303657682 physical_stage1_allocate_write_ns=3690519124 physical_stage1_backlink_ns=796967415 physical_stage1_candidates=4883905 physical_stage1_remote_frontier_items=51556108 physical_stage1_neighbors=1205009 peer_stage1_enqueued=30721 peer_stage1_processed=30681 peer_stage1_items=61132 avg_peer_stage1_items=1.992504 peer_stage1_rate_per_sec=582.024745 peer_stage1_max_queue=47 peer_stage1_active_workers=3 peer_stage2_home_enqueued=284314 peer_stage2_home_processed=284314 peer_stage2_home_items=31281393 avg_peer_stage2_home_items=110.024104 peer_stage2_home_max_queue=47 peer_stage2_home_response_queue_drops=0 peer_stage2_home_response_send_wait_ms=11846.606793 avg_peer_stage2_home_queue_wait_us=127.031572 avg_peer_stage2_home_execution_us=68.892620 peer_stage1_release_deferred_batches=136 peer_stage1_release_deferred_items=217 peer_stage1_duplicate_retry_responses=0 peer_stage1_admission_retry_responses=0 peer_stage1_retry_response_drops=0 peer_stage1_admission_waiters=0 peer_stage1_admission_waiter_items=0 peer_stage1_admission_owned_items=0 peer_stage1_admission_wake_coverage=0 peer_stage1_admission_parked=0 peer_stage1_admission_woken=0 peer_stage1_admission_reparked=0 peer_stage1_max_admission_waiters=0 peer_stage1_duplicate_coalesced=36 peer_reverse_enqueued=13726 peer_reverse_processed=13724 peer_reverse_remaining=2 peer_reverse_items_enqueued=222914 peer_reverse_items_processed=222813 peer_reverse_rate_per_sec=2121.355093 peer_reverse_failed=14 peer_reverse_max_queue=62 reclaim_pending=33 reclaim_reused=4639 dynamic_high_watermark=20019948064 stage2_remaining=18620 cleanup_remaining=0 active_contexts=47 active_context_limit=48 repair_remaining=0 remaining=18996
[STATUS]: storage-owner maintenance observation: enqueued=41418 stage2_enqueued=41418 cleanup_enqueued=0 stage2_tasks_done=19982 stage2_finalized_live=19982 cleanup_processed=0 stale=0 stage2_completion_ratio=0.482447 live_stage2_completion_ratio=0.482447 avg_stage2_delay_ms=29591.939183 p99_stage2_delay_upper_ms=30000.000000 p99_stage2_delay_over_30s=true stage2_delay_histogram=0,0,0,0,0,1,21,14,95,212,269,425,729,349,707,1936,4680,10544 max_stage2_delay_ms=58316.700365 compaction_batch_target=32 compaction_max_delay_ms=25.000000 stage2_rate_per_sec=181.599511 stage1_search_budget_exhausted=0 stage2_search_budget_exhausted=0 stage2_continuations=20366 stage2_remote_frontier_items=27396906 avg_stage2_remote_frontier=1345.227634 stage2_remote_expansions=818375 avg_stage2_remote_expansions=40.183394 stage2_scored_candidates=49755462 avg_stage2_scored_candidates=2443.065010 stage2_graph_read_waves=190035 avg_stage2_expansions_per_graph_wave=4.306444 stage2_graph_unique_reads=863338 stage2_graph_prefetch_issued=569970 stage2_graph_prefetch_hits=533659 stage2_graph_prefetch_wasted=34715 stage2_graph_prefetch_promotion_ratio=0.938922 stage2_graph_issue_width_current=16 stage2_vector_read_waves=351425 avg_stage2_scores_per_vector_wave=141.582022 stage2_vector_unique_reads=31593412 stage2_home_rpc_batches=247605 stage2_home_rpc_items=27932334 avg_stage2_home_rpc_batch=112.810056 stage2_home_score_rpc_batches=108903 stage2_home_score_rpc_items=27069007 stage2_home_score_rpc_queries=641058 stage2_home_score_rpc_request_bytes=720068260 stage2_home_score_rpc_response_bytes=870943504 avg_stage2_home_score_queries_per_rpc=5.886505 avg_stage2_home_score_rpc_batch=248.560710 stage2_home_scored_neighbors=45233353 home_scores_per_expansion=1.619390 stage2_migrations=4900 home_match_rate=0.754779 stage2_final_edges=676222 stage2_cross_edges_stage1_home=207120 stage2_cross_edges_final_home=103001 cross_edge_reduction_ratio=0.502699 failed=0 rpc_timeouts=0 reverse_aggregate_batches=0 reverse_aggregate_logical_requests=0 reverse_aggregate_ops=0 avg_reverse_aggregate_logicals=0.000000 avg_reverse_aggregate_ops=0.000000 max_backlog=21052 admission_window=65536 completion_outstanding=21820 completion_incomplete=21436 completed_behind_hole=384 completion_logical_full_failures=0 completion_physical_full_failures=0 pressure_yields=1138343 stage2_batches=2570 avg_stage2_batch_size=7.924514 packing_target_batch=8 packing_admit_queue_avg=11583.193385 packing_admit_queue_max=21043 packing_batch_1_7=49 packing_batch_8=2521 packing_assembly_batches=2570 packing_assembly_wait_ms=72304596.718455 packing_arrival_interval_us=1724 packing_waited_batches=49 packing_wait_ms=975.893000 packing_target_flushes=2521 packing_deadline_flushes=49 packing_cleanup_flushes=0 stage2_phase_search_attempts=2526 stage2_phase_search_task_attempts=20014 stage2_phase_search_elapsed_ms=3791803.394974 avg_stage2_phase_search_us_per_task=189457.549464 stage2_phase_freeze_prune_attempts=3277 stage2_phase_freeze_prune_task_attempts=26011 stage2_phase_freeze_prune_elapsed_ms=144784.489897 avg_stage2_phase_freeze_prune_us_per_task=5566.279263 stage2_phase_reverse_prepare_attempts=2522 stage2_phase_reverse_prepare_task_attempts=19982 stage2_phase_reverse_prepare_elapsed_ms=315330.081000 avg_stage2_phase_reverse_prepare_us_per_task=15780.706686 stage2_phase_placement_authority_attempts=2522 stage2_phase_placement_authority_task_attempts=19982 stage2_phase_placement_authority_elapsed_ms=106703.887785 avg_stage2_phase_placement_authority_us_per_task=5340.000390 stage2_phase_completion_handoff_attempts=2522 stage2_phase_completion_handoff_task_attempts=19982 stage2_phase_completion_handoff_elapsed_ms=7.385607 avg_stage2_phase_completion_handoff_us_per_task=0.369613 stage2_phase_finalize_attempts=2522 stage2_phase_finalize_task_attempts=19982 stage2_phase_finalize_elapsed_ms=37.362455 avg_stage2_phase_finalize_us_per_task=1.869806 maintenance_worker_idle_waits=925184 maintenance_worker_idle_ms=404138.804922 maintenance_lost_wake_avoided=250070 maintenance_targeted_wakes=2613893 maintenance_generic_wakes=21247 maintenance_broadcast_wakes=0 maintenance_context_slots_scanned=12123456 maintenance_ready_notifications=790953 maintenance_ready_stale_notifications=62 maintenance_ready_tickets_drained=642152 maintenance_ready_overflow_scans=0 maintenance_ready_fallback_scans=757863 stage2_search_lane_lease_limit=32 stage2_search_lane_lease_peak=32 stage2_search_lane_lease_blocked=3501 maintenance_worker_observed_idle_ratio=0.459110 maintenance_worker_observed_busy_ratio=0.540890 physical_stage1_items=41425 physical_stage1_total_ns=182916224417 physical_stage1_search_ns=171835525973 physical_stage1_prune_ns=5733187582 physical_stage1_allocate_write_ns=4017992235 physical_stage1_backlink_ns=856952985 physical_stage1_candidates=5298737 physical_stage1_remote_frontier_items=55926887 physical_stage1_neighbors=1305711 peer_stage1_enqueued=33130 peer_stage1_processed=33091 peer_stage1_items=66313 avg_peer_stage1_items=2.003959 peer_stage1_rate_per_sec=602.662814 peer_stage1_max_queue=47 peer_stage1_active_workers=3 peer_stage2_home_enqueued=296533 peer_stage2_home_processed=296533 peer_stage2_home_items=32594700 avg_peer_stage2_home_items=109.919301 peer_stage2_home_max_queue=47 peer_stage2_home_response_queue_drops=0 peer_stage2_home_response_send_wait_ms=12647.283443 avg_peer_stage2_home_queue_wait_us=130.324617 avg_peer_stage2_home_execution_us=68.623318 peer_stage1_release_deferred_batches=136 peer_stage1_release_deferred_items=217 peer_stage1_duplicate_retry_responses=0 peer_stage1_admission_retry_responses=0 peer_stage1_retry_response_drops=0 peer_stage1_admission_waiters=0 peer_stage1_admission_waiter_items=0 peer_stage1_admission_owned_items=0 peer_stage1_admission_wake_coverage=0 peer_stage1_admission_parked=0 peer_stage1_admission_woken=0 peer_stage1_admission_reparked=0 peer_stage1_max_admission_waiters=0 peer_stage1_duplicate_coalesced=36 peer_reverse_enqueued=14354 peer_reverse_processed=14335 peer_reverse_remaining=19 peer_reverse_items_enqueued=233123 peer_reverse_items_processed=232873 peer_reverse_rate_per_sec=2116.385888 peer_reverse_failed=15 peer_reverse_max_queue=62 reclaim_pending=114 reclaim_reused=4786 dynamic_high_watermark=20023260352 stage2_remaining=21052 cleanup_remaining=0 active_contexts=48 active_context_limit=48 repair_remaining=0 remaining=21436
[STATUS]: storage-owner maintenance observation: enqueued=44219 stage2_enqueued=44219 cleanup_enqueued=0 stage2_tasks_done=20966 stage2_finalized_live=20966 cleanup_processed=0 stale=0 stage2_completion_ratio=0.474140 live_stage2_completion_ratio=0.474140 avg_stage2_delay_ms=31039.885773 p99_stage2_delay_upper_ms=30000.000000 p99_stage2_delay_over_30s=true stage2_delay_histogram=0,0,0,0,0,1,21,14,95,212,269,425,729,349,707,1936,4680,11528 max_stage2_delay_ms=62476.215627 compaction_batch_target=32 compaction_max_delay_ms=25.000000 stage2_rate_per_sec=182.257079 stage1_search_budget_exhausted=0 stage2_search_budget_exhausted=0 stage2_continuations=21350 stage2_remote_frontier_items=28649135 avg_stage2_remote_frontier=1341.879859 stage2_remote_expansions=860337 avg_stage2_remote_expansions=40.296815 stage2_scored_candidates=52028351 avg_stage2_scored_candidates=2436.925105 stage2_graph_read_waves=199667 avg_stage2_expansions_per_graph_wave=4.308859 stage2_graph_unique_reads=902459 stage2_graph_prefetch_issued=595269 stage2_graph_prefetch_hits=557281 stage2_graph_prefetch_wasted=36520 stage2_graph_prefetch_promotion_ratio=0.938498 stage2_graph_issue_width_current=16 stage2_vector_read_waves=368650 avg_stage2_scores_per_vector_wave=141.132106 stage2_vector_unique_reads=33080010 stage2_home_rpc_batches=258996 stage2_home_rpc_items=29250922 avg_stage2_home_rpc_batch=112.939667 stage2_home_score_rpc_batches=114110 stage2_home_score_rpc_items=28348476 stage2_home_score_rpc_queries=670791 stage2_home_score_rpc_request_bytes=754077084 stage2_home_score_rpc_response_bytes=912122008 avg_stage2_home_score_queries_per_rpc=5.878459 avg_stage2_home_score_rpc_batch=248.431128 stage2_home_scored_neighbors=47295905 home_scores_per_expansion=1.616903 stage2_migrations=5169 home_match_rate=0.753458 stage2_final_edges=707950 stage2_cross_edges_stage1_home=217611 stage2_cross_edges_final_home=107847 cross_edge_reduction_ratio=0.504405 failed=0 rpc_timeouts=0 reverse_aggregate_batches=0 reverse_aggregate_logical_requests=0 reverse_aggregate_ops=0 avg_reverse_aggregate_logicals=0.000000 avg_reverse_aggregate_ops=0.000000 max_backlog=22877 admission_window=65536 completion_outstanding=23677 completion_incomplete=23253 completed_behind_hole=424 completion_logical_full_failures=0 completion_physical_full_failures=0 pressure_yields=1196662 stage2_batches=2693 avg_stage2_batch_size=7.927961 packing_target_batch=8 packing_admit_queue_avg=12068.158559 packing_admit_queue_max=22877 packing_batch_1_7=49 packing_batch_8=2644 packing_assembly_batches=2693 packing_assembly_wait_ms=79651083.440786 packing_arrival_interval_us=1860 packing_waited_batches=49 packing_wait_ms=975.893000 packing_target_flushes=2644 packing_deadline_flushes=49 packing_cleanup_flushes=0 stage2_phase_search_attempts=2650 stage2_phase_search_task_attempts=21006 stage2_phase_search_elapsed_ms=4019110.576770 avg_stage2_phase_search_us_per_task=191331.551784 stage2_phase_freeze_prune_attempts=3440 stage2_phase_freeze_prune_task_attempts=27315 stage2_phase_freeze_prune_elapsed_ms=153147.830430 avg_stage2_phase_freeze_prune_us_per_task=5606.730018 stage2_phase_reverse_prepare_attempts=2645 stage2_phase_reverse_prepare_task_attempts=20966 stage2_phase_reverse_prepare_elapsed_ms=332626.790604 avg_stage2_phase_reverse_prepare_us_per_task=15865.057264 stage2_phase_placement_authority_attempts=2645 stage2_phase_placement_authority_task_attempts=20966 stage2_phase_placement_authority_elapsed_ms=111424.120161 avg_stage2_phase_placement_authority_us_per_task=5314.514937 stage2_phase_completion_handoff_attempts=2645 stage2_phase_completion_handoff_task_attempts=20966 stage2_phase_completion_handoff_elapsed_ms=7.749288 avg_stage2_phase_completion_handoff_us_per_task=0.369612 stage2_phase_finalize_attempts=2645 stage2_phase_finalize_task_attempts=20966 stage2_phase_finalize_elapsed_ms=39.292325 avg_stage2_phase_finalize_us_per_task=1.874097 maintenance_worker_idle_waits=970560 maintenance_worker_idle_ms=419505.935534 maintenance_lost_wake_avoided=262024 maintenance_targeted_wakes=2741653 maintenance_generic_wakes=22652 maintenance_broadcast_wakes=0 maintenance_context_slots_scanned=12719408 maintenance_ready_notifications=829903 maintenance_ready_stale_notifications=67 maintenance_ready_tickets_drained=673755 maintenance_ready_overflow_scans=0 maintenance_ready_fallback_scans=795156 stage2_search_lane_lease_limit=32 stage2_search_lane_lease_peak=32 stage2_search_lane_lease_blocked=3501 maintenance_worker_observed_idle_ratio=0.455845 maintenance_worker_observed_busy_ratio=0.544155 physical_stage1_items=44232 physical_stage1_total_ns=194936003163 physical_stage1_search_ns=183148075464 physical_stage1_prune_ns=6108038806 physical_stage1_allocate_write_ns=4261741385 physical_stage1_backlink_ns=913878905 physical_stage1_candidates=5657731 physical_stage1_remote_frontier_items=59582396 physical_stage1_neighbors=1393224 peer_stage1_enqueued=35293 peer_stage1_processed=35284 peer_stage1_items=70886 avg_peer_stage1_items=2.009013 peer_stage1_rate_per_sec=616.210784 peer_stage1_max_queue=47 peer_stage1_active_workers=3 peer_stage2_home_enqueued=309713 peer_stage2_home_processed=309713 peer_stage2_home_items=34049520 avg_peer_stage2_home_items=109.938943 peer_stage2_home_max_queue=47 peer_stage2_home_response_queue_drops=0 peer_stage2_home_response_send_wait_ms=13324.390240 avg_peer_stage2_home_queue_wait_us=131.568988 avg_peer_stage2_home_execution_us=68.464148 peer_stage1_release_deferred_batches=137 peer_stage1_release_deferred_items=218 peer_stage1_duplicate_retry_responses=0 peer_stage1_admission_retry_responses=0 peer_stage1_retry_response_drops=0 peer_stage1_admission_waiters=0 peer_stage1_admission_waiter_items=0 peer_stage1_admission_owned_items=0 peer_stage1_admission_wake_coverage=0 peer_stage1_admission_parked=0 peer_stage1_admission_woken=0 peer_stage1_admission_reparked=0 peer_stage1_max_admission_waiters=0 peer_stage1_duplicate_coalesced=36 peer_reverse_enqueued=15035 peer_reverse_processed=15035 peer_reverse_remaining=0 peer_reverse_items_enqueued=244076 peer_reverse_items_processed=244076 peer_reverse_rate_per_sec=2121.748488 peer_reverse_failed=16 peer_reverse_max_queue=62 reclaim_pending=38 reclaim_reused=5131 dynamic_high_watermark=20025985376 stage2_remaining=22869 cleanup_remaining=0 active_contexts=48 active_context_limit=48 repair_remaining=0 remaining=23253
[STATUS]: storage-owner maintenance observation: enqueued=47478 stage2_enqueued=47478 cleanup_enqueued=0 stage2_tasks_done=22062 stage2_finalized_live=22062 cleanup_processed=0 stale=0 stage2_completion_ratio=0.464678 live_stage2_completion_ratio=0.464678 avg_stage2_delay_ms=32616.307365 p99_stage2_delay_upper_ms=30000.000000 p99_stage2_delay_over_30s=true stage2_delay_histogram=0,0,0,0,0,1,21,14,95,212,269,425,729,349,707,1936,4680,12624 max_stage2_delay_ms=64991.981917 compaction_batch_target=32 compaction_max_delay_ms=25.000000 stage2_rate_per_sec=183.795486 stage1_search_budget_exhausted=0 stage2_search_budget_exhausted=0 stage2_continuations=22446 stage2_remote_frontier_items=30011765 avg_stage2_remote_frontier=1337.065179 stage2_remote_expansions=894198 avg_stage2_remote_expansions=39.837744 stage2_scored_candidates=54387064 avg_stage2_scored_candidates=2423.018088 stage2_graph_read_waves=209189 avg_stage2_expansions_per_graph_wave=4.274594 stage2_graph_unique_reads=938496 stage2_graph_prefetch_issued=618025 stage2_graph_prefetch_hits=578750 stage2_graph_prefetch_wasted=38119 stage2_graph_prefetch_promotion_ratio=0.938206 stage2_graph_issue_width_current=16 stage2_vector_read_waves=386175 avg_stage2_scores_per_vector_wave=140.835279 stage2_vector_unique_reads=34640924 stage2_home_rpc_batches=271643 stage2_home_rpc_items=30637890 avg_stage2_home_rpc_batch=112.787335 stage2_home_score_rpc_batches=119591 stage2_home_score_rpc_items=29699410 stage2_home_score_rpc_queries=701355 stage2_home_score_rpc_request_bytes=789883212 stage2_home_score_rpc_response_bytes=955593376 avg_stage2_home_score_queries_per_rpc=5.864614 avg_stage2_home_score_rpc_batch=248.341514 stage2_home_scored_neighbors=49444839 home_scores_per_expansion=1.613846 stage2_migrations=5334 home_match_rate=0.758227 stage2_final_edges=743785 stage2_cross_edges_stage1_home=225465 stage2_cross_edges_final_home=112383 cross_edge_reduction_ratio=0.501550 failed=0 rpc_timeouts=0 reverse_aggregate_batches=0 reverse_aggregate_logical_requests=0 reverse_aggregate_ops=0 avg_reverse_aggregate_logicals=0.000000 avg_reverse_aggregate_ops=0.000000 max_backlog=25032 admission_window=65536 completion_outstanding=25584 completion_incomplete=25416 completed_behind_hole=168 completion_logical_full_failures=0 completion_physical_full_failures=0 pressure_yields=1254158 stage2_batches=2830 avg_stage2_batch_size=7.931449 packing_target_batch=8 packing_admit_queue_avg=12643.639223 packing_admit_queue_max=24957 packing_batch_1_7=49 packing_batch_8=2781 packing_assembly_batches=2830 packing_assembly_wait_ms=88115750.182244 packing_arrival_interval_us=1324 packing_waited_batches=49 packing_wait_ms=975.893000 packing_target_flushes=2781 packing_deadline_flushes=49 packing_cleanup_flushes=0 stage2_phase_search_attempts=2795 stage2_phase_search_task_attempts=22166 stage2_phase_search_elapsed_ms=4228449.240752 avg_stage2_phase_search_us_per_task=190762.845834 stage2_phase_freeze_prune_attempts=3622 stage2_phase_freeze_prune_task_attempts=28771 stage2_phase_freeze_prune_elapsed_ms=160532.519728 avg_stage2_phase_freeze_prune_us_per_task=5579.664236 stage2_phase_reverse_prepare_attempts=2784 stage2_phase_reverse_prepare_task_attempts=22078 stage2_phase_reverse_prepare_elapsed_ms=351281.497679 avg_stage2_phase_reverse_prepare_us_per_task=15910.929327 stage2_phase_placement_authority_attempts=2782 stage2_phase_placement_authority_task_attempts=22062 stage2_phase_placement_authority_elapsed_ms=117333.307345 avg_stage2_phase_placement_authority_us_per_task=5318.344091 stage2_phase_completion_handoff_attempts=2782 stage2_phase_completion_handoff_task_attempts=22062 stage2_phase_completion_handoff_elapsed_ms=8.152937 avg_stage2_phase_completion_handoff_us_per_task=0.369547 stage2_phase_finalize_attempts=2782 stage2_phase_finalize_task_attempts=22062 stage2_phase_finalize_elapsed_ms=41.190296 avg_stage2_phase_finalize_us_per_task=1.867025 maintenance_worker_idle_waits=1015168 maintenance_worker_idle_ms=434893.530196 maintenance_lost_wake_avoided=273366 maintenance_targeted_wakes=2861736 maintenance_generic_wakes=24222 maintenance_broadcast_wakes=0 maintenance_context_slots_scanned=13290352 maintenance_ready_notifications=869475 maintenance_ready_stale_notifications=73 maintenance_ready_tickets_drained=705815 maintenance_ready_overflow_scans=0 maintenance_ready_fallback_scans=830824 stage2_search_lane_lease_limit=32 stage2_search_lane_lease_peak=32 stage2_search_lane_lease_blocked=3501 maintenance_worker_observed_idle_ratio=0.452880 maintenance_worker_observed_busy_ratio=0.547120 physical_stage1_items=47494 physical_stage1_total_ns=208423775579 physical_stage1_search_ns=195826348052 physical_stage1_prune_ns=6543021990 physical_stage1_allocate_write_ns=4528820659 physical_stage1_backlink_ns=979334890 physical_stage1_candidates=6074743 physical_stage1_remote_frontier_items=63875093 physical_stage1_neighbors=1494780 peer_stage1_enqueued=37631 peer_stage1_processed=37600 peer_stage1_items=76113 avg_peer_stage1_items=2.024282 peer_stage1_rate_per_sec=634.086929 peer_stage1_max_queue=47 peer_stage1_active_workers=3 peer_stage2_home_enqueued=321749 peer_stage2_home_processed=321749 peer_stage2_home_items=35358257 avg_peer_stage2_home_items=109.893914 peer_stage2_home_max_queue=47 peer_stage2_home_response_queue_drops=0 peer_stage2_home_response_send_wait_ms=13740.889673 avg_peer_stage2_home_queue_wait_us=131.406938 avg_peer_stage2_home_execution_us=68.092300 peer_stage1_release_deferred_batches=139 peer_stage1_release_deferred_items=221 peer_stage1_duplicate_retry_responses=0 peer_stage1_admission_retry_responses=0 peer_stage1_retry_response_drops=0 peer_stage1_admission_waiters=0 peer_stage1_admission_waiter_items=0 peer_stage1_admission_owned_items=0 peer_stage1_admission_wake_coverage=0 peer_stage1_admission_parked=0 peer_stage1_admission_woken=0 peer_stage1_admission_reparked=0 peer_stage1_max_admission_waiters=0 peer_stage1_duplicate_coalesced=37 peer_reverse_enqueued=15726 peer_reverse_processed=15726 peer_reverse_remaining=0 peer_reverse_items_enqueued=252552 peer_reverse_items_processed=252552 peer_reverse_rate_per_sec=2103.975956 peer_reverse_failed=20 peer_reverse_max_queue=62 reclaim_pending=15 reclaim_reused=5319 dynamic_high_watermark=20029242112 stage2_remaining=25032 cleanup_remaining=0 active_contexts=48 active_context_limit=48 repair_remaining=0 remaining=25416
[STATUS]: storage-owner maintenance observation: enqueued=51075 stage2_enqueued=51070 cleanup_enqueued=0 stage2_tasks_done=23398 stage2_finalized_live=23398 cleanup_processed=0 stale=0 stage2_completion_ratio=0.458155 live_stage2_completion_ratio=0.458155 avg_stage2_delay_ms=34410.992705 p99_stage2_delay_upper_ms=30000.000000 p99_stage2_delay_over_30s=true stage2_delay_histogram=0,0,0,0,0,1,21,14,95,212,269,425,729,349,707,1936,4680,13960 max_stage2_delay_ms=66176.587726 compaction_batch_target=32 compaction_max_delay_ms=25.000000 stage2_rate_per_sec=187.130688 stage1_search_budget_exhausted=0 stage2_search_budget_exhausted=0 stage2_continuations=23782 stage2_remote_frontier_items=31779938 avg_stage2_remote_frontier=1336.302161 stage2_remote_expansions=934199 avg_stage2_remote_expansions=39.281768 stage2_scored_candidates=57336958 avg_stage2_scored_candidates=2410.939282 stage2_graph_read_waves=218892 avg_stage2_expansions_per_graph_wave=4.267854 stage2_graph_unique_reads=979295 stage2_graph_prefetch_issued=645479 stage2_graph_prefetch_hits=604410 stage2_graph_prefetch_wasted=39819 stage2_graph_prefetch_promotion_ratio=0.938191 stage2_graph_issue_width_current=16 stage2_vector_read_waves=406048 avg_stage2_scores_per_vector_wave=141.207340 stage2_vector_unique_reads=36622198 stage2_home_rpc_batches=288163 stage2_home_rpc_items=32406559 avg_stage2_home_rpc_batch=112.459126 stage2_home_score_rpc_batches=126589 stage2_home_score_rpc_items=31427267 stage2_home_score_rpc_queries=740696 stage2_home_score_rpc_request_bytes=835666360 stage2_home_score_rpc_response_bytes=1011181152 avg_stage2_home_score_queries_per_rpc=5.851188 avg_stage2_home_score_rpc_batch=248.262227 stage2_home_scored_neighbors=52143301 home_scores_per_expansion=1.609035 stage2_migrations=5560 home_match_rate=0.762373 stage2_final_edges=791223 stage2_cross_edges_stage1_home=236875 stage2_cross_edges_final_home=119166 cross_edge_reduction_ratio=0.496925 failed=0 rpc_timeouts=0 reverse_aggregate_batches=0 reverse_aggregate_logical_requests=0 reverse_aggregate_ops=0 avg_reverse_aggregate_logicals=0.000000 avg_reverse_aggregate_ops=0.000000 max_backlog=27293 admission_window=65536 completion_outstanding=27893 completion_incomplete=27677 completed_behind_hole=216 completion_logical_full_failures=0 completion_physical_full_failures=0 pressure_yields=1302055 stage2_batches=2997 avg_stage2_batch_size=7.935269 packing_target_batch=8 packing_admit_queue_avg=13399.905906 packing_admit_queue_max=27253 packing_batch_1_7=49 packing_batch_8=2948 packing_assembly_batches=2997 packing_assembly_wait_ms=98569736.497319 packing_arrival_interval_us=1845 packing_waited_batches=49 packing_wait_ms=975.893000 packing_target_flushes=2948 packing_deadline_flushes=49 packing_cleanup_flushes=0 stage2_phase_search_attempts=2953 stage2_phase_search_task_attempts=23430 stage2_phase_search_elapsed_ms=4412942.597328 avg_stage2_phase_search_us_per_task=188345.821482 stage2_phase_freeze_prune_attempts=3793 stage2_phase_freeze_prune_task_attempts=30139 stage2_phase_freeze_prune_elapsed_ms=166031.332996 avg_stage2_phase_freeze_prune_us_per_task=5508.853412 stage2_phase_reverse_prepare_attempts=2949 stage2_phase_reverse_prepare_task_attempts=23398 stage2_phase_reverse_prepare_elapsed_ms=386448.145330 avg_stage2_phase_reverse_prepare_us_per_task=16516.289654 stage2_phase_placement_authority_attempts=2949 stage2_phase_placement_authority_task_attempts=23398 stage2_phase_placement_authority_elapsed_ms=128085.364519 avg_stage2_phase_placement_authority_us_per_task=5474.201407 stage2_phase_completion_handoff_attempts=2949 stage2_phase_completion_handoff_task_attempts=23398 stage2_phase_completion_handoff_elapsed_ms=8.630106 avg_stage2_phase_completion_handoff_us_per_task=0.368839 stage2_phase_finalize_attempts=2949 stage2_phase_finalize_task_attempts=23398 stage2_phase_finalize_elapsed_ms=43.433592 avg_stage2_phase_finalize_us_per_task=1.856295 maintenance_worker_idle_waits=1050368 maintenance_worker_idle_ms=448372.912453 maintenance_lost_wake_avoided=281575 maintenance_targeted_wakes=2968894 maintenance_generic_wakes=25822 maintenance_broadcast_wakes=0 maintenance_context_slots_scanned=13693952 maintenance_ready_notifications=913349 maintenance_ready_stale_notifications=79 maintenance_ready_tickets_drained=740687 maintenance_ready_overflow_scans=0 maintenance_ready_fallback_scans=856101 stage2_search_lane_lease_limit=32 stage2_search_lane_lease_peak=32 stage2_search_lane_lease_blocked=3501 maintenance_worker_observed_idle_ratio=0.448245 maintenance_worker_observed_busy_ratio=0.551755 physical_stage1_items=51092 physical_stage1_total_ns=223514646341 physical_stage1_search_ns=209868002460 physical_stage1_prune_ns=7090204221 physical_stage1_allocate_write_ns=4903351770 physical_stage1_backlink_ns=1064378435 physical_stage1_candidates=6534800 physical_stage1_remote_frontier_items=68455050 physical_stage1_neighbors=1613338 peer_stage1_enqueued=39754 peer_stage1_processed=39727 peer_stage1_items=81893 avg_peer_stage1_items=2.061394 peer_stage1_rate_per_sec=654.957408 peer_stage1_max_queue=47 peer_stage1_active_workers=3 peer_stage2_home_enqueued=333634 peer_stage2_home_processed=333633 peer_stage2_home_items=36705275 avg_peer_stage2_home_items=110.016920 peer_stage2_home_max_queue=47 peer_stage2_home_response_queue_drops=0 peer_stage2_home_response_send_wait_ms=14263.743020 avg_peer_stage2_home_queue_wait_us=131.871111 avg_peer_stage2_home_execution_us=67.839573 peer_stage1_release_deferred_batches=139 peer_stage1_release_deferred_items=221 peer_stage1_duplicate_retry_responses=0 peer_stage1_admission_retry_responses=0 peer_stage1_retry_response_drops=0 peer_stage1_admission_waiters=0 peer_stage1_admission_waiter_items=0 peer_stage1_admission_owned_items=0 peer_stage1_admission_wake_coverage=0 peer_stage1_admission_parked=0 peer_stage1_admission_woken=0 peer_stage1_admission_reparked=0 peer_stage1_max_admission_waiters=0 peer_stage1_duplicate_coalesced=37 peer_reverse_enqueued=16417 peer_reverse_processed=16405 peer_reverse_remaining=12 peer_reverse_items_enqueued=260373 peer_reverse_items_processed=260297 peer_reverse_rate_per_sec=2081.782916 peer_reverse_failed=20 peer_reverse_max_queue=62 reclaim_pending=27 reclaim_reused=5533 dynamic_high_watermark=20032791488 stage2_remaining=27288 cleanup_remaining=0 active_contexts=48 active_context_limit=48 repair_remaining=0 remaining=27677
[STATUS]: storage-owner maintenance observation: enqueued=54539 stage2_enqueued=54539 cleanup_enqueued=0 stage2_tasks_done=24918 stage2_finalized_live=24918 cleanup_processed=0 stale=0 stage2_completion_ratio=0.456884 live_stage2_completion_ratio=0.456884 avg_stage2_delay_ms=36243.357797 p99_stage2_delay_upper_ms=30000.000000 p99_stage2_delay_over_30s=true stage2_delay_histogram=0,0,0,0,0,1,21,14,95,212,269,425,729,349,707,1936,4680,15480 max_stage2_delay_ms=66176.587726 compaction_batch_target=32 compaction_max_delay_ms=25.000000 stage2_rate_per_sec=191.623893 stage1_search_budget_exhausted=0 stage2_search_budget_exhausted=0 stage2_continuations=25302 stage2_remote_frontier_items=33958065 avg_stage2_remote_frontier=1342.109912 stage2_remote_expansions=990758 avg_stage2_remote_expansions=39.157300 stage2_scored_candidates=61227487 avg_stage2_scored_candidates=2419.867481 stage2_graph_read_waves=232053 avg_stage2_expansions_per_graph_wave=4.269533 stage2_graph_unique_reads=1039206 stage2_graph_prefetch_issued=687389 stage2_graph_prefetch_hits=644431 stage2_graph_prefetch_wasted=41851 stage2_graph_prefetch_promotion_ratio=0.939018 stage2_graph_issue_width_current=16 stage2_vector_read_waves=433583 avg_stage2_scores_per_vector_wave=141.212840 stage2_vector_unique_reads=39128125 stage2_home_rpc_batches=308753 stage2_home_rpc_items=34611194 avg_stage2_home_rpc_batch=112.099944 stage2_home_score_rpc_batches=135309 stage2_home_score_rpc_items=33572013 stage2_home_score_rpc_queries=791037 stage2_home_score_rpc_request_bytes=892667648 stage2_home_score_rpc_response_bytes=1080190072 avg_stage2_home_score_queries_per_rpc=5.846152 avg_stage2_home_score_rpc_batch=248.113673 stage2_home_scored_neighbors=55672604 home_scores_per_expansion=1.608514 stage2_migrations=5880 home_match_rate=0.764026 stage2_final_edges=845495 stage2_cross_edges_stage1_home=251879 stage2_cross_edges_final_home=126934 cross_edge_reduction_ratio=0.496052 failed=0 rpc_timeouts=0 reverse_aggregate_batches=0 reverse_aggregate_logical_requests=0 reverse_aggregate_ops=0 avg_reverse_aggregate_logicals=0.000000 avg_reverse_aggregate_ops=0.000000 max_backlog=29243 admission_window=65536 completion_outstanding=30013 completion_incomplete=29621 completed_behind_hole=392 completion_logical_full_failures=0 completion_physical_full_failures=0 pressure_yields=1372162 stage2_batches=3187 avg_stage2_batch_size=7.939128 packing_target_batch=8 packing_admit_queue_avg=14306.016630 packing_admit_queue_max=29243 packing_batch_1_7=49 packing_batch_8=3138 packing_assembly_batches=3187 packing_assembly_wait_ms=110596328.249363 packing_arrival_interval_us=1830 packing_waited_batches=49 packing_wait_ms=975.893000 packing_target_flushes=3138 packing_deadline_flushes=49 packing_cleanup_flushes=0 stage2_phase_search_attempts=3143 stage2_phase_search_task_attempts=24950 stage2_phase_search_elapsed_ms=4640726.467695 avg_stage2_phase_search_us_per_task=186001.060829 stage2_phase_freeze_prune_attempts=4037 stage2_phase_freeze_prune_task_attempts=32091 stage2_phase_freeze_prune_elapsed_ms=172498.553704 avg_stage2_phase_freeze_prune_us_per_task=5375.293811 stage2_phase_reverse_prepare_attempts=3140 stage2_phase_reverse_prepare_task_attempts=24926 stage2_phase_reverse_prepare_elapsed_ms=405360.320786 avg_stage2_phase_reverse_prepare_us_per_task=16262.549979 stage2_phase_placement_authority_attempts=3139 stage2_phase_placement_authority_task_attempts=24918 stage2_phase_placement_authority_elapsed_ms=133485.035013 avg_stage2_phase_placement_authority_us_per_task=5356.972270 stage2_phase_completion_handoff_attempts=3139 stage2_phase_completion_handoff_task_attempts=24918 stage2_phase_completion_handoff_elapsed_ms=9.090179 avg_stage2_phase_completion_handoff_us_per_task=0.364804 stage2_phase_finalize_attempts=3139 stage2_phase_finalize_task_attempts=24918 stage2_phase_finalize_elapsed_ms=45.888286 avg_stage2_phase_finalize_us_per_task=1.841572 maintenance_worker_idle_waits=1102528 maintenance_worker_idle_ms=462411.586249 maintenance_lost_wake_avoided=296155 maintenance_targeted_wakes=3144338 maintenance_generic_wakes=27392 maintenance_broadcast_wakes=0 maintenance_context_slots_scanned=14384752 maintenance_ready_notifications=973232 maintenance_ready_stale_notifications=86 maintenance_ready_tickets_drained=787781 maintenance_ready_overflow_scans=0 maintenance_ready_fallback_scans=899197 stage2_search_lane_lease_limit=32 stage2_search_lane_lease_peak=32 stage2_search_lane_lease_blocked=3517 maintenance_worker_observed_idle_ratio=0.444504 maintenance_worker_observed_busy_ratio=0.555496 physical_stage1_items=54539 physical_stage1_total_ns=238030812067 physical_stage1_search_ns=223413837229 physical_stage1_prune_ns=7577645817 physical_stage1_allocate_write_ns=5268272585 physical_stage1_backlink_ns=1142374520 physical_stage1_candidates=6974894 physical_stage1_remote_frontier_items=73171569 physical_stage1_neighbors=1722211 peer_stage1_enqueued=41920 peer_stage1_processed=41883 peer_stage1_items=87393 avg_peer_stage1_items=2.086598 peer_stage1_rate_per_sec=672.067858 peer_stage1_max_queue=47 peer_stage1_active_workers=3 peer_stage2_home_enqueued=347882 peer_stage2_home_processed=347882 peer_stage2_home_items=38383143 avg_peer_stage2_home_items=110.333800 peer_stage2_home_max_queue=47 peer_stage2_home_response_queue_drops=0 peer_stage2_home_response_send_wait_ms=14795.996376 avg_peer_stage2_home_queue_wait_us=133.051455 avg_peer_stage2_home_execution_us=67.721773 peer_stage1_release_deferred_batches=140 peer_stage1_release_deferred_items=229 peer_stage1_duplicate_retry_responses=0 peer_stage1_admission_retry_responses=0 peer_stage1_retry_response_drops=0 peer_stage1_admission_waiters=0 peer_stage1_admission_waiter_items=0 peer_stage1_admission_owned_items=0 peer_stage1_admission_wake_coverage=0 peer_stage1_admission_parked=0 peer_stage1_admission_woken=0 peer_stage1_admission_reparked=0 peer_stage1_max_admission_waiters=0 peer_stage1_duplicate_coalesced=38 peer_reverse_enqueued=17266 peer_reverse_processed=17264 peer_reverse_remaining=2 peer_reverse_items_enqueued=271806 peer_reverse_items_processed=271778 peer_reverse_rate_per_sec=2090.021607 peer_reverse_failed=21 peer_reverse_max_queue=62 reclaim_pending=82 reclaim_reused=5798 dynamic_high_watermark=20036203968 stage2_remaining=29237 cleanup_remaining=0 active_contexts=48 active_context_limit=48 repair_remaining=0 remaining=29621
[STATUS]: storage-owner maintenance observation: enqueued=56378 stage2_enqueued=56378 cleanup_enqueued=0 stage2_tasks_done=26086 stage2_finalized_live=26086 cleanup_processed=0 stale=0 stage2_completion_ratio=0.462698 live_stage2_completion_ratio=0.462698 avg_stage2_delay_ms=37516.429744 p99_stage2_delay_upper_ms=30000.000000 p99_stage2_delay_over_30s=true stage2_delay_histogram=0,0,0,0,0,1,21,14,95,212,269,425,729,349,707,1936,4680,16648 max_stage2_delay_ms=66259.216092 compaction_batch_target=32 compaction_max_delay_ms=25.000000 stage2_rate_per_sec=193.178002 stage1_search_budget_exhausted=0 stage2_search_budget_exhausted=0 stage2_continuations=26462 stage2_remote_frontier_items=35878641 avg_stage2_remote_frontier=1355.855226 stage2_remote_expansions=1043785 avg_stage2_remote_expansions=39.444675 stage2_scored_candidates=64964534 avg_stage2_scored_candidates=2455.012244 stage2_graph_read_waves=244440 avg_stage2_expansions_per_graph_wave=4.270107 stage2_graph_unique_reads=1097346 stage2_graph_prefetch_issued=728009 stage2_graph_prefetch_hits=682697 stage2_graph_prefetch_wasted=43778 stage2_graph_prefetch_promotion_ratio=0.939739 stage2_graph_issue_width_current=16 stage2_vector_read_waves=459486 avg_stage2_scores_per_vector_wave=141.385230 stage2_vector_unique_reads=41436951 stage2_home_rpc_batches=325494 stage2_home_rpc_items=36619377 avg_stage2_home_rpc_batch=112.504000 stage2_home_score_rpc_batches=143274 stage2_home_score_rpc_items=35522031 stage2_home_score_rpc_queries=837674 stage2_home_score_rpc_request_bytes=944662268 stage2_home_score_rpc_response_bytes=1142960336 avg_stage2_home_score_queries_per_rpc=5.846657 avg_stage2_home_score_rpc_batch=247.930755 stage2_home_scored_neighbors=59048568 home_scores_per_expansion=1.612495 stage2_migrations=6157 home_match_rate=0.763973 stage2_final_edges=887248 stage2_cross_edges_stage1_home=264197 stage2_cross_edges_final_home=133351 cross_edge_reduction_ratio=0.495259 failed=0 rpc_timeouts=0 reverse_aggregate_batches=0 reverse_aggregate_logical_requests=0 reverse_aggregate_ops=0 avg_reverse_aggregate_logicals=0.000000 avg_reverse_aggregate_ops=0.000000 max_backlog=30431 admission_window=65536 completion_outstanding=30452 completion_incomplete=30292 completed_behind_hole=160 completion_logical_full_failures=0 completion_physical_full_failures=0 pressure_yields=1457715 stage2_batches=3332 avg_stage2_batch_size=7.941777 packing_target_batch=8 packing_admit_queue_avg=14984.445678 packing_admit_queue_max=30431 packing_batch_1_7=49 packing_batch_8=3283 packing_assembly_batches=3332 packing_assembly_wait_ms=119774665.792619 packing_arrival_interval_us=25000 packing_waited_batches=49 packing_wait_ms=975.893000 packing_target_flushes=3283 packing_deadline_flushes=49 packing_cleanup_flushes=0 stage2_phase_search_attempts=3299 stage2_phase_search_task_attempts=26198 stage2_phase_search_elapsed_ms=4836940.360886 avg_stage2_phase_search_us_per_task=184630.138212 stage2_phase_freeze_prune_attempts=4252 stage2_phase_freeze_prune_task_attempts=33811 stage2_phase_freeze_prune_elapsed_ms=179268.395595 avg_stage2_phase_freeze_prune_us_per_task=5302.073159 stage2_phase_reverse_prepare_attempts=3289 stage2_phase_reverse_prepare_task_attempts=26118 stage2_phase_reverse_prepare_elapsed_ms=422572.071135 avg_stage2_phase_reverse_prepare_us_per_task=16179.342642 stage2_phase_placement_authority_attempts=3285 stage2_phase_placement_authority_task_attempts=26086 stage2_phase_placement_authority_elapsed_ms=137640.499700 avg_stage2_phase_placement_authority_us_per_task=5276.412624 stage2_phase_completion_handoff_attempts=3285 stage2_phase_completion_handoff_task_attempts=26086 stage2_phase_completion_handoff_elapsed_ms=9.469722 avg_stage2_phase_completion_handoff_us_per_task=0.363019 stage2_phase_finalize_attempts=3285 stage2_phase_finalize_task_attempts=26086 stage2_phase_finalize_elapsed_ms=48.048853 avg_stage2_phase_finalize_us_per_task=1.841940 maintenance_worker_idle_waits=1169728 maintenance_worker_idle_ms=475646.865051 maintenance_lost_wake_avoided=320594 maintenance_targeted_wakes=3368368 maintenance_generic_wakes=28251 maintenance_broadcast_wakes=0 maintenance_context_slots_scanned=15355424 maintenance_ready_notifications=1029127 maintenance_ready_stale_notifications=87 maintenance_ready_tickets_drained=832042 maintenance_ready_overflow_scans=0 maintenance_ready_fallback_scans=959951 stage2_search_lane_lease_limit=32 stage2_search_lane_lease_peak=32 stage2_search_lane_lease_blocked=3693 maintenance_worker_observed_idle_ratio=0.440296 maintenance_worker_observed_busy_ratio=0.559704 physical_stage1_items=56378 physical_stage1_total_ns=245709263522 physical_stage1_search_ns=230587230870 physical_stage1_prune_ns=7822232934 physical_stage1_allocate_write_ns=5470426252 physical_stage1_backlink_ns=1180335586 physical_stage1_candidates=7209939 physical_stage1_remote_frontier_items=75542304 physical_stage1_neighbors=1779718 peer_stage1_enqueued=43145 peer_stage1_processed=43145 peer_stage1_items=90394 avg_peer_stage1_items=2.095121 peer_stage1_rate_per_sec=669.406285 peer_stage1_max_queue=47 peer_stage1_active_workers=0 peer_stage2_home_enqueued=368332 peer_stage2_home_processed=368332 peer_stage2_home_items=40891036 avg_peer_stage2_home_items=111.016789 peer_stage2_home_max_queue=47 peer_stage2_home_response_queue_drops=0 peer_stage2_home_response_send_wait_ms=15346.109961 avg_peer_stage2_home_queue_wait_us=131.958704 avg_peer_stage2_home_execution_us=67.844545 peer_stage1_release_deferred_batches=140 peer_stage1_release_deferred_items=229 peer_stage1_duplicate_retry_responses=0 peer_stage1_admission_retry_responses=0 peer_stage1_retry_response_drops=0 peer_stage1_admission_waiters=0 peer_stage1_admission_waiter_items=0 peer_stage1_admission_owned_items=0 peer_stage1_admission_wake_coverage=0 peer_stage1_admission_parked=0 peer_stage1_admission_woken=0 peer_stage1_admission_reparked=0 peer_stage1_max_admission_waiters=0 peer_stage1_duplicate_coalesced=38 peer_reverse_enqueued=18350 peer_reverse_processed=18348 peer_reverse_remaining=2 peer_reverse_items_enqueued=285390 peer_reverse_items_processed=285372 peer_reverse_rate_per_sec=2113.301883 peer_reverse_failed=22 peer_reverse_max_queue=71 reclaim_pending=86 reclaim_reused=6071 dynamic_high_watermark=20038043136 stage2_remaining=29916 cleanup_remaining=0 active_contexts=47 active_context_limit=48 repair_remaining=0 remaining=30292
[STATUS]: storage-owner maintenance observation: enqueued=56381 stage2_enqueued=56381 cleanup_enqueued=0 stage2_tasks_done=29774 stage2_finalized_live=29774 cleanup_processed=0 stale=0 stage2_completion_ratio=0.528086 live_stage2_completion_ratio=0.528086 avg_stage2_delay_ms=40117.471097 p99_stage2_delay_upper_ms=30000.000000 p99_stage2_delay_over_30s=true stage2_delay_histogram=0,0,0,0,0,1,21,14,95,212,269,425,729,349,707,1936,4680,20336 max_stage2_delay_ms=67925.253809 compaction_batch_target=32 compaction_max_delay_ms=25.000000 stage2_rate_per_sec=212.616609 stage1_search_budget_exhausted=0 stage2_search_budget_exhausted=0 stage2_continuations=30158 stage2_remote_frontier_items=40871402 avg_stage2_remote_frontier=1355.242456 stage2_remote_expansions=1186783 avg_stage2_remote_expansions=39.352179 stage2_scored_candidates=74478439 avg_stage2_scored_candidates=2469.608031 stage2_graph_read_waves=277565 avg_stage2_expansions_per_graph_wave=4.275694 stage2_graph_unique_reads=1244226 stage2_graph_prefetch_issued=825149 stage2_graph_prefetch_hits=774104 stage2_graph_prefetch_wasted=49969 stage2_graph_prefetch_promotion_ratio=0.939363 stage2_graph_issue_width_current=16 stage2_vector_read_waves=525586 avg_stage2_scores_per_vector_wave=141.705523 stage2_vector_unique_reads=47245433 stage2_home_rpc_batches=371786 stage2_home_rpc_items=41727115 avg_stage2_home_rpc_batch=112.234229 stage2_home_score_rpc_batches=163560 stage2_home_score_rpc_items=40482889 stage2_home_score_rpc_queries=955188 stage2_home_score_rpc_request_bytes=1076788044 stage2_home_score_rpc_response_bytes=1302642840 avg_stage2_home_score_queries_per_rpc=5.839985 avg_stage2_home_score_rpc_batch=247.510938 stage2_home_scored_neighbors=67714937 home_scores_per_expansion=1.622804 stage2_migrations=7086 home_match_rate=0.762007 stage2_final_edges=1021525 stage2_cross_edges_stage1_home=304654 stage2_cross_edges_final_home=152441 cross_edge_reduction_ratio=0.499626 failed=0 rpc_timeouts=0 reverse_aggregate_batches=0 reverse_aggregate_logical_requests=0 reverse_aggregate_ops=0 avg_reverse_aggregate_logicals=0.000000 avg_reverse_aggregate_ops=0.000000 max_backlog=30431 admission_window=65536 completion_outstanding=27015 completion_incomplete=26607 completed_behind_hole=408 completion_logical_full_failures=0 completion_physical_full_failures=0 pressure_yields=1570189 stage2_batches=3794 avg_stage2_batch_size=7.948867 packing_target_batch=8 packing_admit_queue_avg=16578.409331 packing_admit_queue_max=30431 packing_batch_1_7=49 packing_batch_8=3745 packing_assembly_batches=3794 packing_assembly_wait_ms=146000943.125459 packing_arrival_interval_us=25000 packing_waited_batches=49 packing_wait_ms=975.893000 packing_target_flushes=3745 packing_deadline_flushes=49 packing_cleanup_flushes=0 stage2_phase_search_attempts=3756 stage2_phase_search_task_attempts=29854 stage2_phase_search_elapsed_ms=5058107.713879 avg_stage2_phase_search_us_per_task=169428.140748 stage2_phase_freeze_prune_attempts=4857 stage2_phase_freeze_prune_task_attempts=38651 stage2_phase_freeze_prune_elapsed_ms=183909.662127 avg_stage2_phase_freeze_prune_us_per_task=4758.212262 stage2_phase_reverse_prepare_attempts=3746 stage2_phase_reverse_prepare_task_attempts=29774 stage2_phase_reverse_prepare_elapsed_ms=447721.020725 avg_stage2_phase_reverse_prepare_us_per_task=15037.315131 stage2_phase_placement_authority_attempts=3746 stage2_phase_placement_authority_task_attempts=29774 stage2_phase_placement_authority_elapsed_ms=145850.204165 avg_stage2_phase_placement_authority_us_per_task=4898.576079 stage2_phase_completion_handoff_attempts=3746 stage2_phase_completion_handoff_task_attempts=29774 stage2_phase_completion_handoff_elapsed_ms=10.289604 avg_stage2_phase_completion_handoff_us_per_task=0.345590 stage2_phase_finalize_attempts=3746 stage2_phase_finalize_task_attempts=29774 stage2_phase_finalize_elapsed_ms=53.165639 avg_stage2_phase_finalize_us_per_task=1.785640 maintenance_worker_idle_waits=1249344 maintenance_worker_idle_ms=482565.469737 maintenance_lost_wake_avoided=353291 maintenance_targeted_wakes=3865743 maintenance_generic_wakes=28254 maintenance_broadcast_wakes=0 maintenance_context_slots_scanned=16659232 maintenance_ready_notifications=1176075 maintenance_ready_stale_notifications=88 maintenance_ready_tickets_drained=941271 maintenance_ready_overflow_scans=0 maintenance_ready_fallback_scans=1041583 stage2_search_lane_lease_limit=32 stage2_search_lane_lease_peak=32 stage2_search_lane_lease_blocked=13380 maintenance_worker_observed_idle_ratio=0.430751 maintenance_worker_observed_busy_ratio=0.569249 physical_stage1_items=56381 physical_stage1_total_ns=245730808869 physical_stage1_search_ns=230607702331 physical_stage1_prune_ns=7822802622 physical_stage1_allocate_write_ns=5470726359 physical_stage1_backlink_ns=1180457011 physical_stage1_candidates=7210323 physical_stage1_remote_frontier_items=75545453 physical_stage1_neighbors=1779763 peer_stage1_enqueued=43152 peer_stage1_processed=43152 peer_stage1_items=90400 avg_peer_stage1_items=2.094920 peer_stage1_rate_per_sec=645.547843 peer_stage1_max_queue=47 peer_stage1_active_workers=0 peer_stage2_home_enqueued=398163 peer_stage2_home_processed=398163 peer_stage2_home_items=44739978 avg_peer_stage2_home_items=112.365986 peer_stage2_home_max_queue=47 peer_stage2_home_response_queue_drops=0 peer_stage2_home_response_send_wait_ms=15689.525851 avg_peer_stage2_home_queue_wait_us=123.376305 avg_peer_stage2_home_execution_us=69.584907 peer_stage1_release_deferred_batches=141 peer_stage1_release_deferred_items=230 peer_stage1_duplicate_retry_responses=0 peer_stage1_admission_retry_responses=0 peer_stage1_retry_response_drops=0 peer_stage1_admission_waiters=0 peer_stage1_admission_waiter_items=0 peer_stage1_admission_owned_items=0 peer_stage1_admission_wake_coverage=0 peer_stage1_admission_parked=0 peer_stage1_admission_woken=0 peer_stage1_admission_reparked=0 peer_stage1_max_admission_waiters=0 peer_stage1_duplicate_coalesced=38 peer_reverse_enqueued=19793 peer_reverse_processed=19792 peer_reverse_remaining=1 peer_reverse_items_enqueued=311259 peer_reverse_items_processed=311223 peer_reverse_rate_per_sec=2222.448411 peer_reverse_failed=27 peer_reverse_max_queue=71 reclaim_pending=501 reclaim_reused=6585 dynamic_high_watermark=20038098688 stage2_remaining=26223 cleanup_remaining=0 active_contexts=48 active_context_limit=48 repair_remaining=0 remaining=26607
[STATUS]: storage-owner maintenance observation: enqueued=56381 stage2_enqueued=56381 cleanup_enqueued=0 stage2_tasks_done=38030 stage2_finalized_live=38030 cleanup_processed=0 stale=0 stage2_completion_ratio=0.674518 live_stage2_completion_ratio=0.674518 avg_stage2_delay_ms=41222.518230 p99_stage2_delay_upper_ms=30000.000000 p99_stage2_delay_over_30s=true stage2_delay_histogram=0,0,0,0,0,1,21,14,95,212,269,425,729,349,707,1936,4680,28592 max_stage2_delay_ms=67925.253809 compaction_batch_target=32 compaction_max_delay_ms=25.000000 stage2_rate_per_sec=262.210559 stage1_search_budget_exhausted=0 stage2_search_budget_exhausted=0 stage2_continuations=38414 stage2_remote_frontier_items=51910588 avg_stage2_remote_frontier=1351.345551 stage2_remote_expansions=1500484 avg_stage2_remote_expansions=39.060863 stage2_scored_candidates=94244579 avg_stage2_scored_candidates=2453.391446 stage2_graph_read_waves=352729 avg_stage2_expansions_per_graph_wave=4.253929 stage2_graph_unique_reads=1571756 stage2_graph_prefetch_issued=1047779 stage2_graph_prefetch_hits=983948 stage2_graph_prefetch_wasted=62300 stage2_graph_prefetch_promotion_ratio=0.940454 stage2_graph_issue_width_current=16 stage2_vector_read_waves=675005 avg_stage2_scores_per_vector_wave=139.620564 stage2_vector_unique_reads=60078795 stage2_home_rpc_batches=474384 stage2_home_rpc_items=52987654 avg_stage2_home_rpc_batch=111.697810 stage2_home_score_rpc_batches=208361 stage2_home_score_rpc_items=51415905 stage2_home_score_rpc_queries=1215205 stage2_home_score_rpc_request_bytes=1368132620 stage2_home_score_rpc_response_bytes=1654571456 avg_stage2_home_score_queries_per_rpc=5.832209 avg_stage2_home_score_rpc_batch=246.763574 stage2_home_scored_neighbors=85579748 home_scores_per_expansion=1.615088 stage2_migrations=8875 home_match_rate=0.766632 stage2_final_edges=1305887 stage2_cross_edges_stage1_home=385067 stage2_cross_edges_final_home=196655 cross_edge_reduction_ratio=0.489297 failed=0 rpc_timeouts=0 reverse_aggregate_batches=0 reverse_aggregate_logical_requests=0 reverse_aggregate_ops=0 avg_reverse_aggregate_logicals=0.000000 avg_reverse_aggregate_ops=0.000000 max_backlog=30431 admission_window=65536 completion_outstanding=18487 completion_incomplete=18351 completed_behind_hole=136 completion_logical_full_failures=0 completion_physical_full_failures=0 pressure_yields=1772818 stage2_batches=4826 avg_stage2_batch_size=7.959801 packing_target_batch=8 packing_admit_queue_avg=17758.941774 packing_admit_queue_max=30431 packing_batch_1_7=49 packing_batch_8=4777 packing_assembly_batches=4826 packing_assembly_wait_ms=191835426.886660 packing_arrival_interval_us=25000 packing_waited_batches=49 packing_wait_ms=975.893000 packing_target_flushes=4777 packing_deadline_flushes=49 packing_cleanup_flushes=0 stage2_phase_search_attempts=4785 stage2_phase_search_task_attempts=38086 stage2_phase_search_elapsed_ms=5272092.969366 avg_stage2_phase_search_us_per_task=138426.008753 stage2_phase_freeze_prune_attempts=6270 stage2_phase_freeze_prune_task_attempts=49955 stage2_phase_freeze_prune_elapsed_ms=188934.432278 avg_stage2_phase_freeze_prune_us_per_task=3782.092529 stage2_phase_reverse_prepare_attempts=4778 stage2_phase_reverse_prepare_task_attempts=38030 stage2_phase_reverse_prepare_elapsed_ms=464843.679584 avg_stage2_phase_reverse_prepare_us_per_task=12223.078611 stage2_phase_placement_authority_attempts=4778 stage2_phase_placement_authority_task_attempts=38030 stage2_phase_placement_authority_elapsed_ms=147775.865724 avg_stage2_phase_placement_authority_us_per_task=3885.770858 stage2_phase_completion_handoff_attempts=4778 stage2_phase_completion_handoff_task_attempts=38030 stage2_phase_completion_handoff_elapsed_ms=11.759531 avg_stage2_phase_completion_handoff_us_per_task=0.309217 stage2_phase_finalize_attempts=4778 stage2_phase_finalize_task_attempts=38030 stage2_phase_finalize_elapsed_ms=61.914054 avg_stage2_phase_finalize_us_per_task=1.628032 maintenance_worker_idle_waits=1384000 maintenance_worker_idle_ms=484555.814908 maintenance_lost_wake_avoided=431345 maintenance_targeted_wakes=5092992 maintenance_generic_wakes=28254 maintenance_broadcast_wakes=0 maintenance_context_slots_scanned=19399104 maintenance_ready_notifications=1503464 maintenance_ready_stale_notifications=88 maintenance_ready_tickets_drained=1185076 maintenance_ready_overflow_scans=0 maintenance_ready_fallback_scans=1212820 stage2_search_lane_lease_limit=32 stage2_search_lane_lease_peak=32 stage2_search_lane_lease_blocked=50070 maintenance_worker_observed_idle_ratio=0.417617 maintenance_worker_observed_busy_ratio=0.582383 physical_stage1_items=56381 physical_stage1_total_ns=245730808869 physical_stage1_search_ns=230607702331 physical_stage1_prune_ns=7822802622 physical_stage1_allocate_write_ns=5470726359 physical_stage1_backlink_ns=1180457011 physical_stage1_candidates=7210323 physical_stage1_remote_frontier_items=75545453 physical_stage1_neighbors=1779763 peer_stage1_enqueued=43152 peer_stage1_processed=43152 peer_stage1_items=90400 avg_peer_stage1_items=2.094920 peer_stage1_rate_per_sec=623.293047 peer_stage1_max_queue=47 peer_stage1_active_workers=2 peer_stage2_home_enqueued=459450 peer_stage2_home_processed=459448 peer_stage2_home_items=51996166 avg_peer_stage2_home_items=113.170949 peer_stage2_home_max_queue=47 peer_stage2_home_response_queue_drops=0 peer_stage2_home_response_send_wait_ms=16220.073402 avg_peer_stage2_home_queue_wait_us=109.344241 avg_peer_stage2_home_execution_us=73.216654 peer_stage1_release_deferred_batches=141 peer_stage1_release_deferred_items=230 peer_stage1_duplicate_retry_responses=0 peer_stage1_admission_retry_responses=0 peer_stage1_retry_response_drops=0 peer_stage1_admission_waiters=0 peer_stage1_admission_waiter_items=0 peer_stage1_admission_owned_items=0 peer_stage1_admission_wake_coverage=0 peer_stage1_admission_parked=0 peer_stage1_admission_woken=0 peer_stage1_admission_reparked=0 peer_stage1_max_admission_waiters=0 peer_stage1_duplicate_coalesced=38 peer_reverse_enqueued=22429 peer_reverse_processed=22428 peer_reverse_remaining=1 peer_reverse_items_enqueued=370533 peer_reverse_items_processed=370520 peer_reverse_rate_per_sec=2554.674112 peer_reverse_failed=32 peer_reverse_max_queue=71 reclaim_pending=852 reclaim_reused=8023 dynamic_high_watermark=20038098688 stage2_remaining=17967 cleanup_remaining=0 active_contexts=48 active_context_limit=48 repair_remaining=0 remaining=18351
[STATUS]: storage-owner maintenance observation: enqueued=56381 stage2_enqueued=56381 cleanup_enqueued=0 stage2_tasks_done=47134 stage2_finalized_live=47134 cleanup_processed=0 stale=0 stage2_completion_ratio=0.835991 live_stage2_completion_ratio=0.835991 avg_stage2_delay_ms=40104.364793 p99_stage2_delay_upper_ms=30000.000000 p99_stage2_delay_over_30s=true stage2_delay_histogram=0,0,0,0,0,1,21,14,95,212,269,425,729,349,707,1936,4680,37696 max_stage2_delay_ms=67925.253809 compaction_batch_target=32 compaction_max_delay_ms=25.000000 stage2_rate_per_sec=314.150975 stage1_search_budget_exhausted=0 stage2_search_budget_exhausted=0 stage2_continuations=47518 stage2_remote_frontier_items=63907989 avg_stage2_remote_frontier=1344.921693 stage2_remote_expansions=1862337 avg_stage2_remote_expansions=39.192243 stage2_scored_candidates=115823439 avg_stage2_scored_candidates=2437.464519 stage2_graph_read_waves=438087 avg_stage2_expansions_per_graph_wave=4.251067 stage2_graph_unique_reads=1947402 stage2_graph_prefetch_issued=1304527 stage2_graph_prefetch_hits=1227342 stage2_graph_prefetch_wasted=75812 stage2_graph_prefetch_promotion_ratio=0.941824 stage2_graph_issue_width_current=16 stage2_vector_read_waves=848455 avg_stage2_scores_per_vector_wave=136.510998 stage2_vector_unique_reads=74039305 stage2_home_rpc_batches=583629 stage2_home_rpc_items=65224071 avg_stage2_home_rpc_batch=111.756049 stage2_home_score_rpc_batches=257248 stage2_home_score_rpc_items=63276680 stage2_home_score_rpc_queries=1497265 stage2_home_score_rpc_request_bytes=1684619680 stage2_home_score_rpc_response_bytes=2036509768 avg_stage2_home_score_queries_per_rpc=5.820317 avg_stage2_home_score_rpc_batch=245.975401 stage2_home_scored_neighbors=105060668 home_scores_per_expansion=1.610765 stage2_migrations=11017 home_match_rate=0.766262 stage2_final_edges=1612412 stage2_cross_edges_stage1_home=476104 stage2_cross_edges_final_home=244871 cross_edge_reduction_ratio=0.485677 failed=0 rpc_timeouts=0 reverse_aggregate_batches=0 reverse_aggregate_logical_requests=0 reverse_aggregate_ops=0 avg_reverse_aggregate_logicals=0.000000 avg_reverse_aggregate_ops=0.000000 max_backlog=30431 admission_window=65536 completion_outstanding=9511 completion_incomplete=9247 completed_behind_hole=264 completion_logical_full_failures=0 completion_physical_full_failures=0 pressure_yields=2054340 stage2_batches=5964 avg_stage2_batch_size=7.967471 packing_target_batch=8 packing_admit_queue_avg=16930.830818 packing_admit_queue_max=30431 packing_batch_1_7=49 packing_batch_8=5915 packing_assembly_batches=5964 packing_assembly_wait_ms=231463387.736838 packing_arrival_interval_us=25000 packing_waited_batches=49 packing_wait_ms=975.893000 packing_target_flushes=5915 packing_deadline_flushes=49 packing_cleanup_flushes=0 stage2_phase_search_attempts=5917 stage2_phase_search_task_attempts=47142 stage2_phase_search_elapsed_ms=5486805.795605 avg_stage2_phase_search_us_per_task=116388.905766 stage2_phase_freeze_prune_attempts=7872 stage2_phase_freeze_prune_task_attempts=62771 stage2_phase_freeze_prune_elapsed_ms=194489.348616 avg_stage2_phase_freeze_prune_us_per_task=3098.394937 stage2_phase_reverse_prepare_attempts=5916 stage2_phase_reverse_prepare_task_attempts=47134 stage2_phase_reverse_prepare_elapsed_ms=481335.766528 avg_stage2_phase_reverse_prepare_us_per_task=10212.071255 stage2_phase_placement_authority_attempts=5916 stage2_phase_placement_authority_task_attempts=47134 stage2_phase_placement_authority_elapsed_ms=149730.127378 avg_stage2_phase_placement_authority_us_per_task=3176.690444 stage2_phase_completion_handoff_attempts=5916 stage2_phase_completion_handoff_task_attempts=47134 stage2_phase_completion_handoff_elapsed_ms=13.169849 avg_stage2_phase_completion_handoff_us_per_task=0.279413 stage2_phase_finalize_attempts=5916 stage2_phase_finalize_task_attempts=47134 stage2_phase_finalize_elapsed_ms=70.527394 avg_stage2_phase_finalize_us_per_task=1.496317 maintenance_worker_idle_waits=1578432 maintenance_worker_idle_ms=487250.271289 maintenance_lost_wake_avoided=539543 maintenance_targeted_wakes=6550136 maintenance_generic_wakes=28254 maintenance_broadcast_wakes=0 maintenance_context_slots_scanned=23187456 maintenance_ready_notifications=1876903 maintenance_ready_stale_notifications=89 maintenance_ready_tickets_drained=1467252 maintenance_ready_overflow_scans=0 maintenance_ready_fallback_scans=1449465 stage2_search_lane_lease_limit=32 stage2_search_lane_lease_peak=32 stage2_search_lane_lease_blocked=97597 maintenance_worker_observed_idle_ratio=0.405944 maintenance_worker_observed_busy_ratio=0.594056 physical_stage1_items=56381 physical_stage1_total_ns=245730808869 physical_stage1_search_ns=230607702331 physical_stage1_prune_ns=7822802622 physical_stage1_allocate_write_ns=5470726359 physical_stage1_backlink_ns=1180457011 physical_stage1_candidates=7210323 physical_stage1_remote_frontier_items=75545453 physical_stage1_neighbors=1779763 peer_stage1_enqueued=43152 peer_stage1_processed=43152 peer_stage1_items=90400 avg_peer_stage1_items=2.094920 peer_stage1_rate_per_sec=602.521496 peer_stage1_max_queue=47 peer_stage1_active_workers=1 peer_stage2_home_enqueued=526724 peer_stage2_home_processed=526723 peer_stage2_home_items=59885462 avg_peer_stage2_home_items=113.694412 peer_stage2_home_max_queue=47 peer_stage2_home_response_queue_drops=0 peer_stage2_home_response_send_wait_ms=16770.909163 avg_peer_stage2_home_queue_wait_us=97.756945 avg_peer_stage2_home_execution_us=76.034025 peer_stage1_release_deferred_batches=141 peer_stage1_release_deferred_items=230 peer_stage1_duplicate_retry_responses=0 peer_stage1_admission_retry_responses=0 peer_stage1_retry_response_drops=0 peer_stage1_admission_waiters=0 peer_stage1_admission_waiter_items=0 peer_stage1_admission_owned_items=0 peer_stage1_admission_wake_coverage=0 peer_stage1_admission_parked=0 peer_stage1_admission_woken=0 peer_stage1_admission_reparked=0 peer_stage1_max_admission_waiters=0 peer_stage1_duplicate_coalesced=38 peer_reverse_enqueued=25219 peer_reverse_processed=25217 peer_reverse_remaining=2 peer_reverse_items_enqueued=432971 peer_reverse_items_processed=432884 peer_reverse_rate_per_sec=2885.198177 peer_reverse_failed=43 peer_reverse_max_queue=71 reclaim_pending=1536 reclaim_reused=9481 dynamic_high_watermark=20038098688 stage2_remaining=8863 cleanup_remaining=0 active_contexts=48 active_context_limit=48 repair_remaining=0 remaining=9247
[STATUS]: storage-owner maintenance observation: enqueued=56381 stage2_enqueued=56381 cleanup_enqueued=0 stage2_tasks_done=56381 stage2_finalized_live=56381 cleanup_processed=0 stale=0 stage2_completion_ratio=1.000000 live_stage2_completion_ratio=1.000000 avg_stage2_delay_ms=37789.788880 p99_stage2_delay_upper_ms=30000.000000 p99_stage2_delay_over_30s=true stage2_delay_histogram=0,0,0,0,0,1,21,14,95,212,269,425,729,349,707,1938,13407,38214 max_stage2_delay_ms=67925.253809 compaction_batch_target=32 compaction_max_delay_ms=25.000000 stage2_rate_per_sec=363.662922 stage1_search_budget_exhausted=0 stage2_search_budget_exhausted=0 stage2_continuations=56381 stage2_remote_frontier_items=75545453 avg_stage2_remote_frontier=1339.909775 stage2_remote_expansions=2216443 avg_stage2_remote_expansions=39.311878 stage2_scored_candidates=136862673 avg_stage2_scored_candidates=2427.460900 stage2_graph_read_waves=519353 avg_stage2_expansions_per_graph_wave=4.267700 stage2_graph_unique_reads=2305527 stage2_graph_prefetch_issued=1550172 stage2_graph_prefetch_hits=1461088 stage2_graph_prefetch_wasted=89084 stage2_graph_prefetch_promotion_ratio=0.942533 stage2_graph_issue_width_current=4 stage2_vector_read_waves=1018409 avg_stage2_scores_per_vector_wave=134.388711 stage2_vector_unique_reads=87623743 stage2_home_rpc_batches=695663 stage2_home_rpc_items=77167893 avg_stage2_home_rpc_batch=110.927120 stage2_home_score_rpc_batches=305267 stage2_home_score_rpc_items=74862366 stage2_home_score_rpc_queries=1772438 stage2_home_score_rpc_request_bytes=1993594016 stage2_home_score_rpc_response_bytes=2409554016 avg_stage2_home_score_queries_per_rpc=5.806189 avg_stage2_home_score_rpc_batch=245.235699 stage2_home_scored_neighbors=124098027 home_scores_per_expansion=1.608156 stage2_migrations=13079 home_match_rate=0.768025 stage2_final_edges=1930677 stage2_cross_edges_stage1_home=565805 stage2_cross_edges_final_home=292983 cross_edge_reduction_ratio=0.482184 failed=0 rpc_timeouts=0 reverse_aggregate_batches=0 reverse_aggregate_logical_requests=0 reverse_aggregate_ops=0 avg_reverse_aggregate_logicals=0.000000 avg_reverse_aggregate_ops=0.000000 max_backlog=30431 admission_window=65536 completion_outstanding=0 completion_incomplete=0 completed_behind_hole=0 completion_logical_full_failures=0 completion_physical_full_failures=0 pressure_yields=2250542 stage2_batches=7072 avg_stage2_batch_size=7.972426 packing_target_batch=8 packing_admit_queue_avg=14973.056420 packing_admit_queue_max=30431 packing_batch_1_7=50 packing_batch_8=7022 packing_assembly_batches=7072 packing_assembly_wait_ms=259863707.982190 packing_arrival_interval_us=25000 packing_waited_batches=50 packing_wait_ms=1000.893000 packing_target_flushes=7022 packing_deadline_flushes=50 packing_cleanup_flushes=0 stage2_phase_search_attempts=7072 stage2_phase_search_task_attempts=56381 stage2_phase_search_elapsed_ms=5668107.302692 avg_stage2_phase_search_us_per_task=100532.223669 stage2_phase_freeze_prune_attempts=9431 stage2_phase_freeze_prune_task_attempts=75242 stage2_phase_freeze_prune_elapsed_ms=198635.187984 avg_stage2_phase_freeze_prune_us_per_task=2639.950931 stage2_phase_reverse_prepare_attempts=7072 stage2_phase_reverse_prepare_task_attempts=56381 stage2_phase_reverse_prepare_elapsed_ms=495170.572376 avg_stage2_phase_reverse_prepare_us_per_task=8782.578748 stage2_phase_placement_authority_attempts=7072 stage2_phase_placement_authority_task_attempts=56381 stage2_phase_placement_authority_elapsed_ms=150942.923945 avg_stage2_phase_placement_authority_us_per_task=2677.194870 stage2_phase_completion_handoff_attempts=7072 stage2_phase_completion_handoff_task_attempts=56381 stage2_phase_completion_handoff_elapsed_ms=14.535455 avg_stage2_phase_completion_handoff_us_per_task=0.257808 stage2_phase_finalize_attempts=7072 stage2_phase_finalize_task_attempts=56381 stage2_phase_finalize_elapsed_ms=78.549132 avg_stage2_phase_finalize_us_per_task=1.393184 maintenance_worker_idle_waits=1710400 maintenance_worker_idle_ms=492936.241891 maintenance_lost_wake_avoided=614310 maintenance_targeted_wakes=7868125 maintenance_generic_wakes=28254 maintenance_broadcast_wakes=0 maintenance_context_slots_scanned=25942080 maintenance_ready_notifications=2239551 maintenance_ready_stale_notifications=89 maintenance_ready_tickets_drained=1736378 maintenance_ready_overflow_scans=0 maintenance_ready_fallback_scans=1621641 stage2_search_lane_lease_limit=32 stage2_search_lane_lease_peak=32 stage2_search_lane_lease_blocked=165008 maintenance_worker_observed_idle_ratio=0.397436 maintenance_worker_observed_busy_ratio=0.602564 physical_stage1_items=56381 physical_stage1_total_ns=245730808869 physical_stage1_search_ns=230607702331 physical_stage1_prune_ns=7822802622 physical_stage1_allocate_write_ns=5470726359 physical_stage1_backlink_ns=1180457011 physical_stage1_candidates=7210323 physical_stage1_remote_frontier_items=75545453 physical_stage1_neighbors=1779763 peer_stage1_enqueued=43152 peer_stage1_processed=43152 peer_stage1_items=90400 avg_peer_stage1_items=2.094920 peer_stage1_rate_per_sec=583.088774 peer_stage1_max_queue=47 peer_stage1_active_workers=1 peer_stage2_home_enqueued=567415 peer_stage2_home_processed=567414 peer_stage2_home_items=63946147 avg_peer_stage2_home_items=112.697514 peer_stage2_home_max_queue=47 peer_stage2_home_response_queue_drops=0 peer_stage2_home_response_send_wait_ms=17081.708536 avg_peer_stage2_home_queue_wait_us=91.594307 avg_peer_stage2_home_execution_us=77.079269 peer_stage1_release_deferred_batches=141 peer_stage1_release_deferred_items=230 peer_stage1_duplicate_retry_responses=0 peer_stage1_admission_retry_responses=0 peer_stage1_retry_response_drops=0 peer_stage1_admission_waiters=0 peer_stage1_admission_waiter_items=0 peer_stage1_admission_owned_items=0 peer_stage1_admission_wake_coverage=0 peer_stage1_admission_parked=0 peer_stage1_admission_woken=0 peer_stage1_admission_reparked=0 peer_stage1_max_admission_waiters=0 peer_stage1_duplicate_coalesced=38 peer_reverse_enqueued=26754 peer_reverse_processed=26754 peer_reverse_remaining=0 peer_reverse_items_enqueued=471231 peer_reverse_items_processed=471231 peer_reverse_rate_per_sec=3039.485685 peer_reverse_failed=51 peer_reverse_max_queue=71 reclaim_pending=2529 reclaim_reused=10550 dynamic_high_watermark=20038098688 stage2_remaining=0 cleanup_remaining=0 active_contexts=0 active_context_limit=48 repair_remaining=0 remaining=0
[STATUS]: storage-owner maintenance observation: enqueued=56381 stage2_enqueued=56381 cleanup_enqueued=0 stage2_tasks_done=56381 stage2_finalized_live=56381 cleanup_processed=0 stale=0 stage2_completion_ratio=1.000000 live_stage2_completion_ratio=1.000000 avg_stage2_delay_ms=37789.788880 p99_stage2_delay_upper_ms=30000.000000 p99_stage2_delay_over_30s=true stage2_delay_histogram=0,0,0,0,0,1,21,14,95,212,269,425,729,349,707,1938,13407,38214 max_stage2_delay_ms=67925.253809 compaction_batch_target=32 compaction_max_delay_ms=25.000000 stage2_rate_per_sec=352.298541 stage1_search_budget_exhausted=0 stage2_search_budget_exhausted=0 stage2_continuations=56381 stage2_remote_frontier_items=75545453 avg_stage2_remote_frontier=1339.909775 stage2_remote_expansions=2216443 avg_stage2_remote_expansions=39.311878 stage2_scored_candidates=136862673 avg_stage2_scored_candidates=2427.460900 stage2_graph_read_waves=519353 avg_stage2_expansions_per_graph_wave=4.267700 stage2_graph_unique_reads=2305527 stage2_graph_prefetch_issued=1550172 stage2_graph_prefetch_hits=1461088 stage2_graph_prefetch_wasted=89084 stage2_graph_prefetch_promotion_ratio=0.942533 stage2_graph_issue_width_current=4 stage2_vector_read_waves=1018409 avg_stage2_scores_per_vector_wave=134.388711 stage2_vector_unique_reads=87623743 stage2_home_rpc_batches=695663 stage2_home_rpc_items=77167893 avg_stage2_home_rpc_batch=110.927120 stage2_home_score_rpc_batches=305267 stage2_home_score_rpc_items=74862366 stage2_home_score_rpc_queries=1772438 stage2_home_score_rpc_request_bytes=1993594016 stage2_home_score_rpc_response_bytes=2409554016 avg_stage2_home_score_queries_per_rpc=5.806189 avg_stage2_home_score_rpc_batch=245.235699 stage2_home_scored_neighbors=124098027 home_scores_per_expansion=1.608156 stage2_migrations=13079 home_match_rate=0.768025 stage2_final_edges=1930677 stage2_cross_edges_stage1_home=565805 stage2_cross_edges_final_home=292983 cross_edge_reduction_ratio=0.482184 failed=0 rpc_timeouts=0 reverse_aggregate_batches=0 reverse_aggregate_logical_requests=0 reverse_aggregate_ops=0 avg_reverse_aggregate_logicals=0.000000 avg_reverse_aggregate_ops=0.000000 max_backlog=30431 admission_window=65536 completion_outstanding=0 completion_incomplete=0 completed_behind_hole=0 completion_logical_full_failures=0 completion_physical_full_failures=0 pressure_yields=2250542 stage2_batches=7072 avg_stage2_batch_size=7.972426 packing_target_batch=8 packing_admit_queue_avg=14973.056420 packing_admit_queue_max=30431 packing_batch_1_7=50 packing_batch_8=7022 packing_assembly_batches=7072 packing_assembly_wait_ms=259863707.982190 packing_arrival_interval_us=25000 packing_waited_batches=50 packing_wait_ms=1000.893000 packing_target_flushes=7022 packing_deadline_flushes=50 packing_cleanup_flushes=0 stage2_phase_search_attempts=7072 stage2_phase_search_task_attempts=56381 stage2_phase_search_elapsed_ms=5668107.302692 avg_stage2_phase_search_us_per_task=100532.223669 stage2_phase_freeze_prune_attempts=9431 stage2_phase_freeze_prune_task_attempts=75242 stage2_phase_freeze_prune_elapsed_ms=198635.187984 avg_stage2_phase_freeze_prune_us_per_task=2639.950931 stage2_phase_reverse_prepare_attempts=7072 stage2_phase_reverse_prepare_task_attempts=56381 stage2_phase_reverse_prepare_elapsed_ms=495170.572376 avg_stage2_phase_reverse_prepare_us_per_task=8782.578748 stage2_phase_placement_authority_attempts=7072 stage2_phase_placement_authority_task_attempts=56381 stage2_phase_placement_authority_elapsed_ms=150942.923945 avg_stage2_phase_placement_authority_us_per_task=2677.194870 stage2_phase_completion_handoff_attempts=7072 stage2_phase_completion_handoff_task_attempts=56381 stage2_phase_completion_handoff_elapsed_ms=14.535455 avg_stage2_phase_completion_handoff_us_per_task=0.257808 stage2_phase_finalize_attempts=7072 stage2_phase_finalize_task_attempts=56381 stage2_phase_finalize_elapsed_ms=78.549132 avg_stage2_phase_finalize_us_per_task=1.393184 maintenance_worker_idle_waits=1714368 maintenance_worker_idle_ms=532852.541957 maintenance_lost_wake_avoided=614310 maintenance_targeted_wakes=7868125 maintenance_generic_wakes=28254 maintenance_broadcast_wakes=0 maintenance_context_slots_scanned=26005568 maintenance_ready_notifications=2239551 maintenance_ready_stale_notifications=89 maintenance_ready_tickets_drained=1736378 maintenance_ready_overflow_scans=0 maintenance_ready_fallback_scans=1625617 stage2_search_lane_lease_limit=32 stage2_search_lane_lease_peak=32 stage2_search_lane_lease_blocked=165008 maintenance_worker_observed_idle_ratio=0.416193 maintenance_worker_observed_busy_ratio=0.583807 physical_stage1_items=56381 physical_stage1_total_ns=245730808869 physical_stage1_search_ns=230607702331 physical_stage1_prune_ns=7822802622 physical_stage1_allocate_write_ns=5470726359 physical_stage1_backlink_ns=1180457011 physical_stage1_candidates=7210323 physical_stage1_remote_frontier_items=75545453 physical_stage1_neighbors=1779763 peer_stage1_enqueued=43152 peer_stage1_processed=43152 peer_stage1_items=90400 avg_peer_stage1_items=2.094920 peer_stage1_rate_per_sec=564.867386 peer_stage1_max_queue=47 peer_stage1_active_workers=0 peer_stage2_home_enqueued=571680 peer_stage2_home_processed=571680 peer_stage2_home_items=64305727 avg_peer_stage2_home_items=112.485529 peer_stage2_home_max_queue=47 peer_stage2_home_response_queue_drops=0 peer_stage2_home_response_send_wait_ms=17104.007118 avg_peer_stage2_home_queue_wait_us=90.992707 avg_peer_stage2_home_execution_us=77.038384 peer_stage1_release_deferred_batches=141 peer_stage1_release_deferred_items=230 peer_stage1_duplicate_retry_responses=0 peer_stage1_admission_retry_responses=0 peer_stage1_retry_response_drops=0 peer_stage1_admission_waiters=0 peer_stage1_admission_waiter_items=0 peer_stage1_admission_owned_items=0 peer_stage1_admission_wake_coverage=0 peer_stage1_admission_parked=0 peer_stage1_admission_woken=0 peer_stage1_admission_reparked=0 peer_stage1_max_admission_waiters=0 peer_stage1_duplicate_coalesced=38 peer_reverse_enqueued=26923 peer_reverse_processed=26923 peer_reverse_remaining=0 peer_reverse_items_enqueued=477924 peer_reverse_items_processed=477924 peer_reverse_rate_per_sec=2986.323899 peer_reverse_failed=52 peer_reverse_max_queue=71 reclaim_pending=2352 reclaim_reused=10727 dynamic_high_watermark=20038098688 stage2_remaining=0 cleanup_remaining=0 active_contexts=0 active_context_limit=48 repair_remaining=0 remaining=0
[STATUS]: storage-owner maintenance observation: enqueued=56381 stage2_enqueued=56381 cleanup_enqueued=0 stage2_tasks_done=56381 stage2_finalized_live=56381 cleanup_processed=0 stale=0 stage2_completion_ratio=1.000000 live_stage2_completion_ratio=1.000000 avg_stage2_delay_ms=37789.788880 p99_stage2_delay_upper_ms=30000.000000 p99_stage2_delay_over_30s=true stage2_delay_histogram=0,0,0,0,0,1,21,14,95,212,269,425,729,349,707,1938,13407,38214 max_stage2_delay_ms=67925.253809 compaction_batch_target=32 compaction_max_delay_ms=25.000000 stage2_rate_per_sec=341.624875 stage1_search_budget_exhausted=0 stage2_search_budget_exhausted=0 stage2_continuations=56381 stage2_remote_frontier_items=75545453 avg_stage2_remote_frontier=1339.909775 stage2_remote_expansions=2216443 avg_stage2_remote_expansions=39.311878 stage2_scored_candidates=136862673 avg_stage2_scored_candidates=2427.460900 stage2_graph_read_waves=519353 avg_stage2_expansions_per_graph_wave=4.267700 stage2_graph_unique_reads=2305527 stage2_graph_prefetch_issued=1550172 stage2_graph_prefetch_hits=1461088 stage2_graph_prefetch_wasted=89084 stage2_graph_prefetch_promotion_ratio=0.942533 stage2_graph_issue_width_current=4 stage2_vector_read_waves=1018409 avg_stage2_scores_per_vector_wave=134.388711 stage2_vector_unique_reads=87623743 stage2_home_rpc_batches=695663 stage2_home_rpc_items=77167893 avg_stage2_home_rpc_batch=110.927120 stage2_home_score_rpc_batches=305267 stage2_home_score_rpc_items=74862366 stage2_home_score_rpc_queries=1772438 stage2_home_score_rpc_request_bytes=1993594016 stage2_home_score_rpc_response_bytes=2409554016 avg_stage2_home_score_queries_per_rpc=5.806189 avg_stage2_home_score_rpc_batch=245.235699 stage2_home_scored_neighbors=124098027 home_scores_per_expansion=1.608156 stage2_migrations=13079 home_match_rate=0.768025 stage2_final_edges=1930677 stage2_cross_edges_stage1_home=565805 stage2_cross_edges_final_home=292983 cross_edge_reduction_ratio=0.482184 failed=0 rpc_timeouts=0 reverse_aggregate_batches=0 reverse_aggregate_logical_requests=0 reverse_aggregate_ops=0 avg_reverse_aggregate_logicals=0.000000 avg_reverse_aggregate_ops=0.000000 max_backlog=30431 admission_window=65536 completion_outstanding=0 completion_incomplete=0 completed_behind_hole=0 completion_logical_full_failures=0 completion_physical_full_failures=0 pressure_yields=2250542 stage2_batches=7072 avg_stage2_batch_size=7.972426 packing_target_batch=8 packing_admit_queue_avg=14973.056420 packing_admit_queue_max=30431 packing_batch_1_7=50 packing_batch_8=7022 packing_assembly_batches=7072 packing_assembly_wait_ms=259863707.982190 packing_arrival_interval_us=25000 packing_waited_batches=50 packing_wait_ms=1000.893000 packing_target_flushes=7022 packing_deadline_flushes=50 packing_cleanup_flushes=0 stage2_phase_search_attempts=7072 stage2_phase_search_task_attempts=56381 stage2_phase_search_elapsed_ms=5668107.302692 avg_stage2_phase_search_us_per_task=100532.223669 stage2_phase_freeze_prune_attempts=9431 stage2_phase_freeze_prune_task_attempts=75242 stage2_phase_freeze_prune_elapsed_ms=198635.187984 avg_stage2_phase_freeze_prune_us_per_task=2639.950931 stage2_phase_reverse_prepare_attempts=7072 stage2_phase_reverse_prepare_task_attempts=56381 stage2_phase_reverse_prepare_elapsed_ms=495170.572376 avg_stage2_phase_reverse_prepare_us_per_task=8782.578748 stage2_phase_placement_authority_attempts=7072 stage2_phase_placement_authority_task_attempts=56381 stage2_phase_placement_authority_elapsed_ms=150942.923945 avg_stage2_phase_placement_authority_us_per_task=2677.194870 stage2_phase_completion_handoff_attempts=7072 stage2_phase_completion_handoff_task_attempts=56381 stage2_phase_completion_handoff_elapsed_ms=14.535455 avg_stage2_phase_completion_handoff_us_per_task=0.257808 stage2_phase_finalize_attempts=7072 stage2_phase_finalize_task_attempts=56381 stage2_phase_finalize_elapsed_ms=78.549132 avg_stage2_phase_finalize_us_per_task=1.393184 maintenance_worker_idle_waits=1718336 maintenance_worker_idle_ms=572764.798524 maintenance_lost_wake_avoided=614310 maintenance_targeted_wakes=7868125 maintenance_generic_wakes=28254 maintenance_broadcast_wakes=0 maintenance_context_slots_scanned=26069056 maintenance_ready_notifications=2239551 maintenance_ready_stale_notifications=89 maintenance_ready_tickets_drained=1736378 maintenance_ready_overflow_scans=0 maintenance_ready_fallback_scans=1629590 stage2_search_lane_lease_limit=32 stage2_search_lane_lease_peak=32 stage2_search_lane_lease_blocked=165008 maintenance_worker_observed_idle_ratio=0.433813 maintenance_worker_observed_busy_ratio=0.566187 physical_stage1_items=56381 physical_stage1_total_ns=245730808869 physical_stage1_search_ns=230607702331 physical_stage1_prune_ns=7822802622 physical_stage1_allocate_write_ns=5470726359 physical_stage1_backlink_ns=1180457011 physical_stage1_candidates=7210323 physical_stage1_remote_frontier_items=75545453 physical_stage1_neighbors=1779763 peer_stage1_enqueued=43152 peer_stage1_processed=43152 peer_stage1_items=90400 avg_peer_stage1_items=2.094920 peer_stage1_rate_per_sec=547.753475 peer_stage1_max_queue=47 peer_stage1_active_workers=0 peer_stage2_home_enqueued=571680 peer_stage2_home_processed=571680 peer_stage2_home_items=64305727 avg_peer_stage2_home_items=112.485529 peer_stage2_home_max_queue=47 peer_stage2_home_response_queue_drops=0 peer_stage2_home_response_send_wait_ms=17104.007118 avg_peer_stage2_home_queue_wait_us=90.992707 avg_peer_stage2_home_execution_us=77.038384 peer_stage1_release_deferred_batches=141 peer_stage1_release_deferred_items=230 peer_stage1_duplicate_retry_responses=0 peer_stage1_admission_retry_responses=0 peer_stage1_retry_response_drops=0 peer_stage1_admission_waiters=0 peer_stage1_admission_waiter_items=0 peer_stage1_admission_owned_items=0 peer_stage1_admission_wake_coverage=0 peer_stage1_admission_parked=0 peer_stage1_admission_woken=0 peer_stage1_admission_reparked=0 peer_stage1_max_admission_waiters=0 peer_stage1_duplicate_coalesced=38 peer_reverse_enqueued=26923 peer_reverse_processed=26923 peer_reverse_remaining=0 peer_reverse_items_enqueued=477924 peer_reverse_items_processed=477924 peer_reverse_rate_per_sec=2895.846589 peer_reverse_failed=52 peer_reverse_max_queue=71 reclaim_pending=2352 reclaim_reused=10727 dynamic_high_watermark=20038098688 stage2_remaining=0 cleanup_remaining=0 active_contexts=0 active_context_limit=48 repair_remaining=0 remaining=0
[STATUS]: storage-owner maintenance observation: enqueued=56381 stage2_enqueued=56381 cleanup_enqueued=0 stage2_tasks_done=56381 stage2_finalized_live=56381 cleanup_processed=0 stale=0 stage2_completion_ratio=1.000000 live_stage2_completion_ratio=1.000000 avg_stage2_delay_ms=37789.788880 p99_stage2_delay_upper_ms=30000.000000 p99_stage2_delay_over_30s=true stage2_delay_histogram=0,0,0,0,0,1,21,14,95,212,269,425,729,349,707,1938,13407,38214 max_stage2_delay_ms=67925.253809 compaction_batch_target=32 compaction_max_delay_ms=25.000000 stage2_rate_per_sec=331.574388 stage1_search_budget_exhausted=0 stage2_search_budget_exhausted=0 stage2_continuations=56381 stage2_remote_frontier_items=75545453 avg_stage2_remote_frontier=1339.909775 stage2_remote_expansions=2216443 avg_stage2_remote_expansions=39.311878 stage2_scored_candidates=136862673 avg_stage2_scored_candidates=2427.460900 stage2_graph_read_waves=519353 avg_stage2_expansions_per_graph_wave=4.267700 stage2_graph_unique_reads=2305527 stage2_graph_prefetch_issued=1550172 stage2_graph_prefetch_hits=1461088 stage2_graph_prefetch_wasted=89084 stage2_graph_prefetch_promotion_ratio=0.942533 stage2_graph_issue_width_current=4 stage2_vector_read_waves=1018409 avg_stage2_scores_per_vector_wave=134.388711 stage2_vector_unique_reads=87623743 stage2_home_rpc_batches=695663 stage2_home_rpc_items=77167893 avg_stage2_home_rpc_batch=110.927120 stage2_home_score_rpc_batches=305267 stage2_home_score_rpc_items=74862366 stage2_home_score_rpc_queries=1772438 stage2_home_score_rpc_request_bytes=1993594016 stage2_home_score_rpc_response_bytes=2409554016 avg_stage2_home_score_queries_per_rpc=5.806189 avg_stage2_home_score_rpc_batch=245.235699 stage2_home_scored_neighbors=124098027 home_scores_per_expansion=1.608156 stage2_migrations=13079 home_match_rate=0.768025 stage2_final_edges=1930677 stage2_cross_edges_stage1_home=565805 stage2_cross_edges_final_home=292983 cross_edge_reduction_ratio=0.482184 failed=0 rpc_timeouts=0 reverse_aggregate_batches=0 reverse_aggregate_logical_requests=0 reverse_aggregate_ops=0 avg_reverse_aggregate_logicals=0.000000 avg_reverse_aggregate_ops=0.000000 max_backlog=30431 admission_window=65536 completion_outstanding=0 completion_incomplete=0 completed_behind_hole=0 completion_logical_full_failures=0 completion_physical_full_failures=0 pressure_yields=2250542 stage2_batches=7072 avg_stage2_batch_size=7.972426 packing_target_batch=8 packing_admit_queue_avg=14973.056420 packing_admit_queue_max=30431 packing_batch_1_7=50 packing_batch_8=7022 packing_assembly_batches=7072 packing_assembly_wait_ms=259863707.982190 packing_arrival_interval_us=25000 packing_waited_batches=50 packing_wait_ms=1000.893000 packing_target_flushes=7022 packing_deadline_flushes=50 packing_cleanup_flushes=0 stage2_phase_search_attempts=7072 stage2_phase_search_task_attempts=56381 stage2_phase_search_elapsed_ms=5668107.302692 avg_stage2_phase_search_us_per_task=100532.223669 stage2_phase_freeze_prune_attempts=9431 stage2_phase_freeze_prune_task_attempts=75242 stage2_phase_freeze_prune_elapsed_ms=198635.187984 avg_stage2_phase_freeze_prune_us_per_task=2639.950931 stage2_phase_reverse_prepare_attempts=7072 stage2_phase_reverse_prepare_task_attempts=56381 stage2_phase_reverse_prepare_elapsed_ms=495170.572376 avg_stage2_phase_reverse_prepare_us_per_task=8782.578748 stage2_phase_placement_authority_attempts=7072 stage2_phase_placement_authority_task_attempts=56381 stage2_phase_placement_authority_elapsed_ms=150942.923945 avg_stage2_phase_placement_authority_us_per_task=2677.194870 stage2_phase_completion_handoff_attempts=7072 stage2_phase_completion_handoff_task_attempts=56381 stage2_phase_completion_handoff_elapsed_ms=14.535455 avg_stage2_phase_completion_handoff_us_per_task=0.257808 stage2_phase_finalize_attempts=7072 stage2_phase_finalize_task_attempts=56381 stage2_phase_finalize_elapsed_ms=78.549132 avg_stage2_phase_finalize_us_per_task=1.393184 maintenance_worker_idle_waits=1722368 maintenance_worker_idle_ms=613320.254502 maintenance_lost_wake_avoided=614310 maintenance_targeted_wakes=7868125 maintenance_generic_wakes=28254 maintenance_broadcast_wakes=0 maintenance_context_slots_scanned=26133568 maintenance_ready_notifications=2239551 maintenance_ready_stale_notifications=89 maintenance_ready_tickets_drained=1736378 maintenance_ready_overflow_scans=0 maintenance_ready_fallback_scans=1633567 stage2_search_lane_lease_limit=32 stage2_search_lane_lease_peak=32 stage2_search_lane_lease_blocked=165008 maintenance_worker_observed_idle_ratio=0.450864 maintenance_worker_observed_busy_ratio=0.549136 physical_stage1_items=56381 physical_stage1_total_ns=245730808869 physical_stage1_search_ns=230607702331 physical_stage1_prune_ns=7822802622 physical_stage1_allocate_write_ns=5470726359 physical_stage1_backlink_ns=1180457011 physical_stage1_candidates=7210323 physical_stage1_remote_frontier_items=75545453 physical_stage1_neighbors=1779763 peer_stage1_enqueued=43152 peer_stage1_processed=43152 peer_stage1_items=90400 avg_peer_stage1_items=2.094920 peer_stage1_rate_per_sec=531.638756 peer_stage1_max_queue=47 peer_stage1_active_workers=0 peer_stage2_home_enqueued=571680 peer_stage2_home_processed=571680 peer_stage2_home_items=64305727 avg_peer_stage2_home_items=112.485529 peer_stage2_home_max_queue=47 peer_stage2_home_response_queue_drops=0 peer_stage2_home_response_send_wait_ms=17104.007118 avg_peer_stage2_home_queue_wait_us=90.992707 avg_peer_stage2_home_execution_us=77.038384 peer_stage1_release_deferred_batches=141 peer_stage1_release_deferred_items=230 peer_stage1_duplicate_retry_responses=0 peer_stage1_admission_retry_responses=0 peer_stage1_retry_response_drops=0 peer_stage1_admission_waiters=0 peer_stage1_admission_waiter_items=0 peer_stage1_admission_owned_items=0 peer_stage1_admission_wake_coverage=0 peer_stage1_admission_parked=0 peer_stage1_admission_woken=0 peer_stage1_admission_reparked=0 peer_stage1_max_admission_waiters=0 peer_stage1_duplicate_coalesced=38 peer_reverse_enqueued=26923 peer_reverse_processed=26923 peer_reverse_remaining=0 peer_reverse_items_enqueued=477924 peer_reverse_items_processed=477924 peer_reverse_rate_per_sec=2810.651777 peer_reverse_failed=52 peer_reverse_max_queue=71 reclaim_pending=2352 reclaim_reused=10727 dynamic_high_watermark=20038098688 stage2_remaining=0 cleanup_remaining=0 active_contexts=0 active_context_limit=48 repair_remaining=0 remaining=0
[STATUS]: storage-owner maintenance observation: enqueued=56381 stage2_enqueued=56381 cleanup_enqueued=0 stage2_tasks_done=56381 stage2_finalized_live=56381 cleanup_processed=0 stale=0 stage2_completion_ratio=1.000000 live_stage2_completion_ratio=1.000000 avg_stage2_delay_ms=37789.788880 p99_stage2_delay_upper_ms=30000.000000 p99_stage2_delay_over_30s=true stage2_delay_histogram=0,0,0,0,0,1,21,14,95,212,269,425,729,349,707,1938,13407,38214 max_stage2_delay_ms=67925.253809 compaction_batch_target=32 compaction_max_delay_ms=25.000000 stage2_rate_per_sec=322.103011 stage1_search_budget_exhausted=0 stage2_search_budget_exhausted=0 stage2_continuations=56381 stage2_remote_frontier_items=75545453 avg_stage2_remote_frontier=1339.909775 stage2_remote_expansions=2216443 avg_stage2_remote_expansions=39.311878 stage2_scored_candidates=136862673 avg_stage2_scored_candidates=2427.460900 stage2_graph_read_waves=519353 avg_stage2_expansions_per_graph_wave=4.267700 stage2_graph_unique_reads=2305527 stage2_graph_prefetch_issued=1550172 stage2_graph_prefetch_hits=1461088 stage2_graph_prefetch_wasted=89084 stage2_graph_prefetch_promotion_ratio=0.942533 stage2_graph_issue_width_current=4 stage2_vector_read_waves=1018409 avg_stage2_scores_per_vector_wave=134.388711 stage2_vector_unique_reads=87623743 stage2_home_rpc_batches=695663 stage2_home_rpc_items=77167893 avg_stage2_home_rpc_batch=110.927120 stage2_home_score_rpc_batches=305267 stage2_home_score_rpc_items=74862366 stage2_home_score_rpc_queries=1772438 stage2_home_score_rpc_request_bytes=1993594016 stage2_home_score_rpc_response_bytes=2409554016 avg_stage2_home_score_queries_per_rpc=5.806189 avg_stage2_home_score_rpc_batch=245.235699 stage2_home_scored_neighbors=124098027 home_scores_per_expansion=1.608156 stage2_migrations=13079 home_match_rate=0.768025 stage2_final_edges=1930677 stage2_cross_edges_stage1_home=565805 stage2_cross_edges_final_home=292983 cross_edge_reduction_ratio=0.482184 failed=0 rpc_timeouts=0 reverse_aggregate_batches=0 reverse_aggregate_logical_requests=0 reverse_aggregate_ops=0 avg_reverse_aggregate_logicals=0.000000 avg_reverse_aggregate_ops=0.000000 max_backlog=30431 admission_window=65536 completion_outstanding=0 completion_incomplete=0 completed_behind_hole=0 completion_logical_full_failures=0 completion_physical_full_failures=0 pressure_yields=2250542 stage2_batches=7072 avg_stage2_batch_size=7.972426 packing_target_batch=8 packing_admit_queue_avg=14973.056420 packing_admit_queue_max=30431 packing_batch_1_7=50 packing_batch_8=7022 packing_assembly_batches=7072 packing_assembly_wait_ms=259863707.982190 packing_arrival_interval_us=25000 packing_waited_batches=50 packing_wait_ms=1000.893000 packing_target_flushes=7022 packing_deadline_flushes=50 packing_cleanup_flushes=0 stage2_phase_search_attempts=7072 stage2_phase_search_task_attempts=56381 stage2_phase_search_elapsed_ms=5668107.302692 avg_stage2_phase_search_us_per_task=100532.223669 stage2_phase_freeze_prune_attempts=9431 stage2_phase_freeze_prune_task_attempts=75242 stage2_phase_freeze_prune_elapsed_ms=198635.187984 avg_stage2_phase_freeze_prune_us_per_task=2639.950931 stage2_phase_reverse_prepare_attempts=7072 stage2_phase_reverse_prepare_task_attempts=56381 stage2_phase_reverse_prepare_elapsed_ms=495170.572376 avg_stage2_phase_reverse_prepare_us_per_task=8782.578748 stage2_phase_placement_authority_attempts=7072 stage2_phase_placement_authority_task_attempts=56381 stage2_phase_placement_authority_elapsed_ms=150942.923945 avg_stage2_phase_placement_authority_us_per_task=2677.194870 stage2_phase_completion_handoff_attempts=7072 stage2_phase_completion_handoff_task_attempts=56381 stage2_phase_completion_handoff_elapsed_ms=14.535455 avg_stage2_phase_completion_handoff_us_per_task=0.257808 stage2_phase_finalize_attempts=7072 stage2_phase_finalize_task_attempts=56381 stage2_phase_finalize_elapsed_ms=78.549132 avg_stage2_phase_finalize_us_per_task=1.393184 maintenance_worker_idle_waits=1726272 maintenance_worker_idle_ms=652588.302731 maintenance_lost_wake_avoided=614310 maintenance_targeted_wakes=7868125 maintenance_generic_wakes=28254 maintenance_broadcast_wakes=0 maintenance_context_slots_scanned=26196032 maintenance_ready_notifications=2239551 maintenance_ready_stale_notifications=89 maintenance_ready_tickets_drained=1736378 maintenance_ready_overflow_scans=0 maintenance_ready_fallback_scans=1637543 stage2_search_lane_lease_limit=32 stage2_search_lane_lease_peak=32 stage2_search_lane_lease_blocked=165008 maintenance_worker_observed_idle_ratio=0.466027 maintenance_worker_observed_busy_ratio=0.533973 physical_stage1_items=56381 physical_stage1_total_ns=245730808869 physical_stage1_search_ns=230607702331 physical_stage1_prune_ns=7822802622 physical_stage1_allocate_write_ns=5470726359 physical_stage1_backlink_ns=1180457011 physical_stage1_candidates=7210323 physical_stage1_remote_frontier_items=75545453 physical_stage1_neighbors=1779763 peer_stage1_enqueued=43152 peer_stage1_processed=43152 peer_stage1_items=90400 avg_peer_stage1_items=2.094920 peer_stage1_rate_per_sec=516.452567 peer_stage1_max_queue=47 peer_stage1_active_workers=0 peer_stage2_home_enqueued=571680 peer_stage2_home_processed=571680 peer_stage2_home_items=64305727 avg_peer_stage2_home_items=112.485529 peer_stage2_home_max_queue=47 peer_stage2_home_response_queue_drops=0 peer_stage2_home_response_send_wait_ms=17104.007118 avg_peer_stage2_home_queue_wait_us=90.992707 avg_peer_stage2_home_execution_us=77.038384 peer_stage1_release_deferred_batches=141 peer_stage1_release_deferred_items=230 peer_stage1_duplicate_retry_responses=0 peer_stage1_admission_retry_responses=0 peer_stage1_retry_response_drops=0 peer_stage1_admission_waiters=0 peer_stage1_admission_waiter_items=0 peer_stage1_admission_owned_items=0 peer_stage1_admission_wake_coverage=0 peer_stage1_admission_parked=0 peer_stage1_admission_woken=0 peer_stage1_admission_reparked=0 peer_stage1_max_admission_waiters=0 peer_stage1_duplicate_coalesced=38 peer_reverse_enqueued=26923 peer_reverse_processed=26923 peer_reverse_remaining=0 peer_reverse_items_enqueued=477924 peer_reverse_items_processed=477924 peer_reverse_rate_per_sec=2730.365893 peer_reverse_failed=52 peer_reverse_max_queue=71 reclaim_pending=2352 reclaim_reused=10727 dynamic_high_watermark=20038098688 stage2_remaining=0 cleanup_remaining=0 active_contexts=0 active_context_limit=48 repair_remaining=0 remaining=0
[STATUS]: storage-owner maintenance observation: enqueued=56381 stage2_enqueued=56381 cleanup_enqueued=0 stage2_tasks_done=56381 stage2_finalized_live=56381 cleanup_processed=0 stale=0 stage2_completion_ratio=1.000000 live_stage2_completion_ratio=1.000000 avg_stage2_delay_ms=37789.788880 p99_stage2_delay_upper_ms=30000.000000 p99_stage2_delay_over_30s=true stage2_delay_histogram=0,0,0,0,0,1,21,14,95,212,269,425,729,349,707,1938,13407,38214 max_stage2_delay_ms=67925.253809 compaction_batch_target=32 compaction_max_delay_ms=25.000000 stage2_rate_per_sec=313.152111 stage1_search_budget_exhausted=0 stage2_search_budget_exhausted=0 stage2_continuations=56381 stage2_remote_frontier_items=75545453 avg_stage2_remote_frontier=1339.909775 stage2_remote_expansions=2216443 avg_stage2_remote_expansions=39.311878 stage2_scored_candidates=136862673 avg_stage2_scored_candidates=2427.460900 stage2_graph_read_waves=519353 avg_stage2_expansions_per_graph_wave=4.267700 stage2_graph_unique_reads=2305527 stage2_graph_prefetch_issued=1550172 stage2_graph_prefetch_hits=1461088 stage2_graph_prefetch_wasted=89084 stage2_graph_prefetch_promotion_ratio=0.942533 stage2_graph_issue_width_current=4 stage2_vector_read_waves=1018409 avg_stage2_scores_per_vector_wave=134.388711 stage2_vector_unique_reads=87623743 stage2_home_rpc_batches=695663 stage2_home_rpc_items=77167893 avg_stage2_home_rpc_batch=110.927120 stage2_home_score_rpc_batches=305267 stage2_home_score_rpc_items=74862366 stage2_home_score_rpc_queries=1772438 stage2_home_score_rpc_request_bytes=1993594016 stage2_home_score_rpc_response_bytes=2409554016 avg_stage2_home_score_queries_per_rpc=5.806189 avg_stage2_home_score_rpc_batch=245.235699 stage2_home_scored_neighbors=124098027 home_scores_per_expansion=1.608156 stage2_migrations=13079 home_match_rate=0.768025 stage2_final_edges=1930677 stage2_cross_edges_stage1_home=565805 stage2_cross_edges_final_home=292983 cross_edge_reduction_ratio=0.482184 failed=0 rpc_timeouts=0 reverse_aggregate_batches=0 reverse_aggregate_logical_requests=0 reverse_aggregate_ops=0 avg_reverse_aggregate_logicals=0.000000 avg_reverse_aggregate_ops=0.000000 max_backlog=30431 admission_window=65536 completion_outstanding=0 completion_incomplete=0 completed_behind_hole=0 completion_logical_full_failures=0 completion_physical_full_failures=0 pressure_yields=2250542 stage2_batches=7072 avg_stage2_batch_size=7.972426 packing_target_batch=8 packing_admit_queue_avg=14973.056420 packing_admit_queue_max=30431 packing_batch_1_7=50 packing_batch_8=7022 packing_assembly_batches=7072 packing_assembly_wait_ms=259863707.982190 packing_arrival_interval_us=25000 packing_waited_batches=50 packing_wait_ms=1000.893000 packing_target_flushes=7022 packing_deadline_flushes=50 packing_cleanup_flushes=0 stage2_phase_search_attempts=7072 stage2_phase_search_task_attempts=56381 stage2_phase_search_elapsed_ms=5668107.302692 avg_stage2_phase_search_us_per_task=100532.223669 stage2_phase_freeze_prune_attempts=9431 stage2_phase_freeze_prune_task_attempts=75242 stage2_phase_freeze_prune_elapsed_ms=198635.187984 avg_stage2_phase_freeze_prune_us_per_task=2639.950931 stage2_phase_reverse_prepare_attempts=7072 stage2_phase_reverse_prepare_task_attempts=56381 stage2_phase_reverse_prepare_elapsed_ms=495170.572376 avg_stage2_phase_reverse_prepare_us_per_task=8782.578748 stage2_phase_placement_authority_attempts=7072 stage2_phase_placement_authority_task_attempts=56381 stage2_phase_placement_authority_elapsed_ms=150942.923945 avg_stage2_phase_placement_authority_us_per_task=2677.194870 stage2_phase_completion_handoff_attempts=7072 stage2_phase_completion_handoff_task_attempts=56381 stage2_phase_completion_handoff_elapsed_ms=14.535455 avg_stage2_phase_completion_handoff_us_per_task=0.257808 stage2_phase_finalize_attempts=7072 stage2_phase_finalize_task_attempts=56381 stage2_phase_finalize_elapsed_ms=78.549132 avg_stage2_phase_finalize_us_per_task=1.393184 maintenance_worker_idle_waits=1730240 maintenance_worker_idle_ms=692501.200970 maintenance_lost_wake_avoided=614310 maintenance_targeted_wakes=7868125 maintenance_generic_wakes=28254 maintenance_broadcast_wakes=0 maintenance_context_slots_scanned=26259520 maintenance_ready_notifications=2239551 maintenance_ready_stale_notifications=89 maintenance_ready_tickets_drained=1736378 maintenance_ready_overflow_scans=0 maintenance_ready_fallback_scans=1641520 stage2_search_lane_lease_limit=32 stage2_search_lane_lease_peak=32 stage2_search_lane_lease_blocked=165008 maintenance_worker_observed_idle_ratio=0.480787 maintenance_worker_observed_busy_ratio=0.519213 physical_stage1_items=56381 physical_stage1_total_ns=245730808869 physical_stage1_search_ns=230607702331 physical_stage1_prune_ns=7822802622 physical_stage1_allocate_write_ns=5470726359 physical_stage1_backlink_ns=1180457011 physical_stage1_candidates=7210323 physical_stage1_remote_frontier_items=75545453 physical_stage1_neighbors=1779763 peer_stage1_enqueued=43152 peer_stage1_processed=43152 peer_stage1_items=90400 avg_peer_stage1_items=2.094920 peer_stage1_rate_per_sec=502.100899 peer_stage1_max_queue=47 peer_stage1_active_workers=0 peer_stage2_home_enqueued=571680 peer_stage2_home_processed=571680 peer_stage2_home_items=64305727 avg_peer_stage2_home_items=112.485529 peer_stage2_home_max_queue=47 peer_stage2_home_response_queue_drops=0 peer_stage2_home_response_send_wait_ms=17104.007118 avg_peer_stage2_home_queue_wait_us=90.992707 avg_peer_stage2_home_execution_us=77.038384 peer_stage1_release_deferred_batches=141 peer_stage1_release_deferred_items=230 peer_stage1_duplicate_retry_responses=0 peer_stage1_admission_retry_responses=0 peer_stage1_retry_response_drops=0 peer_stage1_admission_waiters=0 peer_stage1_admission_waiter_items=0 peer_stage1_admission_owned_items=0 peer_stage1_admission_wake_coverage=0 peer_stage1_admission_parked=0 peer_stage1_admission_woken=0 peer_stage1_admission_reparked=0 peer_stage1_max_admission_waiters=0 peer_stage1_duplicate_coalesced=38 peer_reverse_enqueued=26923 peer_reverse_processed=26923 peer_reverse_remaining=0 peer_reverse_items_enqueued=477924 peer_reverse_items_processed=477924 peer_reverse_rate_per_sec=2654.491926 peer_reverse_failed=52 peer_reverse_max_queue=71 reclaim_pending=2352 reclaim_reused=10727 dynamic_high_watermark=20038098688 stage2_remaining=0 cleanup_remaining=0 active_contexts=0 active_context_limit=48 repair_remaining=0 remaining=0
[STATUS]: storage-owner maintenance observation: enqueued=56381 stage2_enqueued=56381 cleanup_enqueued=0 stage2_tasks_done=56381 stage2_finalized_live=56381 cleanup_processed=0 stale=0 stage2_completion_ratio=1.000000 live_stage2_completion_ratio=1.000000 avg_stage2_delay_ms=37789.788880 p99_stage2_delay_upper_ms=30000.000000 p99_stage2_delay_over_30s=true stage2_delay_histogram=0,0,0,0,0,1,21,14,95,212,269,425,729,349,707,1938,13407,38214 max_stage2_delay_ms=67925.253809 compaction_batch_target=32 compaction_max_delay_ms=25.000000 stage2_rate_per_sec=304.687763 stage1_search_budget_exhausted=0 stage2_search_budget_exhausted=0 stage2_continuations=56381 stage2_remote_frontier_items=75545453 avg_stage2_remote_frontier=1339.909775 stage2_remote_expansions=2216443 avg_stage2_remote_expansions=39.311878 stage2_scored_candidates=136862673 avg_stage2_scored_candidates=2427.460900 stage2_graph_read_waves=519353 avg_stage2_expansions_per_graph_wave=4.267700 stage2_graph_unique_reads=2305527 stage2_graph_prefetch_issued=1550172 stage2_graph_prefetch_hits=1461088 stage2_graph_prefetch_wasted=89084 stage2_graph_prefetch_promotion_ratio=0.942533 stage2_graph_issue_width_current=4 stage2_vector_read_waves=1018409 avg_stage2_scores_per_vector_wave=134.388711 stage2_vector_unique_reads=87623743 stage2_home_rpc_batches=695663 stage2_home_rpc_items=77167893 avg_stage2_home_rpc_batch=110.927120 stage2_home_score_rpc_batches=305267 stage2_home_score_rpc_items=74862366 stage2_home_score_rpc_queries=1772438 stage2_home_score_rpc_request_bytes=1993594016 stage2_home_score_rpc_response_bytes=2409554016 avg_stage2_home_score_queries_per_rpc=5.806189 avg_stage2_home_score_rpc_batch=245.235699 stage2_home_scored_neighbors=124098027 home_scores_per_expansion=1.608156 stage2_migrations=13079 home_match_rate=0.768025 stage2_final_edges=1930677 stage2_cross_edges_stage1_home=565805 stage2_cross_edges_final_home=292983 cross_edge_reduction_ratio=0.482184 failed=0 rpc_timeouts=0 reverse_aggregate_batches=0 reverse_aggregate_logical_requests=0 reverse_aggregate_ops=0 avg_reverse_aggregate_logicals=0.000000 avg_reverse_aggregate_ops=0.000000 max_backlog=30431 admission_window=65536 completion_outstanding=0 completion_incomplete=0 completed_behind_hole=0 completion_logical_full_failures=0 completion_physical_full_failures=0 pressure_yields=2250542 stage2_batches=7072 avg_stage2_batch_size=7.972426 packing_target_batch=8 packing_admit_queue_avg=14973.056420 packing_admit_queue_max=30431 packing_batch_1_7=50 packing_batch_8=7022 packing_assembly_batches=7072 packing_assembly_wait_ms=259863707.982190 packing_arrival_interval_us=25000 packing_waited_batches=50 packing_wait_ms=1000.893000 packing_target_flushes=7022 packing_deadline_flushes=50 packing_cleanup_flushes=0 stage2_phase_search_attempts=7072 stage2_phase_search_task_attempts=56381 stage2_phase_search_elapsed_ms=5668107.302692 avg_stage2_phase_search_us_per_task=100532.223669 stage2_phase_freeze_prune_attempts=9431 stage2_phase_freeze_prune_task_attempts=75242 stage2_phase_freeze_prune_elapsed_ms=198635.187984 avg_stage2_phase_freeze_prune_us_per_task=2639.950931 stage2_phase_reverse_prepare_attempts=7072 stage2_phase_reverse_prepare_task_attempts=56381 stage2_phase_reverse_prepare_elapsed_ms=495170.572376 avg_stage2_phase_reverse_prepare_us_per_task=8782.578748 stage2_phase_placement_authority_attempts=7072 stage2_phase_placement_authority_task_attempts=56381 stage2_phase_placement_authority_elapsed_ms=150942.923945 avg_stage2_phase_placement_authority_us_per_task=2677.194870 stage2_phase_completion_handoff_attempts=7072 stage2_phase_completion_handoff_task_attempts=56381 stage2_phase_completion_handoff_elapsed_ms=14.535455 avg_stage2_phase_completion_handoff_us_per_task=0.257808 stage2_phase_finalize_attempts=7072 stage2_phase_finalize_task_attempts=56381 stage2_phase_finalize_elapsed_ms=78.549132 avg_stage2_phase_finalize_us_per_task=1.393184 maintenance_worker_idle_waits=1734208 maintenance_worker_idle_ms=732413.638868 maintenance_lost_wake_avoided=614310 maintenance_targeted_wakes=7868125 maintenance_generic_wakes=28254 maintenance_broadcast_wakes=0 maintenance_context_slots_scanned=26323008 maintenance_ready_notifications=2239551 maintenance_ready_stale_notifications=89 maintenance_ready_tickets_drained=1736378 maintenance_ready_overflow_scans=0 maintenance_ready_fallback_scans=1645497 stage2_search_lane_lease_limit=32 stage2_search_lane_lease_peak=32 stage2_search_lane_lease_blocked=165008 maintenance_worker_observed_idle_ratio=0.494753 maintenance_worker_observed_busy_ratio=0.505247 physical_stage1_items=56381 physical_stage1_total_ns=245730808869 physical_stage1_search_ns=230607702331 physical_stage1_prune_ns=7822802622 physical_stage1_allocate_write_ns=5470726359 physical_stage1_backlink_ns=1180457011 physical_stage1_candidates=7210323 physical_stage1_remote_frontier_items=75545453 physical_stage1_neighbors=1779763 peer_stage1_enqueued=43152 peer_stage1_processed=43152 peer_stage1_items=90400 avg_peer_stage1_items=2.094920 peer_stage1_rate_per_sec=488.529360 peer_stage1_max_queue=47 peer_stage1_active_workers=0 peer_stage2_home_enqueued=571680 peer_stage2_home_processed=571680 peer_stage2_home_items=64305727 avg_peer_stage2_home_items=112.485529 peer_stage2_home_max_queue=47 peer_stage2_home_response_queue_drops=0 peer_stage2_home_response_send_wait_ms=17104.007118 avg_peer_stage2_home_queue_wait_us=90.992707 avg_peer_stage2_home_execution_us=77.038384 peer_stage1_release_deferred_batches=141 peer_stage1_release_deferred_items=230 peer_stage1_duplicate_retry_responses=0 peer_stage1_admission_retry_responses=0 peer_stage1_retry_response_drops=0 peer_stage1_admission_waiters=0 peer_stage1_admission_waiter_items=0 peer_stage1_admission_owned_items=0 peer_stage1_admission_wake_coverage=0 peer_stage1_admission_parked=0 peer_stage1_admission_woken=0 peer_stage1_admission_reparked=0 peer_stage1_max_admission_waiters=0 peer_stage1_duplicate_coalesced=38 peer_reverse_enqueued=26923 peer_reverse_processed=26923 peer_reverse_remaining=0 peer_reverse_items_enqueued=477924 peer_reverse_items_processed=477924 peer_reverse_rate_per_sec=2582.742319 peer_reverse_failed=52 peer_reverse_max_queue=71 reclaim_pending=2352 reclaim_reused=10727 dynamic_high_watermark=20038098688 stage2_remaining=0 cleanup_remaining=0 active_contexts=0 active_context_limit=48 repair_remaining=0 remaining=0
[STATUS]: storage-owner maintenance observation: enqueued=56381 stage2_enqueued=56381 cleanup_enqueued=0 stage2_tasks_done=56381 stage2_finalized_live=56381 cleanup_processed=0 stale=0 stage2_completion_ratio=1.000000 live_stage2_completion_ratio=1.000000 avg_stage2_delay_ms=37789.788880 p99_stage2_delay_upper_ms=30000.000000 p99_stage2_delay_over_30s=true stage2_delay_histogram=0,0,0,0,0,1,21,14,95,212,269,425,729,349,707,1938,13407,38214 max_stage2_delay_ms=67925.253809 compaction_batch_target=32 compaction_max_delay_ms=25.000000 stage2_rate_per_sec=296.671194 stage1_search_budget_exhausted=0 stage2_search_budget_exhausted=0 stage2_continuations=56381 stage2_remote_frontier_items=75545453 avg_stage2_remote_frontier=1339.909775 stage2_remote_expansions=2216443 avg_stage2_remote_expansions=39.311878 stage2_scored_candidates=136862673 avg_stage2_scored_candidates=2427.460900 stage2_graph_read_waves=519353 avg_stage2_expansions_per_graph_wave=4.267700 stage2_graph_unique_reads=2305527 stage2_graph_prefetch_issued=1550172 stage2_graph_prefetch_hits=1461088 stage2_graph_prefetch_wasted=89084 stage2_graph_prefetch_promotion_ratio=0.942533 stage2_graph_issue_width_current=4 stage2_vector_read_waves=1018409 avg_stage2_scores_per_vector_wave=134.388711 stage2_vector_unique_reads=87623743 stage2_home_rpc_batches=695663 stage2_home_rpc_items=77167893 avg_stage2_home_rpc_batch=110.927120 stage2_home_score_rpc_batches=305267 stage2_home_score_rpc_items=74862366 stage2_home_score_rpc_queries=1772438 stage2_home_score_rpc_request_bytes=1993594016 stage2_home_score_rpc_response_bytes=2409554016 avg_stage2_home_score_queries_per_rpc=5.806189 avg_stage2_home_score_rpc_batch=245.235699 stage2_home_scored_neighbors=124098027 home_scores_per_expansion=1.608156 stage2_migrations=13079 home_match_rate=0.768025 stage2_final_edges=1930677 stage2_cross_edges_stage1_home=565805 stage2_cross_edges_final_home=292983 cross_edge_reduction_ratio=0.482184 failed=0 rpc_timeouts=0 reverse_aggregate_batches=0 reverse_aggregate_logical_requests=0 reverse_aggregate_ops=0 avg_reverse_aggregate_logicals=0.000000 avg_reverse_aggregate_ops=0.000000 max_backlog=30431 admission_window=65536 completion_outstanding=0 completion_incomplete=0 completed_behind_hole=0 completion_logical_full_failures=0 completion_physical_full_failures=0 pressure_yields=2250542 stage2_batches=7072 avg_stage2_batch_size=7.972426 packing_target_batch=8 packing_admit_queue_avg=14973.056420 packing_admit_queue_max=30431 packing_batch_1_7=50 packing_batch_8=7022 packing_assembly_batches=7072 packing_assembly_wait_ms=259863707.982190 packing_arrival_interval_us=25000 packing_waited_batches=50 packing_wait_ms=1000.893000 packing_target_flushes=7022 packing_deadline_flushes=50 packing_cleanup_flushes=0 stage2_phase_search_attempts=7072 stage2_phase_search_task_attempts=56381 stage2_phase_search_elapsed_ms=5668107.302692 avg_stage2_phase_search_us_per_task=100532.223669 stage2_phase_freeze_prune_attempts=9431 stage2_phase_freeze_prune_task_attempts=75242 stage2_phase_freeze_prune_elapsed_ms=198635.187984 avg_stage2_phase_freeze_prune_us_per_task=2639.950931 stage2_phase_reverse_prepare_attempts=7072 stage2_phase_reverse_prepare_task_attempts=56381 stage2_phase_reverse_prepare_elapsed_ms=495170.572376 avg_stage2_phase_reverse_prepare_us_per_task=8782.578748 stage2_phase_placement_authority_attempts=7072 stage2_phase_placement_authority_task_attempts=56381 stage2_phase_placement_authority_elapsed_ms=150942.923945 avg_stage2_phase_placement_authority_us_per_task=2677.194870 stage2_phase_completion_handoff_attempts=7072 stage2_phase_completion_handoff_task_attempts=56381 stage2_phase_completion_handoff_elapsed_ms=14.535455 avg_stage2_phase_completion_handoff_us_per_task=0.257808 stage2_phase_finalize_attempts=7072 stage2_phase_finalize_task_attempts=56381 stage2_phase_finalize_elapsed_ms=78.549132 avg_stage2_phase_finalize_us_per_task=1.393184 maintenance_worker_idle_waits=1738240 maintenance_worker_idle_ms=772969.251080 maintenance_lost_wake_avoided=614310 maintenance_targeted_wakes=7868125 maintenance_generic_wakes=28254 maintenance_broadcast_wakes=0 maintenance_context_slots_scanned=26387520 maintenance_ready_notifications=2239551 maintenance_ready_stale_notifications=89 maintenance_ready_tickets_drained=1736378 maintenance_ready_overflow_scans=0 maintenance_ready_fallback_scans=1649473 stage2_search_lane_lease_limit=32 stage2_search_lane_lease_peak=32 stage2_search_lane_lease_blocked=165008 maintenance_worker_observed_idle_ratio=0.508411 maintenance_worker_observed_busy_ratio=0.491589 physical_stage1_items=56381 physical_stage1_total_ns=245730808869 physical_stage1_search_ns=230607702331 physical_stage1_prune_ns=7822802622 physical_stage1_allocate_write_ns=5470726359 physical_stage1_backlink_ns=1180457011 physical_stage1_candidates=7210323 physical_stage1_remote_frontier_items=75545453 physical_stage1_neighbors=1779763 peer_stage1_enqueued=43152 peer_stage1_processed=43152 peer_stage1_items=90400 avg_peer_stage1_items=2.094920 peer_stage1_rate_per_sec=475.675776 peer_stage1_max_queue=47 peer_stage1_active_workers=0 peer_stage2_home_enqueued=571680 peer_stage2_home_processed=571680 peer_stage2_home_items=64305727 avg_peer_stage2_home_items=112.485529 peer_stage2_home_max_queue=47 peer_stage2_home_response_queue_drops=0 peer_stage2_home_response_send_wait_ms=17104.007118 avg_peer_stage2_home_queue_wait_us=90.992707 avg_peer_stage2_home_execution_us=77.038384 peer_stage1_release_deferred_batches=141 peer_stage1_release_deferred_items=230 peer_stage1_duplicate_retry_responses=0 peer_stage1_admission_retry_responses=0 peer_stage1_retry_response_drops=0 peer_stage1_admission_waiters=0 peer_stage1_admission_waiter_items=0 peer_stage1_admission_owned_items=0 peer_stage1_admission_wake_coverage=0 peer_stage1_admission_parked=0 peer_stage1_admission_woken=0 peer_stage1_admission_reparked=0 peer_stage1_max_admission_waiters=0 peer_stage1_duplicate_coalesced=38 peer_reverse_enqueued=26923 peer_reverse_processed=26923 peer_reverse_remaining=0 peer_reverse_items_enqueued=477924 peer_reverse_items_processed=477924 peer_reverse_rate_per_sec=2514.788381 peer_reverse_failed=52 peer_reverse_max_queue=71 reclaim_pending=2352 reclaim_reused=10727 dynamic_high_watermark=20038098688 stage2_remaining=0 cleanup_remaining=0 active_contexts=0 active_context_limit=48 repair_remaining=0 remaining=0
[STATUS]: storage-owner maintenance observation: enqueued=56381 stage2_enqueued=56381 cleanup_enqueued=0 stage2_tasks_done=56381 stage2_finalized_live=56381 cleanup_processed=0 stale=0 stage2_completion_ratio=1.000000 live_stage2_completion_ratio=1.000000 avg_stage2_delay_ms=37789.788880 p99_stage2_delay_upper_ms=30000.000000 p99_stage2_delay_over_30s=true stage2_delay_histogram=0,0,0,0,0,1,21,14,95,212,269,425,729,349,707,1938,13407,38214 max_stage2_delay_ms=67925.253809 compaction_batch_target=32 compaction_max_delay_ms=25.000000 stage2_rate_per_sec=289.065866 stage1_search_budget_exhausted=0 stage2_search_budget_exhausted=0 stage2_continuations=56381 stage2_remote_frontier_items=75545453 avg_stage2_remote_frontier=1339.909775 stage2_remote_expansions=2216443 avg_stage2_remote_expansions=39.311878 stage2_scored_candidates=136862673 avg_stage2_scored_candidates=2427.460900 stage2_graph_read_waves=519353 avg_stage2_expansions_per_graph_wave=4.267700 stage2_graph_unique_reads=2305527 stage2_graph_prefetch_issued=1550172 stage2_graph_prefetch_hits=1461088 stage2_graph_prefetch_wasted=89084 stage2_graph_prefetch_promotion_ratio=0.942533 stage2_graph_issue_width_current=4 stage2_vector_read_waves=1018409 avg_stage2_scores_per_vector_wave=134.388711 stage2_vector_unique_reads=87623743 stage2_home_rpc_batches=695663 stage2_home_rpc_items=77167893 avg_stage2_home_rpc_batch=110.927120 stage2_home_score_rpc_batches=305267 stage2_home_score_rpc_items=74862366 stage2_home_score_rpc_queries=1772438 stage2_home_score_rpc_request_bytes=1993594016 stage2_home_score_rpc_response_bytes=2409554016 avg_stage2_home_score_queries_per_rpc=5.806189 avg_stage2_home_score_rpc_batch=245.235699 stage2_home_scored_neighbors=124098027 home_scores_per_expansion=1.608156 stage2_migrations=13079 home_match_rate=0.768025 stage2_final_edges=1930677 stage2_cross_edges_stage1_home=565805 stage2_cross_edges_final_home=292983 cross_edge_reduction_ratio=0.482184 failed=0 rpc_timeouts=0 reverse_aggregate_batches=0 reverse_aggregate_logical_requests=0 reverse_aggregate_ops=0 avg_reverse_aggregate_logicals=0.000000 avg_reverse_aggregate_ops=0.000000 max_backlog=30431 admission_window=65536 completion_outstanding=0 completion_incomplete=0 completed_behind_hole=0 completion_logical_full_failures=0 completion_physical_full_failures=0 pressure_yields=2250542 stage2_batches=7072 avg_stage2_batch_size=7.972426 packing_target_batch=8 packing_admit_queue_avg=14973.056420 packing_admit_queue_max=30431 packing_batch_1_7=50 packing_batch_8=7022 packing_assembly_batches=7072 packing_assembly_wait_ms=259863707.982190 packing_arrival_interval_us=25000 packing_waited_batches=50 packing_wait_ms=1000.893000 packing_target_flushes=7022 packing_deadline_flushes=50 packing_cleanup_flushes=0 stage2_phase_search_attempts=7072 stage2_phase_search_task_attempts=56381 stage2_phase_search_elapsed_ms=5668107.302692 avg_stage2_phase_search_us_per_task=100532.223669 stage2_phase_freeze_prune_attempts=9431 stage2_phase_freeze_prune_task_attempts=75242 stage2_phase_freeze_prune_elapsed_ms=198635.187984 avg_stage2_phase_freeze_prune_us_per_task=2639.950931 stage2_phase_reverse_prepare_attempts=7072 stage2_phase_reverse_prepare_task_attempts=56381 stage2_phase_reverse_prepare_elapsed_ms=495170.572376 avg_stage2_phase_reverse_prepare_us_per_task=8782.578748 stage2_phase_placement_authority_attempts=7072 stage2_phase_placement_authority_task_attempts=56381 stage2_phase_placement_authority_elapsed_ms=150942.923945 avg_stage2_phase_placement_authority_us_per_task=2677.194870 stage2_phase_completion_handoff_attempts=7072 stage2_phase_completion_handoff_task_attempts=56381 stage2_phase_completion_handoff_elapsed_ms=14.535455 avg_stage2_phase_completion_handoff_us_per_task=0.257808 stage2_phase_finalize_attempts=7072 stage2_phase_finalize_task_attempts=56381 stage2_phase_finalize_elapsed_ms=78.549132 avg_stage2_phase_finalize_us_per_task=1.393184 maintenance_worker_idle_waits=1742208 maintenance_worker_idle_ms=812884.175641 maintenance_lost_wake_avoided=614310 maintenance_targeted_wakes=7868125 maintenance_generic_wakes=28254 maintenance_broadcast_wakes=0 maintenance_context_slots_scanned=26451008 maintenance_ready_notifications=2239551 maintenance_ready_stale_notifications=89 maintenance_ready_tickets_drained=1736378 maintenance_ready_overflow_scans=0 maintenance_ready_fallback_scans=1653449 stage2_search_lane_lease_limit=32 stage2_search_lane_lease_peak=32 stage2_search_lane_lease_blocked=165008 maintenance_worker_observed_idle_ratio=0.520958 maintenance_worker_observed_busy_ratio=0.479042 physical_stage1_items=56381 physical_stage1_total_ns=245730808869 physical_stage1_search_ns=230607702331 physical_stage1_prune_ns=7822802622 physical_stage1_allocate_write_ns=5470726359 physical_stage1_backlink_ns=1180457011 physical_stage1_candidates=7210323 physical_stage1_remote_frontier_items=75545453 physical_stage1_neighbors=1779763 peer_stage1_enqueued=43152 peer_stage1_processed=43152 peer_stage1_items=90400 avg_peer_stage1_items=2.094920 peer_stage1_rate_per_sec=463.481567 peer_stage1_max_queue=47 peer_stage1_active_workers=0 peer_stage2_home_enqueued=571680 peer_stage2_home_processed=571680 peer_stage2_home_items=64305727 avg_peer_stage2_home_items=112.485529 peer_stage2_home_max_queue=47 peer_stage2_home_response_queue_drops=0 peer_stage2_home_response_send_wait_ms=17104.007118 avg_peer_stage2_home_queue_wait_us=90.992707 avg_peer_stage2_home_execution_us=77.038384 peer_stage1_release_deferred_batches=141 peer_stage1_release_deferred_items=230 peer_stage1_duplicate_retry_responses=0 peer_stage1_admission_retry_responses=0 peer_stage1_retry_response_drops=0 peer_stage1_admission_waiters=0 peer_stage1_admission_waiter_items=0 peer_stage1_admission_owned_items=0 peer_stage1_admission_wake_coverage=0 peer_stage1_admission_parked=0 peer_stage1_admission_woken=0 peer_stage1_admission_reparked=0 peer_stage1_max_admission_waiters=0 peer_stage1_duplicate_coalesced=38 peer_reverse_enqueued=26923 peer_reverse_processed=26923 peer_reverse_remaining=0 peer_reverse_items_enqueued=477924 peer_reverse_items_processed=477924 peer_reverse_rate_per_sec=2450.320405 peer_reverse_failed=52 peer_reverse_max_queue=71 reclaim_pending=2352 reclaim_reused=10727 dynamic_high_watermark=20038098688 stage2_remaining=0 cleanup_remaining=0 active_contexts=0 active_context_limit=48 repair_remaining=0 remaining=0
[STATUS]: storage-owner maintenance observation: enqueued=56381 stage2_enqueued=56381 cleanup_enqueued=0 stage2_tasks_done=56381 stage2_finalized_live=56381 cleanup_processed=0 stale=0 stage2_completion_ratio=1.000000 live_stage2_completion_ratio=1.000000 avg_stage2_delay_ms=37789.788880 p99_stage2_delay_upper_ms=30000.000000 p99_stage2_delay_over_30s=true stage2_delay_histogram=0,0,0,0,0,1,21,14,95,212,269,425,729,349,707,1938,13407,38214 max_stage2_delay_ms=67925.253809 compaction_batch_target=32 compaction_max_delay_ms=25.000000 stage2_rate_per_sec=281.840027 stage1_search_budget_exhausted=0 stage2_search_budget_exhausted=0 stage2_continuations=56381 stage2_remote_frontier_items=75545453 avg_stage2_remote_frontier=1339.909775 stage2_remote_expansions=2216443 avg_stage2_remote_expansions=39.311878 stage2_scored_candidates=136862673 avg_stage2_scored_candidates=2427.460900 stage2_graph_read_waves=519353 avg_stage2_expansions_per_graph_wave=4.267700 stage2_graph_unique_reads=2305527 stage2_graph_prefetch_issued=1550172 stage2_graph_prefetch_hits=1461088 stage2_graph_prefetch_wasted=89084 stage2_graph_prefetch_promotion_ratio=0.942533 stage2_graph_issue_width_current=4 stage2_vector_read_waves=1018409 avg_stage2_scores_per_vector_wave=134.388711 stage2_vector_unique_reads=87623743 stage2_home_rpc_batches=695663 stage2_home_rpc_items=77167893 avg_stage2_home_rpc_batch=110.927120 stage2_home_score_rpc_batches=305267 stage2_home_score_rpc_items=74862366 stage2_home_score_rpc_queries=1772438 stage2_home_score_rpc_request_bytes=1993594016 stage2_home_score_rpc_response_bytes=2409554016 avg_stage2_home_score_queries_per_rpc=5.806189 avg_stage2_home_score_rpc_batch=245.235699 stage2_home_scored_neighbors=124098027 home_scores_per_expansion=1.608156 stage2_migrations=13079 home_match_rate=0.768025 stage2_final_edges=1930677 stage2_cross_edges_stage1_home=565805 stage2_cross_edges_final_home=292983 cross_edge_reduction_ratio=0.482184 failed=0 rpc_timeouts=0 reverse_aggregate_batches=0 reverse_aggregate_logical_requests=0 reverse_aggregate_ops=0 avg_reverse_aggregate_logicals=0.000000 avg_reverse_aggregate_ops=0.000000 max_backlog=30431 admission_window=65536 completion_outstanding=0 completion_incomplete=0 completed_behind_hole=0 completion_logical_full_failures=0 completion_physical_full_failures=0 pressure_yields=2250542 stage2_batches=7072 avg_stage2_batch_size=7.972426 packing_target_batch=8 packing_admit_queue_avg=14973.056420 packing_admit_queue_max=30431 packing_batch_1_7=50 packing_batch_8=7022 packing_assembly_batches=7072 packing_assembly_wait_ms=259863707.982190 packing_arrival_interval_us=25000 packing_waited_batches=50 packing_wait_ms=1000.893000 packing_target_flushes=7022 packing_deadline_flushes=50 packing_cleanup_flushes=0 stage2_phase_search_attempts=7072 stage2_phase_search_task_attempts=56381 stage2_phase_search_elapsed_ms=5668107.302692 avg_stage2_phase_search_us_per_task=100532.223669 stage2_phase_freeze_prune_attempts=9431 stage2_phase_freeze_prune_task_attempts=75242 stage2_phase_freeze_prune_elapsed_ms=198635.187984 avg_stage2_phase_freeze_prune_us_per_task=2639.950931 stage2_phase_reverse_prepare_attempts=7072 stage2_phase_reverse_prepare_task_attempts=56381 stage2_phase_reverse_prepare_elapsed_ms=495170.572376 avg_stage2_phase_reverse_prepare_us_per_task=8782.578748 stage2_phase_placement_authority_attempts=7072 stage2_phase_placement_authority_task_attempts=56381 stage2_phase_placement_authority_elapsed_ms=150942.923945 avg_stage2_phase_placement_authority_us_per_task=2677.194870 stage2_phase_completion_handoff_attempts=7072 stage2_phase_completion_handoff_task_attempts=56381 stage2_phase_completion_handoff_elapsed_ms=14.535455 avg_stage2_phase_completion_handoff_us_per_task=0.257808 stage2_phase_finalize_attempts=7072 stage2_phase_finalize_task_attempts=56381 stage2_phase_finalize_elapsed_ms=78.549132 avg_stage2_phase_finalize_us_per_task=1.393184 maintenance_worker_idle_waits=1746176 maintenance_worker_idle_ms=852795.896382 maintenance_lost_wake_avoided=614310 maintenance_targeted_wakes=7868125 maintenance_generic_wakes=28254 maintenance_broadcast_wakes=0 maintenance_context_slots_scanned=26514496 maintenance_ready_notifications=2239551 maintenance_ready_stale_notifications=89 maintenance_ready_tickets_drained=1736378 maintenance_ready_overflow_scans=0 maintenance_ready_fallback_scans=1657424 stage2_search_lane_lease_limit=32 stage2_search_lane_lease_peak=32 stage2_search_lane_lease_blocked=165008 maintenance_worker_observed_idle_ratio=0.532875 maintenance_worker_observed_busy_ratio=0.467125 physical_stage1_items=56381 physical_stage1_total_ns=245730808869 physical_stage1_search_ns=230607702331 physical_stage1_prune_ns=7822802622 physical_stage1_allocate_write_ns=5470726359 physical_stage1_backlink_ns=1180457011 physical_stage1_candidates=7210323 physical_stage1_remote_frontier_items=75545453 physical_stage1_neighbors=1779763 peer_stage1_enqueued=43152 peer_stage1_processed=43152 peer_stage1_items=90400 avg_peer_stage1_items=2.094920 peer_stage1_rate_per_sec=451.895824 peer_stage1_max_queue=47 peer_stage1_active_workers=0 peer_stage2_home_enqueued=571680 peer_stage2_home_processed=571680 peer_stage2_home_items=64305727 avg_peer_stage2_home_items=112.485529 peer_stage2_home_max_queue=47 peer_stage2_home_response_queue_drops=0 peer_stage2_home_response_send_wait_ms=17104.007118 avg_peer_stage2_home_queue_wait_us=90.992707 avg_peer_stage2_home_execution_us=77.038384 peer_stage1_release_deferred_batches=141 peer_stage1_release_deferred_items=230 peer_stage1_duplicate_retry_responses=0 peer_stage1_admission_retry_responses=0 peer_stage1_retry_response_drops=0 peer_stage1_admission_waiters=0 peer_stage1_admission_waiter_items=0 peer_stage1_admission_owned_items=0 peer_stage1_admission_wake_coverage=0 peer_stage1_admission_parked=0 peer_stage1_admission_woken=0 peer_stage1_admission_reparked=0 peer_stage1_max_admission_waiters=0 peer_stage1_duplicate_coalesced=38 peer_reverse_enqueued=26923 peer_reverse_processed=26923 peer_reverse_remaining=0 peer_reverse_items_enqueued=477924 peer_reverse_items_processed=477924 peer_reverse_rate_per_sec=2389.069248 peer_reverse_failed=52 peer_reverse_max_queue=71 reclaim_pending=2352 reclaim_reused=10727 dynamic_high_watermark=20038098688 stage2_remaining=0 cleanup_remaining=0 active_contexts=0 active_context_limit=48 repair_remaining=0 remaining=0
[STATUS]: storage-owner maintenance observation: enqueued=56381 stage2_enqueued=56381 cleanup_enqueued=0 stage2_tasks_done=56381 stage2_finalized_live=56381 cleanup_processed=0 stale=0 stage2_completion_ratio=1.000000 live_stage2_completion_ratio=1.000000 avg_stage2_delay_ms=37789.788880 p99_stage2_delay_upper_ms=30000.000000 p99_stage2_delay_over_30s=true stage2_delay_histogram=0,0,0,0,0,1,21,14,95,212,269,425,729,349,707,1938,13407,38214 max_stage2_delay_ms=67925.253809 compaction_batch_target=32 compaction_max_delay_ms=25.000000 stage2_rate_per_sec=274.965528 stage1_search_budget_exhausted=0 stage2_search_budget_exhausted=0 stage2_continuations=56381 stage2_remote_frontier_items=75545453 avg_stage2_remote_frontier=1339.909775 stage2_remote_expansions=2216443 avg_stage2_remote_expansions=39.311878 stage2_scored_candidates=136862673 avg_stage2_scored_candidates=2427.460900 stage2_graph_read_waves=519353 avg_stage2_expansions_per_graph_wave=4.267700 stage2_graph_unique_reads=2305527 stage2_graph_prefetch_issued=1550172 stage2_graph_prefetch_hits=1461088 stage2_graph_prefetch_wasted=89084 stage2_graph_prefetch_promotion_ratio=0.942533 stage2_graph_issue_width_current=4 stage2_vector_read_waves=1018409 avg_stage2_scores_per_vector_wave=134.388711 stage2_vector_unique_reads=87623743 stage2_home_rpc_batches=695663 stage2_home_rpc_items=77167893 avg_stage2_home_rpc_batch=110.927120 stage2_home_score_rpc_batches=305267 stage2_home_score_rpc_items=74862366 stage2_home_score_rpc_queries=1772438 stage2_home_score_rpc_request_bytes=1993594016 stage2_home_score_rpc_response_bytes=2409554016 avg_stage2_home_score_queries_per_rpc=5.806189 avg_stage2_home_score_rpc_batch=245.235699 stage2_home_scored_neighbors=124098027 home_scores_per_expansion=1.608156 stage2_migrations=13079 home_match_rate=0.768025 stage2_final_edges=1930677 stage2_cross_edges_stage1_home=565805 stage2_cross_edges_final_home=292983 cross_edge_reduction_ratio=0.482184 failed=0 rpc_timeouts=0 reverse_aggregate_batches=0 reverse_aggregate_logical_requests=0 reverse_aggregate_ops=0 avg_reverse_aggregate_logicals=0.000000 avg_reverse_aggregate_ops=0.000000 max_backlog=30431 admission_window=65536 completion_outstanding=0 completion_incomplete=0 completed_behind_hole=0 completion_logical_full_failures=0 completion_physical_full_failures=0 pressure_yields=2250542 stage2_batches=7072 avg_stage2_batch_size=7.972426 packing_target_batch=8 packing_admit_queue_avg=14973.056420 packing_admit_queue_max=30431 packing_batch_1_7=50 packing_batch_8=7022 packing_assembly_batches=7072 packing_assembly_wait_ms=259863707.982190 packing_arrival_interval_us=25000 packing_waited_batches=50 packing_wait_ms=1000.893000 packing_target_flushes=7022 packing_deadline_flushes=50 packing_cleanup_flushes=0 stage2_phase_search_attempts=7072 stage2_phase_search_task_attempts=56381 stage2_phase_search_elapsed_ms=5668107.302692 avg_stage2_phase_search_us_per_task=100532.223669 stage2_phase_freeze_prune_attempts=9431 stage2_phase_freeze_prune_task_attempts=75242 stage2_phase_freeze_prune_elapsed_ms=198635.187984 avg_stage2_phase_freeze_prune_us_per_task=2639.950931 stage2_phase_reverse_prepare_attempts=7072 stage2_phase_reverse_prepare_task_attempts=56381 stage2_phase_reverse_prepare_elapsed_ms=495170.572376 avg_stage2_phase_reverse_prepare_us_per_task=8782.578748 stage2_phase_placement_authority_attempts=7072 stage2_phase_placement_authority_task_attempts=56381 stage2_phase_placement_authority_elapsed_ms=150942.923945 avg_stage2_phase_placement_authority_us_per_task=2677.194870 stage2_phase_completion_handoff_attempts=7072 stage2_phase_completion_handoff_task_attempts=56381 stage2_phase_completion_handoff_elapsed_ms=14.535455 avg_stage2_phase_completion_handoff_us_per_task=0.257808 stage2_phase_finalize_attempts=7072 stage2_phase_finalize_task_attempts=56381 stage2_phase_finalize_elapsed_ms=78.549132 avg_stage2_phase_finalize_us_per_task=1.393184 maintenance_worker_idle_waits=1750144 maintenance_worker_idle_ms=892707.170256 maintenance_lost_wake_avoided=614310 maintenance_targeted_wakes=7868125 maintenance_generic_wakes=28254 maintenance_broadcast_wakes=0 maintenance_context_slots_scanned=26577984 maintenance_ready_notifications=2239551 maintenance_ready_stale_notifications=89 maintenance_ready_tickets_drained=1736378 maintenance_ready_overflow_scans=0 maintenance_ready_fallback_scans=1661398 stage2_search_lane_lease_limit=32 stage2_search_lane_lease_peak=32 stage2_search_lane_lease_blocked=165008 maintenance_worker_observed_idle_ratio=0.544207 maintenance_worker_observed_busy_ratio=0.455793 physical_stage1_items=56381 physical_stage1_total_ns=245730808869 physical_stage1_search_ns=230607702331 physical_stage1_prune_ns=7822802622 physical_stage1_allocate_write_ns=5470726359 physical_stage1_backlink_ns=1180457011 physical_stage1_candidates=7210323 physical_stage1_remote_frontier_items=75545453 physical_stage1_neighbors=1779763 peer_stage1_enqueued=43152 peer_stage1_processed=43152 peer_stage1_items=90400 avg_peer_stage1_items=2.094920 peer_stage1_rate_per_sec=440.873409 peer_stage1_max_queue=47 peer_stage1_active_workers=0 peer_stage2_home_enqueued=571680 peer_stage2_home_processed=571680 peer_stage2_home_items=64305727 avg_peer_stage2_home_items=112.485529 peer_stage2_home_max_queue=47 peer_stage2_home_response_queue_drops=0 peer_stage2_home_response_send_wait_ms=17104.007118 avg_peer_stage2_home_queue_wait_us=90.992707 avg_peer_stage2_home_execution_us=77.038384 peer_stage1_release_deferred_batches=141 peer_stage1_release_deferred_items=230 peer_stage1_duplicate_retry_responses=0 peer_stage1_admission_retry_responses=0 peer_stage1_retry_response_drops=0 peer_stage1_admission_waiters=0 peer_stage1_admission_waiter_items=0 peer_stage1_admission_owned_items=0 peer_stage1_admission_wake_coverage=0 peer_stage1_admission_parked=0 peer_stage1_admission_woken=0 peer_stage1_admission_reparked=0 peer_stage1_max_admission_waiters=0 peer_stage1_duplicate_coalesced=38 peer_reverse_enqueued=26923 peer_reverse_processed=26923 peer_reverse_remaining=0 peer_reverse_items_enqueued=477924 peer_reverse_items_processed=477924 peer_reverse_rate_per_sec=2330.796276 peer_reverse_failed=52 peer_reverse_max_queue=71 reclaim_pending=2352 reclaim_reused=10727 dynamic_high_watermark=20038098688 stage2_remaining=0 cleanup_remaining=0 active_contexts=0 active_context_limit=48 repair_remaining=0 remaining=0
[STATUS]: storage-owner maintenance observation: enqueued=56381 stage2_enqueued=56381 cleanup_enqueued=0 stage2_tasks_done=56381 stage2_finalized_live=56381 cleanup_processed=0 stale=0 stage2_completion_ratio=1.000000 live_stage2_completion_ratio=1.000000 avg_stage2_delay_ms=37789.788880 p99_stage2_delay_upper_ms=30000.000000 p99_stage2_delay_over_30s=true stage2_delay_histogram=0,0,0,0,0,1,21,14,95,212,269,425,729,349,707,1938,13407,38214 max_stage2_delay_ms=67925.253809 compaction_batch_target=32 compaction_max_delay_ms=25.000000 stage2_rate_per_sec=268.418233 stage1_search_budget_exhausted=0 stage2_search_budget_exhausted=0 stage2_continuations=56381 stage2_remote_frontier_items=75545453 avg_stage2_remote_frontier=1339.909775 stage2_remote_expansions=2216443 avg_stage2_remote_expansions=39.311878 stage2_scored_candidates=136862673 avg_stage2_scored_candidates=2427.460900 stage2_graph_read_waves=519353 avg_stage2_expansions_per_graph_wave=4.267700 stage2_graph_unique_reads=2305527 stage2_graph_prefetch_issued=1550172 stage2_graph_prefetch_hits=1461088 stage2_graph_prefetch_wasted=89084 stage2_graph_prefetch_promotion_ratio=0.942533 stage2_graph_issue_width_current=4 stage2_vector_read_waves=1018409 avg_stage2_scores_per_vector_wave=134.388711 stage2_vector_unique_reads=87623743 stage2_home_rpc_batches=695663 stage2_home_rpc_items=77167893 avg_stage2_home_rpc_batch=110.927120 stage2_home_score_rpc_batches=305267 stage2_home_score_rpc_items=74862366 stage2_home_score_rpc_queries=1772438 stage2_home_score_rpc_request_bytes=1993594016 stage2_home_score_rpc_response_bytes=2409554016 avg_stage2_home_score_queries_per_rpc=5.806189 avg_stage2_home_score_rpc_batch=245.235699 stage2_home_scored_neighbors=124098027 home_scores_per_expansion=1.608156 stage2_migrations=13079 home_match_rate=0.768025 stage2_final_edges=1930677 stage2_cross_edges_stage1_home=565805 stage2_cross_edges_final_home=292983 cross_edge_reduction_ratio=0.482184 failed=0 rpc_timeouts=0 reverse_aggregate_batches=0 reverse_aggregate_logical_requests=0 reverse_aggregate_ops=0 avg_reverse_aggregate_logicals=0.000000 avg_reverse_aggregate_ops=0.000000 max_backlog=30431 admission_window=65536 completion_outstanding=0 completion_incomplete=0 completed_behind_hole=0 completion_logical_full_failures=0 completion_physical_full_failures=0 pressure_yields=2250542 stage2_batches=7072 avg_stage2_batch_size=7.972426 packing_target_batch=8 packing_admit_queue_avg=14973.056420 packing_admit_queue_max=30431 packing_batch_1_7=50 packing_batch_8=7022 packing_assembly_batches=7072 packing_assembly_wait_ms=259863707.982190 packing_arrival_interval_us=25000 packing_waited_batches=50 packing_wait_ms=1000.893000 packing_target_flushes=7022 packing_deadline_flushes=50 packing_cleanup_flushes=0 stage2_phase_search_attempts=7072 stage2_phase_search_task_attempts=56381 stage2_phase_search_elapsed_ms=5668107.302692 avg_stage2_phase_search_us_per_task=100532.223669 stage2_phase_freeze_prune_attempts=9431 stage2_phase_freeze_prune_task_attempts=75242 stage2_phase_freeze_prune_elapsed_ms=198635.187984 avg_stage2_phase_freeze_prune_us_per_task=2639.950931 stage2_phase_reverse_prepare_attempts=7072 stage2_phase_reverse_prepare_task_attempts=56381 stage2_phase_reverse_prepare_elapsed_ms=495170.572376 avg_stage2_phase_reverse_prepare_us_per_task=8782.578748 stage2_phase_placement_authority_attempts=7072 stage2_phase_placement_authority_task_attempts=56381 stage2_phase_placement_authority_elapsed_ms=150942.923945 avg_stage2_phase_placement_authority_us_per_task=2677.194870 stage2_phase_completion_handoff_attempts=7072 stage2_phase_completion_handoff_task_attempts=56381 stage2_phase_completion_handoff_elapsed_ms=14.535455 avg_stage2_phase_completion_handoff_us_per_task=0.257808 stage2_phase_finalize_attempts=7072 stage2_phase_finalize_task_attempts=56381 stage2_phase_finalize_elapsed_ms=78.549132 avg_stage2_phase_finalize_us_per_task=1.393184 maintenance_worker_idle_waits=1754176 maintenance_worker_idle_ms=933262.524601 maintenance_lost_wake_avoided=614310 maintenance_targeted_wakes=7868125 maintenance_generic_wakes=28254 maintenance_broadcast_wakes=0 maintenance_context_slots_scanned=26642496 maintenance_ready_notifications=2239551 maintenance_ready_stale_notifications=89 maintenance_ready_tickets_drained=1736378 maintenance_ready_overflow_scans=0 maintenance_ready_fallback_scans=1665374 stage2_search_lane_lease_limit=32 stage2_search_lane_lease_peak=32 stage2_search_lane_lease_blocked=165008 maintenance_worker_observed_idle_ratio=0.555384 maintenance_worker_observed_busy_ratio=0.444616 physical_stage1_items=56381 physical_stage1_total_ns=245730808869 physical_stage1_search_ns=230607702331 physical_stage1_prune_ns=7822802622 physical_stage1_allocate_write_ns=5470726359 physical_stage1_backlink_ns=1180457011 physical_stage1_candidates=7210323 physical_stage1_remote_frontier_items=75545453 physical_stage1_neighbors=1779763 peer_stage1_enqueued=43152 peer_stage1_processed=43152 peer_stage1_items=90400 avg_peer_stage1_items=2.094920 peer_stage1_rate_per_sec=430.375628 peer_stage1_max_queue=47 peer_stage1_active_workers=0 peer_stage2_home_enqueued=571680 peer_stage2_home_processed=571680 peer_stage2_home_items=64305727 avg_peer_stage2_home_items=112.485529 peer_stage2_home_max_queue=47 peer_stage2_home_response_queue_drops=0 peer_stage2_home_response_send_wait_ms=17104.007118 avg_peer_stage2_home_queue_wait_us=90.992707 avg_peer_stage2_home_execution_us=77.038384 peer_stage1_release_deferred_batches=141 peer_stage1_release_deferred_items=230 peer_stage1_duplicate_retry_responses=0 peer_stage1_admission_retry_responses=0 peer_stage1_retry_response_drops=0 peer_stage1_admission_waiters=0 peer_stage1_admission_waiter_items=0 peer_stage1_admission_owned_items=0 peer_stage1_admission_wake_coverage=0 peer_stage1_admission_parked=0 peer_stage1_admission_woken=0 peer_stage1_admission_reparked=0 peer_stage1_max_admission_waiters=0 peer_stage1_duplicate_coalesced=38 peer_reverse_enqueued=26923 peer_reverse_processed=26923 peer_reverse_remaining=0 peer_reverse_items_enqueued=477924 peer_reverse_items_processed=477924 peer_reverse_rate_per_sec=2275.296919 peer_reverse_failed=52 peer_reverse_max_queue=71 reclaim_pending=2352 reclaim_reused=10727 dynamic_high_watermark=20038098688 stage2_remaining=0 cleanup_remaining=0 active_contexts=0 active_context_limit=48 repair_remaining=0 remaining=0
[STATUS]: storage-owner maintenance observation: enqueued=56381 stage2_enqueued=56381 cleanup_enqueued=0 stage2_tasks_done=56381 stage2_finalized_live=56381 cleanup_processed=0 stale=0 stage2_completion_ratio=1.000000 live_stage2_completion_ratio=1.000000 avg_stage2_delay_ms=37789.788880 p99_stage2_delay_upper_ms=30000.000000 p99_stage2_delay_over_30s=true stage2_delay_histogram=0,0,0,0,0,1,21,14,95,212,269,425,729,349,707,1938,13407,38214 max_stage2_delay_ms=67925.253809 compaction_batch_target=32 compaction_max_delay_ms=25.000000 stage2_rate_per_sec=262.175167 stage1_search_budget_exhausted=0 stage2_search_budget_exhausted=0 stage2_continuations=56381 stage2_remote_frontier_items=75545453 avg_stage2_remote_frontier=1339.909775 stage2_remote_expansions=2216443 avg_stage2_remote_expansions=39.311878 stage2_scored_candidates=136862673 avg_stage2_scored_candidates=2427.460900 stage2_graph_read_waves=519353 avg_stage2_expansions_per_graph_wave=4.267700 stage2_graph_unique_reads=2305527 stage2_graph_prefetch_issued=1550172 stage2_graph_prefetch_hits=1461088 stage2_graph_prefetch_wasted=89084 stage2_graph_prefetch_promotion_ratio=0.942533 stage2_graph_issue_width_current=4 stage2_vector_read_waves=1018409 avg_stage2_scores_per_vector_wave=134.388711 stage2_vector_unique_reads=87623743 stage2_home_rpc_batches=695663 stage2_home_rpc_items=77167893 avg_stage2_home_rpc_batch=110.927120 stage2_home_score_rpc_batches=305267 stage2_home_score_rpc_items=74862366 stage2_home_score_rpc_queries=1772438 stage2_home_score_rpc_request_bytes=1993594016 stage2_home_score_rpc_response_bytes=2409554016 avg_stage2_home_score_queries_per_rpc=5.806189 avg_stage2_home_score_rpc_batch=245.235699 stage2_home_scored_neighbors=124098027 home_scores_per_expansion=1.608156 stage2_migrations=13079 home_match_rate=0.768025 stage2_final_edges=1930677 stage2_cross_edges_stage1_home=565805 stage2_cross_edges_final_home=292983 cross_edge_reduction_ratio=0.482184 failed=0 rpc_timeouts=0 reverse_aggregate_batches=0 reverse_aggregate_logical_requests=0 reverse_aggregate_ops=0 avg_reverse_aggregate_logicals=0.000000 avg_reverse_aggregate_ops=0.000000 max_backlog=30431 admission_window=65536 completion_outstanding=0 completion_incomplete=0 completed_behind_hole=0 completion_logical_full_failures=0 completion_physical_full_failures=0 pressure_yields=2250542 stage2_batches=7072 avg_stage2_batch_size=7.972426 packing_target_batch=8 packing_admit_queue_avg=14973.056420 packing_admit_queue_max=30431 packing_batch_1_7=50 packing_batch_8=7022 packing_assembly_batches=7072 packing_assembly_wait_ms=259863707.982190 packing_arrival_interval_us=25000 packing_waited_batches=50 packing_wait_ms=1000.893000 packing_target_flushes=7022 packing_deadline_flushes=50 packing_cleanup_flushes=0 stage2_phase_search_attempts=7072 stage2_phase_search_task_attempts=56381 stage2_phase_search_elapsed_ms=5668107.302692 avg_stage2_phase_search_us_per_task=100532.223669 stage2_phase_freeze_prune_attempts=9431 stage2_phase_freeze_prune_task_attempts=75242 stage2_phase_freeze_prune_elapsed_ms=198635.187984 avg_stage2_phase_freeze_prune_us_per_task=2639.950931 stage2_phase_reverse_prepare_attempts=7072 stage2_phase_reverse_prepare_task_attempts=56381 stage2_phase_reverse_prepare_elapsed_ms=495170.572376 avg_stage2_phase_reverse_prepare_us_per_task=8782.578748 stage2_phase_placement_authority_attempts=7072 stage2_phase_placement_authority_task_attempts=56381 stage2_phase_placement_authority_elapsed_ms=150942.923945 avg_stage2_phase_placement_authority_us_per_task=2677.194870 stage2_phase_completion_handoff_attempts=7072 stage2_phase_completion_handoff_task_attempts=56381 stage2_phase_completion_handoff_elapsed_ms=14.535455 avg_stage2_phase_completion_handoff_us_per_task=0.257808 stage2_phase_finalize_attempts=7072 stage2_phase_finalize_task_attempts=56381 stage2_phase_finalize_elapsed_ms=78.549132 avg_stage2_phase_finalize_us_per_task=1.393184 maintenance_worker_idle_waits=1758144 maintenance_worker_idle_ms=973175.179816 maintenance_lost_wake_avoided=614310 maintenance_targeted_wakes=7868125 maintenance_generic_wakes=28254 maintenance_broadcast_wakes=0 maintenance_context_slots_scanned=26705984 maintenance_ready_notifications=2239551 maintenance_ready_stale_notifications=89 maintenance_ready_tickets_drained=1736378 maintenance_ready_overflow_scans=0 maintenance_ready_fallback_scans=1669351 stage2_search_lane_lease_limit=32 stage2_search_lane_lease_peak=32 stage2_search_lane_lease_blocked=165008 maintenance_worker_observed_idle_ratio=0.565666 maintenance_worker_observed_busy_ratio=0.434334 physical_stage1_items=56381 physical_stage1_total_ns=245730808869 physical_stage1_search_ns=230607702331 physical_stage1_prune_ns=7822802622 physical_stage1_allocate_write_ns=5470726359 physical_stage1_backlink_ns=1180457011 physical_stage1_candidates=7210323 physical_stage1_remote_frontier_items=75545453 physical_stage1_neighbors=1779763 peer_stage1_enqueued=43152 peer_stage1_processed=43152 peer_stage1_items=90400 avg_peer_stage1_items=2.094920 peer_stage1_rate_per_sec=420.365639 peer_stage1_max_queue=47 peer_stage1_active_workers=0 peer_stage2_home_enqueued=571680 peer_stage2_home_processed=571680 peer_stage2_home_items=64305727 avg_peer_stage2_home_items=112.485529 peer_stage2_home_max_queue=47 peer_stage2_home_response_queue_drops=0 peer_stage2_home_response_send_wait_ms=17104.007118 avg_peer_stage2_home_queue_wait_us=90.992707 avg_peer_stage2_home_execution_us=77.038384 peer_stage1_release_deferred_batches=141 peer_stage1_release_deferred_items=230 peer_stage1_duplicate_retry_responses=0 peer_stage1_admission_retry_responses=0 peer_stage1_retry_response_drops=0 peer_stage1_admission_waiters=0 peer_stage1_admission_waiter_items=0 peer_stage1_admission_owned_items=0 peer_stage1_admission_wake_coverage=0 peer_stage1_admission_parked=0 peer_stage1_admission_woken=0 peer_stage1_admission_reparked=0 peer_stage1_max_admission_waiters=0 peer_stage1_duplicate_coalesced=38 peer_reverse_enqueued=26923 peer_reverse_processed=26923 peer_reverse_remaining=0 peer_reverse_items_enqueued=477924 peer_reverse_items_processed=477924 peer_reverse_rate_per_sec=2222.376412 peer_reverse_failed=52 peer_reverse_max_queue=71 reclaim_pending=2352 reclaim_reused=10727 dynamic_high_watermark=20038098688 stage2_remaining=0 cleanup_remaining=0 active_contexts=0 active_context_limit=48 repair_remaining=0 remaining=0
[STATUS]: storage-owner maintenance observation: enqueued=56381 stage2_enqueued=56381 cleanup_enqueued=0 stage2_tasks_done=56381 stage2_finalized_live=56381 cleanup_processed=0 stale=0 stage2_completion_ratio=1.000000 live_stage2_completion_ratio=1.000000 avg_stage2_delay_ms=37789.788880 p99_stage2_delay_upper_ms=30000.000000 p99_stage2_delay_over_30s=true stage2_delay_histogram=0,0,0,0,0,1,21,14,95,212,269,425,729,349,707,1938,13407,38214 max_stage2_delay_ms=67925.253809 compaction_batch_target=32 compaction_max_delay_ms=25.000000 stage2_rate_per_sec=256.217322 stage1_search_budget_exhausted=0 stage2_search_budget_exhausted=0 stage2_continuations=56381 stage2_remote_frontier_items=75545453 avg_stage2_remote_frontier=1339.909775 stage2_remote_expansions=2216443 avg_stage2_remote_expansions=39.311878 stage2_scored_candidates=136862673 avg_stage2_scored_candidates=2427.460900 stage2_graph_read_waves=519353 avg_stage2_expansions_per_graph_wave=4.267700 stage2_graph_unique_reads=2305527 stage2_graph_prefetch_issued=1550172 stage2_graph_prefetch_hits=1461088 stage2_graph_prefetch_wasted=89084 stage2_graph_prefetch_promotion_ratio=0.942533 stage2_graph_issue_width_current=4 stage2_vector_read_waves=1018409 avg_stage2_scores_per_vector_wave=134.388711 stage2_vector_unique_reads=87623743 stage2_home_rpc_batches=695663 stage2_home_rpc_items=77167893 avg_stage2_home_rpc_batch=110.927120 stage2_home_score_rpc_batches=305267 stage2_home_score_rpc_items=74862366 stage2_home_score_rpc_queries=1772438 stage2_home_score_rpc_request_bytes=1993594016 stage2_home_score_rpc_response_bytes=2409554016 avg_stage2_home_score_queries_per_rpc=5.806189 avg_stage2_home_score_rpc_batch=245.235699 stage2_home_scored_neighbors=124098027 home_scores_per_expansion=1.608156 stage2_migrations=13079 home_match_rate=0.768025 stage2_final_edges=1930677 stage2_cross_edges_stage1_home=565805 stage2_cross_edges_final_home=292983 cross_edge_reduction_ratio=0.482184 failed=0 rpc_timeouts=0 reverse_aggregate_batches=0 reverse_aggregate_logical_requests=0 reverse_aggregate_ops=0 avg_reverse_aggregate_logicals=0.000000 avg_reverse_aggregate_ops=0.000000 max_backlog=30431 admission_window=65536 completion_outstanding=0 completion_incomplete=0 completed_behind_hole=0 completion_logical_full_failures=0 completion_physical_full_failures=0 pressure_yields=2250542 stage2_batches=7072 avg_stage2_batch_size=7.972426 packing_target_batch=8 packing_admit_queue_avg=14973.056420 packing_admit_queue_max=30431 packing_batch_1_7=50 packing_batch_8=7022 packing_assembly_batches=7072 packing_assembly_wait_ms=259863707.982190 packing_arrival_interval_us=25000 packing_waited_batches=50 packing_wait_ms=1000.893000 packing_target_flushes=7022 packing_deadline_flushes=50 packing_cleanup_flushes=0 stage2_phase_search_attempts=7072 stage2_phase_search_task_attempts=56381 stage2_phase_search_elapsed_ms=5668107.302692 avg_stage2_phase_search_us_per_task=100532.223669 stage2_phase_freeze_prune_attempts=9431 stage2_phase_freeze_prune_task_attempts=75242 stage2_phase_freeze_prune_elapsed_ms=198635.187984 avg_stage2_phase_freeze_prune_us_per_task=2639.950931 stage2_phase_reverse_prepare_attempts=7072 stage2_phase_reverse_prepare_task_attempts=56381 stage2_phase_reverse_prepare_elapsed_ms=495170.572376 avg_stage2_phase_reverse_prepare_us_per_task=8782.578748 stage2_phase_placement_authority_attempts=7072 stage2_phase_placement_authority_task_attempts=56381 stage2_phase_placement_authority_elapsed_ms=150942.923945 avg_stage2_phase_placement_authority_us_per_task=2677.194870 stage2_phase_completion_handoff_attempts=7072 stage2_phase_completion_handoff_task_attempts=56381 stage2_phase_completion_handoff_elapsed_ms=14.535455 avg_stage2_phase_completion_handoff_us_per_task=0.257808 stage2_phase_finalize_attempts=7072 stage2_phase_finalize_task_attempts=56381 stage2_phase_finalize_elapsed_ms=78.549132 avg_stage2_phase_finalize_us_per_task=1.393184 maintenance_worker_idle_waits=1762112 maintenance_worker_idle_ms=1013087.246263 maintenance_lost_wake_avoided=614310 maintenance_targeted_wakes=7868125 maintenance_generic_wakes=28254 maintenance_broadcast_wakes=0 maintenance_context_slots_scanned=26769472 maintenance_ready_notifications=2239551 maintenance_ready_stale_notifications=89 maintenance_ready_tickets_drained=1736378 maintenance_ready_overflow_scans=0 maintenance_ready_fallback_scans=1673327 stage2_search_lane_lease_limit=32 stage2_search_lane_lease_peak=32 stage2_search_lane_lease_blocked=165008 maintenance_worker_observed_idle_ratio=0.575483 maintenance_worker_observed_busy_ratio=0.424517 physical_stage1_items=56381 physical_stage1_total_ns=245730808869 physical_stage1_search_ns=230607702331 physical_stage1_prune_ns=7822802622 physical_stage1_allocate_write_ns=5470726359 physical_stage1_backlink_ns=1180457011 physical_stage1_candidates=7210323 physical_stage1_remote_frontier_items=75545453 physical_stage1_neighbors=1779763 peer_stage1_enqueued=43152 peer_stage1_processed=43152 peer_stage1_items=90400 avg_peer_stage1_items=2.094920 peer_stage1_rate_per_sec=410.812967 peer_stage1_max_queue=47 peer_stage1_active_workers=0 peer_stage2_home_enqueued=571680 peer_stage2_home_processed=571680 peer_stage2_home_items=64305727 avg_peer_stage2_home_items=112.485529 peer_stage2_home_max_queue=47 peer_stage2_home_response_queue_drops=0 peer_stage2_home_response_send_wait_ms=17104.007118 avg_peer_stage2_home_queue_wait_us=90.992707 avg_peer_stage2_home_execution_us=77.038384 peer_stage1_release_deferred_batches=141 peer_stage1_release_deferred_items=230 peer_stage1_duplicate_retry_responses=0 peer_stage1_admission_retry_responses=0 peer_stage1_retry_response_drops=0 peer_stage1_admission_waiters=0 peer_stage1_admission_waiter_items=0 peer_stage1_admission_owned_items=0 peer_stage1_admission_wake_coverage=0 peer_stage1_admission_parked=0 peer_stage1_admission_woken=0 peer_stage1_admission_reparked=0 peer_stage1_max_admission_waiters=0 peer_stage1_duplicate_coalesced=38 peer_reverse_enqueued=26923 peer_reverse_processed=26923 peer_reverse_remaining=0 peer_reverse_items_enqueued=477924 peer_reverse_items_processed=477924 peer_reverse_rate_per_sec=2171.873633 peer_reverse_failed=52 peer_reverse_max_queue=71 reclaim_pending=2352 reclaim_reused=10727 dynamic_high_watermark=20038098688 stage2_remaining=0 cleanup_remaining=0 active_contexts=0 active_context_limit=48 repair_remaining=0 remaining=0
[STATUS]: storage-owner maintenance observation: enqueued=56381 stage2_enqueued=56381 cleanup_enqueued=0 stage2_tasks_done=56381 stage2_finalized_live=56381 cleanup_processed=0 stale=0 stage2_completion_ratio=1.000000 live_stage2_completion_ratio=1.000000 avg_stage2_delay_ms=37789.788880 p99_stage2_delay_upper_ms=30000.000000 p99_stage2_delay_over_30s=true stage2_delay_histogram=0,0,0,0,0,1,21,14,95,212,269,425,729,349,707,1938,13407,38214 max_stage2_delay_ms=67925.253809 compaction_batch_target=32 compaction_max_delay_ms=25.000000 stage2_rate_per_sec=250.524259 stage1_search_budget_exhausted=0 stage2_search_budget_exhausted=0 stage2_continuations=56381 stage2_remote_frontier_items=75545453 avg_stage2_remote_frontier=1339.909775 stage2_remote_expansions=2216443 avg_stage2_remote_expansions=39.311878 stage2_scored_candidates=136862673 avg_stage2_scored_candidates=2427.460900 stage2_graph_read_waves=519353 avg_stage2_expansions_per_graph_wave=4.267700 stage2_graph_unique_reads=2305527 stage2_graph_prefetch_issued=1550172 stage2_graph_prefetch_hits=1461088 stage2_graph_prefetch_wasted=89084 stage2_graph_prefetch_promotion_ratio=0.942533 stage2_graph_issue_width_current=4 stage2_vector_read_waves=1018409 avg_stage2_scores_per_vector_wave=134.388711 stage2_vector_unique_reads=87623743 stage2_home_rpc_batches=695663 stage2_home_rpc_items=77167893 avg_stage2_home_rpc_batch=110.927120 stage2_home_score_rpc_batches=305267 stage2_home_score_rpc_items=74862366 stage2_home_score_rpc_queries=1772438 stage2_home_score_rpc_request_bytes=1993594016 stage2_home_score_rpc_response_bytes=2409554016 avg_stage2_home_score_queries_per_rpc=5.806189 avg_stage2_home_score_rpc_batch=245.235699 stage2_home_scored_neighbors=124098027 home_scores_per_expansion=1.608156 stage2_migrations=13079 home_match_rate=0.768025 stage2_final_edges=1930677 stage2_cross_edges_stage1_home=565805 stage2_cross_edges_final_home=292983 cross_edge_reduction_ratio=0.482184 failed=0 rpc_timeouts=0 reverse_aggregate_batches=0 reverse_aggregate_logical_requests=0 reverse_aggregate_ops=0 avg_reverse_aggregate_logicals=0.000000 avg_reverse_aggregate_ops=0.000000 max_backlog=30431 admission_window=65536 completion_outstanding=0 completion_incomplete=0 completed_behind_hole=0 completion_logical_full_failures=0 completion_physical_full_failures=0 pressure_yields=2250542 stage2_batches=7072 avg_stage2_batch_size=7.972426 packing_target_batch=8 packing_admit_queue_avg=14973.056420 packing_admit_queue_max=30431 packing_batch_1_7=50 packing_batch_8=7022 packing_assembly_batches=7072 packing_assembly_wait_ms=259863707.982190 packing_arrival_interval_us=25000 packing_waited_batches=50 packing_wait_ms=1000.893000 packing_target_flushes=7022 packing_deadline_flushes=50 packing_cleanup_flushes=0 stage2_phase_search_attempts=7072 stage2_phase_search_task_attempts=56381 stage2_phase_search_elapsed_ms=5668107.302692 avg_stage2_phase_search_us_per_task=100532.223669 stage2_phase_freeze_prune_attempts=9431 stage2_phase_freeze_prune_task_attempts=75242 stage2_phase_freeze_prune_elapsed_ms=198635.187984 avg_stage2_phase_freeze_prune_us_per_task=2639.950931 stage2_phase_reverse_prepare_attempts=7072 stage2_phase_reverse_prepare_task_attempts=56381 stage2_phase_reverse_prepare_elapsed_ms=495170.572376 avg_stage2_phase_reverse_prepare_us_per_task=8782.578748 stage2_phase_placement_authority_attempts=7072 stage2_phase_placement_authority_task_attempts=56381 stage2_phase_placement_authority_elapsed_ms=150942.923945 avg_stage2_phase_placement_authority_us_per_task=2677.194870 stage2_phase_completion_handoff_attempts=7072 stage2_phase_completion_handoff_task_attempts=56381 stage2_phase_completion_handoff_elapsed_ms=14.535455 avg_stage2_phase_completion_handoff_us_per_task=0.257808 stage2_phase_finalize_attempts=7072 stage2_phase_finalize_task_attempts=56381 stage2_phase_finalize_elapsed_ms=78.549132 avg_stage2_phase_finalize_us_per_task=1.393184 maintenance_worker_idle_waits=1766016 maintenance_worker_idle_ms=1052356.168995 maintenance_lost_wake_avoided=614310 maintenance_targeted_wakes=7868125 maintenance_generic_wakes=28254 maintenance_broadcast_wakes=0 maintenance_context_slots_scanned=26831936 maintenance_ready_notifications=2239551 maintenance_ready_stale_notifications=89 maintenance_ready_tickets_drained=1736378 maintenance_ready_overflow_scans=0 maintenance_ready_fallback_scans=1677303 stage2_search_lane_lease_limit=32 stage2_search_lane_lease_peak=32 stage2_search_lane_lease_blocked=165008 maintenance_worker_observed_idle_ratio=0.584507 maintenance_worker_observed_busy_ratio=0.415493 physical_stage1_items=56381 physical_stage1_total_ns=245730808869 physical_stage1_search_ns=230607702331 physical_stage1_prune_ns=7822802622 physical_stage1_allocate_write_ns=5470726359 physical_stage1_backlink_ns=1180457011 physical_stage1_candidates=7210323 physical_stage1_remote_frontier_items=75545453 physical_stage1_neighbors=1779763 peer_stage1_enqueued=43152 peer_stage1_processed=43152 peer_stage1_items=90400 avg_peer_stage1_items=2.094920 peer_stage1_rate_per_sec=401.684841 peer_stage1_max_queue=47 peer_stage1_active_workers=0 peer_stage2_home_enqueued=571680 peer_stage2_home_processed=571680 peer_stage2_home_items=64305727 avg_peer_stage2_home_items=112.485529 peer_stage2_home_max_queue=47 peer_stage2_home_response_queue_drops=0 peer_stage2_home_response_send_wait_ms=17104.007118 avg_peer_stage2_home_queue_wait_us=90.992707 avg_peer_stage2_home_execution_us=77.038384 peer_stage1_release_deferred_batches=141 peer_stage1_release_deferred_items=230 peer_stage1_duplicate_retry_responses=0 peer_stage1_admission_retry_responses=0 peer_stage1_retry_response_drops=0 peer_stage1_admission_waiters=0 peer_stage1_admission_waiter_items=0 peer_stage1_admission_owned_items=0 peer_stage1_admission_wake_coverage=0 peer_stage1_admission_parked=0 peer_stage1_admission_woken=0 peer_stage1_admission_reparked=0 peer_stage1_max_admission_waiters=0 peer_stage1_duplicate_coalesced=38 peer_reverse_enqueued=26923 peer_reverse_processed=26923 peer_reverse_remaining=0 peer_reverse_items_enqueued=477924 peer_reverse_items_processed=477924 peer_reverse_rate_per_sec=2123.615332 peer_reverse_failed=52 peer_reverse_max_queue=71 reclaim_pending=2352 reclaim_reused=10727 dynamic_high_watermark=20038098688 stage2_remaining=0 cleanup_remaining=0 active_contexts=0 active_context_limit=48 repair_remaining=0 remaining=0
[STATUS]: storage-owner maintenance observation: enqueued=56381 stage2_enqueued=56381 cleanup_enqueued=0 stage2_tasks_done=56381 stage2_finalized_live=56381 cleanup_processed=0 stale=0 stage2_completion_ratio=1.000000 live_stage2_completion_ratio=1.000000 avg_stage2_delay_ms=37789.788880 p99_stage2_delay_upper_ms=30000.000000 p99_stage2_delay_over_30s=true stage2_delay_histogram=0,0,0,0,0,1,21,14,95,212,269,425,729,349,707,1938,13407,38214 max_stage2_delay_ms=67925.253809 compaction_batch_target=32 compaction_max_delay_ms=25.000000 stage2_rate_per_sec=245.078685 stage1_search_budget_exhausted=0 stage2_search_budget_exhausted=0 stage2_continuations=56381 stage2_remote_frontier_items=75545453 avg_stage2_remote_frontier=1339.909775 stage2_remote_expansions=2216443 avg_stage2_remote_expansions=39.311878 stage2_scored_candidates=136862673 avg_stage2_scored_candidates=2427.460900 stage2_graph_read_waves=519353 avg_stage2_expansions_per_graph_wave=4.267700 stage2_graph_unique_reads=2305527 stage2_graph_prefetch_issued=1550172 stage2_graph_prefetch_hits=1461088 stage2_graph_prefetch_wasted=89084 stage2_graph_prefetch_promotion_ratio=0.942533 stage2_graph_issue_width_current=4 stage2_vector_read_waves=1018409 avg_stage2_scores_per_vector_wave=134.388711 stage2_vector_unique_reads=87623743 stage2_home_rpc_batches=695663 stage2_home_rpc_items=77167893 avg_stage2_home_rpc_batch=110.927120 stage2_home_score_rpc_batches=305267 stage2_home_score_rpc_items=74862366 stage2_home_score_rpc_queries=1772438 stage2_home_score_rpc_request_bytes=1993594016 stage2_home_score_rpc_response_bytes=2409554016 avg_stage2_home_score_queries_per_rpc=5.806189 avg_stage2_home_score_rpc_batch=245.235699 stage2_home_scored_neighbors=124098027 home_scores_per_expansion=1.608156 stage2_migrations=13079 home_match_rate=0.768025 stage2_final_edges=1930677 stage2_cross_edges_stage1_home=565805 stage2_cross_edges_final_home=292983 cross_edge_reduction_ratio=0.482184 failed=0 rpc_timeouts=0 reverse_aggregate_batches=0 reverse_aggregate_logical_requests=0 reverse_aggregate_ops=0 avg_reverse_aggregate_logicals=0.000000 avg_reverse_aggregate_ops=0.000000 max_backlog=30431 admission_window=65536 completion_outstanding=0 completion_incomplete=0 completed_behind_hole=0 completion_logical_full_failures=0 completion_physical_full_failures=0 pressure_yields=2250542 stage2_batches=7072 avg_stage2_batch_size=7.972426 packing_target_batch=8 packing_admit_queue_avg=14973.056420 packing_admit_queue_max=30431 packing_batch_1_7=50 packing_batch_8=7022 packing_assembly_batches=7072 packing_assembly_wait_ms=259863707.982190 packing_arrival_interval_us=25000 packing_waited_batches=50 packing_wait_ms=1000.893000 packing_target_flushes=7022 packing_deadline_flushes=50 packing_cleanup_flushes=0 stage2_phase_search_attempts=7072 stage2_phase_search_task_attempts=56381 stage2_phase_search_elapsed_ms=5668107.302692 avg_stage2_phase_search_us_per_task=100532.223669 stage2_phase_freeze_prune_attempts=9431 stage2_phase_freeze_prune_task_attempts=75242 stage2_phase_freeze_prune_elapsed_ms=198635.187984 avg_stage2_phase_freeze_prune_us_per_task=2639.950931 stage2_phase_reverse_prepare_attempts=7072 stage2_phase_reverse_prepare_task_attempts=56381 stage2_phase_reverse_prepare_elapsed_ms=495170.572376 avg_stage2_phase_reverse_prepare_us_per_task=8782.578748 stage2_phase_placement_authority_attempts=7072 stage2_phase_placement_authority_task_attempts=56381 stage2_phase_placement_authority_elapsed_ms=150942.923945 avg_stage2_phase_placement_authority_us_per_task=2677.194870 stage2_phase_completion_handoff_attempts=7072 stage2_phase_completion_handoff_task_attempts=56381 stage2_phase_completion_handoff_elapsed_ms=14.535455 avg_stage2_phase_completion_handoff_us_per_task=0.257808 stage2_phase_finalize_attempts=7072 stage2_phase_finalize_task_attempts=56381 stage2_phase_finalize_elapsed_ms=78.549132 avg_stage2_phase_finalize_us_per_task=1.393184 maintenance_worker_idle_waits=1770048 maintenance_worker_idle_ms=1092912.526620 maintenance_lost_wake_avoided=614310 maintenance_targeted_wakes=7868125 maintenance_generic_wakes=28254 maintenance_broadcast_wakes=0 maintenance_context_slots_scanned=26896448 maintenance_ready_notifications=2239551 maintenance_ready_stale_notifications=89 maintenance_ready_tickets_drained=1736378 maintenance_ready_overflow_scans=0 maintenance_ready_fallback_scans=1681279 stage2_search_lane_lease_limit=32 stage2_search_lane_lease_peak=32 stage2_search_lane_lease_blocked=165008 maintenance_worker_observed_idle_ratio=0.593838 maintenance_worker_observed_busy_ratio=0.406162 physical_stage1_items=56381 physical_stage1_total_ns=245730808869 physical_stage1_search_ns=230607702331 physical_stage1_prune_ns=7822802622 physical_stage1_allocate_write_ns=5470726359 physical_stage1_backlink_ns=1180457011 physical_stage1_candidates=7210323 physical_stage1_remote_frontier_items=75545453 physical_stage1_neighbors=1779763 peer_stage1_enqueued=43152 peer_stage1_processed=43152 peer_stage1_items=90400 avg_peer_stage1_items=2.094920 peer_stage1_rate_per_sec=392.953533 peer_stage1_max_queue=47 peer_stage1_active_workers=0 peer_stage2_home_enqueued=571680 peer_stage2_home_processed=571680 peer_stage2_home_items=64305727 avg_peer_stage2_home_items=112.485529 peer_stage2_home_max_queue=47 peer_stage2_home_response_queue_drops=0 peer_stage2_home_response_send_wait_ms=17104.007118 avg_peer_stage2_home_queue_wait_us=90.992707 avg_peer_stage2_home_execution_us=77.038384 peer_stage1_release_deferred_batches=141 peer_stage1_release_deferred_items=230 peer_stage1_duplicate_retry_responses=0 peer_stage1_admission_retry_responses=0 peer_stage1_retry_response_drops=0 peer_stage1_admission_waiters=0 peer_stage1_admission_waiter_items=0 peer_stage1_admission_owned_items=0 peer_stage1_admission_wake_coverage=0 peer_stage1_admission_parked=0 peer_stage1_admission_woken=0 peer_stage1_admission_reparked=0 peer_stage1_max_admission_waiters=0 peer_stage1_duplicate_coalesced=38 peer_reverse_enqueued=26923 peer_reverse_processed=26923 peer_reverse_remaining=0 peer_reverse_items_enqueued=477924 peer_reverse_items_processed=477924 peer_reverse_rate_per_sec=2077.454913 peer_reverse_failed=52 peer_reverse_max_queue=71 reclaim_pending=2352 reclaim_reused=10727 dynamic_high_watermark=20038098688 stage2_remaining=0 cleanup_remaining=0 active_contexts=0 active_context_limit=48 repair_remaining=0 remaining=0
[STATUS]: storage-owner maintenance observation: enqueued=56381 stage2_enqueued=56381 cleanup_enqueued=0 stage2_tasks_done=56381 stage2_finalized_live=56381 cleanup_processed=0 stale=0 stage2_completion_ratio=1.000000 live_stage2_completion_ratio=1.000000 avg_stage2_delay_ms=37789.788880 p99_stage2_delay_upper_ms=30000.000000 p99_stage2_delay_over_30s=true stage2_delay_histogram=0,0,0,0,0,1,21,14,95,212,269,425,729,349,707,1938,13407,38214 max_stage2_delay_ms=67925.253809 compaction_batch_target=32 compaction_max_delay_ms=25.000000 stage2_rate_per_sec=239.864995 stage1_search_budget_exhausted=0 stage2_search_budget_exhausted=0 stage2_continuations=56381 stage2_remote_frontier_items=75545453 avg_stage2_remote_frontier=1339.909775 stage2_remote_expansions=2216443 avg_stage2_remote_expansions=39.311878 stage2_scored_candidates=136862673 avg_stage2_scored_candidates=2427.460900 stage2_graph_read_waves=519353 avg_stage2_expansions_per_graph_wave=4.267700 stage2_graph_unique_reads=2305527 stage2_graph_prefetch_issued=1550172 stage2_graph_prefetch_hits=1461088 stage2_graph_prefetch_wasted=89084 stage2_graph_prefetch_promotion_ratio=0.942533 stage2_graph_issue_width_current=4 stage2_vector_read_waves=1018409 avg_stage2_scores_per_vector_wave=134.388711 stage2_vector_unique_reads=87623743 stage2_home_rpc_batches=695663 stage2_home_rpc_items=77167893 avg_stage2_home_rpc_batch=110.927120 stage2_home_score_rpc_batches=305267 stage2_home_score_rpc_items=74862366 stage2_home_score_rpc_queries=1772438 stage2_home_score_rpc_request_bytes=1993594016 stage2_home_score_rpc_response_bytes=2409554016 avg_stage2_home_score_queries_per_rpc=5.806189 avg_stage2_home_score_rpc_batch=245.235699 stage2_home_scored_neighbors=124098027 home_scores_per_expansion=1.608156 stage2_migrations=13079 home_match_rate=0.768025 stage2_final_edges=1930677 stage2_cross_edges_stage1_home=565805 stage2_cross_edges_final_home=292983 cross_edge_reduction_ratio=0.482184 failed=0 rpc_timeouts=0 reverse_aggregate_batches=0 reverse_aggregate_logical_requests=0 reverse_aggregate_ops=0 avg_reverse_aggregate_logicals=0.000000 avg_reverse_aggregate_ops=0.000000 max_backlog=30431 admission_window=65536 completion_outstanding=0 completion_incomplete=0 completed_behind_hole=0 completion_logical_full_failures=0 completion_physical_full_failures=0 pressure_yields=2250542 stage2_batches=7072 avg_stage2_batch_size=7.972426 packing_target_batch=8 packing_admit_queue_avg=14973.056420 packing_admit_queue_max=30431 packing_batch_1_7=50 packing_batch_8=7022 packing_assembly_batches=7072 packing_assembly_wait_ms=259863707.982190 packing_arrival_interval_us=25000 packing_waited_batches=50 packing_wait_ms=1000.893000 packing_target_flushes=7022 packing_deadline_flushes=50 packing_cleanup_flushes=0 stage2_phase_search_attempts=7072 stage2_phase_search_task_attempts=56381 stage2_phase_search_elapsed_ms=5668107.302692 avg_stage2_phase_search_us_per_task=100532.223669 stage2_phase_freeze_prune_attempts=9431 stage2_phase_freeze_prune_task_attempts=75242 stage2_phase_freeze_prune_elapsed_ms=198635.187984 avg_stage2_phase_freeze_prune_us_per_task=2639.950931 stage2_phase_reverse_prepare_attempts=7072 stage2_phase_reverse_prepare_task_attempts=56381 stage2_phase_reverse_prepare_elapsed_ms=495170.572376 avg_stage2_phase_reverse_prepare_us_per_task=8782.578748 stage2_phase_placement_authority_attempts=7072 stage2_phase_placement_authority_task_attempts=56381 stage2_phase_placement_authority_elapsed_ms=150942.923945 avg_stage2_phase_placement_authority_us_per_task=2677.194870 stage2_phase_completion_handoff_attempts=7072 stage2_phase_completion_handoff_task_attempts=56381 stage2_phase_completion_handoff_elapsed_ms=14.535455 avg_stage2_phase_completion_handoff_us_per_task=0.257808 stage2_phase_finalize_attempts=7072 stage2_phase_finalize_task_attempts=56381 stage2_phase_finalize_elapsed_ms=78.549132 avg_stage2_phase_finalize_us_per_task=1.393184 maintenance_worker_idle_waits=1774080 maintenance_worker_idle_ms=1133468.698124 maintenance_lost_wake_avoided=614310 maintenance_targeted_wakes=7868125 maintenance_generic_wakes=28254 maintenance_broadcast_wakes=0 maintenance_context_slots_scanned=26960960 maintenance_ready_notifications=2239551 maintenance_ready_stale_notifications=89 maintenance_ready_tickets_drained=1736378 maintenance_ready_overflow_scans=0 maintenance_ready_fallback_scans=1685254 stage2_search_lane_lease_limit=32 stage2_search_lane_lease_peak=32 stage2_search_lane_lease_blocked=165008 maintenance_worker_observed_idle_ratio=0.602773 maintenance_worker_observed_busy_ratio=0.397227 physical_stage1_items=56381 physical_stage1_total_ns=245730808869 physical_stage1_search_ns=230607702331 physical_stage1_prune_ns=7822802622 physical_stage1_allocate_write_ns=5470726359 physical_stage1_backlink_ns=1180457011 physical_stage1_candidates=7210323 physical_stage1_remote_frontier_items=75545453 physical_stage1_neighbors=1779763 peer_stage1_enqueued=43152 peer_stage1_processed=43152 peer_stage1_items=90400 avg_peer_stage1_items=2.094920 peer_stage1_rate_per_sec=384.594022 peer_stage1_max_queue=47 peer_stage1_active_workers=0 peer_stage2_home_enqueued=571680 peer_stage2_home_processed=571680 peer_stage2_home_items=64305727 avg_peer_stage2_home_items=112.485529 peer_stage2_home_max_queue=47 peer_stage2_home_response_queue_drops=0 peer_stage2_home_response_send_wait_ms=17104.007118 avg_peer_stage2_home_queue_wait_us=90.992707 avg_peer_stage2_home_execution_us=77.038384 peer_stage1_release_deferred_batches=141 peer_stage1_release_deferred_items=230 peer_stage1_duplicate_retry_responses=0 peer_stage1_admission_retry_responses=0 peer_stage1_retry_response_drops=0 peer_stage1_admission_waiters=0 peer_stage1_admission_waiter_items=0 peer_stage1_admission_owned_items=0 peer_stage1_admission_wake_coverage=0 peer_stage1_admission_parked=0 peer_stage1_admission_woken=0 peer_stage1_admission_reparked=0 peer_stage1_max_admission_waiters=0 peer_stage1_duplicate_coalesced=38 peer_reverse_enqueued=26923 peer_reverse_processed=26923 peer_reverse_remaining=0 peer_reverse_items_enqueued=477924 peer_reverse_items_processed=477924 peer_reverse_rate_per_sec=2033.260106 peer_reverse_failed=52 peer_reverse_max_queue=71 reclaim_pending=2352 reclaim_reused=10727 dynamic_high_watermark=20038098688 stage2_remaining=0 cleanup_remaining=0 active_contexts=0 active_context_limit=48 repair_remaining=0 remaining=0
[STATUS]: storage-owner maintenance observation: enqueued=56381 stage2_enqueued=56381 cleanup_enqueued=0 stage2_tasks_done=56381 stage2_finalized_live=56381 cleanup_processed=0 stale=0 stage2_completion_ratio=1.000000 live_stage2_completion_ratio=1.000000 avg_stage2_delay_ms=37789.788880 p99_stage2_delay_upper_ms=30000.000000 p99_stage2_delay_over_30s=true stage2_delay_histogram=0,0,0,0,0,1,21,14,95,212,269,425,729,349,707,1938,13407,38214 max_stage2_delay_ms=67925.253809 compaction_batch_target=32 compaction_max_delay_ms=25.000000 stage2_rate_per_sec=234.866556 stage1_search_budget_exhausted=0 stage2_search_budget_exhausted=0 stage2_continuations=56381 stage2_remote_frontier_items=75545453 avg_stage2_remote_frontier=1339.909775 stage2_remote_expansions=2216443 avg_stage2_remote_expansions=39.311878 stage2_scored_candidates=136862673 avg_stage2_scored_candidates=2427.460900 stage2_graph_read_waves=519353 avg_stage2_expansions_per_graph_wave=4.267700 stage2_graph_unique_reads=2305527 stage2_graph_prefetch_issued=1550172 stage2_graph_prefetch_hits=1461088 stage2_graph_prefetch_wasted=89084 stage2_graph_prefetch_promotion_ratio=0.942533 stage2_graph_issue_width_current=4 stage2_vector_read_waves=1018409 avg_stage2_scores_per_vector_wave=134.388711 stage2_vector_unique_reads=87623743 stage2_home_rpc_batches=695663 stage2_home_rpc_items=77167893 avg_stage2_home_rpc_batch=110.927120 stage2_home_score_rpc_batches=305267 stage2_home_score_rpc_items=74862366 stage2_home_score_rpc_queries=1772438 stage2_home_score_rpc_request_bytes=1993594016 stage2_home_score_rpc_response_bytes=2409554016 avg_stage2_home_score_queries_per_rpc=5.806189 avg_stage2_home_score_rpc_batch=245.235699 stage2_home_scored_neighbors=124098027 home_scores_per_expansion=1.608156 stage2_migrations=13079 home_match_rate=0.768025 stage2_final_edges=1930677 stage2_cross_edges_stage1_home=565805 stage2_cross_edges_final_home=292983 cross_edge_reduction_ratio=0.482184 failed=0 rpc_timeouts=0 reverse_aggregate_batches=0 reverse_aggregate_logical_requests=0 reverse_aggregate_ops=0 avg_reverse_aggregate_logicals=0.000000 avg_reverse_aggregate_ops=0.000000 max_backlog=30431 admission_window=65536 completion_outstanding=0 completion_incomplete=0 completed_behind_hole=0 completion_logical_full_failures=0 completion_physical_full_failures=0 pressure_yields=2250542 stage2_batches=7072 avg_stage2_batch_size=7.972426 packing_target_batch=8 packing_admit_queue_avg=14973.056420 packing_admit_queue_max=30431 packing_batch_1_7=50 packing_batch_8=7022 packing_assembly_batches=7072 packing_assembly_wait_ms=259863707.982190 packing_arrival_interval_us=25000 packing_waited_batches=50 packing_wait_ms=1000.893000 packing_target_flushes=7022 packing_deadline_flushes=50 packing_cleanup_flushes=0 stage2_phase_search_attempts=7072 stage2_phase_search_task_attempts=56381 stage2_phase_search_elapsed_ms=5668107.302692 avg_stage2_phase_search_us_per_task=100532.223669 stage2_phase_freeze_prune_attempts=9431 stage2_phase_freeze_prune_task_attempts=75242 stage2_phase_freeze_prune_elapsed_ms=198635.187984 avg_stage2_phase_freeze_prune_us_per_task=2639.950931 stage2_phase_reverse_prepare_attempts=7072 stage2_phase_reverse_prepare_task_attempts=56381 stage2_phase_reverse_prepare_elapsed_ms=495170.572376 avg_stage2_phase_reverse_prepare_us_per_task=8782.578748 stage2_phase_placement_authority_attempts=7072 stage2_phase_placement_authority_task_attempts=56381 stage2_phase_placement_authority_elapsed_ms=150942.923945 avg_stage2_phase_placement_authority_us_per_task=2677.194870 stage2_phase_completion_handoff_attempts=7072 stage2_phase_completion_handoff_task_attempts=56381 stage2_phase_completion_handoff_elapsed_ms=14.535455 avg_stage2_phase_completion_handoff_us_per_task=0.257808 stage2_phase_finalize_attempts=7072 stage2_phase_finalize_task_attempts=56381 stage2_phase_finalize_elapsed_ms=78.549132 avg_stage2_phase_finalize_us_per_task=1.393184 maintenance_worker_idle_waits=1777984 maintenance_worker_idle_ms=1172736.811751 maintenance_lost_wake_avoided=614310 maintenance_targeted_wakes=7868125 maintenance_generic_wakes=28254 maintenance_broadcast_wakes=0 maintenance_context_slots_scanned=27023424 maintenance_ready_notifications=2239551 maintenance_ready_stale_notifications=89 maintenance_ready_tickets_drained=1736378 maintenance_ready_overflow_scans=0 maintenance_ready_fallback_scans=1689230 stage2_search_lane_lease_limit=32 stage2_search_lane_lease_peak=32 stage2_search_lane_lease_blocked=165008 maintenance_worker_observed_idle_ratio=0.610659 maintenance_worker_observed_busy_ratio=0.389341 physical_stage1_items=56381 physical_stage1_total_ns=245730808869 physical_stage1_search_ns=230607702331 physical_stage1_prune_ns=7822802622 physical_stage1_allocate_write_ns=5470726359 physical_stage1_backlink_ns=1180457011 physical_stage1_candidates=7210323 physical_stage1_remote_frontier_items=75545453 physical_stage1_neighbors=1779763 peer_stage1_enqueued=43152 peer_stage1_processed=43152 peer_stage1_items=90400 avg_peer_stage1_items=2.094920 peer_stage1_rate_per_sec=376.579639 peer_stage1_max_queue=47 peer_stage1_active_workers=0 peer_stage2_home_enqueued=571680 peer_stage2_home_processed=571680 peer_stage2_home_items=64305727 avg_peer_stage2_home_items=112.485529 peer_stage2_home_max_queue=47 peer_stage2_home_response_queue_drops=0 peer_stage2_home_response_send_wait_ms=17104.007118 avg_peer_stage2_home_queue_wait_us=90.992707 avg_peer_stage2_home_execution_us=77.038384 peer_stage1_release_deferred_batches=141 peer_stage1_release_deferred_items=230 peer_stage1_duplicate_retry_responses=0 peer_stage1_admission_retry_responses=0 peer_stage1_retry_response_drops=0 peer_stage1_admission_waiters=0 peer_stage1_admission_waiter_items=0 peer_stage1_admission_owned_items=0 peer_stage1_admission_wake_coverage=0 peer_stage1_admission_parked=0 peer_stage1_admission_woken=0 peer_stage1_admission_reparked=0 peer_stage1_max_admission_waiters=0 peer_stage1_duplicate_coalesced=38 peer_reverse_enqueued=26923 peer_reverse_processed=26923 peer_reverse_remaining=0 peer_reverse_items_enqueued=477924 peer_reverse_items_processed=477924 peer_reverse_rate_per_sec=1990.889906 peer_reverse_failed=52 peer_reverse_max_queue=71 reclaim_pending=2352 reclaim_reused=10727 dynamic_high_watermark=20038098688 stage2_remaining=0 cleanup_remaining=0 active_contexts=0 active_context_limit=48 repair_remaining=0 remaining=0
[STATUS]: storage-owner maintenance observation: enqueued=56381 stage2_enqueued=56381 cleanup_enqueued=0 stage2_tasks_done=56381 stage2_finalized_live=56381 cleanup_processed=0 stale=0 stage2_completion_ratio=1.000000 live_stage2_completion_ratio=1.000000 avg_stage2_delay_ms=37789.788880 p99_stage2_delay_upper_ms=30000.000000 p99_stage2_delay_over_30s=true stage2_delay_histogram=0,0,0,0,0,1,21,14,95,212,269,425,729,349,707,1938,13407,38214 max_stage2_delay_ms=67925.253809 compaction_batch_target=32 compaction_max_delay_ms=25.000000 stage2_rate_per_sec=230.071213 stage1_search_budget_exhausted=0 stage2_search_budget_exhausted=0 stage2_continuations=56381 stage2_remote_frontier_items=75545453 avg_stage2_remote_frontier=1339.909775 stage2_remote_expansions=2216443 avg_stage2_remote_expansions=39.311878 stage2_scored_candidates=136862673 avg_stage2_scored_candidates=2427.460900 stage2_graph_read_waves=519353 avg_stage2_expansions_per_graph_wave=4.267700 stage2_graph_unique_reads=2305527 stage2_graph_prefetch_issued=1550172 stage2_graph_prefetch_hits=1461088 stage2_graph_prefetch_wasted=89084 stage2_graph_prefetch_promotion_ratio=0.942533 stage2_graph_issue_width_current=4 stage2_vector_read_waves=1018409 avg_stage2_scores_per_vector_wave=134.388711 stage2_vector_unique_reads=87623743 stage2_home_rpc_batches=695663 stage2_home_rpc_items=77167893 avg_stage2_home_rpc_batch=110.927120 stage2_home_score_rpc_batches=305267 stage2_home_score_rpc_items=74862366 stage2_home_score_rpc_queries=1772438 stage2_home_score_rpc_request_bytes=1993594016 stage2_home_score_rpc_response_bytes=2409554016 avg_stage2_home_score_queries_per_rpc=5.806189 avg_stage2_home_score_rpc_batch=245.235699 stage2_home_scored_neighbors=124098027 home_scores_per_expansion=1.608156 stage2_migrations=13079 home_match_rate=0.768025 stage2_final_edges=1930677 stage2_cross_edges_stage1_home=565805 stage2_cross_edges_final_home=292983 cross_edge_reduction_ratio=0.482184 failed=0 rpc_timeouts=0 reverse_aggregate_batches=0 reverse_aggregate_logical_requests=0 reverse_aggregate_ops=0 avg_reverse_aggregate_logicals=0.000000 avg_reverse_aggregate_ops=0.000000 max_backlog=30431 admission_window=65536 completion_outstanding=0 completion_incomplete=0 completed_behind_hole=0 completion_logical_full_failures=0 completion_physical_full_failures=0 pressure_yields=2250542 stage2_batches=7072 avg_stage2_batch_size=7.972426 packing_target_batch=8 packing_admit_queue_avg=14973.056420 packing_admit_queue_max=30431 packing_batch_1_7=50 packing_batch_8=7022 packing_assembly_batches=7072 packing_assembly_wait_ms=259863707.982190 packing_arrival_interval_us=25000 packing_waited_batches=50 packing_wait_ms=1000.893000 packing_target_flushes=7022 packing_deadline_flushes=50 packing_cleanup_flushes=0 stage2_phase_search_attempts=7072 stage2_phase_search_task_attempts=56381 stage2_phase_search_elapsed_ms=5668107.302692 avg_stage2_phase_search_us_per_task=100532.223669 stage2_phase_freeze_prune_attempts=9431 stage2_phase_freeze_prune_task_attempts=75242 stage2_phase_freeze_prune_elapsed_ms=198635.187984 avg_stage2_phase_freeze_prune_us_per_task=2639.950931 stage2_phase_reverse_prepare_attempts=7072 stage2_phase_reverse_prepare_task_attempts=56381 stage2_phase_reverse_prepare_elapsed_ms=495170.572376 avg_stage2_phase_reverse_prepare_us_per_task=8782.578748 stage2_phase_placement_authority_attempts=7072 stage2_phase_placement_authority_task_attempts=56381 stage2_phase_placement_authority_elapsed_ms=150942.923945 avg_stage2_phase_placement_authority_us_per_task=2677.194870 stage2_phase_completion_handoff_attempts=7072 stage2_phase_completion_handoff_task_attempts=56381 stage2_phase_completion_handoff_elapsed_ms=14.535455 avg_stage2_phase_completion_handoff_us_per_task=0.257808 stage2_phase_finalize_attempts=7072 stage2_phase_finalize_task_attempts=56381 stage2_phase_finalize_elapsed_ms=78.549132 avg_stage2_phase_finalize_us_per_task=1.393184 maintenance_worker_idle_waits=1781952 maintenance_worker_idle_ms=1212654.159937 maintenance_lost_wake_avoided=614310 maintenance_targeted_wakes=7868125 maintenance_generic_wakes=28254 maintenance_broadcast_wakes=0 maintenance_context_slots_scanned=27086912 maintenance_ready_notifications=2239551 maintenance_ready_stale_notifications=89 maintenance_ready_tickets_drained=1736378 maintenance_ready_overflow_scans=0 maintenance_ready_fallback_scans=1693207 stage2_search_lane_lease_limit=32 stage2_search_lane_lease_peak=32 stage2_search_lane_lease_blocked=165008 maintenance_worker_observed_idle_ratio=0.618552 maintenance_worker_observed_busy_ratio=0.381448 physical_stage1_items=56381 physical_stage1_total_ns=245730808869 physical_stage1_search_ns=230607702331 physical_stage1_prune_ns=7822802622 physical_stage1_allocate_write_ns=5470726359 physical_stage1_backlink_ns=1180457011 physical_stage1_candidates=7210323 physical_stage1_remote_frontier_items=75545453 physical_stage1_neighbors=1779763 peer_stage1_enqueued=43152 peer_stage1_processed=43152 peer_stage1_items=90400 avg_peer_stage1_items=2.094920 peer_stage1_rate_per_sec=368.890898 peer_stage1_max_queue=47 peer_stage1_active_workers=0 peer_stage2_home_enqueued=571680 peer_stage2_home_processed=571680 peer_stage2_home_items=64305727 avg_peer_stage2_home_items=112.485529 peer_stage2_home_max_queue=47 peer_stage2_home_response_queue_drops=0 peer_stage2_home_response_send_wait_ms=17104.007118 avg_peer_stage2_home_queue_wait_us=90.992707 avg_peer_stage2_home_execution_us=77.038384 peer_stage1_release_deferred_batches=141 peer_stage1_release_deferred_items=230 peer_stage1_duplicate_retry_responses=0 peer_stage1_admission_retry_responses=0 peer_stage1_retry_response_drops=0 peer_stage1_admission_waiters=0 peer_stage1_admission_waiter_items=0 peer_stage1_admission_owned_items=0 peer_stage1_admission_wake_coverage=0 peer_stage1_admission_parked=0 peer_stage1_admission_woken=0 peer_stage1_admission_reparked=0 peer_stage1_max_admission_waiters=0 peer_stage1_duplicate_coalesced=38 peer_reverse_enqueued=26923 peer_reverse_processed=26923 peer_reverse_remaining=0 peer_reverse_items_enqueued=477924 peer_reverse_items_processed=477924 peer_reverse_rate_per_sec=1950.241298 peer_reverse_failed=52 peer_reverse_max_queue=71 reclaim_pending=2352 reclaim_reused=10727 dynamic_high_watermark=20038098688 stage2_remaining=0 cleanup_remaining=0 active_contexts=0 active_context_limit=48 repair_remaining=0 remaining=0
[STATUS]: storage-owner maintenance observation: enqueued=56381 stage2_enqueued=56381 cleanup_enqueued=0 stage2_tasks_done=56381 stage2_finalized_live=56381 cleanup_processed=0 stale=0 stage2_completion_ratio=1.000000 live_stage2_completion_ratio=1.000000 avg_stage2_delay_ms=37789.788880 p99_stage2_delay_upper_ms=30000.000000 p99_stage2_delay_over_30s=true stage2_delay_histogram=0,0,0,0,0,1,21,14,95,212,269,425,729,349,707,1938,13407,38214 max_stage2_delay_ms=67925.253809 compaction_batch_target=32 compaction_max_delay_ms=25.000000 stage2_rate_per_sec=225.468606 stage1_search_budget_exhausted=0 stage2_search_budget_exhausted=0 stage2_continuations=56381 stage2_remote_frontier_items=75545453 avg_stage2_remote_frontier=1339.909775 stage2_remote_expansions=2216443 avg_stage2_remote_expansions=39.311878 stage2_scored_candidates=136862673 avg_stage2_scored_candidates=2427.460900 stage2_graph_read_waves=519353 avg_stage2_expansions_per_graph_wave=4.267700 stage2_graph_unique_reads=2305527 stage2_graph_prefetch_issued=1550172 stage2_graph_prefetch_hits=1461088 stage2_graph_prefetch_wasted=89084 stage2_graph_prefetch_promotion_ratio=0.942533 stage2_graph_issue_width_current=4 stage2_vector_read_waves=1018409 avg_stage2_scores_per_vector_wave=134.388711 stage2_vector_unique_reads=87623743 stage2_home_rpc_batches=695663 stage2_home_rpc_items=77167893 avg_stage2_home_rpc_batch=110.927120 stage2_home_score_rpc_batches=305267 stage2_home_score_rpc_items=74862366 stage2_home_score_rpc_queries=1772438 stage2_home_score_rpc_request_bytes=1993594016 stage2_home_score_rpc_response_bytes=2409554016 avg_stage2_home_score_queries_per_rpc=5.806189 avg_stage2_home_score_rpc_batch=245.235699 stage2_home_scored_neighbors=124098027 home_scores_per_expansion=1.608156 stage2_migrations=13079 home_match_rate=0.768025 stage2_final_edges=1930677 stage2_cross_edges_stage1_home=565805 stage2_cross_edges_final_home=292983 cross_edge_reduction_ratio=0.482184 failed=0 rpc_timeouts=0 reverse_aggregate_batches=0 reverse_aggregate_logical_requests=0 reverse_aggregate_ops=0 avg_reverse_aggregate_logicals=0.000000 avg_reverse_aggregate_ops=0.000000 max_backlog=30431 admission_window=65536 completion_outstanding=0 completion_incomplete=0 completed_behind_hole=0 completion_logical_full_failures=0 completion_physical_full_failures=0 pressure_yields=2250542 stage2_batches=7072 avg_stage2_batch_size=7.972426 packing_target_batch=8 packing_admit_queue_avg=14973.056420 packing_admit_queue_max=30431 packing_batch_1_7=50 packing_batch_8=7022 packing_assembly_batches=7072 packing_assembly_wait_ms=259863707.982190 packing_arrival_interval_us=25000 packing_waited_batches=50 packing_wait_ms=1000.893000 packing_target_flushes=7022 packing_deadline_flushes=50 packing_cleanup_flushes=0 stage2_phase_search_attempts=7072 stage2_phase_search_task_attempts=56381 stage2_phase_search_elapsed_ms=5668107.302692 avg_stage2_phase_search_us_per_task=100532.223669 stage2_phase_freeze_prune_attempts=9431 stage2_phase_freeze_prune_task_attempts=75242 stage2_phase_freeze_prune_elapsed_ms=198635.187984 avg_stage2_phase_freeze_prune_us_per_task=2639.950931 stage2_phase_reverse_prepare_attempts=7072 stage2_phase_reverse_prepare_task_attempts=56381 stage2_phase_reverse_prepare_elapsed_ms=495170.572376 avg_stage2_phase_reverse_prepare_us_per_task=8782.578748 stage2_phase_placement_authority_attempts=7072 stage2_phase_placement_authority_task_attempts=56381 stage2_phase_placement_authority_elapsed_ms=150942.923945 avg_stage2_phase_placement_authority_us_per_task=2677.194870 stage2_phase_completion_handoff_attempts=7072 stage2_phase_completion_handoff_task_attempts=56381 stage2_phase_completion_handoff_elapsed_ms=14.535455 avg_stage2_phase_completion_handoff_us_per_task=0.257808 stage2_phase_finalize_attempts=7072 stage2_phase_finalize_task_attempts=56381 stage2_phase_finalize_elapsed_ms=78.549132 avg_stage2_phase_finalize_us_per_task=1.393184 maintenance_worker_idle_waits=1785920 maintenance_worker_idle_ms=1252569.750220 maintenance_lost_wake_avoided=614310 maintenance_targeted_wakes=7868125 maintenance_generic_wakes=28254 maintenance_broadcast_wakes=0 maintenance_context_slots_scanned=27150400 maintenance_ready_notifications=2239551 maintenance_ready_stale_notifications=89 maintenance_ready_tickets_drained=1736378 maintenance_ready_overflow_scans=0 maintenance_ready_fallback_scans=1697184 stage2_search_lane_lease_limit=32 stage2_search_lane_lease_peak=32 stage2_search_lane_lease_blocked=165008 maintenance_worker_observed_idle_ratio=0.626131 maintenance_worker_observed_busy_ratio=0.373869 physical_stage1_items=56381 physical_stage1_total_ns=245730808869 physical_stage1_search_ns=230607702331 physical_stage1_prune_ns=7822802622 physical_stage1_allocate_write_ns=5470726359 physical_stage1_backlink_ns=1180457011 physical_stage1_candidates=7210323 physical_stage1_remote_frontier_items=75545453 physical_stage1_neighbors=1779763 peer_stage1_enqueued=43152 peer_stage1_processed=43152 peer_stage1_items=90400 avg_peer_stage1_items=2.094920 peer_stage1_rate_per_sec=361.511182 peer_stage1_max_queue=47 peer_stage1_active_workers=0 peer_stage2_home_enqueued=571680 peer_stage2_home_processed=571680 peer_stage2_home_items=64305727 avg_peer_stage2_home_items=112.485529 peer_stage2_home_max_queue=47 peer_stage2_home_response_queue_drops=0 peer_stage2_home_response_send_wait_ms=17104.007118 avg_peer_stage2_home_queue_wait_us=90.992707 avg_peer_stage2_home_execution_us=77.038384 peer_stage1_release_deferred_batches=141 peer_stage1_release_deferred_items=230 peer_stage1_duplicate_retry_responses=0 peer_stage1_admission_retry_responses=0 peer_stage1_retry_response_drops=0 peer_stage1_admission_waiters=0 peer_stage1_admission_waiter_items=0 peer_stage1_admission_owned_items=0 peer_stage1_admission_wake_coverage=0 peer_stage1_admission_parked=0 peer_stage1_admission_woken=0 peer_stage1_admission_reparked=0 peer_stage1_max_admission_waiters=0 peer_stage1_duplicate_coalesced=38 peer_reverse_enqueued=26923 peer_reverse_processed=26923 peer_reverse_remaining=0 peer_reverse_items_enqueued=477924 peer_reverse_items_processed=477924 peer_reverse_rate_per_sec=1911.226439 peer_reverse_failed=52 peer_reverse_max_queue=71 reclaim_pending=2352 reclaim_reused=10727 dynamic_high_watermark=20038098688 stage2_remaining=0 cleanup_remaining=0 active_contexts=0 active_context_limit=48 repair_remaining=0 remaining=0
[STATUS]: storage-owner maintenance observation: enqueued=56381 stage2_enqueued=56381 cleanup_enqueued=0 stage2_tasks_done=56381 stage2_finalized_live=56381 cleanup_processed=0 stale=0 stage2_completion_ratio=1.000000 live_stage2_completion_ratio=1.000000 avg_stage2_delay_ms=37789.788880 p99_stage2_delay_upper_ms=30000.000000 p99_stage2_delay_over_30s=true stage2_delay_histogram=0,0,0,0,0,1,21,14,95,212,269,425,729,349,707,1938,13407,38214 max_stage2_delay_ms=67925.253809 compaction_batch_target=32 compaction_max_delay_ms=25.000000 stage2_rate_per_sec=221.048507 stage1_search_budget_exhausted=0 stage2_search_budget_exhausted=0 stage2_continuations=56381 stage2_remote_frontier_items=75545453 avg_stage2_remote_frontier=1339.909775 stage2_remote_expansions=2216443 avg_stage2_remote_expansions=39.311878 stage2_scored_candidates=136862673 avg_stage2_scored_candidates=2427.460900 stage2_graph_read_waves=519353 avg_stage2_expansions_per_graph_wave=4.267700 stage2_graph_unique_reads=2305527 stage2_graph_prefetch_issued=1550172 stage2_graph_prefetch_hits=1461088 stage2_graph_prefetch_wasted=89084 stage2_graph_prefetch_promotion_ratio=0.942533 stage2_graph_issue_width_current=4 stage2_vector_read_waves=1018409 avg_stage2_scores_per_vector_wave=134.388711 stage2_vector_unique_reads=87623743 stage2_home_rpc_batches=695663 stage2_home_rpc_items=77167893 avg_stage2_home_rpc_batch=110.927120 stage2_home_score_rpc_batches=305267 stage2_home_score_rpc_items=74862366 stage2_home_score_rpc_queries=1772438 stage2_home_score_rpc_request_bytes=1993594016 stage2_home_score_rpc_response_bytes=2409554016 avg_stage2_home_score_queries_per_rpc=5.806189 avg_stage2_home_score_rpc_batch=245.235699 stage2_home_scored_neighbors=124098027 home_scores_per_expansion=1.608156 stage2_migrations=13079 home_match_rate=0.768025 stage2_final_edges=1930677 stage2_cross_edges_stage1_home=565805 stage2_cross_edges_final_home=292983 cross_edge_reduction_ratio=0.482184 failed=0 rpc_timeouts=0 reverse_aggregate_batches=0 reverse_aggregate_logical_requests=0 reverse_aggregate_ops=0 avg_reverse_aggregate_logicals=0.000000 avg_reverse_aggregate_ops=0.000000 max_backlog=30431 admission_window=65536 completion_outstanding=0 completion_incomplete=0 completed_behind_hole=0 completion_logical_full_failures=0 completion_physical_full_failures=0 pressure_yields=2250542 stage2_batches=7072 avg_stage2_batch_size=7.972426 packing_target_batch=8 packing_admit_queue_avg=14973.056420 packing_admit_queue_max=30431 packing_batch_1_7=50 packing_batch_8=7022 packing_assembly_batches=7072 packing_assembly_wait_ms=259863707.982190 packing_arrival_interval_us=25000 packing_waited_batches=50 packing_wait_ms=1000.893000 packing_target_flushes=7022 packing_deadline_flushes=50 packing_cleanup_flushes=0 stage2_phase_search_attempts=7072 stage2_phase_search_task_attempts=56381 stage2_phase_search_elapsed_ms=5668107.302692 avg_stage2_phase_search_us_per_task=100532.223669 stage2_phase_freeze_prune_attempts=9431 stage2_phase_freeze_prune_task_attempts=75242 stage2_phase_freeze_prune_elapsed_ms=198635.187984 avg_stage2_phase_freeze_prune_us_per_task=2639.950931 stage2_phase_reverse_prepare_attempts=7072 stage2_phase_reverse_prepare_task_attempts=56381 stage2_phase_reverse_prepare_elapsed_ms=495170.572376 avg_stage2_phase_reverse_prepare_us_per_task=8782.578748 stage2_phase_placement_authority_attempts=7072 stage2_phase_placement_authority_task_attempts=56381 stage2_phase_placement_authority_elapsed_ms=150942.923945 avg_stage2_phase_placement_authority_us_per_task=2677.194870 stage2_phase_completion_handoff_attempts=7072 stage2_phase_completion_handoff_task_attempts=56381 stage2_phase_completion_handoff_elapsed_ms=14.535455 avg_stage2_phase_completion_handoff_us_per_task=0.257808 stage2_phase_finalize_attempts=7072 stage2_phase_finalize_task_attempts=56381 stage2_phase_finalize_elapsed_ms=78.549132 avg_stage2_phase_finalize_us_per_task=1.393184 maintenance_worker_idle_waits=1789952 maintenance_worker_idle_ms=1293129.120076 maintenance_lost_wake_avoided=614310 maintenance_targeted_wakes=7868125 maintenance_generic_wakes=28254 maintenance_broadcast_wakes=0 maintenance_context_slots_scanned=27214912 maintenance_ready_notifications=2239551 maintenance_ready_stale_notifications=89 maintenance_ready_tickets_drained=1736378 maintenance_ready_overflow_scans=0 maintenance_ready_fallback_scans=1701160 stage2_search_lane_lease_limit=32 stage2_search_lane_lease_peak=32 stage2_search_lane_lease_blocked=165008 maintenance_worker_observed_idle_ratio=0.633734 maintenance_worker_observed_busy_ratio=0.366266 physical_stage1_items=56381 physical_stage1_total_ns=245730808869 physical_stage1_search_ns=230607702331 physical_stage1_prune_ns=7822802622 physical_stage1_allocate_write_ns=5470726359 physical_stage1_backlink_ns=1180457011 physical_stage1_candidates=7210323 physical_stage1_remote_frontier_items=75545453 physical_stage1_neighbors=1779763 peer_stage1_enqueued=43152 peer_stage1_processed=43152 peer_stage1_items=90400 avg_peer_stage1_items=2.094920 peer_stage1_rate_per_sec=354.424098 peer_stage1_max_queue=47 peer_stage1_active_workers=0 peer_stage2_home_enqueued=571680 peer_stage2_home_processed=571680 peer_stage2_home_items=64305727 avg_peer_stage2_home_items=112.485529 peer_stage2_home_max_queue=47 peer_stage2_home_response_queue_drops=0 peer_stage2_home_response_send_wait_ms=17104.007118 avg_peer_stage2_home_queue_wait_us=90.992707 avg_peer_stage2_home_execution_us=77.038384 peer_stage1_release_deferred_batches=141 peer_stage1_release_deferred_items=230 peer_stage1_duplicate_retry_responses=0 peer_stage1_admission_retry_responses=0 peer_stage1_retry_response_drops=0 peer_stage1_admission_waiters=0 peer_stage1_admission_waiter_items=0 peer_stage1_admission_owned_items=0 peer_stage1_admission_wake_coverage=0 peer_stage1_admission_parked=0 peer_stage1_admission_woken=0 peer_stage1_admission_reparked=0 peer_stage1_max_admission_waiters=0 peer_stage1_duplicate_coalesced=38 peer_reverse_enqueued=26923 peer_reverse_processed=26923 peer_reverse_remaining=0 peer_reverse_items_enqueued=477924 peer_reverse_items_processed=477924 peer_reverse_rate_per_sec=1873.758657 peer_reverse_failed=52 peer_reverse_max_queue=71 reclaim_pending=2352 reclaim_reused=10727 dynamic_high_watermark=20038098688 stage2_remaining=0 cleanup_remaining=0 active_contexts=0 active_context_limit=48 repair_remaining=0 remaining=0
[STATUS]: storage-owner maintenance observation: enqueued=56381 stage2_enqueued=56381 cleanup_enqueued=0 stage2_tasks_done=56381 stage2_finalized_live=56381 cleanup_processed=0 stale=0 stage2_completion_ratio=1.000000 live_stage2_completion_ratio=1.000000 avg_stage2_delay_ms=37789.788880 p99_stage2_delay_upper_ms=30000.000000 p99_stage2_delay_over_30s=true stage2_delay_histogram=0,0,0,0,0,1,21,14,95,212,269,425,729,349,707,1938,13407,38214 max_stage2_delay_ms=67925.253809 compaction_batch_target=32 compaction_max_delay_ms=25.000000 stage2_rate_per_sec=216.796480 stage1_search_budget_exhausted=0 stage2_search_budget_exhausted=0 stage2_continuations=56381 stage2_remote_frontier_items=75545453 avg_stage2_remote_frontier=1339.909775 stage2_remote_expansions=2216443 avg_stage2_remote_expansions=39.311878 stage2_scored_candidates=136862673 avg_stage2_scored_candidates=2427.460900 stage2_graph_read_waves=519353 avg_stage2_expansions_per_graph_wave=4.267700 stage2_graph_unique_reads=2305527 stage2_graph_prefetch_issued=1550172 stage2_graph_prefetch_hits=1461088 stage2_graph_prefetch_wasted=89084 stage2_graph_prefetch_promotion_ratio=0.942533 stage2_graph_issue_width_current=4 stage2_vector_read_waves=1018409 avg_stage2_scores_per_vector_wave=134.388711 stage2_vector_unique_reads=87623743 stage2_home_rpc_batches=695663 stage2_home_rpc_items=77167893 avg_stage2_home_rpc_batch=110.927120 stage2_home_score_rpc_batches=305267 stage2_home_score_rpc_items=74862366 stage2_home_score_rpc_queries=1772438 stage2_home_score_rpc_request_bytes=1993594016 stage2_home_score_rpc_response_bytes=2409554016 avg_stage2_home_score_queries_per_rpc=5.806189 avg_stage2_home_score_rpc_batch=245.235699 stage2_home_scored_neighbors=124098027 home_scores_per_expansion=1.608156 stage2_migrations=13079 home_match_rate=0.768025 stage2_final_edges=1930677 stage2_cross_edges_stage1_home=565805 stage2_cross_edges_final_home=292983 cross_edge_reduction_ratio=0.482184 failed=0 rpc_timeouts=0 reverse_aggregate_batches=0 reverse_aggregate_logical_requests=0 reverse_aggregate_ops=0 avg_reverse_aggregate_logicals=0.000000 avg_reverse_aggregate_ops=0.000000 max_backlog=30431 admission_window=65536 completion_outstanding=0 completion_incomplete=0 completed_behind_hole=0 completion_logical_full_failures=0 completion_physical_full_failures=0 pressure_yields=2250542 stage2_batches=7072 avg_stage2_batch_size=7.972426 packing_target_batch=8 packing_admit_queue_avg=14973.056420 packing_admit_queue_max=30431 packing_batch_1_7=50 packing_batch_8=7022 packing_assembly_batches=7072 packing_assembly_wait_ms=259863707.982190 packing_arrival_interval_us=25000 packing_waited_batches=50 packing_wait_ms=1000.893000 packing_target_flushes=7022 packing_deadline_flushes=50 packing_cleanup_flushes=0 stage2_phase_search_attempts=7072 stage2_phase_search_task_attempts=56381 stage2_phase_search_elapsed_ms=5668107.302692 avg_stage2_phase_search_us_per_task=100532.223669 stage2_phase_freeze_prune_attempts=9431 stage2_phase_freeze_prune_task_attempts=75242 stage2_phase_freeze_prune_elapsed_ms=198635.187984 avg_stage2_phase_freeze_prune_us_per_task=2639.950931 stage2_phase_reverse_prepare_attempts=7072 stage2_phase_reverse_prepare_task_attempts=56381 stage2_phase_reverse_prepare_elapsed_ms=495170.572376 avg_stage2_phase_reverse_prepare_us_per_task=8782.578748 stage2_phase_placement_authority_attempts=7072 stage2_phase_placement_authority_task_attempts=56381 stage2_phase_placement_authority_elapsed_ms=150942.923945 avg_stage2_phase_placement_authority_us_per_task=2677.194870 stage2_phase_completion_handoff_attempts=7072 stage2_phase_completion_handoff_task_attempts=56381 stage2_phase_completion_handoff_elapsed_ms=14.535455 avg_stage2_phase_completion_handoff_us_per_task=0.257808 stage2_phase_finalize_attempts=7072 stage2_phase_finalize_task_attempts=56381 stage2_phase_finalize_elapsed_ms=78.549132 avg_stage2_phase_finalize_us_per_task=1.393184 maintenance_worker_idle_waits=1793856 maintenance_worker_idle_ms=1332400.267431 maintenance_lost_wake_avoided=614310 maintenance_targeted_wakes=7868125 maintenance_generic_wakes=28254 maintenance_broadcast_wakes=0 maintenance_context_slots_scanned=27277376 maintenance_ready_notifications=2239551 maintenance_ready_stale_notifications=89 maintenance_ready_tickets_drained=1736378 maintenance_ready_overflow_scans=0 maintenance_ready_fallback_scans=1705136 stage2_search_lane_lease_limit=32 stage2_search_lane_lease_peak=32 stage2_search_lane_lease_blocked=165008 maintenance_worker_observed_idle_ratio=0.640419 maintenance_worker_observed_busy_ratio=0.359581 physical_stage1_items=56381 physical_stage1_total_ns=245730808869 physical_stage1_search_ns=230607702331 physical_stage1_prune_ns=7822802622 physical_stage1_allocate_write_ns=5470726359 physical_stage1_backlink_ns=1180457011 physical_stage1_candidates=7210323 physical_stage1_remote_frontier_items=75545453 physical_stage1_neighbors=1779763 peer_stage1_enqueued=43152 peer_stage1_processed=43152 peer_stage1_items=90400 avg_peer_stage1_items=2.094920 peer_stage1_rate_per_sec=347.606495 peer_stage1_max_queue=47 peer_stage1_active_workers=0 peer_stage2_home_enqueued=571680 peer_stage2_home_processed=571680 peer_stage2_home_items=64305727 avg_peer_stage2_home_items=112.485529 peer_stage2_home_max_queue=47 peer_stage2_home_response_queue_drops=0 peer_stage2_home_response_send_wait_ms=17104.007118 avg_peer_stage2_home_queue_wait_us=90.992707 avg_peer_stage2_home_execution_us=77.038384 peer_stage1_release_deferred_batches=141 peer_stage1_release_deferred_items=230 peer_stage1_duplicate_retry_responses=0 peer_stage1_admission_retry_responses=0 peer_stage1_retry_response_drops=0 peer_stage1_admission_waiters=0 peer_stage1_admission_waiter_items=0 peer_stage1_admission_owned_items=0 peer_stage1_admission_wake_coverage=0 peer_stage1_admission_parked=0 peer_stage1_admission_woken=0 peer_stage1_admission_reparked=0 peer_stage1_max_admission_waiters=0 peer_stage1_duplicate_coalesced=38 peer_reverse_enqueued=26923 peer_reverse_processed=26923 peer_reverse_remaining=0 peer_reverse_items_enqueued=477924 peer_reverse_items_processed=477924 peer_reverse_rate_per_sec=1837.715558 peer_reverse_failed=52 peer_reverse_max_queue=71 reclaim_pending=2352 reclaim_reused=10727 dynamic_high_watermark=20038098688 stage2_remaining=0 cleanup_remaining=0 active_contexts=0 active_context_limit=48 repair_remaining=0 remaining=0
[STATUS]: storage-owner maintenance observation: enqueued=56381 stage2_enqueued=56381 cleanup_enqueued=0 stage2_tasks_done=56381 stage2_finalized_live=56381 cleanup_processed=0 stale=0 stage2_completion_ratio=1.000000 live_stage2_completion_ratio=1.000000 avg_stage2_delay_ms=37789.788880 p99_stage2_delay_upper_ms=30000.000000 p99_stage2_delay_over_30s=true stage2_delay_histogram=0,0,0,0,0,1,21,14,95,212,269,425,729,349,707,1938,13407,38214 max_stage2_delay_ms=67925.253809 compaction_batch_target=32 compaction_max_delay_ms=25.000000 stage2_rate_per_sec=212.703346 stage1_search_budget_exhausted=0 stage2_search_budget_exhausted=0 stage2_continuations=56381 stage2_remote_frontier_items=75545453 avg_stage2_remote_frontier=1339.909775 stage2_remote_expansions=2216443 avg_stage2_remote_expansions=39.311878 stage2_scored_candidates=136862673 avg_stage2_scored_candidates=2427.460900 stage2_graph_read_waves=519353 avg_stage2_expansions_per_graph_wave=4.267700 stage2_graph_unique_reads=2305527 stage2_graph_prefetch_issued=1550172 stage2_graph_prefetch_hits=1461088 stage2_graph_prefetch_wasted=89084 stage2_graph_prefetch_promotion_ratio=0.942533 stage2_graph_issue_width_current=4 stage2_vector_read_waves=1018409 avg_stage2_scores_per_vector_wave=134.388711 stage2_vector_unique_reads=87623743 stage2_home_rpc_batches=695663 stage2_home_rpc_items=77167893 avg_stage2_home_rpc_batch=110.927120 stage2_home_score_rpc_batches=305267 stage2_home_score_rpc_items=74862366 stage2_home_score_rpc_queries=1772438 stage2_home_score_rpc_request_bytes=1993594016 stage2_home_score_rpc_response_bytes=2409554016 avg_stage2_home_score_queries_per_rpc=5.806189 avg_stage2_home_score_rpc_batch=245.235699 stage2_home_scored_neighbors=124098027 home_scores_per_expansion=1.608156 stage2_migrations=13079 home_match_rate=0.768025 stage2_final_edges=1930677 stage2_cross_edges_stage1_home=565805 stage2_cross_edges_final_home=292983 cross_edge_reduction_ratio=0.482184 failed=0 rpc_timeouts=0 reverse_aggregate_batches=0 reverse_aggregate_logical_requests=0 reverse_aggregate_ops=0 avg_reverse_aggregate_logicals=0.000000 avg_reverse_aggregate_ops=0.000000 max_backlog=30431 admission_window=65536 completion_outstanding=0 completion_incomplete=0 completed_behind_hole=0 completion_logical_full_failures=0 completion_physical_full_failures=0 pressure_yields=2250542 stage2_batches=7072 avg_stage2_batch_size=7.972426 packing_target_batch=8 packing_admit_queue_avg=14973.056420 packing_admit_queue_max=30431 packing_batch_1_7=50 packing_batch_8=7022 packing_assembly_batches=7072 packing_assembly_wait_ms=259863707.982190 packing_arrival_interval_us=25000 packing_waited_batches=50 packing_wait_ms=1000.893000 packing_target_flushes=7022 packing_deadline_flushes=50 packing_cleanup_flushes=0 stage2_phase_search_attempts=7072 stage2_phase_search_task_attempts=56381 stage2_phase_search_elapsed_ms=5668107.302692 avg_stage2_phase_search_us_per_task=100532.223669 stage2_phase_freeze_prune_attempts=9431 stage2_phase_freeze_prune_task_attempts=75242 stage2_phase_freeze_prune_elapsed_ms=198635.187984 avg_stage2_phase_freeze_prune_us_per_task=2639.950931 stage2_phase_reverse_prepare_attempts=7072 stage2_phase_reverse_prepare_task_attempts=56381 stage2_phase_reverse_prepare_elapsed_ms=495170.572376 avg_stage2_phase_reverse_prepare_us_per_task=8782.578748 stage2_phase_placement_authority_attempts=7072 stage2_phase_placement_authority_task_attempts=56381 stage2_phase_placement_authority_elapsed_ms=150942.923945 avg_stage2_phase_placement_authority_us_per_task=2677.194870 stage2_phase_completion_handoff_attempts=7072 stage2_phase_completion_handoff_task_attempts=56381 stage2_phase_completion_handoff_elapsed_ms=14.535455 avg_stage2_phase_completion_handoff_us_per_task=0.257808 stage2_phase_finalize_attempts=7072 stage2_phase_finalize_task_attempts=56381 stage2_phase_finalize_elapsed_ms=78.549132 avg_stage2_phase_finalize_us_per_task=1.393184 maintenance_worker_idle_waits=1797824 maintenance_worker_idle_ms=1372314.095130 maintenance_lost_wake_avoided=614310 maintenance_targeted_wakes=7868125 maintenance_generic_wakes=28254 maintenance_broadcast_wakes=0 maintenance_context_slots_scanned=27340864 maintenance_ready_notifications=2239551 maintenance_ready_stale_notifications=89 maintenance_ready_tickets_drained=1736378 maintenance_ready_overflow_scans=0 maintenance_ready_fallback_scans=1709113 stage2_search_lane_lease_limit=32 stage2_search_lane_lease_peak=32 stage2_search_lane_lease_blocked=165008 maintenance_worker_observed_idle_ratio=0.647150 maintenance_worker_observed_busy_ratio=0.352850 physical_stage1_items=56381 physical_stage1_total_ns=245730808869 physical_stage1_search_ns=230607702331 physical_stage1_prune_ns=7822802622 physical_stage1_allocate_write_ns=5470726359 physical_stage1_backlink_ns=1180457011 physical_stage1_candidates=7210323 physical_stage1_remote_frontier_items=75545453 physical_stage1_neighbors=1779763 peer_stage1_enqueued=43152 peer_stage1_processed=43152 peer_stage1_items=90400 avg_peer_stage1_items=2.094920 peer_stage1_rate_per_sec=341.043658 peer_stage1_max_queue=47 peer_stage1_active_workers=0 peer_stage2_home_enqueued=571680 peer_stage2_home_processed=571680 peer_stage2_home_items=64305727 avg_peer_stage2_home_items=112.485529 peer_stage2_home_max_queue=47 peer_stage2_home_response_queue_drops=0 peer_stage2_home_response_send_wait_ms=17104.007118 avg_peer_stage2_home_queue_wait_us=90.992707 avg_peer_stage2_home_execution_us=77.038384 peer_stage1_release_deferred_batches=141 peer_stage1_release_deferred_items=230 peer_stage1_duplicate_retry_responses=0 peer_stage1_admission_retry_responses=0 peer_stage1_retry_response_drops=0 peer_stage1_admission_waiters=0 peer_stage1_admission_waiter_items=0 peer_stage1_admission_owned_items=0 peer_stage1_admission_wake_coverage=0 peer_stage1_admission_parked=0 peer_stage1_admission_woken=0 peer_stage1_admission_reparked=0 peer_stage1_max_admission_waiters=0 peer_stage1_duplicate_coalesced=38 peer_reverse_enqueued=26923 peer_reverse_processed=26923 peer_reverse_remaining=0 peer_reverse_items_enqueued=477924 peer_reverse_items_processed=477924 peer_reverse_rate_per_sec=1803.019348 peer_reverse_failed=52 peer_reverse_max_queue=71 reclaim_pending=2352 reclaim_reused=10727 dynamic_high_watermark=20038098688 stage2_remaining=0 cleanup_remaining=0 active_contexts=0 active_context_limit=48 repair_remaining=0 remaining=0
[STATUS]: storage-owner maintenance observation: enqueued=56381 stage2_enqueued=56381 cleanup_enqueued=0 stage2_tasks_done=56381 stage2_finalized_live=56381 cleanup_processed=0 stale=0 stage2_completion_ratio=1.000000 live_stage2_completion_ratio=1.000000 avg_stage2_delay_ms=37789.788880 p99_stage2_delay_upper_ms=30000.000000 p99_stage2_delay_over_30s=true stage2_delay_histogram=0,0,0,0,0,1,21,14,95,212,269,425,729,349,707,1938,13407,38214 max_stage2_delay_ms=67925.253809 compaction_batch_target=32 compaction_max_delay_ms=25.000000 stage2_rate_per_sec=208.763764 stage1_search_budget_exhausted=0 stage2_search_budget_exhausted=0 stage2_continuations=56381 stage2_remote_frontier_items=75545453 avg_stage2_remote_frontier=1339.909775 stage2_remote_expansions=2216443 avg_stage2_remote_expansions=39.311878 stage2_scored_candidates=136862673 avg_stage2_scored_candidates=2427.460900 stage2_graph_read_waves=519353 avg_stage2_expansions_per_graph_wave=4.267700 stage2_graph_unique_reads=2305527 stage2_graph_prefetch_issued=1550172 stage2_graph_prefetch_hits=1461088 stage2_graph_prefetch_wasted=89084 stage2_graph_prefetch_promotion_ratio=0.942533 stage2_graph_issue_width_current=4 stage2_vector_read_waves=1018409 avg_stage2_scores_per_vector_wave=134.388711 stage2_vector_unique_reads=87623743 stage2_home_rpc_batches=695663 stage2_home_rpc_items=77167893 avg_stage2_home_rpc_batch=110.927120 stage2_home_score_rpc_batches=305267 stage2_home_score_rpc_items=74862366 stage2_home_score_rpc_queries=1772438 stage2_home_score_rpc_request_bytes=1993594016 stage2_home_score_rpc_response_bytes=2409554016 avg_stage2_home_score_queries_per_rpc=5.806189 avg_stage2_home_score_rpc_batch=245.235699 stage2_home_scored_neighbors=124098027 home_scores_per_expansion=1.608156 stage2_migrations=13079 home_match_rate=0.768025 stage2_final_edges=1930677 stage2_cross_edges_stage1_home=565805 stage2_cross_edges_final_home=292983 cross_edge_reduction_ratio=0.482184 failed=0 rpc_timeouts=0 reverse_aggregate_batches=0 reverse_aggregate_logical_requests=0 reverse_aggregate_ops=0 avg_reverse_aggregate_logicals=0.000000 avg_reverse_aggregate_ops=0.000000 max_backlog=30431 admission_window=65536 completion_outstanding=0 completion_incomplete=0 completed_behind_hole=0 completion_logical_full_failures=0 completion_physical_full_failures=0 pressure_yields=2250542 stage2_batches=7072 avg_stage2_batch_size=7.972426 packing_target_batch=8 packing_admit_queue_avg=14973.056420 packing_admit_queue_max=30431 packing_batch_1_7=50 packing_batch_8=7022 packing_assembly_batches=7072 packing_assembly_wait_ms=259863707.982190 packing_arrival_interval_us=25000 packing_waited_batches=50 packing_wait_ms=1000.893000 packing_target_flushes=7022 packing_deadline_flushes=50 packing_cleanup_flushes=0 stage2_phase_search_attempts=7072 stage2_phase_search_task_attempts=56381 stage2_phase_search_elapsed_ms=5668107.302692 avg_stage2_phase_search_us_per_task=100532.223669 stage2_phase_freeze_prune_attempts=9431 stage2_phase_freeze_prune_task_attempts=75242 stage2_phase_freeze_prune_elapsed_ms=198635.187984 avg_stage2_phase_freeze_prune_us_per_task=2639.950931 stage2_phase_reverse_prepare_attempts=7072 stage2_phase_reverse_prepare_task_attempts=56381 stage2_phase_reverse_prepare_elapsed_ms=495170.572376 avg_stage2_phase_reverse_prepare_us_per_task=8782.578748 stage2_phase_placement_authority_attempts=7072 stage2_phase_placement_authority_task_attempts=56381 stage2_phase_placement_authority_elapsed_ms=150942.923945 avg_stage2_phase_placement_authority_us_per_task=2677.194870 stage2_phase_completion_handoff_attempts=7072 stage2_phase_completion_handoff_task_attempts=56381 stage2_phase_completion_handoff_elapsed_ms=14.535455 avg_stage2_phase_completion_handoff_us_per_task=0.257808 stage2_phase_finalize_attempts=7072 stage2_phase_finalize_task_attempts=56381 stage2_phase_finalize_elapsed_ms=78.549132 avg_stage2_phase_finalize_us_per_task=1.393184 maintenance_worker_idle_waits=1801856 maintenance_worker_idle_ms=1412869.627633 maintenance_lost_wake_avoided=614310 maintenance_targeted_wakes=7868125 maintenance_generic_wakes=28254 maintenance_broadcast_wakes=0 maintenance_context_slots_scanned=27405376 maintenance_ready_notifications=2239551 maintenance_ready_stale_notifications=89 maintenance_ready_tickets_drained=1736378 maintenance_ready_overflow_scans=0 maintenance_ready_fallback_scans=1713090 stage2_search_lane_lease_limit=32 stage2_search_lane_lease_peak=32 stage2_search_lane_lease_blocked=165008 maintenance_worker_observed_idle_ratio=0.653935 maintenance_worker_observed_busy_ratio=0.346065 physical_stage1_items=56381 physical_stage1_total_ns=245730808869 physical_stage1_search_ns=230607702331 physical_stage1_prune_ns=7822802622 physical_stage1_allocate_write_ns=5470726359 physical_stage1_backlink_ns=1180457011 physical_stage1_candidates=7210323 physical_stage1_remote_frontier_items=75545453 physical_stage1_neighbors=1779763 peer_stage1_enqueued=43152 peer_stage1_processed=43152 peer_stage1_items=90400 avg_peer_stage1_items=2.094920 peer_stage1_rate_per_sec=334.727022 peer_stage1_max_queue=47 peer_stage1_active_workers=0 peer_stage2_home_enqueued=571680 peer_stage2_home_processed=571680 peer_stage2_home_items=64305727 avg_peer_stage2_home_items=112.485529 peer_stage2_home_max_queue=47 peer_stage2_home_response_queue_drops=0 peer_stage2_home_response_send_wait_ms=17104.007118 avg_peer_stage2_home_queue_wait_us=90.992707 avg_peer_stage2_home_execution_us=77.038384 peer_stage1_release_deferred_batches=141 peer_stage1_release_deferred_items=230 peer_stage1_duplicate_retry_responses=0 peer_stage1_admission_retry_responses=0 peer_stage1_retry_response_drops=0 peer_stage1_admission_waiters=0 peer_stage1_admission_waiter_items=0 peer_stage1_admission_owned_items=0 peer_stage1_admission_wake_coverage=0 peer_stage1_admission_parked=0 peer_stage1_admission_woken=0 peer_stage1_admission_reparked=0 peer_stage1_max_admission_waiters=0 peer_stage1_duplicate_coalesced=38 peer_reverse_enqueued=26923 peer_reverse_processed=26923 peer_reverse_remaining=0 peer_reverse_items_enqueued=477924 peer_reverse_items_processed=477924 peer_reverse_rate_per_sec=1769.624749 peer_reverse_failed=52 peer_reverse_max_queue=71 reclaim_pending=2352 reclaim_reused=10727 dynamic_high_watermark=20038098688 stage2_remaining=0 cleanup_remaining=0 active_contexts=0 active_context_limit=48 repair_remaining=0 remaining=0
[STATUS]: storage-owner maintenance observation: enqueued=56381 stage2_enqueued=56381 cleanup_enqueued=0 stage2_tasks_done=56381 stage2_finalized_live=56381 cleanup_processed=0 stale=0 stage2_completion_ratio=1.000000 live_stage2_completion_ratio=1.000000 avg_stage2_delay_ms=37789.788880 p99_stage2_delay_upper_ms=30000.000000 p99_stage2_delay_over_30s=true stage2_delay_histogram=0,0,0,0,0,1,21,14,95,212,269,425,729,349,707,1938,13407,38214 max_stage2_delay_ms=67925.253809 compaction_batch_target=32 compaction_max_delay_ms=25.000000 stage2_rate_per_sec=204.967815 stage1_search_budget_exhausted=0 stage2_search_budget_exhausted=0 stage2_continuations=56381 stage2_remote_frontier_items=75545453 avg_stage2_remote_frontier=1339.909775 stage2_remote_expansions=2216443 avg_stage2_remote_expansions=39.311878 stage2_scored_candidates=136862673 avg_stage2_scored_candidates=2427.460900 stage2_graph_read_waves=519353 avg_stage2_expansions_per_graph_wave=4.267700 stage2_graph_unique_reads=2305527 stage2_graph_prefetch_issued=1550172 stage2_graph_prefetch_hits=1461088 stage2_graph_prefetch_wasted=89084 stage2_graph_prefetch_promotion_ratio=0.942533 stage2_graph_issue_width_current=4 stage2_vector_read_waves=1018409 avg_stage2_scores_per_vector_wave=134.388711 stage2_vector_unique_reads=87623743 stage2_home_rpc_batches=695663 stage2_home_rpc_items=77167893 avg_stage2_home_rpc_batch=110.927120 stage2_home_score_rpc_batches=305267 stage2_home_score_rpc_items=74862366 stage2_home_score_rpc_queries=1772438 stage2_home_score_rpc_request_bytes=1993594016 stage2_home_score_rpc_response_bytes=2409554016 avg_stage2_home_score_queries_per_rpc=5.806189 avg_stage2_home_score_rpc_batch=245.235699 stage2_home_scored_neighbors=124098027 home_scores_per_expansion=1.608156 stage2_migrations=13079 home_match_rate=0.768025 stage2_final_edges=1930677 stage2_cross_edges_stage1_home=565805 stage2_cross_edges_final_home=292983 cross_edge_reduction_ratio=0.482184 failed=0 rpc_timeouts=0 reverse_aggregate_batches=0 reverse_aggregate_logical_requests=0 reverse_aggregate_ops=0 avg_reverse_aggregate_logicals=0.000000 avg_reverse_aggregate_ops=0.000000 max_backlog=30431 admission_window=65536 completion_outstanding=0 completion_incomplete=0 completed_behind_hole=0 completion_logical_full_failures=0 completion_physical_full_failures=0 pressure_yields=2250542 stage2_batches=7072 avg_stage2_batch_size=7.972426 packing_target_batch=8 packing_admit_queue_avg=14973.056420 packing_admit_queue_max=30431 packing_batch_1_7=50 packing_batch_8=7022 packing_assembly_batches=7072 packing_assembly_wait_ms=259863707.982190 packing_arrival_interval_us=25000 packing_waited_batches=50 packing_wait_ms=1000.893000 packing_target_flushes=7022 packing_deadline_flushes=50 packing_cleanup_flushes=0 stage2_phase_search_attempts=7072 stage2_phase_search_task_attempts=56381 stage2_phase_search_elapsed_ms=5668107.302692 avg_stage2_phase_search_us_per_task=100532.223669 stage2_phase_freeze_prune_attempts=9431 stage2_phase_freeze_prune_task_attempts=75242 stage2_phase_freeze_prune_elapsed_ms=198635.187984 avg_stage2_phase_freeze_prune_us_per_task=2639.950931 stage2_phase_reverse_prepare_attempts=7072 stage2_phase_reverse_prepare_task_attempts=56381 stage2_phase_reverse_prepare_elapsed_ms=495170.572376 avg_stage2_phase_reverse_prepare_us_per_task=8782.578748 stage2_phase_placement_authority_attempts=7072 stage2_phase_placement_authority_task_attempts=56381 stage2_phase_placement_authority_elapsed_ms=150942.923945 avg_stage2_phase_placement_authority_us_per_task=2677.194870 stage2_phase_completion_handoff_attempts=7072 stage2_phase_completion_handoff_task_attempts=56381 stage2_phase_completion_handoff_elapsed_ms=14.535455 avg_stage2_phase_completion_handoff_us_per_task=0.257808 stage2_phase_finalize_attempts=7072 stage2_phase_finalize_task_attempts=56381 stage2_phase_finalize_elapsed_ms=78.549132 avg_stage2_phase_finalize_us_per_task=1.393184 maintenance_worker_idle_waits=1805824 maintenance_worker_idle_ms=1452781.719096 maintenance_lost_wake_avoided=614310 maintenance_targeted_wakes=7868125 maintenance_generic_wakes=28254 maintenance_broadcast_wakes=0 maintenance_context_slots_scanned=27468864 maintenance_ready_notifications=2239551 maintenance_ready_stale_notifications=89 maintenance_ready_tickets_drained=1736378 maintenance_ready_overflow_scans=0 maintenance_ready_fallback_scans=1717067 stage2_search_lane_lease_limit=32 stage2_search_lane_lease_peak=32 stage2_search_lane_lease_blocked=165008 maintenance_worker_observed_idle_ratio=0.660181 maintenance_worker_observed_busy_ratio=0.339819 physical_stage1_items=56381 physical_stage1_total_ns=245730808869 physical_stage1_search_ns=230607702331 physical_stage1_prune_ns=7822802622 physical_stage1_allocate_write_ns=5470726359 physical_stage1_backlink_ns=1180457011 physical_stage1_candidates=7210323 physical_stage1_remote_frontier_items=75545453 physical_stage1_neighbors=1779763 peer_stage1_enqueued=43152 peer_stage1_processed=43152 peer_stage1_items=90400 avg_peer_stage1_items=2.094920 peer_stage1_rate_per_sec=328.640686 peer_stage1_max_queue=47 peer_stage1_active_workers=0 peer_stage2_home_enqueued=571680 peer_stage2_home_processed=571680 peer_stage2_home_items=64305727 avg_peer_stage2_home_items=112.485529 peer_stage2_home_max_queue=47 peer_stage2_home_response_queue_drops=0 peer_stage2_home_response_send_wait_ms=17104.007118 avg_peer_stage2_home_queue_wait_us=90.992707 avg_peer_stage2_home_execution_us=77.038384 peer_stage1_release_deferred_batches=141 peer_stage1_release_deferred_items=230 peer_stage1_duplicate_retry_responses=0 peer_stage1_admission_retry_responses=0 peer_stage1_retry_response_drops=0 peer_stage1_admission_waiters=0 peer_stage1_admission_waiter_items=0 peer_stage1_admission_owned_items=0 peer_stage1_admission_wake_coverage=0 peer_stage1_admission_parked=0 peer_stage1_admission_woken=0 peer_stage1_admission_reparked=0 peer_stage1_max_admission_waiters=0 peer_stage1_duplicate_coalesced=38 peer_reverse_enqueued=26923 peer_reverse_processed=26923 peer_reverse_remaining=0 peer_reverse_items_enqueued=477924 peer_reverse_items_processed=477924 peer_reverse_rate_per_sec=1737.447691 peer_reverse_failed=52 peer_reverse_max_queue=71 reclaim_pending=2352 reclaim_reused=10727 dynamic_high_watermark=20038098688 stage2_remaining=0 cleanup_remaining=0 active_contexts=0 active_context_limit=48 repair_remaining=0 remaining=0
[STATUS]: storage-owner maintenance observation: enqueued=56381 stage2_enqueued=56381 cleanup_enqueued=0 stage2_tasks_done=56381 stage2_finalized_live=56381 cleanup_processed=0 stale=0 stage2_completion_ratio=1.000000 live_stage2_completion_ratio=1.000000 avg_stage2_delay_ms=37789.788880 p99_stage2_delay_upper_ms=30000.000000 p99_stage2_delay_over_30s=true stage2_delay_histogram=0,0,0,0,0,1,21,14,95,212,269,425,729,349,707,1938,13407,38214 max_stage2_delay_ms=67925.253809 compaction_batch_target=32 compaction_max_delay_ms=25.000000 stage2_rate_per_sec=201.307433 stage1_search_budget_exhausted=0 stage2_search_budget_exhausted=0 stage2_continuations=56381 stage2_remote_frontier_items=75545453 avg_stage2_remote_frontier=1339.909775 stage2_remote_expansions=2216443 avg_stage2_remote_expansions=39.311878 stage2_scored_candidates=136862673 avg_stage2_scored_candidates=2427.460900 stage2_graph_read_waves=519353 avg_stage2_expansions_per_graph_wave=4.267700 stage2_graph_unique_reads=2305527 stage2_graph_prefetch_issued=1550172 stage2_graph_prefetch_hits=1461088 stage2_graph_prefetch_wasted=89084 stage2_graph_prefetch_promotion_ratio=0.942533 stage2_graph_issue_width_current=4 stage2_vector_read_waves=1018409 avg_stage2_scores_per_vector_wave=134.388711 stage2_vector_unique_reads=87623743 stage2_home_rpc_batches=695663 stage2_home_rpc_items=77167893 avg_stage2_home_rpc_batch=110.927120 stage2_home_score_rpc_batches=305267 stage2_home_score_rpc_items=74862366 stage2_home_score_rpc_queries=1772438 stage2_home_score_rpc_request_bytes=1993594016 stage2_home_score_rpc_response_bytes=2409554016 avg_stage2_home_score_queries_per_rpc=5.806189 avg_stage2_home_score_rpc_batch=245.235699 stage2_home_scored_neighbors=124098027 home_scores_per_expansion=1.608156 stage2_migrations=13079 home_match_rate=0.768025 stage2_final_edges=1930677 stage2_cross_edges_stage1_home=565805 stage2_cross_edges_final_home=292983 cross_edge_reduction_ratio=0.482184 failed=0 rpc_timeouts=0 reverse_aggregate_batches=0 reverse_aggregate_logical_requests=0 reverse_aggregate_ops=0 avg_reverse_aggregate_logicals=0.000000 avg_reverse_aggregate_ops=0.000000 max_backlog=30431 admission_window=65536 completion_outstanding=0 completion_incomplete=0 completed_behind_hole=0 completion_logical_full_failures=0 completion_physical_full_failures=0 pressure_yields=2250542 stage2_batches=7072 avg_stage2_batch_size=7.972426 packing_target_batch=8 packing_admit_queue_avg=14973.056420 packing_admit_queue_max=30431 packing_batch_1_7=50 packing_batch_8=7022 packing_assembly_batches=7072 packing_assembly_wait_ms=259863707.982190 packing_arrival_interval_us=25000 packing_waited_batches=50 packing_wait_ms=1000.893000 packing_target_flushes=7022 packing_deadline_flushes=50 packing_cleanup_flushes=0 stage2_phase_search_attempts=7072 stage2_phase_search_task_attempts=56381 stage2_phase_search_elapsed_ms=5668107.302692 avg_stage2_phase_search_us_per_task=100532.223669 stage2_phase_freeze_prune_attempts=9431 stage2_phase_freeze_prune_task_attempts=75242 stage2_phase_freeze_prune_elapsed_ms=198635.187984 avg_stage2_phase_freeze_prune_us_per_task=2639.950931 stage2_phase_reverse_prepare_attempts=7072 stage2_phase_reverse_prepare_task_attempts=56381 stage2_phase_reverse_prepare_elapsed_ms=495170.572376 avg_stage2_phase_reverse_prepare_us_per_task=8782.578748 stage2_phase_placement_authority_attempts=7072 stage2_phase_placement_authority_task_attempts=56381 stage2_phase_placement_authority_elapsed_ms=150942.923945 avg_stage2_phase_placement_authority_us_per_task=2677.194870 stage2_phase_completion_handoff_attempts=7072 stage2_phase_completion_handoff_task_attempts=56381 stage2_phase_completion_handoff_elapsed_ms=14.535455 avg_stage2_phase_completion_handoff_us_per_task=0.257808 stage2_phase_finalize_attempts=7072 stage2_phase_finalize_task_attempts=56381 stage2_phase_finalize_elapsed_ms=78.549132 avg_stage2_phase_finalize_us_per_task=1.393184 maintenance_worker_idle_waits=1809792 maintenance_worker_idle_ms=1492694.048363 maintenance_lost_wake_avoided=614310 maintenance_targeted_wakes=7868125 maintenance_generic_wakes=28254 maintenance_broadcast_wakes=0 maintenance_context_slots_scanned=27532352 maintenance_ready_notifications=2239551 maintenance_ready_stale_notifications=89 maintenance_ready_tickets_drained=1736378 maintenance_ready_overflow_scans=0 maintenance_ready_fallback_scans=1721043 stage2_search_lane_lease_limit=32 stage2_search_lane_lease_peak=32 stage2_search_lane_lease_blocked=165008 maintenance_worker_observed_idle_ratio=0.666205 maintenance_worker_observed_busy_ratio=0.333795 physical_stage1_items=56381 physical_stage1_total_ns=245730808869 physical_stage1_search_ns=230607702331 physical_stage1_prune_ns=7822802622 physical_stage1_allocate_write_ns=5470726359 physical_stage1_backlink_ns=1180457011 physical_stage1_candidates=7210323 physical_stage1_remote_frontier_items=75545453 physical_stage1_neighbors=1779763 peer_stage1_enqueued=43152 peer_stage1_processed=43152 peer_stage1_items=90400 avg_peer_stage1_items=2.094920 peer_stage1_rate_per_sec=322.771712 peer_stage1_max_queue=47 peer_stage1_active_workers=0 peer_stage2_home_enqueued=571680 peer_stage2_home_processed=571680 peer_stage2_home_items=64305727 avg_peer_stage2_home_items=112.485529 peer_stage2_home_max_queue=47 peer_stage2_home_response_queue_drops=0 peer_stage2_home_response_send_wait_ms=17104.007118 avg_peer_stage2_home_queue_wait_us=90.992707 avg_peer_stage2_home_execution_us=77.038384 peer_stage1_release_deferred_batches=141 peer_stage1_release_deferred_items=230 peer_stage1_duplicate_retry_responses=0 peer_stage1_admission_retry_responses=0 peer_stage1_retry_response_drops=0 peer_stage1_admission_waiters=0 peer_stage1_admission_waiter_items=0 peer_stage1_admission_owned_items=0 peer_stage1_admission_wake_coverage=0 peer_stage1_admission_parked=0 peer_stage1_admission_woken=0 peer_stage1_admission_reparked=0 peer_stage1_max_admission_waiters=0 peer_stage1_duplicate_coalesced=38 peer_reverse_enqueued=26923 peer_reverse_processed=26923 peer_reverse_remaining=0 peer_reverse_items_enqueued=477924 peer_reverse_items_processed=477924 peer_reverse_rate_per_sec=1706.419776 peer_reverse_failed=52 peer_reverse_max_queue=71 reclaim_pending=2352 reclaim_reused=10727 dynamic_high_watermark=20038098688 stage2_remaining=0 cleanup_remaining=0 active_contexts=0 active_context_limit=48 repair_remaining=0 remaining=0
[STATUS]: storage-owner maintenance observation: enqueued=56381 stage2_enqueued=56381 cleanup_enqueued=0 stage2_tasks_done=56381 stage2_finalized_live=56381 cleanup_processed=0 stale=0 stage2_completion_ratio=1.000000 live_stage2_completion_ratio=1.000000 avg_stage2_delay_ms=37789.788880 p99_stage2_delay_upper_ms=30000.000000 p99_stage2_delay_over_30s=true stage2_delay_histogram=0,0,0,0,0,1,21,14,95,212,269,425,729,349,707,1938,13407,38214 max_stage2_delay_ms=67925.253809 compaction_batch_target=32 compaction_max_delay_ms=25.000000 stage2_rate_per_sec=197.775428 stage1_search_budget_exhausted=0 stage2_search_budget_exhausted=0 stage2_continuations=56381 stage2_remote_frontier_items=75545453 avg_stage2_remote_frontier=1339.909775 stage2_remote_expansions=2216443 avg_stage2_remote_expansions=39.311878 stage2_scored_candidates=136862673 avg_stage2_scored_candidates=2427.460900 stage2_graph_read_waves=519353 avg_stage2_expansions_per_graph_wave=4.267700 stage2_graph_unique_reads=2305527 stage2_graph_prefetch_issued=1550172 stage2_graph_prefetch_hits=1461088 stage2_graph_prefetch_wasted=89084 stage2_graph_prefetch_promotion_ratio=0.942533 stage2_graph_issue_width_current=4 stage2_vector_read_waves=1018409 avg_stage2_scores_per_vector_wave=134.388711 stage2_vector_unique_reads=87623743 stage2_home_rpc_batches=695663 stage2_home_rpc_items=77167893 avg_stage2_home_rpc_batch=110.927120 stage2_home_score_rpc_batches=305267 stage2_home_score_rpc_items=74862366 stage2_home_score_rpc_queries=1772438 stage2_home_score_rpc_request_bytes=1993594016 stage2_home_score_rpc_response_bytes=2409554016 avg_stage2_home_score_queries_per_rpc=5.806189 avg_stage2_home_score_rpc_batch=245.235699 stage2_home_scored_neighbors=124098027 home_scores_per_expansion=1.608156 stage2_migrations=13079 home_match_rate=0.768025 stage2_final_edges=1930677 stage2_cross_edges_stage1_home=565805 stage2_cross_edges_final_home=292983 cross_edge_reduction_ratio=0.482184 failed=0 rpc_timeouts=0 reverse_aggregate_batches=0 reverse_aggregate_logical_requests=0 reverse_aggregate_ops=0 avg_reverse_aggregate_logicals=0.000000 avg_reverse_aggregate_ops=0.000000 max_backlog=30431 admission_window=65536 completion_outstanding=0 completion_incomplete=0 completed_behind_hole=0 completion_logical_full_failures=0 completion_physical_full_failures=0 pressure_yields=2250542 stage2_batches=7072 avg_stage2_batch_size=7.972426 packing_target_batch=8 packing_admit_queue_avg=14973.056420 packing_admit_queue_max=30431 packing_batch_1_7=50 packing_batch_8=7022 packing_assembly_batches=7072 packing_assembly_wait_ms=259863707.982190 packing_arrival_interval_us=25000 packing_waited_batches=50 packing_wait_ms=1000.893000 packing_target_flushes=7022 packing_deadline_flushes=50 packing_cleanup_flushes=0 stage2_phase_search_attempts=7072 stage2_phase_search_task_attempts=56381 stage2_phase_search_elapsed_ms=5668107.302692 avg_stage2_phase_search_us_per_task=100532.223669 stage2_phase_freeze_prune_attempts=9431 stage2_phase_freeze_prune_task_attempts=75242 stage2_phase_freeze_prune_elapsed_ms=198635.187984 avg_stage2_phase_freeze_prune_us_per_task=2639.950931 stage2_phase_reverse_prepare_attempts=7072 stage2_phase_reverse_prepare_task_attempts=56381 stage2_phase_reverse_prepare_elapsed_ms=495170.572376 avg_stage2_phase_reverse_prepare_us_per_task=8782.578748 stage2_phase_placement_authority_attempts=7072 stage2_phase_placement_authority_task_attempts=56381 stage2_phase_placement_authority_elapsed_ms=150942.923945 avg_stage2_phase_placement_authority_us_per_task=2677.194870 stage2_phase_completion_handoff_attempts=7072 stage2_phase_completion_handoff_task_attempts=56381 stage2_phase_completion_handoff_elapsed_ms=14.535455 avg_stage2_phase_completion_handoff_us_per_task=0.257808 stage2_phase_finalize_attempts=7072 stage2_phase_finalize_task_attempts=56381 stage2_phase_finalize_elapsed_ms=78.549132 avg_stage2_phase_finalize_us_per_task=1.393184 maintenance_worker_idle_waits=1813760 maintenance_worker_idle_ms=1532605.997609 maintenance_lost_wake_avoided=614310 maintenance_targeted_wakes=7868125 maintenance_generic_wakes=28254 maintenance_broadcast_wakes=0 maintenance_context_slots_scanned=27595840 maintenance_ready_notifications=2239551 maintenance_ready_stale_notifications=89 maintenance_ready_tickets_drained=1736378 maintenance_ready_overflow_scans=0 maintenance_ready_fallback_scans=1725022 stage2_search_lane_lease_limit=32 stage2_search_lane_lease_peak=32 stage2_search_lane_lease_blocked=165008 maintenance_worker_observed_idle_ratio=0.672017 maintenance_worker_observed_busy_ratio=0.327983 physical_stage1_items=56381 physical_stage1_total_ns=245730808869 physical_stage1_search_ns=230607702331 physical_stage1_prune_ns=7822802622 physical_stage1_allocate_write_ns=5470726359 physical_stage1_backlink_ns=1180457011 physical_stage1_candidates=7210323 physical_stage1_remote_frontier_items=75545453 physical_stage1_neighbors=1779763 peer_stage1_enqueued=43152 peer_stage1_processed=43152 peer_stage1_items=90400 avg_peer_stage1_items=2.094920 peer_stage1_rate_per_sec=317.108578 peer_stage1_max_queue=47 peer_stage1_active_workers=0 peer_stage2_home_enqueued=571680 peer_stage2_home_processed=571680 peer_stage2_home_items=64305727 avg_peer_stage2_home_items=112.485529 peer_stage2_home_max_queue=47 peer_stage2_home_response_queue_drops=0 peer_stage2_home_response_send_wait_ms=17104.007118 avg_peer_stage2_home_queue_wait_us=90.992707 avg_peer_stage2_home_execution_us=77.038384 peer_stage1_release_deferred_batches=141 peer_stage1_release_deferred_items=230 peer_stage1_duplicate_retry_responses=0 peer_stage1_admission_retry_responses=0 peer_stage1_retry_response_drops=0 peer_stage1_admission_waiters=0 peer_stage1_admission_waiter_items=0 peer_stage1_admission_owned_items=0 peer_stage1_admission_wake_coverage=0 peer_stage1_admission_parked=0 peer_stage1_admission_woken=0 peer_stage1_admission_reparked=0 peer_stage1_max_admission_waiters=0 peer_stage1_duplicate_coalesced=38 peer_reverse_enqueued=26923 peer_reverse_processed=26923 peer_reverse_remaining=0 peer_reverse_items_enqueued=477924 peer_reverse_items_processed=477924 peer_reverse_rate_per_sec=1676.480088 peer_reverse_failed=52 peer_reverse_max_queue=71 reclaim_pending=2352 reclaim_reused=10727 dynamic_high_watermark=20038098688 stage2_remaining=0 cleanup_remaining=0 active_contexts=0 active_context_limit=48 repair_remaining=0 remaining=0
[STATUS]: storage-owner maintenance observation: enqueued=56381 stage2_enqueued=56381 cleanup_enqueued=0 stage2_tasks_done=56381 stage2_finalized_live=56381 cleanup_processed=0 stale=0 stage2_completion_ratio=1.000000 live_stage2_completion_ratio=1.000000 avg_stage2_delay_ms=37789.788880 p99_stage2_delay_upper_ms=30000.000000 p99_stage2_delay_over_30s=true stage2_delay_histogram=0,0,0,0,0,1,21,14,95,212,269,425,729,349,707,1938,13407,38214 max_stage2_delay_ms=67925.253809 compaction_batch_target=32 compaction_max_delay_ms=25.000000 stage2_rate_per_sec=194.365513 stage1_search_budget_exhausted=0 stage2_search_budget_exhausted=0 stage2_continuations=56381 stage2_remote_frontier_items=75545453 avg_stage2_remote_frontier=1339.909775 stage2_remote_expansions=2216443 avg_stage2_remote_expansions=39.311878 stage2_scored_candidates=136862673 avg_stage2_scored_candidates=2427.460900 stage2_graph_read_waves=519353 avg_stage2_expansions_per_graph_wave=4.267700 stage2_graph_unique_reads=2305527 stage2_graph_prefetch_issued=1550172 stage2_graph_prefetch_hits=1461088 stage2_graph_prefetch_wasted=89084 stage2_graph_prefetch_promotion_ratio=0.942533 stage2_graph_issue_width_current=4 stage2_vector_read_waves=1018409 avg_stage2_scores_per_vector_wave=134.388711 stage2_vector_unique_reads=87623743 stage2_home_rpc_batches=695663 stage2_home_rpc_items=77167893 avg_stage2_home_rpc_batch=110.927120 stage2_home_score_rpc_batches=305267 stage2_home_score_rpc_items=74862366 stage2_home_score_rpc_queries=1772438 stage2_home_score_rpc_request_bytes=1993594016 stage2_home_score_rpc_response_bytes=2409554016 avg_stage2_home_score_queries_per_rpc=5.806189 avg_stage2_home_score_rpc_batch=245.235699 stage2_home_scored_neighbors=124098027 home_scores_per_expansion=1.608156 stage2_migrations=13079 home_match_rate=0.768025 stage2_final_edges=1930677 stage2_cross_edges_stage1_home=565805 stage2_cross_edges_final_home=292983 cross_edge_reduction_ratio=0.482184 failed=0 rpc_timeouts=0 reverse_aggregate_batches=0 reverse_aggregate_logical_requests=0 reverse_aggregate_ops=0 avg_reverse_aggregate_logicals=0.000000 avg_reverse_aggregate_ops=0.000000 max_backlog=30431 admission_window=65536 completion_outstanding=0 completion_incomplete=0 completed_behind_hole=0 completion_logical_full_failures=0 completion_physical_full_failures=0 pressure_yields=2250542 stage2_batches=7072 avg_stage2_batch_size=7.972426 packing_target_batch=8 packing_admit_queue_avg=14973.056420 packing_admit_queue_max=30431 packing_batch_1_7=50 packing_batch_8=7022 packing_assembly_batches=7072 packing_assembly_wait_ms=259863707.982190 packing_arrival_interval_us=25000 packing_waited_batches=50 packing_wait_ms=1000.893000 packing_target_flushes=7022 packing_deadline_flushes=50 packing_cleanup_flushes=0 stage2_phase_search_attempts=7072 stage2_phase_search_task_attempts=56381 stage2_phase_search_elapsed_ms=5668107.302692 avg_stage2_phase_search_us_per_task=100532.223669 stage2_phase_freeze_prune_attempts=9431 stage2_phase_freeze_prune_task_attempts=75242 stage2_phase_freeze_prune_elapsed_ms=198635.187984 avg_stage2_phase_freeze_prune_us_per_task=2639.950931 stage2_phase_reverse_prepare_attempts=7072 stage2_phase_reverse_prepare_task_attempts=56381 stage2_phase_reverse_prepare_elapsed_ms=495170.572376 avg_stage2_phase_reverse_prepare_us_per_task=8782.578748 stage2_phase_placement_authority_attempts=7072 stage2_phase_placement_authority_task_attempts=56381 stage2_phase_placement_authority_elapsed_ms=150942.923945 avg_stage2_phase_placement_authority_us_per_task=2677.194870 stage2_phase_completion_handoff_attempts=7072 stage2_phase_completion_handoff_task_attempts=56381 stage2_phase_completion_handoff_elapsed_ms=14.535455 avg_stage2_phase_completion_handoff_us_per_task=0.257808 stage2_phase_finalize_attempts=7072 stage2_phase_finalize_task_attempts=56381 stage2_phase_finalize_elapsed_ms=78.549132 avg_stage2_phase_finalize_us_per_task=1.393184 maintenance_worker_idle_waits=1817728 maintenance_worker_idle_ms=1572517.839287 maintenance_lost_wake_avoided=614310 maintenance_targeted_wakes=7868125 maintenance_generic_wakes=28254 maintenance_broadcast_wakes=0 maintenance_context_slots_scanned=27659328 maintenance_ready_notifications=2239551 maintenance_ready_stale_notifications=89 maintenance_ready_tickets_drained=1736378 maintenance_ready_overflow_scans=0 maintenance_ready_fallback_scans=1728998 stage2_search_lane_lease_limit=32 stage2_search_lane_lease_peak=32 stage2_search_lane_lease_blocked=165008 maintenance_worker_observed_idle_ratio=0.677629 maintenance_worker_observed_busy_ratio=0.322371 physical_stage1_items=56381 physical_stage1_total_ns=245730808869 physical_stage1_search_ns=230607702331 physical_stage1_prune_ns=7822802622 physical_stage1_allocate_write_ns=5470726359 physical_stage1_backlink_ns=1180457011 physical_stage1_candidates=7210323 physical_stage1_remote_frontier_items=75545453 physical_stage1_neighbors=1779763 peer_stage1_enqueued=43152 peer_stage1_processed=43152 peer_stage1_items=90400 avg_peer_stage1_items=2.094920 peer_stage1_rate_per_sec=311.641198 peer_stage1_max_queue=47 peer_stage1_active_workers=0 peer_stage2_home_enqueued=571680 peer_stage2_home_processed=571680 peer_stage2_home_items=64305727 avg_peer_stage2_home_items=112.485529 peer_stage2_home_max_queue=47 peer_stage2_home_response_queue_drops=0 peer_stage2_home_response_send_wait_ms=17104.007118 avg_peer_stage2_home_queue_wait_us=90.992707 avg_peer_stage2_home_execution_us=77.038384 peer_stage1_release_deferred_batches=141 peer_stage1_release_deferred_items=230 peer_stage1_duplicate_retry_responses=0 peer_stage1_admission_retry_responses=0 peer_stage1_retry_response_drops=0 peer_stage1_admission_waiters=0 peer_stage1_admission_waiter_items=0 peer_stage1_admission_owned_items=0 peer_stage1_admission_wake_coverage=0 peer_stage1_admission_parked=0 peer_stage1_admission_woken=0 peer_stage1_admission_reparked=0 peer_stage1_max_admission_waiters=0 peer_stage1_duplicate_coalesced=38 peer_reverse_enqueued=26923 peer_reverse_processed=26923 peer_reverse_remaining=0 peer_reverse_items_enqueued=477924 peer_reverse_items_processed=477924 peer_reverse_rate_per_sec=1647.575311 peer_reverse_failed=52 peer_reverse_max_queue=71 reclaim_pending=2352 reclaim_reused=10727 dynamic_high_watermark=20038098688 stage2_remaining=0 cleanup_remaining=0 active_contexts=0 active_context_limit=48 repair_remaining=0 remaining=0
[STATUS]: storage-owner maintenance observation: enqueued=56381 stage2_enqueued=56381 cleanup_enqueued=0 stage2_tasks_done=56381 stage2_finalized_live=56381 cleanup_processed=0 stale=0 stage2_completion_ratio=1.000000 live_stage2_completion_ratio=1.000000 avg_stage2_delay_ms=37789.788880 p99_stage2_delay_upper_ms=30000.000000 p99_stage2_delay_over_30s=true stage2_delay_histogram=0,0,0,0,0,1,21,14,95,212,269,425,729,349,707,1938,13407,38214 max_stage2_delay_ms=67925.253809 compaction_batch_target=32 compaction_max_delay_ms=25.000000 stage2_rate_per_sec=191.071958 stage1_search_budget_exhausted=0 stage2_search_budget_exhausted=0 stage2_continuations=56381 stage2_remote_frontier_items=75545453 avg_stage2_remote_frontier=1339.909775 stage2_remote_expansions=2216443 avg_stage2_remote_expansions=39.311878 stage2_scored_candidates=136862673 avg_stage2_scored_candidates=2427.460900 stage2_graph_read_waves=519353 avg_stage2_expansions_per_graph_wave=4.267700 stage2_graph_unique_reads=2305527 stage2_graph_prefetch_issued=1550172 stage2_graph_prefetch_hits=1461088 stage2_graph_prefetch_wasted=89084 stage2_graph_prefetch_promotion_ratio=0.942533 stage2_graph_issue_width_current=4 stage2_vector_read_waves=1018409 avg_stage2_scores_per_vector_wave=134.388711 stage2_vector_unique_reads=87623743 stage2_home_rpc_batches=695663 stage2_home_rpc_items=77167893 avg_stage2_home_rpc_batch=110.927120 stage2_home_score_rpc_batches=305267 stage2_home_score_rpc_items=74862366 stage2_home_score_rpc_queries=1772438 stage2_home_score_rpc_request_bytes=1993594016 stage2_home_score_rpc_response_bytes=2409554016 avg_stage2_home_score_queries_per_rpc=5.806189 avg_stage2_home_score_rpc_batch=245.235699 stage2_home_scored_neighbors=124098027 home_scores_per_expansion=1.608156 stage2_migrations=13079 home_match_rate=0.768025 stage2_final_edges=1930677 stage2_cross_edges_stage1_home=565805 stage2_cross_edges_final_home=292983 cross_edge_reduction_ratio=0.482184 failed=0 rpc_timeouts=0 reverse_aggregate_batches=0 reverse_aggregate_logical_requests=0 reverse_aggregate_ops=0 avg_reverse_aggregate_logicals=0.000000 avg_reverse_aggregate_ops=0.000000 max_backlog=30431 admission_window=65536 completion_outstanding=0 completion_incomplete=0 completed_behind_hole=0 completion_logical_full_failures=0 completion_physical_full_failures=0 pressure_yields=2250542 stage2_batches=7072 avg_stage2_batch_size=7.972426 packing_target_batch=8 packing_admit_queue_avg=14973.056420 packing_admit_queue_max=30431 packing_batch_1_7=50 packing_batch_8=7022 packing_assembly_batches=7072 packing_assembly_wait_ms=259863707.982190 packing_arrival_interval_us=25000 packing_waited_batches=50 packing_wait_ms=1000.893000 packing_target_flushes=7022 packing_deadline_flushes=50 packing_cleanup_flushes=0 stage2_phase_search_attempts=7072 stage2_phase_search_task_attempts=56381 stage2_phase_search_elapsed_ms=5668107.302692 avg_stage2_phase_search_us_per_task=100532.223669 stage2_phase_freeze_prune_attempts=9431 stage2_phase_freeze_prune_task_attempts=75242 stage2_phase_freeze_prune_elapsed_ms=198635.187984 avg_stage2_phase_freeze_prune_us_per_task=2639.950931 stage2_phase_reverse_prepare_attempts=7072 stage2_phase_reverse_prepare_task_attempts=56381 stage2_phase_reverse_prepare_elapsed_ms=495170.572376 avg_stage2_phase_reverse_prepare_us_per_task=8782.578748 stage2_phase_placement_authority_attempts=7072 stage2_phase_placement_authority_task_attempts=56381 stage2_phase_placement_authority_elapsed_ms=150942.923945 avg_stage2_phase_placement_authority_us_per_task=2677.194870 stage2_phase_completion_handoff_attempts=7072 stage2_phase_completion_handoff_task_attempts=56381 stage2_phase_completion_handoff_elapsed_ms=14.535455 avg_stage2_phase_completion_handoff_us_per_task=0.257808 stage2_phase_finalize_attempts=7072 stage2_phase_finalize_task_attempts=56381 stage2_phase_finalize_elapsed_ms=78.549132 avg_stage2_phase_finalize_us_per_task=1.393184 maintenance_worker_idle_waits=1821760 maintenance_worker_idle_ms=1613074.133641 maintenance_lost_wake_avoided=614310 maintenance_targeted_wakes=7868125 maintenance_generic_wakes=28254 maintenance_broadcast_wakes=0 maintenance_context_slots_scanned=27723840 maintenance_ready_notifications=2239551 maintenance_ready_stale_notifications=89 maintenance_ready_tickets_drained=1736378 maintenance_ready_overflow_scans=0 maintenance_ready_fallback_scans=1732972 stage2_search_lane_lease_limit=32 stage2_search_lane_lease_peak=32 stage2_search_lane_lease_blocked=165008 maintenance_worker_observed_idle_ratio=0.683327 maintenance_worker_observed_busy_ratio=0.316673 physical_stage1_items=56381 physical_stage1_total_ns=245730808869 physical_stage1_search_ns=230607702331 physical_stage1_prune_ns=7822802622 physical_stage1_allocate_write_ns=5470726359 physical_stage1_backlink_ns=1180457011 physical_stage1_candidates=7210323 physical_stage1_remote_frontier_items=75545453 physical_stage1_neighbors=1779763 peer_stage1_enqueued=43152 peer_stage1_processed=43152 peer_stage1_items=90400 avg_peer_stage1_items=2.094920 peer_stage1_rate_per_sec=306.360387 peer_stage1_max_queue=47 peer_stage1_active_workers=0 peer_stage2_home_enqueued=571680 peer_stage2_home_processed=571680 peer_stage2_home_items=64305727 avg_peer_stage2_home_items=112.485529 peer_stage2_home_max_queue=47 peer_stage2_home_response_queue_drops=0 peer_stage2_home_response_send_wait_ms=17104.007118 avg_peer_stage2_home_queue_wait_us=90.992707 avg_peer_stage2_home_execution_us=77.038384 peer_stage1_release_deferred_batches=141 peer_stage1_release_deferred_items=230 peer_stage1_duplicate_retry_responses=0 peer_stage1_admission_retry_responses=0 peer_stage1_retry_response_drops=0 peer_stage1_admission_waiters=0 peer_stage1_admission_waiter_items=0 peer_stage1_admission_owned_items=0 peer_stage1_admission_wake_coverage=0 peer_stage1_admission_parked=0 peer_stage1_admission_woken=0 peer_stage1_admission_reparked=0 peer_stage1_max_admission_waiters=0 peer_stage1_duplicate_coalesced=38 peer_reverse_enqueued=26923 peer_reverse_processed=26923 peer_reverse_remaining=0 peer_reverse_items_enqueued=477924 peer_reverse_items_processed=477924 peer_reverse_rate_per_sec=1619.656877 peer_reverse_failed=52 peer_reverse_max_queue=71 reclaim_pending=2352 reclaim_reused=10727 dynamic_high_watermark=20038098688 stage2_remaining=0 cleanup_remaining=0 active_contexts=0 active_context_limit=48 repair_remaining=0 remaining=0
[STATUS]: storage-owner maintenance observation: enqueued=56381 stage2_enqueued=56381 cleanup_enqueued=0 stage2_tasks_done=56381 stage2_finalized_live=56381 cleanup_processed=0 stale=0 stage2_completion_ratio=1.000000 live_stage2_completion_ratio=1.000000 avg_stage2_delay_ms=37789.788880 p99_stage2_delay_upper_ms=30000.000000 p99_stage2_delay_over_30s=true stage2_delay_histogram=0,0,0,0,0,1,21,14,95,212,269,425,729,349,707,1938,13407,38214 max_stage2_delay_ms=67925.253809 compaction_batch_target=32 compaction_max_delay_ms=25.000000 stage2_rate_per_sec=187.887936 stage1_search_budget_exhausted=0 stage2_search_budget_exhausted=0 stage2_continuations=56381 stage2_remote_frontier_items=75545453 avg_stage2_remote_frontier=1339.909775 stage2_remote_expansions=2216443 avg_stage2_remote_expansions=39.311878 stage2_scored_candidates=136862673 avg_stage2_scored_candidates=2427.460900 stage2_graph_read_waves=519353 avg_stage2_expansions_per_graph_wave=4.267700 stage2_graph_unique_reads=2305527 stage2_graph_prefetch_issued=1550172 stage2_graph_prefetch_hits=1461088 stage2_graph_prefetch_wasted=89084 stage2_graph_prefetch_promotion_ratio=0.942533 stage2_graph_issue_width_current=4 stage2_vector_read_waves=1018409 avg_stage2_scores_per_vector_wave=134.388711 stage2_vector_unique_reads=87623743 stage2_home_rpc_batches=695663 stage2_home_rpc_items=77167893 avg_stage2_home_rpc_batch=110.927120 stage2_home_score_rpc_batches=305267 stage2_home_score_rpc_items=74862366 stage2_home_score_rpc_queries=1772438 stage2_home_score_rpc_request_bytes=1993594016 stage2_home_score_rpc_response_bytes=2409554016 avg_stage2_home_score_queries_per_rpc=5.806189 avg_stage2_home_score_rpc_batch=245.235699 stage2_home_scored_neighbors=124098027 home_scores_per_expansion=1.608156 stage2_migrations=13079 home_match_rate=0.768025 stage2_final_edges=1930677 stage2_cross_edges_stage1_home=565805 stage2_cross_edges_final_home=292983 cross_edge_reduction_ratio=0.482184 failed=0 rpc_timeouts=0 reverse_aggregate_batches=0 reverse_aggregate_logical_requests=0 reverse_aggregate_ops=0 avg_reverse_aggregate_logicals=0.000000 avg_reverse_aggregate_ops=0.000000 max_backlog=30431 admission_window=65536 completion_outstanding=0 completion_incomplete=0 completed_behind_hole=0 completion_logical_full_failures=0 completion_physical_full_failures=0 pressure_yields=2250542 stage2_batches=7072 avg_stage2_batch_size=7.972426 packing_target_batch=8 packing_admit_queue_avg=14973.056420 packing_admit_queue_max=30431 packing_batch_1_7=50 packing_batch_8=7022 packing_assembly_batches=7072 packing_assembly_wait_ms=259863707.982190 packing_arrival_interval_us=25000 packing_waited_batches=50 packing_wait_ms=1000.893000 packing_target_flushes=7022 packing_deadline_flushes=50 packing_cleanup_flushes=0 stage2_phase_search_attempts=7072 stage2_phase_search_task_attempts=56381 stage2_phase_search_elapsed_ms=5668107.302692 avg_stage2_phase_search_us_per_task=100532.223669 stage2_phase_freeze_prune_attempts=9431 stage2_phase_freeze_prune_task_attempts=75242 stage2_phase_freeze_prune_elapsed_ms=198635.187984 avg_stage2_phase_freeze_prune_us_per_task=2639.950931 stage2_phase_reverse_prepare_attempts=7072 stage2_phase_reverse_prepare_task_attempts=56381 stage2_phase_reverse_prepare_elapsed_ms=495170.572376 avg_stage2_phase_reverse_prepare_us_per_task=8782.578748 stage2_phase_placement_authority_attempts=7072 stage2_phase_placement_authority_task_attempts=56381 stage2_phase_placement_authority_elapsed_ms=150942.923945 avg_stage2_phase_placement_authority_us_per_task=2677.194870 stage2_phase_completion_handoff_attempts=7072 stage2_phase_completion_handoff_task_attempts=56381 stage2_phase_completion_handoff_elapsed_ms=14.535455 avg_stage2_phase_completion_handoff_us_per_task=0.257808 stage2_phase_finalize_attempts=7072 stage2_phase_finalize_task_attempts=56381 stage2_phase_finalize_elapsed_ms=78.549132 avg_stage2_phase_finalize_us_per_task=1.393184 maintenance_worker_idle_waits=1825792 maintenance_worker_idle_ms=1653633.423465 maintenance_lost_wake_avoided=614310 maintenance_targeted_wakes=7868125 maintenance_generic_wakes=28254 maintenance_broadcast_wakes=0 maintenance_context_slots_scanned=27788352 maintenance_ready_notifications=2239551 maintenance_ready_stale_notifications=89 maintenance_ready_tickets_drained=1736378 maintenance_ready_overflow_scans=0 maintenance_ready_fallback_scans=1736946 stage2_search_lane_lease_limit=32 stage2_search_lane_lease_peak=32 stage2_search_lane_lease_blocked=165008 maintenance_worker_observed_idle_ratio=0.688835 maintenance_worker_observed_busy_ratio=0.311165 physical_stage1_items=56381 physical_stage1_total_ns=245730808869 physical_stage1_search_ns=230607702331 physical_stage1_prune_ns=7822802622 physical_stage1_allocate_write_ns=5470726359 physical_stage1_backlink_ns=1180457011 physical_stage1_candidates=7210323 physical_stage1_remote_frontier_items=75545453 physical_stage1_neighbors=1779763 peer_stage1_enqueued=43152 peer_stage1_processed=43152 peer_stage1_items=90400 avg_peer_stage1_items=2.094920 peer_stage1_rate_per_sec=301.255200 peer_stage1_max_queue=47 peer_stage1_active_workers=0 peer_stage2_home_enqueued=571680 peer_stage2_home_processed=571680 peer_stage2_home_items=64305727 avg_peer_stage2_home_items=112.485529 peer_stage2_home_max_queue=47 peer_stage2_home_response_queue_drops=0 peer_stage2_home_response_send_wait_ms=17104.007118 avg_peer_stage2_home_queue_wait_us=90.992707 avg_peer_stage2_home_execution_us=77.038384 peer_stage1_release_deferred_batches=141 peer_stage1_release_deferred_items=230 peer_stage1_duplicate_retry_responses=0 peer_stage1_admission_retry_responses=0 peer_stage1_retry_response_drops=0 peer_stage1_admission_waiters=0 peer_stage1_admission_waiter_items=0 peer_stage1_admission_owned_items=0 peer_stage1_admission_wake_coverage=0 peer_stage1_admission_parked=0 peer_stage1_admission_woken=0 peer_stage1_admission_reparked=0 peer_stage1_max_admission_waiters=0 peer_stage1_duplicate_coalesced=38 peer_reverse_enqueued=26923 peer_reverse_processed=26923 peer_reverse_remaining=0 peer_reverse_items_enqueued=477924 peer_reverse_items_processed=477924 peer_reverse_rate_per_sec=1592.666929 peer_reverse_failed=52 peer_reverse_max_queue=71 reclaim_pending=2352 reclaim_reused=10727 dynamic_high_watermark=20038098688 stage2_remaining=0 cleanup_remaining=0 active_contexts=0 active_context_limit=48 repair_remaining=0 remaining=0
[STATUS]: storage-owner maintenance observation: enqueued=56381 stage2_enqueued=56381 cleanup_enqueued=0 stage2_tasks_done=56381 stage2_finalized_live=56381 cleanup_processed=0 stale=0 stage2_completion_ratio=1.000000 live_stage2_completion_ratio=1.000000 avg_stage2_delay_ms=37789.788880 p99_stage2_delay_upper_ms=30000.000000 p99_stage2_delay_over_30s=true stage2_delay_histogram=0,0,0,0,0,1,21,14,95,212,269,425,729,349,707,1938,13407,38214 max_stage2_delay_ms=67925.253809 compaction_batch_target=32 compaction_max_delay_ms=25.000000 stage2_rate_per_sec=184.807332 stage1_search_budget_exhausted=0 stage2_search_budget_exhausted=0 stage2_continuations=56381 stage2_remote_frontier_items=75545453 avg_stage2_remote_frontier=1339.909775 stage2_remote_expansions=2216443 avg_stage2_remote_expansions=39.311878 stage2_scored_candidates=136862673 avg_stage2_scored_candidates=2427.460900 stage2_graph_read_waves=519353 avg_stage2_expansions_per_graph_wave=4.267700 stage2_graph_unique_reads=2305527 stage2_graph_prefetch_issued=1550172 stage2_graph_prefetch_hits=1461088 stage2_graph_prefetch_wasted=89084 stage2_graph_prefetch_promotion_ratio=0.942533 stage2_graph_issue_width_current=4 stage2_vector_read_waves=1018409 avg_stage2_scores_per_vector_wave=134.388711 stage2_vector_unique_reads=87623743 stage2_home_rpc_batches=695663 stage2_home_rpc_items=77167893 avg_stage2_home_rpc_batch=110.927120 stage2_home_score_rpc_batches=305267 stage2_home_score_rpc_items=74862366 stage2_home_score_rpc_queries=1772438 stage2_home_score_rpc_request_bytes=1993594016 stage2_home_score_rpc_response_bytes=2409554016 avg_stage2_home_score_queries_per_rpc=5.806189 avg_stage2_home_score_rpc_batch=245.235699 stage2_home_scored_neighbors=124098027 home_scores_per_expansion=1.608156 stage2_migrations=13079 home_match_rate=0.768025 stage2_final_edges=1930677 stage2_cross_edges_stage1_home=565805 stage2_cross_edges_final_home=292983 cross_edge_reduction_ratio=0.482184 failed=0 rpc_timeouts=0 reverse_aggregate_batches=0 reverse_aggregate_logical_requests=0 reverse_aggregate_ops=0 avg_reverse_aggregate_logicals=0.000000 avg_reverse_aggregate_ops=0.000000 max_backlog=30431 admission_window=65536 completion_outstanding=0 completion_incomplete=0 completed_behind_hole=0 completion_logical_full_failures=0 completion_physical_full_failures=0 pressure_yields=2250542 stage2_batches=7072 avg_stage2_batch_size=7.972426 packing_target_batch=8 packing_admit_queue_avg=14973.056420 packing_admit_queue_max=30431 packing_batch_1_7=50 packing_batch_8=7022 packing_assembly_batches=7072 packing_assembly_wait_ms=259863707.982190 packing_arrival_interval_us=25000 packing_waited_batches=50 packing_wait_ms=1000.893000 packing_target_flushes=7022 packing_deadline_flushes=50 packing_cleanup_flushes=0 stage2_phase_search_attempts=7072 stage2_phase_search_task_attempts=56381 stage2_phase_search_elapsed_ms=5668107.302692 avg_stage2_phase_search_us_per_task=100532.223669 stage2_phase_freeze_prune_attempts=9431 stage2_phase_freeze_prune_task_attempts=75242 stage2_phase_freeze_prune_elapsed_ms=198635.187984 avg_stage2_phase_freeze_prune_us_per_task=2639.950931 stage2_phase_reverse_prepare_attempts=7072 stage2_phase_reverse_prepare_task_attempts=56381 stage2_phase_reverse_prepare_elapsed_ms=495170.572376 avg_stage2_phase_reverse_prepare_us_per_task=8782.578748 stage2_phase_placement_authority_attempts=7072 stage2_phase_placement_authority_task_attempts=56381 stage2_phase_placement_authority_elapsed_ms=150942.923945 avg_stage2_phase_placement_authority_us_per_task=2677.194870 stage2_phase_completion_handoff_attempts=7072 stage2_phase_completion_handoff_task_attempts=56381 stage2_phase_completion_handoff_elapsed_ms=14.535455 avg_stage2_phase_completion_handoff_us_per_task=0.257808 stage2_phase_finalize_attempts=7072 stage2_phase_finalize_task_attempts=56381 stage2_phase_finalize_elapsed_ms=78.549132 avg_stage2_phase_finalize_us_per_task=1.393184 maintenance_worker_idle_waits=1829696 maintenance_worker_idle_ms=1692901.456669 maintenance_lost_wake_avoided=614310 maintenance_targeted_wakes=7868125 maintenance_generic_wakes=28254 maintenance_broadcast_wakes=0 maintenance_context_slots_scanned=27850816 maintenance_ready_notifications=2239551 maintenance_ready_stale_notifications=89 maintenance_ready_tickets_drained=1736378 maintenance_ready_overflow_scans=0 maintenance_ready_fallback_scans=1740923 stage2_search_lane_lease_limit=32 stage2_search_lane_lease_peak=32 stage2_search_lane_lease_blocked=165008 maintenance_worker_observed_idle_ratio=0.693630 maintenance_worker_observed_busy_ratio=0.306370 physical_stage1_items=56381 physical_stage1_total_ns=245730808869 physical_stage1_search_ns=230607702331 physical_stage1_prune_ns=7822802622 physical_stage1_allocate_write_ns=5470726359 physical_stage1_backlink_ns=1180457011 physical_stage1_candidates=7210323 physical_stage1_remote_frontier_items=75545453 physical_stage1_neighbors=1779763 peer_stage1_enqueued=43152 peer_stage1_processed=43152 peer_stage1_items=90400 avg_peer_stage1_items=2.094920 peer_stage1_rate_per_sec=296.315831 peer_stage1_max_queue=47 peer_stage1_active_workers=0 peer_stage2_home_enqueued=571680 peer_stage2_home_processed=571680 peer_stage2_home_items=64305727 avg_peer_stage2_home_items=112.485529 peer_stage2_home_max_queue=47 peer_stage2_home_response_queue_drops=0 peer_stage2_home_response_send_wait_ms=17104.007118 avg_peer_stage2_home_queue_wait_us=90.992707 avg_peer_stage2_home_execution_us=77.038384 peer_stage1_release_deferred_batches=141 peer_stage1_release_deferred_items=230 peer_stage1_duplicate_retry_responses=0 peer_stage1_admission_retry_responses=0 peer_stage1_retry_response_drops=0 peer_stage1_admission_waiters=0 peer_stage1_admission_waiter_items=0 peer_stage1_admission_owned_items=0 peer_stage1_admission_wake_coverage=0 peer_stage1_admission_parked=0 peer_stage1_admission_woken=0 peer_stage1_admission_reparked=0 peer_stage1_max_admission_waiters=0 peer_stage1_duplicate_coalesced=38 peer_reverse_enqueued=26923 peer_reverse_processed=26923 peer_reverse_remaining=0 peer_reverse_items_enqueued=477924 peer_reverse_items_processed=477924 peer_reverse_rate_per_sec=1566.553618 peer_reverse_failed=52 peer_reverse_max_queue=71 reclaim_pending=2352 reclaim_reused=10727 dynamic_high_watermark=20038098688 stage2_remaining=0 cleanup_remaining=0 active_contexts=0 active_context_limit=48 repair_remaining=0 remaining=0
[STATUS]: storage-owner maintenance observation: enqueued=56381 stage2_enqueued=56381 cleanup_enqueued=0 stage2_tasks_done=56381 stage2_finalized_live=56381 cleanup_processed=0 stale=0 stage2_completion_ratio=1.000000 live_stage2_completion_ratio=1.000000 avg_stage2_delay_ms=37789.788880 p99_stage2_delay_upper_ms=30000.000000 p99_stage2_delay_over_30s=true stage2_delay_histogram=0,0,0,0,0,1,21,14,95,212,269,425,729,349,707,1938,13407,38214 max_stage2_delay_ms=67925.253809 compaction_batch_target=32 compaction_max_delay_ms=25.000000 stage2_rate_per_sec=181.825556 stage1_search_budget_exhausted=0 stage2_search_budget_exhausted=0 stage2_continuations=56381 stage2_remote_frontier_items=75545453 avg_stage2_remote_frontier=1339.909775 stage2_remote_expansions=2216443 avg_stage2_remote_expansions=39.311878 stage2_scored_candidates=136862673 avg_stage2_scored_candidates=2427.460900 stage2_graph_read_waves=519353 avg_stage2_expansions_per_graph_wave=4.267700 stage2_graph_unique_reads=2305527 stage2_graph_prefetch_issued=1550172 stage2_graph_prefetch_hits=1461088 stage2_graph_prefetch_wasted=89084 stage2_graph_prefetch_promotion_ratio=0.942533 stage2_graph_issue_width_current=4 stage2_vector_read_waves=1018409 avg_stage2_scores_per_vector_wave=134.388711 stage2_vector_unique_reads=87623743 stage2_home_rpc_batches=695663 stage2_home_rpc_items=77167893 avg_stage2_home_rpc_batch=110.927120 stage2_home_score_rpc_batches=305267 stage2_home_score_rpc_items=74862366 stage2_home_score_rpc_queries=1772438 stage2_home_score_rpc_request_bytes=1993594016 stage2_home_score_rpc_response_bytes=2409554016 avg_stage2_home_score_queries_per_rpc=5.806189 avg_stage2_home_score_rpc_batch=245.235699 stage2_home_scored_neighbors=124098027 home_scores_per_expansion=1.608156 stage2_migrations=13079 home_match_rate=0.768025 stage2_final_edges=1930677 stage2_cross_edges_stage1_home=565805 stage2_cross_edges_final_home=292983 cross_edge_reduction_ratio=0.482184 failed=0 rpc_timeouts=0 reverse_aggregate_batches=0 reverse_aggregate_logical_requests=0 reverse_aggregate_ops=0 avg_reverse_aggregate_logicals=0.000000 avg_reverse_aggregate_ops=0.000000 max_backlog=30431 admission_window=65536 completion_outstanding=0 completion_incomplete=0 completed_behind_hole=0 completion_logical_full_failures=0 completion_physical_full_failures=0 pressure_yields=2250542 stage2_batches=7072 avg_stage2_batch_size=7.972426 packing_target_batch=8 packing_admit_queue_avg=14973.056420 packing_admit_queue_max=30431 packing_batch_1_7=50 packing_batch_8=7022 packing_assembly_batches=7072 packing_assembly_wait_ms=259863707.982190 packing_arrival_interval_us=25000 packing_waited_batches=50 packing_wait_ms=1000.893000 packing_target_flushes=7022 packing_deadline_flushes=50 packing_cleanup_flushes=0 stage2_phase_search_attempts=7072 stage2_phase_search_task_attempts=56381 stage2_phase_search_elapsed_ms=5668107.302692 avg_stage2_phase_search_us_per_task=100532.223669 stage2_phase_freeze_prune_attempts=9431 stage2_phase_freeze_prune_task_attempts=75242 stage2_phase_freeze_prune_elapsed_ms=198635.187984 avg_stage2_phase_freeze_prune_us_per_task=2639.950931 stage2_phase_reverse_prepare_attempts=7072 stage2_phase_reverse_prepare_task_attempts=56381 stage2_phase_reverse_prepare_elapsed_ms=495170.572376 avg_stage2_phase_reverse_prepare_us_per_task=8782.578748 stage2_phase_placement_authority_attempts=7072 stage2_phase_placement_authority_task_attempts=56381 stage2_phase_placement_authority_elapsed_ms=150942.923945 avg_stage2_phase_placement_authority_us_per_task=2677.194870 stage2_phase_completion_handoff_attempts=7072 stage2_phase_completion_handoff_task_attempts=56381 stage2_phase_completion_handoff_elapsed_ms=14.535455 avg_stage2_phase_completion_handoff_us_per_task=0.257808 stage2_phase_finalize_attempts=7072 stage2_phase_finalize_task_attempts=56381 stage2_phase_finalize_elapsed_ms=78.549132 avg_stage2_phase_finalize_us_per_task=1.393184 maintenance_worker_idle_waits=1833600 maintenance_worker_idle_ms=1732169.758764 maintenance_lost_wake_avoided=614310 maintenance_targeted_wakes=7868125 maintenance_generic_wakes=28254 maintenance_broadcast_wakes=0 maintenance_context_slots_scanned=27913280 maintenance_ready_notifications=2239551 maintenance_ready_stale_notifications=89 maintenance_ready_tickets_drained=1736378 maintenance_ready_overflow_scans=0 maintenance_ready_fallback_scans=1744900 stage2_search_lane_lease_limit=32 stage2_search_lane_lease_peak=32 stage2_search_lane_lease_blocked=165008 maintenance_worker_observed_idle_ratio=0.698269 maintenance_worker_observed_busy_ratio=0.301731 physical_stage1_items=56381 physical_stage1_total_ns=245730808869 physical_stage1_search_ns=230607702331 physical_stage1_prune_ns=7822802622 physical_stage1_allocate_write_ns=5470726359 physical_stage1_backlink_ns=1180457011 physical_stage1_candidates=7210323 physical_stage1_remote_frontier_items=75545453 physical_stage1_neighbors=1779763 peer_stage1_enqueued=43152 peer_stage1_processed=43152 peer_stage1_items=90400 avg_peer_stage1_items=2.094920 peer_stage1_rate_per_sec=291.534919 peer_stage1_max_queue=47 peer_stage1_active_workers=0 peer_stage2_home_enqueued=571680 peer_stage2_home_processed=571680 peer_stage2_home_items=64305727 avg_peer_stage2_home_items=112.485529 peer_stage2_home_max_queue=47 peer_stage2_home_response_queue_drops=0 peer_stage2_home_response_send_wait_ms=17104.007118 avg_peer_stage2_home_queue_wait_us=90.992707 avg_peer_stage2_home_execution_us=77.038384 peer_stage1_release_deferred_batches=141 peer_stage1_release_deferred_items=230 peer_stage1_duplicate_retry_responses=0 peer_stage1_admission_retry_responses=0 peer_stage1_retry_response_drops=0 peer_stage1_admission_waiters=0 peer_stage1_admission_waiter_items=0 peer_stage1_admission_owned_items=0 peer_stage1_admission_wake_coverage=0 peer_stage1_admission_parked=0 peer_stage1_admission_woken=0 peer_stage1_admission_reparked=0 peer_stage1_max_admission_waiters=0 peer_stage1_duplicate_coalesced=38 peer_reverse_enqueued=26923 peer_reverse_processed=26923 peer_reverse_remaining=0 peer_reverse_items_enqueued=477924 peer_reverse_items_processed=477924 peer_reverse_rate_per_sec=1541.278038 peer_reverse_failed=52 peer_reverse_max_queue=71 reclaim_pending=2352 reclaim_reused=10727 dynamic_high_watermark=20038098688 stage2_remaining=0 cleanup_remaining=0 active_contexts=0 active_context_limit=48 repair_remaining=0 remaining=0
[STATUS]: storage-owner maintenance observation: enqueued=56381 stage2_enqueued=56381 cleanup_enqueued=0 stage2_tasks_done=56381 stage2_finalized_live=56381 cleanup_processed=0 stale=0 stage2_completion_ratio=1.000000 live_stage2_completion_ratio=1.000000 avg_stage2_delay_ms=37789.788880 p99_stage2_delay_upper_ms=30000.000000 p99_stage2_delay_over_30s=true stage2_delay_histogram=0,0,0,0,0,1,21,14,95,212,269,425,729,349,707,1938,13407,38214 max_stage2_delay_ms=67925.253809 compaction_batch_target=32 compaction_max_delay_ms=25.000000 stage2_rate_per_sec=178.939730 stage1_search_budget_exhausted=0 stage2_search_budget_exhausted=0 stage2_continuations=56381 stage2_remote_frontier_items=75545453 avg_stage2_remote_frontier=1339.909775 stage2_remote_expansions=2216443 avg_stage2_remote_expansions=39.311878 stage2_scored_candidates=136862673 avg_stage2_scored_candidates=2427.460900 stage2_graph_read_waves=519353 avg_stage2_expansions_per_graph_wave=4.267700 stage2_graph_unique_reads=2305527 stage2_graph_prefetch_issued=1550172 stage2_graph_prefetch_hits=1461088 stage2_graph_prefetch_wasted=89084 stage2_graph_prefetch_promotion_ratio=0.942533 stage2_graph_issue_width_current=4 stage2_vector_read_waves=1018409 avg_stage2_scores_per_vector_wave=134.388711 stage2_vector_unique_reads=87623743 stage2_home_rpc_batches=695663 stage2_home_rpc_items=77167893 avg_stage2_home_rpc_batch=110.927120 stage2_home_score_rpc_batches=305267 stage2_home_score_rpc_items=74862366 stage2_home_score_rpc_queries=1772438 stage2_home_score_rpc_request_bytes=1993594016 stage2_home_score_rpc_response_bytes=2409554016 avg_stage2_home_score_queries_per_rpc=5.806189 avg_stage2_home_score_rpc_batch=245.235699 stage2_home_scored_neighbors=124098027 home_scores_per_expansion=1.608156 stage2_migrations=13079 home_match_rate=0.768025 stage2_final_edges=1930677 stage2_cross_edges_stage1_home=565805 stage2_cross_edges_final_home=292983 cross_edge_reduction_ratio=0.482184 failed=0 rpc_timeouts=0 reverse_aggregate_batches=0 reverse_aggregate_logical_requests=0 reverse_aggregate_ops=0 avg_reverse_aggregate_logicals=0.000000 avg_reverse_aggregate_ops=0.000000 max_backlog=30431 admission_window=65536 completion_outstanding=0 completion_incomplete=0 completed_behind_hole=0 completion_logical_full_failures=0 completion_physical_full_failures=0 pressure_yields=2250542 stage2_batches=7072 avg_stage2_batch_size=7.972426 packing_target_batch=8 packing_admit_queue_avg=14973.056420 packing_admit_queue_max=30431 packing_batch_1_7=50 packing_batch_8=7022 packing_assembly_batches=7072 packing_assembly_wait_ms=259863707.982190 packing_arrival_interval_us=25000 packing_waited_batches=50 packing_wait_ms=1000.893000 packing_target_flushes=7022 packing_deadline_flushes=50 packing_cleanup_flushes=0 stage2_phase_search_attempts=7072 stage2_phase_search_task_attempts=56381 stage2_phase_search_elapsed_ms=5668107.302692 avg_stage2_phase_search_us_per_task=100532.223669 stage2_phase_freeze_prune_attempts=9431 stage2_phase_freeze_prune_task_attempts=75242 stage2_phase_freeze_prune_elapsed_ms=198635.187984 avg_stage2_phase_freeze_prune_us_per_task=2639.950931 stage2_phase_reverse_prepare_attempts=7072 stage2_phase_reverse_prepare_task_attempts=56381 stage2_phase_reverse_prepare_elapsed_ms=495170.572376 avg_stage2_phase_reverse_prepare_us_per_task=8782.578748 stage2_phase_placement_authority_attempts=7072 stage2_phase_placement_authority_task_attempts=56381 stage2_phase_placement_authority_elapsed_ms=150942.923945 avg_stage2_phase_placement_authority_us_per_task=2677.194870 stage2_phase_completion_handoff_attempts=7072 stage2_phase_completion_handoff_task_attempts=56381 stage2_phase_completion_handoff_elapsed_ms=14.535455 avg_stage2_phase_completion_handoff_us_per_task=0.257808 stage2_phase_finalize_attempts=7072 stage2_phase_finalize_task_attempts=56381 stage2_phase_finalize_elapsed_ms=78.549132 avg_stage2_phase_finalize_us_per_task=1.393184 maintenance_worker_idle_waits=1837632 maintenance_worker_idle_ms=1772726.027017 maintenance_lost_wake_avoided=614310 maintenance_targeted_wakes=7868125 maintenance_generic_wakes=28254 maintenance_broadcast_wakes=0 maintenance_context_slots_scanned=27977792 maintenance_ready_notifications=2239551 maintenance_ready_stale_notifications=89 maintenance_ready_tickets_drained=1736378 maintenance_ready_overflow_scans=0 maintenance_ready_fallback_scans=1748876 stage2_search_lane_lease_limit=32 stage2_search_lane_lease_peak=32 stage2_search_lane_lease_blocked=165008 maintenance_worker_observed_idle_ratio=0.703276 maintenance_worker_observed_busy_ratio=0.296724 physical_stage1_items=56381 physical_stage1_total_ns=245730808869 physical_stage1_search_ns=230607702331 physical_stage1_prune_ns=7822802622 physical_stage1_allocate_write_ns=5470726359 physical_stage1_backlink_ns=1180457011 physical_stage1_candidates=7210323 physical_stage1_remote_frontier_items=75545453 physical_stage1_neighbors=1779763 peer_stage1_enqueued=43152 peer_stage1_processed=43152 peer_stage1_items=90400 avg_peer_stage1_items=2.094920 peer_stage1_rate_per_sec=286.907852 peer_stage1_max_queue=47 peer_stage1_active_workers=0 peer_stage2_home_enqueued=571680 peer_stage2_home_processed=571680 peer_stage2_home_items=64305727 avg_peer_stage2_home_items=112.485529 peer_stage2_home_max_queue=47 peer_stage2_home_response_queue_drops=0 peer_stage2_home_response_send_wait_ms=17104.007118 avg_peer_stage2_home_queue_wait_us=90.992707 avg_peer_stage2_home_execution_us=77.038384 peer_stage1_release_deferred_batches=141 peer_stage1_release_deferred_items=230 peer_stage1_duplicate_retry_responses=0 peer_stage1_admission_retry_responses=0 peer_stage1_retry_response_drops=0 peer_stage1_admission_waiters=0 peer_stage1_admission_waiter_items=0 peer_stage1_admission_owned_items=0 peer_stage1_admission_wake_coverage=0 peer_stage1_admission_parked=0 peer_stage1_admission_woken=0 peer_stage1_admission_reparked=0 peer_stage1_max_admission_waiters=0 peer_stage1_duplicate_coalesced=38 peer_reverse_enqueued=26923 peer_reverse_processed=26923 peer_reverse_remaining=0 peer_reverse_items_enqueued=477924 peer_reverse_items_processed=477924 peer_reverse_rate_per_sec=1516.815800 peer_reverse_failed=52 peer_reverse_max_queue=71 reclaim_pending=2352 reclaim_reused=10727 dynamic_high_watermark=20038098688 stage2_remaining=0 cleanup_remaining=0 active_contexts=0 active_context_limit=48 repair_remaining=0 remaining=0
[STATUS]: storage-owner maintenance observation: enqueued=56381 stage2_enqueued=56381 cleanup_enqueued=0 stage2_tasks_done=56381 stage2_finalized_live=56381 cleanup_processed=0 stale=0 stage2_completion_ratio=1.000000 live_stage2_completion_ratio=1.000000 avg_stage2_delay_ms=37789.788880 p99_stage2_delay_upper_ms=30000.000000 p99_stage2_delay_over_30s=true stage2_delay_histogram=0,0,0,0,0,1,21,14,95,212,269,425,729,349,707,1938,13407,38214 max_stage2_delay_ms=67925.253809 compaction_batch_target=32 compaction_max_delay_ms=25.000000 stage2_rate_per_sec=176.143810 stage1_search_budget_exhausted=0 stage2_search_budget_exhausted=0 stage2_continuations=56381 stage2_remote_frontier_items=75545453 avg_stage2_remote_frontier=1339.909775 stage2_remote_expansions=2216443 avg_stage2_remote_expansions=39.311878 stage2_scored_candidates=136862673 avg_stage2_scored_candidates=2427.460900 stage2_graph_read_waves=519353 avg_stage2_expansions_per_graph_wave=4.267700 stage2_graph_unique_reads=2305527 stage2_graph_prefetch_issued=1550172 stage2_graph_prefetch_hits=1461088 stage2_graph_prefetch_wasted=89084 stage2_graph_prefetch_promotion_ratio=0.942533 stage2_graph_issue_width_current=4 stage2_vector_read_waves=1018409 avg_stage2_scores_per_vector_wave=134.388711 stage2_vector_unique_reads=87623743 stage2_home_rpc_batches=695663 stage2_home_rpc_items=77167893 avg_stage2_home_rpc_batch=110.927120 stage2_home_score_rpc_batches=305267 stage2_home_score_rpc_items=74862366 stage2_home_score_rpc_queries=1772438 stage2_home_score_rpc_request_bytes=1993594016 stage2_home_score_rpc_response_bytes=2409554016 avg_stage2_home_score_queries_per_rpc=5.806189 avg_stage2_home_score_rpc_batch=245.235699 stage2_home_scored_neighbors=124098027 home_scores_per_expansion=1.608156 stage2_migrations=13079 home_match_rate=0.768025 stage2_final_edges=1930677 stage2_cross_edges_stage1_home=565805 stage2_cross_edges_final_home=292983 cross_edge_reduction_ratio=0.482184 failed=0 rpc_timeouts=0 reverse_aggregate_batches=0 reverse_aggregate_logical_requests=0 reverse_aggregate_ops=0 avg_reverse_aggregate_logicals=0.000000 avg_reverse_aggregate_ops=0.000000 max_backlog=30431 admission_window=65536 completion_outstanding=0 completion_incomplete=0 completed_behind_hole=0 completion_logical_full_failures=0 completion_physical_full_failures=0 pressure_yields=2250542 stage2_batches=7072 avg_stage2_batch_size=7.972426 packing_target_batch=8 packing_admit_queue_avg=14973.056420 packing_admit_queue_max=30431 packing_batch_1_7=50 packing_batch_8=7022 packing_assembly_batches=7072 packing_assembly_wait_ms=259863707.982190 packing_arrival_interval_us=25000 packing_waited_batches=50 packing_wait_ms=1000.893000 packing_target_flushes=7022 packing_deadline_flushes=50 packing_cleanup_flushes=0 stage2_phase_search_attempts=7072 stage2_phase_search_task_attempts=56381 stage2_phase_search_elapsed_ms=5668107.302692 avg_stage2_phase_search_us_per_task=100532.223669 stage2_phase_freeze_prune_attempts=9431 stage2_phase_freeze_prune_task_attempts=75242 stage2_phase_freeze_prune_elapsed_ms=198635.187984 avg_stage2_phase_freeze_prune_us_per_task=2639.950931 stage2_phase_reverse_prepare_attempts=7072 stage2_phase_reverse_prepare_task_attempts=56381 stage2_phase_reverse_prepare_elapsed_ms=495170.572376 avg_stage2_phase_reverse_prepare_us_per_task=8782.578748 stage2_phase_placement_authority_attempts=7072 stage2_phase_placement_authority_task_attempts=56381 stage2_phase_placement_authority_elapsed_ms=150942.923945 avg_stage2_phase_placement_authority_us_per_task=2677.194870 stage2_phase_completion_handoff_attempts=7072 stage2_phase_completion_handoff_task_attempts=56381 stage2_phase_completion_handoff_elapsed_ms=14.535455 avg_stage2_phase_completion_handoff_us_per_task=0.257808 stage2_phase_finalize_attempts=7072 stage2_phase_finalize_task_attempts=56381 stage2_phase_finalize_elapsed_ms=78.549132 avg_stage2_phase_finalize_us_per_task=1.393184 maintenance_worker_idle_waits=1841664 maintenance_worker_idle_ms=1813281.742515 maintenance_lost_wake_avoided=614310 maintenance_targeted_wakes=7868125 maintenance_generic_wakes=28254 maintenance_broadcast_wakes=0 maintenance_context_slots_scanned=28042304 maintenance_ready_notifications=2239551 maintenance_ready_stale_notifications=89 maintenance_ready_tickets_drained=1736378 maintenance_ready_overflow_scans=0 maintenance_ready_fallback_scans=1752853 stage2_search_lane_lease_limit=32 stage2_search_lane_lease_peak=32 stage2_search_lane_lease_blocked=165008 maintenance_worker_observed_idle_ratio=0.708125 maintenance_worker_observed_busy_ratio=0.291875 physical_stage1_items=56381 physical_stage1_total_ns=245730808869 physical_stage1_search_ns=230607702331 physical_stage1_prune_ns=7822802622 physical_stage1_allocate_write_ns=5470726359 physical_stage1_backlink_ns=1180457011 physical_stage1_candidates=7210323 physical_stage1_remote_frontier_items=75545453 physical_stage1_neighbors=1779763 peer_stage1_enqueued=43152 peer_stage1_processed=43152 peer_stage1_items=90400 avg_peer_stage1_items=2.094920 peer_stage1_rate_per_sec=282.424938 peer_stage1_max_queue=47 peer_stage1_active_workers=0 peer_stage2_home_enqueued=571680 peer_stage2_home_processed=571680 peer_stage2_home_items=64305727 avg_peer_stage2_home_items=112.485529 peer_stage2_home_max_queue=47 peer_stage2_home_response_queue_drops=0 peer_stage2_home_response_send_wait_ms=17104.007118 avg_peer_stage2_home_queue_wait_us=90.992707 avg_peer_stage2_home_execution_us=77.038384 peer_stage1_release_deferred_batches=141 peer_stage1_release_deferred_items=230 peer_stage1_duplicate_retry_responses=0 peer_stage1_admission_retry_responses=0 peer_stage1_retry_response_drops=0 peer_stage1_admission_waiters=0 peer_stage1_admission_waiter_items=0 peer_stage1_admission_owned_items=0 peer_stage1_admission_wake_coverage=0 peer_stage1_admission_parked=0 peer_stage1_admission_woken=0 peer_stage1_admission_reparked=0 peer_stage1_max_admission_waiters=0 peer_stage1_duplicate_coalesced=38 peer_reverse_enqueued=26923 peer_reverse_processed=26923 peer_reverse_remaining=0 peer_reverse_items_enqueued=477924 peer_reverse_items_processed=477924 peer_reverse_rate_per_sec=1493.115662 peer_reverse_failed=52 peer_reverse_max_queue=71 reclaim_pending=2352 reclaim_reused=10727 dynamic_high_watermark=20038098688 stage2_remaining=0 cleanup_remaining=0 active_contexts=0 active_context_limit=48 repair_remaining=0 remaining=0
[STATUS]: storage-owner maintenance observation: enqueued=56381 stage2_enqueued=56381 cleanup_enqueued=0 stage2_tasks_done=56381 stage2_finalized_live=56381 cleanup_processed=0 stale=0 stage2_completion_ratio=1.000000 live_stage2_completion_ratio=1.000000 avg_stage2_delay_ms=37789.788880 p99_stage2_delay_upper_ms=30000.000000 p99_stage2_delay_over_30s=true stage2_delay_histogram=0,0,0,0,0,1,21,14,95,212,269,425,729,349,707,1938,13407,38214 max_stage2_delay_ms=67925.253809 compaction_batch_target=32 compaction_max_delay_ms=25.000000 stage2_rate_per_sec=173.433277 stage1_search_budget_exhausted=0 stage2_search_budget_exhausted=0 stage2_continuations=56381 stage2_remote_frontier_items=75545453 avg_stage2_remote_frontier=1339.909775 stage2_remote_expansions=2216443 avg_stage2_remote_expansions=39.311878 stage2_scored_candidates=136862673 avg_stage2_scored_candidates=2427.460900 stage2_graph_read_waves=519353 avg_stage2_expansions_per_graph_wave=4.267700 stage2_graph_unique_reads=2305527 stage2_graph_prefetch_issued=1550172 stage2_graph_prefetch_hits=1461088 stage2_graph_prefetch_wasted=89084 stage2_graph_prefetch_promotion_ratio=0.942533 stage2_graph_issue_width_current=4 stage2_vector_read_waves=1018409 avg_stage2_scores_per_vector_wave=134.388711 stage2_vector_unique_reads=87623743 stage2_home_rpc_batches=695663 stage2_home_rpc_items=77167893 avg_stage2_home_rpc_batch=110.927120 stage2_home_score_rpc_batches=305267 stage2_home_score_rpc_items=74862366 stage2_home_score_rpc_queries=1772438 stage2_home_score_rpc_request_bytes=1993594016 stage2_home_score_rpc_response_bytes=2409554016 avg_stage2_home_score_queries_per_rpc=5.806189 avg_stage2_home_score_rpc_batch=245.235699 stage2_home_scored_neighbors=124098027 home_scores_per_expansion=1.608156 stage2_migrations=13079 home_match_rate=0.768025 stage2_final_edges=1930677 stage2_cross_edges_stage1_home=565805 stage2_cross_edges_final_home=292983 cross_edge_reduction_ratio=0.482184 failed=0 rpc_timeouts=0 reverse_aggregate_batches=0 reverse_aggregate_logical_requests=0 reverse_aggregate_ops=0 avg_reverse_aggregate_logicals=0.000000 avg_reverse_aggregate_ops=0.000000 max_backlog=30431 admission_window=65536 completion_outstanding=0 completion_incomplete=0 completed_behind_hole=0 completion_logical_full_failures=0 completion_physical_full_failures=0 pressure_yields=2250542 stage2_batches=7072 avg_stage2_batch_size=7.972426 packing_target_batch=8 packing_admit_queue_avg=14973.056420 packing_admit_queue_max=30431 packing_batch_1_7=50 packing_batch_8=7022 packing_assembly_batches=7072 packing_assembly_wait_ms=259863707.982190 packing_arrival_interval_us=25000 packing_waited_batches=50 packing_wait_ms=1000.893000 packing_target_flushes=7022 packing_deadline_flushes=50 packing_cleanup_flushes=0 stage2_phase_search_attempts=7072 stage2_phase_search_task_attempts=56381 stage2_phase_search_elapsed_ms=5668107.302692 avg_stage2_phase_search_us_per_task=100532.223669 stage2_phase_freeze_prune_attempts=9431 stage2_phase_freeze_prune_task_attempts=75242 stage2_phase_freeze_prune_elapsed_ms=198635.187984 avg_stage2_phase_freeze_prune_us_per_task=2639.950931 stage2_phase_reverse_prepare_attempts=7072 stage2_phase_reverse_prepare_task_attempts=56381 stage2_phase_reverse_prepare_elapsed_ms=495170.572376 avg_stage2_phase_reverse_prepare_us_per_task=8782.578748 stage2_phase_placement_authority_attempts=7072 stage2_phase_placement_authority_task_attempts=56381 stage2_phase_placement_authority_elapsed_ms=150942.923945 avg_stage2_phase_placement_authority_us_per_task=2677.194870 stage2_phase_completion_handoff_attempts=7072 stage2_phase_completion_handoff_task_attempts=56381 stage2_phase_completion_handoff_elapsed_ms=14.535455 avg_stage2_phase_completion_handoff_us_per_task=0.257808 stage2_phase_finalize_attempts=7072 stage2_phase_finalize_task_attempts=56381 stage2_phase_finalize_elapsed_ms=78.549132 avg_stage2_phase_finalize_us_per_task=1.393184 maintenance_worker_idle_waits=1845568 maintenance_worker_idle_ms=1852550.556983 maintenance_lost_wake_avoided=614310 maintenance_targeted_wakes=7868125 maintenance_generic_wakes=28254 maintenance_broadcast_wakes=0 maintenance_context_slots_scanned=28104768 maintenance_ready_notifications=2239551 maintenance_ready_stale_notifications=89 maintenance_ready_tickets_drained=1736378 maintenance_ready_overflow_scans=0 maintenance_ready_fallback_scans=1756830 stage2_search_lane_lease_limit=32 stage2_search_lane_lease_peak=32 stage2_search_lane_lease_blocked=165008 maintenance_worker_observed_idle_ratio=0.712328 maintenance_worker_observed_busy_ratio=0.287672 physical_stage1_items=56381 physical_stage1_total_ns=245730808869 physical_stage1_search_ns=230607702331 physical_stage1_prune_ns=7822802622 physical_stage1_allocate_write_ns=5470726359 physical_stage1_backlink_ns=1180457011 physical_stage1_candidates=7210323 physical_stage1_remote_frontier_items=75545453 physical_stage1_neighbors=1779763 peer_stage1_enqueued=43152 peer_stage1_processed=43152 peer_stage1_items=90400 avg_peer_stage1_items=2.094920 peer_stage1_rate_per_sec=278.078932 peer_stage1_max_queue=47 peer_stage1_active_workers=0 peer_stage2_home_enqueued=571680 peer_stage2_home_processed=571680 peer_stage2_home_items=64305727 avg_peer_stage2_home_items=112.485529 peer_stage2_home_max_queue=47 peer_stage2_home_response_queue_drops=0 peer_stage2_home_response_send_wait_ms=17104.007118 avg_peer_stage2_home_queue_wait_us=90.992707 avg_peer_stage2_home_execution_us=77.038384 peer_stage1_release_deferred_batches=141 peer_stage1_release_deferred_items=230 peer_stage1_duplicate_retry_responses=0 peer_stage1_admission_retry_responses=0 peer_stage1_retry_response_drops=0 peer_stage1_admission_waiters=0 peer_stage1_admission_waiter_items=0 peer_stage1_admission_owned_items=0 peer_stage1_admission_wake_coverage=0 peer_stage1_admission_parked=0 peer_stage1_admission_woken=0 peer_stage1_admission_reparked=0 peer_stage1_max_admission_waiters=0 peer_stage1_duplicate_coalesced=38 peer_reverse_enqueued=26923 peer_reverse_processed=26923 peer_reverse_remaining=0 peer_reverse_items_enqueued=477924 peer_reverse_items_processed=477924 peer_reverse_rate_per_sec=1470.139332 peer_reverse_failed=52 peer_reverse_max_queue=71 reclaim_pending=2352 reclaim_reused=10727 dynamic_high_watermark=20038098688 stage2_remaining=0 cleanup_remaining=0 active_contexts=0 active_context_limit=48 repair_remaining=0 remaining=0
[STATUS]: storage-owner maintenance observation: enqueued=56381 stage2_enqueued=56381 cleanup_enqueued=0 stage2_tasks_done=56381 stage2_finalized_live=56381 cleanup_processed=0 stale=0 stage2_completion_ratio=1.000000 live_stage2_completion_ratio=1.000000 avg_stage2_delay_ms=37789.788880 p99_stage2_delay_upper_ms=30000.000000 p99_stage2_delay_over_30s=true stage2_delay_histogram=0,0,0,0,0,1,21,14,95,212,269,425,729,349,707,1938,13407,38214 max_stage2_delay_ms=67925.253809 compaction_batch_target=32 compaction_max_delay_ms=25.000000 stage2_rate_per_sec=170.805518 stage1_search_budget_exhausted=0 stage2_search_budget_exhausted=0 stage2_continuations=56381 stage2_remote_frontier_items=75545453 avg_stage2_remote_frontier=1339.909775 stage2_remote_expansions=2216443 avg_stage2_remote_expansions=39.311878 stage2_scored_candidates=136862673 avg_stage2_scored_candidates=2427.460900 stage2_graph_read_waves=519353 avg_stage2_expansions_per_graph_wave=4.267700 stage2_graph_unique_reads=2305527 stage2_graph_prefetch_issued=1550172 stage2_graph_prefetch_hits=1461088 stage2_graph_prefetch_wasted=89084 stage2_graph_prefetch_promotion_ratio=0.942533 stage2_graph_issue_width_current=4 stage2_vector_read_waves=1018409 avg_stage2_scores_per_vector_wave=134.388711 stage2_vector_unique_reads=87623743 stage2_home_rpc_batches=695663 stage2_home_rpc_items=77167893 avg_stage2_home_rpc_batch=110.927120 stage2_home_score_rpc_batches=305267 stage2_home_score_rpc_items=74862366 stage2_home_score_rpc_queries=1772438 stage2_home_score_rpc_request_bytes=1993594016 stage2_home_score_rpc_response_bytes=2409554016 avg_stage2_home_score_queries_per_rpc=5.806189 avg_stage2_home_score_rpc_batch=245.235699 stage2_home_scored_neighbors=124098027 home_scores_per_expansion=1.608156 stage2_migrations=13079 home_match_rate=0.768025 stage2_final_edges=1930677 stage2_cross_edges_stage1_home=565805 stage2_cross_edges_final_home=292983 cross_edge_reduction_ratio=0.482184 failed=0 rpc_timeouts=0 reverse_aggregate_batches=0 reverse_aggregate_logical_requests=0 reverse_aggregate_ops=0 avg_reverse_aggregate_logicals=0.000000 avg_reverse_aggregate_ops=0.000000 max_backlog=30431 admission_window=65536 completion_outstanding=0 completion_incomplete=0 completed_behind_hole=0 completion_logical_full_failures=0 completion_physical_full_failures=0 pressure_yields=2250542 stage2_batches=7072 avg_stage2_batch_size=7.972426 packing_target_batch=8 packing_admit_queue_avg=14973.056420 packing_admit_queue_max=30431 packing_batch_1_7=50 packing_batch_8=7022 packing_assembly_batches=7072 packing_assembly_wait_ms=259863707.982190 packing_arrival_interval_us=25000 packing_waited_batches=50 packing_wait_ms=1000.893000 packing_target_flushes=7022 packing_deadline_flushes=50 packing_cleanup_flushes=0 stage2_phase_search_attempts=7072 stage2_phase_search_task_attempts=56381 stage2_phase_search_elapsed_ms=5668107.302692 avg_stage2_phase_search_us_per_task=100532.223669 stage2_phase_freeze_prune_attempts=9431 stage2_phase_freeze_prune_task_attempts=75242 stage2_phase_freeze_prune_elapsed_ms=198635.187984 avg_stage2_phase_freeze_prune_us_per_task=2639.950931 stage2_phase_reverse_prepare_attempts=7072 stage2_phase_reverse_prepare_task_attempts=56381 stage2_phase_reverse_prepare_elapsed_ms=495170.572376 avg_stage2_phase_reverse_prepare_us_per_task=8782.578748 stage2_phase_placement_authority_attempts=7072 stage2_phase_placement_authority_task_attempts=56381 stage2_phase_placement_authority_elapsed_ms=150942.923945 avg_stage2_phase_placement_authority_us_per_task=2677.194870 stage2_phase_completion_handoff_attempts=7072 stage2_phase_completion_handoff_task_attempts=56381 stage2_phase_completion_handoff_elapsed_ms=14.535455 avg_stage2_phase_completion_handoff_us_per_task=0.257808 stage2_phase_finalize_attempts=7072 stage2_phase_finalize_task_attempts=56381 stage2_phase_finalize_elapsed_ms=78.549132 avg_stage2_phase_finalize_us_per_task=1.393184 maintenance_worker_idle_waits=1849536 maintenance_worker_idle_ms=1892462.548803 maintenance_lost_wake_avoided=614310 maintenance_targeted_wakes=7868125 maintenance_generic_wakes=28254 maintenance_broadcast_wakes=0 maintenance_context_slots_scanned=28168256 maintenance_ready_notifications=2239551 maintenance_ready_stale_notifications=89 maintenance_ready_tickets_drained=1736378 maintenance_ready_overflow_scans=0 maintenance_ready_fallback_scans=1760806 stage2_search_lane_lease_limit=32 stage2_search_lane_lease_peak=32 stage2_search_lane_lease_blocked=165008 maintenance_worker_observed_idle_ratio=0.716649 maintenance_worker_observed_busy_ratio=0.283351 physical_stage1_items=56381 physical_stage1_total_ns=245730808869 physical_stage1_search_ns=230607702331 physical_stage1_prune_ns=7822802622 physical_stage1_allocate_write_ns=5470726359 physical_stage1_backlink_ns=1180457011 physical_stage1_candidates=7210323 physical_stage1_remote_frontier_items=75545453 physical_stage1_neighbors=1779763 peer_stage1_enqueued=43152 peer_stage1_processed=43152 peer_stage1_items=90400 avg_peer_stage1_items=2.094920 peer_stage1_rate_per_sec=273.865643 peer_stage1_max_queue=47 peer_stage1_active_workers=0 peer_stage2_home_enqueued=571680 peer_stage2_home_processed=571680 peer_stage2_home_items=64305727 avg_peer_stage2_home_items=112.485529 peer_stage2_home_max_queue=47 peer_stage2_home_response_queue_drops=0 peer_stage2_home_response_send_wait_ms=17104.007118 avg_peer_stage2_home_queue_wait_us=90.992707 avg_peer_stage2_home_execution_us=77.038384 peer_stage1_release_deferred_batches=141 peer_stage1_release_deferred_items=230 peer_stage1_duplicate_retry_responses=0 peer_stage1_admission_retry_responses=0 peer_stage1_retry_response_drops=0 peer_stage1_admission_waiters=0 peer_stage1_admission_waiter_items=0 peer_stage1_admission_owned_items=0 peer_stage1_admission_wake_coverage=0 peer_stage1_admission_parked=0 peer_stage1_admission_woken=0 peer_stage1_admission_reparked=0 peer_stage1_max_admission_waiters=0 peer_stage1_duplicate_coalesced=38 peer_reverse_enqueued=26923 peer_reverse_processed=26923 peer_reverse_remaining=0 peer_reverse_items_enqueued=477924 peer_reverse_items_processed=477924 peer_reverse_rate_per_sec=1447.864640 peer_reverse_failed=52 peer_reverse_max_queue=71 reclaim_pending=2352 reclaim_reused=10727 dynamic_high_watermark=20038098688 stage2_remaining=0 cleanup_remaining=0 active_contexts=0 active_context_limit=48 repair_remaining=0 remaining=0
[STATUS]: storage-owner maintenance observation: enqueued=56381 stage2_enqueued=56381 cleanup_enqueued=0 stage2_tasks_done=56381 stage2_finalized_live=56381 cleanup_processed=0 stale=0 stage2_completion_ratio=1.000000 live_stage2_completion_ratio=1.000000 avg_stage2_delay_ms=37789.788880 p99_stage2_delay_upper_ms=30000.000000 p99_stage2_delay_over_30s=true stage2_delay_histogram=0,0,0,0,0,1,21,14,95,212,269,425,729,349,707,1938,13407,38214 max_stage2_delay_ms=67925.253809 compaction_batch_target=32 compaction_max_delay_ms=25.000000 stage2_rate_per_sec=168.256199 stage1_search_budget_exhausted=0 stage2_search_budget_exhausted=0 stage2_continuations=56381 stage2_remote_frontier_items=75545453 avg_stage2_remote_frontier=1339.909775 stage2_remote_expansions=2216443 avg_stage2_remote_expansions=39.311878 stage2_scored_candidates=136862673 avg_stage2_scored_candidates=2427.460900 stage2_graph_read_waves=519353 avg_stage2_expansions_per_graph_wave=4.267700 stage2_graph_unique_reads=2305527 stage2_graph_prefetch_issued=1550172 stage2_graph_prefetch_hits=1461088 stage2_graph_prefetch_wasted=89084 stage2_graph_prefetch_promotion_ratio=0.942533 stage2_graph_issue_width_current=4 stage2_vector_read_waves=1018409 avg_stage2_scores_per_vector_wave=134.388711 stage2_vector_unique_reads=87623743 stage2_home_rpc_batches=695663 stage2_home_rpc_items=77167893 avg_stage2_home_rpc_batch=110.927120 stage2_home_score_rpc_batches=305267 stage2_home_score_rpc_items=74862366 stage2_home_score_rpc_queries=1772438 stage2_home_score_rpc_request_bytes=1993594016 stage2_home_score_rpc_response_bytes=2409554016 avg_stage2_home_score_queries_per_rpc=5.806189 avg_stage2_home_score_rpc_batch=245.235699 stage2_home_scored_neighbors=124098027 home_scores_per_expansion=1.608156 stage2_migrations=13079 home_match_rate=0.768025 stage2_final_edges=1930677 stage2_cross_edges_stage1_home=565805 stage2_cross_edges_final_home=292983 cross_edge_reduction_ratio=0.482184 failed=0 rpc_timeouts=0 reverse_aggregate_batches=0 reverse_aggregate_logical_requests=0 reverse_aggregate_ops=0 avg_reverse_aggregate_logicals=0.000000 avg_reverse_aggregate_ops=0.000000 max_backlog=30431 admission_window=65536 completion_outstanding=0 completion_incomplete=0 completed_behind_hole=0 completion_logical_full_failures=0 completion_physical_full_failures=0 pressure_yields=2250542 stage2_batches=7072 avg_stage2_batch_size=7.972426 packing_target_batch=8 packing_admit_queue_avg=14973.056420 packing_admit_queue_max=30431 packing_batch_1_7=50 packing_batch_8=7022 packing_assembly_batches=7072 packing_assembly_wait_ms=259863707.982190 packing_arrival_interval_us=25000 packing_waited_batches=50 packing_wait_ms=1000.893000 packing_target_flushes=7022 packing_deadline_flushes=50 packing_cleanup_flushes=0 stage2_phase_search_attempts=7072 stage2_phase_search_task_attempts=56381 stage2_phase_search_elapsed_ms=5668107.302692 avg_stage2_phase_search_us_per_task=100532.223669 stage2_phase_freeze_prune_attempts=9431 stage2_phase_freeze_prune_task_attempts=75242 stage2_phase_freeze_prune_elapsed_ms=198635.187984 avg_stage2_phase_freeze_prune_us_per_task=2639.950931 stage2_phase_reverse_prepare_attempts=7072 stage2_phase_reverse_prepare_task_attempts=56381 stage2_phase_reverse_prepare_elapsed_ms=495170.572376 avg_stage2_phase_reverse_prepare_us_per_task=8782.578748 stage2_phase_placement_authority_attempts=7072 stage2_phase_placement_authority_task_attempts=56381 stage2_phase_placement_authority_elapsed_ms=150942.923945 avg_stage2_phase_placement_authority_us_per_task=2677.194870 stage2_phase_completion_handoff_attempts=7072 stage2_phase_completion_handoff_task_attempts=56381 stage2_phase_completion_handoff_elapsed_ms=14.535455 avg_stage2_phase_completion_handoff_us_per_task=0.257808 stage2_phase_finalize_attempts=7072 stage2_phase_finalize_task_attempts=56381 stage2_phase_finalize_elapsed_ms=78.549132 avg_stage2_phase_finalize_us_per_task=1.393184 maintenance_worker_idle_waits=1853568 maintenance_worker_idle_ms=1933018.500613 maintenance_lost_wake_avoided=614310 maintenance_targeted_wakes=7868125 maintenance_generic_wakes=28254 maintenance_broadcast_wakes=0 maintenance_context_slots_scanned=28232768 maintenance_ready_notifications=2239551 maintenance_ready_stale_notifications=89 maintenance_ready_tickets_drained=1736378 maintenance_ready_overflow_scans=0 maintenance_ready_fallback_scans=1764784 stage2_search_lane_lease_limit=32 stage2_search_lane_lease_peak=32 stage2_search_lane_lease_blocked=165008 maintenance_worker_observed_idle_ratio=0.721081 maintenance_worker_observed_busy_ratio=0.278919 physical_stage1_items=56381 physical_stage1_total_ns=245730808869 physical_stage1_search_ns=230607702331 physical_stage1_prune_ns=7822802622 physical_stage1_allocate_write_ns=5470726359 physical_stage1_backlink_ns=1180457011 physical_stage1_candidates=7210323 physical_stage1_remote_frontier_items=75545453 physical_stage1_neighbors=1779763 peer_stage1_enqueued=43152 peer_stage1_processed=43152 peer_stage1_items=90400 avg_peer_stage1_items=2.094920 peer_stage1_rate_per_sec=269.778123 peer_stage1_max_queue=47 peer_stage1_active_workers=0 peer_stage2_home_enqueued=571680 peer_stage2_home_processed=571680 peer_stage2_home_items=64305727 avg_peer_stage2_home_items=112.485529 peer_stage2_home_max_queue=47 peer_stage2_home_response_queue_drops=0 peer_stage2_home_response_send_wait_ms=17104.007118 avg_peer_stage2_home_queue_wait_us=90.992707 avg_peer_stage2_home_execution_us=77.038384 peer_stage1_release_deferred_batches=141 peer_stage1_release_deferred_items=230 peer_stage1_duplicate_retry_responses=0 peer_stage1_admission_retry_responses=0 peer_stage1_retry_response_drops=0 peer_stage1_admission_waiters=0 peer_stage1_admission_waiter_items=0 peer_stage1_admission_owned_items=0 peer_stage1_admission_wake_coverage=0 peer_stage1_admission_parked=0 peer_stage1_admission_woken=0 peer_stage1_admission_reparked=0 peer_stage1_max_admission_waiters=0 peer_stage1_duplicate_coalesced=38 peer_reverse_enqueued=26923 peer_reverse_processed=26923 peer_reverse_remaining=0 peer_reverse_items_enqueued=477924 peer_reverse_items_processed=477924 peer_reverse_rate_per_sec=1426.254864 peer_reverse_failed=52 peer_reverse_max_queue=71 reclaim_pending=2352 reclaim_reused=10727 dynamic_high_watermark=20038098688 stage2_remaining=0 cleanup_remaining=0 active_contexts=0 active_context_limit=48 repair_remaining=0 remaining=0
[STATUS]: storage-owner maintenance observation: enqueued=56381 stage2_enqueued=56381 cleanup_enqueued=0 stage2_tasks_done=56381 stage2_finalized_live=56381 cleanup_processed=0 stale=0 stage2_completion_ratio=1.000000 live_stage2_completion_ratio=1.000000 avg_stage2_delay_ms=37789.788880 p99_stage2_delay_upper_ms=30000.000000 p99_stage2_delay_over_30s=true stage2_delay_histogram=0,0,0,0,0,1,21,14,95,212,269,425,729,349,707,1938,13407,38214 max_stage2_delay_ms=67925.253809 compaction_batch_target=32 compaction_max_delay_ms=25.000000 stage2_rate_per_sec=165.782147 stage1_search_budget_exhausted=0 stage2_search_budget_exhausted=0 stage2_continuations=56381 stage2_remote_frontier_items=75545453 avg_stage2_remote_frontier=1339.909775 stage2_remote_expansions=2216443 avg_stage2_remote_expansions=39.311878 stage2_scored_candidates=136862673 avg_stage2_scored_candidates=2427.460900 stage2_graph_read_waves=519353 avg_stage2_expansions_per_graph_wave=4.267700 stage2_graph_unique_reads=2305527 stage2_graph_prefetch_issued=1550172 stage2_graph_prefetch_hits=1461088 stage2_graph_prefetch_wasted=89084 stage2_graph_prefetch_promotion_ratio=0.942533 stage2_graph_issue_width_current=4 stage2_vector_read_waves=1018409 avg_stage2_scores_per_vector_wave=134.388711 stage2_vector_unique_reads=87623743 stage2_home_rpc_batches=695663 stage2_home_rpc_items=77167893 avg_stage2_home_rpc_batch=110.927120 stage2_home_score_rpc_batches=305267 stage2_home_score_rpc_items=74862366 stage2_home_score_rpc_queries=1772438 stage2_home_score_rpc_request_bytes=1993594016 stage2_home_score_rpc_response_bytes=2409554016 avg_stage2_home_score_queries_per_rpc=5.806189 avg_stage2_home_score_rpc_batch=245.235699 stage2_home_scored_neighbors=124098027 home_scores_per_expansion=1.608156 stage2_migrations=13079 home_match_rate=0.768025 stage2_final_edges=1930677 stage2_cross_edges_stage1_home=565805 stage2_cross_edges_final_home=292983 cross_edge_reduction_ratio=0.482184 failed=0 rpc_timeouts=0 reverse_aggregate_batches=0 reverse_aggregate_logical_requests=0 reverse_aggregate_ops=0 avg_reverse_aggregate_logicals=0.000000 avg_reverse_aggregate_ops=0.000000 max_backlog=30431 admission_window=65536 completion_outstanding=0 completion_incomplete=0 completed_behind_hole=0 completion_logical_full_failures=0 completion_physical_full_failures=0 pressure_yields=2250542 stage2_batches=7072 avg_stage2_batch_size=7.972426 packing_target_batch=8 packing_admit_queue_avg=14973.056420 packing_admit_queue_max=30431 packing_batch_1_7=50 packing_batch_8=7022 packing_assembly_batches=7072 packing_assembly_wait_ms=259863707.982190 packing_arrival_interval_us=25000 packing_waited_batches=50 packing_wait_ms=1000.893000 packing_target_flushes=7022 packing_deadline_flushes=50 packing_cleanup_flushes=0 stage2_phase_search_attempts=7072 stage2_phase_search_task_attempts=56381 stage2_phase_search_elapsed_ms=5668107.302692 avg_stage2_phase_search_us_per_task=100532.223669 stage2_phase_freeze_prune_attempts=9431 stage2_phase_freeze_prune_task_attempts=75242 stage2_phase_freeze_prune_elapsed_ms=198635.187984 avg_stage2_phase_freeze_prune_us_per_task=2639.950931 stage2_phase_reverse_prepare_attempts=7072 stage2_phase_reverse_prepare_task_attempts=56381 stage2_phase_reverse_prepare_elapsed_ms=495170.572376 avg_stage2_phase_reverse_prepare_us_per_task=8782.578748 stage2_phase_placement_authority_attempts=7072 stage2_phase_placement_authority_task_attempts=56381 stage2_phase_placement_authority_elapsed_ms=150942.923945 avg_stage2_phase_placement_authority_us_per_task=2677.194870 stage2_phase_completion_handoff_attempts=7072 stage2_phase_completion_handoff_task_attempts=56381 stage2_phase_completion_handoff_elapsed_ms=14.535455 avg_stage2_phase_completion_handoff_us_per_task=0.257808 stage2_phase_finalize_attempts=7072 stage2_phase_finalize_task_attempts=56381 stage2_phase_finalize_elapsed_ms=78.549132 avg_stage2_phase_finalize_us_per_task=1.393184 maintenance_worker_idle_waits=1857536 maintenance_worker_idle_ms=1972930.639836 maintenance_lost_wake_avoided=614310 maintenance_targeted_wakes=7868125 maintenance_generic_wakes=28254 maintenance_broadcast_wakes=0 maintenance_context_slots_scanned=28296256 maintenance_ready_notifications=2239551 maintenance_ready_stale_notifications=89 maintenance_ready_tickets_drained=1736378 maintenance_ready_overflow_scans=0 maintenance_ready_fallback_scans=1768759 stage2_search_lane_lease_limit=32 stage2_search_lane_lease_peak=32 stage2_search_lane_lease_blocked=165008 maintenance_worker_observed_idle_ratio=0.725148 maintenance_worker_observed_busy_ratio=0.274852 physical_stage1_items=56381 physical_stage1_total_ns=245730808869 physical_stage1_search_ns=230607702331 physical_stage1_prune_ns=7822802622 physical_stage1_allocate_write_ns=5470726359 physical_stage1_backlink_ns=1180457011 physical_stage1_candidates=7210323 physical_stage1_remote_frontier_items=75545453 physical_stage1_neighbors=1779763 peer_stage1_enqueued=43152 peer_stage1_processed=43152 peer_stage1_items=90400 avg_peer_stage1_items=2.094920 peer_stage1_rate_per_sec=265.811286 peer_stage1_max_queue=47 peer_stage1_active_workers=0 peer_stage2_home_enqueued=571680 peer_stage2_home_processed=571680 peer_stage2_home_items=64305727 avg_peer_stage2_home_items=112.485529 peer_stage2_home_max_queue=47 peer_stage2_home_response_queue_drops=0 peer_stage2_home_response_send_wait_ms=17104.007118 avg_peer_stage2_home_queue_wait_us=90.992707 avg_peer_stage2_home_execution_us=77.038384 peer_stage1_release_deferred_batches=141 peer_stage1_release_deferred_items=230 peer_stage1_duplicate_retry_responses=0 peer_stage1_admission_retry_responses=0 peer_stage1_retry_response_drops=0 peer_stage1_admission_waiters=0 peer_stage1_admission_waiter_items=0 peer_stage1_admission_owned_items=0 peer_stage1_admission_wake_coverage=0 peer_stage1_admission_parked=0 peer_stage1_admission_woken=0 peer_stage1_admission_reparked=0 peer_stage1_max_admission_waiters=0 peer_stage1_duplicate_coalesced=38 peer_reverse_enqueued=26923 peer_reverse_processed=26923 peer_reverse_remaining=0 peer_reverse_items_enqueued=477924 peer_reverse_items_processed=477924 peer_reverse_rate_per_sec=1405.283107 peer_reverse_failed=52 peer_reverse_max_queue=71 reclaim_pending=2352 reclaim_reused=10727 dynamic_high_watermark=20038098688 stage2_remaining=0 cleanup_remaining=0 active_contexts=0 active_context_limit=48 repair_remaining=0 remaining=0
[STATUS]: storage-owner maintenance observation: enqueued=56381 stage2_enqueued=56381 cleanup_enqueued=0 stage2_tasks_done=56381 stage2_finalized_live=56381 cleanup_processed=0 stale=0 stage2_completion_ratio=1.000000 live_stage2_completion_ratio=1.000000 avg_stage2_delay_ms=37789.788880 p99_stage2_delay_upper_ms=30000.000000 p99_stage2_delay_over_30s=true stage2_delay_histogram=0,0,0,0,0,1,21,14,95,212,269,425,729,349,707,1938,13407,38214 max_stage2_delay_ms=67925.253809 compaction_batch_target=32 compaction_max_delay_ms=25.000000 stage2_rate_per_sec=163.380101 stage1_search_budget_exhausted=0 stage2_search_budget_exhausted=0 stage2_continuations=56381 stage2_remote_frontier_items=75545453 avg_stage2_remote_frontier=1339.909775 stage2_remote_expansions=2216443 avg_stage2_remote_expansions=39.311878 stage2_scored_candidates=136862673 avg_stage2_scored_candidates=2427.460900 stage2_graph_read_waves=519353 avg_stage2_expansions_per_graph_wave=4.267700 stage2_graph_unique_reads=2305527 stage2_graph_prefetch_issued=1550172 stage2_graph_prefetch_hits=1461088 stage2_graph_prefetch_wasted=89084 stage2_graph_prefetch_promotion_ratio=0.942533 stage2_graph_issue_width_current=4 stage2_vector_read_waves=1018409 avg_stage2_scores_per_vector_wave=134.388711 stage2_vector_unique_reads=87623743 stage2_home_rpc_batches=695663 stage2_home_rpc_items=77167893 avg_stage2_home_rpc_batch=110.927120 stage2_home_score_rpc_batches=305267 stage2_home_score_rpc_items=74862366 stage2_home_score_rpc_queries=1772438 stage2_home_score_rpc_request_bytes=1993594016 stage2_home_score_rpc_response_bytes=2409554016 avg_stage2_home_score_queries_per_rpc=5.806189 avg_stage2_home_score_rpc_batch=245.235699 stage2_home_scored_neighbors=124098027 home_scores_per_expansion=1.608156 stage2_migrations=13079 home_match_rate=0.768025 stage2_final_edges=1930677 stage2_cross_edges_stage1_home=565805 stage2_cross_edges_final_home=292983 cross_edge_reduction_ratio=0.482184 failed=0 rpc_timeouts=0 reverse_aggregate_batches=0 reverse_aggregate_logical_requests=0 reverse_aggregate_ops=0 avg_reverse_aggregate_logicals=0.000000 avg_reverse_aggregate_ops=0.000000 max_backlog=30431 admission_window=65536 completion_outstanding=0 completion_incomplete=0 completed_behind_hole=0 completion_logical_full_failures=0 completion_physical_full_failures=0 pressure_yields=2250542 stage2_batches=7072 avg_stage2_batch_size=7.972426 packing_target_batch=8 packing_admit_queue_avg=14973.056420 packing_admit_queue_max=30431 packing_batch_1_7=50 packing_batch_8=7022 packing_assembly_batches=7072 packing_assembly_wait_ms=259863707.982190 packing_arrival_interval_us=25000 packing_waited_batches=50 packing_wait_ms=1000.893000 packing_target_flushes=7022 packing_deadline_flushes=50 packing_cleanup_flushes=0 stage2_phase_search_attempts=7072 stage2_phase_search_task_attempts=56381 stage2_phase_search_elapsed_ms=5668107.302692 avg_stage2_phase_search_us_per_task=100532.223669 stage2_phase_freeze_prune_attempts=9431 stage2_phase_freeze_prune_task_attempts=75242 stage2_phase_freeze_prune_elapsed_ms=198635.187984 avg_stage2_phase_freeze_prune_us_per_task=2639.950931 stage2_phase_reverse_prepare_attempts=7072 stage2_phase_reverse_prepare_task_attempts=56381 stage2_phase_reverse_prepare_elapsed_ms=495170.572376 avg_stage2_phase_reverse_prepare_us_per_task=8782.578748 stage2_phase_placement_authority_attempts=7072 stage2_phase_placement_authority_task_attempts=56381 stage2_phase_placement_authority_elapsed_ms=150942.923945 avg_stage2_phase_placement_authority_us_per_task=2677.194870 stage2_phase_completion_handoff_attempts=7072 stage2_phase_completion_handoff_task_attempts=56381 stage2_phase_completion_handoff_elapsed_ms=14.535455 avg_stage2_phase_completion_handoff_us_per_task=0.257808 stage2_phase_finalize_attempts=7072 stage2_phase_finalize_task_attempts=56381 stage2_phase_finalize_elapsed_ms=78.549132 avg_stage2_phase_finalize_us_per_task=1.393184 maintenance_worker_idle_waits=1861504 maintenance_worker_idle_ms=2012842.597251 maintenance_lost_wake_avoided=614310 maintenance_targeted_wakes=7868125 maintenance_generic_wakes=28254 maintenance_broadcast_wakes=0 maintenance_context_slots_scanned=28359744 maintenance_ready_notifications=2239551 maintenance_ready_stale_notifications=89 maintenance_ready_tickets_drained=1736378 maintenance_ready_overflow_scans=0 maintenance_ready_fallback_scans=1772733 stage2_search_lane_lease_limit=32 stage2_search_lane_lease_peak=32 stage2_search_lane_lease_blocked=165008 maintenance_worker_observed_idle_ratio=0.729099 maintenance_worker_observed_busy_ratio=0.270901 physical_stage1_items=56381 physical_stage1_total_ns=245730808869 physical_stage1_search_ns=230607702331 physical_stage1_prune_ns=7822802622 physical_stage1_allocate_write_ns=5470726359 physical_stage1_backlink_ns=1180457011 physical_stage1_candidates=7210323 physical_stage1_remote_frontier_items=75545453 physical_stage1_neighbors=1779763 peer_stage1_enqueued=43152 peer_stage1_processed=43152 peer_stage1_items=90400 avg_peer_stage1_items=2.094920 peer_stage1_rate_per_sec=261.959900 peer_stage1_max_queue=47 peer_stage1_active_workers=0 peer_stage2_home_enqueued=571680 peer_stage2_home_processed=571680 peer_stage2_home_items=64305727 avg_peer_stage2_home_items=112.485529 peer_stage2_home_max_queue=47 peer_stage2_home_response_queue_drops=0 peer_stage2_home_response_send_wait_ms=17104.007118 avg_peer_stage2_home_queue_wait_us=90.992707 avg_peer_stage2_home_execution_us=77.038384 peer_stage1_release_deferred_batches=141 peer_stage1_release_deferred_items=230 peer_stage1_duplicate_retry_responses=0 peer_stage1_admission_retry_responses=0 peer_stage1_retry_response_drops=0 peer_stage1_admission_waiters=0 peer_stage1_admission_waiter_items=0 peer_stage1_admission_owned_items=0 peer_stage1_admission_wake_coverage=0 peer_stage1_admission_parked=0 peer_stage1_admission_woken=0 peer_stage1_admission_reparked=0 peer_stage1_max_admission_waiters=0 peer_stage1_duplicate_coalesced=38 peer_reverse_enqueued=26923 peer_reverse_processed=26923 peer_reverse_remaining=0 peer_reverse_items_enqueued=477924 peer_reverse_items_processed=477924 peer_reverse_rate_per_sec=1384.921718 peer_reverse_failed=52 peer_reverse_max_queue=71 reclaim_pending=2352 reclaim_reused=10727 dynamic_high_watermark=20038098688 stage2_remaining=0 cleanup_remaining=0 active_contexts=0 active_context_limit=48 repair_remaining=0 remaining=0
[STATUS]: storage-owner maintenance observation: enqueued=56381 stage2_enqueued=56381 cleanup_enqueued=0 stage2_tasks_done=56381 stage2_finalized_live=56381 cleanup_processed=0 stale=0 stage2_completion_ratio=1.000000 live_stage2_completion_ratio=1.000000 avg_stage2_delay_ms=37789.788880 p99_stage2_delay_upper_ms=30000.000000 p99_stage2_delay_over_30s=true stage2_delay_histogram=0,0,0,0,0,1,21,14,95,212,269,425,729,349,707,1938,13407,38214 max_stage2_delay_ms=67925.253809 compaction_batch_target=32 compaction_max_delay_ms=25.000000 stage2_rate_per_sec=161.046101 stage1_search_budget_exhausted=0 stage2_search_budget_exhausted=0 stage2_continuations=56381 stage2_remote_frontier_items=75545453 avg_stage2_remote_frontier=1339.909775 stage2_remote_expansions=2216443 avg_stage2_remote_expansions=39.311878 stage2_scored_candidates=136862673 avg_stage2_scored_candidates=2427.460900 stage2_graph_read_waves=519353 avg_stage2_expansions_per_graph_wave=4.267700 stage2_graph_unique_reads=2305527 stage2_graph_prefetch_issued=1550172 stage2_graph_prefetch_hits=1461088 stage2_graph_prefetch_wasted=89084 stage2_graph_prefetch_promotion_ratio=0.942533 stage2_graph_issue_width_current=4 stage2_vector_read_waves=1018409 avg_stage2_scores_per_vector_wave=134.388711 stage2_vector_unique_reads=87623743 stage2_home_rpc_batches=695663 stage2_home_rpc_items=77167893 avg_stage2_home_rpc_batch=110.927120 stage2_home_score_rpc_batches=305267 stage2_home_score_rpc_items=74862366 stage2_home_score_rpc_queries=1772438 stage2_home_score_rpc_request_bytes=1993594016 stage2_home_score_rpc_response_bytes=2409554016 avg_stage2_home_score_queries_per_rpc=5.806189 avg_stage2_home_score_rpc_batch=245.235699 stage2_home_scored_neighbors=124098027 home_scores_per_expansion=1.608156 stage2_migrations=13079 home_match_rate=0.768025 stage2_final_edges=1930677 stage2_cross_edges_stage1_home=565805 stage2_cross_edges_final_home=292983 cross_edge_reduction_ratio=0.482184 failed=0 rpc_timeouts=0 reverse_aggregate_batches=0 reverse_aggregate_logical_requests=0 reverse_aggregate_ops=0 avg_reverse_aggregate_logicals=0.000000 avg_reverse_aggregate_ops=0.000000 max_backlog=30431 admission_window=65536 completion_outstanding=0 completion_incomplete=0 completed_behind_hole=0 completion_logical_full_failures=0 completion_physical_full_failures=0 pressure_yields=2250542 stage2_batches=7072 avg_stage2_batch_size=7.972426 packing_target_batch=8 packing_admit_queue_avg=14973.056420 packing_admit_queue_max=30431 packing_batch_1_7=50 packing_batch_8=7022 packing_assembly_batches=7072 packing_assembly_wait_ms=259863707.982190 packing_arrival_interval_us=25000 packing_waited_batches=50 packing_wait_ms=1000.893000 packing_target_flushes=7022 packing_deadline_flushes=50 packing_cleanup_flushes=0 stage2_phase_search_attempts=7072 stage2_phase_search_task_attempts=56381 stage2_phase_search_elapsed_ms=5668107.302692 avg_stage2_phase_search_us_per_task=100532.223669 stage2_phase_freeze_prune_attempts=9431 stage2_phase_freeze_prune_task_attempts=75242 stage2_phase_freeze_prune_elapsed_ms=198635.187984 avg_stage2_phase_freeze_prune_us_per_task=2639.950931 stage2_phase_reverse_prepare_attempts=7072 stage2_phase_reverse_prepare_task_attempts=56381 stage2_phase_reverse_prepare_elapsed_ms=495170.572376 avg_stage2_phase_reverse_prepare_us_per_task=8782.578748 stage2_phase_placement_authority_attempts=7072 stage2_phase_placement_authority_task_attempts=56381 stage2_phase_placement_authority_elapsed_ms=150942.923945 avg_stage2_phase_placement_authority_us_per_task=2677.194870 stage2_phase_completion_handoff_attempts=7072 stage2_phase_completion_handoff_task_attempts=56381 stage2_phase_completion_handoff_elapsed_ms=14.535455 avg_stage2_phase_completion_handoff_us_per_task=0.257808 stage2_phase_finalize_attempts=7072 stage2_phase_finalize_task_attempts=56381 stage2_phase_finalize_elapsed_ms=78.549132 avg_stage2_phase_finalize_us_per_task=1.393184 maintenance_worker_idle_waits=1865472 maintenance_worker_idle_ms=2052754.438935 maintenance_lost_wake_avoided=614310 maintenance_targeted_wakes=7868125 maintenance_generic_wakes=28254 maintenance_broadcast_wakes=0 maintenance_context_slots_scanned=28423232 maintenance_ready_notifications=2239551 maintenance_ready_stale_notifications=89 maintenance_ready_tickets_drained=1736378 maintenance_ready_overflow_scans=0 maintenance_ready_fallback_scans=1776708 stage2_search_lane_lease_limit=32 stage2_search_lane_lease_peak=32 stage2_search_lane_lease_blocked=165008 maintenance_worker_observed_idle_ratio=0.732933 maintenance_worker_observed_busy_ratio=0.267067 physical_stage1_items=56381 physical_stage1_total_ns=245730808869 physical_stage1_search_ns=230607702331 physical_stage1_prune_ns=7822802622 physical_stage1_allocate_write_ns=5470726359 physical_stage1_backlink_ns=1180457011 physical_stage1_candidates=7210323 physical_stage1_remote_frontier_items=75545453 physical_stage1_neighbors=1779763 peer_stage1_enqueued=43152 peer_stage1_processed=43152 peer_stage1_items=90400 avg_peer_stage1_items=2.094920 peer_stage1_rate_per_sec=258.217618 peer_stage1_max_queue=47 peer_stage1_active_workers=0 peer_stage2_home_enqueued=571680 peer_stage2_home_processed=571680 peer_stage2_home_items=64305727 avg_peer_stage2_home_items=112.485529 peer_stage2_home_max_queue=47 peer_stage2_home_response_queue_drops=0 peer_stage2_home_response_send_wait_ms=17104.007118 avg_peer_stage2_home_queue_wait_us=90.992707 avg_peer_stage2_home_execution_us=77.038384 peer_stage1_release_deferred_batches=141 peer_stage1_release_deferred_items=230 peer_stage1_duplicate_retry_responses=0 peer_stage1_admission_retry_responses=0 peer_stage1_retry_response_drops=0 peer_stage1_admission_waiters=0 peer_stage1_admission_waiter_items=0 peer_stage1_admission_owned_items=0 peer_stage1_admission_wake_coverage=0 peer_stage1_admission_parked=0 peer_stage1_admission_woken=0 peer_stage1_admission_reparked=0 peer_stage1_max_admission_waiters=0 peer_stage1_duplicate_coalesced=38 peer_reverse_enqueued=26923 peer_reverse_processed=26923 peer_reverse_remaining=0 peer_reverse_items_enqueued=477924 peer_reverse_items_processed=477924 peer_reverse_rate_per_sec=1365.137132 peer_reverse_failed=52 peer_reverse_max_queue=71 reclaim_pending=2352 reclaim_reused=10727 dynamic_high_watermark=20038098688 stage2_remaining=0 cleanup_remaining=0 active_contexts=0 active_context_limit=48 repair_remaining=0 remaining=0
[STATUS]: storage-owner maintenance observation: enqueued=56381 stage2_enqueued=56381 cleanup_enqueued=0 stage2_tasks_done=56381 stage2_finalized_live=56381 cleanup_processed=0 stale=0 stage2_completion_ratio=1.000000 live_stage2_completion_ratio=1.000000 avg_stage2_delay_ms=37789.788880 p99_stage2_delay_upper_ms=30000.000000 p99_stage2_delay_over_30s=true stage2_delay_histogram=0,0,0,0,0,1,21,14,95,212,269,425,729,349,707,1938,13407,38214 max_stage2_delay_ms=67925.253809 compaction_batch_target=32 compaction_max_delay_ms=25.000000 stage2_rate_per_sec=158.777789 stage1_search_budget_exhausted=0 stage2_search_budget_exhausted=0 stage2_continuations=56381 stage2_remote_frontier_items=75545453 avg_stage2_remote_frontier=1339.909775 stage2_remote_expansions=2216443 avg_stage2_remote_expansions=39.311878 stage2_scored_candidates=136862673 avg_stage2_scored_candidates=2427.460900 stage2_graph_read_waves=519353 avg_stage2_expansions_per_graph_wave=4.267700 stage2_graph_unique_reads=2305527 stage2_graph_prefetch_issued=1550172 stage2_graph_prefetch_hits=1461088 stage2_graph_prefetch_wasted=89084 stage2_graph_prefetch_promotion_ratio=0.942533 stage2_graph_issue_width_current=4 stage2_vector_read_waves=1018409 avg_stage2_scores_per_vector_wave=134.388711 stage2_vector_unique_reads=87623743 stage2_home_rpc_batches=695663 stage2_home_rpc_items=77167893 avg_stage2_home_rpc_batch=110.927120 stage2_home_score_rpc_batches=305267 stage2_home_score_rpc_items=74862366 stage2_home_score_rpc_queries=1772438 stage2_home_score_rpc_request_bytes=1993594016 stage2_home_score_rpc_response_bytes=2409554016 avg_stage2_home_score_queries_per_rpc=5.806189 avg_stage2_home_score_rpc_batch=245.235699 stage2_home_scored_neighbors=124098027 home_scores_per_expansion=1.608156 stage2_migrations=13079 home_match_rate=0.768025 stage2_final_edges=1930677 stage2_cross_edges_stage1_home=565805 stage2_cross_edges_final_home=292983 cross_edge_reduction_ratio=0.482184 failed=0 rpc_timeouts=0 reverse_aggregate_batches=0 reverse_aggregate_logical_requests=0 reverse_aggregate_ops=0 avg_reverse_aggregate_logicals=0.000000 avg_reverse_aggregate_ops=0.000000 max_backlog=30431 admission_window=65536 completion_outstanding=0 completion_incomplete=0 completed_behind_hole=0 completion_logical_full_failures=0 completion_physical_full_failures=0 pressure_yields=2250542 stage2_batches=7072 avg_stage2_batch_size=7.972426 packing_target_batch=8 packing_admit_queue_avg=14973.056420 packing_admit_queue_max=30431 packing_batch_1_7=50 packing_batch_8=7022 packing_assembly_batches=7072 packing_assembly_wait_ms=259863707.982190 packing_arrival_interval_us=25000 packing_waited_batches=50 packing_wait_ms=1000.893000 packing_target_flushes=7022 packing_deadline_flushes=50 packing_cleanup_flushes=0 stage2_phase_search_attempts=7072 stage2_phase_search_task_attempts=56381 stage2_phase_search_elapsed_ms=5668107.302692 avg_stage2_phase_search_us_per_task=100532.223669 stage2_phase_freeze_prune_attempts=9431 stage2_phase_freeze_prune_task_attempts=75242 stage2_phase_freeze_prune_elapsed_ms=198635.187984 avg_stage2_phase_freeze_prune_us_per_task=2639.950931 stage2_phase_reverse_prepare_attempts=7072 stage2_phase_reverse_prepare_task_attempts=56381 stage2_phase_reverse_prepare_elapsed_ms=495170.572376 avg_stage2_phase_reverse_prepare_us_per_task=8782.578748 stage2_phase_placement_authority_attempts=7072 stage2_phase_placement_authority_task_attempts=56381 stage2_phase_placement_authority_elapsed_ms=150942.923945 avg_stage2_phase_placement_authority_us_per_task=2677.194870 stage2_phase_completion_handoff_attempts=7072 stage2_phase_completion_handoff_task_attempts=56381 stage2_phase_completion_handoff_elapsed_ms=14.535455 avg_stage2_phase_completion_handoff_us_per_task=0.257808 stage2_phase_finalize_attempts=7072 stage2_phase_finalize_task_attempts=56381 stage2_phase_finalize_elapsed_ms=78.549132 avg_stage2_phase_finalize_us_per_task=1.393184 maintenance_worker_idle_waits=1869440 maintenance_worker_idle_ms=2092667.692836 maintenance_lost_wake_avoided=614310 maintenance_targeted_wakes=7868125 maintenance_generic_wakes=28254 maintenance_broadcast_wakes=0 maintenance_context_slots_scanned=28486720 maintenance_ready_notifications=2239551 maintenance_ready_stale_notifications=89 maintenance_ready_tickets_drained=1736378 maintenance_ready_overflow_scans=0 maintenance_ready_fallback_scans=1780685 stage2_search_lane_lease_limit=32 stage2_search_lane_lease_peak=32 stage2_search_lane_lease_blocked=165008 maintenance_worker_observed_idle_ratio=0.736660 maintenance_worker_observed_busy_ratio=0.263340 physical_stage1_items=56381 physical_stage1_total_ns=245730808869 physical_stage1_search_ns=230607702331 physical_stage1_prune_ns=7822802622 physical_stage1_allocate_write_ns=5470726359 physical_stage1_backlink_ns=1180457011 physical_stage1_candidates=7210323 physical_stage1_remote_frontier_items=75545453 physical_stage1_neighbors=1779763 peer_stage1_enqueued=43152 peer_stage1_processed=43152 peer_stage1_items=90400 avg_peer_stage1_items=2.094920 peer_stage1_rate_per_sec=254.580659 peer_stage1_max_queue=47 peer_stage1_active_workers=0 peer_stage2_home_enqueued=571680 peer_stage2_home_processed=571680 peer_stage2_home_items=64305727 avg_peer_stage2_home_items=112.485529 peer_stage2_home_max_queue=47 peer_stage2_home_response_queue_drops=0 peer_stage2_home_response_send_wait_ms=17104.007118 avg_peer_stage2_home_queue_wait_us=90.992707 avg_peer_stage2_home_execution_us=77.038384 peer_stage1_release_deferred_batches=141 peer_stage1_release_deferred_items=230 peer_stage1_duplicate_retry_responses=0 peer_stage1_admission_retry_responses=0 peer_stage1_retry_response_drops=0 peer_stage1_admission_waiters=0 peer_stage1_admission_waiter_items=0 peer_stage1_admission_owned_items=0 peer_stage1_admission_wake_coverage=0 peer_stage1_admission_parked=0 peer_stage1_admission_woken=0 peer_stage1_admission_reparked=0 peer_stage1_max_admission_waiters=0 peer_stage1_duplicate_coalesced=38 peer_reverse_enqueued=26923 peer_reverse_processed=26923 peer_reverse_remaining=0 peer_reverse_items_enqueued=477924 peer_reverse_items_processed=477924 peer_reverse_rate_per_sec=1345.909366 peer_reverse_failed=52 peer_reverse_max_queue=71 reclaim_pending=2352 reclaim_reused=10727 dynamic_high_watermark=20038098688 stage2_remaining=0 cleanup_remaining=0 active_contexts=0 active_context_limit=48 repair_remaining=0 remaining=0
