============================================================
                        SERVER
============================================================
num clients:                  1
TCP port:                     1235
QP handshake timeout (ms):    10000
IB device:                    <auto>
IB port:                      1
max outstanding CQEs:         64
max send work requests:       4096
max receive work requests:    4096
============================================================
index prefix:                     "/data/xjs/index/dvstor_spacev100m/index/spacev100m_R96_bw128_metis_pmd32_pq20_schema16"
storage shard:                    "/data/xjs/index/dvstor_spacev100m/index/spacev100m_R96_bw128_metis_pmd32_pq20_schema16_node2_of5.dat"
storage id:                       1
base vectors:                     100000000
vector ID namespace [0,N):        4294967295
registered memory GiB:            23
====================================================================
1 device(s) found
Selected device: ibp86s0
Selected port state: 4, lid: 8, active_mtu: 5
interleaved policy
num_cores: 112
physical cores per socket: 28
hyperthreading enabled
local process CPU partition: rank 1/5 logical_cpus=22
pairing: 85741 -- 13240
[STATUS]: loaded index metadata from /data/xjs/index/dvstor_spacev100m/index/spacev100m_R96_bw128_metis_pmd32_pq20_schema16 (layout=plain, vector_data_type=int8)
[STATUS]: storage-owner stage2 candidate width L=128 per shard
allocation size: 24696061952
allocated ALIGNED MEM (no hugepage) at 139208769404992 with buffer size 24696061952
[STATUS]: loading index (18639939008 Bytes) from /data/xjs/index/dvstor_spacev100m/index/spacev100m_R96_bw128_metis_pmd32_pq20_schema16_node2_of5.dat
[STATUS]: loaded GPU PQ codes (388332060 Bytes) at remote offset 18639943104
[STATUS]: storage-owner idmap loaded entries=20000000 format=owner_sharded_v2_bound immutable_base=true dynamic_shards=256 dynamic_reserved=65536
[STATUS]: compensated physical centroid restored on shard 1: vectors=19416603 entries=4
[STATUS]: register memory and distribute access token
[STATUS]: connect QPs of compute threads
[STATUS]: reserving 64 GPU/bootstrap QPs per compute node
pairing: 85745 -- 13245
pairing: 85751 -- 13250
pairing: 85756 -- 13255
pairing: 85761 -- 13260
pairing: 85766 -- 13265
pairing: 85771 -- 13270
pairing: 85776 -- 13275
pairing: 85781 -- 13280
pairing: 85786 -- 13285
pairing: 85791 -- 13290
pairing: 85796 -- 13295
pairing: 85801 -- 13300
pairing: 85806 -- 13305
pairing: 85812 -- 13310
pairing: 85816 -- 13315
pairing: 85821 -- 13320
pairing: 85826 -- 13325
pairing: 85831 -- 13330
pairing: 85836 -- 13335
pairing: 85841 -- 13340
pairing: 85846 -- 13345
pairing: 85851 -- 13350
pairing: 85856 -- 13355
pairing: 85861 -- 13360
pairing: 85866 -- 13365
pairing: 85871 -- 13370
pairing: 85876 -- 13375
pairing: 85881 -- 13380
pairing: 85886 -- 13385
pairing: 85891 -- 13390
pairing: 85896 -- 13395
pairing: 85901 -- 13400
pairing: 85906 -- 13436
pairing: 85941 -- 13437
pairing: 85942 -- 13438
pairing: 85943 -- 13439
pairing: 85944 -- 13440
pairing: 85945 -- 13441
pairing: 85946 -- 13442
pairing: 85947 -- 13443
pairing: 85948 -- 13444
pairing: 85949 -- 13445
pairing: 85950 -- 13446
pairing: 85951 -- 13447
pairing: 85952 -- 13448
pairing: 85953 -- 13449
pairing: 85954 -- 13450
pairing: 85955 -- 13451
pairing: 85956 -- 13452
pairing: 85957 -- 13453
pairing: 85958 -- 13454
pairing: 85959 -- 13455
pairing: 85960 -- 13456
pairing: 85961 -- 13457
pairing: 85962 -- 13458
pairing: 85963 -- 13459
pairing: 85964 -- 13460
pairing: 85965 -- 13461
pairing: 85966 -- 13462
pairing: 85967 -- 13463
pairing: 85968 -- 13464
pairing: 85969 -- 13465
pairing: 85970 -- 13466
pairing: 85971 -- 13467
[STATUS]: waiting for compute-node startup barrier
1 device(s) found
Selected device: ibp86s0
Selected port state: 4, lid: 8, active_mtu: 5
pairing: 86066 -- 86065
pairing: 86069 -- 86075
pairing: 86076 -- 86083
pairing: 86084 -- 86091
pairing: 86093 -- 86098
pairing: 86101 -- 86106
pairing: 86109 -- 86114
pairing: 86117 -- 86122
pairing: 86125 -- 86129
pairing: 86133 -- 86131
pairing: 86135 -- 86132
pairing: 86137 -- 86134
pairing: 86139 -- 86136
pairing: 86141 -- 86138
pairing: 86144 -- 86140
pairing: 86145 -- 86142
pairing: 86148 -- 86143
pairing: 86149 -- 86146
pairing: 86151 -- 86147
pairing: 86154 -- 86150
pairing: 86156 -- 86152
pairing: 86157 -- 86153
pairing: 86160 -- 86155
pairing: 86162 -- 86158
pairing: 86164 -- 86159
pairing: 86165 -- 86161
pairing: 86167 -- 86163
pairing: 86170 -- 86166
pairing: 86171 -- 86168
pairing: 86174 -- 86169
pairing: 86175 -- 86172
pairing: 86178 -- 86176
[STATUS]: storage-owner peer RDMA QPs per peer: 8
[STATUS]: storage-owner peer QP0 reserved for RPC; data RDMA uses QP1..7
allocated ALIGNED MEM (no hugepage) at 139207701954624 with buffer size 67108864
allocated ALIGNED MEM (no hugepage) at 139207662108736 with buffer size 39839040
[STATUS]: storage-owner peer RPC receive slots per peer: 64 (requested=64)
[STATUS]: storage-owner peer RPC concurrent sends per peer: 16
[STATUS]: storage-owner peer RPC send credits: Stage1/graph are split at depth >= 2; responses use a dedicated sync buffer
[STATUS]: storage-owner peer async response capacity: 32768
[STATUS]: storage-owner Stage2 home RPC combining: enabled logical_capacity=18432 aggregate_capacity=4608 byte_budget=33586224
allocated ALIGNED MEM (no hugepage) at 96743911412224 with buffer size 96256
allocated ALIGNED MEM (no hugepage) at 139207929233472 with buffer size 212992
allocated ALIGNED MEM (no hugepage) at 139207928815680 with buffer size 212992
[STATUS]: storage-owner peer reverse-update workers: 2
[STATUS]: storage-owner peer Stage1 workers: 3; Stage2-home workers: 1 (one reserved; shared lanes borrow authoritative work only)
[STATUS]: storage-owner physical control workers: cleanup=1 placement=1 (separate blocking domains)
[STATUS]: storage-owner peer progress threads: cq=1 response_dispatch=1
[STATUS]: storage-owner Stage1 artifact capacity: 67584 (64-way, per shard=1056) cleanup replay per shard=2048 active migration receipts=131072
[STATUS]: storage-owner peer reverse-update tuning: queue_depth=65536 coalesce_max=256
allocated ALIGNED MEM (no hugepage) at 139207921098816 with buffer size 855296
allocated ALIGNED MEM (no hugepage) at 139207917105216 with buffer size 855296
allocated ALIGNED MEM (no hugepage) at 139207916249152 with buffer size 855296
allocated ALIGNED MEM (no hugepage) at 139207912910912 with buffer size 855296
allocated ALIGNED MEM (no hugepage) at 139207912054848 with buffer size 855296
allocated ALIGNED MEM (no hugepage) at 139207908716608 with buffer size 855296
allocated ALIGNED MEM (no hugepage) at 139207907860544 with buffer size 855296
allocated ALIGNED MEM (no hugepage) at 139207904522304 with buffer size 855296
[STATUS]: storage-owner peer scratch: snapshot_slot=192 graph_slot=832 batch=256 lane_peak_rdma_wrs=56 lane_useful_wave_rdma_wrs=56 global_read_window=224 search_lanes_global=32 search_lanes_credit_derived=16 search_lane_lease_cap=32 search_lanes_physical_per_worker=4 ready_context_runtime_epoch=1 bytes_per_lane=213824 bytes_total=6842368
[STATUS]: storage-owner maintenance workers: 8 (configured=8, admission_baseline_workers=2, context_limit=32, semantic_execution_batch=8, work_conserving=true)
[STATUS]: storage-owner stage2 reverse outbox descriptors: 128 aggregates=128 wire_max_ops=3072 (shared per-peer work-conserving aggregation)
[STATUS]: storage-owner maintenance tuning: protocol=centroid-home-two-stage compaction_batch_target=32 packing_policy=deterministic_b8 packing_tail_wait_us=arrival_adaptive_capped_25000 packing_context_limit=8 backlog_limit=65536 admission_credit=bounded_accepted_backlog admission_window=65536 physical_completion_capacity=65536
[STATUS]: storage-owner peer RDMA read credits: per_data_qp=8 data_qps_per_peer=7 per_peer=56 global=224 shared_cq_read_budget=8095 ordered_snapshot_pairs_per_chain=4 (requested_per_data_qp=16)
[STATUS]: storage-owner online insert tuning: construction_beam=128 snapshot_batch=256 protocol=centroid-home-two-stage
[STATUS]: storage-owner stage1=physical-home local search and backlinks; stage2=generation-fenced home expand+score continuation
[STATUS]: storage-owner responses=foreground direct post; completion=repost by service poller
[STATUS]: storage-owner foreground pipeline: coordinators=12 cpu_lanes=3 (assigned_cpus=22, rpc_parallelism=16)
[STATUS]: storage-owner CPU plan: foreground_cpu=3 foreground_coordinators=12 maintenance=8 peer_stage1=4 (split into isolated Stage1/Stage2-home domains) peer_reverse=2 peer_cleanup=1 peer_placement=1 peer_progress=2 foreground_progress=1
[STATUS]: storage-owner insert runtime enabled on shard 1
[STATUS]: storage-owner maintenance observation: enqueued=1563 stage2_enqueued=1563 cleanup_enqueued=0 stage2_tasks_done=1536 stage2_finalized_live=1536 cleanup_processed=0 stale=0 stage2_completion_ratio=0.982726 live_stage2_completion_ratio=0.982726 avg_stage2_delay_ms=413.593898 p99_stage2_delay_upper_ms=2000.000000 p99_stage2_delay_over_30s=false stage2_delay_histogram=0,0,0,0,0,29,93,88,249,693,290,94,0,0,0,0,0,0 max_stage2_delay_ms=1464.980808 compaction_batch_target=32 compaction_max_delay_ms=25.000000 stage2_rate_per_sec=305.713582 stage1_search_budget_exhausted=0 stage2_search_budget_exhausted=0 stage2_continuations=1558 stage2_remote_frontier_items=590220 avg_stage2_remote_frontier=378.831836 stage2_remote_expansions=10762 avg_stage2_remote_expansions=6.907574 stage2_scored_candidates=833193 avg_stage2_scored_candidates=534.783697 stage2_graph_read_waves=2877 avg_stage2_expansions_per_graph_wave=3.740702 stage2_graph_unique_reads=11061 stage2_graph_prefetch_issued=7409 stage2_graph_prefetch_hits=7110 stage2_graph_prefetch_wasted=299 stage2_graph_prefetch_promotion_ratio=0.959644 stage2_graph_issue_width_current=16 stage2_vector_read_waves=7598 avg_stage2_scores_per_vector_wave=109.659516 stage2_vector_unique_reads=643641 stage2_home_rpc_batches=5454 stage2_home_rpc_items=577322 avg_stage2_home_rpc_batch=105.852952 stage2_home_score_rpc_batches=2351 stage2_home_score_rpc_items=566261 stage2_home_score_rpc_queries=13989 stage2_home_score_rpc_request_bytes=15101788 stage2_home_score_rpc_response_bytes=18215080 avg_stage2_home_score_queries_per_rpc=5.950234 avg_stage2_home_score_rpc_batch=240.859634 stage2_home_scored_neighbors=756748 home_scores_per_expansion=1.310790 stage2_migrations=65 home_match_rate=0.957682 stage2_final_edges=60193 stage2_cross_edges_stage1_home=2462 stage2_cross_edges_final_home=1006 cross_edge_reduction_ratio=0.591389 failed=0 rpc_timeouts=0 reverse_aggregate_batches=0 reverse_aggregate_logical_requests=0 reverse_aggregate_ops=0 avg_reverse_aggregate_logicals=0.000000 avg_reverse_aggregate_ops=0.000000 max_backlog=371 admission_window=65536 completion_outstanding=27 completion_incomplete=27 completed_behind_hole=0 completion_logical_full_failures=0 completion_physical_full_failures=0 pressure_yields=11321 stage2_batches=206 avg_stage2_batch_size=7.563107 packing_target_batch=8 packing_admit_queue_avg=160.781553 packing_admit_queue_max=371 packing_batch_1_7=24 packing_batch_8=182 packing_assembly_batches=206 packing_assembly_wait_ms=33146.629581 packing_arrival_interval_us=1638 packing_waited_batches=24 packing_wait_ms=448.464000 packing_target_flushes=182 packing_deadline_flushes=24 packing_cleanup_flushes=0 stage2_phase_search_attempts=205 stage2_phase_search_task_attempts=1552 stage2_phase_search_elapsed_ms=23573.336451 avg_stage2_phase_search_us_per_task=15189.005445 stage2_phase_freeze_prune_attempts=212 stage2_phase_freeze_prune_task_attempts=1608 stage2_phase_freeze_prune_elapsed_ms=2243.681030 avg_stage2_phase_freeze_prune_us_per_task=1395.324024 stage2_phase_reverse_prepare_attempts=204 stage2_phase_reverse_prepare_task_attempts=1544 stage2_phase_reverse_prepare_elapsed_ms=18817.533941 avg_stage2_phase_reverse_prepare_us_per_task=12187.521983 stage2_phase_placement_authority_attempts=203 stage2_phase_placement_authority_task_attempts=1536 stage2_phase_placement_authority_elapsed_ms=3032.106747 avg_stage2_phase_placement_authority_us_per_task=1974.027830 stage2_phase_completion_handoff_attempts=203 stage2_phase_completion_handoff_task_attempts=1536 stage2_phase_completion_handoff_elapsed_ms=0.357031 avg_stage2_phase_completion_handoff_us_per_task=0.232442 stage2_phase_finalize_attempts=203 stage2_phase_finalize_task_attempts=1536 stage2_phase_finalize_elapsed_ms=1.234566 avg_stage2_phase_finalize_us_per_task=0.803754 maintenance_worker_idle_waits=13952 maintenance_worker_idle_ms=31554.482818 maintenance_lost_wake_avoided=763 maintenance_targeted_wakes=19746 maintenance_generic_wakes=603 maintenance_broadcast_wakes=0 maintenance_context_slots_scanned=82688 maintenance_ready_notifications=15730 maintenance_ready_stale_notifications=2 maintenance_ready_tickets_drained=12332 maintenance_ready_overflow_scans=0 maintenance_ready_fallback_scans=5229 stage2_search_lane_lease_limit=32 stage2_search_lane_lease_peak=15 stage2_search_lane_lease_blocked=0 maintenance_worker_observed_idle_ratio=0.785045 maintenance_worker_observed_busy_ratio=0.214955 physical_stage1_items=1587 physical_stage1_total_ns=7192844289 physical_stage1_search_ns=6463337738 physical_stage1_prune_ns=346597397 physical_stage1_allocate_write_ns=342820291 physical_stage1_backlink_ns=36558357 physical_stage1_candidates=203107 physical_stage1_remote_frontier_items=597375 physical_stage1_neighbors=61416 peer_stage1_enqueued=726 peer_stage1_processed=679 peer_stage1_items=2217 avg_peer_stage1_items=3.265096 peer_stage1_rate_per_sec=441.254565 peer_stage1_max_queue=46 peer_stage1_active_workers=3 peer_stage2_home_enqueued=5385 peer_stage2_home_processed=5385 peer_stage2_home_items=545015 avg_peer_stage2_home_items=101.209842 peer_stage2_home_max_queue=32 peer_stage2_home_response_queue_drops=0 peer_stage2_home_response_send_wait_ms=177.701739 avg_peer_stage2_home_queue_wait_us=72.479073 avg_peer_stage2_home_execution_us=57.229256 peer_stage1_release_deferred_batches=0 peer_stage1_release_deferred_items=0 peer_stage1_duplicate_retry_responses=0 peer_stage1_admission_retry_responses=0 peer_stage1_retry_response_drops=0 peer_stage1_admission_waiters=0 peer_stage1_admission_waiter_items=0 peer_stage1_admission_owned_items=0 peer_stage1_admission_wake_coverage=0 peer_stage1_admission_parked=0 peer_stage1_admission_woken=0 peer_stage1_admission_reparked=0 peer_stage1_max_admission_waiters=0 peer_stage1_duplicate_coalesced=0 peer_reverse_enqueued=237 peer_reverse_processed=236 peer_reverse_remaining=1 peer_reverse_items_enqueued=3166 peer_reverse_items_processed=3107 peer_reverse_rate_per_sec=618.393295 peer_reverse_failed=0 peer_reverse_max_queue=22 reclaim_pending=0 reclaim_reused=65 dynamic_high_watermark=19029837664 stage2_remaining=5 cleanup_remaining=0 active_contexts=3 active_context_limit=32 repair_remaining=0 remaining=27
[STATUS]: storage-owner maintenance observation: enqueued=7563 stage2_enqueued=7563 cleanup_enqueued=0 stage2_tasks_done=7496 stage2_finalized_live=7496 cleanup_processed=0 stale=0 stage2_completion_ratio=0.991141 live_stage2_completion_ratio=0.991141 avg_stage2_delay_ms=106.747011 p99_stage2_delay_upper_ms=2000.000000 p99_stage2_delay_over_30s=false stage2_delay_histogram=0,0,0,11,452,3817,1782,108,249,693,290,94,0,0,0,0,0,0 max_stage2_delay_ms=1464.980808 compaction_batch_target=32 compaction_max_delay_ms=25.000000 stage2_rate_per_sec=747.780478 stage1_search_budget_exhausted=0 stage2_search_budget_exhausted=0 stage2_continuations=7559 stage2_remote_frontier_items=2428432 avg_stage2_remote_frontier=321.263659 stage2_remote_expansions=16975 avg_stage2_remote_expansions=2.245667 stage2_scored_candidates=2722584 avg_stage2_scored_candidates=360.177801 stage2_graph_read_waves=5344 avg_stage2_expansions_per_graph_wave=3.176460 stage2_graph_unique_reads=17354 stage2_graph_prefetch_issued=10076 stage2_graph_prefetch_hits=9708 stage2_graph_prefetch_wasted=351 stage2_graph_prefetch_promotion_ratio=0.965106 stage2_graph_issue_width_current=16 stage2_vector_read_waves=14619 avg_stage2_scores_per_vector_wave=186.235994 stage2_vector_unique_reads=2497554 stage2_home_rpc_batches=15346 stage2_home_rpc_items=2315053 avg_stage2_home_rpc_batch=150.857096 stage2_home_score_rpc_batches=9500 stage2_home_score_rpc_items=2297699 stage2_home_score_rpc_queries=64380 stage2_home_score_rpc_request_bytes=62038544 stage2_home_score_rpc_response_bytes=73907064 avg_stage2_home_score_queries_per_rpc=6.776842 avg_stage2_home_score_rpc_batch=241.863053 stage2_home_scored_neighbors=2524096 home_scores_per_expansion=1.090297 stage2_migrations=65 home_match_rate=0.991329 stage2_final_edges=287476 stage2_cross_edges_stage1_home=3693 stage2_cross_edges_final_home=2237 cross_edge_reduction_ratio=0.394259 failed=0 rpc_timeouts=0 reverse_aggregate_batches=0 reverse_aggregate_logical_requests=0 reverse_aggregate_ops=0 avg_reverse_aggregate_logicals=0.000000 avg_reverse_aggregate_ops=0.000000 max_backlog=371 admission_window=65536 completion_outstanding=67 completion_incomplete=67 completed_behind_hole=0 completion_logical_full_failures=0 completion_physical_full_failures=0 pressure_yields=11410 stage2_batches=1007 avg_stage2_batch_size=7.506455 packing_target_batch=8 packing_admit_queue_avg=42.712016 packing_admit_queue_max=371 packing_batch_1_7=148 packing_batch_8=859 packing_assembly_batches=1007 packing_assembly_wait_ms=36920.751980 packing_arrival_interval_us=1001 packing_waited_batches=148 packing_wait_ms=1811.049000 packing_target_flushes=859 packing_deadline_flushes=148 packing_cleanup_flushes=0 stage2_phase_search_attempts=1004 stage2_phase_search_task_attempts=7535 stage2_phase_search_elapsed_ms=26848.696631 avg_stage2_phase_search_us_per_task=3563.197960 stage2_phase_freeze_prune_attempts=1074 stage2_phase_freeze_prune_task_attempts=8091 stage2_phase_freeze_prune_elapsed_ms=3423.858581 avg_stage2_phase_freeze_prune_us_per_task=423.168778 stage2_phase_reverse_prepare_attempts=999 stage2_phase_reverse_prepare_task_attempts=7496 stage2_phase_reverse_prepare_elapsed_ms=24999.323555 avg_stage2_phase_reverse_prepare_us_per_task=3335.021819 stage2_phase_placement_authority_attempts=999 stage2_phase_placement_authority_task_attempts=7496 stage2_phase_placement_authority_elapsed_ms=3213.850802 avg_stage2_phase_placement_authority_us_per_task=428.742103 stage2_phase_completion_handoff_attempts=999 stage2_phase_completion_handoff_task_attempts=7496 stage2_phase_completion_handoff_elapsed_ms=1.557585 avg_stage2_phase_completion_handoff_us_per_task=0.207789 stage2_phase_finalize_attempts=999 stage2_phase_finalize_task_attempts=7496 stage2_phase_finalize_elapsed_ms=5.546639 avg_stage2_phase_finalize_us_per_task=0.739947 maintenance_worker_idle_waits=31360 maintenance_worker_idle_ms=63049.851713 maintenance_lost_wake_avoided=2621 maintenance_targeted_wakes=43498 maintenance_generic_wakes=2322 maintenance_broadcast_wakes=0 maintenance_context_slots_scanned=173632 maintenance_ready_notifications=39060 maintenance_ready_stale_notifications=2 maintenance_ready_tickets_drained=25656 maintenance_ready_overflow_scans=0 maintenance_ready_fallback_scans=10934 stage2_search_lane_lease_limit=32 stage2_search_lane_lease_peak=15 stage2_search_lane_lease_blocked=0 maintenance_worker_observed_idle_ratio=0.786210 maintenance_worker_observed_busy_ratio=0.213790 physical_stage1_items=7565 physical_stage1_total_ns=27361154000 physical_stage1_search_ns=25007096629 physical_stage1_prune_ns=1295644365 physical_stage1_allocate_write_ns=911741590 physical_stage1_backlink_ns=132626198 physical_stage1_candidates=968261 physical_stage1_remote_frontier_items=2429989 physical_stage1_neighbors=288066 peer_stage1_enqueued=2519 peer_stage1_processed=2471 peer_stage1_items=11867 avg_peer_stage1_items=4.802509 peer_stage1_rate_per_sec=1183.819494 peer_stage1_max_queue=46 peer_stage1_active_workers=3 peer_stage2_home_enqueued=6720 peer_stage2_home_processed=6720 peer_stage2_home_items=573485 avg_peer_stage2_home_items=85.340030 peer_stage2_home_max_queue=32 peer_stage2_home_response_queue_drops=0 peer_stage2_home_response_send_wait_ms=184.044894 avg_peer_stage2_home_queue_wait_us=60.686990 avg_peer_stage2_home_execution_us=54.386196 peer_stage1_release_deferred_batches=0 peer_stage1_release_deferred_items=0 peer_stage1_duplicate_retry_responses=0 peer_stage1_admission_retry_responses=0 peer_stage1_retry_response_drops=0 peer_stage1_admission_waiters=0 peer_stage1_admission_waiter_items=0 peer_stage1_admission_owned_items=0 peer_stage1_admission_wake_coverage=0 peer_stage1_admission_parked=0 peer_stage1_admission_woken=0 peer_stage1_admission_reparked=0 peer_stage1_max_admission_waiters=0 peer_stage1_duplicate_coalesced=0 peer_reverse_enqueued=346 peer_reverse_processed=346 peer_reverse_remaining=0 peer_reverse_items_enqueued=4809 peer_reverse_items_processed=4809 peer_reverse_rate_per_sec=479.732700 peer_reverse_failed=1 peer_reverse_max_queue=22 reclaim_pending=0 reclaim_reused=65 dynamic_high_watermark=19035804544 stage2_remaining=4 cleanup_remaining=0 active_contexts=8 active_context_limit=32 repair_remaining=0 remaining=67
[STATUS]: storage-owner maintenance observation: enqueued=14043 stage2_enqueued=14043 cleanup_enqueued=0 stage2_tasks_done=14043 stage2_finalized_live=14043 cleanup_processed=0 stale=0 stage2_completion_ratio=1.000000 live_stage2_completion_ratio=1.000000 avg_stage2_delay_ms=69.641612 p99_stage2_delay_upper_ms=1000.000000 p99_stage2_delay_over_30s=false stage2_delay_histogram=0,0,0,11,913,8145,3500,148,249,693,290,94,0,0,0,0,0,0 max_stage2_delay_ms=1464.980808 compaction_batch_target=32 compaction_max_delay_ms=25.000000 stage2_rate_per_sec=934.674597 stage1_search_budget_exhausted=0 stage2_search_budget_exhausted=0 stage2_continuations=14043 stage2_remote_frontier_items=4294300 avg_stage2_remote_frontier=305.796482 stage2_remote_expansions=25808 avg_stage2_remote_expansions=1.837784 stage2_scored_candidates=4669863 avg_stage2_scored_candidates=332.540269 stage2_graph_read_waves=8382 avg_stage2_expansions_per_graph_wave=3.078979 stage2_graph_unique_reads=26264 stage2_graph_prefetch_issued=14450 stage2_graph_prefetch_hits=13994 stage2_graph_prefetch_wasted=456 stage2_graph_prefetch_promotion_ratio=0.968443 stage2_graph_issue_width_current=16 stage2_vector_read_waves=22298 avg_stage2_scores_per_vector_wave=209.429680 stage2_vector_unique_reads=4387300 stage2_home_rpc_batches=26065 stage2_home_rpc_items=4084123 avg_stage2_home_rpc_batch=156.689929 stage2_home_score_rpc_batches=16833 stage2_home_score_rpc_items=4057859 stage2_home_score_rpc_queries=115019 stage2_home_score_rpc_request_bytes=109698260 stage2_home_score_rpc_response_bytes=130525512 avg_stage2_home_score_queries_per_rpc=6.832947 avg_stage2_home_score_rpc_batch=241.065704 stage2_home_scored_neighbors=4341135 home_scores_per_expansion=1.062930 stage2_migrations=69 home_match_rate=0.995087 stage2_final_edges=532091 stage2_cross_edges_stage1_home=5488 stage2_cross_edges_final_home=3996 cross_edge_reduction_ratio=0.271866 failed=0 rpc_timeouts=0 reverse_aggregate_batches=0 reverse_aggregate_logical_requests=0 reverse_aggregate_ops=0 avg_reverse_aggregate_logicals=0.000000 avg_reverse_aggregate_ops=0.000000 max_backlog=371 admission_window=65536 completion_outstanding=0 completion_incomplete=0 completed_behind_hole=0 completion_logical_full_failures=0 completion_physical_full_failures=0 pressure_yields=11565 stage2_batches=1877 avg_stage2_batch_size=7.481620 packing_target_batch=8 packing_admit_queue_avg=28.411827 packing_admit_queue_max=371 packing_batch_1_7=301 packing_batch_8=1576 packing_assembly_batches=1877 packing_assembly_wait_ms=40750.606463 packing_arrival_interval_us=1024 packing_waited_batches=301 packing_wait_ms=3291.682000 packing_target_flushes=1576 packing_deadline_flushes=301 packing_cleanup_flushes=0 stage2_phase_search_attempts=1877 stage2_phase_search_task_attempts=14043 stage2_phase_search_elapsed_ms=30220.492115 avg_stage2_phase_search_us_per_task=2151.996875 stage2_phase_freeze_prune_attempts=2092 stage2_phase_freeze_prune_task_attempts=15751 stage2_phase_freeze_prune_elapsed_ms=4668.083494 avg_stage2_phase_freeze_prune_us_per_task=296.367437 stage2_phase_reverse_prepare_attempts=1877 stage2_phase_reverse_prepare_task_attempts=14043 stage2_phase_reverse_prepare_elapsed_ms=31674.057437 avg_stage2_phase_reverse_prepare_us_per_task=2255.505051 stage2_phase_placement_authority_attempts=1877 stage2_phase_placement_authority_task_attempts=14043 stage2_phase_placement_authority_elapsed_ms=3308.466281 avg_stage2_phase_placement_authority_us_per_task=235.595406 stage2_phase_completion_handoff_attempts=1877 stage2_phase_completion_handoff_task_attempts=14043 stage2_phase_completion_handoff_elapsed_ms=2.926593 avg_stage2_phase_completion_handoff_us_per_task=0.208402 stage2_phase_finalize_attempts=1877 stage2_phase_finalize_task_attempts=14043 stage2_phase_finalize_elapsed_ms=10.294383 avg_stage2_phase_finalize_us_per_task=0.733062 maintenance_worker_idle_waits=50368 maintenance_worker_idle_ms=94491.917803 maintenance_lost_wake_avoided=4595 maintenance_targeted_wakes=70188 maintenance_generic_wakes=4208 maintenance_broadcast_wakes=0 maintenance_context_slots_scanned=266944 maintenance_ready_notifications=65258 maintenance_ready_stale_notifications=2 maintenance_ready_tickets_drained=40513 maintenance_ready_overflow_scans=0 maintenance_ready_fallback_scans=16787 stage2_search_lane_lease_limit=32 stage2_search_lane_lease_peak=15 stage2_search_lane_lease_blocked=0 maintenance_worker_observed_idle_ratio=0.786150 maintenance_worker_observed_busy_ratio=0.213850 physical_stage1_items=14076 physical_stage1_total_ns=47702286836 physical_stage1_search_ns=43653913475 physical_stage1_prune_ns=2294856242 physical_stage1_allocate_write_ns=1480397991 physical_stage1_backlink_ns=248084024 physical_stage1_candidates=1801646 physical_stage1_remote_frontier_items=4303858 physical_stage1_neighbors=529668 peer_stage1_enqueued=4481 peer_stage1_processed=4433 peer_stage1_items=22320 avg_peer_stage1_items=5.034965 peer_stage1_rate_per_sec=1485.575518 peer_stage1_max_queue=46 peer_stage1_active_workers=3 peer_stage2_home_enqueued=7791 peer_stage2_home_processed=7791 peer_stage2_home_items=592270 avg_peer_stage2_home_items=76.019766 peer_stage2_home_max_queue=32 peer_stage2_home_response_queue_drops=0 peer_stage2_home_response_send_wait_ms=188.530383 avg_peer_stage2_home_queue_wait_us=53.601704 avg_peer_stage2_home_execution_us=51.343070 peer_stage1_release_deferred_batches=0 peer_stage1_release_deferred_items=0 peer_stage1_duplicate_retry_responses=0 peer_stage1_admission_retry_responses=0 peer_stage1_retry_response_drops=0 peer_stage1_admission_waiters=0 peer_stage1_admission_waiter_items=0 peer_stage1_admission_owned_items=0 peer_stage1_admission_wake_coverage=0 peer_stage1_admission_parked=0 peer_stage1_admission_woken=0 peer_stage1_admission_reparked=0 peer_stage1_max_admission_waiters=0 peer_stage1_duplicate_coalesced=0 peer_reverse_enqueued=385 peer_reverse_processed=385 peer_reverse_remaining=0 peer_reverse_items_enqueued=5314 peer_reverse_items_processed=5314 peer_reverse_rate_per_sec=353.689440 peer_reverse_failed=1 peer_reverse_max_queue=22 reclaim_pending=0 reclaim_reused=69 dynamic_high_watermark=19042277344 stage2_remaining=0 cleanup_remaining=0 active_contexts=0 active_context_limit=32 repair_remaining=0 remaining=0
[STATUS]: storage-owner maintenance observation: enqueued=18540 stage2_enqueued=18540 cleanup_enqueued=0 stage2_tasks_done=18466 stage2_finalized_live=18466 cleanup_processed=0 stale=0 stage2_completion_ratio=0.996009 live_stage2_completion_ratio=0.996009 avg_stage2_delay_ms=63.959262 p99_stage2_delay_upper_ms=1000.000000 p99_stage2_delay_over_30s=false stage2_delay_histogram=0,0,0,22,1220,10815,4524,264,422,786,319,94,0,0,0,0,0,0 max_stage2_delay_ms=1464.980808 compaction_batch_target=32 compaction_max_delay_ms=25.000000 stage2_rate_per_sec=922.164931 stage1_search_budget_exhausted=0 stage2_search_budget_exhausted=0 stage2_continuations=18536 stage2_remote_frontier_items=5683321 avg_stage2_remote_frontier=306.609894 stage2_remote_expansions=36178 avg_stage2_remote_expansions=1.951770 stage2_scored_candidates=6243259 avg_stage2_scored_candidates=336.818030 stage2_graph_read_waves=11873 avg_stage2_expansions_per_graph_wave=3.047082 stage2_graph_unique_reads=38408 stage2_graph_prefetch_issued=21661 stage2_graph_prefetch_hits=20830 stage2_graph_prefetch_wasted=649 stage2_graph_prefetch_promotion_ratio=0.969784 stage2_graph_issue_width_current=16 stage2_vector_read_waves=30688 avg_stage2_scores_per_vector_wave=203.443007 stage2_vector_unique_reads=5804800 stage2_home_rpc_batches=35213 stage2_home_rpc_items=5405631 avg_stage2_home_rpc_batch=153.512368 stage2_home_score_rpc_batches=22262 stage2_home_score_rpc_items=5367223 stage2_home_score_rpc_queries=151107 stage2_home_score_rpc_request_bytes=144992372 stage2_home_score_rpc_response_bytes=172642336 avg_stage2_home_score_queries_per_rpc=6.787665 avg_stage2_home_score_rpc_batch=241.093478 stage2_home_scored_neighbors=5806016 home_scores_per_expansion=1.074068 stage2_migrations=102 home_match_rate=0.994476 stage2_final_edges=694791 stage2_cross_edges_stage1_home=7585 stage2_cross_edges_final_home=5346 cross_edge_reduction_ratio=0.295188 failed=0 rpc_timeouts=0 reverse_aggregate_batches=0 reverse_aggregate_logical_requests=0 reverse_aggregate_ops=0 avg_reverse_aggregate_logicals=0.000000 avg_reverse_aggregate_ops=0.000000 max_backlog=371 admission_window=65536 completion_outstanding=303 completion_incomplete=74 completed_behind_hole=229 completion_logical_full_failures=0 completion_physical_full_failures=0 pressure_yields=13297 stage2_batches=2496 avg_stage2_batch_size=7.426282 packing_target_batch=8 packing_admit_queue_avg=24.185096 packing_admit_queue_max=371 packing_batch_1_7=432 packing_batch_8=2064 packing_assembly_batches=2496 packing_assembly_wait_ms=44521.756234 packing_arrival_interval_us=5592 packing_waited_batches=432 packing_wait_ms=5085.522000 packing_target_flushes=2064 packing_deadline_flushes=432 packing_cleanup_flushes=0 stage2_phase_search_attempts=2487 stage2_phase_search_task_attempts=18472 stage2_phase_search_elapsed_ms=40389.090656 avg_stage2_phase_search_us_per_task=2186.503392 stage2_phase_freeze_prune_attempts=2786 stage2_phase_freeze_prune_task_attempts=20820 stage2_phase_freeze_prune_elapsed_ms=6926.706412 avg_stage2_phase_freeze_prune_us_per_task=332.694832 stage2_phase_reverse_prepare_attempts=2486 stage2_phase_reverse_prepare_task_attempts=18466 stage2_phase_reverse_prepare_elapsed_ms=37224.505858 avg_stage2_phase_reverse_prepare_us_per_task=2015.840239 stage2_phase_placement_authority_attempts=2486 stage2_phase_placement_authority_task_attempts=18466 stage2_phase_placement_authority_elapsed_ms=4601.163172 avg_stage2_phase_placement_authority_us_per_task=249.169456 stage2_phase_completion_handoff_attempts=2486 stage2_phase_completion_handoff_task_attempts=18466 stage2_phase_completion_handoff_elapsed_ms=3.904702 avg_stage2_phase_completion_handoff_us_per_task=0.211454 stage2_phase_finalize_attempts=2486 stage2_phase_finalize_task_attempts=18466 stage2_phase_finalize_elapsed_ms=13.565540 avg_stage2_phase_finalize_us_per_task=0.734623 maintenance_worker_idle_waits=69312 maintenance_worker_idle_ms=125776.272499 maintenance_lost_wake_avoided=6129 maintenance_targeted_wakes=95176 maintenance_generic_wakes=5599 maintenance_broadcast_wakes=0 maintenance_context_slots_scanned=355552 maintenance_ready_notifications=88565 maintenance_ready_stale_notifications=4 maintenance_ready_tickets_drained=55684 maintenance_ready_overflow_scans=0 maintenance_ready_fallback_scans=22278 stage2_search_lane_lease_limit=32 stage2_search_lane_lease_peak=15 stage2_search_lane_lease_blocked=0 maintenance_worker_observed_idle_ratio=0.785135 maintenance_worker_observed_busy_ratio=0.214865 physical_stage1_items=18554 physical_stage1_total_ns=61877999238 physical_stage1_search_ns=56708996113 physical_stage1_prune_ns=2966586124 physical_stage1_allocate_write_ns=1853169031 physical_stage1_backlink_ns=316608530 physical_stage1_candidates=2374798 physical_stage1_remote_frontier_items=5693693 physical_stage1_neighbors=692348 peer_stage1_enqueued=6107 peer_stage1_processed=6105 peer_stage1_items=29647 avg_peer_stage1_items=4.856183 peer_stage1_rate_per_sec=1480.527656 peer_stage1_max_queue=46 peer_stage1_active_workers=2 peer_stage2_home_enqueued=13762 peer_stage2_home_processed=13762 peer_stage2_home_items=1009144 avg_peer_stage2_home_items=73.328295 peer_stage2_home_max_queue=32 peer_stage2_home_response_queue_drops=0 peer_stage2_home_response_send_wait_ms=249.333459 avg_peer_stage2_home_queue_wait_us=39.262463 avg_peer_stage2_home_execution_us=45.439488 peer_stage1_release_deferred_batches=5 peer_stage1_release_deferred_items=5 peer_stage1_duplicate_retry_responses=0 peer_stage1_admission_retry_responses=0 peer_stage1_retry_response_drops=0 peer_stage1_admission_waiters=0 peer_stage1_admission_waiter_items=0 peer_stage1_admission_owned_items=0 peer_stage1_admission_wake_coverage=0 peer_stage1_admission_parked=0 peer_stage1_admission_woken=0 peer_stage1_admission_reparked=0 peer_stage1_max_admission_waiters=0 peer_stage1_duplicate_coalesced=0 peer_reverse_enqueued=625 peer_reverse_processed=625 peer_reverse_remaining=0 peer_reverse_items_enqueued=7376 peer_reverse_items_processed=7376 peer_reverse_rate_per_sec=368.346612 peer_reverse_failed=1 peer_reverse_max_queue=22 reclaim_pending=6 reclaim_reused=96 dynamic_high_watermark=19046749280 stage2_remaining=4 cleanup_remaining=0 active_contexts=10 active_context_limit=32 repair_remaining=0 remaining=74
[STATUS]: storage-owner maintenance observation: enqueued=19230 stage2_enqueued=19230 cleanup_enqueued=0 stage2_tasks_done=19230 stage2_finalized_live=19230 cleanup_processed=0 stale=0 stage2_completion_ratio=1.000000 live_stage2_completion_ratio=1.000000 avg_stage2_delay_ms=73.639080 p99_stage2_delay_upper_ms=1000.000000 p99_stage2_delay_over_30s=false stage2_delay_histogram=0,0,0,22,1222,10815,4586,411,645,971,448,110,0,0,0,0,0,0 max_stage2_delay_ms=1464.980808 compaction_batch_target=32 compaction_max_delay_ms=25.000000 stage2_rate_per_sec=768.384426 stage1_search_budget_exhausted=0 stage2_search_budget_exhausted=0 stage2_continuations=19230 stage2_remote_frontier_items=6090256 avg_stage2_remote_frontier=316.705980 stage2_remote_expansions=49075 avg_stage2_remote_expansions=2.552002 stage2_scored_candidates=6947438 avg_stage2_scored_candidates=361.281227 stage2_graph_read_waves=14908 avg_stage2_expansions_per_graph_wave=3.291857 stage2_graph_unique_reads=50181 stage2_graph_prefetch_issued=29898 stage2_graph_prefetch_hits=28792 stage2_graph_prefetch_wasted=1106 stage2_graph_prefetch_promotion_ratio=0.963008 stage2_graph_issue_width_current=16 stage2_vector_read_waves=39378 avg_stage2_scores_per_vector_wave=176.429428 stage2_vector_unique_reads=6279117 stage2_home_rpc_batches=40132 stage2_home_rpc_items=5811881 avg_stage2_home_rpc_batch=144.819122 stage2_home_score_rpc_batches=23871 stage2_home_score_rpc_items=5761700 stage2_home_score_rpc_queries=158721 stage2_home_score_rpc_request_bytes=155298420 stage2_home_score_rpc_response_bytes=185329992 avg_stage2_home_score_queries_per_rpc=6.649114 avg_stage2_home_score_rpc_batch=241.368187 stage2_home_scored_neighbors=6431401 home_scores_per_expansion=1.106595 stage2_migrations=186 home_match_rate=0.990328 stage2_final_edges=723554 stage2_cross_edges_stage1_home=10614 stage2_cross_edges_final_home=6476 cross_edge_reduction_ratio=0.389862 failed=0 rpc_timeouts=0 reverse_aggregate_batches=0 reverse_aggregate_logical_requests=0 reverse_aggregate_ops=0 avg_reverse_aggregate_logicals=0.000000 avg_reverse_aggregate_ops=0.000000 max_backlog=371 admission_window=65536 completion_outstanding=0 completion_incomplete=0 completed_behind_hole=0 completion_logical_full_failures=0 completion_physical_full_failures=0 pressure_yields=14599 stage2_batches=2628 avg_stage2_batch_size=7.317352 packing_target_batch=8 packing_admit_queue_avg=23.245053 packing_admit_queue_max=371 packing_batch_1_7=522 packing_batch_8=2106 packing_assembly_batches=2628 packing_assembly_wait_ms=47333.000232 packing_arrival_interval_us=25000 packing_waited_batches=522 packing_wait_ms=7309.559000 packing_target_flushes=2106 packing_deadline_flushes=522 packing_cleanup_flushes=0 stage2_phase_search_attempts=2628 stage2_phase_search_task_attempts=19230 stage2_phase_search_elapsed_ms=62819.602663 avg_stage2_phase_search_us_per_task=3266.750008 stage2_phase_freeze_prune_attempts=2942 stage2_phase_freeze_prune_task_attempts=21663 stage2_phase_freeze_prune_elapsed_ms=10307.738449 avg_stage2_phase_freeze_prune_us_per_task=475.822298 stage2_phase_reverse_prepare_attempts=2628 stage2_phase_reverse_prepare_task_attempts=19230 stage2_phase_reverse_prepare_elapsed_ms=41998.127679 avg_stage2_phase_reverse_prepare_us_per_task=2183.989999 stage2_phase_placement_authority_attempts=2628 stage2_phase_placement_authority_task_attempts=19230 stage2_phase_placement_authority_elapsed_ms=7513.693165 avg_stage2_phase_placement_authority_us_per_task=390.727674 stage2_phase_completion_handoff_attempts=2628 stage2_phase_completion_handoff_task_attempts=19230 stage2_phase_completion_handoff_elapsed_ms=4.217482 avg_stage2_phase_completion_handoff_us_per_task=0.219318 stage2_phase_finalize_attempts=2628 stage2_phase_finalize_task_attempts=19230 stage2_phase_finalize_elapsed_ms=14.516066 avg_stage2_phase_finalize_us_per_task=0.754866 maintenance_worker_idle_waits=85184 maintenance_worker_idle_ms=155905.199980 maintenance_lost_wake_avoided=6686 maintenance_targeted_wakes=113393 maintenance_generic_wakes=6074 maintenance_broadcast_wakes=0 maintenance_context_slots_scanned=420688 maintenance_ready_notifications=104631 maintenance_ready_stale_notifications=7 maintenance_ready_tickets_drained=69057 maintenance_ready_overflow_scans=0 maintenance_ready_fallback_scans=26489 stage2_search_lane_lease_limit=32 stage2_search_lane_lease_peak=15 stage2_search_lane_lease_blocked=0 maintenance_worker_observed_idle_ratio=0.778699 maintenance_worker_observed_busy_ratio=0.221301 physical_stage1_items=19231 physical_stage1_total_ns=64635694288 physical_stage1_search_ns=59296275704 physical_stage1_prune_ns=3087433249 physical_stage1_allocate_write_ns=1887561242 physical_stage1_backlink_ns=330174461 physical_stage1_candidates=2461448 physical_stage1_remote_frontier_items=6091425 physical_stage1_neighbors=717003 peer_stage1_enqueued=6867 peer_stage1_processed=6867 peer_stage1_items=30732 avg_peer_stage1_items=4.475317 peer_stage1_rate_per_sec=1227.976608 peer_stage1_max_queue=46 peer_stage1_active_workers=0 peer_stage2_home_enqueued=23534 peer_stage2_home_processed=23534 peer_stage2_home_items=1847677 avg_peer_stage2_home_items=78.510963 peer_stage2_home_max_queue=32 peer_stage2_home_response_queue_drops=0 peer_stage2_home_response_send_wait_ms=324.297076 avg_peer_stage2_home_queue_wait_us=30.107208 avg_peer_stage2_home_execution_us=44.002985 peer_stage1_release_deferred_batches=11 peer_stage1_release_deferred_items=15 peer_stage1_duplicate_retry_responses=0 peer_stage1_admission_retry_responses=0 peer_stage1_retry_response_drops=0 peer_stage1_admission_waiters=0 peer_stage1_admission_waiter_items=0 peer_stage1_admission_owned_items=0 peer_stage1_admission_wake_coverage=0 peer_stage1_admission_parked=0 peer_stage1_admission_woken=0 peer_stage1_admission_reparked=0 peer_stage1_max_admission_waiters=0 peer_stage1_duplicate_coalesced=0 peer_reverse_enqueued=1339 peer_reverse_processed=1339 peer_reverse_remaining=0 peer_reverse_items_enqueued=12707 peer_reverse_items_processed=12707 peer_reverse_rate_per_sec=507.741076 peer_reverse_failed=1 peer_reverse_max_queue=22 reclaim_pending=1 reclaim_reused=185 dynamic_high_watermark=19047424832 stage2_remaining=0 cleanup_remaining=0 active_contexts=0 active_context_limit=32 repair_remaining=0 remaining=0
[STATUS]: storage-owner maintenance observation: enqueued=20368 stage2_enqueued=20368 cleanup_enqueued=0 stage2_tasks_done=20326 stage2_finalized_live=20326 cleanup_processed=0 stale=0 stage2_completion_ratio=0.997938 live_stage2_completion_ratio=0.997938 avg_stage2_delay_ms=91.789911 p99_stage2_delay_upper_ms=1000.000000 p99_stage2_delay_over_30s=false stage2_delay_histogram=0,0,0,22,1222,10815,4608,520,967,1314,657,201,0,0,0,0,0,0 max_stage2_delay_ms=1464.980808 compaction_batch_target=32 compaction_max_delay_ms=25.000000 stage2_rate_per_sec=676.932412 stage1_search_budget_exhausted=0 stage2_search_budget_exhausted=0 stage2_continuations=20363 stage2_remote_frontier_items=6838190 avg_stage2_remote_frontier=335.814467 stage2_remote_expansions=69777 avg_stage2_remote_expansions=3.426656 stage2_scored_candidates=8190172 avg_stage2_scored_candidates=402.208515 stage2_graph_read_waves=20043 avg_stage2_expansions_per_graph_wave=3.481365 stage2_graph_unique_reads=71899 stage2_graph_prefetch_issued=45157 stage2_graph_prefetch_hits=43362 stage2_graph_prefetch_wasted=1724 stage2_graph_prefetch_promotion_ratio=0.961762 stage2_graph_issue_width_current=16 stage2_vector_read_waves=52539 avg_stage2_scores_per_vector_wave=155.887474 stage2_vector_unique_reads=7138576 stage2_home_rpc_batches=48843 stage2_home_rpc_items=6552224 avg_stage2_home_rpc_batch=134.148680 stage2_home_score_rpc_batches=26784 stage2_home_score_rpc_items=6480325 stage2_home_score_rpc_queries=173205 stage2_home_score_rpc_request_bytes=174133588 stage2_home_score_rpc_response_bytes=208442568 avg_stage2_home_score_queries_per_rpc=6.466734 avg_stage2_home_score_rpc_batch=241.947618 stage2_home_scored_neighbors=7534977 home_scores_per_expansion=1.149988 stage2_migrations=309 home_match_rate=0.984798 stage2_final_edges=764784 stage2_cross_edges_stage1_home=15144 stage2_cross_edges_final_home=8703 cross_edge_reduction_ratio=0.425317 failed=0 rpc_timeouts=0 reverse_aggregate_batches=0 reverse_aggregate_logical_requests=0 reverse_aggregate_ops=0 avg_reverse_aggregate_logicals=0.000000 avg_reverse_aggregate_ops=0.000000 max_backlog=371 admission_window=65536 completion_outstanding=44 completion_incomplete=42 completed_behind_hole=2 completion_logical_full_failures=0 completion_physical_full_failures=0 pressure_yields=22775 stage2_batches=2815 avg_stage2_batch_size=7.233748 packing_target_batch=8 packing_admit_queue_avg=22.133215 packing_admit_queue_max=371 packing_batch_1_7=625 packing_batch_8=2190 packing_assembly_batches=2815 packing_assembly_wait_ms=51051.080740 packing_arrival_interval_us=3626 packing_waited_batches=625 packing_wait_ms=9844.625000 packing_target_flushes=2190 packing_deadline_flushes=625 packing_cleanup_flushes=0 stage2_phase_search_attempts=2810 stage2_phase_search_task_attempts=20326 stage2_phase_search_elapsed_ms=99268.430806 avg_stage2_phase_search_us_per_task=4883.815350 stage2_phase_freeze_prune_attempts=3145 stage2_phase_freeze_prune_task_attempts=22905 stage2_phase_freeze_prune_elapsed_ms=14362.803666 avg_stage2_phase_freeze_prune_us_per_task=627.059754 stage2_phase_reverse_prepare_attempts=2810 stage2_phase_reverse_prepare_task_attempts=20326 stage2_phase_reverse_prepare_elapsed_ms=59765.689797 avg_stage2_phase_reverse_prepare_us_per_task=2940.356676 stage2_phase_placement_authority_attempts=2810 stage2_phase_placement_authority_task_attempts=20326 stage2_phase_placement_authority_elapsed_ms=12801.824310 avg_stage2_phase_placement_authority_us_per_task=629.825067 stage2_phase_completion_handoff_attempts=2810 stage2_phase_completion_handoff_task_attempts=20326 stage2_phase_completion_handoff_elapsed_ms=4.651789 avg_stage2_phase_completion_handoff_us_per_task=0.228859 stage2_phase_finalize_attempts=2810 stage2_phase_finalize_task_attempts=20326 stage2_phase_finalize_elapsed_ms=15.917834 avg_stage2_phase_finalize_us_per_task=0.783127 maintenance_worker_idle_waits=108544 maintenance_worker_idle_ms=184447.561282 maintenance_lost_wake_avoided=7649 maintenance_targeted_wakes=143591 maintenance_generic_wakes=6789 maintenance_broadcast_wakes=0 maintenance_context_slots_scanned=505744 maintenance_ready_notifications=129991 maintenance_ready_stale_notifications=12 maintenance_ready_tickets_drained=90372 maintenance_ready_overflow_scans=0 maintenance_ready_fallback_scans=31695 stage2_search_lane_lease_limit=32 stage2_search_lane_lease_peak=15 stage2_search_lane_lease_blocked=0 maintenance_worker_observed_idle_ratio=0.767850 maintenance_worker_observed_busy_ratio=0.232150 physical_stage1_items=20374 physical_stage1_total_ns=69260923200 physical_stage1_search_ns=63626290836 physical_stage1_prune_ns=3289475852 physical_stage1_allocate_write_ns=1955186996 physical_stage1_backlink_ns=353038933 physical_stage1_candidates=2607739 physical_stage1_remote_frontier_items=6845280 physical_stage1_neighbors=758519 peer_stage1_enqueued=8038 peer_stage1_processed=8038 peer_stage1_items=32566 avg_peer_stage1_items=4.051505 peer_stage1_rate_per_sec=1084.570547 peer_stage1_max_queue=46 peer_stage1_active_workers=0 peer_stage2_home_enqueued=33845 peer_stage2_home_processed=33844 peer_stage2_home_items=2805026 avg_peer_stage2_home_items=82.881042 peer_stage2_home_max_queue=32 peer_stage2_home_response_queue_drops=0 peer_stage2_home_response_send_wait_ms=418.800266 avg_peer_stage2_home_queue_wait_us=26.927119 avg_peer_stage2_home_execution_us=45.428039 peer_stage1_release_deferred_batches=19 peer_stage1_release_deferred_items=26 peer_stage1_duplicate_retry_responses=0 peer_stage1_admission_retry_responses=0 peer_stage1_retry_response_drops=0 peer_stage1_admission_waiters=0 peer_stage1_admission_waiter_items=0 peer_stage1_admission_owned_items=0 peer_stage1_admission_wake_coverage=0 peer_stage1_admission_parked=0 peer_stage1_admission_woken=0 peer_stage1_admission_reparked=0 peer_stage1_max_admission_waiters=0 peer_stage1_duplicate_coalesced=0 peer_reverse_enqueued=1967 peer_reverse_processed=1967 peer_reverse_remaining=0 peer_reverse_items_enqueued=19036 peer_reverse_items_processed=19036 peer_reverse_rate_per_sec=633.970550 peer_reverse_failed=1 peer_reverse_max_queue=22 reclaim_pending=0 reclaim_reused=309 dynamic_high_watermark=19048557696 stage2_remaining=5 cleanup_remaining=0 active_contexts=5 active_context_limit=32 repair_remaining=0 remaining=42
[STATUS]: storage-owner maintenance observation: enqueued=21008 stage2_enqueued=21008 cleanup_enqueued=0 stage2_tasks_done=20998 stage2_finalized_live=20998 cleanup_processed=0 stale=0 stage2_completion_ratio=0.999524 live_stage2_completion_ratio=0.999524 avg_stage2_delay_ms=97.913809 p99_stage2_delay_upper_ms=1000.000000 p99_stage2_delay_over_30s=false stage2_delay_histogram=0,0,0,22,1222,10819,4635,611,1194,1561,733,201,0,0,0,0,0,0 max_stage2_delay_ms=1464.980808 compaction_batch_target=32 compaction_max_delay_ms=25.000000 stage2_rate_per_sec=599.485687 stage1_search_budget_exhausted=0 stage2_search_budget_exhausted=0 stage2_continuations=21005 stage2_remote_frontier_items=7266475 avg_stage2_remote_frontier=345.940252 stage2_remote_expansions=84783 avg_stage2_remote_expansions=4.036325 stage2_scored_candidates=8975877 avg_stage2_scored_candidates=427.320971 stage2_graph_read_waves=23687 avg_stage2_expansions_per_graph_wave=3.579305 stage2_graph_unique_reads=86990 stage2_graph_prefetch_issued=55872 stage2_graph_prefetch_hits=53665 stage2_graph_prefetch_wasted=2207 stage2_graph_prefetch_promotion_ratio=0.960499 stage2_graph_issue_width_current=16 stage2_vector_read_waves=62870 avg_stage2_scores_per_vector_wave=142.768840 stage2_vector_unique_reads=7646277 stage2_home_rpc_batches=54589 stage2_home_rpc_items=6983943 avg_stage2_home_rpc_batch=127.936819 stage2_home_score_rpc_batches=28487 stage2_home_score_rpc_items=6896953 stage2_home_score_rpc_queries=180635 stage2_home_score_rpc_request_bytes=184957356 stage2_home_score_rpc_response_bytes=221842832 avg_stage2_home_score_queries_per_rpc=6.340963 avg_stage2_home_score_rpc_batch=242.108786 stage2_home_scored_neighbors=8230541 home_scores_per_expansion=1.178495 stage2_migrations=398 home_match_rate=0.981046 stage2_final_edges=788810 stage2_cross_edges_stage1_home=18351 stage2_cross_edges_final_home=10154 cross_edge_reduction_ratio=0.446679 failed=0 rpc_timeouts=0 reverse_aggregate_batches=0 reverse_aggregate_logical_requests=0 reverse_aggregate_ops=0 avg_reverse_aggregate_logicals=0.000000 avg_reverse_aggregate_ops=0.000000 max_backlog=371 admission_window=65536 completion_outstanding=37 completion_incomplete=10 completed_behind_hole=27 completion_logical_full_failures=0 completion_physical_full_failures=0 pressure_yields=25433 stage2_batches=2959 avg_stage2_batch_size=7.098682 packing_target_batch=8 packing_admit_queue_avg=21.277459 packing_admit_queue_max=371 packing_batch_1_7=740 packing_batch_8=2219 packing_assembly_batches=2959 packing_assembly_wait_ms=54341.519877 packing_arrival_interval_us=12402 packing_waited_batches=740 packing_wait_ms=12691.389000 packing_target_flushes=2219 packing_deadline_flushes=740 packing_cleanup_flushes=0 stage2_phase_search_attempts=2959 stage2_phase_search_task_attempts=21005 stage2_phase_search_elapsed_ms=119116.726834 avg_stage2_phase_search_us_per_task=5670.874879 stage2_phase_freeze_prune_attempts=3303 stage2_phase_freeze_prune_task_attempts=23636 stage2_phase_freeze_prune_elapsed_ms=17457.795515 avg_stage2_phase_freeze_prune_us_per_task=738.610404 stage2_phase_reverse_prepare_attempts=2958 stage2_phase_reverse_prepare_task_attempts=21003 stage2_phase_reverse_prepare_elapsed_ms=66107.626134 avg_stage2_phase_reverse_prepare_us_per_task=3147.532549 stage2_phase_placement_authority_attempts=2957 stage2_phase_placement_authority_task_attempts=20998 stage2_phase_placement_authority_elapsed_ms=15385.181636 avg_stage2_phase_placement_authority_us_per_task=732.697478 stage2_phase_completion_handoff_attempts=2957 stage2_phase_completion_handoff_task_attempts=20998 stage2_phase_completion_handoff_elapsed_ms=4.953383 avg_stage2_phase_completion_handoff_us_per_task=0.235898 stage2_phase_finalize_attempts=2957 stage2_phase_finalize_task_attempts=20998 stage2_phase_finalize_elapsed_ms=16.710327 avg_stage2_phase_finalize_us_per_task=0.795806 maintenance_worker_idle_waits=127680 maintenance_worker_idle_ms=216824.380331 maintenance_lost_wake_avoided=8139 maintenance_targeted_wakes=164494 maintenance_generic_wakes=7252 maintenance_broadcast_wakes=0 maintenance_context_slots_scanned=576256 maintenance_ready_notifications=148334 maintenance_ready_stale_notifications=15 maintenance_ready_tickets_drained=106183 maintenance_ready_overflow_scans=0 maintenance_ready_fallback_scans=36138 stage2_search_lane_lease_limit=32 stage2_search_lane_lease_peak=15 stage2_search_lane_lease_blocked=0 maintenance_worker_observed_idle_ratio=0.773783 maintenance_worker_observed_busy_ratio=0.226217 physical_stage1_items=21011 physical_stage1_total_ns=71711829141 physical_stage1_search_ns=65918901189 physical_stage1_prune_ns=3392056171 physical_stage1_allocate_write_ns=1991855746 physical_stage1_backlink_ns=370523541 physical_stage1_candidates=2689260 physical_stage1_remote_frontier_items=7270691 physical_stage1_neighbors=780381 peer_stage1_enqueued=8796 peer_stage1_processed=8794 peer_stage1_items=33586 avg_peer_stage1_items=3.819195 peer_stage1_rate_per_sec=958.868764 peer_stage1_max_queue=46 peer_stage1_active_workers=2 peer_stage2_home_enqueued=44317 peer_stage2_home_processed=44317 peer_stage2_home_items=3740473 avg_peer_stage2_home_items=84.402667 peer_stage2_home_max_queue=32 peer_stage2_home_response_queue_drops=0 peer_stage2_home_response_send_wait_ms=506.172314 avg_peer_stage2_home_queue_wait_us=24.661928 avg_peer_stage2_home_execution_us=45.640457 peer_stage1_release_deferred_batches=22 peer_stage1_release_deferred_items=32 peer_stage1_duplicate_retry_responses=0 peer_stage1_admission_retry_responses=0 peer_stage1_retry_response_drops=0 peer_stage1_admission_waiters=0 peer_stage1_admission_waiter_items=0 peer_stage1_admission_owned_items=0 peer_stage1_admission_wake_coverage=0 peer_stage1_admission_parked=0 peer_stage1_admission_woken=0 peer_stage1_admission_reparked=0 peer_stage1_max_admission_waiters=0 peer_stage1_duplicate_coalesced=0 peer_reverse_enqueued=2660 peer_reverse_processed=2660 peer_reverse_remaining=0 peer_reverse_items_enqueued=25489 peer_reverse_items_processed=25489 peer_reverse_rate_per_sec=727.702195 peer_reverse_failed=2 peer_reverse_max_queue=22 reclaim_pending=0 reclaim_reused=398 dynamic_high_watermark=19049204480 stage2_remaining=3 cleanup_remaining=0 active_contexts=2 active_context_limit=32 repair_remaining=0 remaining=10
[STATUS]: storage-owner maintenance observation: enqueued=21694 stage2_enqueued=21694 cleanup_enqueued=0 stage2_tasks_done=21607 stage2_finalized_live=21607 cleanup_processed=0 stale=0 stage2_completion_ratio=0.995990 live_stage2_completion_ratio=0.995990 avg_stage2_delay_ms=104.543671 p99_stage2_delay_upper_ms=1000.000000 p99_stage2_delay_over_30s=false stage2_delay_histogram=0,0,0,22,1222,10820,4645,683,1364,1801,843,207,0,0,0,0,0,0 max_stage2_delay_ms=1464.980808 compaction_batch_target=32 compaction_max_delay_ms=25.000000 stage2_rate_per_sec=539.806359 stage1_search_budget_exhausted=0 stage2_search_budget_exhausted=0 stage2_continuations=21690 stage2_remote_frontier_items=7779371 avg_stage2_remote_frontier=358.661641 stage2_remote_expansions=99616 avg_stage2_remote_expansions=4.592716 stage2_scored_candidates=9839833 avg_stage2_scored_candidates=453.657584 stage2_graph_read_waves=27539 avg_stage2_expansions_per_graph_wave=3.617270 stage2_graph_unique_reads=102571 stage2_graph_prefetch_issued=66795 stage2_graph_prefetch_hits=64050 stage2_graph_prefetch_wasted=2675 stage2_graph_prefetch_promotion_ratio=0.959910 stage2_graph_issue_width_current=16 stage2_vector_read_waves=74275 avg_stage2_scores_per_vector_wave=132.478398 stage2_vector_unique_reads=8223275 stage2_home_rpc_batches=60860 stage2_home_rpc_items=7479049 avg_stage2_home_rpc_batch=122.889402 stage2_home_score_rpc_batches=30447 stage2_home_score_rpc_items=7376478 stage2_home_score_rpc_queries=189268 stage2_home_score_rpc_request_bytes=197423224 stage2_home_score_rpc_response_bytes=237266144 avg_stage2_home_score_queries_per_rpc=6.216310 avg_stage2_home_score_rpc_batch=242.272736 stage2_home_scored_neighbors=8998911 home_scores_per_expansion=1.203216 stage2_migrations=486 home_match_rate=0.977507 stage2_final_edges=812368 stage2_cross_edges_stage1_home=21650 stage2_cross_edges_final_home=11722 cross_edge_reduction_ratio=0.458568 failed=0 rpc_timeouts=0 reverse_aggregate_batches=0 reverse_aggregate_logical_requests=0 reverse_aggregate_ops=0 avg_reverse_aggregate_logicals=0.000000 avg_reverse_aggregate_ops=0.000000 max_backlog=371 admission_window=65536 completion_outstanding=195 completion_incomplete=87 completed_behind_hole=108 completion_logical_full_failures=0 completion_physical_full_failures=0 pressure_yields=29421 stage2_batches=3102 avg_stage2_batch_size=6.992263 packing_target_batch=8 packing_admit_queue_avg=20.526435 packing_admit_queue_max=371 packing_batch_1_7=845 packing_batch_8=2257 packing_assembly_batches=3102 packing_assembly_wait_ms=57425.565542 packing_arrival_interval_us=2842 packing_waited_batches=845 packing_wait_ms=15270.280000 packing_target_flushes=2257 packing_deadline_flushes=845 packing_cleanup_flushes=0 stage2_phase_search_attempts=3095 stage2_phase_search_task_attempts=21646 stage2_phase_search_elapsed_ms=141753.135771 avg_stage2_phase_search_us_per_task=6548.698871 stage2_phase_freeze_prune_attempts=3449 stage2_phase_freeze_prune_task_attempts=24341 stage2_phase_freeze_prune_elapsed_ms=20215.322753 avg_stage2_phase_freeze_prune_us_per_task=830.505023 stage2_phase_reverse_prepare_attempts=3092 stage2_phase_reverse_prepare_task_attempts=21631 stage2_phase_reverse_prepare_elapsed_ms=73090.021342 avg_stage2_phase_reverse_prepare_us_per_task=3378.947868 stage2_phase_placement_authority_attempts=3089 stage2_phase_placement_authority_task_attempts=21607 stage2_phase_placement_authority_elapsed_ms=18210.697950 avg_stage2_phase_placement_authority_us_per_task=842.814734 stage2_phase_completion_handoff_attempts=3089 stage2_phase_completion_handoff_task_attempts=21607 stage2_phase_completion_handoff_elapsed_ms=5.234223 avg_stage2_phase_completion_handoff_us_per_task=0.242247 stage2_phase_finalize_attempts=3089 stage2_phase_finalize_task_attempts=21607 stage2_phase_finalize_elapsed_ms=17.515171 avg_stage2_phase_finalize_us_per_task=0.810625 maintenance_worker_idle_waits=148032 maintenance_worker_idle_ms=249349.931137 maintenance_lost_wake_avoided=8886 maintenance_targeted_wakes=187644 maintenance_generic_wakes=7737 maintenance_broadcast_wakes=0 maintenance_context_slots_scanned=653360 maintenance_ready_notifications=168364 maintenance_ready_stale_notifications=19 maintenance_ready_tickets_drained=123505 maintenance_ready_overflow_scans=0 maintenance_ready_fallback_scans=40930 stage2_search_lane_lease_limit=32 stage2_search_lane_lease_peak=15 stage2_search_lane_lease_blocked=0 maintenance_worker_observed_idle_ratio=0.778687 maintenance_worker_observed_busy_ratio=0.221313 physical_stage1_items=21701 physical_stage1_total_ns=74541285458 physical_stage1_search_ns=68574596785 physical_stage1_prune_ns=3508834207 physical_stage1_allocate_write_ns=2033816431 physical_stage1_backlink_ns=383914377 physical_stage1_candidates=2777571 physical_stage1_remote_frontier_items=7785322 physical_stage1_neighbors=806009 peer_stage1_enqueued=9607 peer_stage1_processed=9606 peer_stage1_items=34685 avg_peer_stage1_items=3.610764 peer_stage1_rate_per_sec=866.533233 peer_stage1_max_queue=46 peer_stage1_active_workers=1 peer_stage2_home_enqueued=53282 peer_stage2_home_processed=53282 peer_stage2_home_items=4627381 avg_peer_stage2_home_items=86.846984 peer_stage2_home_max_queue=32 peer_stage2_home_response_queue_drops=0 peer_stage2_home_response_send_wait_ms=591.851234 avg_peer_stage2_home_queue_wait_us=24.149445 avg_peer_stage2_home_execution_us=45.830523 peer_stage1_release_deferred_batches=27 peer_stage1_release_deferred_items=37 peer_stage1_duplicate_retry_responses=0 peer_stage1_admission_retry_responses=0 peer_stage1_retry_response_drops=0 peer_stage1_admission_waiters=0 peer_stage1_admission_waiter_items=0 peer_stage1_admission_owned_items=0 peer_stage1_admission_wake_coverage=0 peer_stage1_admission_parked=0 peer_stage1_admission_woken=0 peer_stage1_admission_reparked=0 peer_stage1_max_admission_waiters=0 peer_stage1_duplicate_coalesced=1 peer_reverse_enqueued=3290 peer_reverse_processed=3289 peer_reverse_remaining=1 peer_reverse_items_enqueued=30766 peer_reverse_items_processed=30754 peer_reverse_rate_per_sec=768.325300 peer_reverse_failed=2 peer_reverse_max_queue=22 reclaim_pending=1 reclaim_reused=485 dynamic_high_watermark=19049870112 stage2_remaining=4 cleanup_remaining=0 active_contexts=13 active_context_limit=32 repair_remaining=0 remaining=87
[STATUS]: storage-owner maintenance observation: enqueued=22787 stage2_enqueued=22787 cleanup_enqueued=0 stage2_tasks_done=22714 stage2_finalized_live=22714 cleanup_processed=0 stale=0 stage2_completion_ratio=0.996796 live_stage2_completion_ratio=0.996796 avg_stage2_delay_ms=116.249819 p99_stage2_delay_upper_ms=1000.000000 p99_stage2_delay_over_30s=false stage2_delay_histogram=0,0,0,22,1222,10823,4656,791,1641,2317,1035,207,0,0,0,0,0,0 max_stage2_delay_ms=1464.980808 compaction_batch_target=32 compaction_max_delay_ms=25.000000 stage2_rate_per_sec=504.444723 stage1_search_budget_exhausted=0 stage2_search_budget_exhausted=0 stage2_continuations=22785 stage2_remote_frontier_items=8463381 avg_stage2_remote_frontier=371.445293 stage2_remote_expansions=118351 avg_stage2_remote_expansions=5.194251 stage2_scored_candidates=11013562 avg_stage2_scored_candidates=483.368971 stage2_graph_read_waves=32341 avg_stage2_expansions_per_graph_wave=3.659472 stage2_graph_unique_reads=122385 stage2_graph_prefetch_issued=80821 stage2_graph_prefetch_hits=77533 stage2_graph_prefetch_wasted=3200 stage2_graph_prefetch_promotion_ratio=0.960363 stage2_graph_issue_width_current=16 stage2_vector_read_waves=87603 avg_stage2_scores_per_vector_wave=125.721288 stage2_vector_unique_reads=9030791 stage2_home_rpc_batches=68882 stage2_home_rpc_items=8175700 avg_stage2_home_rpc_batch=118.691385 stage2_home_score_rpc_batches=33210 stage2_home_score_rpc_items=8053315 stage2_home_score_rpc_queries=203064 stage2_home_score_rpc_request_bytes=215179632 stage2_home_score_rpc_response_bytes=259035688 avg_stage2_home_score_queries_per_rpc=6.114544 avg_stage2_home_score_rpc_batch=242.496688 stage2_home_scored_neighbors=10042983 home_scores_per_expansion=1.228394 stage2_migrations=599 home_match_rate=0.973629 stage2_final_edges=854075 stage2_cross_edges_stage1_home=25674 stage2_cross_edges_final_home=13588 cross_edge_reduction_ratio=0.470749 failed=0 rpc_timeouts=0 reverse_aggregate_batches=0 reverse_aggregate_logical_requests=0 reverse_aggregate_ops=0 avg_reverse_aggregate_logicals=0.000000 avg_reverse_aggregate_ops=0.000000 max_backlog=371 admission_window=65536 completion_outstanding=229 completion_incomplete=73 completed_behind_hole=156 completion_logical_full_failures=0 completion_physical_full_failures=0 pressure_yields=35057 stage2_batches=3290 avg_stage2_batch_size=6.925532 packing_target_batch=8 packing_admit_queue_avg=19.703040 packing_admit_queue_max=371 packing_batch_1_7=950 packing_batch_8=2340 packing_assembly_batches=3290 packing_assembly_wait_ms=61137.608639 packing_arrival_interval_us=7754 packing_waited_batches=950 packing_wait_ms=17830.244000 packing_target_flushes=2340 packing_deadline_flushes=950 packing_cleanup_flushes=0 stage2_phase_search_attempts=3285 stage2_phase_search_task_attempts=22754 stage2_phase_search_elapsed_ms=174829.407852 avg_stage2_phase_search_us_per_task=7683.458199 stage2_phase_freeze_prune_attempts=3673 stage2_phase_freeze_prune_task_attempts=25672 stage2_phase_freeze_prune_elapsed_ms=24217.570374 avg_stage2_phase_freeze_prune_us_per_task=943.345683 stage2_phase_reverse_prepare_attempts=3281 stage2_phase_reverse_prepare_task_attempts=22730 stage2_phase_reverse_prepare_elapsed_ms=85203.378836 avg_stage2_phase_reverse_prepare_us_per_task=3748.498849 stage2_phase_placement_authority_attempts=3279 stage2_phase_placement_authority_task_attempts=22714 stage2_phase_placement_authority_elapsed_ms=22635.985492 avg_stage2_phase_placement_authority_us_per_task=996.565356 stage2_phase_completion_handoff_attempts=3279 stage2_phase_completion_handoff_task_attempts=22714 stage2_phase_completion_handoff_elapsed_ms=5.690515 avg_stage2_phase_completion_handoff_us_per_task=0.250529 stage2_phase_finalize_attempts=3279 stage2_phase_finalize_task_attempts=22714 stage2_phase_finalize_elapsed_ms=18.909964 avg_stage2_phase_finalize_us_per_task=0.832525 maintenance_worker_idle_waits=170944 maintenance_worker_idle_ms=277598.983232 maintenance_lost_wake_avoided=9870 maintenance_targeted_wakes=216931 maintenance_generic_wakes=8460 maintenance_broadcast_wakes=0 maintenance_context_slots_scanned=733744 maintenance_ready_notifications=193489 maintenance_ready_stale_notifications=25 maintenance_ready_tickets_drained=144365 maintenance_ready_overflow_scans=0 maintenance_ready_fallback_scans=45956 stage2_search_lane_lease_limit=32 stage2_search_lane_lease_peak=15 stage2_search_lane_lease_blocked=0 maintenance_worker_observed_idle_ratio=0.770633 maintenance_worker_observed_busy_ratio=0.229367 physical_stage1_items=22790 physical_stage1_total_ns=78998481152 physical_stage1_search_ns=72723946291 physical_stage1_prune_ns=3704777353 physical_stage1_allocate_write_ns=2121774584 physical_stage1_backlink_ns=405356131 physical_stage1_candidates=2916943 physical_stage1_remote_frontier_items=8464617 physical_stage1_neighbors=845877 peer_stage1_enqueued=10798 peer_stage1_processed=10798 peer_stage1_items=36420 avg_peer_stage1_items=3.372847 peer_stage1_rate_per_sec=808.834939 peer_stage1_max_queue=46 peer_stage1_active_workers=0 peer_stage2_home_enqueued=64234 peer_stage2_home_processed=64234 peer_stage2_home_items=5668700 avg_peer_stage2_home_items=88.250771 peer_stage2_home_max_queue=32 peer_stage2_home_response_queue_drops=0 peer_stage2_home_response_send_wait_ms=730.211293 avg_peer_stage2_home_queue_wait_us=24.184907 avg_peer_stage2_home_execution_us=46.040725 peer_stage1_release_deferred_batches=34 peer_stage1_release_deferred_items=50 peer_stage1_duplicate_retry_responses=0 peer_stage1_admission_retry_responses=0 peer_stage1_retry_response_drops=0 peer_stage1_admission_waiters=0 peer_stage1_admission_waiter_items=0 peer_stage1_admission_owned_items=0 peer_stage1_admission_wake_coverage=0 peer_stage1_admission_parked=0 peer_stage1_admission_woken=0 peer_stage1_admission_reparked=0 peer_stage1_max_admission_waiters=0 peer_stage1_duplicate_coalesced=1 peer_reverse_enqueued=4004 peer_reverse_processed=4003 peer_reverse_remaining=1 peer_reverse_items_enqueued=37495 peer_reverse_items_processed=37487 peer_reverse_rate_per_sec=832.531449 peer_reverse_failed=2 peer_reverse_max_queue=22 reclaim_pending=9 reclaim_reused=590 dynamic_high_watermark=19050953376 stage2_remaining=2 cleanup_remaining=0 active_contexts=11 active_context_limit=32 repair_remaining=0 remaining=73
[STATUS]: storage-owner maintenance observation: enqueued=24070 stage2_enqueued=24070 cleanup_enqueued=0 stage2_tasks_done=23965 stage2_finalized_live=23965 cleanup_processed=0 stale=0 stage2_completion_ratio=0.995638 live_stage2_completion_ratio=0.995638 avg_stage2_delay_ms=128.239671 p99_stage2_delay_upper_ms=1000.000000 p99_stage2_delay_over_30s=false stage2_delay_histogram=0,0,0,22,1223,10825,4686,898,2003,2838,1239,231,0,0,0,0,0,0 max_stage2_delay_ms=1464.980808 compaction_batch_target=32 compaction_max_delay_ms=25.000000 stage2_rate_per_sec=479.033588 stage1_search_budget_exhausted=0 stage2_search_budget_exhausted=0 stage2_continuations=24063 stage2_remote_frontier_items=9237467 avg_stage2_remote_frontier=383.886756 stage2_remote_expansions=138404 avg_stage2_remote_expansions=5.751735 stage2_scored_candidates=12278837 avg_stage2_scored_candidates=510.278727 stage2_graph_read_waves=37336 avg_stage2_expansions_per_graph_wave=3.706985 stage2_graph_unique_reads=142681 stage2_graph_prefetch_issued=94958 stage2_graph_prefetch_hits=91007 stage2_graph_prefetch_wasted=3864 stage2_graph_prefetch_promotion_ratio=0.959271 stage2_graph_issue_width_current=16 stage2_vector_read_waves=100959 avg_stage2_scores_per_vector_wave=121.622015 stage2_vector_unique_reads=9912231 stage2_home_rpc_batches=77332 stage2_home_rpc_items=8937231 avg_stage2_home_rpc_batch=115.569635 stage2_home_score_rpc_batches=36235 stage2_home_score_rpc_items=8794550 stage2_home_score_rpc_queries=218458 stage2_home_score_rpc_request_bytes=234654500 stage2_home_score_rpc_response_bytes=282876728 avg_stage2_home_score_queries_per_rpc=6.028922 avg_stage2_home_score_rpc_batch=242.708707 stage2_home_scored_neighbors=11169478 home_scores_per_expansion=1.249769 stage2_migrations=715 home_match_rate=0.970165 stage2_final_edges=902894 stage2_cross_edges_stage1_home=30278 stage2_cross_edges_final_home=16103 cross_edge_reduction_ratio=0.468162 failed=0 rpc_timeouts=0 reverse_aggregate_batches=0 reverse_aggregate_logical_requests=0 reverse_aggregate_ops=0 avg_reverse_aggregate_logicals=0.000000 avg_reverse_aggregate_ops=0.000000 max_backlog=371 admission_window=65536 completion_outstanding=264 completion_incomplete=105 completed_behind_hole=159 completion_logical_full_failures=0 completion_physical_full_failures=0 pressure_yields=38530 stage2_batches=3496 avg_stage2_batch_size=6.883009 packing_target_batch=8 packing_admit_queue_avg=18.935641 packing_admit_queue_max=371 packing_batch_1_7=1054 packing_batch_8=2442 packing_assembly_batches=3496 packing_assembly_wait_ms=64923.217388 packing_arrival_interval_us=3316 packing_waited_batches=1054 packing_wait_ms=20309.049000 packing_target_flushes=2442 packing_deadline_flushes=1054 packing_cleanup_flushes=0 stage2_phase_search_attempts=3486 stage2_phase_search_task_attempts=23995 stage2_phase_search_elapsed_ms=213227.659754 avg_stage2_phase_search_us_per_task=8886.337143 stage2_phase_freeze_prune_attempts=3907 stage2_phase_freeze_prune_task_attempts=27147 stage2_phase_freeze_prune_elapsed_ms=29768.530151 avg_stage2_phase_freeze_prune_us_per_task=1096.567950 stage2_phase_reverse_prepare_attempts=3483 stage2_phase_reverse_prepare_task_attempts=23971 stage2_phase_reverse_prepare_elapsed_ms=97444.726656 avg_stage2_phase_reverse_prepare_us_per_task=4065.108951 stage2_phase_placement_authority_attempts=3482 stage2_phase_placement_authority_task_attempts=23965 stage2_phase_placement_authority_elapsed_ms=27459.720913 avg_stage2_phase_placement_authority_us_per_task=1145.826034 stage2_phase_completion_handoff_attempts=3482 stage2_phase_completion_handoff_task_attempts=23965 stage2_phase_completion_handoff_elapsed_ms=6.208580 avg_stage2_phase_completion_handoff_us_per_task=0.259069 stage2_phase_finalize_attempts=3482 stage2_phase_finalize_task_attempts=23965 stage2_phase_finalize_elapsed_ms=20.581215 avg_stage2_phase_finalize_us_per_task=0.858803 maintenance_worker_idle_waits=194944 maintenance_worker_idle_ms=303433.867333 maintenance_lost_wake_avoided=11131 maintenance_targeted_wakes=250143 maintenance_generic_wakes=9254 maintenance_broadcast_wakes=0 maintenance_context_slots_scanned=833040 maintenance_ready_notifications=219381 maintenance_ready_stale_notifications=29 maintenance_ready_tickets_drained=165748 maintenance_ready_overflow_scans=0 maintenance_ready_fallback_scans=52126 stage2_search_lane_lease_limit=32 stage2_search_lane_lease_peak=16 stage2_search_lane_lease_blocked=0 maintenance_worker_observed_idle_ratio=0.758163 maintenance_worker_observed_busy_ratio=0.241837 physical_stage1_items=24075 physical_stage1_total_ns=84599495891 physical_stage1_search_ns=77932042170 physical_stage1_prune_ns=3946595537 physical_stage1_allocate_write_ns=2243804044 physical_stage1_backlink_ns=431211685 physical_stage1_candidates=3081406 physical_stage1_remote_frontier_items=9245462 physical_stage1_neighbors=894751 peer_stage1_enqueued=12101 peer_stage1_processed=12100 peer_stage1_items=38494 avg_peer_stage1_items=3.181322 peer_stage1_rate_per_sec=769.452073 peer_stage1_max_queue=46 peer_stage1_active_workers=1 peer_stage2_home_enqueued=75730 peer_stage2_home_processed=75730 peer_stage2_home_items=6641516 avg_peer_stage2_home_items=87.699934 peer_stage2_home_max_queue=32 peer_stage2_home_response_queue_drops=0 peer_stage2_home_response_send_wait_ms=865.027845 avg_peer_stage2_home_queue_wait_us=23.963970 avg_peer_stage2_home_execution_us=45.996650 peer_stage1_release_deferred_batches=48 peer_stage1_release_deferred_items=78 peer_stage1_duplicate_retry_responses=0 peer_stage1_admission_retry_responses=0 peer_stage1_retry_response_drops=0 peer_stage1_admission_waiters=0 peer_stage1_admission_waiter_items=0 peer_stage1_admission_owned_items=0 peer_stage1_admission_wake_coverage=0 peer_stage1_admission_parked=0 peer_stage1_admission_woken=0 peer_stage1_admission_reparked=0 peer_stage1_max_admission_waiters=0 peer_stage1_duplicate_coalesced=1 peer_reverse_enqueued=4652 peer_reverse_processed=4652 peer_reverse_remaining=0 peer_reverse_items_enqueued=44241 peer_reverse_items_processed=44241 peer_reverse_rate_per_sec=884.328185 peer_reverse_failed=2 peer_reverse_max_queue=22 reclaim_pending=10 reclaim_reused=705 dynamic_high_watermark=19052228096 stage2_remaining=7 cleanup_remaining=0 active_contexts=14 active_context_limit=32 repair_remaining=0 remaining=105
[STATUS]: storage-owner maintenance observation: enqueued=25169 stage2_enqueued=25169 cleanup_enqueued=0 stage2_tasks_done=25025 stage2_finalized_live=25025 cleanup_processed=0 stale=0 stage2_completion_ratio=0.994279 live_stage2_completion_ratio=0.994279 avg_stage2_delay_ms=139.619257 p99_stage2_delay_upper_ms=2000.000000 p99_stage2_delay_over_30s=false stage2_delay_histogram=0,0,0,22,1223,10835,4715,967,2244,3247,1515,257,0,0,0,0,0,0 max_stage2_delay_ms=1464.980808 compaction_batch_target=32 compaction_max_delay_ms=25.000000 stage2_rate_per_sec=454.762697 stage1_search_budget_exhausted=0 stage2_search_budget_exhausted=0 stage2_continuations=25163 stage2_remote_frontier_items=9924482 avg_stage2_remote_frontier=394.407742 stage2_remote_expansions=161906 avg_stage2_remote_expansions=6.434288 stage2_scored_candidates=13626961 avg_stage2_scored_candidates=541.547550 stage2_graph_read_waves=43195 avg_stage2_expansions_per_graph_wave=3.748258 stage2_graph_unique_reads=167790 stage2_graph_prefetch_issued=112612 stage2_graph_prefetch_hits=107701 stage2_graph_prefetch_wasted=4608 stage2_graph_prefetch_promotion_ratio=0.958970 stage2_graph_issue_width_current=16 stage2_vector_read_waves=114242 avg_stage2_scores_per_vector_wave=119.281534 stage2_vector_unique_reads=10721542 stage2_home_rpc_batches=86351 stage2_home_rpc_items=9617611 avg_stage2_home_rpc_batch=111.378108 stage2_home_score_rpc_batches=38913 stage2_home_score_rpc_items=9449821 stage2_home_score_rpc_queries=230810 stage2_home_score_rpc_request_bytes=251744568 stage2_home_score_rpc_response_bytes=303952880 avg_stage2_home_score_queries_per_rpc=5.931437 avg_stage2_home_score_rpc_batch=242.844833 stage2_home_scored_neighbors=12363518 home_scores_per_expansion=1.285508 stage2_migrations=873 home_match_rate=0.965115 stage2_final_edges=935969 stage2_cross_edges_stage1_home=35778 stage2_cross_edges_final_home=18149 cross_edge_reduction_ratio=0.492733 failed=0 rpc_timeouts=0 reverse_aggregate_batches=0 reverse_aggregate_logical_requests=0 reverse_aggregate_ops=0 avg_reverse_aggregate_logicals=0.000000 avg_reverse_aggregate_ops=0.000000 max_backlog=371 admission_window=65536 completion_outstanding=260 completion_incomplete=144 completed_behind_hole=116 completion_logical_full_failures=0 completion_physical_full_failures=0 pressure_yields=45844 stage2_batches=3666 avg_stage2_batch_size=6.863884 packing_target_batch=8 packing_admit_queue_avg=18.374250 packing_admit_queue_max=371 packing_batch_1_7=1131 packing_batch_8=2535 packing_assembly_batches=3666 packing_assembly_wait_ms=68094.181506 packing_arrival_interval_us=2140 packing_waited_batches=1131 packing_wait_ms=22124.735000 packing_target_flushes=2535 packing_deadline_flushes=1131 packing_cleanup_flushes=0 stage2_phase_search_attempts=3650 stage2_phase_search_task_attempts=25041 stage2_phase_search_elapsed_ms=250057.916778 avg_stage2_phase_search_us_per_task=9985.939730 stage2_phase_freeze_prune_attempts=4087 stage2_phase_freeze_prune_task_attempts=28309 stage2_phase_freeze_prune_elapsed_ms=33705.593492 avg_stage2_phase_freeze_prune_us_per_task=1190.631725 stage2_phase_reverse_prepare_attempts=3649 stage2_phase_reverse_prepare_task_attempts=25033 stage2_phase_reverse_prepare_elapsed_ms=107928.194232 avg_stage2_phase_reverse_prepare_us_per_task=4311.436673 stage2_phase_placement_authority_attempts=3648 stage2_phase_placement_authority_task_attempts=25025 stage2_phase_placement_authority_elapsed_ms=31823.525910 avg_stage2_phase_placement_authority_us_per_task=1271.669367 stage2_phase_completion_handoff_attempts=3648 stage2_phase_completion_handoff_task_attempts=25025 stage2_phase_completion_handoff_elapsed_ms=6.660369 avg_stage2_phase_completion_handoff_us_per_task=0.266149 stage2_phase_finalize_attempts=3648 stage2_phase_finalize_task_attempts=25025 stage2_phase_finalize_elapsed_ms=22.022517 avg_stage2_phase_finalize_us_per_task=0.880021 maintenance_worker_idle_waits=219328 maintenance_worker_idle_ms=331968.373589 maintenance_lost_wake_avoided=12459 maintenance_targeted_wakes=285957 maintenance_generic_wakes=9933 maintenance_broadcast_wakes=0 maintenance_context_slots_scanned=948944 maintenance_ready_notifications=245182 maintenance_ready_stale_notifications=35 maintenance_ready_tickets_drained=187471 maintenance_ready_overflow_scans=0 maintenance_ready_fallback_scans=59417 stage2_search_lane_lease_limit=32 stage2_search_lane_lease_peak=16 stage2_search_lane_lease_blocked=0 maintenance_worker_observed_idle_ratio=0.754080 maintenance_worker_observed_busy_ratio=0.245920 physical_stage1_items=25177 physical_stage1_total_ns=88954164566 physical_stage1_search_ns=82016281395 physical_stage1_prune_ns=4104609665 physical_stage1_allocate_write_ns=2330981869 physical_stage1_backlink_ns=453569885 physical_stage1_candidates=3222428 physical_stage1_remote_frontier_items=9931990 physical_stage1_neighbors=925605 peer_stage1_enqueued=13239 peer_stage1_processed=13238 peer_stage1_items=40264 avg_peer_stage1_items=3.041547 peer_stage1_rate_per_sec=731.690918 peer_stage1_max_queue=46 peer_stage1_active_workers=1 peer_stage2_home_enqueued=87948 peer_stage2_home_processed=87948 peer_stage2_home_items=7727441 avg_peer_stage2_home_items=87.863749 peer_stage2_home_max_queue=32 peer_stage2_home_response_queue_drops=0 peer_stage2_home_response_send_wait_ms=986.101158 avg_peer_stage2_home_queue_wait_us=23.308229 avg_peer_stage2_home_execution_us=46.011926 peer_stage1_release_deferred_batches=58 peer_stage1_release_deferred_items=94 peer_stage1_duplicate_retry_responses=0 peer_stage1_admission_retry_responses=0 peer_stage1_retry_response_drops=0 peer_stage1_admission_waiters=0 peer_stage1_admission_waiter_items=0 peer_stage1_admission_owned_items=0 peer_stage1_admission_wake_coverage=0 peer_stage1_admission_parked=0 peer_stage1_admission_woken=0 peer_stage1_admission_reparked=0 peer_stage1_max_admission_waiters=0 peer_stage1_duplicate_coalesced=2 peer_reverse_enqueued=5443 peer_reverse_processed=5443 peer_reverse_remaining=0 peer_reverse_items_enqueued=51832 peer_reverse_items_processed=51832 peer_reverse_rate_per_sec=941.908496 peer_reverse_failed=2 peer_reverse_max_queue=22 reclaim_pending=9 reclaim_reused=864 dynamic_high_watermark=19053286560 stage2_remaining=6 cleanup_remaining=0 active_contexts=18 active_context_limit=32 repair_remaining=0 remaining=144
[STATUS]: storage-owner maintenance observation: enqueued=26618 stage2_enqueued=26618 cleanup_enqueued=0 stage2_tasks_done=26466 stage2_finalized_live=26466 cleanup_processed=0 stale=0 stage2_completion_ratio=0.994290 live_stage2_completion_ratio=0.994290 avg_stage2_delay_ms=160.035157 p99_stage2_delay_upper_ms=2000.000000 p99_stage2_delay_over_30s=false stage2_delay_histogram=0,0,0,22,1224,10840,4754,1058,2473,3664,2043,388,0,0,0,0,0,0 max_stage2_delay_ms=1539.944444 compaction_batch_target=32 compaction_max_delay_ms=25.000000 stage2_rate_per_sec=440.888058 stage1_search_budget_exhausted=0 stage2_search_budget_exhausted=0 stage2_continuations=26615 stage2_remote_frontier_items=10802160 avg_stage2_remote_frontier=405.867368 stage2_remote_expansions=193935 avg_stage2_remote_expansions=7.286680 stage2_scored_candidates=15552365 avg_stage2_scored_candidates=584.345858 stage2_graph_read_waves=52964 avg_stage2_expansions_per_graph_wave=3.661638 stage2_graph_unique_reads=201593 stage2_graph_prefetch_issued=134397 stage2_graph_prefetch_hits=128002 stage2_graph_prefetch_wasted=6042 stage2_graph_prefetch_promotion_ratio=0.954925 stage2_graph_issue_width_current=16 stage2_vector_read_waves=134655 avg_stage2_scores_per_vector_wave=115.497865 stage2_vector_unique_reads=11862086 stage2_home_rpc_batches=99934 stage2_home_rpc_items=10502693 avg_stage2_home_rpc_batch=105.096294 stage2_home_score_rpc_batches=42435 stage2_home_score_rpc_items=10301101 stage2_home_score_rpc_queries=246273 stage2_home_score_rpc_request_bytes=273896140 stage2_home_score_rpc_response_bytes=331337920 avg_stage2_home_score_queries_per_rpc=5.803535 avg_stage2_home_score_rpc_batch=242.750112 stage2_home_scored_neighbors=13999467 home_scores_per_expansion=1.332941 stage2_migrations=1096 home_match_rate=0.958588 stage2_final_edges=980093 stage2_cross_edges_stage1_home=43082 stage2_cross_edges_final_home=21427 cross_edge_reduction_ratio=0.502646 failed=0 rpc_timeouts=0 reverse_aggregate_batches=0 reverse_aggregate_logical_requests=0 reverse_aggregate_ops=0 avg_reverse_aggregate_logicals=0.000000 avg_reverse_aggregate_ops=0.000000 max_backlog=371 admission_window=65536 completion_outstanding=314 completion_incomplete=152 completed_behind_hole=162 completion_logical_full_failures=0 completion_physical_full_failures=0 pressure_yields=72382 stage2_batches=3886 avg_stage2_batch_size=6.848945 packing_target_batch=8 packing_admit_queue_avg=17.775605 packing_admit_queue_max=371 packing_batch_1_7=1235 packing_batch_8=2651 packing_assembly_batches=3886 packing_assembly_wait_ms=72659.036827 packing_arrival_interval_us=2494 packing_waited_batches=1235 packing_wait_ms=24566.913000 packing_target_flushes=2651 packing_deadline_flushes=1235 packing_cleanup_flushes=0 stage2_phase_search_attempts=3870 stage2_phase_search_task_attempts=26501 stage2_phase_search_elapsed_ms=326903.512133 avg_stage2_phase_search_us_per_task=12335.516099 stage2_phase_freeze_prune_attempts=4322 stage2_phase_freeze_prune_task_attempts=29875 stage2_phase_freeze_prune_elapsed_ms=39448.400229 avg_stage2_phase_freeze_prune_us_per_task=1320.448543 stage2_phase_reverse_prepare_attempts=3866 stage2_phase_reverse_prepare_task_attempts=26474 stage2_phase_reverse_prepare_elapsed_ms=121075.273543 avg_stage2_phase_reverse_prepare_us_per_task=4573.365322 stage2_phase_placement_authority_attempts=3865 stage2_phase_placement_authority_task_attempts=26466 stage2_phase_placement_authority_elapsed_ms=37852.201626 avg_stage2_phase_placement_authority_us_per_task=1430.219966 stage2_phase_completion_handoff_attempts=3865 stage2_phase_completion_handoff_task_attempts=26466 stage2_phase_completion_handoff_elapsed_ms=7.222341 avg_stage2_phase_completion_handoff_us_per_task=0.272891 stage2_phase_finalize_attempts=3865 stage2_phase_finalize_task_attempts=26466 stage2_phase_finalize_elapsed_ms=23.999667 avg_stage2_phase_finalize_us_per_task=0.906811 maintenance_worker_idle_waits=265792 maintenance_worker_idle_ms=354841.814436 maintenance_lost_wake_avoided=18297 maintenance_targeted_wakes=367635 maintenance_generic_wakes=10826 maintenance_broadcast_wakes=0 maintenance_context_slots_scanned=1327664 maintenance_ready_notifications=284630 maintenance_ready_stale_notifications=40 maintenance_ready_tickets_drained=221644 maintenance_ready_overflow_scans=0 maintenance_ready_fallback_scans=83051 stage2_search_lane_lease_limit=32 stage2_search_lane_lease_peak=23 stage2_search_lane_lease_blocked=0 maintenance_worker_observed_idle_ratio=0.738899 maintenance_worker_observed_busy_ratio=0.261101 physical_stage1_items=26634 physical_stage1_total_ns=95154806370 physical_stage1_search_ns=87834649422 physical_stage1_prune_ns=4321716365 physical_stage1_allocate_write_ns=2458357126 physical_stage1_backlink_ns=487832571 physical_stage1_candidates=3408899 physical_stage1_remote_frontier_items=10816629 physical_stage1_neighbors=968045 peer_stage1_enqueued=14733 peer_stage1_processed=14732 peer_stage1_items=42578 avg_peer_stage1_items=2.890171 peer_stage1_rate_per_sec=709.292366 peer_stage1_max_queue=46 peer_stage1_active_workers=1 peer_stage2_home_enqueued=100499 peer_stage2_home_processed=100499 peer_stage2_home_items=8859620 avg_peer_stage2_home_items=88.156300 peer_stage2_home_max_queue=32 peer_stage2_home_response_queue_drops=0 peer_stage2_home_response_send_wait_ms=1219.944477 avg_peer_stage2_home_queue_wait_us=25.268468 avg_peer_stage2_home_execution_us=46.975291 peer_stage1_release_deferred_batches=70 peer_stage1_release_deferred_items=119 peer_stage1_duplicate_retry_responses=0 peer_stage1_admission_retry_responses=0 peer_stage1_retry_response_drops=0 peer_stage1_admission_waiters=0 peer_stage1_admission_waiter_items=0 peer_stage1_admission_owned_items=0 peer_stage1_admission_wake_coverage=0 peer_stage1_admission_parked=0 peer_stage1_admission_woken=0 peer_stage1_admission_reparked=0 peer_stage1_max_admission_waiters=0 peer_stage1_duplicate_coalesced=5 peer_reverse_enqueued=6226 peer_reverse_processed=6226 peer_reverse_remaining=0 peer_reverse_items_enqueued=61118 peer_reverse_items_processed=61118 peer_reverse_rate_per_sec=1018.143896 peer_reverse_failed=2 peer_reverse_max_queue=22 reclaim_pending=17 reclaim_reused=1079 dynamic_high_watermark=19054675360 stage2_remaining=3 cleanup_remaining=0 active_contexts=21 active_context_limit=32 repair_remaining=0 remaining=152
[STATUS]: storage-owner maintenance observation: enqueued=27992 stage2_enqueued=27992 cleanup_enqueued=0 stage2_tasks_done=27992 stage2_finalized_live=27992 cleanup_processed=0 stale=0 stage2_completion_ratio=1.000000 live_stage2_completion_ratio=1.000000 avg_stage2_delay_ms=171.699878 p99_stage2_delay_upper_ms=2000.000000 p99_stage2_delay_over_30s=false stage2_delay_histogram=0,0,0,22,1226,10874,4917,1264,2772,4043,2401,473,0,0,0,0,0,0 max_stage2_delay_ms=1599.947642 compaction_batch_target=32 compaction_max_delay_ms=25.000000 stage2_rate_per_sec=430.445001 stage1_search_budget_exhausted=0 stage2_search_budget_exhausted=0 stage2_continuations=27992 stage2_remote_frontier_items=11434710 avg_stage2_remote_frontier=408.499214 stage2_remote_expansions=217701 avg_stage2_remote_expansions=7.777258 stage2_scored_candidates=16846333 avg_stage2_scored_candidates=601.826700 stage2_graph_read_waves=59721 avg_stage2_expansions_per_graph_wave=3.645301 stage2_graph_unique_reads=224781 stage2_graph_prefetch_issued=149511 stage2_graph_prefetch_hits=142431 stage2_graph_prefetch_wasted=7080 stage2_graph_prefetch_promotion_ratio=0.952646 stage2_graph_issue_width_current=16 stage2_vector_read_waves=149671 avg_stage2_scores_per_vector_wave=112.555759 stage2_vector_unique_reads=12654951 stage2_home_rpc_batches=109505 stage2_home_rpc_items=11146688 avg_stage2_home_rpc_batch=101.791589 stage2_home_score_rpc_batches=45008 stage2_home_score_rpc_items=10921907 stage2_home_score_rpc_queries=257902 stage2_home_score_rpc_request_bytes=290082364 stage2_home_score_rpc_response_bytes=351307368 avg_stage2_home_score_queries_per_rpc=5.730137 avg_stage2_home_score_rpc_batch=242.665904 stage2_home_scored_neighbors=15121771 home_scores_per_expansion=1.356616 stage2_migrations=1271 home_match_rate=0.954594 stage2_final_edges=1027536 stage2_cross_edges_stage1_home=48857 stage2_cross_edges_final_home=23948 cross_edge_reduction_ratio=0.509835 failed=0 rpc_timeouts=0 reverse_aggregate_batches=0 reverse_aggregate_logical_requests=0 reverse_aggregate_ops=0 avg_reverse_aggregate_logicals=0.000000 avg_reverse_aggregate_ops=0.000000 max_backlog=371 admission_window=65536 completion_outstanding=0 completion_incomplete=0 completed_behind_hole=0 completion_logical_full_failures=0 completion_physical_full_failures=0 pressure_yields=82220 stage2_batches=4098 avg_stage2_batch_size=6.830649 packing_target_batch=8 packing_admit_queue_avg=17.288189 packing_admit_queue_max=371 packing_batch_1_7=1321 packing_batch_8=2777 packing_assembly_batches=4098 packing_assembly_wait_ms=76750.196206 packing_arrival_interval_us=6461 packing_waited_batches=1321 packing_wait_ms=26512.548000 packing_target_flushes=2777 packing_deadline_flushes=1321 packing_cleanup_flushes=0 stage2_phase_search_attempts=4098 stage2_phase_search_task_attempts=27992 stage2_phase_search_elapsed_ms=379920.285187 avg_stage2_phase_search_us_per_task=13572.459459 stage2_phase_freeze_prune_attempts=4577 stage2_phase_freeze_prune_task_attempts=31550 stage2_phase_freeze_prune_elapsed_ms=44811.452408 avg_stage2_phase_freeze_prune_us_per_task=1420.331297 stage2_phase_reverse_prepare_attempts=4098 stage2_phase_reverse_prepare_task_attempts=27992 stage2_phase_reverse_prepare_elapsed_ms=132721.394368 avg_stage2_phase_reverse_prepare_us_per_task=4741.404486 stage2_phase_placement_authority_attempts=4098 stage2_phase_placement_authority_task_attempts=27992 stage2_phase_placement_authority_elapsed_ms=44010.871860 avg_stage2_phase_placement_authority_us_per_task=1572.266071 stage2_phase_completion_handoff_attempts=4098 stage2_phase_completion_handoff_task_attempts=27992 stage2_phase_completion_handoff_elapsed_ms=7.811328 avg_stage2_phase_completion_handoff_us_per_task=0.279056 stage2_phase_finalize_attempts=4098 stage2_phase_finalize_task_attempts=27992 stage2_phase_finalize_elapsed_ms=26.006068 avg_stage2_phase_finalize_us_per_task=0.929054 maintenance_worker_idle_waits=294720 maintenance_worker_idle_ms=377058.041980 maintenance_lost_wake_avoided=20580 maintenance_targeted_wakes=413531 maintenance_generic_wakes=11601 maintenance_broadcast_wakes=0 maintenance_context_slots_scanned=1496112 maintenance_ready_notifications=313696 maintenance_ready_stale_notifications=50 maintenance_ready_tickets_drained=246056 maintenance_ready_overflow_scans=0 maintenance_ready_fallback_scans=93718 stage2_search_lane_lease_limit=32 stage2_search_lane_lease_peak=23 stage2_search_lane_lease_blocked=0 maintenance_worker_observed_idle_ratio=0.724773 maintenance_worker_observed_busy_ratio=0.275227 physical_stage1_items=28003 physical_stage1_total_ns=100219647481 physical_stage1_search_ns=92575747563 physical_stage1_prune_ns=4516290604 physical_stage1_allocate_write_ns=2558832321 physical_stage1_backlink_ns=513558640 physical_stage1_candidates=3584087 physical_stage1_remote_frontier_items=11439052 physical_stage1_neighbors=1008535 peer_stage1_enqueued=16014 peer_stage1_processed=16014 peer_stage1_items=44778 avg_peer_stage1_items=2.796178 peer_stage1_rate_per_sec=688.570529 peer_stage1_max_queue=46 peer_stage1_active_workers=3 peer_stage2_home_enqueued=115175 peer_stage2_home_processed=115172 peer_stage2_home_items=10126171 avg_peer_stage2_home_items=87.922160 peer_stage2_home_max_queue=32 peer_stage2_home_response_queue_drops=0 peer_stage2_home_response_send_wait_ms=1389.502380 avg_peer_stage2_home_queue_wait_us=25.679387 avg_peer_stage2_home_execution_us=47.553694 peer_stage1_release_deferred_batches=82 peer_stage1_release_deferred_items=137 peer_stage1_duplicate_retry_responses=0 peer_stage1_admission_retry_responses=0 peer_stage1_retry_response_drops=0 peer_stage1_admission_waiters=0 peer_stage1_admission_waiter_items=0 peer_stage1_admission_owned_items=0 peer_stage1_admission_wake_coverage=0 peer_stage1_admission_parked=0 peer_stage1_admission_woken=0 peer_stage1_admission_reparked=0 peer_stage1_max_admission_waiters=0 peer_stage1_duplicate_coalesced=6 peer_reverse_enqueued=7118 peer_reverse_processed=7118 peer_reverse_remaining=0 peer_reverse_items_enqueued=72131 peer_reverse_items_processed=72131 peer_reverse_rate_per_sec=1109.189352 peer_reverse_failed=2 peer_reverse_max_queue=22 reclaim_pending=0 reclaim_reused=1271 dynamic_high_watermark=19056066144 stage2_remaining=0 cleanup_remaining=0 active_contexts=0 active_context_limit=32 repair_remaining=0 remaining=0
[STATUS]: storage-owner maintenance observation: enqueued=27992 stage2_enqueued=27992 cleanup_enqueued=0 stage2_tasks_done=27992 stage2_finalized_live=27992 cleanup_processed=0 stale=0 stage2_completion_ratio=1.000000 live_stage2_completion_ratio=1.000000 avg_stage2_delay_ms=171.699878 p99_stage2_delay_upper_ms=2000.000000 p99_stage2_delay_over_30s=false stage2_delay_histogram=0,0,0,22,1226,10874,4917,1264,2772,4043,2401,473,0,0,0,0,0,0 max_stage2_delay_ms=1599.947642 compaction_batch_target=32 compaction_max_delay_ms=25.000000 stage2_rate_per_sec=399.694930 stage1_search_budget_exhausted=0 stage2_search_budget_exhausted=0 stage2_continuations=27992 stage2_remote_frontier_items=11434710 avg_stage2_remote_frontier=408.499214 stage2_remote_expansions=217701 avg_stage2_remote_expansions=7.777258 stage2_scored_candidates=16846333 avg_stage2_scored_candidates=601.826700 stage2_graph_read_waves=59721 avg_stage2_expansions_per_graph_wave=3.645301 stage2_graph_unique_reads=224781 stage2_graph_prefetch_issued=149511 stage2_graph_prefetch_hits=142431 stage2_graph_prefetch_wasted=7080 stage2_graph_prefetch_promotion_ratio=0.952646 stage2_graph_issue_width_current=16 stage2_vector_read_waves=149671 avg_stage2_scores_per_vector_wave=112.555759 stage2_vector_unique_reads=12654951 stage2_home_rpc_batches=109505 stage2_home_rpc_items=11146688 avg_stage2_home_rpc_batch=101.791589 stage2_home_score_rpc_batches=45008 stage2_home_score_rpc_items=10921907 stage2_home_score_rpc_queries=257902 stage2_home_score_rpc_request_bytes=290082364 stage2_home_score_rpc_response_bytes=351307368 avg_stage2_home_score_queries_per_rpc=5.730137 avg_stage2_home_score_rpc_batch=242.665904 stage2_home_scored_neighbors=15121771 home_scores_per_expansion=1.356616 stage2_migrations=1271 home_match_rate=0.954594 stage2_final_edges=1027536 stage2_cross_edges_stage1_home=48857 stage2_cross_edges_final_home=23948 cross_edge_reduction_ratio=0.509835 failed=0 rpc_timeouts=0 reverse_aggregate_batches=0 reverse_aggregate_logical_requests=0 reverse_aggregate_ops=0 avg_reverse_aggregate_logicals=0.000000 avg_reverse_aggregate_ops=0.000000 max_backlog=371 admission_window=65536 completion_outstanding=0 completion_incomplete=0 completed_behind_hole=0 completion_logical_full_failures=0 completion_physical_full_failures=0 pressure_yields=82220 stage2_batches=4098 avg_stage2_batch_size=6.830649 packing_target_batch=8 packing_admit_queue_avg=17.288189 packing_admit_queue_max=371 packing_batch_1_7=1321 packing_batch_8=2777 packing_assembly_batches=4098 packing_assembly_wait_ms=76750.196206 packing_arrival_interval_us=6461 packing_waited_batches=1321 packing_wait_ms=26512.548000 packing_target_flushes=2777 packing_deadline_flushes=1321 packing_cleanup_flushes=0 stage2_phase_search_attempts=4098 stage2_phase_search_task_attempts=27992 stage2_phase_search_elapsed_ms=379920.285187 avg_stage2_phase_search_us_per_task=13572.459459 stage2_phase_freeze_prune_attempts=4577 stage2_phase_freeze_prune_task_attempts=31550 stage2_phase_freeze_prune_elapsed_ms=44811.452408 avg_stage2_phase_freeze_prune_us_per_task=1420.331297 stage2_phase_reverse_prepare_attempts=4098 stage2_phase_reverse_prepare_task_attempts=27992 stage2_phase_reverse_prepare_elapsed_ms=132721.394368 avg_stage2_phase_reverse_prepare_us_per_task=4741.404486 stage2_phase_placement_authority_attempts=4098 stage2_phase_placement_authority_task_attempts=27992 stage2_phase_placement_authority_elapsed_ms=44010.871860 avg_stage2_phase_placement_authority_us_per_task=1572.266071 stage2_phase_completion_handoff_attempts=4098 stage2_phase_completion_handoff_task_attempts=27992 stage2_phase_completion_handoff_elapsed_ms=7.811328 avg_stage2_phase_completion_handoff_us_per_task=0.279056 stage2_phase_finalize_attempts=4098 stage2_phase_finalize_task_attempts=27992 stage2_phase_finalize_elapsed_ms=26.006068 avg_stage2_phase_finalize_us_per_task=0.929054 maintenance_worker_idle_waits=298688 maintenance_worker_idle_ms=417026.154750 maintenance_lost_wake_avoided=20580 maintenance_targeted_wakes=413531 maintenance_generic_wakes=11601 maintenance_broadcast_wakes=0 maintenance_context_slots_scanned=1559568 maintenance_ready_notifications=313696 maintenance_ready_stale_notifications=50 maintenance_ready_tickets_drained=246056 maintenance_ready_overflow_scans=0 maintenance_ready_fallback_scans=97687 stage2_search_lane_lease_limit=32 stage2_search_lane_lease_peak=23 stage2_search_lane_lease_blocked=0 maintenance_worker_observed_idle_ratio=0.744334 maintenance_worker_observed_busy_ratio=0.255666 physical_stage1_items=28003 physical_stage1_total_ns=100219647481 physical_stage1_search_ns=92575747563 physical_stage1_prune_ns=4516290604 physical_stage1_allocate_write_ns=2558832321 physical_stage1_backlink_ns=513558640 physical_stage1_candidates=3584087 physical_stage1_remote_frontier_items=11439052 physical_stage1_neighbors=1008535 peer_stage1_enqueued=16014 peer_stage1_processed=16014 peer_stage1_items=44778 avg_peer_stage1_items=2.796178 peer_stage1_rate_per_sec=639.380522 peer_stage1_max_queue=46 peer_stage1_active_workers=0 peer_stage2_home_enqueued=137671 peer_stage2_home_processed=137671 peer_stage2_home_items=12123032 avg_peer_stage2_home_items=88.057993 peer_stage2_home_max_queue=32 peer_stage2_home_response_queue_drops=0 peer_stage2_home_response_send_wait_ms=1576.105631 avg_peer_stage2_home_queue_wait_us=24.463936 avg_peer_stage2_home_execution_us=47.663383 peer_stage1_release_deferred_batches=82 peer_stage1_release_deferred_items=137 peer_stage1_duplicate_retry_responses=0 peer_stage1_admission_retry_responses=0 peer_stage1_retry_response_drops=0 peer_stage1_admission_waiters=0 peer_stage1_admission_waiter_items=0 peer_stage1_admission_owned_items=0 peer_stage1_admission_wake_coverage=0 peer_stage1_admission_parked=0 peer_stage1_admission_woken=0 peer_stage1_admission_reparked=0 peer_stage1_max_admission_waiters=0 peer_stage1_duplicate_coalesced=6 peer_reverse_enqueued=8382 peer_reverse_processed=8382 peer_reverse_remaining=0 peer_reverse_items_enqueued=87908 peer_reverse_items_processed=87908 peer_reverse_rate_per_sec=1255.229419 peer_reverse_failed=5 peer_reverse_max_queue=22 reclaim_pending=0 reclaim_reused=1271 dynamic_high_watermark=19056334976 stage2_remaining=0 cleanup_remaining=0 active_contexts=0 active_context_limit=32 repair_remaining=0 remaining=0
[STATUS]: storage-owner maintenance observation: enqueued=27992 stage2_enqueued=27992 cleanup_enqueued=0 stage2_tasks_done=27992 stage2_finalized_live=27992 cleanup_processed=0 stale=0 stage2_completion_ratio=1.000000 live_stage2_completion_ratio=1.000000 avg_stage2_delay_ms=171.699878 p99_stage2_delay_upper_ms=2000.000000 p99_stage2_delay_over_30s=false stage2_delay_histogram=0,0,0,22,1226,10874,4917,1264,2772,4043,2401,473,0,0,0,0,0,0 max_stage2_delay_ms=1599.947642 compaction_batch_target=32 compaction_max_delay_ms=25.000000 stage2_rate_per_sec=373.053497 stage1_search_budget_exhausted=0 stage2_search_budget_exhausted=0 stage2_continuations=27992 stage2_remote_frontier_items=11434710 avg_stage2_remote_frontier=408.499214 stage2_remote_expansions=217701 avg_stage2_remote_expansions=7.777258 stage2_scored_candidates=16846333 avg_stage2_scored_candidates=601.826700 stage2_graph_read_waves=59721 avg_stage2_expansions_per_graph_wave=3.645301 stage2_graph_unique_reads=224781 stage2_graph_prefetch_issued=149511 stage2_graph_prefetch_hits=142431 stage2_graph_prefetch_wasted=7080 stage2_graph_prefetch_promotion_ratio=0.952646 stage2_graph_issue_width_current=16 stage2_vector_read_waves=149671 avg_stage2_scores_per_vector_wave=112.555759 stage2_vector_unique_reads=12654951 stage2_home_rpc_batches=109505 stage2_home_rpc_items=11146688 avg_stage2_home_rpc_batch=101.791589 stage2_home_score_rpc_batches=45008 stage2_home_score_rpc_items=10921907 stage2_home_score_rpc_queries=257902 stage2_home_score_rpc_request_bytes=290082364 stage2_home_score_rpc_response_bytes=351307368 avg_stage2_home_score_queries_per_rpc=5.730137 avg_stage2_home_score_rpc_batch=242.665904 stage2_home_scored_neighbors=15121771 home_scores_per_expansion=1.356616 stage2_migrations=1271 home_match_rate=0.954594 stage2_final_edges=1027536 stage2_cross_edges_stage1_home=48857 stage2_cross_edges_final_home=23948 cross_edge_reduction_ratio=0.509835 failed=0 rpc_timeouts=0 reverse_aggregate_batches=0 reverse_aggregate_logical_requests=0 reverse_aggregate_ops=0 avg_reverse_aggregate_logicals=0.000000 avg_reverse_aggregate_ops=0.000000 max_backlog=371 admission_window=65536 completion_outstanding=0 completion_incomplete=0 completed_behind_hole=0 completion_logical_full_failures=0 completion_physical_full_failures=0 pressure_yields=82220 stage2_batches=4098 avg_stage2_batch_size=6.830649 packing_target_batch=8 packing_admit_queue_avg=17.288189 packing_admit_queue_max=371 packing_batch_1_7=1321 packing_batch_8=2777 packing_assembly_batches=4098 packing_assembly_wait_ms=76750.196206 packing_arrival_interval_us=6461 packing_waited_batches=1321 packing_wait_ms=26512.548000 packing_target_flushes=2777 packing_deadline_flushes=1321 packing_cleanup_flushes=0 stage2_phase_search_attempts=4098 stage2_phase_search_task_attempts=27992 stage2_phase_search_elapsed_ms=379920.285187 avg_stage2_phase_search_us_per_task=13572.459459 stage2_phase_freeze_prune_attempts=4577 stage2_phase_freeze_prune_task_attempts=31550 stage2_phase_freeze_prune_elapsed_ms=44811.452408 avg_stage2_phase_freeze_prune_us_per_task=1420.331297 stage2_phase_reverse_prepare_attempts=4098 stage2_phase_reverse_prepare_task_attempts=27992 stage2_phase_reverse_prepare_elapsed_ms=132721.394368 avg_stage2_phase_reverse_prepare_us_per_task=4741.404486 stage2_phase_placement_authority_attempts=4098 stage2_phase_placement_authority_task_attempts=27992 stage2_phase_placement_authority_elapsed_ms=44010.871860 avg_stage2_phase_placement_authority_us_per_task=1572.266071 stage2_phase_completion_handoff_attempts=4098 stage2_phase_completion_handoff_task_attempts=27992 stage2_phase_completion_handoff_elapsed_ms=7.811328 avg_stage2_phase_completion_handoff_us_per_task=0.279056 stage2_phase_finalize_attempts=4098 stage2_phase_finalize_task_attempts=27992 stage2_phase_finalize_elapsed_ms=26.006068 avg_stage2_phase_finalize_us_per_task=0.929054 maintenance_worker_idle_waits=302592 maintenance_worker_idle_ms=456369.853065 maintenance_lost_wake_avoided=20580 maintenance_targeted_wakes=413531 maintenance_generic_wakes=11601 maintenance_broadcast_wakes=0 maintenance_context_slots_scanned=1622032 maintenance_ready_notifications=313696 maintenance_ready_stale_notifications=50 maintenance_ready_tickets_drained=246056 maintenance_ready_overflow_scans=0 maintenance_ready_fallback_scans=101657 stage2_search_lane_lease_limit=32 stage2_search_lane_lease_peak=23 stage2_search_lane_lease_blocked=0 maintenance_worker_observed_idle_ratio=0.760264 maintenance_worker_observed_busy_ratio=0.239736 physical_stage1_items=28003 physical_stage1_total_ns=100219647481 physical_stage1_search_ns=92575747563 physical_stage1_prune_ns=4516290604 physical_stage1_allocate_write_ns=2558832321 physical_stage1_backlink_ns=513558640 physical_stage1_candidates=3584087 physical_stage1_remote_frontier_items=11439052 physical_stage1_neighbors=1008535 peer_stage1_enqueued=16014 peer_stage1_processed=16014 peer_stage1_items=44778 avg_peer_stage1_items=2.796178 peer_stage1_rate_per_sec=596.762986 peer_stage1_max_queue=46 peer_stage1_active_workers=0 peer_stage2_home_enqueued=166078 peer_stage2_home_processed=166078 peer_stage2_home_items=14408452 avg_peer_stage2_home_items=86.757138 peer_stage2_home_max_queue=32 peer_stage2_home_response_queue_drops=0 peer_stage2_home_response_send_wait_ms=1756.745644 avg_peer_stage2_home_queue_wait_us=22.757485 avg_peer_stage2_home_execution_us=47.889608 peer_stage1_release_deferred_batches=82 peer_stage1_release_deferred_items=137 peer_stage1_duplicate_retry_responses=0 peer_stage1_admission_retry_responses=0 peer_stage1_retry_response_drops=0 peer_stage1_admission_waiters=0 peer_stage1_admission_waiter_items=0 peer_stage1_admission_owned_items=0 peer_stage1_admission_wake_coverage=0 peer_stage1_admission_parked=0 peer_stage1_admission_woken=0 peer_stage1_admission_reparked=0 peer_stage1_max_admission_waiters=0 peer_stage1_duplicate_coalesced=6 peer_reverse_enqueued=9709 peer_reverse_processed=9709 peer_reverse_remaining=0 peer_reverse_items_enqueued=106816 peer_reverse_items_processed=106816 peer_reverse_rate_per_sec=1423.552528 peer_reverse_failed=6 peer_reverse_max_queue=22 reclaim_pending=0 reclaim_reused=1271 dynamic_high_watermark=19056834944 stage2_remaining=0 cleanup_remaining=0 active_contexts=0 active_context_limit=32 repair_remaining=0 remaining=0
[STATUS]: storage-owner maintenance observation: enqueued=27992 stage2_enqueued=27992 cleanup_enqueued=0 stage2_tasks_done=27992 stage2_finalized_live=27992 cleanup_processed=0 stale=0 stage2_completion_ratio=1.000000 live_stage2_completion_ratio=1.000000 avg_stage2_delay_ms=171.699878 p99_stage2_delay_upper_ms=2000.000000 p99_stage2_delay_over_30s=false stage2_delay_histogram=0,0,0,22,1226,10874,4917,1264,2772,4043,2401,473,0,0,0,0,0,0 max_stage2_delay_ms=1599.947642 compaction_batch_target=32 compaction_max_delay_ms=25.000000 stage2_rate_per_sec=349.746531 stage1_search_budget_exhausted=0 stage2_search_budget_exhausted=0 stage2_continuations=27992 stage2_remote_frontier_items=11434710 avg_stage2_remote_frontier=408.499214 stage2_remote_expansions=217701 avg_stage2_remote_expansions=7.777258 stage2_scored_candidates=16846333 avg_stage2_scored_candidates=601.826700 stage2_graph_read_waves=59721 avg_stage2_expansions_per_graph_wave=3.645301 stage2_graph_unique_reads=224781 stage2_graph_prefetch_issued=149511 stage2_graph_prefetch_hits=142431 stage2_graph_prefetch_wasted=7080 stage2_graph_prefetch_promotion_ratio=0.952646 stage2_graph_issue_width_current=16 stage2_vector_read_waves=149671 avg_stage2_scores_per_vector_wave=112.555759 stage2_vector_unique_reads=12654951 stage2_home_rpc_batches=109505 stage2_home_rpc_items=11146688 avg_stage2_home_rpc_batch=101.791589 stage2_home_score_rpc_batches=45008 stage2_home_score_rpc_items=10921907 stage2_home_score_rpc_queries=257902 stage2_home_score_rpc_request_bytes=290082364 stage2_home_score_rpc_response_bytes=351307368 avg_stage2_home_score_queries_per_rpc=5.730137 avg_stage2_home_score_rpc_batch=242.665904 stage2_home_scored_neighbors=15121771 home_scores_per_expansion=1.356616 stage2_migrations=1271 home_match_rate=0.954594 stage2_final_edges=1027536 stage2_cross_edges_stage1_home=48857 stage2_cross_edges_final_home=23948 cross_edge_reduction_ratio=0.509835 failed=0 rpc_timeouts=0 reverse_aggregate_batches=0 reverse_aggregate_logical_requests=0 reverse_aggregate_ops=0 avg_reverse_aggregate_logicals=0.000000 avg_reverse_aggregate_ops=0.000000 max_backlog=371 admission_window=65536 completion_outstanding=0 completion_incomplete=0 completed_behind_hole=0 completion_logical_full_failures=0 completion_physical_full_failures=0 pressure_yields=82220 stage2_batches=4098 avg_stage2_batch_size=6.830649 packing_target_batch=8 packing_admit_queue_avg=17.288189 packing_admit_queue_max=371 packing_batch_1_7=1321 packing_batch_8=2777 packing_assembly_batches=4098 packing_assembly_wait_ms=76750.196206 packing_arrival_interval_us=6461 packing_waited_batches=1321 packing_wait_ms=26512.548000 packing_target_flushes=2777 packing_deadline_flushes=1321 packing_cleanup_flushes=0 stage2_phase_search_attempts=4098 stage2_phase_search_task_attempts=27992 stage2_phase_search_elapsed_ms=379920.285187 avg_stage2_phase_search_us_per_task=13572.459459 stage2_phase_freeze_prune_attempts=4577 stage2_phase_freeze_prune_task_attempts=31550 stage2_phase_freeze_prune_elapsed_ms=44811.452408 avg_stage2_phase_freeze_prune_us_per_task=1420.331297 stage2_phase_reverse_prepare_attempts=4098 stage2_phase_reverse_prepare_task_attempts=27992 stage2_phase_reverse_prepare_elapsed_ms=132721.394368 avg_stage2_phase_reverse_prepare_us_per_task=4741.404486 stage2_phase_placement_authority_attempts=4098 stage2_phase_placement_authority_task_attempts=27992 stage2_phase_placement_authority_elapsed_ms=44010.871860 avg_stage2_phase_placement_authority_us_per_task=1572.266071 stage2_phase_completion_handoff_attempts=4098 stage2_phase_completion_handoff_task_attempts=27992 stage2_phase_completion_handoff_elapsed_ms=7.811328 avg_stage2_phase_completion_handoff_us_per_task=0.279056 stage2_phase_finalize_attempts=4098 stage2_phase_finalize_task_attempts=27992 stage2_phase_finalize_elapsed_ms=26.006068 avg_stage2_phase_finalize_us_per_task=0.929054 maintenance_worker_idle_waits=306496 maintenance_worker_idle_ms=495666.578060 maintenance_lost_wake_avoided=20580 maintenance_targeted_wakes=413531 maintenance_generic_wakes=11601 maintenance_broadcast_wakes=0 maintenance_context_slots_scanned=1684496 maintenance_ready_notifications=313696 maintenance_ready_stale_notifications=50 maintenance_ready_tickets_drained=246056 maintenance_ready_overflow_scans=0 maintenance_ready_fallback_scans=105629 stage2_search_lane_lease_limit=32 stage2_search_lane_lease_peak=23 stage2_search_lane_lease_blocked=0 maintenance_worker_observed_idle_ratio=0.774139 maintenance_worker_observed_busy_ratio=0.225861 physical_stage1_items=28003 physical_stage1_total_ns=100219647481 physical_stage1_search_ns=92575747563 physical_stage1_prune_ns=4516290604 physical_stage1_allocate_write_ns=2558832321 physical_stage1_backlink_ns=513558640 physical_stage1_candidates=3584087 physical_stage1_remote_frontier_items=11439052 physical_stage1_neighbors=1008535 peer_stage1_enqueued=16014 peer_stage1_processed=16014 peer_stage1_items=44778 avg_peer_stage1_items=2.796178 peer_stage1_rate_per_sec=559.479500 peer_stage1_max_queue=46 peer_stage1_active_workers=1 peer_stage2_home_enqueued=193817 peer_stage2_home_processed=193816 peer_stage2_home_items=16735596 avg_peer_stage2_home_items=86.347856 peer_stage2_home_max_queue=32 peer_stage2_home_response_queue_drops=0 peer_stage2_home_response_send_wait_ms=1938.965458 avg_peer_stage2_home_queue_wait_us=21.520151 avg_peer_stage2_home_execution_us=48.204970 peer_stage1_release_deferred_batches=82 peer_stage1_release_deferred_items=137 peer_stage1_duplicate_retry_responses=0 peer_stage1_admission_retry_responses=0 peer_stage1_retry_response_drops=0 peer_stage1_admission_waiters=0 peer_stage1_admission_waiter_items=0 peer_stage1_admission_owned_items=0 peer_stage1_admission_wake_coverage=0 peer_stage1_admission_parked=0 peer_stage1_admission_woken=0 peer_stage1_admission_reparked=0 peer_stage1_max_admission_waiters=0 peer_stage1_duplicate_coalesced=6 peer_reverse_enqueued=11094 peer_reverse_processed=11094 peer_reverse_remaining=0 peer_reverse_items_enqueued=125051 peer_reverse_items_processed=125051 peer_reverse_rate_per_sec=1562.451896 peer_reverse_failed=9 peer_reverse_max_queue=22 reclaim_pending=0 reclaim_reused=1271 dynamic_high_watermark=19057281344 stage2_remaining=0 cleanup_remaining=0 active_contexts=0 active_context_limit=32 repair_remaining=0 remaining=0
[STATUS]: storage-owner maintenance observation: enqueued=29712 stage2_enqueued=29712 cleanup_enqueued=0 stage2_tasks_done=29689 stage2_finalized_live=29689 cleanup_processed=0 stale=0 stage2_completion_ratio=0.999226 live_stage2_completion_ratio=0.999226 avg_stage2_delay_ms=175.609506 p99_stage2_delay_upper_ms=2000.000000 p99_stage2_delay_over_30s=false stage2_delay_histogram=0,0,0,22,1251,10951,5124,1710,3167,4354,2622,488,0,0,0,0,0,0 max_stage2_delay_ms=1599.947642 compaction_batch_target=32 compaction_max_delay_ms=25.000000 stage2_rate_per_sec=349.137915 stage1_search_budget_exhausted=0 stage2_search_budget_exhausted=0 stage2_continuations=29711 stage2_remote_frontier_items=12061678 avg_stage2_remote_frontier=405.966746 stage2_remote_expansions=236473 avg_stage2_remote_expansions=7.959106 stage2_scored_candidates=17980619 avg_stage2_scored_candidates=605.183905 stage2_graph_read_waves=64899 avg_stage2_expansions_per_graph_wave=3.643708 stage2_graph_unique_reads=244433 stage2_graph_prefetch_issued=162643 stage2_graph_prefetch_hits=154727 stage2_graph_prefetch_wasted=7839 stage2_graph_prefetch_promotion_ratio=0.951780 stage2_graph_issue_width_current=16 stage2_vector_read_waves=161585 avg_stage2_scores_per_vector_wave=111.276536 stage2_vector_unique_reads=13362193 stage2_home_rpc_batches=117401 stage2_home_rpc_items=11759024 avg_stage2_home_rpc_batch=100.161191 stage2_home_score_rpc_batches=47476 stage2_home_score_rpc_items=11514591 stage2_home_score_rpc_queries=268954 stage2_home_score_rpc_request_bytes=305530208 stage2_home_score_rpc_response_bytes=370372400 avg_stage2_home_score_queries_per_rpc=5.665052 avg_stage2_home_score_rpc_batch=242.534986 stage2_home_scored_neighbors=16140722 home_scores_per_expansion=1.372624 stage2_migrations=1398 home_match_rate=0.952912 stage2_final_edges=1075079 stage2_cross_edges_stage1_home=53414 stage2_cross_edges_final_home=25280 cross_edge_reduction_ratio=0.526716 failed=0 rpc_timeouts=0 reverse_aggregate_batches=0 reverse_aggregate_logical_requests=0 reverse_aggregate_ops=0 avg_reverse_aggregate_logicals=0.000000 avg_reverse_aggregate_ops=0.000000 max_backlog=371 admission_window=65536 completion_outstanding=45 completion_incomplete=23 completed_behind_hole=22 completion_logical_full_failures=0 completion_physical_full_failures=0 pressure_yields=87247 stage2_batches=4347 avg_stage2_batch_size=6.834829 packing_target_batch=8 packing_admit_queue_avg=16.805153 packing_admit_queue_max=371 packing_batch_1_7=1407 packing_batch_8=2940 packing_assembly_batches=4347 packing_assembly_wait_ms=80073.944364 packing_arrival_interval_us=10796 packing_waited_batches=1407 packing_wait_ms=28277.344000 packing_target_flushes=2940 packing_deadline_flushes=1407 packing_cleanup_flushes=0 stage2_phase_search_attempts=4345 stage2_phase_search_task_attempts=29703 stage2_phase_search_elapsed_ms=413823.919255 avg_stage2_phase_search_us_per_task=13932.058016 stage2_phase_freeze_prune_attempts=4869 stage2_phase_freeze_prune_task_attempts=33604 stage2_phase_freeze_prune_elapsed_ms=49695.610678 avg_stage2_phase_freeze_prune_us_per_task=1478.859977 stage2_phase_reverse_prepare_attempts=4343 stage2_phase_reverse_prepare_task_attempts=29689 stage2_phase_reverse_prepare_elapsed_ms=142180.866133 avg_stage2_phase_reverse_prepare_us_per_task=4789.008257 stage2_phase_placement_authority_attempts=4343 stage2_phase_placement_authority_task_attempts=29689 stage2_phase_placement_authority_elapsed_ms=48487.632753 avg_stage2_phase_placement_authority_us_per_task=1633.185111 stage2_phase_completion_handoff_attempts=4343 stage2_phase_completion_handoff_task_attempts=29689 stage2_phase_completion_handoff_elapsed_ms=8.369709 avg_stage2_phase_completion_handoff_us_per_task=0.281913 stage2_phase_finalize_attempts=4343 stage2_phase_finalize_task_attempts=29689 stage2_phase_finalize_elapsed_ms=27.757625 avg_stage2_phase_finalize_us_per_task=0.934946 maintenance_worker_idle_waits=328768 maintenance_worker_idle_ms=525692.591235 maintenance_lost_wake_avoided=21611 maintenance_targeted_wakes=442959 maintenance_generic_wakes=12441 maintenance_broadcast_wakes=0 maintenance_context_slots_scanned=1776944 maintenance_ready_notifications=336996 maintenance_ready_stale_notifications=60 maintenance_ready_tickets_drained=265275 maintenance_ready_overflow_scans=0 maintenance_ready_fallback_scans=111161 stage2_search_lane_lease_limit=32 stage2_search_lane_lease_peak=23 stage2_search_lane_lease_blocked=0 maintenance_worker_observed_idle_ratio=0.772758 maintenance_worker_observed_busy_ratio=0.227242 physical_stage1_items=29726 physical_stage1_total_ns=105573018537 physical_stage1_search_ns=97528200806 physical_stage1_prune_ns=4740035077 physical_stage1_allocate_write_ns=2698275206 physical_stage1_backlink_ns=547648856 physical_stage1_candidates=3804409 physical_stage1_remote_frontier_items=12073641 physical_stage1_neighbors=1053988 peer_stage1_enqueued=17400 peer_stage1_processed=17400 peer_stage1_items=47558 avg_peer_stage1_items=2.733218 peer_stage1_rate_per_sec=559.274511 peer_stage1_max_queue=46 peer_stage1_active_workers=0 peer_stage2_home_enqueued=210205 peer_stage2_home_processed=210205 peer_stage2_home_items=17992505 avg_peer_stage2_home_items=85.595038 peer_stage2_home_max_queue=32 peer_stage2_home_response_queue_drops=0 peer_stage2_home_response_send_wait_ms=2085.283758 avg_peer_stage2_home_queue_wait_us=21.790069 avg_peer_stage2_home_execution_us=48.243107 peer_stage1_release_deferred_batches=88 peer_stage1_release_deferred_items=161 peer_stage1_duplicate_retry_responses=0 peer_stage1_admission_retry_responses=0 peer_stage1_retry_response_drops=0 peer_stage1_admission_waiters=0 peer_stage1_admission_waiter_items=0 peer_stage1_admission_owned_items=0 peer_stage1_admission_wake_coverage=0 peer_stage1_admission_parked=0 peer_stage1_admission_woken=0 peer_stage1_admission_reparked=0 peer_stage1_max_admission_waiters=0 peer_stage1_duplicate_coalesced=6 peer_reverse_enqueued=11913 peer_reverse_processed=11913 peer_reverse_remaining=0 peer_reverse_items_enqueued=138355 peer_reverse_items_processed=138355 peer_reverse_rate_per_sec=1627.032780 peer_reverse_failed=10 peer_reverse_max_queue=22 reclaim_pending=1 reclaim_reused=1397 dynamic_high_watermark=19059157216 stage2_remaining=1 cleanup_remaining=0 active_contexts=4 active_context_limit=32 repair_remaining=0 remaining=23
[STATUS]: storage-owner maintenance observation: enqueued=30143 stage2_enqueued=30143 cleanup_enqueued=0 stage2_tasks_done=30143 stage2_finalized_live=30143 cleanup_processed=0 stale=0 stage2_completion_ratio=1.000000 live_stage2_completion_ratio=1.000000 avg_stage2_delay_ms=175.245045 p99_stage2_delay_upper_ms=2000.000000 p99_stage2_delay_over_30s=false stage2_delay_histogram=0,0,0,22,1255,10983,5265,1817,3252,4424,2637,488,0,0,0,0,0,0 max_stage2_delay_ms=1599.947642 compaction_batch_target=32 compaction_max_delay_ms=25.000000 stage2_rate_per_sec=334.790797 stage1_search_budget_exhausted=0 stage2_search_budget_exhausted=0 stage2_continuations=30143 stage2_remote_frontier_items=12255708 avg_stage2_remote_frontier=406.585542 stage2_remote_expansions=242190 avg_stage2_remote_expansions=8.034701 stage2_scored_candidates=18360937 avg_stage2_scored_candidates=609.127725 stage2_graph_read_waves=66953 avg_stage2_expansions_per_graph_wave=3.617314 stage2_graph_unique_reads=250352 stage2_graph_prefetch_issued=166276 stage2_graph_prefetch_hits=158114 stage2_graph_prefetch_wasted=8162 stage2_graph_prefetch_promotion_ratio=0.950913 stage2_graph_issue_width_current=16 stage2_vector_read_waves=167158 avg_stage2_scores_per_vector_wave=109.841808 stage2_vector_unique_reads=13602085 stage2_home_rpc_batches=120367 stage2_home_rpc_items=11949668 avg_stage2_home_rpc_batch=99.276945 stage2_home_score_rpc_batches=48259 stage2_home_score_rpc_items=11699316 stage2_home_score_rpc_queries=272026 stage2_home_score_rpc_request_bytes=310308348 stage2_home_score_rpc_response_bytes=376315136 avg_stage2_home_score_queries_per_rpc=5.636793 avg_stage2_home_score_rpc_batch=242.427651 stage2_home_scored_neighbors=16466993 home_scores_per_expansion=1.378029 stage2_migrations=1435 home_match_rate=0.952394 stage2_final_edges=1087689 stage2_cross_edges_stage1_home=54959 stage2_cross_edges_final_home=25989 cross_edge_reduction_ratio=0.527120 failed=0 rpc_timeouts=0 reverse_aggregate_batches=0 reverse_aggregate_logical_requests=0 reverse_aggregate_ops=0 avg_reverse_aggregate_logicals=0.000000 avg_reverse_aggregate_ops=0.000000 max_backlog=371 admission_window=65536 completion_outstanding=0 completion_incomplete=0 completed_behind_hole=0 completion_logical_full_failures=0 completion_physical_full_failures=0 pressure_yields=87810 stage2_batches=4423 avg_stage2_batch_size=6.815058 packing_target_batch=8 packing_admit_queue_avg=16.620846 packing_admit_queue_max=371 packing_batch_1_7=1450 packing_batch_8=2973 packing_assembly_batches=4423 packing_assembly_wait_ms=81379.471283 packing_arrival_interval_us=11296 packing_waited_batches=1450 packing_wait_ms=29256.708000 packing_target_flushes=2973 packing_deadline_flushes=1450 packing_cleanup_flushes=0 stage2_phase_search_attempts=4423 stage2_phase_search_task_attempts=30143 stage2_phase_search_elapsed_ms=419367.735095 avg_stage2_phase_search_us_per_task=13912.607740 stage2_phase_freeze_prune_attempts=4953 stage2_phase_freeze_prune_task_attempts=34082 stage2_phase_freeze_prune_elapsed_ms=50256.916075 avg_stage2_phase_freeze_prune_us_per_task=1474.588231 stage2_phase_reverse_prepare_attempts=4423 stage2_phase_reverse_prepare_task_attempts=30143 stage2_phase_reverse_prepare_elapsed_ms=144500.626509 avg_stage2_phase_reverse_prepare_us_per_task=4793.836928 stage2_phase_placement_authority_attempts=4423 stage2_phase_placement_authority_task_attempts=30143 stage2_phase_placement_authority_elapsed_ms=49455.428773 avg_stage2_phase_placement_authority_us_per_task=1640.693653 stage2_phase_completion_handoff_attempts=4423 stage2_phase_completion_handoff_task_attempts=30143 stage2_phase_completion_handoff_elapsed_ms=8.531188 avg_stage2_phase_completion_handoff_us_per_task=0.283024 stage2_phase_finalize_attempts=4423 stage2_phase_finalize_task_attempts=30143 stage2_phase_finalize_elapsed_ms=28.236158 avg_stage2_phase_finalize_us_per_task=0.936740 maintenance_worker_idle_waits=340672 maintenance_worker_idle_ms=561573.790386 maintenance_lost_wake_avoided=22181 maintenance_targeted_wakes=453849 maintenance_generic_wakes=12701 maintenance_broadcast_wakes=0 maintenance_context_slots_scanned=1845392 maintenance_ready_notifications=346587 maintenance_ready_stale_notifications=61 maintenance_ready_tickets_drained=273688 maintenance_ready_overflow_scans=0 maintenance_ready_fallback_scans=115595 stage2_search_lane_lease_limit=32 stage2_search_lane_lease_peak=23 stage2_search_lane_lease_blocked=0 maintenance_worker_observed_idle_ratio=0.779658 maintenance_worker_observed_busy_ratio=0.220342 physical_stage1_items=30157 physical_stage1_total_ns=107059503777 physical_stage1_search_ns=98907606362 physical_stage1_prune_ns=4798317017 physical_stage1_allocate_write_ns=2737866690 physical_stage1_backlink_ns=555921642 physical_stage1_candidates=3859562 physical_stage1_remote_frontier_items=12264206 physical_stage1_neighbors=1065292 peer_stage1_enqueued=17864 peer_stage1_processed=17864 peer_stage1_items=48250 avg_peer_stage1_items=2.700963 peer_stage1_rate_per_sec=535.900739 peer_stage1_max_queue=46 peer_stage1_active_workers=0 peer_stage2_home_enqueued=232675 peer_stage2_home_processed=232675 peer_stage2_home_items=19659068 avg_peer_stage2_home_items=84.491535 peer_stage2_home_max_queue=32 peer_stage2_home_response_queue_drops=0 peer_stage2_home_response_send_wait_ms=2229.532523 avg_peer_stage2_home_queue_wait_us=21.100501 avg_peer_stage2_home_execution_us=47.960402 peer_stage1_release_deferred_batches=96 peer_stage1_release_deferred_items=173 peer_stage1_duplicate_retry_responses=0 peer_stage1_admission_retry_responses=0 peer_stage1_retry_response_drops=0 peer_stage1_admission_waiters=0 peer_stage1_admission_waiter_items=0 peer_stage1_admission_owned_items=0 peer_stage1_admission_wake_coverage=0 peer_stage1_admission_parked=0 peer_stage1_admission_woken=0 peer_stage1_admission_reparked=0 peer_stage1_max_admission_waiters=0 peer_stage1_duplicate_coalesced=6 peer_reverse_enqueued=12896 peer_reverse_processed=12896 peer_reverse_remaining=0 peer_reverse_items_enqueued=154653 peer_reverse_items_processed=154653 peer_reverse_rate_per_sec=1717.692371 peer_reverse_failed=11 peer_reverse_max_queue=22 reclaim_pending=0 reclaim_reused=1435 dynamic_high_watermark=19059942880 stage2_remaining=0 cleanup_remaining=0 active_contexts=0 active_context_limit=32 repair_remaining=0 remaining=0
[STATUS]: storage-owner maintenance observation: enqueued=30321 stage2_enqueued=30321 cleanup_enqueued=0 stage2_tasks_done=30321 stage2_finalized_live=30321 cleanup_processed=0 stale=0 stage2_completion_ratio=1.000000 live_stage2_completion_ratio=1.000000 avg_stage2_delay_ms=175.172935 p99_stage2_delay_upper_ms=2000.000000 p99_stage2_delay_over_30s=false stage2_delay_histogram=0,0,0,22,1255,10988,5298,1887,3300,4438,2645,488,0,0,0,0,0,0 max_stage2_delay_ms=1599.947642 compaction_batch_target=32 compaction_max_delay_ms=25.000000 stage2_rate_per_sec=319.049659 stage1_search_budget_exhausted=0 stage2_search_budget_exhausted=0 stage2_continuations=30321 stage2_remote_frontier_items=12354175 avg_stage2_remote_frontier=407.446159 stage2_remote_expansions=244969 avg_stage2_remote_expansions=8.079186 stage2_scored_candidates=18536340 avg_stage2_scored_candidates=611.336697 stage2_graph_read_waves=67786 avg_stage2_expansions_per_graph_wave=3.613858 stage2_graph_unique_reads=253232 stage2_graph_prefetch_issued=168231 stage2_graph_prefetch_hits=159968 stage2_graph_prefetch_wasted=8263 stage2_graph_prefetch_promotion_ratio=0.950883 stage2_graph_issue_width_current=16 stage2_vector_read_waves=169568 avg_stage2_scores_per_vector_wave=109.315083 stage2_vector_unique_reads=13716013 stage2_home_rpc_batches=121655 stage2_home_rpc_items=12045607 avg_stage2_home_rpc_batch=99.014484 stage2_home_score_rpc_batches=48645 stage2_home_score_rpc_items=11792375 stage2_home_score_rpc_queries=273808 stage2_home_score_rpc_request_bytes=312738676 stage2_home_score_rpc_response_bytes=379308608 avg_stage2_home_score_queries_per_rpc=5.628698 avg_stage2_home_score_rpc_batch=242.417001 stage2_home_scored_neighbors=16621746 home_scores_per_expansion=1.379901 stage2_migrations=1453 home_match_rate=0.952079 stage2_final_edges=1094135 stage2_cross_edges_stage1_home=55690 stage2_cross_edges_final_home=26222 cross_edge_reduction_ratio=0.529143 failed=0 rpc_timeouts=0 reverse_aggregate_batches=0 reverse_aggregate_logical_requests=0 reverse_aggregate_ops=0 avg_reverse_aggregate_logicals=0.000000 avg_reverse_aggregate_ops=0.000000 max_backlog=371 admission_window=65536 completion_outstanding=0 completion_incomplete=0 completed_behind_hole=0 completion_logical_full_failures=0 completion_physical_full_failures=0 pressure_yields=88170 stage2_batches=4460 avg_stage2_batch_size=6.798430 packing_target_batch=8 packing_admit_queue_avg=16.526009 packing_admit_queue_max=371 packing_batch_1_7=1475 packing_batch_8=2985 packing_assembly_batches=4460 packing_assembly_wait_ms=82133.177943 packing_arrival_interval_us=25000 packing_waited_batches=1475 packing_wait_ms=29872.570000 packing_target_flushes=2985 packing_deadline_flushes=1475 packing_cleanup_flushes=0 stage2_phase_search_attempts=4460 stage2_phase_search_task_attempts=30321 stage2_phase_search_elapsed_ms=421643.606166 avg_stage2_phase_search_us_per_task=13905.992750 stage2_phase_freeze_prune_attempts=4992 stage2_phase_freeze_prune_task_attempts=34274 stage2_phase_freeze_prune_elapsed_ms=50510.809134 avg_stage2_phase_freeze_prune_us_per_task=1473.735459 stage2_phase_reverse_prepare_attempts=4460 stage2_phase_reverse_prepare_task_attempts=30321 stage2_phase_reverse_prepare_elapsed_ms=145354.346159 avg_stage2_phase_reverse_prepare_us_per_task=4793.850670 stage2_phase_placement_authority_attempts=4460 stage2_phase_placement_authority_task_attempts=30321 stage2_phase_placement_authority_elapsed_ms=49955.434601 avg_stage2_phase_placement_authority_us_per_task=1647.552343 stage2_phase_completion_handoff_attempts=4460 stage2_phase_completion_handoff_task_attempts=30321 stage2_phase_completion_handoff_elapsed_ms=8.600588 avg_stage2_phase_completion_handoff_us_per_task=0.283651 stage2_phase_finalize_attempts=4460 stage2_phase_finalize_task_attempts=30321 stage2_phase_finalize_elapsed_ms=28.445756 avg_stage2_phase_finalize_us_per_task=0.938154 maintenance_worker_idle_waits=348160 maintenance_worker_idle_ms=599870.582701 maintenance_lost_wake_avoided=22299 maintenance_targeted_wakes=458591 maintenance_generic_wakes=12799 maintenance_broadcast_wakes=0 maintenance_context_slots_scanned=1911136 maintenance_ready_notifications=350734 maintenance_ready_stale_notifications=61 maintenance_ready_tickets_drained=277291 maintenance_ready_overflow_scans=0 maintenance_ready_fallback_scans=119753 stage2_search_lane_lease_limit=32 stage2_search_lane_lease_peak=23 stage2_search_lane_lease_blocked=0 maintenance_worker_observed_idle_ratio=0.789010 maintenance_worker_observed_busy_ratio=0.210990 physical_stage1_items=30321 physical_stage1_total_ns=107753584137 physical_stage1_search_ns=99558592631 physical_stage1_prune_ns=4827345455 physical_stage1_allocate_write_ns=2747868088 physical_stage1_backlink_ns=559547207 physical_stage1_candidates=3880550 physical_stage1_remote_frontier_items=12354175 physical_stage1_neighbors=1071023 peer_stage1_enqueued=18015 peer_stage1_processed=18015 peer_stage1_items=48498 avg_peer_stage1_items=2.692090 peer_stage1_rate_per_sec=510.315305 peer_stage1_max_queue=46 peer_stage1_active_workers=0 peer_stage2_home_enqueued=253988 peer_stage2_home_processed=253988 peer_stage2_home_items=21422120 avg_peer_stage2_home_items=84.343040 peer_stage2_home_max_queue=32 peer_stage2_home_response_queue_drops=0 peer_stage2_home_response_send_wait_ms=2400.048615 avg_peer_stage2_home_queue_wait_us=20.672423 avg_peer_stage2_home_execution_us=48.061647 peer_stage1_release_deferred_batches=97 peer_stage1_release_deferred_items=174 peer_stage1_duplicate_retry_responses=0 peer_stage1_admission_retry_responses=0 peer_stage1_retry_response_drops=0 peer_stage1_admission_waiters=0 peer_stage1_admission_waiter_items=0 peer_stage1_admission_owned_items=0 peer_stage1_admission_wake_coverage=0 peer_stage1_admission_parked=0 peer_stage1_admission_woken=0 peer_stage1_admission_reparked=0 peer_stage1_max_admission_waiters=0 peer_stage1_duplicate_coalesced=6 peer_reverse_enqueued=14086 peer_reverse_processed=14086 peer_reverse_remaining=0 peer_reverse_items_enqueued=170768 peer_reverse_items_processed=170768 peer_reverse_rate_per_sec=1796.889025 peer_reverse_failed=11 peer_reverse_max_queue=22 reclaim_pending=0 reclaim_reused=1453 dynamic_high_watermark=19060454752 stage2_remaining=0 cleanup_remaining=0 active_contexts=0 active_context_limit=32 repair_remaining=0 remaining=0
[STATUS]: storage-owner maintenance observation: enqueued=30908 stage2_enqueued=30908 cleanup_enqueued=0 stage2_tasks_done=30892 stage2_finalized_live=30892 cleanup_processed=0 stale=0 stage2_completion_ratio=0.999482 live_stage2_completion_ratio=0.999482 avg_stage2_delay_ms=175.601828 p99_stage2_delay_upper_ms=2000.000000 p99_stage2_delay_over_30s=false stage2_delay_histogram=0,0,0,22,1256,10994,5354,2023,3512,4580,2663,488,0,0,0,0,0,0 max_stage2_delay_ms=1599.947642 compaction_batch_target=32 compaction_max_delay_ms=25.000000 stage2_rate_per_sec=308.810718 stage1_search_budget_exhausted=0 stage2_search_budget_exhausted=0 stage2_continuations=30908 stage2_remote_frontier_items=12737754 avg_stage2_remote_frontier=412.118351 stage2_remote_expansions=254634 avg_stage2_remote_expansions=8.238450 stage2_scored_candidates=19217599 avg_stage2_scored_candidates=621.767795 stage2_graph_read_waves=70868 avg_stage2_expansions_per_graph_wave=3.593074 stage2_graph_unique_reads=263588 stage2_graph_prefetch_issued=175011 stage2_graph_prefetch_hits=166326 stage2_graph_prefetch_wasted=8647 stage2_graph_prefetch_promotion_ratio=0.950581 stage2_graph_issue_width_current=16 stage2_vector_read_waves=177644 avg_stage2_scores_per_vector_wave=108.180400 stage2_vector_unique_reads=14156360 stage2_home_rpc_batches=126492 stage2_home_rpc_items=12418480 avg_stage2_home_rpc_batch=98.176011 stage2_home_score_rpc_batches=50167 stage2_home_score_rpc_items=12154892 stage2_home_score_rpc_queries=279874 stage2_home_score_rpc_request_bytes=322118396 stage2_home_score_rpc_response_bytes=390970408 avg_stage2_home_score_queries_per_rpc=5.578847 avg_stage2_home_score_rpc_batch=242.288596 stage2_home_scored_neighbors=17225591 home_scores_per_expansion=1.387093 stage2_migrations=1513 home_match_rate=0.951023 stage2_final_edges=1114426 stage2_cross_edges_stage1_home=58159 stage2_cross_edges_final_home=27255 cross_edge_reduction_ratio=0.531371 failed=0 rpc_timeouts=0 reverse_aggregate_batches=0 reverse_aggregate_logical_requests=0 reverse_aggregate_ops=0 avg_reverse_aggregate_logicals=0.000000 avg_reverse_aggregate_ops=0.000000 max_backlog=371 admission_window=65536 completion_outstanding=18 completion_incomplete=16 completed_behind_hole=2 completion_logical_full_failures=0 completion_physical_full_failures=0 pressure_yields=88574 stage2_batches=4586 avg_stage2_batch_size=6.739642 packing_target_batch=8 packing_admit_queue_avg=16.205844 packing_admit_queue_max=371 packing_batch_1_7=1565 packing_batch_8=3021 packing_assembly_batches=4586 packing_assembly_wait_ms=84934.320973 packing_arrival_interval_us=23009 packing_waited_batches=1565 packing_wait_ms=32108.064000 packing_target_flushes=3021 packing_deadline_flushes=1565 packing_cleanup_flushes=0 stage2_phase_search_attempts=4580 stage2_phase_search_task_attempts=30901 stage2_phase_search_elapsed_ms=433530.307709 avg_stage2_phase_search_us_per_task=14029.653012 stage2_phase_freeze_prune_attempts=5118 stage2_phase_freeze_prune_task_attempts=34893 stage2_phase_freeze_prune_elapsed_ms=52267.712846 avg_stage2_phase_freeze_prune_us_per_task=1497.942649 stage2_phase_reverse_prepare_attempts=4577 stage2_phase_reverse_prepare_task_attempts=30895 stage2_phase_reverse_prepare_elapsed_ms=148240.230880 avg_stage2_phase_reverse_prepare_us_per_task=4798.194882 stage2_phase_placement_authority_attempts=4575 stage2_phase_placement_authority_task_attempts=30892 stage2_phase_placement_authority_elapsed_ms=51307.978377 avg_stage2_phase_placement_authority_us_per_task=1660.882377 stage2_phase_completion_handoff_attempts=4575 stage2_phase_completion_handoff_task_attempts=30892 stage2_phase_completion_handoff_elapsed_ms=8.829077 avg_stage2_phase_completion_handoff_us_per_task=0.285805 stage2_phase_finalize_attempts=4575 stage2_phase_finalize_task_attempts=30892 stage2_phase_finalize_elapsed_ms=29.075112 avg_stage2_phase_finalize_us_per_task=0.941186 maintenance_worker_idle_waits=364416 maintenance_worker_idle_ms=636329.135796 maintenance_lost_wake_avoided=22656 maintenance_targeted_wakes=474707 maintenance_generic_wakes=13195 maintenance_broadcast_wakes=0 maintenance_context_slots_scanned=1981888 maintenance_ready_notifications=365292 maintenance_ready_stale_notifications=65 maintenance_ready_tickets_drained=289779 maintenance_ready_overflow_scans=0 maintenance_ready_fallback_scans=123987 stage2_search_lane_lease_limit=32 stage2_search_lane_lease_peak=23 stage2_search_lane_lease_blocked=0 maintenance_worker_observed_idle_ratio=0.795130 maintenance_worker_observed_busy_ratio=0.204870 physical_stage1_items=30910 physical_stage1_total_ns=110113825384 physical_stage1_search_ns=101766013251 physical_stage1_prune_ns=4927095940 physical_stage1_allocate_write_ns=2786867388 physical_stage1_backlink_ns=572125661 physical_stage1_candidates=3955933 physical_stage1_remote_frontier_items=12739845 physical_stage1_neighbors=1090731 peer_stage1_enqueued=18658 peer_stage1_processed=18658 peer_stage1_items=49428 avg_peer_stage1_items=2.649159 peer_stage1_rate_per_sec=494.105145 peer_stage1_max_queue=46 peer_stage1_active_workers=0 peer_stage2_home_enqueued=267969 peer_stage2_home_processed=267969 peer_stage2_home_items=22634424 avg_peer_stage2_home_items=84.466576 peer_stage2_home_max_queue=32 peer_stage2_home_response_queue_drops=0 peer_stage2_home_response_send_wait_ms=2503.922586 avg_peer_stage2_home_queue_wait_us=20.496454 avg_peer_stage2_home_execution_us=48.096356 peer_stage1_release_deferred_batches=104 peer_stage1_release_deferred_items=184 peer_stage1_duplicate_retry_responses=0 peer_stage1_admission_retry_responses=0 peer_stage1_retry_response_drops=0 peer_stage1_admission_waiters=0 peer_stage1_admission_waiter_items=0 peer_stage1_admission_owned_items=0 peer_stage1_admission_wake_coverage=0 peer_stage1_admission_parked=0 peer_stage1_admission_woken=0 peer_stage1_admission_reparked=0 peer_stage1_max_admission_waiters=0 peer_stage1_duplicate_coalesced=7 peer_reverse_enqueued=14931 peer_reverse_processed=14931 peer_reverse_remaining=0 peer_reverse_items_enqueued=180184 peer_reverse_items_processed=180184 peer_reverse_rate_per_sec=1801.202588 peer_reverse_failed=11 peer_reverse_max_queue=22 reclaim_pending=2 reclaim_reused=1511 dynamic_high_watermark=19061157088 stage2_remaining=0 cleanup_remaining=0 active_contexts=11 active_context_limit=32 repair_remaining=0 remaining=16
[STATUS]: storage-owner maintenance observation: enqueued=31641 stage2_enqueued=31641 cleanup_enqueued=0 stage2_tasks_done=31621 stage2_finalized_live=31621 cleanup_processed=0 stale=0 stage2_completion_ratio=0.999368 live_stage2_completion_ratio=0.999368 avg_stage2_delay_ms=178.333964 p99_stage2_delay_upper_ms=2000.000000 p99_stage2_delay_over_30s=false stage2_delay_histogram=0,0,0,22,1256,11003,5385,2196,3700,4796,2758,505,0,0,0,0,0,0 max_stage2_delay_ms=1599.947642 compaction_batch_target=32 compaction_max_delay_ms=25.000000 stage2_rate_per_sec=301.050877 stage1_search_budget_exhausted=0 stage2_search_budget_exhausted=0 stage2_continuations=31640 stage2_remote_frontier_items=13280303 avg_stage2_remote_frontier=419.731448 stage2_remote_expansions=271371 avg_stage2_remote_expansions=8.576833 stage2_scored_candidates=20356142 avg_stage2_scored_candidates=643.367320 stage2_graph_read_waves=76693 avg_stage2_expansions_per_graph_wave=3.538406 stage2_graph_unique_reads=280965 stage2_graph_prefetch_issued=185672 stage2_graph_prefetch_hits=176158 stage2_graph_prefetch_wasted=9498 stage2_graph_prefetch_promotion_ratio=0.948841 stage2_graph_issue_width_current=16 stage2_vector_read_waves=190028 avg_stage2_scores_per_vector_wave=107.121803 stage2_vector_unique_reads=14869594 stage2_home_rpc_batches=135104 stage2_home_rpc_items=12960941 avg_stage2_home_rpc_batch=95.933066 stage2_home_score_rpc_batches=52405 stage2_home_score_rpc_items=12679976 stage2_home_score_rpc_queries=288136 stage2_home_score_rpc_request_bytes=335653728 stage2_home_score_rpc_response_bytes=407863824 avg_stage2_home_score_queries_per_rpc=5.498254 avg_stage2_home_score_rpc_batch=241.961187 stage2_home_scored_neighbors=18176274 home_scores_per_expansion=1.402388 stage2_migrations=1634 home_match_rate=0.948325 stage2_final_edges=1140517 stage2_cross_edges_stage1_home=62989 stage2_cross_edges_final_home=29663 cross_edge_reduction_ratio=0.529077 failed=0 rpc_timeouts=0 reverse_aggregate_batches=0 reverse_aggregate_logical_requests=0 reverse_aggregate_ops=0 avg_reverse_aggregate_logicals=0.000000 avg_reverse_aggregate_ops=0.000000 max_backlog=371 admission_window=65536 completion_outstanding=20 completion_incomplete=20 completed_behind_hole=0 completion_logical_full_failures=0 completion_physical_full_failures=0 pressure_yields=94769 stage2_batches=4732 avg_stage2_batch_size=6.686391 packing_target_batch=8 packing_admit_queue_avg=15.868132 packing_admit_queue_max=371 packing_batch_1_7=1660 packing_batch_8=3072 packing_assembly_batches=4732 packing_assembly_wait_ms=88093.788725 packing_arrival_interval_us=10120 packing_waited_batches=1660 packing_wait_ms=34463.675000 packing_target_flushes=3072 packing_deadline_flushes=1660 packing_cleanup_flushes=0 stage2_phase_search_attempts=4730 stage2_phase_search_task_attempts=31627 stage2_phase_search_elapsed_ms=462136.931526 avg_stage2_phase_search_us_per_task=14612.101417 stage2_phase_freeze_prune_attempts=5271 stage2_phase_freeze_prune_task_attempts=35637 stage2_phase_freeze_prune_elapsed_ms=54439.768645 avg_stage2_phase_freeze_prune_us_per_task=1527.619290 stage2_phase_reverse_prepare_attempts=4729 stage2_phase_reverse_prepare_task_attempts=31621 stage2_phase_reverse_prepare_elapsed_ms=157709.064513 avg_stage2_phase_reverse_prepare_us_per_task=4987.478717 stage2_phase_placement_authority_attempts=4729 stage2_phase_placement_authority_task_attempts=31621 stage2_phase_placement_authority_elapsed_ms=55135.757057 avg_stage2_phase_placement_authority_us_per_task=1743.643688 stage2_phase_completion_handoff_attempts=4729 stage2_phase_completion_handoff_task_attempts=31621 stage2_phase_completion_handoff_elapsed_ms=9.200338 avg_stage2_phase_completion_handoff_us_per_task=0.290957 stage2_phase_finalize_attempts=4729 stage2_phase_finalize_task_attempts=31621 stage2_phase_finalize_elapsed_ms=30.094777 avg_stage2_phase_finalize_us_per_task=0.951734 maintenance_worker_idle_waits=387648 maintenance_worker_idle_ms=668973.835164 maintenance_lost_wake_avoided=23554 maintenance_targeted_wakes=503466 maintenance_generic_wakes=13664 maintenance_broadcast_wakes=0 maintenance_context_slots_scanned=2075392 maintenance_ready_notifications=388734 maintenance_ready_stale_notifications=69 maintenance_ready_tickets_drained=310357 maintenance_ready_overflow_scans=0 maintenance_ready_fallback_scans=129830 stage2_search_lane_lease_limit=32 stage2_search_lane_lease_peak=23 stage2_search_lane_lease_blocked=0 maintenance_worker_observed_idle_ratio=0.796129 maintenance_worker_observed_busy_ratio=0.203871 physical_stage1_items=31644 physical_stage1_total_ns=113103480282 physical_stage1_search_ns=104569605044 physical_stage1_prune_ns=5045239296 physical_stage1_allocate_write_ns=2835755621 physical_stage1_backlink_ns=589309592 physical_stage1_candidates=4049870 physical_stage1_remote_frontier_items=13281950 physical_stage1_neighbors=1114942 peer_stage1_enqueued=19443 peer_stage1_processed=19443 peer_stage1_items=50605 avg_peer_stage1_items=2.602736 peer_stage1_rate_per_sec=481.789938 peer_stage1_max_queue=46 peer_stage1_active_workers=0 peer_stage2_home_enqueued=281025 peer_stage2_home_processed=281025 peer_stage2_home_items=23851273 avg_peer_stage2_home_items=84.872424 peer_stage2_home_max_queue=32 peer_stage2_home_response_queue_drops=0 peer_stage2_home_response_send_wait_ms=2633.307702 avg_peer_stage2_home_queue_wait_us=20.430794 avg_peer_stage2_home_execution_us=48.349366 peer_stage1_release_deferred_batches=111 peer_stage1_release_deferred_items=192 peer_stage1_duplicate_retry_responses=0 peer_stage1_admission_retry_responses=0 peer_stage1_retry_response_drops=0 peer_stage1_admission_waiters=0 peer_stage1_admission_waiter_items=0 peer_stage1_admission_owned_items=0 peer_stage1_admission_wake_coverage=0 peer_stage1_admission_parked=0 peer_stage1_admission_woken=0 peer_stage1_admission_reparked=0 peer_stage1_max_admission_waiters=0 peer_stage1_duplicate_coalesced=8 peer_reverse_enqueued=15739 peer_reverse_processed=15739 peer_reverse_remaining=0 peer_reverse_items_enqueued=190846 peer_reverse_items_processed=190846 peer_reverse_rate_per_sec=1816.968334 peer_reverse_failed=11 peer_reverse_max_queue=22 reclaim_pending=5 reclaim_reused=1629 dynamic_high_watermark=19061966560 stage2_remaining=1 cleanup_remaining=0 active_contexts=3 active_context_limit=32 repair_remaining=0 remaining=20
[STATUS]: storage-owner maintenance observation: enqueued=32402 stage2_enqueued=32402 cleanup_enqueued=0 stage2_tasks_done=32373 stage2_finalized_live=32373 cleanup_processed=0 stale=0 stage2_completion_ratio=0.999105 live_stage2_completion_ratio=0.999105 avg_stage2_delay_ms=177.716303 p99_stage2_delay_upper_ms=2000.000000 p99_stage2_delay_over_30s=false stage2_delay_histogram=0,0,0,22,1265,11043,5515,2395,3956,4899,2773,505,0,0,0,0,0,0 max_stage2_delay_ms=1599.947642 compaction_batch_target=32 compaction_max_delay_ms=25.000000 stage2_rate_per_sec=294.205198 stage1_search_budget_exhausted=0 stage2_search_budget_exhausted=0 stage2_continuations=32401 stage2_remote_frontier_items=13687163 avg_stage2_remote_frontier=422.430264 stage2_remote_expansions=282499 avg_stage2_remote_expansions=8.718836 stage2_scored_candidates=21081391 avg_stage2_scored_candidates=650.640135 stage2_graph_read_waves=80168 avg_stage2_expansions_per_graph_wave=3.523837 stage2_graph_unique_reads=292727 stage2_graph_prefetch_issued=193425 stage2_graph_prefetch_hits=183410 stage2_graph_prefetch_wasted=9968 stage2_graph_prefetch_promotion_ratio=0.948453 stage2_graph_issue_width_current=16 stage2_vector_read_waves=199134 avg_stage2_scores_per_vector_wave=105.865352 stage2_vector_unique_reads=15348028 stage2_home_rpc_batches=140500 stage2_home_rpc_items=13364369 avg_stage2_home_rpc_batch=95.120064 stage2_home_score_rpc_batches=54037 stage2_home_score_rpc_items=13071642 stage2_home_score_rpc_queries=295099 stage2_home_score_rpc_request_bytes=345828540 stage2_home_score_rpc_response_bytes=420462888 avg_stage2_home_score_queries_per_rpc=5.461054 avg_stage2_home_score_rpc_batch=241.901697 stage2_home_scored_neighbors=18815050 home_scores_per_expansion=1.407852 stage2_migrations=1702 home_match_rate=0.947425 stage2_final_edges=1165850 stage2_cross_edges_stage1_home=65322 stage2_cross_edges_final_home=30745 cross_edge_reduction_ratio=0.529332 failed=0 rpc_timeouts=0 reverse_aggregate_batches=0 reverse_aggregate_logical_requests=0 reverse_aggregate_ops=0 avg_reverse_aggregate_logicals=0.000000 avg_reverse_aggregate_ops=0.000000 max_backlog=371 admission_window=65536 completion_outstanding=32 completion_incomplete=29 completed_behind_hole=3 completion_logical_full_failures=0 completion_physical_full_failures=0 pressure_yields=95263 stage2_batches=4877 avg_stage2_batch_size=6.643633 packing_target_batch=8 packing_admit_queue_avg=15.560796 packing_admit_queue_max=371 packing_batch_1_7=1762 packing_batch_8=3115 packing_assembly_batches=4877 packing_assembly_wait_ms=91204.331561 packing_arrival_interval_us=25000 packing_waited_batches=1762 packing_wait_ms=36985.110000 packing_target_flushes=3115 packing_deadline_flushes=1762 packing_cleanup_flushes=0 stage2_phase_search_attempts=4876 stage2_phase_search_task_attempts=32395 stage2_phase_search_elapsed_ms=471073.141513 avg_stage2_phase_search_us_per_task=14541.538556 stage2_phase_freeze_prune_attempts=5421 stage2_phase_freeze_prune_task_attempts=36435 stage2_phase_freeze_prune_elapsed_ms=55786.883025 avg_stage2_phase_freeze_prune_us_per_task=1531.134432 stage2_phase_reverse_prepare_attempts=4871 stage2_phase_reverse_prepare_task_attempts=32373 stage2_phase_reverse_prepare_elapsed_ms=162345.913032 avg_stage2_phase_reverse_prepare_us_per_task=5014.855374 stage2_phase_placement_authority_attempts=4871 stage2_phase_placement_authority_task_attempts=32373 stage2_phase_placement_authority_elapsed_ms=57177.296328 avg_stage2_phase_placement_authority_us_per_task=1766.203204 stage2_phase_completion_handoff_attempts=4871 stage2_phase_completion_handoff_task_attempts=32373 stage2_phase_completion_handoff_elapsed_ms=9.500654 avg_stage2_phase_completion_handoff_us_per_task=0.293475 stage2_phase_finalize_attempts=4871 stage2_phase_finalize_task_attempts=32373 stage2_phase_finalize_elapsed_ms=30.868251 avg_stage2_phase_finalize_us_per_task=0.953518 maintenance_worker_idle_waits=405376 maintenance_worker_idle_ms=703116.456723 maintenance_lost_wake_avoided=24005 maintenance_targeted_wakes=521563 maintenance_generic_wakes=14157 maintenance_broadcast_wakes=0 maintenance_context_slots_scanned=2143184 maintenance_ready_notifications=405317 maintenance_ready_stale_notifications=76 maintenance_ready_tickets_drained=324503 maintenance_ready_overflow_scans=0 maintenance_ready_fallback_scans=134133 stage2_search_lane_lease_limit=32 stage2_search_lane_lease_peak=23 stage2_search_lane_lease_blocked=0 maintenance_worker_observed_idle_ratio=0.798739 maintenance_worker_observed_busy_ratio=0.201261 physical_stage1_items=32403 physical_stage1_total_ns=115971531623 physical_stage1_search_ns=107253498456 physical_stage1_prune_ns=5163719820 physical_stage1_allocate_write_ns=2884721895 physical_stage1_backlink_ns=604094780 physical_stage1_candidates=4147002 physical_stage1_remote_frontier_items=13689663 physical_stage1_neighbors=1139504 peer_stage1_enqueued=20261 peer_stage1_processed=20261 peer_stage1_items=51834 avg_peer_stage1_items=2.558314 peer_stage1_rate_per_sec=471.066390 peer_stage1_max_queue=46 peer_stage1_active_workers=0 peer_stage2_home_enqueued=294320 peer_stage2_home_processed=294320 peer_stage2_home_items=24885214 avg_peer_stage2_home_items=84.551556 peer_stage2_home_max_queue=32 peer_stage2_home_response_queue_drops=0 peer_stage2_home_response_send_wait_ms=2733.692298 avg_peer_stage2_home_queue_wait_us=20.237599 avg_peer_stage2_home_execution_us=48.098185 peer_stage1_release_deferred_batches=119 peer_stage1_release_deferred_items=205 peer_stage1_duplicate_retry_responses=0 peer_stage1_admission_retry_responses=0 peer_stage1_retry_response_drops=0 peer_stage1_admission_waiters=0 peer_stage1_admission_waiter_items=0 peer_stage1_admission_owned_items=0 peer_stage1_admission_wake_coverage=0 peer_stage1_admission_parked=0 peer_stage1_admission_woken=0 peer_stage1_admission_reparked=0 peer_stage1_max_admission_waiters=0 peer_stage1_duplicate_coalesced=8 peer_reverse_enqueued=16554 peer_reverse_processed=16554 peer_reverse_remaining=0 peer_reverse_items_enqueued=199069 peer_reverse_items_processed=199069 peer_reverse_rate_per_sec=1809.135225 peer_reverse_failed=12 peer_reverse_max_queue=22 reclaim_pending=0 reclaim_reused=1702 dynamic_high_watermark=19062780992 stage2_remaining=1 cleanup_remaining=0 active_contexts=6 active_context_limit=32 repair_remaining=0 remaining=29
[STATUS]: storage-owner maintenance observation: enqueued=32671 stage2_enqueued=32671 cleanup_enqueued=0 stage2_tasks_done=32671 stage2_finalized_live=32671 cleanup_processed=0 stale=0 stage2_completion_ratio=1.000000 live_stage2_completion_ratio=1.000000 avg_stage2_delay_ms=178.621946 p99_stage2_delay_upper_ms=2000.000000 p99_stage2_delay_over_30s=false stage2_delay_histogram=0,0,0,22,1265,11046,5545,2453,4065,4968,2784,523,0,0,0,0,0,0 max_stage2_delay_ms=1599.947642 compaction_batch_target=32 compaction_max_delay_ms=25.000000 stage2_rate_per_sec=284.000581 stage1_search_budget_exhausted=0 stage2_search_budget_exhausted=0 stage2_continuations=32671 stage2_remote_frontier_items=13869224 avg_stage2_remote_frontier=424.511769 stage2_remote_expansions=286576 avg_stage2_remote_expansions=8.771571 stage2_scored_candidates=21370150 avg_stage2_scored_candidates=654.101497 stage2_graph_read_waves=81289 avg_stage2_expansions_per_graph_wave=3.525397 stage2_graph_unique_reads=296720 stage2_graph_prefetch_issued=196177 stage2_graph_prefetch_hits=186033 stage2_graph_prefetch_wasted=10144 stage2_graph_prefetch_promotion_ratio=0.948292 stage2_graph_issue_width_current=16 stage2_vector_read_waves=202103 avg_stage2_scores_per_vector_wave=105.738905 stage2_vector_unique_reads=15553102 stage2_home_rpc_batches=142421 stage2_home_rpc_items=13543697 avg_stage2_home_rpc_batch=95.096208 stage2_home_score_rpc_batches=54768 stage2_home_score_rpc_items=13246977 stage2_home_score_rpc_queries=298177 stage2_home_score_rpc_request_bytes=350379324 stage2_home_score_rpc_response_bytes=426102992 avg_stage2_home_score_queries_per_rpc=5.444365 avg_stage2_home_score_rpc_batch=241.874397 stage2_home_scored_neighbors=19074047 home_scores_per_expansion=1.408334 stage2_migrations=1735 home_match_rate=0.946895 stage2_final_edges=1176549 stage2_cross_edges_stage1_home=66446 stage2_cross_edges_final_home=31264 cross_edge_reduction_ratio=0.529483 failed=0 rpc_timeouts=0 reverse_aggregate_batches=0 reverse_aggregate_logical_requests=0 reverse_aggregate_ops=0 avg_reverse_aggregate_logicals=0.000000 avg_reverse_aggregate_ops=0.000000 max_backlog=371 admission_window=65536 completion_outstanding=0 completion_incomplete=0 completed_behind_hole=0 completion_logical_full_failures=0 completion_physical_full_failures=0 pressure_yields=95429 stage2_batches=4937 avg_stage2_batch_size=6.617582 packing_target_batch=8 packing_admit_queue_avg=15.427993 packing_admit_queue_max=371 packing_batch_1_7=1809 packing_batch_8=3128 packing_assembly_batches=4937 packing_assembly_wait_ms=92589.066950 packing_arrival_interval_us=22211 packing_waited_batches=1809 packing_wait_ms=38160.110000 packing_target_flushes=3128 packing_deadline_flushes=1809 packing_cleanup_flushes=0 stage2_phase_search_attempts=4937 stage2_phase_search_task_attempts=32671 stage2_phase_search_elapsed_ms=475780.364737 avg_stage2_phase_search_us_per_task=14562.773247 stage2_phase_freeze_prune_attempts=5485 stage2_phase_freeze_prune_task_attempts=36733 stage2_phase_freeze_prune_elapsed_ms=56426.500184 avg_stage2_phase_freeze_prune_us_per_task=1536.125560 stage2_phase_reverse_prepare_attempts=4937 stage2_phase_reverse_prepare_task_attempts=32671 stage2_phase_reverse_prepare_elapsed_ms=169106.664857 avg_stage2_phase_reverse_prepare_us_per_task=5176.048020 stage2_phase_placement_authority_attempts=4937 stage2_phase_placement_authority_task_attempts=32671 stage2_phase_placement_authority_elapsed_ms=59230.293596 avg_stage2_phase_placement_authority_us_per_task=1812.931762 stage2_phase_completion_handoff_attempts=4937 stage2_phase_completion_handoff_task_attempts=32671 stage2_phase_completion_handoff_elapsed_ms=9.645945 avg_stage2_phase_completion_handoff_us_per_task=0.295245 stage2_phase_finalize_attempts=4937 stage2_phase_finalize_task_attempts=32671 stage2_phase_finalize_elapsed_ms=31.254962 avg_stage2_phase_finalize_us_per_task=0.956658 maintenance_worker_idle_waits=413824 maintenance_worker_idle_ms=739286.733223 maintenance_lost_wake_avoided=24195 maintenance_targeted_wakes=527744 maintenance_generic_wakes=14330 maintenance_broadcast_wakes=0 maintenance_context_slots_scanned=2205520 maintenance_ready_notifications=411021 maintenance_ready_stale_notifications=77 maintenance_ready_tickets_drained=329250 maintenance_ready_overflow_scans=0 maintenance_ready_fallback_scans=138057 stage2_search_lane_lease_limit=32 stage2_search_lane_lease_peak=23 stage2_search_lane_lease_blocked=0 maintenance_worker_observed_idle_ratio=0.803304 maintenance_worker_observed_busy_ratio=0.196696 physical_stage1_items=32673 physical_stage1_total_ns=117033691595 physical_stage1_search_ns=108251321775 physical_stage1_prune_ns=5206785750 physical_stage1_allocate_write_ns=2900090792 physical_stage1_backlink_ns=609375207 physical_stage1_candidates=4181560 physical_stage1_remote_frontier_items=13870066 physical_stage1_neighbors=1148848 peer_stage1_enqueued=20543 peer_stage1_processed=20543 peer_stage1_items=52274 avg_peer_stage1_items=2.544614 peer_stage1_rate_per_sec=454.404407 peer_stage1_max_queue=46 peer_stage1_active_workers=0 peer_stage2_home_enqueued=311707 peer_stage2_home_processed=311707 peer_stage2_home_items=26376758 avg_peer_stage2_home_items=84.620358 peer_stage2_home_max_queue=32 peer_stage2_home_response_queue_drops=0 peer_stage2_home_response_send_wait_ms=2856.181315 avg_peer_stage2_home_queue_wait_us=19.972586 avg_peer_stage2_home_execution_us=48.111861 peer_stage1_release_deferred_batches=121 peer_stage1_release_deferred_items=207 peer_stage1_duplicate_retry_responses=0 peer_stage1_admission_retry_responses=0 peer_stage1_retry_response_drops=0 peer_stage1_admission_waiters=0 peer_stage1_admission_waiter_items=0 peer_stage1_admission_owned_items=0 peer_stage1_admission_wake_coverage=0 peer_stage1_admission_parked=0 peer_stage1_admission_woken=0 peer_stage1_admission_reparked=0 peer_stage1_max_admission_waiters=0 peer_stage1_duplicate_coalesced=8 peer_reverse_enqueued=17551 peer_reverse_processed=17551 peer_reverse_remaining=0 peer_reverse_items_enqueued=210040 peer_reverse_items_processed=210040 peer_reverse_rate_per_sec=1825.823577 peer_reverse_failed=14 peer_reverse_max_queue=22 reclaim_pending=0 reclaim_reused=1735 dynamic_high_watermark=19063238304 stage2_remaining=0 cleanup_remaining=0 active_contexts=0 active_context_limit=32 repair_remaining=0 remaining=0
[STATUS]: storage-owner maintenance observation: enqueued=33729 stage2_enqueued=33729 cleanup_enqueued=0 stage2_tasks_done=33651 stage2_finalized_live=33651 cleanup_processed=0 stale=0 stage2_completion_ratio=0.997687 live_stage2_completion_ratio=0.997687 avg_stage2_delay_ms=181.300721 p99_stage2_delay_upper_ms=2000.000000 p99_stage2_delay_over_30s=false stage2_delay_histogram=0,0,0,22,1283,11061,5626,2581,4380,5284,2891,523,0,0,0,0,0,0 max_stage2_delay_ms=1599.947642 compaction_batch_target=32 compaction_max_delay_ms=25.000000 stage2_rate_per_sec=280.334957 stage1_search_budget_exhausted=0 stage2_search_budget_exhausted=0 stage2_continuations=33729 stage2_remote_frontier_items=14524490 avg_stage2_remote_frontier=430.623203 stage2_remote_expansions=307392 avg_stage2_remote_expansions=9.113582 stage2_scored_candidates=22548382 avg_stage2_scored_candidates=668.516173 stage2_graph_read_waves=86364 avg_stage2_expansions_per_graph_wave=3.559261 stage2_graph_unique_reads=318217 stage2_graph_prefetch_issued=211596 stage2_graph_prefetch_hits=200861 stage2_graph_prefetch_wasted=10733 stage2_graph_prefetch_promotion_ratio=0.949275 stage2_graph_issue_width_current=16 stage2_vector_read_waves=216207 avg_stage2_scores_per_vector_wave=104.290712 stage2_vector_unique_reads=16315009 stage2_home_rpc_batches=150535 stage2_home_rpc_items=14184970 avg_stage2_home_rpc_batch=94.230378 stage2_home_score_rpc_batches=57367 stage2_home_score_rpc_items=13866753 stage2_home_score_rpc_queries=309818 stage2_home_score_rpc_request_bytes=366542768 stage2_home_score_rpc_response_bytes=446040856 avg_stage2_home_score_queries_per_rpc=5.400631 avg_stage2_home_score_rpc_batch=241.720031 stage2_home_scored_neighbors=20110552 home_scores_per_expansion=1.417737 stage2_migrations=1864 home_match_rate=0.944608 stage2_final_edges=1210662 stage2_cross_edges_stage1_home=71249 stage2_cross_edges_final_home=33415 cross_edge_reduction_ratio=0.531011 failed=0 rpc_timeouts=0 reverse_aggregate_batches=0 reverse_aggregate_logical_requests=0 reverse_aggregate_ops=0 avg_reverse_aggregate_logicals=0.000000 avg_reverse_aggregate_ops=0.000000 max_backlog=371 admission_window=65536 completion_outstanding=85 completion_incomplete=78 completed_behind_hole=7 completion_logical_full_failures=0 completion_physical_full_failures=0 pressure_yields=97898 stage2_batches=5123 avg_stage2_batch_size=6.583838 packing_target_batch=8 packing_admit_queue_avg=15.093110 packing_admit_queue_max=371 packing_batch_1_7=1916 packing_batch_8=3207 packing_assembly_batches=5123 packing_assembly_wait_ms=96109.331240 packing_arrival_interval_us=4620 packing_waited_batches=1916 packing_wait_ms=40760.693000 packing_target_flushes=3207 packing_deadline_flushes=1916 packing_cleanup_flushes=0 stage2_phase_search_attempts=5118 stage2_phase_search_task_attempts=33692 stage2_phase_search_elapsed_ms=501995.329104 avg_stage2_phase_search_us_per_task=14899.540814 stage2_phase_freeze_prune_attempts=5679 stage2_phase_freeze_prune_task_attempts=37858 stage2_phase_freeze_prune_elapsed_ms=59199.456168 avg_stage2_phase_freeze_prune_us_per_task=1563.723814 stage2_phase_reverse_prepare_attempts=5116 stage2_phase_reverse_prepare_task_attempts=33682 stage2_phase_reverse_prepare_elapsed_ms=177097.810016 avg_stage2_phase_reverse_prepare_us_per_task=5257.936287 stage2_phase_placement_authority_attempts=5112 stage2_phase_placement_authority_task_attempts=33651 stage2_phase_placement_authority_elapsed_ms=62664.591569 avg_stage2_phase_placement_authority_us_per_task=1862.191066 stage2_phase_completion_handoff_attempts=5112 stage2_phase_completion_handoff_task_attempts=33651 stage2_phase_completion_handoff_elapsed_ms=10.042254 avg_stage2_phase_completion_handoff_us_per_task=0.298424 stage2_phase_finalize_attempts=5112 stage2_phase_finalize_task_attempts=33651 stage2_phase_finalize_elapsed_ms=32.438650 avg_stage2_phase_finalize_us_per_task=0.963973 maintenance_worker_idle_waits=438784 maintenance_worker_idle_ms=771375.270601 maintenance_lost_wake_avoided=25142 maintenance_targeted_wakes=558657 maintenance_generic_wakes=14970 maintenance_broadcast_wakes=0 maintenance_context_slots_scanned=2298896 maintenance_ready_notifications=436326 maintenance_ready_stale_notifications=82 maintenance_ready_tickets_drained=350982 maintenance_ready_overflow_scans=0 maintenance_ready_fallback_scans=143780 stage2_search_lane_lease_limit=32 stage2_search_lane_lease_peak=23 stage2_search_lane_lease_blocked=0 maintenance_worker_observed_idle_ratio=0.803258 maintenance_worker_observed_busy_ratio=0.196742 physical_stage1_items=33734 physical_stage1_total_ns=121187517838 physical_stage1_search_ns=112122467966 physical_stage1_prune_ns=5377678733 physical_stage1_allocate_write_ns=2987368811 physical_stage1_backlink_ns=631266609 physical_stage1_candidates=4317348 physical_stage1_remote_frontier_items=14527125 physical_stage1_neighbors=1183972 peer_stage1_enqueued=21588 peer_stage1_processed=21586 peer_stage1_items=53942 avg_peer_stage1_items=2.498934 peer_stage1_rate_per_sec=449.372329 peer_stage1_max_queue=46 peer_stage1_active_workers=2 peer_stage2_home_enqueued=325128 peer_stage2_home_processed=325128 peer_stage2_home_items=27602437 avg_peer_stage2_home_items=84.897139 peer_stage2_home_max_queue=32 peer_stage2_home_response_queue_drops=0 peer_stage2_home_response_send_wait_ms=2994.598555 avg_peer_stage2_home_queue_wait_us=20.332707 avg_peer_stage2_home_execution_us=48.397083 peer_stage1_release_deferred_batches=136 peer_stage1_release_deferred_items=230 peer_stage1_duplicate_retry_responses=0 peer_stage1_admission_retry_responses=0 peer_stage1_retry_response_drops=0 peer_stage1_admission_waiters=0 peer_stage1_admission_waiter_items=0 peer_stage1_admission_owned_items=0 peer_stage1_admission_wake_coverage=0 peer_stage1_admission_parked=0 peer_stage1_admission_woken=0 peer_stage1_admission_reparked=0 peer_stage1_max_admission_waiters=0 peer_stage1_duplicate_coalesced=10 peer_reverse_enqueued=18411 peer_reverse_processed=18411 peer_reverse_remaining=0 peer_reverse_items_enqueued=220587 peer_reverse_items_processed=220587 peer_reverse_rate_per_sec=1837.634754 peer_reverse_failed=14 peer_reverse_max_queue=22 reclaim_pending=0 reclaim_reused=1864 dynamic_high_watermark=19064365216 stage2_remaining=0 cleanup_remaining=0 active_contexts=11 active_context_limit=32 repair_remaining=0 remaining=78
[STATUS]: storage-owner maintenance observation: enqueued=34936 stage2_enqueued=34936 cleanup_enqueued=0 stage2_tasks_done=34904 stage2_finalized_live=34904 cleanup_processed=0 stale=0 stage2_completion_ratio=0.999084 live_stage2_completion_ratio=0.999084 avg_stage2_delay_ms=191.181727 p99_stage2_delay_upper_ms=2000.000000 p99_stage2_delay_over_30s=false stage2_delay_histogram=0,0,0,22,1283,11064,5656,2659,4583,5784,3273,580,0,0,0,0,0,0 max_stage2_delay_ms=1599.947642 compaction_batch_target=32 compaction_max_delay_ms=25.000000 stage2_rate_per_sec=279.145455 stage1_search_budget_exhausted=0 stage2_search_budget_exhausted=0 stage2_continuations=34936 stage2_remote_frontier_items=15358533 avg_stage2_remote_frontier=439.619104 stage2_remote_expansions=333820 avg_stage2_remote_expansions=9.555187 stage2_scored_candidates=24069704 avg_stage2_scored_candidates=688.965651 stage2_graph_read_waves=93035 avg_stage2_expansions_per_graph_wave=3.588112 stage2_graph_unique_reads=345580 stage2_graph_prefetch_issued=230586 stage2_graph_prefetch_hits=218978 stage2_graph_prefetch_wasted=11568 stage2_graph_prefetch_promotion_ratio=0.949823 stage2_graph_issue_width_current=16 stage2_vector_read_waves=231794 avg_stage2_scores_per_vector_wave=103.840928 stage2_vector_unique_reads=17301625 stage2_home_rpc_batches=160976 stage2_home_rpc_items=15032165 avg_stage2_home_rpc_batch=93.381405 stage2_home_score_rpc_batches=60767 stage2_home_score_rpc_items=14686585 stage2_home_score_rpc_queries=326703 stage2_home_score_rpc_request_bytes=388075504 stage2_home_score_rpc_response_bytes=472414168 avg_stage2_home_score_queries_per_rpc=5.376323 avg_stage2_home_score_rpc_batch=241.686853 stage2_home_scored_neighbors=21465198 home_scores_per_expansion=1.427951 stage2_migrations=2020 home_match_rate=0.942127 stage2_final_edges=1257275 stage2_cross_edges_stage1_home=77375 stage2_cross_edges_final_home=36240 cross_edge_reduction_ratio=0.531632 failed=0 rpc_timeouts=0 reverse_aggregate_batches=0 reverse_aggregate_logical_requests=0 reverse_aggregate_ops=0 avg_reverse_aggregate_logicals=0.000000 avg_reverse_aggregate_ops=0.000000 max_backlog=371 admission_window=65536 completion_outstanding=45 completion_incomplete=32 completed_behind_hole=13 completion_logical_full_failures=0 completion_physical_full_failures=0 pressure_yields=113461 stage2_batches=5315 avg_stage2_batch_size=6.573095 packing_target_batch=8 packing_admit_queue_avg=15.009595 packing_admit_queue_max=371 packing_batch_1_7=2007 packing_batch_8=3308 packing_assembly_batches=5315 packing_assembly_wait_ms=103998.695580 packing_arrival_interval_us=10223 packing_waited_batches=2007 packing_wait_ms=42942.915000 packing_target_flushes=3308 packing_deadline_flushes=2007 packing_cleanup_flushes=0 stage2_phase_search_attempts=5312 stage2_phase_search_task_attempts=34920 stage2_phase_search_elapsed_ms=553366.986926 avg_stage2_phase_search_us_per_task=15846.706384 stage2_phase_freeze_prune_attempts=5894 stage2_phase_freeze_prune_task_attempts=39242 stage2_phase_freeze_prune_elapsed_ms=63158.701331 avg_stage2_phase_freeze_prune_us_per_task=1609.466932 stage2_phase_reverse_prepare_attempts=5310 stage2_phase_reverse_prepare_task_attempts=34904 stage2_phase_reverse_prepare_elapsed_ms=188861.321045 avg_stage2_phase_reverse_prepare_us_per_task=5410.879012 stage2_phase_placement_authority_attempts=5310 stage2_phase_placement_authority_task_attempts=34904 stage2_phase_placement_authority_elapsed_ms=66817.504944 avg_stage2_phase_placement_authority_us_per_task=1914.322282 stage2_phase_completion_handoff_attempts=5310 stage2_phase_completion_handoff_task_attempts=34904 stage2_phase_completion_handoff_elapsed_ms=10.525302 avg_stage2_phase_completion_handoff_us_per_task=0.301550 stage2_phase_finalize_attempts=5310 stage2_phase_finalize_task_attempts=34904 stage2_phase_finalize_elapsed_ms=34.127171 avg_stage2_phase_finalize_us_per_task=0.977744 maintenance_worker_idle_waits=469952 maintenance_worker_idle_ms=798919.486649 maintenance_lost_wake_avoided=27577 maintenance_targeted_wakes=605737 maintenance_generic_wakes=15682 maintenance_broadcast_wakes=0 maintenance_context_slots_scanned=2477568 maintenance_ready_notifications=466899 maintenance_ready_stale_notifications=87 maintenance_ready_tickets_drained=376585 maintenance_ready_overflow_scans=0 maintenance_ready_fallback_scans=154925 stage2_search_lane_lease_limit=32 stage2_search_lane_lease_peak=23 stage2_search_lane_lease_blocked=0 maintenance_worker_observed_idle_ratio=0.798672 maintenance_worker_observed_busy_ratio=0.201328 physical_stage1_items=34945 physical_stage1_total_ns=126208945328 physical_stage1_search_ns=116777425862 physical_stage1_prune_ns=5586575552 physical_stage1_allocate_write_ns=3112471276 physical_stage1_backlink_ns=660946330 physical_stage1_candidates=4472332 physical_stage1_remote_frontier_items=15363488 physical_stage1_neighbors=1227424 peer_stage1_enqueued=22754 peer_stage1_processed=22754 peer_stage1_items=55878 avg_peer_stage1_items=2.455744 peer_stage1_rate_per_sec=446.885450 peer_stage1_max_queue=46 peer_stage1_active_workers=0 peer_stage2_home_enqueued=338304 peer_stage2_home_processed=338304 peer_stage2_home_items=28771327 avg_peer_stage2_home_items=85.045778 peer_stage2_home_max_queue=32 peer_stage2_home_response_queue_drops=0 peer_stage2_home_response_send_wait_ms=3208.943763 avg_peer_stage2_home_queue_wait_us=20.824246 avg_peer_stage2_home_execution_us=48.602628 peer_stage1_release_deferred_batches=144 peer_stage1_release_deferred_items=243 peer_stage1_duplicate_retry_responses=0 peer_stage1_admission_retry_responses=0 peer_stage1_retry_response_drops=0 peer_stage1_admission_waiters=0 peer_stage1_admission_waiter_items=0 peer_stage1_admission_owned_items=0 peer_stage1_admission_wake_coverage=0 peer_stage1_admission_parked=0 peer_stage1_admission_woken=0 peer_stage1_admission_reparked=0 peer_stage1_max_admission_waiters=0 peer_stage1_duplicate_coalesced=11 peer_reverse_enqueued=19160 peer_reverse_processed=19160 peer_reverse_remaining=0 peer_reverse_items_enqueued=230706 peer_reverse_items_processed=230706 peer_reverse_rate_per_sec=1845.075963 peer_reverse_failed=15 peer_reverse_max_queue=22 reclaim_pending=0 reclaim_reused=2020 dynamic_high_watermark=19065606208 stage2_remaining=0 cleanup_remaining=0 active_contexts=5 active_context_limit=32 repair_remaining=0 remaining=32
[STATUS]: storage-owner maintenance observation: enqueued=35885 stage2_enqueued=35885 cleanup_enqueued=0 stage2_tasks_done=35819 stage2_finalized_live=35819 cleanup_processed=0 stale=0 stage2_completion_ratio=0.998161 live_stage2_completion_ratio=0.998161 avg_stage2_delay_ms=194.462358 p99_stage2_delay_upper_ms=2000.000000 p99_stage2_delay_over_30s=false stage2_delay_histogram=0,0,0,22,1283,11064,5667,2792,4827,6187,3397,580,0,0,0,0,0,0 max_stage2_delay_ms=1599.947642 compaction_batch_target=32 compaction_max_delay_ms=25.000000 stage2_rate_per_sec=275.448561 stage1_search_budget_exhausted=0 stage2_search_budget_exhausted=0 stage2_continuations=35885 stage2_remote_frontier_items=16028617 avg_stage2_remote_frontier=446.666212 stage2_remote_expansions=352588 avg_stage2_remote_expansions=9.825498 stage2_scored_candidates=25216401 avg_stage2_scored_candidates=702.700320 stage2_graph_read_waves=97775 avg_stage2_expansions_per_graph_wave=3.606116 stage2_graph_unique_reads=364991 stage2_graph_prefetch_issued=244459 stage2_graph_prefetch_hits=232262 stage2_graph_prefetch_wasted=12102 stage2_graph_prefetch_promotion_ratio=0.950476 stage2_graph_issue_width_current=16 stage2_vector_read_waves=244246 avg_stage2_scores_per_vector_wave=103.241818 stage2_vector_unique_reads=18080714 stage2_home_rpc_batches=168846 stage2_home_rpc_items=15701716 avg_stage2_home_rpc_batch=92.994303 stage2_home_score_rpc_batches=63479 stage2_home_score_rpc_items=15336725 stage2_home_score_rpc_queries=339210 stage2_home_score_rpc_request_bytes=405061392 stage2_home_score_rpc_response_bytes=493328648 avg_stage2_home_score_queries_per_rpc=5.343657 avg_stage2_home_score_rpc_batch=241.603129 stage2_home_scored_neighbors=22482841 home_scores_per_expansion=1.431872 stage2_migrations=2131 home_match_rate=0.940506 stage2_final_edges=1291536 stage2_cross_edges_stage1_home=81751 stage2_cross_edges_final_home=38399 cross_edge_reduction_ratio=0.530293 failed=0 rpc_timeouts=0 reverse_aggregate_batches=0 reverse_aggregate_logical_requests=0 reverse_aggregate_ops=0 avg_reverse_aggregate_logicals=0.000000 avg_reverse_aggregate_ops=0.000000 max_backlog=371 admission_window=65536 completion_outstanding=101 completion_incomplete=66 completed_behind_hole=35 completion_logical_full_failures=0 completion_physical_full_failures=0 pressure_yields=116214 stage2_batches=5489 avg_stage2_batch_size=6.537621 packing_target_batch=8 packing_admit_queue_avg=14.713062 packing_admit_queue_max=371 packing_batch_1_7=2125 packing_batch_8=3364 packing_assembly_batches=5489 packing_assembly_wait_ms=107818.556234 packing_arrival_interval_us=8749 packing_waited_batches=2125 packing_wait_ms=45862.429000 packing_target_flushes=3364 packing_deadline_flushes=2125 packing_cleanup_flushes=0 stage2_phase_search_attempts=5481 stage2_phase_search_task_attempts=35837 stage2_phase_search_elapsed_ms=582895.119669 avg_stage2_phase_search_us_per_task=16265.176205 stage2_phase_freeze_prune_attempts=6071 stage2_phase_freeze_prune_task_attempts=40211 stage2_phase_freeze_prune_elapsed_ms=66661.648470 avg_stage2_phase_freeze_prune_us_per_task=1657.796336 stage2_phase_reverse_prepare_attempts=5479 stage2_phase_reverse_prepare_task_attempts=35825 stage2_phase_reverse_prepare_elapsed_ms=196770.495780 avg_stage2_phase_reverse_prepare_us_per_task=5492.546986 stage2_phase_placement_authority_attempts=5478 stage2_phase_placement_authority_task_attempts=35819 stage2_phase_placement_authority_elapsed_ms=70673.480349 avg_stage2_phase_placement_authority_us_per_task=1973.072401 stage2_phase_completion_handoff_attempts=5478 stage2_phase_completion_handoff_task_attempts=35819 stage2_phase_completion_handoff_elapsed_ms=10.912586 avg_stage2_phase_completion_handoff_us_per_task=0.304659 stage2_phase_finalize_attempts=5478 stage2_phase_finalize_task_attempts=35819 stage2_phase_finalize_elapsed_ms=35.219877 avg_stage2_phase_finalize_us_per_task=0.983274 maintenance_worker_idle_waits=492800 maintenance_worker_idle_ms=829030.126978 maintenance_lost_wake_avoided=28429 maintenance_targeted_wakes=633387 maintenance_generic_wakes=16339 maintenance_broadcast_wakes=0 maintenance_context_slots_scanned=2560064 maintenance_ready_notifications=490193 maintenance_ready_stale_notifications=94 maintenance_ready_tickets_drained=396382 maintenance_ready_overflow_scans=0 maintenance_ready_fallback_scans=160065 stage2_search_lane_lease_limit=32 stage2_search_lane_lease_peak=23 stage2_search_lane_lease_blocked=0 maintenance_worker_observed_idle_ratio=0.796907 maintenance_worker_observed_busy_ratio=0.203093 physical_stage1_items=35897 physical_stage1_total_ns=130169932560 physical_stage1_search_ns=120495015599 physical_stage1_prune_ns=5751695057 physical_stage1_allocate_write_ns=3166619651 physical_stage1_backlink_ns=682646081 physical_stage1_candidates=4594166 physical_stage1_remote_frontier_items=16038470 physical_stage1_neighbors=1261895 peer_stage1_enqueued=23865 peer_stage1_processed=23865 peer_stage1_items=57437 avg_peer_stage1_items=2.406746 peer_stage1_rate_per_sec=441.691254 peer_stage1_max_queue=46 peer_stage1_active_workers=0 peer_stage2_home_enqueued=348504 peer_stage2_home_processed=348504 peer_stage2_home_items=29671546 avg_peer_stage2_home_items=85.139757 peer_stage2_home_max_queue=32 peer_stage2_home_response_queue_drops=0 peer_stage2_home_response_send_wait_ms=3302.206457 avg_peer_stage2_home_queue_wait_us=20.806147 avg_peer_stage2_home_execution_us=48.638383 peer_stage1_release_deferred_batches=156 peer_stage1_release_deferred_items=255 peer_stage1_duplicate_retry_responses=0 peer_stage1_admission_retry_responses=0 peer_stage1_retry_response_drops=0 peer_stage1_admission_waiters=0 peer_stage1_admission_waiter_items=0 peer_stage1_admission_owned_items=0 peer_stage1_admission_wake_coverage=0 peer_stage1_admission_parked=0 peer_stage1_admission_woken=0 peer_stage1_admission_reparked=0 peer_stage1_max_admission_waiters=0 peer_stage1_duplicate_coalesced=13 peer_reverse_enqueued=19781 peer_reverse_processed=19781 peer_reverse_remaining=0 peer_reverse_items_enqueued=237571 peer_reverse_items_processed=237571 peer_reverse_rate_per_sec=1826.923984 peer_reverse_failed=16 peer_reverse_max_queue=22 reclaim_pending=5 reclaim_reused=2126 dynamic_high_watermark=19066568448 stage2_remaining=0 cleanup_remaining=0 active_contexts=11 active_context_limit=32 repair_remaining=0 remaining=66
[STATUS]: storage-owner maintenance observation: enqueued=36750 stage2_enqueued=36750 cleanup_enqueued=0 stage2_tasks_done=36710 stage2_finalized_live=36710 cleanup_processed=0 stale=0 stage2_completion_ratio=0.998912 live_stage2_completion_ratio=0.998912 avg_stage2_delay_ms=198.075288 p99_stage2_delay_upper_ms=2000.000000 p99_stage2_delay_over_30s=false stage2_delay_histogram=0,0,0,22,1283,11064,5677,2880,5081,6591,3532,580,0,0,0,0,0,0 max_stage2_delay_ms=1599.947642 compaction_batch_target=32 compaction_max_delay_ms=25.000000 stage2_rate_per_sec=271.844888 stage1_search_budget_exhausted=0 stage2_search_budget_exhausted=0 stage2_continuations=36749 stage2_remote_frontier_items=16641731 avg_stage2_remote_frontier=452.848540 stage2_remote_expansions=374062 avg_stage2_remote_expansions=10.178835 stage2_scored_candidates=26345708 avg_stage2_scored_candidates=716.909521 stage2_graph_read_waves=102900 avg_stage2_expansions_per_graph_wave=3.635199 stage2_graph_unique_reads=386892 stage2_graph_prefetch_issued=260214 stage2_graph_prefetch_hits=247454 stage2_graph_prefetch_wasted=12739 stage2_graph_prefetch_promotion_ratio=0.951040 stage2_graph_issue_width_current=16 stage2_vector_read_waves=257969 avg_stage2_scores_per_vector_wave=102.127418 stage2_vector_unique_reads=18811851 stage2_home_rpc_batches=177007 stage2_home_rpc_items=16315706 avg_stage2_home_rpc_batch=92.175485 stage2_home_score_rpc_batches=65955 stage2_home_score_rpc_items=15928814 stage2_home_score_rpc_queries=350381 stage2_home_score_rpc_request_bytes=420507020 stage2_home_score_rpc_response_bytes=512375368 avg_stage2_home_score_queries_per_rpc=5.312425 avg_stage2_home_score_rpc_batch=241.510333 stage2_home_scored_neighbors=23473075 home_scores_per_expansion=1.438680 stage2_migrations=2258 home_match_rate=0.938491 stage2_final_edges=1323337 stage2_cross_edges_stage1_home=86465 stage2_cross_edges_final_home=40796 cross_edge_reduction_ratio=0.528179 failed=0 rpc_timeouts=0 reverse_aggregate_batches=0 reverse_aggregate_logical_requests=0 reverse_aggregate_ops=0 avg_reverse_aggregate_logicals=0.000000 avg_reverse_aggregate_ops=0.000000 max_backlog=371 admission_window=65536 completion_outstanding=40 completion_incomplete=40 completed_behind_hole=0 completion_logical_full_failures=0 completion_physical_full_failures=0 pressure_yields=120303 stage2_batches=5649 avg_stage2_batch_size=6.505399 packing_target_batch=8 packing_admit_queue_avg=14.453001 packing_admit_queue_max=371 packing_batch_1_7=2241 packing_batch_8=3408 packing_assembly_batches=5649 packing_assembly_wait_ms=111433.096567 packing_arrival_interval_us=7759 packing_waited_batches=2241 packing_wait_ms=48745.855000 packing_target_flushes=3408 packing_deadline_flushes=2241 packing_cleanup_flushes=0 stage2_phase_search_attempts=5646 stage2_phase_search_task_attempts=36731 stage2_phase_search_elapsed_ms=612914.405432 avg_stage2_phase_search_us_per_task=16686.570075 stage2_phase_freeze_prune_attempts=6243 stage2_phase_freeze_prune_task_attempts=41150 stage2_phase_freeze_prune_elapsed_ms=70510.533724 avg_stage2_phase_freeze_prune_us_per_task=1713.500212 stage2_phase_reverse_prepare_attempts=5645 stage2_phase_reverse_prepare_task_attempts=36723 stage2_phase_reverse_prepare_elapsed_ms=206679.749126 avg_stage2_phase_reverse_prepare_us_per_task=5628.073663 stage2_phase_placement_authority_attempts=5643 stage2_phase_placement_authority_task_attempts=36710 stage2_phase_placement_authority_elapsed_ms=75045.996701 avg_stage2_phase_placement_authority_us_per_task=2044.293018 stage2_phase_completion_handoff_attempts=5643 stage2_phase_completion_handoff_task_attempts=36710 stage2_phase_completion_handoff_elapsed_ms=11.287382 avg_stage2_phase_completion_handoff_us_per_task=0.307474 stage2_phase_finalize_attempts=5643 stage2_phase_finalize_task_attempts=36710 stage2_phase_finalize_elapsed_ms=36.305515 avg_stage2_phase_finalize_us_per_task=0.988982 maintenance_worker_idle_waits=516672 maintenance_worker_idle_ms=857736.384216 maintenance_lost_wake_avoided=29180 maintenance_targeted_wakes=662257 maintenance_generic_wakes=16971 maintenance_broadcast_wakes=0 maintenance_context_slots_scanned=2635104 maintenance_ready_notifications=515071 maintenance_ready_stale_notifications=95 maintenance_ready_tickets_drained=417839 maintenance_ready_overflow_scans=0 maintenance_ready_fallback_scans=164839 stage2_search_lane_lease_limit=32 stage2_search_lane_lease_peak=23 stage2_search_lane_lease_blocked=0 maintenance_worker_observed_idle_ratio=0.793964 maintenance_worker_observed_busy_ratio=0.206036 physical_stage1_items=36754 physical_stage1_total_ns=133565287577 physical_stage1_search_ns=123683429026 physical_stage1_prune_ns=5890280490 physical_stage1_allocate_write_ns=3216260877 physical_stage1_backlink_ns=699282619 physical_stage1_candidates=4703850 physical_stage1_remote_frontier_items=16646750 physical_stage1_neighbors=1290698 peer_stage1_enqueued=24898 peer_stage1_processed=24898 peer_stage1_items=58778 avg_peer_stage1_items=2.360752 peer_stage1_rate_per_sec=435.262839 peer_stage1_max_queue=46 peer_stage1_active_workers=0 peer_stage2_home_enqueued=359419 peer_stage2_home_processed=359419 peer_stage2_home_items=30580283 avg_peer_stage2_home_items=85.082544 peer_stage2_home_max_queue=32 peer_stage2_home_response_queue_drops=0 peer_stage2_home_response_send_wait_ms=3396.201331 avg_peer_stage2_home_queue_wait_us=20.649958 avg_peer_stage2_home_execution_us=48.699434 peer_stage1_release_deferred_batches=168 peer_stage1_release_deferred_items=272 peer_stage1_duplicate_retry_responses=0 peer_stage1_admission_retry_responses=0 peer_stage1_retry_response_drops=0 peer_stage1_admission_waiters=0 peer_stage1_admission_waiter_items=0 peer_stage1_admission_owned_items=0 peer_stage1_admission_wake_coverage=0 peer_stage1_admission_parked=0 peer_stage1_admission_woken=0 peer_stage1_admission_reparked=0 peer_stage1_max_admission_waiters=0 peer_stage1_duplicate_coalesced=13 peer_reverse_enqueued=20381 peer_reverse_processed=20381 peer_reverse_remaining=0 peer_reverse_items_enqueued=244309 peer_reverse_items_processed=244309 peer_reverse_rate_per_sec=1809.156981 peer_reverse_failed=16 peer_reverse_max_queue=22 reclaim_pending=5 reclaim_reused=2253 dynamic_high_watermark=19067440416 stage2_remaining=1 cleanup_remaining=0 active_contexts=6 active_context_limit=32 repair_remaining=0 remaining=40
[STATUS]: storage-owner maintenance observation: enqueued=37252 stage2_enqueued=37252 cleanup_enqueued=0 stage2_tasks_done=37252 stage2_finalized_live=37252 cleanup_processed=0 stale=0 stage2_completion_ratio=1.000000 live_stage2_completion_ratio=1.000000 avg_stage2_delay_ms=198.683170 p99_stage2_delay_upper_ms=2000.000000 p99_stage2_delay_over_30s=false stage2_delay_histogram=0,0,0,22,1283,11064,5705,2945,5354,6736,3563,580,0,0,0,0,0,0 max_stage2_delay_ms=1599.947642 compaction_batch_target=32 compaction_max_delay_ms=25.000000 stage2_rate_per_sec=266.006485 stage1_search_budget_exhausted=0 stage2_search_budget_exhausted=0 stage2_continuations=37252 stage2_remote_frontier_items=16940517 avg_stage2_remote_frontier=454.754564 stage2_remote_expansions=382187 avg_stage2_remote_expansions=10.259503 stage2_scored_candidates=26845645 avg_stage2_scored_candidates=720.649764 stage2_graph_read_waves=105259 avg_stage2_expansions_per_graph_wave=3.630920 stage2_graph_unique_reads=395210 stage2_graph_prefetch_issued=265749 stage2_graph_prefetch_hits=252726 stage2_graph_prefetch_wasted=13023 stage2_graph_prefetch_promotion_ratio=0.950995 stage2_graph_issue_width_current=16 stage2_vector_read_waves=264233 avg_stage2_scores_per_vector_wave=101.598381 stage2_vector_unique_reads=19154621 stage2_home_rpc_batches=180778 stage2_home_rpc_items=16611979 avg_stage2_home_rpc_batch=91.891596 stage2_home_score_rpc_batches=67165 stage2_home_score_rpc_items=16216769 stage2_home_score_rpc_queries=356033 stage2_home_score_rpc_request_bytes=428040924 stage2_home_score_rpc_response_bytes=521638624 avg_stage2_home_score_queries_per_rpc=5.300871 avg_stage2_home_score_rpc_batch=241.446721 stage2_home_scored_neighbors=23918838 home_scores_per_expansion=1.439855 stage2_migrations=2298 home_match_rate=0.938312 stage2_final_edges=1343127 stage2_cross_edges_stage1_home=88371 stage2_cross_edges_final_home=41916 cross_edge_reduction_ratio=0.525682 failed=0 rpc_timeouts=0 reverse_aggregate_batches=0 reverse_aggregate_logical_requests=0 reverse_aggregate_ops=0 avg_reverse_aggregate_logicals=0.000000 avg_reverse_aggregate_ops=0.000000 max_backlog=371 admission_window=65536 completion_outstanding=0 completion_incomplete=0 completed_behind_hole=0 completion_logical_full_failures=0 completion_physical_full_failures=0 pressure_yields=121258 stage2_batches=5751 avg_stage2_batch_size=6.477482 packing_target_batch=8 packing_admit_queue_avg=14.288298 packing_admit_queue_max=371 packing_batch_1_7=2314 packing_batch_8=3437 packing_assembly_batches=5751 packing_assembly_wait_ms=113727.629197 packing_arrival_interval_us=4520 packing_waited_batches=2314 packing_wait_ms=50566.618000 packing_target_flushes=3437 packing_deadline_flushes=2314 packing_cleanup_flushes=0 stage2_phase_search_attempts=5751 stage2_phase_search_task_attempts=37252 stage2_phase_search_elapsed_ms=624925.828844 avg_stage2_phase_search_us_per_task=16775.631613 stage2_phase_freeze_prune_attempts=6360 stage2_phase_freeze_prune_task_attempts=41742 stage2_phase_freeze_prune_elapsed_ms=71665.801900 avg_stage2_phase_freeze_prune_us_per_task=1716.875135 stage2_phase_reverse_prepare_attempts=5751 stage2_phase_reverse_prepare_task_attempts=37252 stage2_phase_reverse_prepare_elapsed_ms=211347.980913 avg_stage2_phase_reverse_prepare_us_per_task=5673.466684 stage2_phase_placement_authority_attempts=5751 stage2_phase_placement_authority_task_attempts=37252 stage2_phase_placement_authority_elapsed_ms=76713.771180 avg_stage2_phase_placement_authority_us_per_task=2059.319531 stage2_phase_completion_handoff_attempts=5751 stage2_phase_completion_handoff_task_attempts=37252 stage2_phase_completion_handoff_elapsed_ms=11.517773 avg_stage2_phase_completion_handoff_us_per_task=0.309185 stage2_phase_finalize_attempts=5751 stage2_phase_finalize_task_attempts=37252 stage2_phase_finalize_elapsed_ms=36.880599 avg_stage2_phase_finalize_us_per_task=0.990030 maintenance_worker_idle_waits=530240 maintenance_worker_idle_ms=892202.127434 maintenance_lost_wake_avoided=29462 maintenance_targeted_wakes=675068 maintenance_generic_wakes=17328 maintenance_broadcast_wakes=0 maintenance_context_slots_scanned=2701648 maintenance_ready_notifications=526674 maintenance_ready_stale_notifications=96 maintenance_ready_tickets_drained=427696 maintenance_ready_overflow_scans=0 maintenance_ready_fallback_scans=169138 stage2_search_lane_lease_limit=32 stage2_search_lane_lease_peak=23 stage2_search_lane_lease_blocked=0 maintenance_worker_observed_idle_ratio=0.796372 maintenance_worker_observed_busy_ratio=0.203628 physical_stage1_items=37252 physical_stage1_total_ns=135502219255 physical_stage1_search_ns=125494823350 physical_stage1_prune_ns=5976428180 physical_stage1_allocate_write_ns=3244770057 physical_stage1_backlink_ns=708942143 physical_stage1_candidates=4767584 physical_stage1_remote_frontier_items=16940517 physical_stage1_neighbors=1308391 peer_stage1_enqueued=25465 peer_stage1_processed=25465 peer_stage1_items=59566 avg_peer_stage1_items=2.339132 peer_stage1_rate_per_sec=425.344742 peer_stage1_max_queue=46 peer_stage1_active_workers=0 peer_stage2_home_enqueued=390021 peer_stage2_home_processed=390021 peer_stage2_home_items=33447811 avg_peer_stage2_home_items=85.759000 peer_stage2_home_max_queue=32 peer_stage2_home_response_queue_drops=0 peer_stage2_home_response_send_wait_ms=3583.995438 avg_peer_stage2_home_queue_wait_us=20.103204 avg_peer_stage2_home_execution_us=49.330794 peer_stage1_release_deferred_batches=173 peer_stage1_release_deferred_items=278 peer_stage1_duplicate_retry_responses=0 peer_stage1_admission_retry_responses=0 peer_stage1_retry_response_drops=0 peer_stage1_admission_waiters=0 peer_stage1_admission_waiter_items=0 peer_stage1_admission_owned_items=0 peer_stage1_admission_wake_coverage=0 peer_stage1_admission_parked=0 peer_stage1_admission_woken=0 peer_stage1_admission_reparked=0 peer_stage1_max_admission_waiters=0 peer_stage1_duplicate_coalesced=13 peer_reverse_enqueued=22364 peer_reverse_processed=22364 peer_reverse_remaining=0 peer_reverse_items_enqueued=264428 peer_reverse_items_processed=264428 peer_reverse_rate_per_sec=1888.209034 peer_reverse_failed=19 peer_reverse_max_queue=22 reclaim_pending=0 reclaim_reused=2298 dynamic_high_watermark=19068189376 stage2_remaining=0 cleanup_remaining=0 active_contexts=0 active_context_limit=32 repair_remaining=0 remaining=0
[STATUS]: storage-owner maintenance observation: enqueued=37252 stage2_enqueued=37252 cleanup_enqueued=0 stage2_tasks_done=37252 stage2_finalized_live=37252 cleanup_processed=0 stale=0 stage2_completion_ratio=1.000000 live_stage2_completion_ratio=1.000000 avg_stage2_delay_ms=198.683170 p99_stage2_delay_upper_ms=2000.000000 p99_stage2_delay_over_30s=false stage2_delay_histogram=0,0,0,22,1283,11064,5705,2945,5354,6736,3563,580,0,0,0,0,0,0 max_stage2_delay_ms=1599.947642 compaction_batch_target=32 compaction_max_delay_ms=25.000000 stage2_rate_per_sec=256.833496 stage1_search_budget_exhausted=0 stage2_search_budget_exhausted=0 stage2_continuations=37252 stage2_remote_frontier_items=16940517 avg_stage2_remote_frontier=454.754564 stage2_remote_expansions=382187 avg_stage2_remote_expansions=10.259503 stage2_scored_candidates=26845645 avg_stage2_scored_candidates=720.649764 stage2_graph_read_waves=105259 avg_stage2_expansions_per_graph_wave=3.630920 stage2_graph_unique_reads=395210 stage2_graph_prefetch_issued=265749 stage2_graph_prefetch_hits=252726 stage2_graph_prefetch_wasted=13023 stage2_graph_prefetch_promotion_ratio=0.950995 stage2_graph_issue_width_current=16 stage2_vector_read_waves=264233 avg_stage2_scores_per_vector_wave=101.598381 stage2_vector_unique_reads=19154621 stage2_home_rpc_batches=180778 stage2_home_rpc_items=16611979 avg_stage2_home_rpc_batch=91.891596 stage2_home_score_rpc_batches=67165 stage2_home_score_rpc_items=16216769 stage2_home_score_rpc_queries=356033 stage2_home_score_rpc_request_bytes=428040924 stage2_home_score_rpc_response_bytes=521638624 avg_stage2_home_score_queries_per_rpc=5.300871 avg_stage2_home_score_rpc_batch=241.446721 stage2_home_scored_neighbors=23918838 home_scores_per_expansion=1.439855 stage2_migrations=2298 home_match_rate=0.938312 stage2_final_edges=1343127 stage2_cross_edges_stage1_home=88371 stage2_cross_edges_final_home=41916 cross_edge_reduction_ratio=0.525682 failed=0 rpc_timeouts=0 reverse_aggregate_batches=0 reverse_aggregate_logical_requests=0 reverse_aggregate_ops=0 avg_reverse_aggregate_logicals=0.000000 avg_reverse_aggregate_ops=0.000000 max_backlog=371 admission_window=65536 completion_outstanding=0 completion_incomplete=0 completed_behind_hole=0 completion_logical_full_failures=0 completion_physical_full_failures=0 pressure_yields=121258 stage2_batches=5751 avg_stage2_batch_size=6.477482 packing_target_batch=8 packing_admit_queue_avg=14.288298 packing_admit_queue_max=371 packing_batch_1_7=2314 packing_batch_8=3437 packing_assembly_batches=5751 packing_assembly_wait_ms=113727.629197 packing_arrival_interval_us=4520 packing_waited_batches=2314 packing_wait_ms=50566.618000 packing_target_flushes=3437 packing_deadline_flushes=2314 packing_cleanup_flushes=0 stage2_phase_search_attempts=5751 stage2_phase_search_task_attempts=37252 stage2_phase_search_elapsed_ms=624925.828844 avg_stage2_phase_search_us_per_task=16775.631613 stage2_phase_freeze_prune_attempts=6360 stage2_phase_freeze_prune_task_attempts=41742 stage2_phase_freeze_prune_elapsed_ms=71665.801900 avg_stage2_phase_freeze_prune_us_per_task=1716.875135 stage2_phase_reverse_prepare_attempts=5751 stage2_phase_reverse_prepare_task_attempts=37252 stage2_phase_reverse_prepare_elapsed_ms=211347.980913 avg_stage2_phase_reverse_prepare_us_per_task=5673.466684 stage2_phase_placement_authority_attempts=5751 stage2_phase_placement_authority_task_attempts=37252 stage2_phase_placement_authority_elapsed_ms=76713.771180 avg_stage2_phase_placement_authority_us_per_task=2059.319531 stage2_phase_completion_handoff_attempts=5751 stage2_phase_completion_handoff_task_attempts=37252 stage2_phase_completion_handoff_elapsed_ms=11.517773 avg_stage2_phase_completion_handoff_us_per_task=0.309185 stage2_phase_finalize_attempts=5751 stage2_phase_finalize_task_attempts=37252 stage2_phase_finalize_elapsed_ms=36.880599 avg_stage2_phase_finalize_us_per_task=0.990030 maintenance_worker_idle_waits=534272 maintenance_worker_idle_ms=932800.753131 maintenance_lost_wake_avoided=29462 maintenance_targeted_wakes=675068 maintenance_generic_wakes=17328 maintenance_broadcast_wakes=0 maintenance_context_slots_scanned=2766160 maintenance_ready_notifications=526674 maintenance_ready_stale_notifications=96 maintenance_ready_tickets_drained=427696 maintenance_ready_overflow_scans=0 maintenance_ready_fallback_scans=173111 stage2_search_lane_lease_limit=32 stage2_search_lane_lease_peak=23 stage2_search_lane_lease_blocked=0 maintenance_worker_observed_idle_ratio=0.803898 maintenance_worker_observed_busy_ratio=0.196102 physical_stage1_items=37252 physical_stage1_total_ns=135502219255 physical_stage1_search_ns=125494823350 physical_stage1_prune_ns=5976428180 physical_stage1_allocate_write_ns=3244770057 physical_stage1_backlink_ns=708942143 physical_stage1_candidates=4767584 physical_stage1_remote_frontier_items=16940517 physical_stage1_neighbors=1308391 peer_stage1_enqueued=25465 peer_stage1_processed=25465 peer_stage1_items=59566 avg_peer_stage1_items=2.339132 peer_stage1_rate_per_sec=410.677119 peer_stage1_max_queue=46 peer_stage1_active_workers=0 peer_stage2_home_enqueued=438119 peer_stage2_home_processed=438119 peer_stage2_home_items=37989178 avg_peer_stage2_home_items=86.709725 peer_stage2_home_max_queue=37 peer_stage2_home_response_queue_drops=0 peer_stage2_home_response_send_wait_ms=3866.547569 avg_peer_stage2_home_queue_wait_us=19.426597 avg_peer_stage2_home_execution_us=50.462305 peer_stage1_release_deferred_batches=173 peer_stage1_release_deferred_items=278 peer_stage1_duplicate_retry_responses=0 peer_stage1_admission_retry_responses=0 peer_stage1_retry_response_drops=0 peer_stage1_admission_waiters=0 peer_stage1_admission_waiter_items=0 peer_stage1_admission_owned_items=0 peer_stage1_admission_wake_coverage=0 peer_stage1_admission_parked=0 peer_stage1_admission_woken=0 peer_stage1_admission_reparked=0 peer_stage1_max_admission_waiters=0 peer_stage1_duplicate_coalesced=13 peer_reverse_enqueued=25213 peer_reverse_processed=25213 peer_reverse_remaining=0 peer_reverse_items_enqueued=299337 peer_reverse_items_processed=299337 peer_reverse_rate_per_sec=2063.775591 peer_reverse_failed=28 peer_reverse_max_queue=22 reclaim_pending=0 reclaim_reused=2298 dynamic_high_watermark=19068754816 stage2_remaining=0 cleanup_remaining=0 active_contexts=0 active_context_limit=32 repair_remaining=0 remaining=0
[STATUS]: storage-owner maintenance observation: enqueued=37252 stage2_enqueued=37252 cleanup_enqueued=0 stage2_tasks_done=37252 stage2_finalized_live=37252 cleanup_processed=0 stale=0 stage2_completion_ratio=1.000000 live_stage2_completion_ratio=1.000000 avg_stage2_delay_ms=198.683170 p99_stage2_delay_upper_ms=2000.000000 p99_stage2_delay_over_30s=false stage2_delay_histogram=0,0,0,22,1283,11064,5705,2945,5354,6736,3563,580,0,0,0,0,0,0 max_stage2_delay_ms=1599.947642 compaction_batch_target=32 compaction_max_delay_ms=25.000000 stage2_rate_per_sec=248.273857 stage1_search_budget_exhausted=0 stage2_search_budget_exhausted=0 stage2_continuations=37252 stage2_remote_frontier_items=16940517 avg_stage2_remote_frontier=454.754564 stage2_remote_expansions=382187 avg_stage2_remote_expansions=10.259503 stage2_scored_candidates=26845645 avg_stage2_scored_candidates=720.649764 stage2_graph_read_waves=105259 avg_stage2_expansions_per_graph_wave=3.630920 stage2_graph_unique_reads=395210 stage2_graph_prefetch_issued=265749 stage2_graph_prefetch_hits=252726 stage2_graph_prefetch_wasted=13023 stage2_graph_prefetch_promotion_ratio=0.950995 stage2_graph_issue_width_current=16 stage2_vector_read_waves=264233 avg_stage2_scores_per_vector_wave=101.598381 stage2_vector_unique_reads=19154621 stage2_home_rpc_batches=180778 stage2_home_rpc_items=16611979 avg_stage2_home_rpc_batch=91.891596 stage2_home_score_rpc_batches=67165 stage2_home_score_rpc_items=16216769 stage2_home_score_rpc_queries=356033 stage2_home_score_rpc_request_bytes=428040924 stage2_home_score_rpc_response_bytes=521638624 avg_stage2_home_score_queries_per_rpc=5.300871 avg_stage2_home_score_rpc_batch=241.446721 stage2_home_scored_neighbors=23918838 home_scores_per_expansion=1.439855 stage2_migrations=2298 home_match_rate=0.938312 stage2_final_edges=1343127 stage2_cross_edges_stage1_home=88371 stage2_cross_edges_final_home=41916 cross_edge_reduction_ratio=0.525682 failed=0 rpc_timeouts=0 reverse_aggregate_batches=0 reverse_aggregate_logical_requests=0 reverse_aggregate_ops=0 avg_reverse_aggregate_logicals=0.000000 avg_reverse_aggregate_ops=0.000000 max_backlog=371 admission_window=65536 completion_outstanding=0 completion_incomplete=0 completed_behind_hole=0 completion_logical_full_failures=0 completion_physical_full_failures=0 pressure_yields=121258 stage2_batches=5751 avg_stage2_batch_size=6.477482 packing_target_batch=8 packing_admit_queue_avg=14.288298 packing_admit_queue_max=371 packing_batch_1_7=2314 packing_batch_8=3437 packing_assembly_batches=5751 packing_assembly_wait_ms=113727.629197 packing_arrival_interval_us=4520 packing_waited_batches=2314 packing_wait_ms=50566.618000 packing_target_flushes=3437 packing_deadline_flushes=2314 packing_cleanup_flushes=0 stage2_phase_search_attempts=5751 stage2_phase_search_task_attempts=37252 stage2_phase_search_elapsed_ms=624925.828844 avg_stage2_phase_search_us_per_task=16775.631613 stage2_phase_freeze_prune_attempts=6360 stage2_phase_freeze_prune_task_attempts=41742 stage2_phase_freeze_prune_elapsed_ms=71665.801900 avg_stage2_phase_freeze_prune_us_per_task=1716.875135 stage2_phase_reverse_prepare_attempts=5751 stage2_phase_reverse_prepare_task_attempts=37252 stage2_phase_reverse_prepare_elapsed_ms=211347.980913 avg_stage2_phase_reverse_prepare_us_per_task=5673.466684 stage2_phase_placement_authority_attempts=5751 stage2_phase_placement_authority_task_attempts=37252 stage2_phase_placement_authority_elapsed_ms=76713.771180 avg_stage2_phase_placement_authority_us_per_task=2059.319531 stage2_phase_completion_handoff_attempts=5751 stage2_phase_completion_handoff_task_attempts=37252 stage2_phase_completion_handoff_elapsed_ms=11.517773 avg_stage2_phase_completion_handoff_us_per_task=0.309185 stage2_phase_finalize_attempts=5751 stage2_phase_finalize_task_attempts=37252 stage2_phase_finalize_elapsed_ms=36.880599 avg_stage2_phase_finalize_us_per_task=0.990030 maintenance_worker_idle_waits=538176 maintenance_worker_idle_ms=972079.220119 maintenance_lost_wake_avoided=29462 maintenance_targeted_wakes=675068 maintenance_generic_wakes=17328 maintenance_broadcast_wakes=0 maintenance_context_slots_scanned=2828624 maintenance_ready_notifications=526674 maintenance_ready_stale_notifications=96 maintenance_ready_tickets_drained=427696 maintenance_ready_overflow_scans=0 maintenance_ready_fallback_scans=177085 stage2_search_lane_lease_limit=32 stage2_search_lane_lease_peak=23 stage2_search_lane_lease_blocked=0 maintenance_worker_observed_idle_ratio=0.809829 maintenance_worker_observed_busy_ratio=0.190171 physical_stage1_items=37252 physical_stage1_total_ns=135502219255 physical_stage1_search_ns=125494823350 physical_stage1_prune_ns=5976428180 physical_stage1_allocate_write_ns=3244770057 physical_stage1_backlink_ns=708942143 physical_stage1_candidates=4767584 physical_stage1_remote_frontier_items=16940517 physical_stage1_neighbors=1308391 peer_stage1_enqueued=25465 peer_stage1_processed=25465 peer_stage1_items=59566 avg_peer_stage1_items=2.339132 peer_stage1_rate_per_sec=396.990244 peer_stage1_max_queue=46 peer_stage1_active_workers=0 peer_stage2_home_enqueued=455936 peer_stage2_home_processed=455936 peer_stage2_home_items=39528715 avg_peer_stage2_home_items=86.697947 peer_stage2_home_max_queue=37 peer_stage2_home_response_queue_drops=0 peer_stage2_home_response_send_wait_ms=3952.214966 avg_peer_stage2_home_queue_wait_us=19.161730 avg_peer_stage2_home_execution_us=50.618741 peer_stage1_release_deferred_batches=173 peer_stage1_release_deferred_items=278 peer_stage1_duplicate_retry_responses=0 peer_stage1_admission_retry_responses=0 peer_stage1_retry_response_drops=0 peer_stage1_admission_waiters=0 peer_stage1_admission_waiter_items=0 peer_stage1_admission_owned_items=0 peer_stage1_admission_wake_coverage=0 peer_stage1_admission_parked=0 peer_stage1_admission_woken=0 peer_stage1_admission_reparked=0 peer_stage1_max_admission_waiters=0 peer_stage1_duplicate_coalesced=13 peer_reverse_enqueued=26111 peer_reverse_processed=26111 peer_reverse_remaining=0 peer_reverse_items_enqueued=312510 peer_reverse_items_processed=312510 peer_reverse_rate_per_sec=2082.789193 peer_reverse_failed=28 peer_reverse_max_queue=22 reclaim_pending=0 reclaim_reused=2298 dynamic_high_watermark=19069038528 stage2_remaining=0 cleanup_remaining=0 active_contexts=0 active_context_limit=32 repair_remaining=0 remaining=0
[STATUS]: storage-owner maintenance observation: enqueued=37252 stage2_enqueued=37252 cleanup_enqueued=0 stage2_tasks_done=37252 stage2_finalized_live=37252 cleanup_processed=0 stale=0 stage2_completion_ratio=1.000000 live_stage2_completion_ratio=1.000000 avg_stage2_delay_ms=198.683170 p99_stage2_delay_upper_ms=2000.000000 p99_stage2_delay_over_30s=false stage2_delay_histogram=0,0,0,22,1283,11064,5705,2945,5354,6736,3563,580,0,0,0,0,0,0 max_stage2_delay_ms=1599.947642 compaction_batch_target=32 compaction_max_delay_ms=25.000000 stage2_rate_per_sec=240.267241 stage1_search_budget_exhausted=0 stage2_search_budget_exhausted=0 stage2_continuations=37252 stage2_remote_frontier_items=16940517 avg_stage2_remote_frontier=454.754564 stage2_remote_expansions=382187 avg_stage2_remote_expansions=10.259503 stage2_scored_candidates=26845645 avg_stage2_scored_candidates=720.649764 stage2_graph_read_waves=105259 avg_stage2_expansions_per_graph_wave=3.630920 stage2_graph_unique_reads=395210 stage2_graph_prefetch_issued=265749 stage2_graph_prefetch_hits=252726 stage2_graph_prefetch_wasted=13023 stage2_graph_prefetch_promotion_ratio=0.950995 stage2_graph_issue_width_current=16 stage2_vector_read_waves=264233 avg_stage2_scores_per_vector_wave=101.598381 stage2_vector_unique_reads=19154621 stage2_home_rpc_batches=180778 stage2_home_rpc_items=16611979 avg_stage2_home_rpc_batch=91.891596 stage2_home_score_rpc_batches=67165 stage2_home_score_rpc_items=16216769 stage2_home_score_rpc_queries=356033 stage2_home_score_rpc_request_bytes=428040924 stage2_home_score_rpc_response_bytes=521638624 avg_stage2_home_score_queries_per_rpc=5.300871 avg_stage2_home_score_rpc_batch=241.446721 stage2_home_scored_neighbors=23918838 home_scores_per_expansion=1.439855 stage2_migrations=2298 home_match_rate=0.938312 stage2_final_edges=1343127 stage2_cross_edges_stage1_home=88371 stage2_cross_edges_final_home=41916 cross_edge_reduction_ratio=0.525682 failed=0 rpc_timeouts=0 reverse_aggregate_batches=0 reverse_aggregate_logical_requests=0 reverse_aggregate_ops=0 avg_reverse_aggregate_logicals=0.000000 avg_reverse_aggregate_ops=0.000000 max_backlog=371 admission_window=65536 completion_outstanding=0 completion_incomplete=0 completed_behind_hole=0 completion_logical_full_failures=0 completion_physical_full_failures=0 pressure_yields=121258 stage2_batches=5751 avg_stage2_batch_size=6.477482 packing_target_batch=8 packing_admit_queue_avg=14.288298 packing_admit_queue_max=371 packing_batch_1_7=2314 packing_batch_8=3437 packing_assembly_batches=5751 packing_assembly_wait_ms=113727.629197 packing_arrival_interval_us=4520 packing_waited_batches=2314 packing_wait_ms=50566.618000 packing_target_flushes=3437 packing_deadline_flushes=2314 packing_cleanup_flushes=0 stage2_phase_search_attempts=5751 stage2_phase_search_task_attempts=37252 stage2_phase_search_elapsed_ms=624925.828844 avg_stage2_phase_search_us_per_task=16775.631613 stage2_phase_freeze_prune_attempts=6360 stage2_phase_freeze_prune_task_attempts=41742 stage2_phase_freeze_prune_elapsed_ms=71665.801900 avg_stage2_phase_freeze_prune_us_per_task=1716.875135 stage2_phase_reverse_prepare_attempts=5751 stage2_phase_reverse_prepare_task_attempts=37252 stage2_phase_reverse_prepare_elapsed_ms=211347.980913 avg_stage2_phase_reverse_prepare_us_per_task=5673.466684 stage2_phase_placement_authority_attempts=5751 stage2_phase_placement_authority_task_attempts=37252 stage2_phase_placement_authority_elapsed_ms=76713.771180 avg_stage2_phase_placement_authority_us_per_task=2059.319531 stage2_phase_completion_handoff_attempts=5751 stage2_phase_completion_handoff_task_attempts=37252 stage2_phase_completion_handoff_elapsed_ms=11.517773 avg_stage2_phase_completion_handoff_us_per_task=0.309185 stage2_phase_finalize_attempts=5751 stage2_phase_finalize_task_attempts=37252 stage2_phase_finalize_elapsed_ms=36.880599 avg_stage2_phase_finalize_us_per_task=0.990030 maintenance_worker_idle_waits=542208 maintenance_worker_idle_ms=1012638.750711 maintenance_lost_wake_avoided=29462 maintenance_targeted_wakes=675068 maintenance_generic_wakes=17328 maintenance_broadcast_wakes=0 maintenance_context_slots_scanned=2893136 maintenance_ready_notifications=526674 maintenance_ready_stale_notifications=96 maintenance_ready_tickets_drained=427696 maintenance_ready_overflow_scans=0 maintenance_ready_fallback_scans=181061 stage2_search_lane_lease_limit=32 stage2_search_lane_lease_peak=23 stage2_search_lane_lease_blocked=0 maintenance_worker_observed_idle_ratio=0.816412 maintenance_worker_observed_busy_ratio=0.183588 physical_stage1_items=37252 physical_stage1_total_ns=135502219255 physical_stage1_search_ns=125494823350 physical_stage1_prune_ns=5976428180 physical_stage1_allocate_write_ns=3244770057 physical_stage1_backlink_ns=708942143 physical_stage1_candidates=4767584 physical_stage1_remote_frontier_items=16940517 physical_stage1_neighbors=1308391 peer_stage1_enqueued=25465 peer_stage1_processed=25465 peer_stage1_items=59566 avg_peer_stage1_items=2.339132 peer_stage1_rate_per_sec=384.187654 peer_stage1_max_queue=46 peer_stage1_active_workers=0 peer_stage2_home_enqueued=455936 peer_stage2_home_processed=455936 peer_stage2_home_items=39528715 avg_peer_stage2_home_items=86.697947 peer_stage2_home_max_queue=37 peer_stage2_home_response_queue_drops=0 peer_stage2_home_response_send_wait_ms=3952.214966 avg_peer_stage2_home_queue_wait_us=19.161730 avg_peer_stage2_home_execution_us=50.618741 peer_stage1_release_deferred_batches=173 peer_stage1_release_deferred_items=278 peer_stage1_duplicate_retry_responses=0 peer_stage1_admission_retry_responses=0 peer_stage1_retry_response_drops=0 peer_stage1_admission_waiters=0 peer_stage1_admission_waiter_items=0 peer_stage1_admission_owned_items=0 peer_stage1_admission_wake_coverage=0 peer_stage1_admission_parked=0 peer_stage1_admission_woken=0 peer_stage1_admission_reparked=0 peer_stage1_max_admission_waiters=0 peer_stage1_duplicate_coalesced=13 peer_reverse_enqueued=26111 peer_reverse_processed=26111 peer_reverse_remaining=0 peer_reverse_items_enqueued=312510 peer_reverse_items_processed=312510 peer_reverse_rate_per_sec=2015.621053 peer_reverse_failed=28 peer_reverse_max_queue=22 reclaim_pending=0 reclaim_reused=2298 dynamic_high_watermark=19069038528 stage2_remaining=0 cleanup_remaining=0 active_contexts=0 active_context_limit=32 repair_remaining=0 remaining=0
[STATUS]: storage-owner maintenance observation: enqueued=37252 stage2_enqueued=37252 cleanup_enqueued=0 stage2_tasks_done=37252 stage2_finalized_live=37252 cleanup_processed=0 stale=0 stage2_completion_ratio=1.000000 live_stage2_completion_ratio=1.000000 avg_stage2_delay_ms=198.683170 p99_stage2_delay_upper_ms=2000.000000 p99_stage2_delay_over_30s=false stage2_delay_histogram=0,0,0,22,1283,11064,5705,2945,5354,6736,3563,580,0,0,0,0,0,0 max_stage2_delay_ms=1599.947642 compaction_batch_target=32 compaction_max_delay_ms=25.000000 stage2_rate_per_sec=232.760262 stage1_search_budget_exhausted=0 stage2_search_budget_exhausted=0 stage2_continuations=37252 stage2_remote_frontier_items=16940517 avg_stage2_remote_frontier=454.754564 stage2_remote_expansions=382187 avg_stage2_remote_expansions=10.259503 stage2_scored_candidates=26845645 avg_stage2_scored_candidates=720.649764 stage2_graph_read_waves=105259 avg_stage2_expansions_per_graph_wave=3.630920 stage2_graph_unique_reads=395210 stage2_graph_prefetch_issued=265749 stage2_graph_prefetch_hits=252726 stage2_graph_prefetch_wasted=13023 stage2_graph_prefetch_promotion_ratio=0.950995 stage2_graph_issue_width_current=16 stage2_vector_read_waves=264233 avg_stage2_scores_per_vector_wave=101.598381 stage2_vector_unique_reads=19154621 stage2_home_rpc_batches=180778 stage2_home_rpc_items=16611979 avg_stage2_home_rpc_batch=91.891596 stage2_home_score_rpc_batches=67165 stage2_home_score_rpc_items=16216769 stage2_home_score_rpc_queries=356033 stage2_home_score_rpc_request_bytes=428040924 stage2_home_score_rpc_response_bytes=521638624 avg_stage2_home_score_queries_per_rpc=5.300871 avg_stage2_home_score_rpc_batch=241.446721 stage2_home_scored_neighbors=23918838 home_scores_per_expansion=1.439855 stage2_migrations=2298 home_match_rate=0.938312 stage2_final_edges=1343127 stage2_cross_edges_stage1_home=88371 stage2_cross_edges_final_home=41916 cross_edge_reduction_ratio=0.525682 failed=0 rpc_timeouts=0 reverse_aggregate_batches=0 reverse_aggregate_logical_requests=0 reverse_aggregate_ops=0 avg_reverse_aggregate_logicals=0.000000 avg_reverse_aggregate_ops=0.000000 max_backlog=371 admission_window=65536 completion_outstanding=0 completion_incomplete=0 completed_behind_hole=0 completion_logical_full_failures=0 completion_physical_full_failures=0 pressure_yields=121258 stage2_batches=5751 avg_stage2_batch_size=6.477482 packing_target_batch=8 packing_admit_queue_avg=14.288298 packing_admit_queue_max=371 packing_batch_1_7=2314 packing_batch_8=3437 packing_assembly_batches=5751 packing_assembly_wait_ms=113727.629197 packing_arrival_interval_us=4520 packing_waited_batches=2314 packing_wait_ms=50566.618000 packing_target_flushes=3437 packing_deadline_flushes=2314 packing_cleanup_flushes=0 stage2_phase_search_attempts=5751 stage2_phase_search_task_attempts=37252 stage2_phase_search_elapsed_ms=624925.828844 avg_stage2_phase_search_us_per_task=16775.631613 stage2_phase_freeze_prune_attempts=6360 stage2_phase_freeze_prune_task_attempts=41742 stage2_phase_freeze_prune_elapsed_ms=71665.801900 avg_stage2_phase_freeze_prune_us_per_task=1716.875135 stage2_phase_reverse_prepare_attempts=5751 stage2_phase_reverse_prepare_task_attempts=37252 stage2_phase_reverse_prepare_elapsed_ms=211347.980913 avg_stage2_phase_reverse_prepare_us_per_task=5673.466684 stage2_phase_placement_authority_attempts=5751 stage2_phase_placement_authority_task_attempts=37252 stage2_phase_placement_authority_elapsed_ms=76713.771180 avg_stage2_phase_placement_authority_us_per_task=2059.319531 stage2_phase_completion_handoff_attempts=5751 stage2_phase_completion_handoff_task_attempts=37252 stage2_phase_completion_handoff_elapsed_ms=11.517773 avg_stage2_phase_completion_handoff_us_per_task=0.309185 stage2_phase_finalize_attempts=5751 stage2_phase_finalize_task_attempts=37252 stage2_phase_finalize_elapsed_ms=36.880599 avg_stage2_phase_finalize_us_per_task=0.990030 maintenance_worker_idle_waits=546112 maintenance_worker_idle_ms=1051913.793076 maintenance_lost_wake_avoided=29462 maintenance_targeted_wakes=675068 maintenance_generic_wakes=17328 maintenance_broadcast_wakes=0 maintenance_context_slots_scanned=2955600 maintenance_ready_notifications=526674 maintenance_ready_stale_notifications=96 maintenance_ready_tickets_drained=427696 maintenance_ready_overflow_scans=0 maintenance_ready_fallback_scans=185037 stage2_search_lane_lease_limit=32 stage2_search_lane_lease_peak=23 stage2_search_lane_lease_blocked=0 maintenance_worker_observed_idle_ratio=0.821579 maintenance_worker_observed_busy_ratio=0.178421 physical_stage1_items=37252 physical_stage1_total_ns=135502219255 physical_stage1_search_ns=125494823350 physical_stage1_prune_ns=5976428180 physical_stage1_allocate_write_ns=3244770057 physical_stage1_backlink_ns=708942143 physical_stage1_candidates=4767584 physical_stage1_remote_frontier_items=16940517 physical_stage1_neighbors=1308391 peer_stage1_enqueued=25465 peer_stage1_processed=25465 peer_stage1_items=59566 avg_peer_stage1_items=2.339132 peer_stage1_rate_per_sec=372.183984 peer_stage1_max_queue=46 peer_stage1_active_workers=0 peer_stage2_home_enqueued=455936 peer_stage2_home_processed=455936 peer_stage2_home_items=39528715 avg_peer_stage2_home_items=86.697947 peer_stage2_home_max_queue=37 peer_stage2_home_response_queue_drops=0 peer_stage2_home_response_send_wait_ms=3952.214966 avg_peer_stage2_home_queue_wait_us=19.161730 avg_peer_stage2_home_execution_us=50.618741 peer_stage1_release_deferred_batches=173 peer_stage1_release_deferred_items=278 peer_stage1_duplicate_retry_responses=0 peer_stage1_admission_retry_responses=0 peer_stage1_retry_response_drops=0 peer_stage1_admission_waiters=0 peer_stage1_admission_waiter_items=0 peer_stage1_admission_owned_items=0 peer_stage1_admission_wake_coverage=0 peer_stage1_admission_parked=0 peer_stage1_admission_woken=0 peer_stage1_admission_reparked=0 peer_stage1_max_admission_waiters=0 peer_stage1_duplicate_coalesced=13 peer_reverse_enqueued=26111 peer_reverse_processed=26111 peer_reverse_remaining=0 peer_reverse_items_enqueued=312510 peer_reverse_items_processed=312510 peer_reverse_rate_per_sec=1952.644407 peer_reverse_failed=28 peer_reverse_max_queue=22 reclaim_pending=0 reclaim_reused=2298 dynamic_high_watermark=19069038528 stage2_remaining=0 cleanup_remaining=0 active_contexts=0 active_context_limit=32 repair_remaining=0 remaining=0
[STATUS]: storage-owner maintenance observation: enqueued=37252 stage2_enqueued=37252 cleanup_enqueued=0 stage2_tasks_done=37252 stage2_finalized_live=37252 cleanup_processed=0 stale=0 stage2_completion_ratio=1.000000 live_stage2_completion_ratio=1.000000 avg_stage2_delay_ms=198.683170 p99_stage2_delay_upper_ms=2000.000000 p99_stage2_delay_over_30s=false stage2_delay_histogram=0,0,0,22,1283,11064,5705,2945,5354,6736,3563,580,0,0,0,0,0,0 max_stage2_delay_ms=1599.947642 compaction_batch_target=32 compaction_max_delay_ms=25.000000 stage2_rate_per_sec=225.708386 stage1_search_budget_exhausted=0 stage2_search_budget_exhausted=0 stage2_continuations=37252 stage2_remote_frontier_items=16940517 avg_stage2_remote_frontier=454.754564 stage2_remote_expansions=382187 avg_stage2_remote_expansions=10.259503 stage2_scored_candidates=26845645 avg_stage2_scored_candidates=720.649764 stage2_graph_read_waves=105259 avg_stage2_expansions_per_graph_wave=3.630920 stage2_graph_unique_reads=395210 stage2_graph_prefetch_issued=265749 stage2_graph_prefetch_hits=252726 stage2_graph_prefetch_wasted=13023 stage2_graph_prefetch_promotion_ratio=0.950995 stage2_graph_issue_width_current=16 stage2_vector_read_waves=264233 avg_stage2_scores_per_vector_wave=101.598381 stage2_vector_unique_reads=19154621 stage2_home_rpc_batches=180778 stage2_home_rpc_items=16611979 avg_stage2_home_rpc_batch=91.891596 stage2_home_score_rpc_batches=67165 stage2_home_score_rpc_items=16216769 stage2_home_score_rpc_queries=356033 stage2_home_score_rpc_request_bytes=428040924 stage2_home_score_rpc_response_bytes=521638624 avg_stage2_home_score_queries_per_rpc=5.300871 avg_stage2_home_score_rpc_batch=241.446721 stage2_home_scored_neighbors=23918838 home_scores_per_expansion=1.439855 stage2_migrations=2298 home_match_rate=0.938312 stage2_final_edges=1343127 stage2_cross_edges_stage1_home=88371 stage2_cross_edges_final_home=41916 cross_edge_reduction_ratio=0.525682 failed=0 rpc_timeouts=0 reverse_aggregate_batches=0 reverse_aggregate_logical_requests=0 reverse_aggregate_ops=0 avg_reverse_aggregate_logicals=0.000000 avg_reverse_aggregate_ops=0.000000 max_backlog=371 admission_window=65536 completion_outstanding=0 completion_incomplete=0 completed_behind_hole=0 completion_logical_full_failures=0 completion_physical_full_failures=0 pressure_yields=121258 stage2_batches=5751 avg_stage2_batch_size=6.477482 packing_target_batch=8 packing_admit_queue_avg=14.288298 packing_admit_queue_max=371 packing_batch_1_7=2314 packing_batch_8=3437 packing_assembly_batches=5751 packing_assembly_wait_ms=113727.629197 packing_arrival_interval_us=4520 packing_waited_batches=2314 packing_wait_ms=50566.618000 packing_target_flushes=3437 packing_deadline_flushes=2314 packing_cleanup_flushes=0 stage2_phase_search_attempts=5751 stage2_phase_search_task_attempts=37252 stage2_phase_search_elapsed_ms=624925.828844 avg_stage2_phase_search_us_per_task=16775.631613 stage2_phase_freeze_prune_attempts=6360 stage2_phase_freeze_prune_task_attempts=41742 stage2_phase_freeze_prune_elapsed_ms=71665.801900 avg_stage2_phase_freeze_prune_us_per_task=1716.875135 stage2_phase_reverse_prepare_attempts=5751 stage2_phase_reverse_prepare_task_attempts=37252 stage2_phase_reverse_prepare_elapsed_ms=211347.980913 avg_stage2_phase_reverse_prepare_us_per_task=5673.466684 stage2_phase_placement_authority_attempts=5751 stage2_phase_placement_authority_task_attempts=37252 stage2_phase_placement_authority_elapsed_ms=76713.771180 avg_stage2_phase_placement_authority_us_per_task=2059.319531 stage2_phase_completion_handoff_attempts=5751 stage2_phase_completion_handoff_task_attempts=37252 stage2_phase_completion_handoff_elapsed_ms=11.517773 avg_stage2_phase_completion_handoff_us_per_task=0.309185 stage2_phase_finalize_attempts=5751 stage2_phase_finalize_task_attempts=37252 stage2_phase_finalize_elapsed_ms=36.880599 avg_stage2_phase_finalize_us_per_task=0.990030 maintenance_worker_idle_waits=550144 maintenance_worker_idle_ms=1092473.340958 maintenance_lost_wake_avoided=29462 maintenance_targeted_wakes=675068 maintenance_generic_wakes=17328 maintenance_broadcast_wakes=0 maintenance_context_slots_scanned=3020112 maintenance_ready_notifications=526674 maintenance_ready_stale_notifications=96 maintenance_ready_tickets_drained=427696 maintenance_ready_overflow_scans=0 maintenance_ready_fallback_scans=189012 stage2_search_lane_lease_limit=32 stage2_search_lane_lease_peak=23 stage2_search_lane_lease_blocked=0 maintenance_worker_observed_idle_ratio=0.827407 maintenance_worker_observed_busy_ratio=0.172593 physical_stage1_items=37252 physical_stage1_total_ns=135502219255 physical_stage1_search_ns=125494823350 physical_stage1_prune_ns=5976428180 physical_stage1_allocate_write_ns=3244770057 physical_stage1_backlink_ns=708942143 physical_stage1_candidates=4767584 physical_stage1_remote_frontier_items=16940517 physical_stage1_neighbors=1308391 peer_stage1_enqueued=25465 peer_stage1_processed=25465 peer_stage1_items=59566 avg_peer_stage1_items=2.339132 peer_stage1_rate_per_sec=360.908024 peer_stage1_max_queue=46 peer_stage1_active_workers=0 peer_stage2_home_enqueued=455936 peer_stage2_home_processed=455936 peer_stage2_home_items=39528715 avg_peer_stage2_home_items=86.697947 peer_stage2_home_max_queue=37 peer_stage2_home_response_queue_drops=0 peer_stage2_home_response_send_wait_ms=3952.214966 avg_peer_stage2_home_queue_wait_us=19.161730 avg_peer_stage2_home_execution_us=50.618741 peer_stage1_release_deferred_batches=173 peer_stage1_release_deferred_items=278 peer_stage1_duplicate_retry_responses=0 peer_stage1_admission_retry_responses=0 peer_stage1_retry_response_drops=0 peer_stage1_admission_waiters=0 peer_stage1_admission_waiter_items=0 peer_stage1_admission_owned_items=0 peer_stage1_admission_wake_coverage=0 peer_stage1_admission_parked=0 peer_stage1_admission_woken=0 peer_stage1_admission_reparked=0 peer_stage1_max_admission_waiters=0 peer_stage1_duplicate_coalesced=13 peer_reverse_enqueued=26111 peer_reverse_processed=26111 peer_reverse_remaining=0 peer_reverse_items_enqueued=312510 peer_reverse_items_processed=312510 peer_reverse_rate_per_sec=1893.485655 peer_reverse_failed=28 peer_reverse_max_queue=22 reclaim_pending=0 reclaim_reused=2298 dynamic_high_watermark=19069038528 stage2_remaining=0 cleanup_remaining=0 active_contexts=0 active_context_limit=32 repair_remaining=0 remaining=0
[STATUS]: storage-owner maintenance observation: enqueued=37252 stage2_enqueued=37252 cleanup_enqueued=0 stage2_tasks_done=37252 stage2_finalized_live=37252 cleanup_processed=0 stale=0 stage2_completion_ratio=1.000000 live_stage2_completion_ratio=1.000000 avg_stage2_delay_ms=198.683170 p99_stage2_delay_upper_ms=2000.000000 p99_stage2_delay_over_30s=false stage2_delay_histogram=0,0,0,22,1283,11064,5705,2945,5354,6736,3563,580,0,0,0,0,0,0 max_stage2_delay_ms=1599.947642 compaction_batch_target=32 compaction_max_delay_ms=25.000000 stage2_rate_per_sec=219.068262 stage1_search_budget_exhausted=0 stage2_search_budget_exhausted=0 stage2_continuations=37252 stage2_remote_frontier_items=16940517 avg_stage2_remote_frontier=454.754564 stage2_remote_expansions=382187 avg_stage2_remote_expansions=10.259503 stage2_scored_candidates=26845645 avg_stage2_scored_candidates=720.649764 stage2_graph_read_waves=105259 avg_stage2_expansions_per_graph_wave=3.630920 stage2_graph_unique_reads=395210 stage2_graph_prefetch_issued=265749 stage2_graph_prefetch_hits=252726 stage2_graph_prefetch_wasted=13023 stage2_graph_prefetch_promotion_ratio=0.950995 stage2_graph_issue_width_current=16 stage2_vector_read_waves=264233 avg_stage2_scores_per_vector_wave=101.598381 stage2_vector_unique_reads=19154621 stage2_home_rpc_batches=180778 stage2_home_rpc_items=16611979 avg_stage2_home_rpc_batch=91.891596 stage2_home_score_rpc_batches=67165 stage2_home_score_rpc_items=16216769 stage2_home_score_rpc_queries=356033 stage2_home_score_rpc_request_bytes=428040924 stage2_home_score_rpc_response_bytes=521638624 avg_stage2_home_score_queries_per_rpc=5.300871 avg_stage2_home_score_rpc_batch=241.446721 stage2_home_scored_neighbors=23918838 home_scores_per_expansion=1.439855 stage2_migrations=2298 home_match_rate=0.938312 stage2_final_edges=1343127 stage2_cross_edges_stage1_home=88371 stage2_cross_edges_final_home=41916 cross_edge_reduction_ratio=0.525682 failed=0 rpc_timeouts=0 reverse_aggregate_batches=0 reverse_aggregate_logical_requests=0 reverse_aggregate_ops=0 avg_reverse_aggregate_logicals=0.000000 avg_reverse_aggregate_ops=0.000000 max_backlog=371 admission_window=65536 completion_outstanding=0 completion_incomplete=0 completed_behind_hole=0 completion_logical_full_failures=0 completion_physical_full_failures=0 pressure_yields=121258 stage2_batches=5751 avg_stage2_batch_size=6.477482 packing_target_batch=8 packing_admit_queue_avg=14.288298 packing_admit_queue_max=371 packing_batch_1_7=2314 packing_batch_8=3437 packing_assembly_batches=5751 packing_assembly_wait_ms=113727.629197 packing_arrival_interval_us=4520 packing_waited_batches=2314 packing_wait_ms=50566.618000 packing_target_flushes=3437 packing_deadline_flushes=2314 packing_cleanup_flushes=0 stage2_phase_search_attempts=5751 stage2_phase_search_task_attempts=37252 stage2_phase_search_elapsed_ms=624925.828844 avg_stage2_phase_search_us_per_task=16775.631613 stage2_phase_freeze_prune_attempts=6360 stage2_phase_freeze_prune_task_attempts=41742 stage2_phase_freeze_prune_elapsed_ms=71665.801900 avg_stage2_phase_freeze_prune_us_per_task=1716.875135 stage2_phase_reverse_prepare_attempts=5751 stage2_phase_reverse_prepare_task_attempts=37252 stage2_phase_reverse_prepare_elapsed_ms=211347.980913 avg_stage2_phase_reverse_prepare_us_per_task=5673.466684 stage2_phase_placement_authority_attempts=5751 stage2_phase_placement_authority_task_attempts=37252 stage2_phase_placement_authority_elapsed_ms=76713.771180 avg_stage2_phase_placement_authority_us_per_task=2059.319531 stage2_phase_completion_handoff_attempts=5751 stage2_phase_completion_handoff_task_attempts=37252 stage2_phase_completion_handoff_elapsed_ms=11.517773 avg_stage2_phase_completion_handoff_us_per_task=0.309185 stage2_phase_finalize_attempts=5751 stage2_phase_finalize_task_attempts=37252 stage2_phase_finalize_elapsed_ms=36.880599 avg_stage2_phase_finalize_us_per_task=0.990030 maintenance_worker_idle_waits=554048 maintenance_worker_idle_ms=1131751.036734 maintenance_lost_wake_avoided=29462 maintenance_targeted_wakes=675068 maintenance_generic_wakes=17328 maintenance_broadcast_wakes=0 maintenance_context_slots_scanned=3082576 maintenance_ready_notifications=526674 maintenance_ready_stale_notifications=96 maintenance_ready_tickets_drained=427696 maintenance_ready_overflow_scans=0 maintenance_ready_fallback_scans=192987 stage2_search_lane_lease_limit=32 stage2_search_lane_lease_peak=23 stage2_search_lane_lease_blocked=0 maintenance_worker_observed_idle_ratio=0.831938 maintenance_worker_observed_busy_ratio=0.168062 physical_stage1_items=37252 physical_stage1_total_ns=135502219255 physical_stage1_search_ns=125494823350 physical_stage1_prune_ns=5976428180 physical_stage1_allocate_write_ns=3244770057 physical_stage1_backlink_ns=708942143 physical_stage1_candidates=4767584 physical_stage1_remote_frontier_items=16940517 physical_stage1_neighbors=1308391 peer_stage1_enqueued=25465 peer_stage1_processed=25465 peer_stage1_items=59566 avg_peer_stage1_items=2.339132 peer_stage1_rate_per_sec=350.290457 peer_stage1_max_queue=46 peer_stage1_active_workers=0 peer_stage2_home_enqueued=455936 peer_stage2_home_processed=455936 peer_stage2_home_items=39528715 avg_peer_stage2_home_items=86.697947 peer_stage2_home_max_queue=37 peer_stage2_home_response_queue_drops=0 peer_stage2_home_response_send_wait_ms=3952.214966 avg_peer_stage2_home_queue_wait_us=19.161730 avg_peer_stage2_home_execution_us=50.618741 peer_stage1_release_deferred_batches=173 peer_stage1_release_deferred_items=278 peer_stage1_duplicate_retry_responses=0 peer_stage1_admission_retry_responses=0 peer_stage1_retry_response_drops=0 peer_stage1_admission_waiters=0 peer_stage1_admission_waiter_items=0 peer_stage1_admission_owned_items=0 peer_stage1_admission_wake_coverage=0 peer_stage1_admission_parked=0 peer_stage1_admission_woken=0 peer_stage1_admission_reparked=0 peer_stage1_max_admission_waiters=0 peer_stage1_duplicate_coalesced=13 peer_reverse_enqueued=26111 peer_reverse_processed=26111 peer_reverse_remaining=0 peer_reverse_items_enqueued=312510 peer_reverse_items_processed=312510 peer_reverse_rate_per_sec=1837.781130 peer_reverse_failed=28 peer_reverse_max_queue=22 reclaim_pending=0 reclaim_reused=2298 dynamic_high_watermark=19069038528 stage2_remaining=0 cleanup_remaining=0 active_contexts=0 active_context_limit=32 repair_remaining=0 remaining=0
[STATUS]: storage-owner maintenance observation: enqueued=37252 stage2_enqueued=37252 cleanup_enqueued=0 stage2_tasks_done=37252 stage2_finalized_live=37252 cleanup_processed=0 stale=0 stage2_completion_ratio=1.000000 live_stage2_completion_ratio=1.000000 avg_stage2_delay_ms=198.683170 p99_stage2_delay_upper_ms=2000.000000 p99_stage2_delay_over_30s=false stage2_delay_histogram=0,0,0,22,1283,11064,5705,2945,5354,6736,3563,580,0,0,0,0,0,0 max_stage2_delay_ms=1599.947642 compaction_batch_target=32 compaction_max_delay_ms=25.000000 stage2_rate_per_sec=212.809620 stage1_search_budget_exhausted=0 stage2_search_budget_exhausted=0 stage2_continuations=37252 stage2_remote_frontier_items=16940517 avg_stage2_remote_frontier=454.754564 stage2_remote_expansions=382187 avg_stage2_remote_expansions=10.259503 stage2_scored_candidates=26845645 avg_stage2_scored_candidates=720.649764 stage2_graph_read_waves=105259 avg_stage2_expansions_per_graph_wave=3.630920 stage2_graph_unique_reads=395210 stage2_graph_prefetch_issued=265749 stage2_graph_prefetch_hits=252726 stage2_graph_prefetch_wasted=13023 stage2_graph_prefetch_promotion_ratio=0.950995 stage2_graph_issue_width_current=16 stage2_vector_read_waves=264233 avg_stage2_scores_per_vector_wave=101.598381 stage2_vector_unique_reads=19154621 stage2_home_rpc_batches=180778 stage2_home_rpc_items=16611979 avg_stage2_home_rpc_batch=91.891596 stage2_home_score_rpc_batches=67165 stage2_home_score_rpc_items=16216769 stage2_home_score_rpc_queries=356033 stage2_home_score_rpc_request_bytes=428040924 stage2_home_score_rpc_response_bytes=521638624 avg_stage2_home_score_queries_per_rpc=5.300871 avg_stage2_home_score_rpc_batch=241.446721 stage2_home_scored_neighbors=23918838 home_scores_per_expansion=1.439855 stage2_migrations=2298 home_match_rate=0.938312 stage2_final_edges=1343127 stage2_cross_edges_stage1_home=88371 stage2_cross_edges_final_home=41916 cross_edge_reduction_ratio=0.525682 failed=0 rpc_timeouts=0 reverse_aggregate_batches=0 reverse_aggregate_logical_requests=0 reverse_aggregate_ops=0 avg_reverse_aggregate_logicals=0.000000 avg_reverse_aggregate_ops=0.000000 max_backlog=371 admission_window=65536 completion_outstanding=0 completion_incomplete=0 completed_behind_hole=0 completion_logical_full_failures=0 completion_physical_full_failures=0 pressure_yields=121258 stage2_batches=5751 avg_stage2_batch_size=6.477482 packing_target_batch=8 packing_admit_queue_avg=14.288298 packing_admit_queue_max=371 packing_batch_1_7=2314 packing_batch_8=3437 packing_assembly_batches=5751 packing_assembly_wait_ms=113727.629197 packing_arrival_interval_us=4520 packing_waited_batches=2314 packing_wait_ms=50566.618000 packing_target_flushes=3437 packing_deadline_flushes=2314 packing_cleanup_flushes=0 stage2_phase_search_attempts=5751 stage2_phase_search_task_attempts=37252 stage2_phase_search_elapsed_ms=624925.828844 avg_stage2_phase_search_us_per_task=16775.631613 stage2_phase_freeze_prune_attempts=6360 stage2_phase_freeze_prune_task_attempts=41742 stage2_phase_freeze_prune_elapsed_ms=71665.801900 avg_stage2_phase_freeze_prune_us_per_task=1716.875135 stage2_phase_reverse_prepare_attempts=5751 stage2_phase_reverse_prepare_task_attempts=37252 stage2_phase_reverse_prepare_elapsed_ms=211347.980913 avg_stage2_phase_reverse_prepare_us_per_task=5673.466684 stage2_phase_placement_authority_attempts=5751 stage2_phase_placement_authority_task_attempts=37252 stage2_phase_placement_authority_elapsed_ms=76713.771180 avg_stage2_phase_placement_authority_us_per_task=2059.319531 stage2_phase_completion_handoff_attempts=5751 stage2_phase_completion_handoff_task_attempts=37252 stage2_phase_completion_handoff_elapsed_ms=11.517773 avg_stage2_phase_completion_handoff_us_per_task=0.309185 stage2_phase_finalize_attempts=5751 stage2_phase_finalize_task_attempts=37252 stage2_phase_finalize_elapsed_ms=36.880599 avg_stage2_phase_finalize_us_per_task=0.990030 maintenance_worker_idle_waits=558080 maintenance_worker_idle_ms=1172312.039010 maintenance_lost_wake_avoided=29462 maintenance_targeted_wakes=675068 maintenance_generic_wakes=17328 maintenance_broadcast_wakes=0 maintenance_context_slots_scanned=3147088 maintenance_ready_notifications=526674 maintenance_ready_stale_notifications=96 maintenance_ready_tickets_drained=427696 maintenance_ready_overflow_scans=0 maintenance_ready_fallback_scans=196963 stage2_search_lane_lease_limit=32 stage2_search_lane_lease_peak=23 stage2_search_lane_lease_blocked=0 maintenance_worker_observed_idle_ratio=0.837134 maintenance_worker_observed_busy_ratio=0.162866 physical_stage1_items=37252 physical_stage1_total_ns=135502219255 physical_stage1_search_ns=125494823350 physical_stage1_prune_ns=5976428180 physical_stage1_allocate_write_ns=3244770057 physical_stage1_backlink_ns=708942143 physical_stage1_candidates=4767584 physical_stage1_remote_frontier_items=16940517 physical_stage1_neighbors=1308391 peer_stage1_enqueued=25465 peer_stage1_processed=25465 peer_stage1_items=59566 avg_peer_stage1_items=2.339132 peer_stage1_rate_per_sec=340.282879 peer_stage1_max_queue=46 peer_stage1_active_workers=0 peer_stage2_home_enqueued=455936 peer_stage2_home_processed=455936 peer_stage2_home_items=39528715 avg_peer_stage2_home_items=86.697947 peer_stage2_home_max_queue=37 peer_stage2_home_response_queue_drops=0 peer_stage2_home_response_send_wait_ms=3952.214966 avg_peer_stage2_home_queue_wait_us=19.161730 avg_peer_stage2_home_execution_us=50.618741 peer_stage1_release_deferred_batches=173 peer_stage1_release_deferred_items=278 peer_stage1_duplicate_retry_responses=0 peer_stage1_admission_retry_responses=0 peer_stage1_retry_response_drops=0 peer_stage1_admission_waiters=0 peer_stage1_admission_waiter_items=0 peer_stage1_admission_owned_items=0 peer_stage1_admission_wake_coverage=0 peer_stage1_admission_parked=0 peer_stage1_admission_woken=0 peer_stage1_admission_reparked=0 peer_stage1_max_admission_waiters=0 peer_stage1_duplicate_coalesced=13 peer_reverse_enqueued=26111 peer_reverse_processed=26111 peer_reverse_remaining=0 peer_reverse_items_enqueued=312510 peer_reverse_items_processed=312510 peer_reverse_rate_per_sec=1785.276877 peer_reverse_failed=28 peer_reverse_max_queue=22 reclaim_pending=0 reclaim_reused=2298 dynamic_high_watermark=19069038528 stage2_remaining=0 cleanup_remaining=0 active_contexts=0 active_context_limit=32 repair_remaining=0 remaining=0
[STATUS]: storage-owner maintenance observation: enqueued=37252 stage2_enqueued=37252 cleanup_enqueued=0 stage2_tasks_done=37252 stage2_finalized_live=37252 cleanup_processed=0 stale=0 stage2_completion_ratio=1.000000 live_stage2_completion_ratio=1.000000 avg_stage2_delay_ms=198.683170 p99_stage2_delay_upper_ms=2000.000000 p99_stage2_delay_over_30s=false stage2_delay_histogram=0,0,0,22,1283,11064,5705,2945,5354,6736,3563,580,0,0,0,0,0,0 max_stage2_delay_ms=1599.947642 compaction_batch_target=32 compaction_max_delay_ms=25.000000 stage2_rate_per_sec=206.899233 stage1_search_budget_exhausted=0 stage2_search_budget_exhausted=0 stage2_continuations=37252 stage2_remote_frontier_items=16940517 avg_stage2_remote_frontier=454.754564 stage2_remote_expansions=382187 avg_stage2_remote_expansions=10.259503 stage2_scored_candidates=26845645 avg_stage2_scored_candidates=720.649764 stage2_graph_read_waves=105259 avg_stage2_expansions_per_graph_wave=3.630920 stage2_graph_unique_reads=395210 stage2_graph_prefetch_issued=265749 stage2_graph_prefetch_hits=252726 stage2_graph_prefetch_wasted=13023 stage2_graph_prefetch_promotion_ratio=0.950995 stage2_graph_issue_width_current=16 stage2_vector_read_waves=264233 avg_stage2_scores_per_vector_wave=101.598381 stage2_vector_unique_reads=19154621 stage2_home_rpc_batches=180778 stage2_home_rpc_items=16611979 avg_stage2_home_rpc_batch=91.891596 stage2_home_score_rpc_batches=67165 stage2_home_score_rpc_items=16216769 stage2_home_score_rpc_queries=356033 stage2_home_score_rpc_request_bytes=428040924 stage2_home_score_rpc_response_bytes=521638624 avg_stage2_home_score_queries_per_rpc=5.300871 avg_stage2_home_score_rpc_batch=241.446721 stage2_home_scored_neighbors=23918838 home_scores_per_expansion=1.439855 stage2_migrations=2298 home_match_rate=0.938312 stage2_final_edges=1343127 stage2_cross_edges_stage1_home=88371 stage2_cross_edges_final_home=41916 cross_edge_reduction_ratio=0.525682 failed=0 rpc_timeouts=0 reverse_aggregate_batches=0 reverse_aggregate_logical_requests=0 reverse_aggregate_ops=0 avg_reverse_aggregate_logicals=0.000000 avg_reverse_aggregate_ops=0.000000 max_backlog=371 admission_window=65536 completion_outstanding=0 completion_incomplete=0 completed_behind_hole=0 completion_logical_full_failures=0 completion_physical_full_failures=0 pressure_yields=121258 stage2_batches=5751 avg_stage2_batch_size=6.477482 packing_target_batch=8 packing_admit_queue_avg=14.288298 packing_admit_queue_max=371 packing_batch_1_7=2314 packing_batch_8=3437 packing_assembly_batches=5751 packing_assembly_wait_ms=113727.629197 packing_arrival_interval_us=4520 packing_waited_batches=2314 packing_wait_ms=50566.618000 packing_target_flushes=3437 packing_deadline_flushes=2314 packing_cleanup_flushes=0 stage2_phase_search_attempts=5751 stage2_phase_search_task_attempts=37252 stage2_phase_search_elapsed_ms=624925.828844 avg_stage2_phase_search_us_per_task=16775.631613 stage2_phase_freeze_prune_attempts=6360 stage2_phase_freeze_prune_task_attempts=41742 stage2_phase_freeze_prune_elapsed_ms=71665.801900 avg_stage2_phase_freeze_prune_us_per_task=1716.875135 stage2_phase_reverse_prepare_attempts=5751 stage2_phase_reverse_prepare_task_attempts=37252 stage2_phase_reverse_prepare_elapsed_ms=211347.980913 avg_stage2_phase_reverse_prepare_us_per_task=5673.466684 stage2_phase_placement_authority_attempts=5751 stage2_phase_placement_authority_task_attempts=37252 stage2_phase_placement_authority_elapsed_ms=76713.771180 avg_stage2_phase_placement_authority_us_per_task=2059.319531 stage2_phase_completion_handoff_attempts=5751 stage2_phase_completion_handoff_task_attempts=37252 stage2_phase_completion_handoff_elapsed_ms=11.517773 avg_stage2_phase_completion_handoff_us_per_task=0.309185 stage2_phase_finalize_attempts=5751 stage2_phase_finalize_task_attempts=37252 stage2_phase_finalize_elapsed_ms=36.880599 avg_stage2_phase_finalize_us_per_task=0.990030 maintenance_worker_idle_waits=562048 maintenance_worker_idle_ms=1212228.310381 maintenance_lost_wake_avoided=29462 maintenance_targeted_wakes=675068 maintenance_generic_wakes=17328 maintenance_broadcast_wakes=0 maintenance_context_slots_scanned=3210576 maintenance_ready_notifications=526674 maintenance_ready_stale_notifications=96 maintenance_ready_tickets_drained=427696 maintenance_ready_overflow_scans=0 maintenance_ready_fallback_scans=200939 stage2_search_lane_lease_limit=32 stage2_search_lane_lease_peak=23 stage2_search_lane_lease_blocked=0 maintenance_worker_observed_idle_ratio=0.841596 maintenance_worker_observed_busy_ratio=0.158404 physical_stage1_items=37252 physical_stage1_total_ns=135502219255 physical_stage1_search_ns=125494823350 physical_stage1_prune_ns=5976428180 physical_stage1_allocate_write_ns=3244770057 physical_stage1_backlink_ns=708942143 physical_stage1_candidates=4767584 physical_stage1_remote_frontier_items=16940517 physical_stage1_neighbors=1308391 peer_stage1_enqueued=25465 peer_stage1_processed=25465 peer_stage1_items=59566 avg_peer_stage1_items=2.339132 peer_stage1_rate_per_sec=330.832162 peer_stage1_max_queue=46 peer_stage1_active_workers=0 peer_stage2_home_enqueued=455936 peer_stage2_home_processed=455936 peer_stage2_home_items=39528715 avg_peer_stage2_home_items=86.697947 peer_stage2_home_max_queue=37 peer_stage2_home_response_queue_drops=0 peer_stage2_home_response_send_wait_ms=3952.214966 avg_peer_stage2_home_queue_wait_us=19.161730 avg_peer_stage2_home_execution_us=50.618741 peer_stage1_release_deferred_batches=173 peer_stage1_release_deferred_items=278 peer_stage1_duplicate_retry_responses=0 peer_stage1_admission_retry_responses=0 peer_stage1_retry_response_drops=0 peer_stage1_admission_waiters=0 peer_stage1_admission_waiter_items=0 peer_stage1_admission_owned_items=0 peer_stage1_admission_wake_coverage=0 peer_stage1_admission_parked=0 peer_stage1_admission_woken=0 peer_stage1_admission_reparked=0 peer_stage1_max_admission_waiters=0 peer_stage1_duplicate_coalesced=13 peer_reverse_enqueued=26111 peer_reverse_processed=26111 peer_reverse_remaining=0 peer_reverse_items_enqueued=312510 peer_reverse_items_processed=312510 peer_reverse_rate_per_sec=1735.694168 peer_reverse_failed=28 peer_reverse_max_queue=22 reclaim_pending=0 reclaim_reused=2298 dynamic_high_watermark=19069038528 stage2_remaining=0 cleanup_remaining=0 active_contexts=0 active_context_limit=32 repair_remaining=0 remaining=0
[STATUS]: storage-owner maintenance observation: enqueued=37252 stage2_enqueued=37252 cleanup_enqueued=0 stage2_tasks_done=37252 stage2_finalized_live=37252 cleanup_processed=0 stale=0 stage2_completion_ratio=1.000000 live_stage2_completion_ratio=1.000000 avg_stage2_delay_ms=198.683170 p99_stage2_delay_upper_ms=2000.000000 p99_stage2_delay_over_30s=false stage2_delay_histogram=0,0,0,22,1283,11064,5705,2945,5354,6736,3563,580,0,0,0,0,0,0 max_stage2_delay_ms=1599.947642 compaction_batch_target=32 compaction_max_delay_ms=25.000000 stage2_rate_per_sec=201.308420 stage1_search_budget_exhausted=0 stage2_search_budget_exhausted=0 stage2_continuations=37252 stage2_remote_frontier_items=16940517 avg_stage2_remote_frontier=454.754564 stage2_remote_expansions=382187 avg_stage2_remote_expansions=10.259503 stage2_scored_candidates=26845645 avg_stage2_scored_candidates=720.649764 stage2_graph_read_waves=105259 avg_stage2_expansions_per_graph_wave=3.630920 stage2_graph_unique_reads=395210 stage2_graph_prefetch_issued=265749 stage2_graph_prefetch_hits=252726 stage2_graph_prefetch_wasted=13023 stage2_graph_prefetch_promotion_ratio=0.950995 stage2_graph_issue_width_current=16 stage2_vector_read_waves=264233 avg_stage2_scores_per_vector_wave=101.598381 stage2_vector_unique_reads=19154621 stage2_home_rpc_batches=180778 stage2_home_rpc_items=16611979 avg_stage2_home_rpc_batch=91.891596 stage2_home_score_rpc_batches=67165 stage2_home_score_rpc_items=16216769 stage2_home_score_rpc_queries=356033 stage2_home_score_rpc_request_bytes=428040924 stage2_home_score_rpc_response_bytes=521638624 avg_stage2_home_score_queries_per_rpc=5.300871 avg_stage2_home_score_rpc_batch=241.446721 stage2_home_scored_neighbors=23918838 home_scores_per_expansion=1.439855 stage2_migrations=2298 home_match_rate=0.938312 stage2_final_edges=1343127 stage2_cross_edges_stage1_home=88371 stage2_cross_edges_final_home=41916 cross_edge_reduction_ratio=0.525682 failed=0 rpc_timeouts=0 reverse_aggregate_batches=0 reverse_aggregate_logical_requests=0 reverse_aggregate_ops=0 avg_reverse_aggregate_logicals=0.000000 avg_reverse_aggregate_ops=0.000000 max_backlog=371 admission_window=65536 completion_outstanding=0 completion_incomplete=0 completed_behind_hole=0 completion_logical_full_failures=0 completion_physical_full_failures=0 pressure_yields=121258 stage2_batches=5751 avg_stage2_batch_size=6.477482 packing_target_batch=8 packing_admit_queue_avg=14.288298 packing_admit_queue_max=371 packing_batch_1_7=2314 packing_batch_8=3437 packing_assembly_batches=5751 packing_assembly_wait_ms=113727.629197 packing_arrival_interval_us=4520 packing_waited_batches=2314 packing_wait_ms=50566.618000 packing_target_flushes=3437 packing_deadline_flushes=2314 packing_cleanup_flushes=0 stage2_phase_search_attempts=5751 stage2_phase_search_task_attempts=37252 stage2_phase_search_elapsed_ms=624925.828844 avg_stage2_phase_search_us_per_task=16775.631613 stage2_phase_freeze_prune_attempts=6360 stage2_phase_freeze_prune_task_attempts=41742 stage2_phase_freeze_prune_elapsed_ms=71665.801900 avg_stage2_phase_freeze_prune_us_per_task=1716.875135 stage2_phase_reverse_prepare_attempts=5751 stage2_phase_reverse_prepare_task_attempts=37252 stage2_phase_reverse_prepare_elapsed_ms=211347.980913 avg_stage2_phase_reverse_prepare_us_per_task=5673.466684 stage2_phase_placement_authority_attempts=5751 stage2_phase_placement_authority_task_attempts=37252 stage2_phase_placement_authority_elapsed_ms=76713.771180 avg_stage2_phase_placement_authority_us_per_task=2059.319531 stage2_phase_completion_handoff_attempts=5751 stage2_phase_completion_handoff_task_attempts=37252 stage2_phase_completion_handoff_elapsed_ms=11.517773 avg_stage2_phase_completion_handoff_us_per_task=0.309185 stage2_phase_finalize_attempts=5751 stage2_phase_finalize_task_attempts=37252 stage2_phase_finalize_elapsed_ms=36.880599 avg_stage2_phase_finalize_us_per_task=0.990030 maintenance_worker_idle_waits=566016 maintenance_worker_idle_ms=1252144.951594 maintenance_lost_wake_avoided=29462 maintenance_targeted_wakes=675068 maintenance_generic_wakes=17328 maintenance_broadcast_wakes=0 maintenance_context_slots_scanned=3274064 maintenance_ready_notifications=526674 maintenance_ready_stale_notifications=96 maintenance_ready_tickets_drained=427696 maintenance_ready_overflow_scans=0 maintenance_ready_fallback_scans=204914 stage2_search_lane_lease_limit=32 stage2_search_lane_lease_peak=23 stage2_search_lane_lease_blocked=0 maintenance_worker_observed_idle_ratio=0.845818 maintenance_worker_observed_busy_ratio=0.154182 physical_stage1_items=37252 physical_stage1_total_ns=135502219255 physical_stage1_search_ns=125494823350 physical_stage1_prune_ns=5976428180 physical_stage1_allocate_write_ns=3244770057 physical_stage1_backlink_ns=708942143 physical_stage1_candidates=4767584 physical_stage1_remote_frontier_items=16940517 physical_stage1_neighbors=1308391 peer_stage1_enqueued=25465 peer_stage1_processed=25465 peer_stage1_items=59566 avg_peer_stage1_items=2.339132 peer_stage1_rate_per_sec=321.892445 peer_stage1_max_queue=46 peer_stage1_active_workers=0 peer_stage2_home_enqueued=455936 peer_stage2_home_processed=455936 peer_stage2_home_items=39528715 avg_peer_stage2_home_items=86.697947 peer_stage2_home_max_queue=37 peer_stage2_home_response_queue_drops=0 peer_stage2_home_response_send_wait_ms=3952.214966 avg_peer_stage2_home_queue_wait_us=19.161730 avg_peer_stage2_home_execution_us=50.618741 peer_stage1_release_deferred_batches=173 peer_stage1_release_deferred_items=278 peer_stage1_duplicate_retry_responses=0 peer_stage1_admission_retry_responses=0 peer_stage1_retry_response_drops=0 peer_stage1_admission_waiters=0 peer_stage1_admission_waiter_items=0 peer_stage1_admission_owned_items=0 peer_stage1_admission_wake_coverage=0 peer_stage1_admission_parked=0 peer_stage1_admission_woken=0 peer_stage1_admission_reparked=0 peer_stage1_max_admission_waiters=0 peer_stage1_duplicate_coalesced=13 peer_reverse_enqueued=26111 peer_reverse_processed=26111 peer_reverse_remaining=0 peer_reverse_items_enqueued=312510 peer_reverse_items_processed=312510 peer_reverse_rate_per_sec=1688.792397 peer_reverse_failed=28 peer_reverse_max_queue=22 reclaim_pending=0 reclaim_reused=2298 dynamic_high_watermark=19069038528 stage2_remaining=0 cleanup_remaining=0 active_contexts=0 active_context_limit=32 repair_remaining=0 remaining=0
[STATUS]: storage-owner maintenance observation: enqueued=37252 stage2_enqueued=37252 cleanup_enqueued=0 stage2_tasks_done=37252 stage2_finalized_live=37252 cleanup_processed=0 stale=0 stage2_completion_ratio=1.000000 live_stage2_completion_ratio=1.000000 avg_stage2_delay_ms=198.683170 p99_stage2_delay_upper_ms=2000.000000 p99_stage2_delay_over_30s=false stage2_delay_histogram=0,0,0,22,1283,11064,5705,2945,5354,6736,3563,580,0,0,0,0,0,0 max_stage2_delay_ms=1599.947642 compaction_batch_target=32 compaction_max_delay_ms=25.000000 stage2_rate_per_sec=196.011720 stage1_search_budget_exhausted=0 stage2_search_budget_exhausted=0 stage2_continuations=37252 stage2_remote_frontier_items=16940517 avg_stage2_remote_frontier=454.754564 stage2_remote_expansions=382187 avg_stage2_remote_expansions=10.259503 stage2_scored_candidates=26845645 avg_stage2_scored_candidates=720.649764 stage2_graph_read_waves=105259 avg_stage2_expansions_per_graph_wave=3.630920 stage2_graph_unique_reads=395210 stage2_graph_prefetch_issued=265749 stage2_graph_prefetch_hits=252726 stage2_graph_prefetch_wasted=13023 stage2_graph_prefetch_promotion_ratio=0.950995 stage2_graph_issue_width_current=16 stage2_vector_read_waves=264233 avg_stage2_scores_per_vector_wave=101.598381 stage2_vector_unique_reads=19154621 stage2_home_rpc_batches=180778 stage2_home_rpc_items=16611979 avg_stage2_home_rpc_batch=91.891596 stage2_home_score_rpc_batches=67165 stage2_home_score_rpc_items=16216769 stage2_home_score_rpc_queries=356033 stage2_home_score_rpc_request_bytes=428040924 stage2_home_score_rpc_response_bytes=521638624 avg_stage2_home_score_queries_per_rpc=5.300871 avg_stage2_home_score_rpc_batch=241.446721 stage2_home_scored_neighbors=23918838 home_scores_per_expansion=1.439855 stage2_migrations=2298 home_match_rate=0.938312 stage2_final_edges=1343127 stage2_cross_edges_stage1_home=88371 stage2_cross_edges_final_home=41916 cross_edge_reduction_ratio=0.525682 failed=0 rpc_timeouts=0 reverse_aggregate_batches=0 reverse_aggregate_logical_requests=0 reverse_aggregate_ops=0 avg_reverse_aggregate_logicals=0.000000 avg_reverse_aggregate_ops=0.000000 max_backlog=371 admission_window=65536 completion_outstanding=0 completion_incomplete=0 completed_behind_hole=0 completion_logical_full_failures=0 completion_physical_full_failures=0 pressure_yields=121258 stage2_batches=5751 avg_stage2_batch_size=6.477482 packing_target_batch=8 packing_admit_queue_avg=14.288298 packing_admit_queue_max=371 packing_batch_1_7=2314 packing_batch_8=3437 packing_assembly_batches=5751 packing_assembly_wait_ms=113727.629197 packing_arrival_interval_us=4520 packing_waited_batches=2314 packing_wait_ms=50566.618000 packing_target_flushes=3437 packing_deadline_flushes=2314 packing_cleanup_flushes=0 stage2_phase_search_attempts=5751 stage2_phase_search_task_attempts=37252 stage2_phase_search_elapsed_ms=624925.828844 avg_stage2_phase_search_us_per_task=16775.631613 stage2_phase_freeze_prune_attempts=6360 stage2_phase_freeze_prune_task_attempts=41742 stage2_phase_freeze_prune_elapsed_ms=71665.801900 avg_stage2_phase_freeze_prune_us_per_task=1716.875135 stage2_phase_reverse_prepare_attempts=5751 stage2_phase_reverse_prepare_task_attempts=37252 stage2_phase_reverse_prepare_elapsed_ms=211347.980913 avg_stage2_phase_reverse_prepare_us_per_task=5673.466684 stage2_phase_placement_authority_attempts=5751 stage2_phase_placement_authority_task_attempts=37252 stage2_phase_placement_authority_elapsed_ms=76713.771180 avg_stage2_phase_placement_authority_us_per_task=2059.319531 stage2_phase_completion_handoff_attempts=5751 stage2_phase_completion_handoff_task_attempts=37252 stage2_phase_completion_handoff_elapsed_ms=11.517773 avg_stage2_phase_completion_handoff_us_per_task=0.309185 stage2_phase_finalize_attempts=5751 stage2_phase_finalize_task_attempts=37252 stage2_phase_finalize_elapsed_ms=36.880599 avg_stage2_phase_finalize_us_per_task=0.990030 maintenance_worker_idle_waits=570048 maintenance_worker_idle_ms=1292706.685306 maintenance_lost_wake_avoided=29462 maintenance_targeted_wakes=675068 maintenance_generic_wakes=17328 maintenance_broadcast_wakes=0 maintenance_context_slots_scanned=3338576 maintenance_ready_notifications=526674 maintenance_ready_stale_notifications=96 maintenance_ready_tickets_drained=427696 maintenance_ready_overflow_scans=0 maintenance_ready_fallback_scans=208890 stage2_search_lane_lease_limit=32 stage2_search_lane_lease_peak=23 stage2_search_lane_lease_blocked=0 maintenance_worker_observed_idle_ratio=0.850242 maintenance_worker_observed_busy_ratio=0.149758 physical_stage1_items=37252 physical_stage1_total_ns=135502219255 physical_stage1_search_ns=125494823350 physical_stage1_prune_ns=5976428180 physical_stage1_allocate_write_ns=3244770057 physical_stage1_backlink_ns=708942143 physical_stage1_candidates=4767584 physical_stage1_remote_frontier_items=16940517 physical_stage1_neighbors=1308391 peer_stage1_enqueued=25465 peer_stage1_processed=25465 peer_stage1_items=59566 avg_peer_stage1_items=2.339132 peer_stage1_rate_per_sec=313.423014 peer_stage1_max_queue=46 peer_stage1_active_workers=0 peer_stage2_home_enqueued=455936 peer_stage2_home_processed=455936 peer_stage2_home_items=39528715 avg_peer_stage2_home_items=86.697947 peer_stage2_home_max_queue=37 peer_stage2_home_response_queue_drops=0 peer_stage2_home_response_send_wait_ms=3952.214966 avg_peer_stage2_home_queue_wait_us=19.161730 avg_peer_stage2_home_execution_us=50.618741 peer_stage1_release_deferred_batches=173 peer_stage1_release_deferred_items=278 peer_stage1_duplicate_retry_responses=0 peer_stage1_admission_retry_responses=0 peer_stage1_retry_response_drops=0 peer_stage1_admission_waiters=0 peer_stage1_admission_waiter_items=0 peer_stage1_admission_owned_items=0 peer_stage1_admission_wake_coverage=0 peer_stage1_admission_parked=0 peer_stage1_admission_woken=0 peer_stage1_admission_reparked=0 peer_stage1_max_admission_waiters=0 peer_stage1_duplicate_coalesced=13 peer_reverse_enqueued=26111 peer_reverse_processed=26111 peer_reverse_remaining=0 peer_reverse_items_enqueued=312510 peer_reverse_items_processed=312510 peer_reverse_rate_per_sec=1644.357959 peer_reverse_failed=28 peer_reverse_max_queue=22 reclaim_pending=0 reclaim_reused=2298 dynamic_high_watermark=19069038528 stage2_remaining=0 cleanup_remaining=0 active_contexts=0 active_context_limit=32 repair_remaining=0 remaining=0
[STATUS]: storage-owner maintenance observation: enqueued=37252 stage2_enqueued=37252 cleanup_enqueued=0 stage2_tasks_done=37252 stage2_finalized_live=37252 cleanup_processed=0 stale=0 stage2_completion_ratio=1.000000 live_stage2_completion_ratio=1.000000 avg_stage2_delay_ms=198.683170 p99_stage2_delay_upper_ms=2000.000000 p99_stage2_delay_over_30s=false stage2_delay_histogram=0,0,0,22,1283,11064,5705,2945,5354,6736,3563,580,0,0,0,0,0,0 max_stage2_delay_ms=1599.947642 compaction_batch_target=32 compaction_max_delay_ms=25.000000 stage2_rate_per_sec=190.986925 stage1_search_budget_exhausted=0 stage2_search_budget_exhausted=0 stage2_continuations=37252 stage2_remote_frontier_items=16940517 avg_stage2_remote_frontier=454.754564 stage2_remote_expansions=382187 avg_stage2_remote_expansions=10.259503 stage2_scored_candidates=26845645 avg_stage2_scored_candidates=720.649764 stage2_graph_read_waves=105259 avg_stage2_expansions_per_graph_wave=3.630920 stage2_graph_unique_reads=395210 stage2_graph_prefetch_issued=265749 stage2_graph_prefetch_hits=252726 stage2_graph_prefetch_wasted=13023 stage2_graph_prefetch_promotion_ratio=0.950995 stage2_graph_issue_width_current=16 stage2_vector_read_waves=264233 avg_stage2_scores_per_vector_wave=101.598381 stage2_vector_unique_reads=19154621 stage2_home_rpc_batches=180778 stage2_home_rpc_items=16611979 avg_stage2_home_rpc_batch=91.891596 stage2_home_score_rpc_batches=67165 stage2_home_score_rpc_items=16216769 stage2_home_score_rpc_queries=356033 stage2_home_score_rpc_request_bytes=428040924 stage2_home_score_rpc_response_bytes=521638624 avg_stage2_home_score_queries_per_rpc=5.300871 avg_stage2_home_score_rpc_batch=241.446721 stage2_home_scored_neighbors=23918838 home_scores_per_expansion=1.439855 stage2_migrations=2298 home_match_rate=0.938312 stage2_final_edges=1343127 stage2_cross_edges_stage1_home=88371 stage2_cross_edges_final_home=41916 cross_edge_reduction_ratio=0.525682 failed=0 rpc_timeouts=0 reverse_aggregate_batches=0 reverse_aggregate_logical_requests=0 reverse_aggregate_ops=0 avg_reverse_aggregate_logicals=0.000000 avg_reverse_aggregate_ops=0.000000 max_backlog=371 admission_window=65536 completion_outstanding=0 completion_incomplete=0 completed_behind_hole=0 completion_logical_full_failures=0 completion_physical_full_failures=0 pressure_yields=121258 stage2_batches=5751 avg_stage2_batch_size=6.477482 packing_target_batch=8 packing_admit_queue_avg=14.288298 packing_admit_queue_max=371 packing_batch_1_7=2314 packing_batch_8=3437 packing_assembly_batches=5751 packing_assembly_wait_ms=113727.629197 packing_arrival_interval_us=4520 packing_waited_batches=2314 packing_wait_ms=50566.618000 packing_target_flushes=3437 packing_deadline_flushes=2314 packing_cleanup_flushes=0 stage2_phase_search_attempts=5751 stage2_phase_search_task_attempts=37252 stage2_phase_search_elapsed_ms=624925.828844 avg_stage2_phase_search_us_per_task=16775.631613 stage2_phase_freeze_prune_attempts=6360 stage2_phase_freeze_prune_task_attempts=41742 stage2_phase_freeze_prune_elapsed_ms=71665.801900 avg_stage2_phase_freeze_prune_us_per_task=1716.875135 stage2_phase_reverse_prepare_attempts=5751 stage2_phase_reverse_prepare_task_attempts=37252 stage2_phase_reverse_prepare_elapsed_ms=211347.980913 avg_stage2_phase_reverse_prepare_us_per_task=5673.466684 stage2_phase_placement_authority_attempts=5751 stage2_phase_placement_authority_task_attempts=37252 stage2_phase_placement_authority_elapsed_ms=76713.771180 avg_stage2_phase_placement_authority_us_per_task=2059.319531 stage2_phase_completion_handoff_attempts=5751 stage2_phase_completion_handoff_task_attempts=37252 stage2_phase_completion_handoff_elapsed_ms=11.517773 avg_stage2_phase_completion_handoff_us_per_task=0.309185 stage2_phase_finalize_attempts=5751 stage2_phase_finalize_task_attempts=37252 stage2_phase_finalize_elapsed_ms=36.880599 avg_stage2_phase_finalize_us_per_task=0.990030 maintenance_worker_idle_waits=574016 maintenance_worker_idle_ms=1332621.672663 maintenance_lost_wake_avoided=29462 maintenance_targeted_wakes=675068 maintenance_generic_wakes=17328 maintenance_broadcast_wakes=0 maintenance_context_slots_scanned=3402064 maintenance_ready_notifications=526674 maintenance_ready_stale_notifications=96 maintenance_ready_tickets_drained=427696 maintenance_ready_overflow_scans=0 maintenance_ready_fallback_scans=212866 stage2_search_lane_lease_limit=32 stage2_search_lane_lease_peak=23 stage2_search_lane_lease_blocked=0 maintenance_worker_observed_idle_ratio=0.854026 maintenance_worker_observed_busy_ratio=0.145974 physical_stage1_items=37252 physical_stage1_total_ns=135502219255 physical_stage1_search_ns=125494823350 physical_stage1_prune_ns=5976428180 physical_stage1_allocate_write_ns=3244770057 physical_stage1_backlink_ns=708942143 physical_stage1_candidates=4767584 physical_stage1_remote_frontier_items=16940517 physical_stage1_neighbors=1308391 peer_stage1_enqueued=25465 peer_stage1_processed=25465 peer_stage1_items=59566 avg_peer_stage1_items=2.339132 peer_stage1_rate_per_sec=305.388359 peer_stage1_max_queue=46 peer_stage1_active_workers=0 peer_stage2_home_enqueued=455936 peer_stage2_home_processed=455936 peer_stage2_home_items=39528715 avg_peer_stage2_home_items=86.697947 peer_stage2_home_max_queue=37 peer_stage2_home_response_queue_drops=0 peer_stage2_home_response_send_wait_ms=3952.214966 avg_peer_stage2_home_queue_wait_us=19.161730 avg_peer_stage2_home_execution_us=50.618741 peer_stage1_release_deferred_batches=173 peer_stage1_release_deferred_items=278 peer_stage1_duplicate_retry_responses=0 peer_stage1_admission_retry_responses=0 peer_stage1_retry_response_drops=0 peer_stage1_admission_waiters=0 peer_stage1_admission_waiter_items=0 peer_stage1_admission_owned_items=0 peer_stage1_admission_wake_coverage=0 peer_stage1_admission_parked=0 peer_stage1_admission_woken=0 peer_stage1_admission_reparked=0 peer_stage1_max_admission_waiters=0 peer_stage1_duplicate_coalesced=13 peer_reverse_enqueued=26111 peer_reverse_processed=26111 peer_reverse_remaining=0 peer_reverse_items_enqueued=312510 peer_reverse_items_processed=312510 peer_reverse_rate_per_sec=1602.204548 peer_reverse_failed=28 peer_reverse_max_queue=22 reclaim_pending=0 reclaim_reused=2298 dynamic_high_watermark=19069038528 stage2_remaining=0 cleanup_remaining=0 active_contexts=0 active_context_limit=32 repair_remaining=0 remaining=0
[STATUS]: storage-owner maintenance observation: enqueued=37252 stage2_enqueued=37252 cleanup_enqueued=0 stage2_tasks_done=37252 stage2_finalized_live=37252 cleanup_processed=0 stale=0 stage2_completion_ratio=1.000000 live_stage2_completion_ratio=1.000000 avg_stage2_delay_ms=198.683170 p99_stage2_delay_upper_ms=2000.000000 p99_stage2_delay_over_30s=false stage2_delay_histogram=0,0,0,22,1283,11064,5705,2945,5354,6736,3563,580,0,0,0,0,0,0 max_stage2_delay_ms=1599.947642 compaction_batch_target=32 compaction_max_delay_ms=25.000000 stage2_rate_per_sec=186.211739 stage1_search_budget_exhausted=0 stage2_search_budget_exhausted=0 stage2_continuations=37252 stage2_remote_frontier_items=16940517 avg_stage2_remote_frontier=454.754564 stage2_remote_expansions=382187 avg_stage2_remote_expansions=10.259503 stage2_scored_candidates=26845645 avg_stage2_scored_candidates=720.649764 stage2_graph_read_waves=105259 avg_stage2_expansions_per_graph_wave=3.630920 stage2_graph_unique_reads=395210 stage2_graph_prefetch_issued=265749 stage2_graph_prefetch_hits=252726 stage2_graph_prefetch_wasted=13023 stage2_graph_prefetch_promotion_ratio=0.950995 stage2_graph_issue_width_current=16 stage2_vector_read_waves=264233 avg_stage2_scores_per_vector_wave=101.598381 stage2_vector_unique_reads=19154621 stage2_home_rpc_batches=180778 stage2_home_rpc_items=16611979 avg_stage2_home_rpc_batch=91.891596 stage2_home_score_rpc_batches=67165 stage2_home_score_rpc_items=16216769 stage2_home_score_rpc_queries=356033 stage2_home_score_rpc_request_bytes=428040924 stage2_home_score_rpc_response_bytes=521638624 avg_stage2_home_score_queries_per_rpc=5.300871 avg_stage2_home_score_rpc_batch=241.446721 stage2_home_scored_neighbors=23918838 home_scores_per_expansion=1.439855 stage2_migrations=2298 home_match_rate=0.938312 stage2_final_edges=1343127 stage2_cross_edges_stage1_home=88371 stage2_cross_edges_final_home=41916 cross_edge_reduction_ratio=0.525682 failed=0 rpc_timeouts=0 reverse_aggregate_batches=0 reverse_aggregate_logical_requests=0 reverse_aggregate_ops=0 avg_reverse_aggregate_logicals=0.000000 avg_reverse_aggregate_ops=0.000000 max_backlog=371 admission_window=65536 completion_outstanding=0 completion_incomplete=0 completed_behind_hole=0 completion_logical_full_failures=0 completion_physical_full_failures=0 pressure_yields=121258 stage2_batches=5751 avg_stage2_batch_size=6.477482 packing_target_batch=8 packing_admit_queue_avg=14.288298 packing_admit_queue_max=371 packing_batch_1_7=2314 packing_batch_8=3437 packing_assembly_batches=5751 packing_assembly_wait_ms=113727.629197 packing_arrival_interval_us=4520 packing_waited_batches=2314 packing_wait_ms=50566.618000 packing_target_flushes=3437 packing_deadline_flushes=2314 packing_cleanup_flushes=0 stage2_phase_search_attempts=5751 stage2_phase_search_task_attempts=37252 stage2_phase_search_elapsed_ms=624925.828844 avg_stage2_phase_search_us_per_task=16775.631613 stage2_phase_freeze_prune_attempts=6360 stage2_phase_freeze_prune_task_attempts=41742 stage2_phase_freeze_prune_elapsed_ms=71665.801900 avg_stage2_phase_freeze_prune_us_per_task=1716.875135 stage2_phase_reverse_prepare_attempts=5751 stage2_phase_reverse_prepare_task_attempts=37252 stage2_phase_reverse_prepare_elapsed_ms=211347.980913 avg_stage2_phase_reverse_prepare_us_per_task=5673.466684 stage2_phase_placement_authority_attempts=5751 stage2_phase_placement_authority_task_attempts=37252 stage2_phase_placement_authority_elapsed_ms=76713.771180 avg_stage2_phase_placement_authority_us_per_task=2059.319531 stage2_phase_completion_handoff_attempts=5751 stage2_phase_completion_handoff_task_attempts=37252 stage2_phase_completion_handoff_elapsed_ms=11.517773 avg_stage2_phase_completion_handoff_us_per_task=0.309185 stage2_phase_finalize_attempts=5751 stage2_phase_finalize_task_attempts=37252 stage2_phase_finalize_elapsed_ms=36.880599 avg_stage2_phase_finalize_us_per_task=0.990030 maintenance_worker_idle_waits=577984 maintenance_worker_idle_ms=1372537.394774 maintenance_lost_wake_avoided=29462 maintenance_targeted_wakes=675068 maintenance_generic_wakes=17328 maintenance_broadcast_wakes=0 maintenance_context_slots_scanned=3465552 maintenance_ready_notifications=526674 maintenance_ready_stale_notifications=96 maintenance_ready_tickets_drained=427696 maintenance_ready_overflow_scans=0 maintenance_ready_fallback_scans=216843 stage2_search_lane_lease_limit=32 stage2_search_lane_lease_peak=23 stage2_search_lane_lease_blocked=0 maintenance_worker_observed_idle_ratio=0.857614 maintenance_worker_observed_busy_ratio=0.142386 physical_stage1_items=37252 physical_stage1_total_ns=135502219255 physical_stage1_search_ns=125494823350 physical_stage1_prune_ns=5976428180 physical_stage1_allocate_write_ns=3244770057 physical_stage1_backlink_ns=708942143 physical_stage1_candidates=4767584 physical_stage1_remote_frontier_items=16940517 physical_stage1_neighbors=1308391 peer_stage1_enqueued=25465 peer_stage1_processed=25465 peer_stage1_items=59566 avg_peer_stage1_items=2.339132 peer_stage1_rate_per_sec=297.752831 peer_stage1_max_queue=46 peer_stage1_active_workers=0 peer_stage2_home_enqueued=455936 peer_stage2_home_processed=455936 peer_stage2_home_items=39528715 avg_peer_stage2_home_items=86.697947 peer_stage2_home_max_queue=37 peer_stage2_home_response_queue_drops=0 peer_stage2_home_response_send_wait_ms=3952.214966 avg_peer_stage2_home_queue_wait_us=19.161730 avg_peer_stage2_home_execution_us=50.618741 peer_stage1_release_deferred_batches=173 peer_stage1_release_deferred_items=278 peer_stage1_duplicate_retry_responses=0 peer_stage1_admission_retry_responses=0 peer_stage1_retry_response_drops=0 peer_stage1_admission_waiters=0 peer_stage1_admission_waiter_items=0 peer_stage1_admission_owned_items=0 peer_stage1_admission_wake_coverage=0 peer_stage1_admission_parked=0 peer_stage1_admission_woken=0 peer_stage1_admission_reparked=0 peer_stage1_max_admission_waiters=0 peer_stage1_duplicate_coalesced=13 peer_reverse_enqueued=26111 peer_reverse_processed=26111 peer_reverse_remaining=0 peer_reverse_items_enqueued=312510 peer_reverse_items_processed=312510 peer_reverse_rate_per_sec=1562.145137 peer_reverse_failed=28 peer_reverse_max_queue=22 reclaim_pending=0 reclaim_reused=2298 dynamic_high_watermark=19069038528 stage2_remaining=0 cleanup_remaining=0 active_contexts=0 active_context_limit=32 repair_remaining=0 remaining=0
[STATUS]: storage-owner maintenance observation: enqueued=37252 stage2_enqueued=37252 cleanup_enqueued=0 stage2_tasks_done=37252 stage2_finalized_live=37252 cleanup_processed=0 stale=0 stage2_completion_ratio=1.000000 live_stage2_completion_ratio=1.000000 avg_stage2_delay_ms=198.683170 p99_stage2_delay_upper_ms=2000.000000 p99_stage2_delay_over_30s=false stage2_delay_histogram=0,0,0,22,1283,11064,5705,2945,5354,6736,3563,580,0,0,0,0,0,0 max_stage2_delay_ms=1599.947642 compaction_batch_target=32 compaction_max_delay_ms=25.000000 stage2_rate_per_sec=181.669443 stage1_search_budget_exhausted=0 stage2_search_budget_exhausted=0 stage2_continuations=37252 stage2_remote_frontier_items=16940517 avg_stage2_remote_frontier=454.754564 stage2_remote_expansions=382187 avg_stage2_remote_expansions=10.259503 stage2_scored_candidates=26845645 avg_stage2_scored_candidates=720.649764 stage2_graph_read_waves=105259 avg_stage2_expansions_per_graph_wave=3.630920 stage2_graph_unique_reads=395210 stage2_graph_prefetch_issued=265749 stage2_graph_prefetch_hits=252726 stage2_graph_prefetch_wasted=13023 stage2_graph_prefetch_promotion_ratio=0.950995 stage2_graph_issue_width_current=16 stage2_vector_read_waves=264233 avg_stage2_scores_per_vector_wave=101.598381 stage2_vector_unique_reads=19154621 stage2_home_rpc_batches=180778 stage2_home_rpc_items=16611979 avg_stage2_home_rpc_batch=91.891596 stage2_home_score_rpc_batches=67165 stage2_home_score_rpc_items=16216769 stage2_home_score_rpc_queries=356033 stage2_home_score_rpc_request_bytes=428040924 stage2_home_score_rpc_response_bytes=521638624 avg_stage2_home_score_queries_per_rpc=5.300871 avg_stage2_home_score_rpc_batch=241.446721 stage2_home_scored_neighbors=23918838 home_scores_per_expansion=1.439855 stage2_migrations=2298 home_match_rate=0.938312 stage2_final_edges=1343127 stage2_cross_edges_stage1_home=88371 stage2_cross_edges_final_home=41916 cross_edge_reduction_ratio=0.525682 failed=0 rpc_timeouts=0 reverse_aggregate_batches=0 reverse_aggregate_logical_requests=0 reverse_aggregate_ops=0 avg_reverse_aggregate_logicals=0.000000 avg_reverse_aggregate_ops=0.000000 max_backlog=371 admission_window=65536 completion_outstanding=0 completion_incomplete=0 completed_behind_hole=0 completion_logical_full_failures=0 completion_physical_full_failures=0 pressure_yields=121258 stage2_batches=5751 avg_stage2_batch_size=6.477482 packing_target_batch=8 packing_admit_queue_avg=14.288298 packing_admit_queue_max=371 packing_batch_1_7=2314 packing_batch_8=3437 packing_assembly_batches=5751 packing_assembly_wait_ms=113727.629197 packing_arrival_interval_us=4520 packing_waited_batches=2314 packing_wait_ms=50566.618000 packing_target_flushes=3437 packing_deadline_flushes=2314 packing_cleanup_flushes=0 stage2_phase_search_attempts=5751 stage2_phase_search_task_attempts=37252 stage2_phase_search_elapsed_ms=624925.828844 avg_stage2_phase_search_us_per_task=16775.631613 stage2_phase_freeze_prune_attempts=6360 stage2_phase_freeze_prune_task_attempts=41742 stage2_phase_freeze_prune_elapsed_ms=71665.801900 avg_stage2_phase_freeze_prune_us_per_task=1716.875135 stage2_phase_reverse_prepare_attempts=5751 stage2_phase_reverse_prepare_task_attempts=37252 stage2_phase_reverse_prepare_elapsed_ms=211347.980913 avg_stage2_phase_reverse_prepare_us_per_task=5673.466684 stage2_phase_placement_authority_attempts=5751 stage2_phase_placement_authority_task_attempts=37252 stage2_phase_placement_authority_elapsed_ms=76713.771180 avg_stage2_phase_placement_authority_us_per_task=2059.319531 stage2_phase_completion_handoff_attempts=5751 stage2_phase_completion_handoff_task_attempts=37252 stage2_phase_completion_handoff_elapsed_ms=11.517773 avg_stage2_phase_completion_handoff_us_per_task=0.309185 stage2_phase_finalize_attempts=5751 stage2_phase_finalize_task_attempts=37252 stage2_phase_finalize_elapsed_ms=36.880599 avg_stage2_phase_finalize_us_per_task=0.990030 maintenance_worker_idle_waits=581888 maintenance_worker_idle_ms=1411810.331674 maintenance_lost_wake_avoided=29462 maintenance_targeted_wakes=675068 maintenance_generic_wakes=17328 maintenance_broadcast_wakes=0 maintenance_context_slots_scanned=3528016 maintenance_ready_notifications=526674 maintenance_ready_stale_notifications=96 maintenance_ready_tickets_drained=427696 maintenance_ready_overflow_scans=0 maintenance_ready_fallback_scans=220819 stage2_search_lane_lease_limit=32 stage2_search_lane_lease_peak=23 stage2_search_lane_lease_blocked=0 maintenance_worker_observed_idle_ratio=0.860634 maintenance_worker_observed_busy_ratio=0.139366 physical_stage1_items=37252 physical_stage1_total_ns=135502219255 physical_stage1_search_ns=125494823350 physical_stage1_prune_ns=5976428180 physical_stage1_allocate_write_ns=3244770057 physical_stage1_backlink_ns=708942143 physical_stage1_candidates=4767584 physical_stage1_remote_frontier_items=16940517 physical_stage1_neighbors=1308391 peer_stage1_enqueued=25465 peer_stage1_processed=25465 peer_stage1_items=59566 avg_peer_stage1_items=2.339132 peer_stage1_rate_per_sec=290.489693 peer_stage1_max_queue=46 peer_stage1_active_workers=0 peer_stage2_home_enqueued=455936 peer_stage2_home_processed=455936 peer_stage2_home_items=39528715 avg_peer_stage2_home_items=86.697947 peer_stage2_home_max_queue=37 peer_stage2_home_response_queue_drops=0 peer_stage2_home_response_send_wait_ms=3952.214966 avg_peer_stage2_home_queue_wait_us=19.161730 avg_peer_stage2_home_execution_us=50.618741 peer_stage1_release_deferred_batches=173 peer_stage1_release_deferred_items=278 peer_stage1_duplicate_retry_responses=0 peer_stage1_admission_retry_responses=0 peer_stage1_retry_response_drops=0 peer_stage1_admission_waiters=0 peer_stage1_admission_waiter_items=0 peer_stage1_admission_owned_items=0 peer_stage1_admission_wake_coverage=0 peer_stage1_admission_parked=0 peer_stage1_admission_woken=0 peer_stage1_admission_reparked=0 peer_stage1_max_admission_waiters=0 peer_stage1_duplicate_coalesced=13 peer_reverse_enqueued=26111 peer_reverse_processed=26111 peer_reverse_remaining=0 peer_reverse_items_enqueued=312510 peer_reverse_items_processed=312510 peer_reverse_rate_per_sec=1524.039450 peer_reverse_failed=28 peer_reverse_max_queue=22 reclaim_pending=0 reclaim_reused=2298 dynamic_high_watermark=19069038528 stage2_remaining=0 cleanup_remaining=0 active_contexts=0 active_context_limit=32 repair_remaining=0 remaining=0
[STATUS]: storage-owner maintenance observation: enqueued=37252 stage2_enqueued=37252 cleanup_enqueued=0 stage2_tasks_done=37252 stage2_finalized_live=37252 cleanup_processed=0 stale=0 stage2_completion_ratio=1.000000 live_stage2_completion_ratio=1.000000 avg_stage2_delay_ms=198.683170 p99_stage2_delay_upper_ms=2000.000000 p99_stage2_delay_over_30s=false stage2_delay_histogram=0,0,0,22,1283,11064,5705,2945,5354,6736,3563,580,0,0,0,0,0,0 max_stage2_delay_ms=1599.947642 compaction_batch_target=32 compaction_max_delay_ms=25.000000 stage2_rate_per_sec=177.343689 stage1_search_budget_exhausted=0 stage2_search_budget_exhausted=0 stage2_continuations=37252 stage2_remote_frontier_items=16940517 avg_stage2_remote_frontier=454.754564 stage2_remote_expansions=382187 avg_stage2_remote_expansions=10.259503 stage2_scored_candidates=26845645 avg_stage2_scored_candidates=720.649764 stage2_graph_read_waves=105259 avg_stage2_expansions_per_graph_wave=3.630920 stage2_graph_unique_reads=395210 stage2_graph_prefetch_issued=265749 stage2_graph_prefetch_hits=252726 stage2_graph_prefetch_wasted=13023 stage2_graph_prefetch_promotion_ratio=0.950995 stage2_graph_issue_width_current=16 stage2_vector_read_waves=264233 avg_stage2_scores_per_vector_wave=101.598381 stage2_vector_unique_reads=19154621 stage2_home_rpc_batches=180778 stage2_home_rpc_items=16611979 avg_stage2_home_rpc_batch=91.891596 stage2_home_score_rpc_batches=67165 stage2_home_score_rpc_items=16216769 stage2_home_score_rpc_queries=356033 stage2_home_score_rpc_request_bytes=428040924 stage2_home_score_rpc_response_bytes=521638624 avg_stage2_home_score_queries_per_rpc=5.300871 avg_stage2_home_score_rpc_batch=241.446721 stage2_home_scored_neighbors=23918838 home_scores_per_expansion=1.439855 stage2_migrations=2298 home_match_rate=0.938312 stage2_final_edges=1343127 stage2_cross_edges_stage1_home=88371 stage2_cross_edges_final_home=41916 cross_edge_reduction_ratio=0.525682 failed=0 rpc_timeouts=0 reverse_aggregate_batches=0 reverse_aggregate_logical_requests=0 reverse_aggregate_ops=0 avg_reverse_aggregate_logicals=0.000000 avg_reverse_aggregate_ops=0.000000 max_backlog=371 admission_window=65536 completion_outstanding=0 completion_incomplete=0 completed_behind_hole=0 completion_logical_full_failures=0 completion_physical_full_failures=0 pressure_yields=121258 stage2_batches=5751 avg_stage2_batch_size=6.477482 packing_target_batch=8 packing_admit_queue_avg=14.288298 packing_admit_queue_max=371 packing_batch_1_7=2314 packing_batch_8=3437 packing_assembly_batches=5751 packing_assembly_wait_ms=113727.629197 packing_arrival_interval_us=4520 packing_waited_batches=2314 packing_wait_ms=50566.618000 packing_target_flushes=3437 packing_deadline_flushes=2314 packing_cleanup_flushes=0 stage2_phase_search_attempts=5751 stage2_phase_search_task_attempts=37252 stage2_phase_search_elapsed_ms=624925.828844 avg_stage2_phase_search_us_per_task=16775.631613 stage2_phase_freeze_prune_attempts=6360 stage2_phase_freeze_prune_task_attempts=41742 stage2_phase_freeze_prune_elapsed_ms=71665.801900 avg_stage2_phase_freeze_prune_us_per_task=1716.875135 stage2_phase_reverse_prepare_attempts=5751 stage2_phase_reverse_prepare_task_attempts=37252 stage2_phase_reverse_prepare_elapsed_ms=211347.980913 avg_stage2_phase_reverse_prepare_us_per_task=5673.466684 stage2_phase_placement_authority_attempts=5751 stage2_phase_placement_authority_task_attempts=37252 stage2_phase_placement_authority_elapsed_ms=76713.771180 avg_stage2_phase_placement_authority_us_per_task=2059.319531 stage2_phase_completion_handoff_attempts=5751 stage2_phase_completion_handoff_task_attempts=37252 stage2_phase_completion_handoff_elapsed_ms=11.517773 avg_stage2_phase_completion_handoff_us_per_task=0.309185 stage2_phase_finalize_attempts=5751 stage2_phase_finalize_task_attempts=37252 stage2_phase_finalize_elapsed_ms=36.880599 avg_stage2_phase_finalize_us_per_task=0.990030 maintenance_worker_idle_waits=585984 maintenance_worker_idle_ms=1453011.443187 maintenance_lost_wake_avoided=29462 maintenance_targeted_wakes=675068 maintenance_generic_wakes=17328 maintenance_broadcast_wakes=0 maintenance_context_slots_scanned=3593552 maintenance_ready_notifications=526674 maintenance_ready_stale_notifications=96 maintenance_ready_tickets_drained=427696 maintenance_ready_overflow_scans=0 maintenance_ready_fallback_scans=224795 stage2_search_lane_lease_limit=32 stage2_search_lane_lease_peak=23 stage2_search_lane_lease_blocked=0 maintenance_worker_observed_idle_ratio=0.864660 maintenance_worker_observed_busy_ratio=0.135340 physical_stage1_items=37252 physical_stage1_total_ns=135502219255 physical_stage1_search_ns=125494823350 physical_stage1_prune_ns=5976428180 physical_stage1_allocate_write_ns=3244770057 physical_stage1_backlink_ns=708942143 physical_stage1_candidates=4767584 physical_stage1_remote_frontier_items=16940517 physical_stage1_neighbors=1308391 peer_stage1_enqueued=25465 peer_stage1_processed=25465 peer_stage1_items=59566 avg_peer_stage1_items=2.339132 peer_stage1_rate_per_sec=283.572806 peer_stage1_max_queue=46 peer_stage1_active_workers=0 peer_stage2_home_enqueued=455936 peer_stage2_home_processed=455936 peer_stage2_home_items=39528715 avg_peer_stage2_home_items=86.697947 peer_stage2_home_max_queue=37 peer_stage2_home_response_queue_drops=0 peer_stage2_home_response_send_wait_ms=3952.214966 avg_peer_stage2_home_queue_wait_us=19.161730 avg_peer_stage2_home_execution_us=50.618741 peer_stage1_release_deferred_batches=173 peer_stage1_release_deferred_items=278 peer_stage1_duplicate_retry_responses=0 peer_stage1_admission_retry_responses=0 peer_stage1_retry_response_drops=0 peer_stage1_admission_waiters=0 peer_stage1_admission_waiter_items=0 peer_stage1_admission_owned_items=0 peer_stage1_admission_wake_coverage=0 peer_stage1_admission_parked=0 peer_stage1_admission_woken=0 peer_stage1_admission_reparked=0 peer_stage1_max_admission_waiters=0 peer_stage1_duplicate_coalesced=13 peer_reverse_enqueued=26111 peer_reverse_processed=26111 peer_reverse_remaining=0 peer_reverse_items_enqueued=312510 peer_reverse_items_processed=312510 peer_reverse_rate_per_sec=1487.750355 peer_reverse_failed=28 peer_reverse_max_queue=22 reclaim_pending=0 reclaim_reused=2298 dynamic_high_watermark=19069038528 stage2_remaining=0 cleanup_remaining=0 active_contexts=0 active_context_limit=32 repair_remaining=0 remaining=0
[STATUS]: storage-owner maintenance observation: enqueued=37252 stage2_enqueued=37252 cleanup_enqueued=0 stage2_tasks_done=37252 stage2_finalized_live=37252 cleanup_processed=0 stale=0 stage2_completion_ratio=1.000000 live_stage2_completion_ratio=1.000000 avg_stage2_delay_ms=198.683170 p99_stage2_delay_upper_ms=2000.000000 p99_stage2_delay_over_30s=false stage2_delay_histogram=0,0,0,22,1283,11064,5705,2945,5354,6736,3563,580,0,0,0,0,0,0 max_stage2_delay_ms=1599.947642 compaction_batch_target=32 compaction_max_delay_ms=25.000000 stage2_rate_per_sec=173.219061 stage1_search_budget_exhausted=0 stage2_search_budget_exhausted=0 stage2_continuations=37252 stage2_remote_frontier_items=16940517 avg_stage2_remote_frontier=454.754564 stage2_remote_expansions=382187 avg_stage2_remote_expansions=10.259503 stage2_scored_candidates=26845645 avg_stage2_scored_candidates=720.649764 stage2_graph_read_waves=105259 avg_stage2_expansions_per_graph_wave=3.630920 stage2_graph_unique_reads=395210 stage2_graph_prefetch_issued=265749 stage2_graph_prefetch_hits=252726 stage2_graph_prefetch_wasted=13023 stage2_graph_prefetch_promotion_ratio=0.950995 stage2_graph_issue_width_current=16 stage2_vector_read_waves=264233 avg_stage2_scores_per_vector_wave=101.598381 stage2_vector_unique_reads=19154621 stage2_home_rpc_batches=180778 stage2_home_rpc_items=16611979 avg_stage2_home_rpc_batch=91.891596 stage2_home_score_rpc_batches=67165 stage2_home_score_rpc_items=16216769 stage2_home_score_rpc_queries=356033 stage2_home_score_rpc_request_bytes=428040924 stage2_home_score_rpc_response_bytes=521638624 avg_stage2_home_score_queries_per_rpc=5.300871 avg_stage2_home_score_rpc_batch=241.446721 stage2_home_scored_neighbors=23918838 home_scores_per_expansion=1.439855 stage2_migrations=2298 home_match_rate=0.938312 stage2_final_edges=1343127 stage2_cross_edges_stage1_home=88371 stage2_cross_edges_final_home=41916 cross_edge_reduction_ratio=0.525682 failed=0 rpc_timeouts=0 reverse_aggregate_batches=0 reverse_aggregate_logical_requests=0 reverse_aggregate_ops=0 avg_reverse_aggregate_logicals=0.000000 avg_reverse_aggregate_ops=0.000000 max_backlog=371 admission_window=65536 completion_outstanding=0 completion_incomplete=0 completed_behind_hole=0 completion_logical_full_failures=0 completion_physical_full_failures=0 pressure_yields=121258 stage2_batches=5751 avg_stage2_batch_size=6.477482 packing_target_batch=8 packing_admit_queue_avg=14.288298 packing_admit_queue_max=371 packing_batch_1_7=2314 packing_batch_8=3437 packing_assembly_batches=5751 packing_assembly_wait_ms=113727.629197 packing_arrival_interval_us=4520 packing_waited_batches=2314 packing_wait_ms=50566.618000 packing_target_flushes=3437 packing_deadline_flushes=2314 packing_cleanup_flushes=0 stage2_phase_search_attempts=5751 stage2_phase_search_task_attempts=37252 stage2_phase_search_elapsed_ms=624925.828844 avg_stage2_phase_search_us_per_task=16775.631613 stage2_phase_freeze_prune_attempts=6360 stage2_phase_freeze_prune_task_attempts=41742 stage2_phase_freeze_prune_elapsed_ms=71665.801900 avg_stage2_phase_freeze_prune_us_per_task=1716.875135 stage2_phase_reverse_prepare_attempts=5751 stage2_phase_reverse_prepare_task_attempts=37252 stage2_phase_reverse_prepare_elapsed_ms=211347.980913 avg_stage2_phase_reverse_prepare_us_per_task=5673.466684 stage2_phase_placement_authority_attempts=5751 stage2_phase_placement_authority_task_attempts=37252 stage2_phase_placement_authority_elapsed_ms=76713.771180 avg_stage2_phase_placement_authority_us_per_task=2059.319531 stage2_phase_completion_handoff_attempts=5751 stage2_phase_completion_handoff_task_attempts=37252 stage2_phase_completion_handoff_elapsed_ms=11.517773 avg_stage2_phase_completion_handoff_us_per_task=0.309185 stage2_phase_finalize_attempts=5751 stage2_phase_finalize_task_attempts=37252 stage2_phase_finalize_elapsed_ms=36.880599 avg_stage2_phase_finalize_us_per_task=0.990030 maintenance_worker_idle_waits=589888 maintenance_worker_idle_ms=1492285.225287 maintenance_lost_wake_avoided=29462 maintenance_targeted_wakes=675068 maintenance_generic_wakes=17328 maintenance_broadcast_wakes=0 maintenance_context_slots_scanned=3656016 maintenance_ready_notifications=526674 maintenance_ready_stale_notifications=96 maintenance_ready_tickets_drained=427696 maintenance_ready_overflow_scans=0 maintenance_ready_fallback_scans=228771 stage2_search_lane_lease_limit=32 stage2_search_lane_lease_peak=23 stage2_search_lane_lease_blocked=0 maintenance_worker_observed_idle_ratio=0.867377 maintenance_worker_observed_busy_ratio=0.132623 physical_stage1_items=37252 physical_stage1_total_ns=135502219255 physical_stage1_search_ns=125494823350 physical_stage1_prune_ns=5976428180 physical_stage1_allocate_write_ns=3244770057 physical_stage1_backlink_ns=708942143 physical_stage1_candidates=4767584 physical_stage1_remote_frontier_items=16940517 physical_stage1_neighbors=1308391 peer_stage1_enqueued=25465 peer_stage1_processed=25465 peer_stage1_items=59566 avg_peer_stage1_items=2.339132 peer_stage1_rate_per_sec=276.977520 peer_stage1_max_queue=46 peer_stage1_active_workers=0 peer_stage2_home_enqueued=455936 peer_stage2_home_processed=455936 peer_stage2_home_items=39528715 avg_peer_stage2_home_items=86.697947 peer_stage2_home_max_queue=37 peer_stage2_home_response_queue_drops=0 peer_stage2_home_response_send_wait_ms=3952.214966 avg_peer_stage2_home_queue_wait_us=19.161730 avg_peer_stage2_home_execution_us=50.618741 peer_stage1_release_deferred_batches=173 peer_stage1_release_deferred_items=278 peer_stage1_duplicate_retry_responses=0 peer_stage1_admission_retry_responses=0 peer_stage1_retry_response_drops=0 peer_stage1_admission_waiters=0 peer_stage1_admission_waiter_items=0 peer_stage1_admission_owned_items=0 peer_stage1_admission_wake_coverage=0 peer_stage1_admission_parked=0 peer_stage1_admission_woken=0 peer_stage1_admission_reparked=0 peer_stage1_max_admission_waiters=0 peer_stage1_duplicate_coalesced=13 peer_reverse_enqueued=26111 peer_reverse_processed=26111 peer_reverse_remaining=0 peer_reverse_items_enqueued=312510 peer_reverse_items_processed=312510 peer_reverse_rate_per_sec=1453.148523 peer_reverse_failed=28 peer_reverse_max_queue=22 reclaim_pending=0 reclaim_reused=2298 dynamic_high_watermark=19069038528 stage2_remaining=0 cleanup_remaining=0 active_contexts=0 active_context_limit=32 repair_remaining=0 remaining=0
[STATUS]: storage-owner maintenance observation: enqueued=37252 stage2_enqueued=37252 cleanup_enqueued=0 stage2_tasks_done=37252 stage2_finalized_live=37252 cleanup_processed=0 stale=0 stage2_completion_ratio=1.000000 live_stage2_completion_ratio=1.000000 avg_stage2_delay_ms=198.683170 p99_stage2_delay_upper_ms=2000.000000 p99_stage2_delay_over_30s=false stage2_delay_histogram=0,0,0,22,1283,11064,5705,2945,5354,6736,3563,580,0,0,0,0,0,0 max_stage2_delay_ms=1599.947642 compaction_batch_target=32 compaction_max_delay_ms=25.000000 stage2_rate_per_sec=169.283040 stage1_search_budget_exhausted=0 stage2_search_budget_exhausted=0 stage2_continuations=37252 stage2_remote_frontier_items=16940517 avg_stage2_remote_frontier=454.754564 stage2_remote_expansions=382187 avg_stage2_remote_expansions=10.259503 stage2_scored_candidates=26845645 avg_stage2_scored_candidates=720.649764 stage2_graph_read_waves=105259 avg_stage2_expansions_per_graph_wave=3.630920 stage2_graph_unique_reads=395210 stage2_graph_prefetch_issued=265749 stage2_graph_prefetch_hits=252726 stage2_graph_prefetch_wasted=13023 stage2_graph_prefetch_promotion_ratio=0.950995 stage2_graph_issue_width_current=16 stage2_vector_read_waves=264233 avg_stage2_scores_per_vector_wave=101.598381 stage2_vector_unique_reads=19154621 stage2_home_rpc_batches=180778 stage2_home_rpc_items=16611979 avg_stage2_home_rpc_batch=91.891596 stage2_home_score_rpc_batches=67165 stage2_home_score_rpc_items=16216769 stage2_home_score_rpc_queries=356033 stage2_home_score_rpc_request_bytes=428040924 stage2_home_score_rpc_response_bytes=521638624 avg_stage2_home_score_queries_per_rpc=5.300871 avg_stage2_home_score_rpc_batch=241.446721 stage2_home_scored_neighbors=23918838 home_scores_per_expansion=1.439855 stage2_migrations=2298 home_match_rate=0.938312 stage2_final_edges=1343127 stage2_cross_edges_stage1_home=88371 stage2_cross_edges_final_home=41916 cross_edge_reduction_ratio=0.525682 failed=0 rpc_timeouts=0 reverse_aggregate_batches=0 reverse_aggregate_logical_requests=0 reverse_aggregate_ops=0 avg_reverse_aggregate_logicals=0.000000 avg_reverse_aggregate_ops=0.000000 max_backlog=371 admission_window=65536 completion_outstanding=0 completion_incomplete=0 completed_behind_hole=0 completion_logical_full_failures=0 completion_physical_full_failures=0 pressure_yields=121258 stage2_batches=5751 avg_stage2_batch_size=6.477482 packing_target_batch=8 packing_admit_queue_avg=14.288298 packing_admit_queue_max=371 packing_batch_1_7=2314 packing_batch_8=3437 packing_assembly_batches=5751 packing_assembly_wait_ms=113727.629197 packing_arrival_interval_us=4520 packing_waited_batches=2314 packing_wait_ms=50566.618000 packing_target_flushes=3437 packing_deadline_flushes=2314 packing_cleanup_flushes=0 stage2_phase_search_attempts=5751 stage2_phase_search_task_attempts=37252 stage2_phase_search_elapsed_ms=624925.828844 avg_stage2_phase_search_us_per_task=16775.631613 stage2_phase_freeze_prune_attempts=6360 stage2_phase_freeze_prune_task_attempts=41742 stage2_phase_freeze_prune_elapsed_ms=71665.801900 avg_stage2_phase_freeze_prune_us_per_task=1716.875135 stage2_phase_reverse_prepare_attempts=5751 stage2_phase_reverse_prepare_task_attempts=37252 stage2_phase_reverse_prepare_elapsed_ms=211347.980913 avg_stage2_phase_reverse_prepare_us_per_task=5673.466684 stage2_phase_placement_authority_attempts=5751 stage2_phase_placement_authority_task_attempts=37252 stage2_phase_placement_authority_elapsed_ms=76713.771180 avg_stage2_phase_placement_authority_us_per_task=2059.319531 stage2_phase_completion_handoff_attempts=5751 stage2_phase_completion_handoff_task_attempts=37252 stage2_phase_completion_handoff_elapsed_ms=11.517773 avg_stage2_phase_completion_handoff_us_per_task=0.309185 stage2_phase_finalize_attempts=5751 stage2_phase_finalize_task_attempts=37252 stage2_phase_finalize_elapsed_ms=36.880599 avg_stage2_phase_finalize_us_per_task=0.990030 maintenance_worker_idle_waits=593920 maintenance_worker_idle_ms=1532846.749292 maintenance_lost_wake_avoided=29462 maintenance_targeted_wakes=675068 maintenance_generic_wakes=17328 maintenance_broadcast_wakes=0 maintenance_context_slots_scanned=3720528 maintenance_ready_notifications=526674 maintenance_ready_stale_notifications=96 maintenance_ready_tickets_drained=427696 maintenance_ready_overflow_scans=0 maintenance_ready_fallback_scans=232747 stage2_search_lane_lease_limit=32 stage2_search_lane_lease_peak=23 stage2_search_lane_lease_blocked=0 maintenance_worker_observed_idle_ratio=0.870708 maintenance_worker_observed_busy_ratio=0.129292 physical_stage1_items=37252 physical_stage1_total_ns=135502219255 physical_stage1_search_ns=125494823350 physical_stage1_prune_ns=5976428180 physical_stage1_allocate_write_ns=3244770057 physical_stage1_backlink_ns=708942143 physical_stage1_candidates=4767584 physical_stage1_remote_frontier_items=16940517 physical_stage1_neighbors=1308391 peer_stage1_enqueued=25465 peer_stage1_processed=25465 peer_stage1_items=59566 avg_peer_stage1_items=2.339132 peer_stage1_rate_per_sec=270.683818 peer_stage1_max_queue=46 peer_stage1_active_workers=0 peer_stage2_home_enqueued=455936 peer_stage2_home_processed=455936 peer_stage2_home_items=39528715 avg_peer_stage2_home_items=86.697947 peer_stage2_home_max_queue=37 peer_stage2_home_response_queue_drops=0 peer_stage2_home_response_send_wait_ms=3952.214966 avg_peer_stage2_home_queue_wait_us=19.161730 avg_peer_stage2_home_execution_us=50.618741 peer_stage1_release_deferred_batches=173 peer_stage1_release_deferred_items=278 peer_stage1_duplicate_retry_responses=0 peer_stage1_admission_retry_responses=0 peer_stage1_retry_response_drops=0 peer_stage1_admission_waiters=0 peer_stage1_admission_waiter_items=0 peer_stage1_admission_owned_items=0 peer_stage1_admission_wake_coverage=0 peer_stage1_admission_parked=0 peer_stage1_admission_woken=0 peer_stage1_admission_reparked=0 peer_stage1_max_admission_waiters=0 peer_stage1_duplicate_coalesced=13 peer_reverse_enqueued=26111 peer_reverse_processed=26111 peer_reverse_remaining=0 peer_reverse_items_enqueued=312510 peer_reverse_items_processed=312510 peer_reverse_rate_per_sec=1420.128932 peer_reverse_failed=28 peer_reverse_max_queue=22 reclaim_pending=0 reclaim_reused=2298 dynamic_high_watermark=19069038528 stage2_remaining=0 cleanup_remaining=0 active_contexts=0 active_context_limit=32 repair_remaining=0 remaining=0
[STATUS]: storage-owner maintenance observation: enqueued=37252 stage2_enqueued=37252 cleanup_enqueued=0 stage2_tasks_done=37252 stage2_finalized_live=37252 cleanup_processed=0 stale=0 stage2_completion_ratio=1.000000 live_stage2_completion_ratio=1.000000 avg_stage2_delay_ms=198.683170 p99_stage2_delay_upper_ms=2000.000000 p99_stage2_delay_over_30s=false stage2_delay_histogram=0,0,0,22,1283,11064,5705,2945,5354,6736,3563,580,0,0,0,0,0,0 max_stage2_delay_ms=1599.947642 compaction_batch_target=32 compaction_max_delay_ms=25.000000 stage2_rate_per_sec=165.521276 stage1_search_budget_exhausted=0 stage2_search_budget_exhausted=0 stage2_continuations=37252 stage2_remote_frontier_items=16940517 avg_stage2_remote_frontier=454.754564 stage2_remote_expansions=382187 avg_stage2_remote_expansions=10.259503 stage2_scored_candidates=26845645 avg_stage2_scored_candidates=720.649764 stage2_graph_read_waves=105259 avg_stage2_expansions_per_graph_wave=3.630920 stage2_graph_unique_reads=395210 stage2_graph_prefetch_issued=265749 stage2_graph_prefetch_hits=252726 stage2_graph_prefetch_wasted=13023 stage2_graph_prefetch_promotion_ratio=0.950995 stage2_graph_issue_width_current=16 stage2_vector_read_waves=264233 avg_stage2_scores_per_vector_wave=101.598381 stage2_vector_unique_reads=19154621 stage2_home_rpc_batches=180778 stage2_home_rpc_items=16611979 avg_stage2_home_rpc_batch=91.891596 stage2_home_score_rpc_batches=67165 stage2_home_score_rpc_items=16216769 stage2_home_score_rpc_queries=356033 stage2_home_score_rpc_request_bytes=428040924 stage2_home_score_rpc_response_bytes=521638624 avg_stage2_home_score_queries_per_rpc=5.300871 avg_stage2_home_score_rpc_batch=241.446721 stage2_home_scored_neighbors=23918838 home_scores_per_expansion=1.439855 stage2_migrations=2298 home_match_rate=0.938312 stage2_final_edges=1343127 stage2_cross_edges_stage1_home=88371 stage2_cross_edges_final_home=41916 cross_edge_reduction_ratio=0.525682 failed=0 rpc_timeouts=0 reverse_aggregate_batches=0 reverse_aggregate_logical_requests=0 reverse_aggregate_ops=0 avg_reverse_aggregate_logicals=0.000000 avg_reverse_aggregate_ops=0.000000 max_backlog=371 admission_window=65536 completion_outstanding=0 completion_incomplete=0 completed_behind_hole=0 completion_logical_full_failures=0 completion_physical_full_failures=0 pressure_yields=121258 stage2_batches=5751 avg_stage2_batch_size=6.477482 packing_target_batch=8 packing_admit_queue_avg=14.288298 packing_admit_queue_max=371 packing_batch_1_7=2314 packing_batch_8=3437 packing_assembly_batches=5751 packing_assembly_wait_ms=113727.629197 packing_arrival_interval_us=4520 packing_waited_batches=2314 packing_wait_ms=50566.618000 packing_target_flushes=3437 packing_deadline_flushes=2314 packing_cleanup_flushes=0 stage2_phase_search_attempts=5751 stage2_phase_search_task_attempts=37252 stage2_phase_search_elapsed_ms=624925.828844 avg_stage2_phase_search_us_per_task=16775.631613 stage2_phase_freeze_prune_attempts=6360 stage2_phase_freeze_prune_task_attempts=41742 stage2_phase_freeze_prune_elapsed_ms=71665.801900 avg_stage2_phase_freeze_prune_us_per_task=1716.875135 stage2_phase_reverse_prepare_attempts=5751 stage2_phase_reverse_prepare_task_attempts=37252 stage2_phase_reverse_prepare_elapsed_ms=211347.980913 avg_stage2_phase_reverse_prepare_us_per_task=5673.466684 stage2_phase_placement_authority_attempts=5751 stage2_phase_placement_authority_task_attempts=37252 stage2_phase_placement_authority_elapsed_ms=76713.771180 avg_stage2_phase_placement_authority_us_per_task=2059.319531 stage2_phase_completion_handoff_attempts=5751 stage2_phase_completion_handoff_task_attempts=37252 stage2_phase_completion_handoff_elapsed_ms=11.517773 avg_stage2_phase_completion_handoff_us_per_task=0.309185 stage2_phase_finalize_attempts=5751 stage2_phase_finalize_task_attempts=37252 stage2_phase_finalize_elapsed_ms=36.880599 avg_stage2_phase_finalize_us_per_task=0.990030 maintenance_worker_idle_waits=597824 maintenance_worker_idle_ms=1572118.271756 maintenance_lost_wake_avoided=29462 maintenance_targeted_wakes=675068 maintenance_generic_wakes=17328 maintenance_broadcast_wakes=0 maintenance_context_slots_scanned=3782992 maintenance_ready_notifications=526674 maintenance_ready_stale_notifications=96 maintenance_ready_tickets_drained=427696 maintenance_ready_overflow_scans=0 maintenance_ready_fallback_scans=236724 stage2_search_lane_lease_limit=32 stage2_search_lane_lease_peak=23 stage2_search_lane_lease_blocked=0 maintenance_worker_observed_idle_ratio=0.873171 maintenance_worker_observed_busy_ratio=0.126829 physical_stage1_items=37252 physical_stage1_total_ns=135502219255 physical_stage1_search_ns=125494823350 physical_stage1_prune_ns=5976428180 physical_stage1_allocate_write_ns=3244770057 physical_stage1_backlink_ns=708942143 physical_stage1_candidates=4767584 physical_stage1_remote_frontier_items=16940517 physical_stage1_neighbors=1308391 peer_stage1_enqueued=25465 peer_stage1_processed=25465 peer_stage1_items=59566 avg_peer_stage1_items=2.339132 peer_stage1_rate_per_sec=264.668751 peer_stage1_max_queue=46 peer_stage1_active_workers=0 peer_stage2_home_enqueued=455936 peer_stage2_home_processed=455936 peer_stage2_home_items=39528715 avg_peer_stage2_home_items=86.697947 peer_stage2_home_max_queue=37 peer_stage2_home_response_queue_drops=0 peer_stage2_home_response_send_wait_ms=3952.214966 avg_peer_stage2_home_queue_wait_us=19.161730 avg_peer_stage2_home_execution_us=50.618741 peer_stage1_release_deferred_batches=173 peer_stage1_release_deferred_items=278 peer_stage1_duplicate_retry_responses=0 peer_stage1_admission_retry_responses=0 peer_stage1_retry_response_drops=0 peer_stage1_admission_waiters=0 peer_stage1_admission_waiter_items=0 peer_stage1_admission_owned_items=0 peer_stage1_admission_wake_coverage=0 peer_stage1_admission_parked=0 peer_stage1_admission_woken=0 peer_stage1_admission_reparked=0 peer_stage1_max_admission_waiters=0 peer_stage1_duplicate_coalesced=13 peer_reverse_enqueued=26111 peer_reverse_processed=26111 peer_reverse_remaining=0 peer_reverse_items_enqueued=312510 peer_reverse_items_processed=312510 peer_reverse_rate_per_sec=1388.571189 peer_reverse_failed=28 peer_reverse_max_queue=22 reclaim_pending=0 reclaim_reused=2298 dynamic_high_watermark=19069038528 stage2_remaining=0 cleanup_remaining=0 active_contexts=0 active_context_limit=32 repair_remaining=0 remaining=0
[STATUS]: storage-owner maintenance observation: enqueued=37252 stage2_enqueued=37252 cleanup_enqueued=0 stage2_tasks_done=37252 stage2_finalized_live=37252 cleanup_processed=0 stale=0 stage2_completion_ratio=1.000000 live_stage2_completion_ratio=1.000000 avg_stage2_delay_ms=198.683170 p99_stage2_delay_upper_ms=2000.000000 p99_stage2_delay_over_30s=false stage2_delay_histogram=0,0,0,22,1283,11064,5705,2945,5354,6736,3563,580,0,0,0,0,0,0 max_stage2_delay_ms=1599.947642 compaction_batch_target=32 compaction_max_delay_ms=25.000000 stage2_rate_per_sec=161.921896 stage1_search_budget_exhausted=0 stage2_search_budget_exhausted=0 stage2_continuations=37252 stage2_remote_frontier_items=16940517 avg_stage2_remote_frontier=454.754564 stage2_remote_expansions=382187 avg_stage2_remote_expansions=10.259503 stage2_scored_candidates=26845645 avg_stage2_scored_candidates=720.649764 stage2_graph_read_waves=105259 avg_stage2_expansions_per_graph_wave=3.630920 stage2_graph_unique_reads=395210 stage2_graph_prefetch_issued=265749 stage2_graph_prefetch_hits=252726 stage2_graph_prefetch_wasted=13023 stage2_graph_prefetch_promotion_ratio=0.950995 stage2_graph_issue_width_current=16 stage2_vector_read_waves=264233 avg_stage2_scores_per_vector_wave=101.598381 stage2_vector_unique_reads=19154621 stage2_home_rpc_batches=180778 stage2_home_rpc_items=16611979 avg_stage2_home_rpc_batch=91.891596 stage2_home_score_rpc_batches=67165 stage2_home_score_rpc_items=16216769 stage2_home_score_rpc_queries=356033 stage2_home_score_rpc_request_bytes=428040924 stage2_home_score_rpc_response_bytes=521638624 avg_stage2_home_score_queries_per_rpc=5.300871 avg_stage2_home_score_rpc_batch=241.446721 stage2_home_scored_neighbors=23918838 home_scores_per_expansion=1.439855 stage2_migrations=2298 home_match_rate=0.938312 stage2_final_edges=1343127 stage2_cross_edges_stage1_home=88371 stage2_cross_edges_final_home=41916 cross_edge_reduction_ratio=0.525682 failed=0 rpc_timeouts=0 reverse_aggregate_batches=0 reverse_aggregate_logical_requests=0 reverse_aggregate_ops=0 avg_reverse_aggregate_logicals=0.000000 avg_reverse_aggregate_ops=0.000000 max_backlog=371 admission_window=65536 completion_outstanding=0 completion_incomplete=0 completed_behind_hole=0 completion_logical_full_failures=0 completion_physical_full_failures=0 pressure_yields=121258 stage2_batches=5751 avg_stage2_batch_size=6.477482 packing_target_batch=8 packing_admit_queue_avg=14.288298 packing_admit_queue_max=371 packing_batch_1_7=2314 packing_batch_8=3437 packing_assembly_batches=5751 packing_assembly_wait_ms=113727.629197 packing_arrival_interval_us=4520 packing_waited_batches=2314 packing_wait_ms=50566.618000 packing_target_flushes=3437 packing_deadline_flushes=2314 packing_cleanup_flushes=0 stage2_phase_search_attempts=5751 stage2_phase_search_task_attempts=37252 stage2_phase_search_elapsed_ms=624925.828844 avg_stage2_phase_search_us_per_task=16775.631613 stage2_phase_freeze_prune_attempts=6360 stage2_phase_freeze_prune_task_attempts=41742 stage2_phase_freeze_prune_elapsed_ms=71665.801900 avg_stage2_phase_freeze_prune_us_per_task=1716.875135 stage2_phase_reverse_prepare_attempts=5751 stage2_phase_reverse_prepare_task_attempts=37252 stage2_phase_reverse_prepare_elapsed_ms=211347.980913 avg_stage2_phase_reverse_prepare_us_per_task=5673.466684 stage2_phase_placement_authority_attempts=5751 stage2_phase_placement_authority_task_attempts=37252 stage2_phase_placement_authority_elapsed_ms=76713.771180 avg_stage2_phase_placement_authority_us_per_task=2059.319531 stage2_phase_completion_handoff_attempts=5751 stage2_phase_completion_handoff_task_attempts=37252 stage2_phase_completion_handoff_elapsed_ms=11.517773 avg_stage2_phase_completion_handoff_us_per_task=0.309185 stage2_phase_finalize_attempts=5751 stage2_phase_finalize_task_attempts=37252 stage2_phase_finalize_elapsed_ms=36.880599 avg_stage2_phase_finalize_us_per_task=0.990030 maintenance_worker_idle_waits=601856 maintenance_worker_idle_ms=1612680.275564 maintenance_lost_wake_avoided=29462 maintenance_targeted_wakes=675068 maintenance_generic_wakes=17328 maintenance_broadcast_wakes=0 maintenance_context_slots_scanned=3847504 maintenance_ready_notifications=526674 maintenance_ready_stale_notifications=96 maintenance_ready_tickets_drained=427696 maintenance_ready_overflow_scans=0 maintenance_ready_fallback_scans=240700 stage2_search_lane_lease_limit=32 stage2_search_lane_lease_peak=23 stage2_search_lane_lease_blocked=0 maintenance_worker_observed_idle_ratio=0.876222 maintenance_worker_observed_busy_ratio=0.123778 physical_stage1_items=37252 physical_stage1_total_ns=135502219255 physical_stage1_search_ns=125494823350 physical_stage1_prune_ns=5976428180 physical_stage1_allocate_write_ns=3244770057 physical_stage1_backlink_ns=708942143 physical_stage1_candidates=4767584 physical_stage1_remote_frontier_items=16940517 physical_stage1_neighbors=1308391 peer_stage1_enqueued=25465 peer_stage1_processed=25465 peer_stage1_items=59566 avg_peer_stage1_items=2.339132 peer_stage1_rate_per_sec=258.913337 peer_stage1_max_queue=46 peer_stage1_active_workers=0 peer_stage2_home_enqueued=455936 peer_stage2_home_processed=455936 peer_stage2_home_items=39528715 avg_peer_stage2_home_items=86.697947 peer_stage2_home_max_queue=37 peer_stage2_home_response_queue_drops=0 peer_stage2_home_response_send_wait_ms=3952.214966 avg_peer_stage2_home_queue_wait_us=19.161730 avg_peer_stage2_home_execution_us=50.618741 peer_stage1_release_deferred_batches=173 peer_stage1_release_deferred_items=278 peer_stage1_duplicate_retry_responses=0 peer_stage1_admission_retry_responses=0 peer_stage1_retry_response_drops=0 peer_stage1_admission_waiters=0 peer_stage1_admission_waiter_items=0 peer_stage1_admission_owned_items=0 peer_stage1_admission_wake_coverage=0 peer_stage1_admission_parked=0 peer_stage1_admission_woken=0 peer_stage1_admission_reparked=0 peer_stage1_max_admission_waiters=0 peer_stage1_duplicate_coalesced=13 peer_reverse_enqueued=26111 peer_reverse_processed=26111 peer_reverse_remaining=0 peer_reverse_items_enqueued=312510 peer_reverse_items_processed=312510 peer_reverse_rate_per_sec=1358.375700 peer_reverse_failed=28 peer_reverse_max_queue=22 reclaim_pending=0 reclaim_reused=2298 dynamic_high_watermark=19069038528 stage2_remaining=0 cleanup_remaining=0 active_contexts=0 active_context_limit=32 repair_remaining=0 remaining=0
[STATUS]: storage-owner maintenance observation: enqueued=37252 stage2_enqueued=37252 cleanup_enqueued=0 stage2_tasks_done=37252 stage2_finalized_live=37252 cleanup_processed=0 stale=0 stage2_completion_ratio=1.000000 live_stage2_completion_ratio=1.000000 avg_stage2_delay_ms=198.683170 p99_stage2_delay_upper_ms=2000.000000 p99_stage2_delay_over_30s=false stage2_delay_histogram=0,0,0,22,1283,11064,5705,2945,5354,6736,3563,580,0,0,0,0,0,0 max_stage2_delay_ms=1599.947642 compaction_batch_target=32 compaction_max_delay_ms=25.000000 stage2_rate_per_sec=158.476055 stage1_search_budget_exhausted=0 stage2_search_budget_exhausted=0 stage2_continuations=37252 stage2_remote_frontier_items=16940517 avg_stage2_remote_frontier=454.754564 stage2_remote_expansions=382187 avg_stage2_remote_expansions=10.259503 stage2_scored_candidates=26845645 avg_stage2_scored_candidates=720.649764 stage2_graph_read_waves=105259 avg_stage2_expansions_per_graph_wave=3.630920 stage2_graph_unique_reads=395210 stage2_graph_prefetch_issued=265749 stage2_graph_prefetch_hits=252726 stage2_graph_prefetch_wasted=13023 stage2_graph_prefetch_promotion_ratio=0.950995 stage2_graph_issue_width_current=16 stage2_vector_read_waves=264233 avg_stage2_scores_per_vector_wave=101.598381 stage2_vector_unique_reads=19154621 stage2_home_rpc_batches=180778 stage2_home_rpc_items=16611979 avg_stage2_home_rpc_batch=91.891596 stage2_home_score_rpc_batches=67165 stage2_home_score_rpc_items=16216769 stage2_home_score_rpc_queries=356033 stage2_home_score_rpc_request_bytes=428040924 stage2_home_score_rpc_response_bytes=521638624 avg_stage2_home_score_queries_per_rpc=5.300871 avg_stage2_home_score_rpc_batch=241.446721 stage2_home_scored_neighbors=23918838 home_scores_per_expansion=1.439855 stage2_migrations=2298 home_match_rate=0.938312 stage2_final_edges=1343127 stage2_cross_edges_stage1_home=88371 stage2_cross_edges_final_home=41916 cross_edge_reduction_ratio=0.525682 failed=0 rpc_timeouts=0 reverse_aggregate_batches=0 reverse_aggregate_logical_requests=0 reverse_aggregate_ops=0 avg_reverse_aggregate_logicals=0.000000 avg_reverse_aggregate_ops=0.000000 max_backlog=371 admission_window=65536 completion_outstanding=0 completion_incomplete=0 completed_behind_hole=0 completion_logical_full_failures=0 completion_physical_full_failures=0 pressure_yields=121258 stage2_batches=5751 avg_stage2_batch_size=6.477482 packing_target_batch=8 packing_admit_queue_avg=14.288298 packing_admit_queue_max=371 packing_batch_1_7=2314 packing_batch_8=3437 packing_assembly_batches=5751 packing_assembly_wait_ms=113727.629197 packing_arrival_interval_us=4520 packing_waited_batches=2314 packing_wait_ms=50566.618000 packing_target_flushes=3437 packing_deadline_flushes=2314 packing_cleanup_flushes=0 stage2_phase_search_attempts=5751 stage2_phase_search_task_attempts=37252 stage2_phase_search_elapsed_ms=624925.828844 avg_stage2_phase_search_us_per_task=16775.631613 stage2_phase_freeze_prune_attempts=6360 stage2_phase_freeze_prune_task_attempts=41742 stage2_phase_freeze_prune_elapsed_ms=71665.801900 avg_stage2_phase_freeze_prune_us_per_task=1716.875135 stage2_phase_reverse_prepare_attempts=5751 stage2_phase_reverse_prepare_task_attempts=37252 stage2_phase_reverse_prepare_elapsed_ms=211347.980913 avg_stage2_phase_reverse_prepare_us_per_task=5673.466684 stage2_phase_placement_authority_attempts=5751 stage2_phase_placement_authority_task_attempts=37252 stage2_phase_placement_authority_elapsed_ms=76713.771180 avg_stage2_phase_placement_authority_us_per_task=2059.319531 stage2_phase_completion_handoff_attempts=5751 stage2_phase_completion_handoff_task_attempts=37252 stage2_phase_completion_handoff_elapsed_ms=11.517773 avg_stage2_phase_completion_handoff_us_per_task=0.309185 stage2_phase_finalize_attempts=5751 stage2_phase_finalize_task_attempts=37252 stage2_phase_finalize_elapsed_ms=36.880599 avg_stage2_phase_finalize_us_per_task=0.990030 maintenance_worker_idle_waits=605760 maintenance_worker_idle_ms=1651966.942663 maintenance_lost_wake_avoided=29462 maintenance_targeted_wakes=675068 maintenance_generic_wakes=17328 maintenance_broadcast_wakes=0 maintenance_context_slots_scanned=3909968 maintenance_ready_notifications=526674 maintenance_ready_stale_notifications=96 maintenance_ready_tickets_drained=427696 maintenance_ready_overflow_scans=0 maintenance_ready_fallback_scans=244675 stage2_search_lane_lease_limit=32 stage2_search_lane_lease_peak=23 stage2_search_lane_lease_blocked=0 maintenance_worker_observed_idle_ratio=0.878467 maintenance_worker_observed_busy_ratio=0.121533 physical_stage1_items=37252 physical_stage1_total_ns=135502219255 physical_stage1_search_ns=125494823350 physical_stage1_prune_ns=5976428180 physical_stage1_allocate_write_ns=3244770057 physical_stage1_backlink_ns=708942143 physical_stage1_candidates=4767584 physical_stage1_remote_frontier_items=16940517 physical_stage1_neighbors=1308391 peer_stage1_enqueued=25465 peer_stage1_processed=25465 peer_stage1_items=59566 avg_peer_stage1_items=2.339132 peer_stage1_rate_per_sec=253.403433 peer_stage1_max_queue=46 peer_stage1_active_workers=0 peer_stage2_home_enqueued=455936 peer_stage2_home_processed=455936 peer_stage2_home_items=39528715 avg_peer_stage2_home_items=86.697947 peer_stage2_home_max_queue=37 peer_stage2_home_response_queue_drops=0 peer_stage2_home_response_send_wait_ms=3952.214966 avg_peer_stage2_home_queue_wait_us=19.161730 avg_peer_stage2_home_execution_us=50.618741 peer_stage1_release_deferred_batches=173 peer_stage1_release_deferred_items=278 peer_stage1_duplicate_retry_responses=0 peer_stage1_admission_retry_responses=0 peer_stage1_retry_response_drops=0 peer_stage1_admission_waiters=0 peer_stage1_admission_waiter_items=0 peer_stage1_admission_owned_items=0 peer_stage1_admission_wake_coverage=0 peer_stage1_admission_parked=0 peer_stage1_admission_woken=0 peer_stage1_admission_reparked=0 peer_stage1_max_admission_waiters=0 peer_stage1_duplicate_coalesced=13 peer_reverse_enqueued=26111 peer_reverse_processed=26111 peer_reverse_remaining=0 peer_reverse_items_enqueued=312510 peer_reverse_items_processed=312510 peer_reverse_rate_per_sec=1329.468269 peer_reverse_failed=28 peer_reverse_max_queue=22 reclaim_pending=0 reclaim_reused=2298 dynamic_high_watermark=19069038528 stage2_remaining=0 cleanup_remaining=0 active_contexts=0 active_context_limit=32 repair_remaining=0 remaining=0
[STATUS]: storage-owner maintenance observation: enqueued=37252 stage2_enqueued=37252 cleanup_enqueued=0 stage2_tasks_done=37252 stage2_finalized_live=37252 cleanup_processed=0 stale=0 stage2_completion_ratio=1.000000 live_stage2_completion_ratio=1.000000 avg_stage2_delay_ms=198.683170 p99_stage2_delay_upper_ms=2000.000000 p99_stage2_delay_over_30s=false stage2_delay_histogram=0,0,0,22,1283,11064,5705,2945,5354,6736,3563,580,0,0,0,0,0,0 max_stage2_delay_ms=1599.947642 compaction_batch_target=32 compaction_max_delay_ms=25.000000 stage2_rate_per_sec=155.174776 stage1_search_budget_exhausted=0 stage2_search_budget_exhausted=0 stage2_continuations=37252 stage2_remote_frontier_items=16940517 avg_stage2_remote_frontier=454.754564 stage2_remote_expansions=382187 avg_stage2_remote_expansions=10.259503 stage2_scored_candidates=26845645 avg_stage2_scored_candidates=720.649764 stage2_graph_read_waves=105259 avg_stage2_expansions_per_graph_wave=3.630920 stage2_graph_unique_reads=395210 stage2_graph_prefetch_issued=265749 stage2_graph_prefetch_hits=252726 stage2_graph_prefetch_wasted=13023 stage2_graph_prefetch_promotion_ratio=0.950995 stage2_graph_issue_width_current=16 stage2_vector_read_waves=264233 avg_stage2_scores_per_vector_wave=101.598381 stage2_vector_unique_reads=19154621 stage2_home_rpc_batches=180778 stage2_home_rpc_items=16611979 avg_stage2_home_rpc_batch=91.891596 stage2_home_score_rpc_batches=67165 stage2_home_score_rpc_items=16216769 stage2_home_score_rpc_queries=356033 stage2_home_score_rpc_request_bytes=428040924 stage2_home_score_rpc_response_bytes=521638624 avg_stage2_home_score_queries_per_rpc=5.300871 avg_stage2_home_score_rpc_batch=241.446721 stage2_home_scored_neighbors=23918838 home_scores_per_expansion=1.439855 stage2_migrations=2298 home_match_rate=0.938312 stage2_final_edges=1343127 stage2_cross_edges_stage1_home=88371 stage2_cross_edges_final_home=41916 cross_edge_reduction_ratio=0.525682 failed=0 rpc_timeouts=0 reverse_aggregate_batches=0 reverse_aggregate_logical_requests=0 reverse_aggregate_ops=0 avg_reverse_aggregate_logicals=0.000000 avg_reverse_aggregate_ops=0.000000 max_backlog=371 admission_window=65536 completion_outstanding=0 completion_incomplete=0 completed_behind_hole=0 completion_logical_full_failures=0 completion_physical_full_failures=0 pressure_yields=121258 stage2_batches=5751 avg_stage2_batch_size=6.477482 packing_target_batch=8 packing_admit_queue_avg=14.288298 packing_admit_queue_max=371 packing_batch_1_7=2314 packing_batch_8=3437 packing_assembly_batches=5751 packing_assembly_wait_ms=113727.629197 packing_arrival_interval_us=4520 packing_waited_batches=2314 packing_wait_ms=50566.618000 packing_target_flushes=3437 packing_deadline_flushes=2314 packing_cleanup_flushes=0 stage2_phase_search_attempts=5751 stage2_phase_search_task_attempts=37252 stage2_phase_search_elapsed_ms=624925.828844 avg_stage2_phase_search_us_per_task=16775.631613 stage2_phase_freeze_prune_attempts=6360 stage2_phase_freeze_prune_task_attempts=41742 stage2_phase_freeze_prune_elapsed_ms=71665.801900 avg_stage2_phase_freeze_prune_us_per_task=1716.875135 stage2_phase_reverse_prepare_attempts=5751 stage2_phase_reverse_prepare_task_attempts=37252 stage2_phase_reverse_prepare_elapsed_ms=211347.980913 avg_stage2_phase_reverse_prepare_us_per_task=5673.466684 stage2_phase_placement_authority_attempts=5751 stage2_phase_placement_authority_task_attempts=37252 stage2_phase_placement_authority_elapsed_ms=76713.771180 avg_stage2_phase_placement_authority_us_per_task=2059.319531 stage2_phase_completion_handoff_attempts=5751 stage2_phase_completion_handoff_task_attempts=37252 stage2_phase_completion_handoff_elapsed_ms=11.517773 avg_stage2_phase_completion_handoff_us_per_task=0.309185 stage2_phase_finalize_attempts=5751 stage2_phase_finalize_task_attempts=37252 stage2_phase_finalize_elapsed_ms=36.880599 avg_stage2_phase_finalize_us_per_task=0.990030 maintenance_worker_idle_waits=609792 maintenance_worker_idle_ms=1692526.829341 maintenance_lost_wake_avoided=29462 maintenance_targeted_wakes=675068 maintenance_generic_wakes=17328 maintenance_broadcast_wakes=0 maintenance_context_slots_scanned=3974480 maintenance_ready_notifications=526674 maintenance_ready_stale_notifications=96 maintenance_ready_tickets_drained=427696 maintenance_ready_overflow_scans=0 maintenance_ready_fallback_scans=248651 stage2_search_lane_lease_limit=32 stage2_search_lane_lease_peak=23 stage2_search_lane_lease_blocked=0 maintenance_worker_observed_idle_ratio=0.881286 maintenance_worker_observed_busy_ratio=0.118714 physical_stage1_items=37252 physical_stage1_total_ns=135502219255 physical_stage1_search_ns=125494823350 physical_stage1_prune_ns=5976428180 physical_stage1_allocate_write_ns=3244770057 physical_stage1_backlink_ns=708942143 physical_stage1_candidates=4767584 physical_stage1_remote_frontier_items=16940517 physical_stage1_neighbors=1308391 peer_stage1_enqueued=25465 peer_stage1_processed=25465 peer_stage1_items=59566 avg_peer_stage1_items=2.339132 peer_stage1_rate_per_sec=248.124683 peer_stage1_max_queue=46 peer_stage1_active_workers=0 peer_stage2_home_enqueued=455936 peer_stage2_home_processed=455936 peer_stage2_home_items=39528715 avg_peer_stage2_home_items=86.697947 peer_stage2_home_max_queue=37 peer_stage2_home_response_queue_drops=0 peer_stage2_home_response_send_wait_ms=3952.214966 avg_peer_stage2_home_queue_wait_us=19.161730 avg_peer_stage2_home_execution_us=50.618741 peer_stage1_release_deferred_batches=173 peer_stage1_release_deferred_items=278 peer_stage1_duplicate_retry_responses=0 peer_stage1_admission_retry_responses=0 peer_stage1_retry_response_drops=0 peer_stage1_admission_waiters=0 peer_stage1_admission_waiter_items=0 peer_stage1_admission_owned_items=0 peer_stage1_admission_wake_coverage=0 peer_stage1_admission_parked=0 peer_stage1_admission_woken=0 peer_stage1_admission_reparked=0 peer_stage1_max_admission_waiters=0 peer_stage1_duplicate_coalesced=13 peer_reverse_enqueued=26111 peer_reverse_processed=26111 peer_reverse_remaining=0 peer_reverse_items_enqueued=312510 peer_reverse_items_processed=312510 peer_reverse_rate_per_sec=1301.773576 peer_reverse_failed=28 peer_reverse_max_queue=22 reclaim_pending=0 reclaim_reused=2298 dynamic_high_watermark=19069038528 stage2_remaining=0 cleanup_remaining=0 active_contexts=0 active_context_limit=32 repair_remaining=0 remaining=0
[STATUS]: storage-owner maintenance observation: enqueued=37252 stage2_enqueued=37252 cleanup_enqueued=0 stage2_tasks_done=37252 stage2_finalized_live=37252 cleanup_processed=0 stale=0 stage2_completion_ratio=1.000000 live_stage2_completion_ratio=1.000000 avg_stage2_delay_ms=198.683170 p99_stage2_delay_upper_ms=2000.000000 p99_stage2_delay_over_30s=false stage2_delay_histogram=0,0,0,22,1283,11064,5705,2945,5354,6736,3563,580,0,0,0,0,0,0 max_stage2_delay_ms=1599.947642 compaction_batch_target=32 compaction_max_delay_ms=25.000000 stage2_rate_per_sec=152.008664 stage1_search_budget_exhausted=0 stage2_search_budget_exhausted=0 stage2_continuations=37252 stage2_remote_frontier_items=16940517 avg_stage2_remote_frontier=454.754564 stage2_remote_expansions=382187 avg_stage2_remote_expansions=10.259503 stage2_scored_candidates=26845645 avg_stage2_scored_candidates=720.649764 stage2_graph_read_waves=105259 avg_stage2_expansions_per_graph_wave=3.630920 stage2_graph_unique_reads=395210 stage2_graph_prefetch_issued=265749 stage2_graph_prefetch_hits=252726 stage2_graph_prefetch_wasted=13023 stage2_graph_prefetch_promotion_ratio=0.950995 stage2_graph_issue_width_current=16 stage2_vector_read_waves=264233 avg_stage2_scores_per_vector_wave=101.598381 stage2_vector_unique_reads=19154621 stage2_home_rpc_batches=180778 stage2_home_rpc_items=16611979 avg_stage2_home_rpc_batch=91.891596 stage2_home_score_rpc_batches=67165 stage2_home_score_rpc_items=16216769 stage2_home_score_rpc_queries=356033 stage2_home_score_rpc_request_bytes=428040924 stage2_home_score_rpc_response_bytes=521638624 avg_stage2_home_score_queries_per_rpc=5.300871 avg_stage2_home_score_rpc_batch=241.446721 stage2_home_scored_neighbors=23918838 home_scores_per_expansion=1.439855 stage2_migrations=2298 home_match_rate=0.938312 stage2_final_edges=1343127 stage2_cross_edges_stage1_home=88371 stage2_cross_edges_final_home=41916 cross_edge_reduction_ratio=0.525682 failed=0 rpc_timeouts=0 reverse_aggregate_batches=0 reverse_aggregate_logical_requests=0 reverse_aggregate_ops=0 avg_reverse_aggregate_logicals=0.000000 avg_reverse_aggregate_ops=0.000000 max_backlog=371 admission_window=65536 completion_outstanding=0 completion_incomplete=0 completed_behind_hole=0 completion_logical_full_failures=0 completion_physical_full_failures=0 pressure_yields=121258 stage2_batches=5751 avg_stage2_batch_size=6.477482 packing_target_batch=8 packing_admit_queue_avg=14.288298 packing_admit_queue_max=371 packing_batch_1_7=2314 packing_batch_8=3437 packing_assembly_batches=5751 packing_assembly_wait_ms=113727.629197 packing_arrival_interval_us=4520 packing_waited_batches=2314 packing_wait_ms=50566.618000 packing_target_flushes=3437 packing_deadline_flushes=2314 packing_cleanup_flushes=0 stage2_phase_search_attempts=5751 stage2_phase_search_task_attempts=37252 stage2_phase_search_elapsed_ms=624925.828844 avg_stage2_phase_search_us_per_task=16775.631613 stage2_phase_freeze_prune_attempts=6360 stage2_phase_freeze_prune_task_attempts=41742 stage2_phase_freeze_prune_elapsed_ms=71665.801900 avg_stage2_phase_freeze_prune_us_per_task=1716.875135 stage2_phase_reverse_prepare_attempts=5751 stage2_phase_reverse_prepare_task_attempts=37252 stage2_phase_reverse_prepare_elapsed_ms=211347.980913 avg_stage2_phase_reverse_prepare_us_per_task=5673.466684 stage2_phase_placement_authority_attempts=5751 stage2_phase_placement_authority_task_attempts=37252 stage2_phase_placement_authority_elapsed_ms=76713.771180 avg_stage2_phase_placement_authority_us_per_task=2059.319531 stage2_phase_completion_handoff_attempts=5751 stage2_phase_completion_handoff_task_attempts=37252 stage2_phase_completion_handoff_elapsed_ms=11.517773 avg_stage2_phase_completion_handoff_us_per_task=0.309185 stage2_phase_finalize_attempts=5751 stage2_phase_finalize_task_attempts=37252 stage2_phase_finalize_elapsed_ms=36.880599 avg_stage2_phase_finalize_us_per_task=0.990030 maintenance_worker_idle_waits=613696 maintenance_worker_idle_ms=1731798.237517 maintenance_lost_wake_avoided=29462 maintenance_targeted_wakes=675068 maintenance_generic_wakes=17328 maintenance_broadcast_wakes=0 maintenance_context_slots_scanned=4036944 maintenance_ready_notifications=526674 maintenance_ready_stale_notifications=96 maintenance_ready_tickets_drained=427696 maintenance_ready_overflow_scans=0 maintenance_ready_fallback_scans=252629 stage2_search_lane_lease_limit=32 stage2_search_lane_lease_peak=23 stage2_search_lane_lease_blocked=0 maintenance_worker_observed_idle_ratio=0.883336 maintenance_worker_observed_busy_ratio=0.116664 physical_stage1_items=37252 physical_stage1_total_ns=135502219255 physical_stage1_search_ns=125494823350 physical_stage1_prune_ns=5976428180 physical_stage1_allocate_write_ns=3244770057 physical_stage1_backlink_ns=708942143 physical_stage1_candidates=4767584 physical_stage1_remote_frontier_items=16940517 physical_stage1_neighbors=1308391 peer_stage1_enqueued=25465 peer_stage1_processed=25465 peer_stage1_items=59566 avg_peer_stage1_items=2.339132 peer_stage1_rate_per_sec=243.062066 peer_stage1_max_queue=46 peer_stage1_active_workers=0 peer_stage2_home_enqueued=455936 peer_stage2_home_processed=455936 peer_stage2_home_items=39528715 avg_peer_stage2_home_items=86.697947 peer_stage2_home_max_queue=37 peer_stage2_home_response_queue_drops=0 peer_stage2_home_response_send_wait_ms=3952.214966 avg_peer_stage2_home_queue_wait_us=19.161730 avg_peer_stage2_home_execution_us=50.618741 peer_stage1_release_deferred_batches=173 peer_stage1_release_deferred_items=278 peer_stage1_duplicate_retry_responses=0 peer_stage1_admission_retry_responses=0 peer_stage1_retry_response_drops=0 peer_stage1_admission_waiters=0 peer_stage1_admission_waiter_items=0 peer_stage1_admission_owned_items=0 peer_stage1_admission_wake_coverage=0 peer_stage1_admission_parked=0 peer_stage1_admission_woken=0 peer_stage1_admission_reparked=0 peer_stage1_max_admission_waiters=0 peer_stage1_duplicate_coalesced=13 peer_reverse_enqueued=26111 peer_reverse_processed=26111 peer_reverse_remaining=0 peer_reverse_items_enqueued=312510 peer_reverse_items_processed=312510 peer_reverse_rate_per_sec=1275.212812 peer_reverse_failed=28 peer_reverse_max_queue=22 reclaim_pending=0 reclaim_reused=2298 dynamic_high_watermark=19069038528 stage2_remaining=0 cleanup_remaining=0 active_contexts=0 active_context_limit=32 repair_remaining=0 remaining=0
[STATUS]: storage-owner maintenance observation: enqueued=37252 stage2_enqueued=37252 cleanup_enqueued=0 stage2_tasks_done=37252 stage2_finalized_live=37252 cleanup_processed=0 stale=0 stage2_completion_ratio=1.000000 live_stage2_completion_ratio=1.000000 avg_stage2_delay_ms=198.683170 p99_stage2_delay_upper_ms=2000.000000 p99_stage2_delay_over_30s=false stage2_delay_histogram=0,0,0,22,1283,11064,5705,2945,5354,6736,3563,580,0,0,0,0,0,0 max_stage2_delay_ms=1599.947642 compaction_batch_target=32 compaction_max_delay_ms=25.000000 stage2_rate_per_sec=148.968849 stage1_search_budget_exhausted=0 stage2_search_budget_exhausted=0 stage2_continuations=37252 stage2_remote_frontier_items=16940517 avg_stage2_remote_frontier=454.754564 stage2_remote_expansions=382187 avg_stage2_remote_expansions=10.259503 stage2_scored_candidates=26845645 avg_stage2_scored_candidates=720.649764 stage2_graph_read_waves=105259 avg_stage2_expansions_per_graph_wave=3.630920 stage2_graph_unique_reads=395210 stage2_graph_prefetch_issued=265749 stage2_graph_prefetch_hits=252726 stage2_graph_prefetch_wasted=13023 stage2_graph_prefetch_promotion_ratio=0.950995 stage2_graph_issue_width_current=16 stage2_vector_read_waves=264233 avg_stage2_scores_per_vector_wave=101.598381 stage2_vector_unique_reads=19154621 stage2_home_rpc_batches=180778 stage2_home_rpc_items=16611979 avg_stage2_home_rpc_batch=91.891596 stage2_home_score_rpc_batches=67165 stage2_home_score_rpc_items=16216769 stage2_home_score_rpc_queries=356033 stage2_home_score_rpc_request_bytes=428040924 stage2_home_score_rpc_response_bytes=521638624 avg_stage2_home_score_queries_per_rpc=5.300871 avg_stage2_home_score_rpc_batch=241.446721 stage2_home_scored_neighbors=23918838 home_scores_per_expansion=1.439855 stage2_migrations=2298 home_match_rate=0.938312 stage2_final_edges=1343127 stage2_cross_edges_stage1_home=88371 stage2_cross_edges_final_home=41916 cross_edge_reduction_ratio=0.525682 failed=0 rpc_timeouts=0 reverse_aggregate_batches=0 reverse_aggregate_logical_requests=0 reverse_aggregate_ops=0 avg_reverse_aggregate_logicals=0.000000 avg_reverse_aggregate_ops=0.000000 max_backlog=371 admission_window=65536 completion_outstanding=0 completion_incomplete=0 completed_behind_hole=0 completion_logical_full_failures=0 completion_physical_full_failures=0 pressure_yields=121258 stage2_batches=5751 avg_stage2_batch_size=6.477482 packing_target_batch=8 packing_admit_queue_avg=14.288298 packing_admit_queue_max=371 packing_batch_1_7=2314 packing_batch_8=3437 packing_assembly_batches=5751 packing_assembly_wait_ms=113727.629197 packing_arrival_interval_us=4520 packing_waited_batches=2314 packing_wait_ms=50566.618000 packing_target_flushes=3437 packing_deadline_flushes=2314 packing_cleanup_flushes=0 stage2_phase_search_attempts=5751 stage2_phase_search_task_attempts=37252 stage2_phase_search_elapsed_ms=624925.828844 avg_stage2_phase_search_us_per_task=16775.631613 stage2_phase_freeze_prune_attempts=6360 stage2_phase_freeze_prune_task_attempts=41742 stage2_phase_freeze_prune_elapsed_ms=71665.801900 avg_stage2_phase_freeze_prune_us_per_task=1716.875135 stage2_phase_reverse_prepare_attempts=5751 stage2_phase_reverse_prepare_task_attempts=37252 stage2_phase_reverse_prepare_elapsed_ms=211347.980913 avg_stage2_phase_reverse_prepare_us_per_task=5673.466684 stage2_phase_placement_authority_attempts=5751 stage2_phase_placement_authority_task_attempts=37252 stage2_phase_placement_authority_elapsed_ms=76713.771180 avg_stage2_phase_placement_authority_us_per_task=2059.319531 stage2_phase_completion_handoff_attempts=5751 stage2_phase_completion_handoff_task_attempts=37252 stage2_phase_completion_handoff_elapsed_ms=11.517773 avg_stage2_phase_completion_handoff_us_per_task=0.309185 stage2_phase_finalize_attempts=5751 stage2_phase_finalize_task_attempts=37252 stage2_phase_finalize_elapsed_ms=36.880599 avg_stage2_phase_finalize_us_per_task=0.990030 maintenance_worker_idle_waits=617728 maintenance_worker_idle_ms=1772361.053454 maintenance_lost_wake_avoided=29462 maintenance_targeted_wakes=675068 maintenance_generic_wakes=17328 maintenance_broadcast_wakes=0 maintenance_context_slots_scanned=4101456 maintenance_ready_notifications=526674 maintenance_ready_stale_notifications=96 maintenance_ready_tickets_drained=427696 maintenance_ready_overflow_scans=0 maintenance_ready_fallback_scans=256604 stage2_search_lane_lease_limit=32 stage2_search_lane_lease_peak=23 stage2_search_lane_lease_blocked=0 maintenance_worker_observed_idle_ratio=0.885948 maintenance_worker_observed_busy_ratio=0.114052 physical_stage1_items=37252 physical_stage1_total_ns=135502219255 physical_stage1_search_ns=125494823350 physical_stage1_prune_ns=5976428180 physical_stage1_allocate_write_ns=3244770057 physical_stage1_backlink_ns=708942143 physical_stage1_candidates=4767584 physical_stage1_remote_frontier_items=16940517 physical_stage1_neighbors=1308391 peer_stage1_enqueued=25465 peer_stage1_processed=25465 peer_stage1_items=59566 avg_peer_stage1_items=2.339132 peer_stage1_rate_per_sec=238.201398 peer_stage1_max_queue=46 peer_stage1_active_workers=0 peer_stage2_home_enqueued=455936 peer_stage2_home_processed=455936 peer_stage2_home_items=39528715 avg_peer_stage2_home_items=86.697947 peer_stage2_home_max_queue=37 peer_stage2_home_response_queue_drops=0 peer_stage2_home_response_send_wait_ms=3952.214966 avg_peer_stage2_home_queue_wait_us=19.161730 avg_peer_stage2_home_execution_us=50.618741 peer_stage1_release_deferred_batches=173 peer_stage1_release_deferred_items=278 peer_stage1_duplicate_retry_responses=0 peer_stage1_admission_retry_responses=0 peer_stage1_retry_response_drops=0 peer_stage1_admission_waiters=0 peer_stage1_admission_waiter_items=0 peer_stage1_admission_owned_items=0 peer_stage1_admission_wake_coverage=0 peer_stage1_admission_parked=0 peer_stage1_admission_woken=0 peer_stage1_admission_reparked=0 peer_stage1_max_admission_waiters=0 peer_stage1_duplicate_coalesced=13 peer_reverse_enqueued=26111 peer_reverse_processed=26111 peer_reverse_remaining=0 peer_reverse_items_enqueued=312510 peer_reverse_items_processed=312510 peer_reverse_rate_per_sec=1249.711561 peer_reverse_failed=28 peer_reverse_max_queue=22 reclaim_pending=0 reclaim_reused=2298 dynamic_high_watermark=19069038528 stage2_remaining=0 cleanup_remaining=0 active_contexts=0 active_context_limit=32 repair_remaining=0 remaining=0
[STATUS]: storage-owner maintenance observation: enqueued=37252 stage2_enqueued=37252 cleanup_enqueued=0 stage2_tasks_done=37252 stage2_finalized_live=37252 cleanup_processed=0 stale=0 stage2_completion_ratio=1.000000 live_stage2_completion_ratio=1.000000 avg_stage2_delay_ms=198.683170 p99_stage2_delay_upper_ms=2000.000000 p99_stage2_delay_over_30s=false stage2_delay_histogram=0,0,0,22,1283,11064,5705,2945,5354,6736,3563,580,0,0,0,0,0,0 max_stage2_delay_ms=1599.947642 compaction_batch_target=32 compaction_max_delay_ms=25.000000 stage2_rate_per_sec=146.048493 stage1_search_budget_exhausted=0 stage2_search_budget_exhausted=0 stage2_continuations=37252 stage2_remote_frontier_items=16940517 avg_stage2_remote_frontier=454.754564 stage2_remote_expansions=382187 avg_stage2_remote_expansions=10.259503 stage2_scored_candidates=26845645 avg_stage2_scored_candidates=720.649764 stage2_graph_read_waves=105259 avg_stage2_expansions_per_graph_wave=3.630920 stage2_graph_unique_reads=395210 stage2_graph_prefetch_issued=265749 stage2_graph_prefetch_hits=252726 stage2_graph_prefetch_wasted=13023 stage2_graph_prefetch_promotion_ratio=0.950995 stage2_graph_issue_width_current=16 stage2_vector_read_waves=264233 avg_stage2_scores_per_vector_wave=101.598381 stage2_vector_unique_reads=19154621 stage2_home_rpc_batches=180778 stage2_home_rpc_items=16611979 avg_stage2_home_rpc_batch=91.891596 stage2_home_score_rpc_batches=67165 stage2_home_score_rpc_items=16216769 stage2_home_score_rpc_queries=356033 stage2_home_score_rpc_request_bytes=428040924 stage2_home_score_rpc_response_bytes=521638624 avg_stage2_home_score_queries_per_rpc=5.300871 avg_stage2_home_score_rpc_batch=241.446721 stage2_home_scored_neighbors=23918838 home_scores_per_expansion=1.439855 stage2_migrations=2298 home_match_rate=0.938312 stage2_final_edges=1343127 stage2_cross_edges_stage1_home=88371 stage2_cross_edges_final_home=41916 cross_edge_reduction_ratio=0.525682 failed=0 rpc_timeouts=0 reverse_aggregate_batches=0 reverse_aggregate_logical_requests=0 reverse_aggregate_ops=0 avg_reverse_aggregate_logicals=0.000000 avg_reverse_aggregate_ops=0.000000 max_backlog=371 admission_window=65536 completion_outstanding=0 completion_incomplete=0 completed_behind_hole=0 completion_logical_full_failures=0 completion_physical_full_failures=0 pressure_yields=121258 stage2_batches=5751 avg_stage2_batch_size=6.477482 packing_target_batch=8 packing_admit_queue_avg=14.288298 packing_admit_queue_max=371 packing_batch_1_7=2314 packing_batch_8=3437 packing_assembly_batches=5751 packing_assembly_wait_ms=113727.629197 packing_arrival_interval_us=4520 packing_waited_batches=2314 packing_wait_ms=50566.618000 packing_target_flushes=3437 packing_deadline_flushes=2314 packing_cleanup_flushes=0 stage2_phase_search_attempts=5751 stage2_phase_search_task_attempts=37252 stage2_phase_search_elapsed_ms=624925.828844 avg_stage2_phase_search_us_per_task=16775.631613 stage2_phase_freeze_prune_attempts=6360 stage2_phase_freeze_prune_task_attempts=41742 stage2_phase_freeze_prune_elapsed_ms=71665.801900 avg_stage2_phase_freeze_prune_us_per_task=1716.875135 stage2_phase_reverse_prepare_attempts=5751 stage2_phase_reverse_prepare_task_attempts=37252 stage2_phase_reverse_prepare_elapsed_ms=211347.980913 avg_stage2_phase_reverse_prepare_us_per_task=5673.466684 stage2_phase_placement_authority_attempts=5751 stage2_phase_placement_authority_task_attempts=37252 stage2_phase_placement_authority_elapsed_ms=76713.771180 avg_stage2_phase_placement_authority_us_per_task=2059.319531 stage2_phase_completion_handoff_attempts=5751 stage2_phase_completion_handoff_task_attempts=37252 stage2_phase_completion_handoff_elapsed_ms=11.517773 avg_stage2_phase_completion_handoff_us_per_task=0.309185 stage2_phase_finalize_attempts=5751 stage2_phase_finalize_task_attempts=37252 stage2_phase_finalize_elapsed_ms=36.880599 avg_stage2_phase_finalize_us_per_task=0.990030 maintenance_worker_idle_waits=621632 maintenance_worker_idle_ms=1811638.826527 maintenance_lost_wake_avoided=29462 maintenance_targeted_wakes=675068 maintenance_generic_wakes=17328 maintenance_broadcast_wakes=0 maintenance_context_slots_scanned=4163920 maintenance_ready_notifications=526674 maintenance_ready_stale_notifications=96 maintenance_ready_tickets_drained=427696 maintenance_ready_overflow_scans=0 maintenance_ready_fallback_scans=260578 stage2_search_lane_lease_limit=32 stage2_search_lane_lease_peak=23 stage2_search_lane_lease_blocked=0 maintenance_worker_observed_idle_ratio=0.887829 maintenance_worker_observed_busy_ratio=0.112171 physical_stage1_items=37252 physical_stage1_total_ns=135502219255 physical_stage1_search_ns=125494823350 physical_stage1_prune_ns=5976428180 physical_stage1_allocate_write_ns=3244770057 physical_stage1_backlink_ns=708942143 physical_stage1_candidates=4767584 physical_stage1_remote_frontier_items=16940517 physical_stage1_neighbors=1308391 peer_stage1_enqueued=25465 peer_stage1_processed=25465 peer_stage1_items=59566 avg_peer_stage1_items=2.339132 peer_stage1_rate_per_sec=233.531744 peer_stage1_max_queue=46 peer_stage1_active_workers=0 peer_stage2_home_enqueued=455936 peer_stage2_home_processed=455936 peer_stage2_home_items=39528715 avg_peer_stage2_home_items=86.697947 peer_stage2_home_max_queue=37 peer_stage2_home_response_queue_drops=0 peer_stage2_home_response_send_wait_ms=3952.214966 avg_peer_stage2_home_queue_wait_us=19.161730 avg_peer_stage2_home_execution_us=50.618741 peer_stage1_release_deferred_batches=173 peer_stage1_release_deferred_items=278 peer_stage1_duplicate_retry_responses=0 peer_stage1_admission_retry_responses=0 peer_stage1_retry_response_drops=0 peer_stage1_admission_waiters=0 peer_stage1_admission_waiter_items=0 peer_stage1_admission_owned_items=0 peer_stage1_admission_wake_coverage=0 peer_stage1_admission_parked=0 peer_stage1_admission_woken=0 peer_stage1_admission_reparked=0 peer_stage1_max_admission_waiters=0 peer_stage1_duplicate_coalesced=13 peer_reverse_enqueued=26111 peer_reverse_processed=26111 peer_reverse_remaining=0 peer_reverse_items_enqueued=312510 peer_reverse_items_processed=312510 peer_reverse_rate_per_sec=1225.212460 peer_reverse_failed=28 peer_reverse_max_queue=22 reclaim_pending=0 reclaim_reused=2298 dynamic_high_watermark=19069038528 stage2_remaining=0 cleanup_remaining=0 active_contexts=0 active_context_limit=32 repair_remaining=0 remaining=0
[STATUS]: storage-owner maintenance observation: enqueued=37252 stage2_enqueued=37252 cleanup_enqueued=0 stage2_tasks_done=37252 stage2_finalized_live=37252 cleanup_processed=0 stale=0 stage2_completion_ratio=1.000000 live_stage2_completion_ratio=1.000000 avg_stage2_delay_ms=198.683170 p99_stage2_delay_upper_ms=2000.000000 p99_stage2_delay_over_30s=false stage2_delay_histogram=0,0,0,22,1283,11064,5705,2945,5354,6736,3563,580,0,0,0,0,0,0 max_stage2_delay_ms=1599.947642 compaction_batch_target=32 compaction_max_delay_ms=25.000000 stage2_rate_per_sec=143.239600 stage1_search_budget_exhausted=0 stage2_search_budget_exhausted=0 stage2_continuations=37252 stage2_remote_frontier_items=16940517 avg_stage2_remote_frontier=454.754564 stage2_remote_expansions=382187 avg_stage2_remote_expansions=10.259503 stage2_scored_candidates=26845645 avg_stage2_scored_candidates=720.649764 stage2_graph_read_waves=105259 avg_stage2_expansions_per_graph_wave=3.630920 stage2_graph_unique_reads=395210 stage2_graph_prefetch_issued=265749 stage2_graph_prefetch_hits=252726 stage2_graph_prefetch_wasted=13023 stage2_graph_prefetch_promotion_ratio=0.950995 stage2_graph_issue_width_current=16 stage2_vector_read_waves=264233 avg_stage2_scores_per_vector_wave=101.598381 stage2_vector_unique_reads=19154621 stage2_home_rpc_batches=180778 stage2_home_rpc_items=16611979 avg_stage2_home_rpc_batch=91.891596 stage2_home_score_rpc_batches=67165 stage2_home_score_rpc_items=16216769 stage2_home_score_rpc_queries=356033 stage2_home_score_rpc_request_bytes=428040924 stage2_home_score_rpc_response_bytes=521638624 avg_stage2_home_score_queries_per_rpc=5.300871 avg_stage2_home_score_rpc_batch=241.446721 stage2_home_scored_neighbors=23918838 home_scores_per_expansion=1.439855 stage2_migrations=2298 home_match_rate=0.938312 stage2_final_edges=1343127 stage2_cross_edges_stage1_home=88371 stage2_cross_edges_final_home=41916 cross_edge_reduction_ratio=0.525682 failed=0 rpc_timeouts=0 reverse_aggregate_batches=0 reverse_aggregate_logical_requests=0 reverse_aggregate_ops=0 avg_reverse_aggregate_logicals=0.000000 avg_reverse_aggregate_ops=0.000000 max_backlog=371 admission_window=65536 completion_outstanding=0 completion_incomplete=0 completed_behind_hole=0 completion_logical_full_failures=0 completion_physical_full_failures=0 pressure_yields=121258 stage2_batches=5751 avg_stage2_batch_size=6.477482 packing_target_batch=8 packing_admit_queue_avg=14.288298 packing_admit_queue_max=371 packing_batch_1_7=2314 packing_batch_8=3437 packing_assembly_batches=5751 packing_assembly_wait_ms=113727.629197 packing_arrival_interval_us=4520 packing_waited_batches=2314 packing_wait_ms=50566.618000 packing_target_flushes=3437 packing_deadline_flushes=2314 packing_cleanup_flushes=0 stage2_phase_search_attempts=5751 stage2_phase_search_task_attempts=37252 stage2_phase_search_elapsed_ms=624925.828844 avg_stage2_phase_search_us_per_task=16775.631613 stage2_phase_freeze_prune_attempts=6360 stage2_phase_freeze_prune_task_attempts=41742 stage2_phase_freeze_prune_elapsed_ms=71665.801900 avg_stage2_phase_freeze_prune_us_per_task=1716.875135 stage2_phase_reverse_prepare_attempts=5751 stage2_phase_reverse_prepare_task_attempts=37252 stage2_phase_reverse_prepare_elapsed_ms=211347.980913 avg_stage2_phase_reverse_prepare_us_per_task=5673.466684 stage2_phase_placement_authority_attempts=5751 stage2_phase_placement_authority_task_attempts=37252 stage2_phase_placement_authority_elapsed_ms=76713.771180 avg_stage2_phase_placement_authority_us_per_task=2059.319531 stage2_phase_completion_handoff_attempts=5751 stage2_phase_completion_handoff_task_attempts=37252 stage2_phase_completion_handoff_elapsed_ms=11.517773 avg_stage2_phase_completion_handoff_us_per_task=0.309185 stage2_phase_finalize_attempts=5751 stage2_phase_finalize_task_attempts=37252 stage2_phase_finalize_elapsed_ms=36.880599 avg_stage2_phase_finalize_us_per_task=0.990030 maintenance_worker_idle_waits=625728 maintenance_worker_idle_ms=1852841.523349 maintenance_lost_wake_avoided=29462 maintenance_targeted_wakes=675068 maintenance_generic_wakes=17328 maintenance_broadcast_wakes=0 maintenance_context_slots_scanned=4229456 maintenance_ready_notifications=526674 maintenance_ready_stale_notifications=96 maintenance_ready_tickets_drained=427696 maintenance_ready_overflow_scans=0 maintenance_ready_fallback_scans=264555 stage2_search_lane_lease_limit=32 stage2_search_lane_lease_peak=23 stage2_search_lane_lease_blocked=0 maintenance_worker_observed_idle_ratio=0.890557 maintenance_worker_observed_busy_ratio=0.109443 physical_stage1_items=37252 physical_stage1_total_ns=135502219255 physical_stage1_search_ns=125494823350 physical_stage1_prune_ns=5976428180 physical_stage1_allocate_write_ns=3244770057 physical_stage1_backlink_ns=708942143 physical_stage1_candidates=4767584 physical_stage1_remote_frontier_items=16940517 physical_stage1_neighbors=1308391 peer_stage1_enqueued=25465 peer_stage1_processed=25465 peer_stage1_items=59566 avg_peer_stage1_items=2.339132 peer_stage1_rate_per_sec=229.040321 peer_stage1_max_queue=46 peer_stage1_active_workers=0 peer_stage2_home_enqueued=455936 peer_stage2_home_processed=455936 peer_stage2_home_items=39528715 avg_peer_stage2_home_items=86.697947 peer_stage2_home_max_queue=37 peer_stage2_home_response_queue_drops=0 peer_stage2_home_response_send_wait_ms=3952.214966 avg_peer_stage2_home_queue_wait_us=19.161730 avg_peer_stage2_home_execution_us=50.618741 peer_stage1_release_deferred_batches=173 peer_stage1_release_deferred_items=278 peer_stage1_duplicate_retry_responses=0 peer_stage1_admission_retry_responses=0 peer_stage1_retry_response_drops=0 peer_stage1_admission_waiters=0 peer_stage1_admission_waiter_items=0 peer_stage1_admission_owned_items=0 peer_stage1_admission_wake_coverage=0 peer_stage1_admission_parked=0 peer_stage1_admission_woken=0 peer_stage1_admission_reparked=0 peer_stage1_max_admission_waiters=0 peer_stage1_duplicate_coalesced=13 peer_reverse_enqueued=26111 peer_reverse_processed=26111 peer_reverse_remaining=0 peer_reverse_items_enqueued=312510 peer_reverse_items_processed=312510 peer_reverse_rate_per_sec=1201.648434 peer_reverse_failed=28 peer_reverse_max_queue=22 reclaim_pending=0 reclaim_reused=2298 dynamic_high_watermark=19069038528 stage2_remaining=0 cleanup_remaining=0 active_contexts=0 active_context_limit=32 repair_remaining=0 remaining=0
[STATUS]: storage-owner maintenance observation: enqueued=37252 stage2_enqueued=37252 cleanup_enqueued=0 stage2_tasks_done=37252 stage2_finalized_live=37252 cleanup_processed=0 stale=0 stage2_completion_ratio=1.000000 live_stage2_completion_ratio=1.000000 avg_stage2_delay_ms=198.683170 p99_stage2_delay_upper_ms=2000.000000 p99_stage2_delay_over_30s=false stage2_delay_histogram=0,0,0,22,1283,11064,5705,2945,5354,6736,3563,580,0,0,0,0,0,0 max_stage2_delay_ms=1599.947642 compaction_batch_target=32 compaction_max_delay_ms=25.000000 stage2_rate_per_sec=140.536787 stage1_search_budget_exhausted=0 stage2_search_budget_exhausted=0 stage2_continuations=37252 stage2_remote_frontier_items=16940517 avg_stage2_remote_frontier=454.754564 stage2_remote_expansions=382187 avg_stage2_remote_expansions=10.259503 stage2_scored_candidates=26845645 avg_stage2_scored_candidates=720.649764 stage2_graph_read_waves=105259 avg_stage2_expansions_per_graph_wave=3.630920 stage2_graph_unique_reads=395210 stage2_graph_prefetch_issued=265749 stage2_graph_prefetch_hits=252726 stage2_graph_prefetch_wasted=13023 stage2_graph_prefetch_promotion_ratio=0.950995 stage2_graph_issue_width_current=16 stage2_vector_read_waves=264233 avg_stage2_scores_per_vector_wave=101.598381 stage2_vector_unique_reads=19154621 stage2_home_rpc_batches=180778 stage2_home_rpc_items=16611979 avg_stage2_home_rpc_batch=91.891596 stage2_home_score_rpc_batches=67165 stage2_home_score_rpc_items=16216769 stage2_home_score_rpc_queries=356033 stage2_home_score_rpc_request_bytes=428040924 stage2_home_score_rpc_response_bytes=521638624 avg_stage2_home_score_queries_per_rpc=5.300871 avg_stage2_home_score_rpc_batch=241.446721 stage2_home_scored_neighbors=23918838 home_scores_per_expansion=1.439855 stage2_migrations=2298 home_match_rate=0.938312 stage2_final_edges=1343127 stage2_cross_edges_stage1_home=88371 stage2_cross_edges_final_home=41916 cross_edge_reduction_ratio=0.525682 failed=0 rpc_timeouts=0 reverse_aggregate_batches=0 reverse_aggregate_logical_requests=0 reverse_aggregate_ops=0 avg_reverse_aggregate_logicals=0.000000 avg_reverse_aggregate_ops=0.000000 max_backlog=371 admission_window=65536 completion_outstanding=0 completion_incomplete=0 completed_behind_hole=0 completion_logical_full_failures=0 completion_physical_full_failures=0 pressure_yields=121258 stage2_batches=5751 avg_stage2_batch_size=6.477482 packing_target_batch=8 packing_admit_queue_avg=14.288298 packing_admit_queue_max=371 packing_batch_1_7=2314 packing_batch_8=3437 packing_assembly_batches=5751 packing_assembly_wait_ms=113727.629197 packing_arrival_interval_us=4520 packing_waited_batches=2314 packing_wait_ms=50566.618000 packing_target_flushes=3437 packing_deadline_flushes=2314 packing_cleanup_flushes=0 stage2_phase_search_attempts=5751 stage2_phase_search_task_attempts=37252 stage2_phase_search_elapsed_ms=624925.828844 avg_stage2_phase_search_us_per_task=16775.631613 stage2_phase_freeze_prune_attempts=6360 stage2_phase_freeze_prune_task_attempts=41742 stage2_phase_freeze_prune_elapsed_ms=71665.801900 avg_stage2_phase_freeze_prune_us_per_task=1716.875135 stage2_phase_reverse_prepare_attempts=5751 stage2_phase_reverse_prepare_task_attempts=37252 stage2_phase_reverse_prepare_elapsed_ms=211347.980913 avg_stage2_phase_reverse_prepare_us_per_task=5673.466684 stage2_phase_placement_authority_attempts=5751 stage2_phase_placement_authority_task_attempts=37252 stage2_phase_placement_authority_elapsed_ms=76713.771180 avg_stage2_phase_placement_authority_us_per_task=2059.319531 stage2_phase_completion_handoff_attempts=5751 stage2_phase_completion_handoff_task_attempts=37252 stage2_phase_completion_handoff_elapsed_ms=11.517773 avg_stage2_phase_completion_handoff_us_per_task=0.309185 stage2_phase_finalize_attempts=5751 stage2_phase_finalize_task_attempts=37252 stage2_phase_finalize_elapsed_ms=36.880599 avg_stage2_phase_finalize_us_per_task=0.990030 maintenance_worker_idle_waits=629568 maintenance_worker_idle_ms=1891477.735523 maintenance_lost_wake_avoided=29462 maintenance_targeted_wakes=675068 maintenance_generic_wakes=17328 maintenance_broadcast_wakes=0 maintenance_context_slots_scanned=4290896 maintenance_ready_notifications=526674 maintenance_ready_stale_notifications=96 maintenance_ready_tickets_drained=427696 maintenance_ready_overflow_scans=0 maintenance_ready_fallback_scans=268528 stage2_search_lane_lease_limit=32 stage2_search_lane_lease_peak=23 stage2_search_lane_lease_blocked=0 maintenance_worker_observed_idle_ratio=0.891973 maintenance_worker_observed_busy_ratio=0.108027 physical_stage1_items=37252 physical_stage1_total_ns=135502219255 physical_stage1_search_ns=125494823350 physical_stage1_prune_ns=5976428180 physical_stage1_allocate_write_ns=3244770057 physical_stage1_backlink_ns=708942143 physical_stage1_candidates=4767584 physical_stage1_remote_frontier_items=16940517 physical_stage1_neighbors=1308391 peer_stage1_enqueued=25465 peer_stage1_processed=25465 peer_stage1_items=59566 avg_peer_stage1_items=2.339132 peer_stage1_rate_per_sec=224.718518 peer_stage1_max_queue=46 peer_stage1_active_workers=0 peer_stage2_home_enqueued=455936 peer_stage2_home_processed=455936 peer_stage2_home_items=39528715 avg_peer_stage2_home_items=86.697947 peer_stage2_home_max_queue=37 peer_stage2_home_response_queue_drops=0 peer_stage2_home_response_send_wait_ms=3952.214966 avg_peer_stage2_home_queue_wait_us=19.161730 avg_peer_stage2_home_execution_us=50.618741 peer_stage1_release_deferred_batches=173 peer_stage1_release_deferred_items=278 peer_stage1_duplicate_retry_responses=0 peer_stage1_admission_retry_responses=0 peer_stage1_retry_response_drops=0 peer_stage1_admission_waiters=0 peer_stage1_admission_waiter_items=0 peer_stage1_admission_owned_items=0 peer_stage1_admission_wake_coverage=0 peer_stage1_admission_parked=0 peer_stage1_admission_woken=0 peer_stage1_admission_reparked=0 peer_stage1_max_admission_waiters=0 peer_stage1_duplicate_coalesced=13 peer_reverse_enqueued=26111 peer_reverse_processed=26111 peer_reverse_remaining=0 peer_reverse_items_enqueued=312510 peer_reverse_items_processed=312510 peer_reverse_rate_per_sec=1178.974316 peer_reverse_failed=28 peer_reverse_max_queue=22 reclaim_pending=0 reclaim_reused=2298 dynamic_high_watermark=19069038528 stage2_remaining=0 cleanup_remaining=0 active_contexts=0 active_context_limit=32 repair_remaining=0 remaining=0
[STATUS]: storage-owner maintenance observation: enqueued=37252 stage2_enqueued=37252 cleanup_enqueued=0 stage2_tasks_done=37252 stage2_finalized_live=37252 cleanup_processed=0 stale=0 stage2_completion_ratio=1.000000 live_stage2_completion_ratio=1.000000 avg_stage2_delay_ms=198.683170 p99_stage2_delay_upper_ms=2000.000000 p99_stage2_delay_over_30s=false stage2_delay_histogram=0,0,0,22,1283,11064,5705,2945,5354,6736,3563,580,0,0,0,0,0,0 max_stage2_delay_ms=1599.947642 compaction_batch_target=32 compaction_max_delay_ms=25.000000 stage2_rate_per_sec=137.933927 stage1_search_budget_exhausted=0 stage2_search_budget_exhausted=0 stage2_continuations=37252 stage2_remote_frontier_items=16940517 avg_stage2_remote_frontier=454.754564 stage2_remote_expansions=382187 avg_stage2_remote_expansions=10.259503 stage2_scored_candidates=26845645 avg_stage2_scored_candidates=720.649764 stage2_graph_read_waves=105259 avg_stage2_expansions_per_graph_wave=3.630920 stage2_graph_unique_reads=395210 stage2_graph_prefetch_issued=265749 stage2_graph_prefetch_hits=252726 stage2_graph_prefetch_wasted=13023 stage2_graph_prefetch_promotion_ratio=0.950995 stage2_graph_issue_width_current=16 stage2_vector_read_waves=264233 avg_stage2_scores_per_vector_wave=101.598381 stage2_vector_unique_reads=19154621 stage2_home_rpc_batches=180778 stage2_home_rpc_items=16611979 avg_stage2_home_rpc_batch=91.891596 stage2_home_score_rpc_batches=67165 stage2_home_score_rpc_items=16216769 stage2_home_score_rpc_queries=356033 stage2_home_score_rpc_request_bytes=428040924 stage2_home_score_rpc_response_bytes=521638624 avg_stage2_home_score_queries_per_rpc=5.300871 avg_stage2_home_score_rpc_batch=241.446721 stage2_home_scored_neighbors=23918838 home_scores_per_expansion=1.439855 stage2_migrations=2298 home_match_rate=0.938312 stage2_final_edges=1343127 stage2_cross_edges_stage1_home=88371 stage2_cross_edges_final_home=41916 cross_edge_reduction_ratio=0.525682 failed=0 rpc_timeouts=0 reverse_aggregate_batches=0 reverse_aggregate_logical_requests=0 reverse_aggregate_ops=0 avg_reverse_aggregate_logicals=0.000000 avg_reverse_aggregate_ops=0.000000 max_backlog=371 admission_window=65536 completion_outstanding=0 completion_incomplete=0 completed_behind_hole=0 completion_logical_full_failures=0 completion_physical_full_failures=0 pressure_yields=121258 stage2_batches=5751 avg_stage2_batch_size=6.477482 packing_target_batch=8 packing_admit_queue_avg=14.288298 packing_admit_queue_max=371 packing_batch_1_7=2314 packing_batch_8=3437 packing_assembly_batches=5751 packing_assembly_wait_ms=113727.629197 packing_arrival_interval_us=4520 packing_waited_batches=2314 packing_wait_ms=50566.618000 packing_target_flushes=3437 packing_deadline_flushes=2314 packing_cleanup_flushes=0 stage2_phase_search_attempts=5751 stage2_phase_search_task_attempts=37252 stage2_phase_search_elapsed_ms=624925.828844 avg_stage2_phase_search_us_per_task=16775.631613 stage2_phase_freeze_prune_attempts=6360 stage2_phase_freeze_prune_task_attempts=41742 stage2_phase_freeze_prune_elapsed_ms=71665.801900 avg_stage2_phase_freeze_prune_us_per_task=1716.875135 stage2_phase_reverse_prepare_attempts=5751 stage2_phase_reverse_prepare_task_attempts=37252 stage2_phase_reverse_prepare_elapsed_ms=211347.980913 avg_stage2_phase_reverse_prepare_us_per_task=5673.466684 stage2_phase_placement_authority_attempts=5751 stage2_phase_placement_authority_task_attempts=37252 stage2_phase_placement_authority_elapsed_ms=76713.771180 avg_stage2_phase_placement_authority_us_per_task=2059.319531 stage2_phase_completion_handoff_attempts=5751 stage2_phase_completion_handoff_task_attempts=37252 stage2_phase_completion_handoff_elapsed_ms=11.517773 avg_stage2_phase_completion_handoff_us_per_task=0.309185 stage2_phase_finalize_attempts=5751 stage2_phase_finalize_task_attempts=37252 stage2_phase_finalize_elapsed_ms=36.880599 avg_stage2_phase_finalize_us_per_task=0.990030 maintenance_worker_idle_waits=633600 maintenance_worker_idle_ms=1932043.413186 maintenance_lost_wake_avoided=29462 maintenance_targeted_wakes=675068 maintenance_generic_wakes=17328 maintenance_broadcast_wakes=0 maintenance_context_slots_scanned=4355408 maintenance_ready_notifications=526674 maintenance_ready_stale_notifications=96 maintenance_ready_tickets_drained=427696 maintenance_ready_overflow_scans=0 maintenance_ready_fallback_scans=272504 stage2_search_lane_lease_limit=32 stage2_search_lane_lease_peak=23 stage2_search_lane_lease_blocked=0 maintenance_worker_observed_idle_ratio=0.894228 maintenance_worker_observed_busy_ratio=0.105772 physical_stage1_items=37252 physical_stage1_total_ns=135502219255 physical_stage1_search_ns=125494823350 physical_stage1_prune_ns=5976428180 physical_stage1_allocate_write_ns=3244770057 physical_stage1_backlink_ns=708942143 physical_stage1_candidates=4767584 physical_stage1_remote_frontier_items=16940517 physical_stage1_neighbors=1308391 peer_stage1_enqueued=25465 peer_stage1_processed=25465 peer_stage1_items=59566 avg_peer_stage1_items=2.339132 peer_stage1_rate_per_sec=220.556541 peer_stage1_max_queue=46 peer_stage1_active_workers=0 peer_stage2_home_enqueued=455936 peer_stage2_home_processed=455936 peer_stage2_home_items=39528715 avg_peer_stage2_home_items=86.697947 peer_stage2_home_max_queue=37 peer_stage2_home_response_queue_drops=0 peer_stage2_home_response_send_wait_ms=3952.214966 avg_peer_stage2_home_queue_wait_us=19.161730 avg_peer_stage2_home_execution_us=50.618741 peer_stage1_release_deferred_batches=173 peer_stage1_release_deferred_items=278 peer_stage1_duplicate_retry_responses=0 peer_stage1_admission_retry_responses=0 peer_stage1_retry_response_drops=0 peer_stage1_admission_waiters=0 peer_stage1_admission_waiter_items=0 peer_stage1_admission_owned_items=0 peer_stage1_admission_wake_coverage=0 peer_stage1_admission_parked=0 peer_stage1_admission_woken=0 peer_stage1_admission_reparked=0 peer_stage1_max_admission_waiters=0 peer_stage1_duplicate_coalesced=13 peer_reverse_enqueued=26111 peer_reverse_processed=26111 peer_reverse_remaining=0 peer_reverse_items_enqueued=312510 peer_reverse_items_processed=312510 peer_reverse_rate_per_sec=1157.138715 peer_reverse_failed=28 peer_reverse_max_queue=22 reclaim_pending=0 reclaim_reused=2298 dynamic_high_watermark=19069038528 stage2_remaining=0 cleanup_remaining=0 active_contexts=0 active_context_limit=32 repair_remaining=0 remaining=0
[STATUS]: storage-owner maintenance observation: enqueued=37252 stage2_enqueued=37252 cleanup_enqueued=0 stage2_tasks_done=37252 stage2_finalized_live=37252 cleanup_processed=0 stale=0 stage2_completion_ratio=1.000000 live_stage2_completion_ratio=1.000000 avg_stage2_delay_ms=198.683170 p99_stage2_delay_upper_ms=2000.000000 p99_stage2_delay_over_30s=false stage2_delay_histogram=0,0,0,22,1283,11064,5705,2945,5354,6736,3563,580,0,0,0,0,0,0 max_stage2_delay_ms=1599.947642 compaction_batch_target=32 compaction_max_delay_ms=25.000000 stage2_rate_per_sec=135.426502 stage1_search_budget_exhausted=0 stage2_search_budget_exhausted=0 stage2_continuations=37252 stage2_remote_frontier_items=16940517 avg_stage2_remote_frontier=454.754564 stage2_remote_expansions=382187 avg_stage2_remote_expansions=10.259503 stage2_scored_candidates=26845645 avg_stage2_scored_candidates=720.649764 stage2_graph_read_waves=105259 avg_stage2_expansions_per_graph_wave=3.630920 stage2_graph_unique_reads=395210 stage2_graph_prefetch_issued=265749 stage2_graph_prefetch_hits=252726 stage2_graph_prefetch_wasted=13023 stage2_graph_prefetch_promotion_ratio=0.950995 stage2_graph_issue_width_current=16 stage2_vector_read_waves=264233 avg_stage2_scores_per_vector_wave=101.598381 stage2_vector_unique_reads=19154621 stage2_home_rpc_batches=180778 stage2_home_rpc_items=16611979 avg_stage2_home_rpc_batch=91.891596 stage2_home_score_rpc_batches=67165 stage2_home_score_rpc_items=16216769 stage2_home_score_rpc_queries=356033 stage2_home_score_rpc_request_bytes=428040924 stage2_home_score_rpc_response_bytes=521638624 avg_stage2_home_score_queries_per_rpc=5.300871 avg_stage2_home_score_rpc_batch=241.446721 stage2_home_scored_neighbors=23918838 home_scores_per_expansion=1.439855 stage2_migrations=2298 home_match_rate=0.938312 stage2_final_edges=1343127 stage2_cross_edges_stage1_home=88371 stage2_cross_edges_final_home=41916 cross_edge_reduction_ratio=0.525682 failed=0 rpc_timeouts=0 reverse_aggregate_batches=0 reverse_aggregate_logical_requests=0 reverse_aggregate_ops=0 avg_reverse_aggregate_logicals=0.000000 avg_reverse_aggregate_ops=0.000000 max_backlog=371 admission_window=65536 completion_outstanding=0 completion_incomplete=0 completed_behind_hole=0 completion_logical_full_failures=0 completion_physical_full_failures=0 pressure_yields=121258 stage2_batches=5751 avg_stage2_batch_size=6.477482 packing_target_batch=8 packing_admit_queue_avg=14.288298 packing_admit_queue_max=371 packing_batch_1_7=2314 packing_batch_8=3437 packing_assembly_batches=5751 packing_assembly_wait_ms=113727.629197 packing_arrival_interval_us=4520 packing_waited_batches=2314 packing_wait_ms=50566.618000 packing_target_flushes=3437 packing_deadline_flushes=2314 packing_cleanup_flushes=0 stage2_phase_search_attempts=5751 stage2_phase_search_task_attempts=37252 stage2_phase_search_elapsed_ms=624925.828844 avg_stage2_phase_search_us_per_task=16775.631613 stage2_phase_freeze_prune_attempts=6360 stage2_phase_freeze_prune_task_attempts=41742 stage2_phase_freeze_prune_elapsed_ms=71665.801900 avg_stage2_phase_freeze_prune_us_per_task=1716.875135 stage2_phase_reverse_prepare_attempts=5751 stage2_phase_reverse_prepare_task_attempts=37252 stage2_phase_reverse_prepare_elapsed_ms=211347.980913 avg_stage2_phase_reverse_prepare_us_per_task=5673.466684 stage2_phase_placement_authority_attempts=5751 stage2_phase_placement_authority_task_attempts=37252 stage2_phase_placement_authority_elapsed_ms=76713.771180 avg_stage2_phase_placement_authority_us_per_task=2059.319531 stage2_phase_completion_handoff_attempts=5751 stage2_phase_completion_handoff_task_attempts=37252 stage2_phase_completion_handoff_elapsed_ms=11.517773 avg_stage2_phase_completion_handoff_us_per_task=0.309185 stage2_phase_finalize_attempts=5751 stage2_phase_finalize_task_attempts=37252 stage2_phase_finalize_elapsed_ms=36.880599 avg_stage2_phase_finalize_us_per_task=0.990030 maintenance_worker_idle_waits=637696 maintenance_worker_idle_ms=1973258.166520 maintenance_lost_wake_avoided=29462 maintenance_targeted_wakes=675068 maintenance_generic_wakes=17328 maintenance_broadcast_wakes=0 maintenance_context_slots_scanned=4420944 maintenance_ready_notifications=526674 maintenance_ready_stale_notifications=96 maintenance_ready_tickets_drained=427696 maintenance_ready_overflow_scans=0 maintenance_ready_fallback_scans=276479 stage2_search_lane_lease_limit=32 stage2_search_lane_lease_peak=23 stage2_search_lane_lease_blocked=0 maintenance_worker_observed_idle_ratio=0.896702 maintenance_worker_observed_busy_ratio=0.103298 physical_stage1_items=37252 physical_stage1_total_ns=135502219255 physical_stage1_search_ns=125494823350 physical_stage1_prune_ns=5976428180 physical_stage1_allocate_write_ns=3244770057 physical_stage1_backlink_ns=708942143 physical_stage1_candidates=4767584 physical_stage1_remote_frontier_items=16940517 physical_stage1_neighbors=1308391 peer_stage1_enqueued=25465 peer_stage1_processed=25465 peer_stage1_items=59566 avg_peer_stage1_items=2.339132 peer_stage1_rate_per_sec=216.547166 peer_stage1_max_queue=46 peer_stage1_active_workers=0 peer_stage2_home_enqueued=455936 peer_stage2_home_processed=455936 peer_stage2_home_items=39528715 avg_peer_stage2_home_items=86.697947 peer_stage2_home_max_queue=37 peer_stage2_home_response_queue_drops=0 peer_stage2_home_response_send_wait_ms=3952.214966 avg_peer_stage2_home_queue_wait_us=19.161730 avg_peer_stage2_home_execution_us=50.618741 peer_stage1_release_deferred_batches=173 peer_stage1_release_deferred_items=278 peer_stage1_duplicate_retry_responses=0 peer_stage1_admission_retry_responses=0 peer_stage1_retry_response_drops=0 peer_stage1_admission_waiters=0 peer_stage1_admission_waiter_items=0 peer_stage1_admission_owned_items=0 peer_stage1_admission_wake_coverage=0 peer_stage1_admission_parked=0 peer_stage1_admission_woken=0 peer_stage1_admission_reparked=0 peer_stage1_max_admission_waiters=0 peer_stage1_duplicate_coalesced=13 peer_reverse_enqueued=26111 peer_reverse_processed=26111 peer_reverse_remaining=0 peer_reverse_items_enqueued=312510 peer_reverse_items_processed=312510 peer_reverse_rate_per_sec=1136.103732 peer_reverse_failed=28 peer_reverse_max_queue=22 reclaim_pending=0 reclaim_reused=2298 dynamic_high_watermark=19069038528 stage2_remaining=0 cleanup_remaining=0 active_contexts=0 active_context_limit=32 repair_remaining=0 remaining=0
[STATUS]: storage-owner maintenance observation: enqueued=37252 stage2_enqueued=37252 cleanup_enqueued=0 stage2_tasks_done=37252 stage2_finalized_live=37252 cleanup_processed=0 stale=0 stage2_completion_ratio=1.000000 live_stage2_completion_ratio=1.000000 avg_stage2_delay_ms=198.683170 p99_stage2_delay_upper_ms=2000.000000 p99_stage2_delay_over_30s=false stage2_delay_histogram=0,0,0,22,1283,11064,5705,2945,5354,6736,3563,580,0,0,0,0,0,0 max_stage2_delay_ms=1599.947642 compaction_batch_target=32 compaction_max_delay_ms=25.000000 stage2_rate_per_sec=133.008760 stage1_search_budget_exhausted=0 stage2_search_budget_exhausted=0 stage2_continuations=37252 stage2_remote_frontier_items=16940517 avg_stage2_remote_frontier=454.754564 stage2_remote_expansions=382187 avg_stage2_remote_expansions=10.259503 stage2_scored_candidates=26845645 avg_stage2_scored_candidates=720.649764 stage2_graph_read_waves=105259 avg_stage2_expansions_per_graph_wave=3.630920 stage2_graph_unique_reads=395210 stage2_graph_prefetch_issued=265749 stage2_graph_prefetch_hits=252726 stage2_graph_prefetch_wasted=13023 stage2_graph_prefetch_promotion_ratio=0.950995 stage2_graph_issue_width_current=16 stage2_vector_read_waves=264233 avg_stage2_scores_per_vector_wave=101.598381 stage2_vector_unique_reads=19154621 stage2_home_rpc_batches=180778 stage2_home_rpc_items=16611979 avg_stage2_home_rpc_batch=91.891596 stage2_home_score_rpc_batches=67165 stage2_home_score_rpc_items=16216769 stage2_home_score_rpc_queries=356033 stage2_home_score_rpc_request_bytes=428040924 stage2_home_score_rpc_response_bytes=521638624 avg_stage2_home_score_queries_per_rpc=5.300871 avg_stage2_home_score_rpc_batch=241.446721 stage2_home_scored_neighbors=23918838 home_scores_per_expansion=1.439855 stage2_migrations=2298 home_match_rate=0.938312 stage2_final_edges=1343127 stage2_cross_edges_stage1_home=88371 stage2_cross_edges_final_home=41916 cross_edge_reduction_ratio=0.525682 failed=0 rpc_timeouts=0 reverse_aggregate_batches=0 reverse_aggregate_logical_requests=0 reverse_aggregate_ops=0 avg_reverse_aggregate_logicals=0.000000 avg_reverse_aggregate_ops=0.000000 max_backlog=371 admission_window=65536 completion_outstanding=0 completion_incomplete=0 completed_behind_hole=0 completion_logical_full_failures=0 completion_physical_full_failures=0 pressure_yields=121258 stage2_batches=5751 avg_stage2_batch_size=6.477482 packing_target_batch=8 packing_admit_queue_avg=14.288298 packing_admit_queue_max=371 packing_batch_1_7=2314 packing_batch_8=3437 packing_assembly_batches=5751 packing_assembly_wait_ms=113727.629197 packing_arrival_interval_us=4520 packing_waited_batches=2314 packing_wait_ms=50566.618000 packing_target_flushes=3437 packing_deadline_flushes=2314 packing_cleanup_flushes=0 stage2_phase_search_attempts=5751 stage2_phase_search_task_attempts=37252 stage2_phase_search_elapsed_ms=624925.828844 avg_stage2_phase_search_us_per_task=16775.631613 stage2_phase_freeze_prune_attempts=6360 stage2_phase_freeze_prune_task_attempts=41742 stage2_phase_freeze_prune_elapsed_ms=71665.801900 avg_stage2_phase_freeze_prune_us_per_task=1716.875135 stage2_phase_reverse_prepare_attempts=5751 stage2_phase_reverse_prepare_task_attempts=37252 stage2_phase_reverse_prepare_elapsed_ms=211347.980913 avg_stage2_phase_reverse_prepare_us_per_task=5673.466684 stage2_phase_placement_authority_attempts=5751 stage2_phase_placement_authority_task_attempts=37252 stage2_phase_placement_authority_elapsed_ms=76713.771180 avg_stage2_phase_placement_authority_us_per_task=2059.319531 stage2_phase_completion_handoff_attempts=5751 stage2_phase_completion_handoff_task_attempts=37252 stage2_phase_completion_handoff_elapsed_ms=11.517773 avg_stage2_phase_completion_handoff_us_per_task=0.309185 stage2_phase_finalize_attempts=5751 stage2_phase_finalize_task_attempts=37252 stage2_phase_finalize_elapsed_ms=36.880599 avg_stage2_phase_finalize_us_per_task=0.990030 maintenance_worker_idle_waits=641600 maintenance_worker_idle_ms=2012532.539299 maintenance_lost_wake_avoided=29462 maintenance_targeted_wakes=675068 maintenance_generic_wakes=17328 maintenance_broadcast_wakes=0 maintenance_context_slots_scanned=4483408 maintenance_ready_notifications=526674 maintenance_ready_stale_notifications=96 maintenance_ready_tickets_drained=427696 maintenance_ready_overflow_scans=0 maintenance_ready_fallback_scans=280455 stage2_search_lane_lease_limit=32 stage2_search_lane_lease_peak=23 stage2_search_lane_lease_blocked=0 maintenance_worker_observed_idle_ratio=0.898222 maintenance_worker_observed_busy_ratio=0.101778 physical_stage1_items=37252 physical_stage1_total_ns=135502219255 physical_stage1_search_ns=125494823350 physical_stage1_prune_ns=5976428180 physical_stage1_allocate_write_ns=3244770057 physical_stage1_backlink_ns=708942143 physical_stage1_candidates=4767584 physical_stage1_remote_frontier_items=16940517 physical_stage1_neighbors=1308391 peer_stage1_enqueued=25465 peer_stage1_processed=25465 peer_stage1_items=59566 avg_peer_stage1_items=2.339132 peer_stage1_rate_per_sec=212.681193 peer_stage1_max_queue=46 peer_stage1_active_workers=0 peer_stage2_home_enqueued=455936 peer_stage2_home_processed=455936 peer_stage2_home_items=39528715 avg_peer_stage2_home_items=86.697947 peer_stage2_home_max_queue=37 peer_stage2_home_response_queue_drops=0 peer_stage2_home_response_send_wait_ms=3952.214966 avg_peer_stage2_home_queue_wait_us=19.161730 avg_peer_stage2_home_execution_us=50.618741 peer_stage1_release_deferred_batches=173 peer_stage1_release_deferred_items=278 peer_stage1_duplicate_retry_responses=0 peer_stage1_admission_retry_responses=0 peer_stage1_retry_response_drops=0 peer_stage1_admission_waiters=0 peer_stage1_admission_waiter_items=0 peer_stage1_admission_owned_items=0 peer_stage1_admission_wake_coverage=0 peer_stage1_admission_parked=0 peer_stage1_admission_woken=0 peer_stage1_admission_reparked=0 peer_stage1_max_admission_waiters=0 peer_stage1_duplicate_coalesced=13 peer_reverse_enqueued=26111 peer_reverse_processed=26111 peer_reverse_remaining=0 peer_reverse_items_enqueued=312510 peer_reverse_items_processed=312510 peer_reverse_rate_per_sec=1115.821099 peer_reverse_failed=28 peer_reverse_max_queue=22 reclaim_pending=0 reclaim_reused=2298 dynamic_high_watermark=19069038528 stage2_remaining=0 cleanup_remaining=0 active_contexts=0 active_context_limit=32 repair_remaining=0 remaining=0
[STATUS]: storage-owner maintenance observation: enqueued=37252 stage2_enqueued=37252 cleanup_enqueued=0 stage2_tasks_done=37252 stage2_finalized_live=37252 cleanup_processed=0 stale=0 stage2_completion_ratio=1.000000 live_stage2_completion_ratio=1.000000 avg_stage2_delay_ms=198.683170 p99_stage2_delay_upper_ms=2000.000000 p99_stage2_delay_over_30s=false stage2_delay_histogram=0,0,0,22,1283,11064,5705,2945,5354,6736,3563,580,0,0,0,0,0,0 max_stage2_delay_ms=1599.947642 compaction_batch_target=32 compaction_max_delay_ms=25.000000 stage2_rate_per_sec=130.675078 stage1_search_budget_exhausted=0 stage2_search_budget_exhausted=0 stage2_continuations=37252 stage2_remote_frontier_items=16940517 avg_stage2_remote_frontier=454.754564 stage2_remote_expansions=382187 avg_stage2_remote_expansions=10.259503 stage2_scored_candidates=26845645 avg_stage2_scored_candidates=720.649764 stage2_graph_read_waves=105259 avg_stage2_expansions_per_graph_wave=3.630920 stage2_graph_unique_reads=395210 stage2_graph_prefetch_issued=265749 stage2_graph_prefetch_hits=252726 stage2_graph_prefetch_wasted=13023 stage2_graph_prefetch_promotion_ratio=0.950995 stage2_graph_issue_width_current=16 stage2_vector_read_waves=264233 avg_stage2_scores_per_vector_wave=101.598381 stage2_vector_unique_reads=19154621 stage2_home_rpc_batches=180778 stage2_home_rpc_items=16611979 avg_stage2_home_rpc_batch=91.891596 stage2_home_score_rpc_batches=67165 stage2_home_score_rpc_items=16216769 stage2_home_score_rpc_queries=356033 stage2_home_score_rpc_request_bytes=428040924 stage2_home_score_rpc_response_bytes=521638624 avg_stage2_home_score_queries_per_rpc=5.300871 avg_stage2_home_score_rpc_batch=241.446721 stage2_home_scored_neighbors=23918838 home_scores_per_expansion=1.439855 stage2_migrations=2298 home_match_rate=0.938312 stage2_final_edges=1343127 stage2_cross_edges_stage1_home=88371 stage2_cross_edges_final_home=41916 cross_edge_reduction_ratio=0.525682 failed=0 rpc_timeouts=0 reverse_aggregate_batches=0 reverse_aggregate_logical_requests=0 reverse_aggregate_ops=0 avg_reverse_aggregate_logicals=0.000000 avg_reverse_aggregate_ops=0.000000 max_backlog=371 admission_window=65536 completion_outstanding=0 completion_incomplete=0 completed_behind_hole=0 completion_logical_full_failures=0 completion_physical_full_failures=0 pressure_yields=121258 stage2_batches=5751 avg_stage2_batch_size=6.477482 packing_target_batch=8 packing_admit_queue_avg=14.288298 packing_admit_queue_max=371 packing_batch_1_7=2314 packing_batch_8=3437 packing_assembly_batches=5751 packing_assembly_wait_ms=113727.629197 packing_arrival_interval_us=4520 packing_waited_batches=2314 packing_wait_ms=50566.618000 packing_target_flushes=3437 packing_deadline_flushes=2314 packing_cleanup_flushes=0 stage2_phase_search_attempts=5751 stage2_phase_search_task_attempts=37252 stage2_phase_search_elapsed_ms=624925.828844 avg_stage2_phase_search_us_per_task=16775.631613 stage2_phase_freeze_prune_attempts=6360 stage2_phase_freeze_prune_task_attempts=41742 stage2_phase_freeze_prune_elapsed_ms=71665.801900 avg_stage2_phase_freeze_prune_us_per_task=1716.875135 stage2_phase_reverse_prepare_attempts=5751 stage2_phase_reverse_prepare_task_attempts=37252 stage2_phase_reverse_prepare_elapsed_ms=211347.980913 avg_stage2_phase_reverse_prepare_us_per_task=5673.466684 stage2_phase_placement_authority_attempts=5751 stage2_phase_placement_authority_task_attempts=37252 stage2_phase_placement_authority_elapsed_ms=76713.771180 avg_stage2_phase_placement_authority_us_per_task=2059.319531 stage2_phase_completion_handoff_attempts=5751 stage2_phase_completion_handoff_task_attempts=37252 stage2_phase_completion_handoff_elapsed_ms=11.517773 avg_stage2_phase_completion_handoff_us_per_task=0.309185 stage2_phase_finalize_attempts=5751 stage2_phase_finalize_task_attempts=37252 stage2_phase_finalize_elapsed_ms=36.880599 avg_stage2_phase_finalize_us_per_task=0.990030 maintenance_worker_idle_waits=645568 maintenance_worker_idle_ms=2052450.817809 maintenance_lost_wake_avoided=29462 maintenance_targeted_wakes=675068 maintenance_generic_wakes=17328 maintenance_broadcast_wakes=0 maintenance_context_slots_scanned=4546896 maintenance_ready_notifications=526674 maintenance_ready_stale_notifications=96 maintenance_ready_tickets_drained=427696 maintenance_ready_overflow_scans=0 maintenance_ready_fallback_scans=284433 stage2_search_lane_lease_limit=32 stage2_search_lane_lease_peak=23 stage2_search_lane_lease_blocked=0 maintenance_worker_observed_idle_ratio=0.899966 maintenance_worker_observed_busy_ratio=0.100034 physical_stage1_items=37252 physical_stage1_total_ns=135502219255 physical_stage1_search_ns=125494823350 physical_stage1_prune_ns=5976428180 physical_stage1_allocate_write_ns=3244770057 physical_stage1_backlink_ns=708942143 physical_stage1_candidates=4767584 physical_stage1_remote_frontier_items=16940517 physical_stage1_neighbors=1308391 peer_stage1_enqueued=25465 peer_stage1_processed=25465 peer_stage1_items=59566 avg_peer_stage1_items=2.339132 peer_stage1_rate_per_sec=208.949633 peer_stage1_max_queue=46 peer_stage1_active_workers=0 peer_stage2_home_enqueued=455936 peer_stage2_home_processed=455936 peer_stage2_home_items=39528715 avg_peer_stage2_home_items=86.697947 peer_stage2_home_max_queue=37 peer_stage2_home_response_queue_drops=0 peer_stage2_home_response_send_wait_ms=3952.214966 avg_peer_stage2_home_queue_wait_us=19.161730 avg_peer_stage2_home_execution_us=50.618741 peer_stage1_release_deferred_batches=173 peer_stage1_release_deferred_items=278 peer_stage1_duplicate_retry_responses=0 peer_stage1_admission_retry_responses=0 peer_stage1_retry_response_drops=0 peer_stage1_admission_waiters=0 peer_stage1_admission_waiter_items=0 peer_stage1_admission_owned_items=0 peer_stage1_admission_wake_coverage=0 peer_stage1_admission_parked=0 peer_stage1_admission_woken=0 peer_stage1_admission_reparked=0 peer_stage1_max_admission_waiters=0 peer_stage1_duplicate_coalesced=13 peer_reverse_enqueued=26111 peer_reverse_processed=26111 peer_reverse_remaining=0 peer_reverse_items_enqueued=312510 peer_reverse_items_processed=312510 peer_reverse_rate_per_sec=1096.243657 peer_reverse_failed=28 peer_reverse_max_queue=22 reclaim_pending=0 reclaim_reused=2298 dynamic_high_watermark=19069038528 stage2_remaining=0 cleanup_remaining=0 active_contexts=0 active_context_limit=32 repair_remaining=0 remaining=0
[STATUS]: storage-owner maintenance observation: enqueued=37252 stage2_enqueued=37252 cleanup_enqueued=0 stage2_tasks_done=37252 stage2_finalized_live=37252 cleanup_processed=0 stale=0 stage2_completion_ratio=1.000000 live_stage2_completion_ratio=1.000000 avg_stage2_delay_ms=198.683170 p99_stage2_delay_upper_ms=2000.000000 p99_stage2_delay_over_30s=false stage2_delay_histogram=0,0,0,22,1283,11064,5705,2945,5354,6736,3563,580,0,0,0,0,0,0 max_stage2_delay_ms=1599.947642 compaction_batch_target=32 compaction_max_delay_ms=25.000000 stage2_rate_per_sec=128.421903 stage1_search_budget_exhausted=0 stage2_search_budget_exhausted=0 stage2_continuations=37252 stage2_remote_frontier_items=16940517 avg_stage2_remote_frontier=454.754564 stage2_remote_expansions=382187 avg_stage2_remote_expansions=10.259503 stage2_scored_candidates=26845645 avg_stage2_scored_candidates=720.649764 stage2_graph_read_waves=105259 avg_stage2_expansions_per_graph_wave=3.630920 stage2_graph_unique_reads=395210 stage2_graph_prefetch_issued=265749 stage2_graph_prefetch_hits=252726 stage2_graph_prefetch_wasted=13023 stage2_graph_prefetch_promotion_ratio=0.950995 stage2_graph_issue_width_current=16 stage2_vector_read_waves=264233 avg_stage2_scores_per_vector_wave=101.598381 stage2_vector_unique_reads=19154621 stage2_home_rpc_batches=180778 stage2_home_rpc_items=16611979 avg_stage2_home_rpc_batch=91.891596 stage2_home_score_rpc_batches=67165 stage2_home_score_rpc_items=16216769 stage2_home_score_rpc_queries=356033 stage2_home_score_rpc_request_bytes=428040924 stage2_home_score_rpc_response_bytes=521638624 avg_stage2_home_score_queries_per_rpc=5.300871 avg_stage2_home_score_rpc_batch=241.446721 stage2_home_scored_neighbors=23918838 home_scores_per_expansion=1.439855 stage2_migrations=2298 home_match_rate=0.938312 stage2_final_edges=1343127 stage2_cross_edges_stage1_home=88371 stage2_cross_edges_final_home=41916 cross_edge_reduction_ratio=0.525682 failed=0 rpc_timeouts=0 reverse_aggregate_batches=0 reverse_aggregate_logical_requests=0 reverse_aggregate_ops=0 avg_reverse_aggregate_logicals=0.000000 avg_reverse_aggregate_ops=0.000000 max_backlog=371 admission_window=65536 completion_outstanding=0 completion_incomplete=0 completed_behind_hole=0 completion_logical_full_failures=0 completion_physical_full_failures=0 pressure_yields=121258 stage2_batches=5751 avg_stage2_batch_size=6.477482 packing_target_batch=8 packing_admit_queue_avg=14.288298 packing_admit_queue_max=371 packing_batch_1_7=2314 packing_batch_8=3437 packing_assembly_batches=5751 packing_assembly_wait_ms=113727.629197 packing_arrival_interval_us=4520 packing_waited_batches=2314 packing_wait_ms=50566.618000 packing_target_flushes=3437 packing_deadline_flushes=2314 packing_cleanup_flushes=0 stage2_phase_search_attempts=5751 stage2_phase_search_task_attempts=37252 stage2_phase_search_elapsed_ms=624925.828844 avg_stage2_phase_search_us_per_task=16775.631613 stage2_phase_freeze_prune_attempts=6360 stage2_phase_freeze_prune_task_attempts=41742 stage2_phase_freeze_prune_elapsed_ms=71665.801900 avg_stage2_phase_freeze_prune_us_per_task=1716.875135 stage2_phase_reverse_prepare_attempts=5751 stage2_phase_reverse_prepare_task_attempts=37252 stage2_phase_reverse_prepare_elapsed_ms=211347.980913 avg_stage2_phase_reverse_prepare_us_per_task=5673.466684 stage2_phase_placement_authority_attempts=5751 stage2_phase_placement_authority_task_attempts=37252 stage2_phase_placement_authority_elapsed_ms=76713.771180 avg_stage2_phase_placement_authority_us_per_task=2059.319531 stage2_phase_completion_handoff_attempts=5751 stage2_phase_completion_handoff_task_attempts=37252 stage2_phase_completion_handoff_elapsed_ms=11.517773 avg_stage2_phase_completion_handoff_us_per_task=0.309185 stage2_phase_finalize_attempts=5751 stage2_phase_finalize_task_attempts=37252 stage2_phase_finalize_elapsed_ms=36.880599 avg_stage2_phase_finalize_us_per_task=0.990030 maintenance_worker_idle_waits=649536 maintenance_worker_idle_ms=2092367.426467 maintenance_lost_wake_avoided=29462 maintenance_targeted_wakes=675068 maintenance_generic_wakes=17328 maintenance_broadcast_wakes=0 maintenance_context_slots_scanned=4610384 maintenance_ready_notifications=526674 maintenance_ready_stale_notifications=96 maintenance_ready_tickets_drained=427696 maintenance_ready_overflow_scans=0 maintenance_ready_fallback_scans=288409 stage2_search_lane_lease_limit=32 stage2_search_lane_lease_peak=23 stage2_search_lane_lease_blocked=0 maintenance_worker_observed_idle_ratio=0.901649 maintenance_worker_observed_busy_ratio=0.098351 physical_stage1_items=37252 physical_stage1_total_ns=135502219255 physical_stage1_search_ns=125494823350 physical_stage1_prune_ns=5976428180 physical_stage1_allocate_write_ns=3244770057 physical_stage1_backlink_ns=708942143 physical_stage1_candidates=4767584 physical_stage1_remote_frontier_items=16940517 physical_stage1_neighbors=1308391 peer_stage1_enqueued=25465 peer_stage1_processed=25465 peer_stage1_items=59566 avg_peer_stage1_items=2.339132 peer_stage1_rate_per_sec=205.346803 peer_stage1_max_queue=46 peer_stage1_active_workers=0 peer_stage2_home_enqueued=455936 peer_stage2_home_processed=455936 peer_stage2_home_items=39528715 avg_peer_stage2_home_items=86.697947 peer_stage2_home_max_queue=37 peer_stage2_home_response_queue_drops=0 peer_stage2_home_response_send_wait_ms=3952.214966 avg_peer_stage2_home_queue_wait_us=19.161730 avg_peer_stage2_home_execution_us=50.618741 peer_stage1_release_deferred_batches=173 peer_stage1_release_deferred_items=278 peer_stage1_duplicate_retry_responses=0 peer_stage1_admission_retry_responses=0 peer_stage1_retry_response_drops=0 peer_stage1_admission_waiters=0 peer_stage1_admission_waiter_items=0 peer_stage1_admission_owned_items=0 peer_stage1_admission_wake_coverage=0 peer_stage1_admission_parked=0 peer_stage1_admission_woken=0 peer_stage1_admission_reparked=0 peer_stage1_max_admission_waiters=0 peer_stage1_duplicate_coalesced=13 peer_reverse_enqueued=26111 peer_reverse_processed=26111 peer_reverse_remaining=0 peer_reverse_items_enqueued=312510 peer_reverse_items_processed=312510 peer_reverse_rate_per_sec=1077.341594 peer_reverse_failed=28 peer_reverse_max_queue=22 reclaim_pending=0 reclaim_reused=2298 dynamic_high_watermark=19069038528 stage2_remaining=0 cleanup_remaining=0 active_contexts=0 active_context_limit=32 repair_remaining=0 remaining=0
[STATUS]: storage-owner maintenance observation: enqueued=37252 stage2_enqueued=37252 cleanup_enqueued=0 stage2_tasks_done=37252 stage2_finalized_live=37252 cleanup_processed=0 stale=0 stage2_completion_ratio=1.000000 live_stage2_completion_ratio=1.000000 avg_stage2_delay_ms=198.683170 p99_stage2_delay_upper_ms=2000.000000 p99_stage2_delay_over_30s=false stage2_delay_histogram=0,0,0,22,1283,11064,5705,2945,5354,6736,3563,580,0,0,0,0,0,0 max_stage2_delay_ms=1599.947642 compaction_batch_target=32 compaction_max_delay_ms=25.000000 stage2_rate_per_sec=126.245135 stage1_search_budget_exhausted=0 stage2_search_budget_exhausted=0 stage2_continuations=37252 stage2_remote_frontier_items=16940517 avg_stage2_remote_frontier=454.754564 stage2_remote_expansions=382187 avg_stage2_remote_expansions=10.259503 stage2_scored_candidates=26845645 avg_stage2_scored_candidates=720.649764 stage2_graph_read_waves=105259 avg_stage2_expansions_per_graph_wave=3.630920 stage2_graph_unique_reads=395210 stage2_graph_prefetch_issued=265749 stage2_graph_prefetch_hits=252726 stage2_graph_prefetch_wasted=13023 stage2_graph_prefetch_promotion_ratio=0.950995 stage2_graph_issue_width_current=16 stage2_vector_read_waves=264233 avg_stage2_scores_per_vector_wave=101.598381 stage2_vector_unique_reads=19154621 stage2_home_rpc_batches=180778 stage2_home_rpc_items=16611979 avg_stage2_home_rpc_batch=91.891596 stage2_home_score_rpc_batches=67165 stage2_home_score_rpc_items=16216769 stage2_home_score_rpc_queries=356033 stage2_home_score_rpc_request_bytes=428040924 stage2_home_score_rpc_response_bytes=521638624 avg_stage2_home_score_queries_per_rpc=5.300871 avg_stage2_home_score_rpc_batch=241.446721 stage2_home_scored_neighbors=23918838 home_scores_per_expansion=1.439855 stage2_migrations=2298 home_match_rate=0.938312 stage2_final_edges=1343127 stage2_cross_edges_stage1_home=88371 stage2_cross_edges_final_home=41916 cross_edge_reduction_ratio=0.525682 failed=0 rpc_timeouts=0 reverse_aggregate_batches=0 reverse_aggregate_logical_requests=0 reverse_aggregate_ops=0 avg_reverse_aggregate_logicals=0.000000 avg_reverse_aggregate_ops=0.000000 max_backlog=371 admission_window=65536 completion_outstanding=0 completion_incomplete=0 completed_behind_hole=0 completion_logical_full_failures=0 completion_physical_full_failures=0 pressure_yields=121258 stage2_batches=5751 avg_stage2_batch_size=6.477482 packing_target_batch=8 packing_admit_queue_avg=14.288298 packing_admit_queue_max=371 packing_batch_1_7=2314 packing_batch_8=3437 packing_assembly_batches=5751 packing_assembly_wait_ms=113727.629197 packing_arrival_interval_us=4520 packing_waited_batches=2314 packing_wait_ms=50566.618000 packing_target_flushes=3437 packing_deadline_flushes=2314 packing_cleanup_flushes=0 stage2_phase_search_attempts=5751 stage2_phase_search_task_attempts=37252 stage2_phase_search_elapsed_ms=624925.828844 avg_stage2_phase_search_us_per_task=16775.631613 stage2_phase_freeze_prune_attempts=6360 stage2_phase_freeze_prune_task_attempts=41742 stage2_phase_freeze_prune_elapsed_ms=71665.801900 avg_stage2_phase_freeze_prune_us_per_task=1716.875135 stage2_phase_reverse_prepare_attempts=5751 stage2_phase_reverse_prepare_task_attempts=37252 stage2_phase_reverse_prepare_elapsed_ms=211347.980913 avg_stage2_phase_reverse_prepare_us_per_task=5673.466684 stage2_phase_placement_authority_attempts=5751 stage2_phase_placement_authority_task_attempts=37252 stage2_phase_placement_authority_elapsed_ms=76713.771180 avg_stage2_phase_placement_authority_us_per_task=2059.319531 stage2_phase_completion_handoff_attempts=5751 stage2_phase_completion_handoff_task_attempts=37252 stage2_phase_completion_handoff_elapsed_ms=11.517773 avg_stage2_phase_completion_handoff_us_per_task=0.309185 stage2_phase_finalize_attempts=5751 stage2_phase_finalize_task_attempts=37252 stage2_phase_finalize_elapsed_ms=36.880599 avg_stage2_phase_finalize_us_per_task=0.990030 maintenance_worker_idle_waits=653568 maintenance_worker_idle_ms=2132923.918654 maintenance_lost_wake_avoided=29462 maintenance_targeted_wakes=675068 maintenance_generic_wakes=17328 maintenance_broadcast_wakes=0 maintenance_context_slots_scanned=4674896 maintenance_ready_notifications=526674 maintenance_ready_stale_notifications=96 maintenance_ready_tickets_drained=427696 maintenance_ready_overflow_scans=0 maintenance_ready_fallback_scans=292386 stage2_search_lane_lease_limit=32 stage2_search_lane_lease_peak=23 stage2_search_lane_lease_blocked=0 maintenance_worker_observed_idle_ratio=0.903546 maintenance_worker_observed_busy_ratio=0.096454 physical_stage1_items=37252 physical_stage1_total_ns=135502219255 physical_stage1_search_ns=125494823350 physical_stage1_prune_ns=5976428180 physical_stage1_allocate_write_ns=3244770057 physical_stage1_backlink_ns=708942143 physical_stage1_candidates=4767584 physical_stage1_remote_frontier_items=16940517 physical_stage1_neighbors=1308391 peer_stage1_enqueued=25465 peer_stage1_processed=25465 peer_stage1_items=59566 avg_peer_stage1_items=2.339132 peer_stage1_rate_per_sec=201.866147 peer_stage1_max_queue=46 peer_stage1_active_workers=0 peer_stage2_home_enqueued=455936 peer_stage2_home_processed=455936 peer_stage2_home_items=39528715 avg_peer_stage2_home_items=86.697947 peer_stage2_home_max_queue=37 peer_stage2_home_response_queue_drops=0 peer_stage2_home_response_send_wait_ms=3952.214966 avg_peer_stage2_home_queue_wait_us=19.161730 avg_peer_stage2_home_execution_us=50.618741 peer_stage1_release_deferred_batches=173 peer_stage1_release_deferred_items=278 peer_stage1_duplicate_retry_responses=0 peer_stage1_admission_retry_responses=0 peer_stage1_retry_response_drops=0 peer_stage1_admission_waiters=0 peer_stage1_admission_waiter_items=0 peer_stage1_admission_owned_items=0 peer_stage1_admission_wake_coverage=0 peer_stage1_admission_parked=0 peer_stage1_admission_woken=0 peer_stage1_admission_reparked=0 peer_stage1_max_admission_waiters=0 peer_stage1_duplicate_coalesced=13 peer_reverse_enqueued=26111 peer_reverse_processed=26111 peer_reverse_remaining=0 peer_reverse_items_enqueued=312510 peer_reverse_items_processed=312510 peer_reverse_rate_per_sec=1059.080508 peer_reverse_failed=28 peer_reverse_max_queue=22 reclaim_pending=0 reclaim_reused=2298 dynamic_high_watermark=19069038528 stage2_remaining=0 cleanup_remaining=0 active_contexts=0 active_context_limit=32 repair_remaining=0 remaining=0
