============================================================
                        SERVER
============================================================
num clients:                  1
TCP port:                     1237
QP handshake timeout (ms):    10000
IB device:                    <auto>
IB port:                      1
max outstanding CQEs:         64
max send work requests:       4096
max receive work requests:    4096
============================================================
index prefix:                     "/data/xjs/index/dvstor_spacev100m/index/spacev100m_R96_bw128_metis_pmd32_pq20_schema16"
storage shard:                    "/data/xjs/index/dvstor_spacev100m/index/spacev100m_R96_bw128_metis_pmd32_pq20_schema16_node4_of5.dat"
storage id:                       3
base vectors:                     100000000
vector ID namespace [0,N):        4294967295
registered memory GiB:            23
====================================================================
1 device(s) found
Selected device: ibp86s0
Selected port state: 4, lid: 8, active_mtu: 5
interleaved policy
num_cores: 112
physical cores per socket: 28
hyperthreading enabled
local process CPU partition: rank 3/5 logical_cpus=22
pairing: 90593 -- 16492
[STATUS]: loaded index metadata from /data/xjs/index/dvstor_spacev100m/index/spacev100m_R96_bw128_metis_pmd32_pq20_schema16 (layout=plain, vector_data_type=int8)
[STATUS]: storage-owner stage2 candidate width L=128 per shard
allocation size: 24696061952
allocated ALIGNED MEM (no hugepage) at 134468591419456 with buffer size 24696061952
[STATUS]: loading index (19573328768 Bytes) from /data/xjs/index/dvstor_spacev100m/index/spacev100m_R96_bw128_metis_pmd32_pq20_schema16_node4_of5.dat
[STATUS]: loaded GPU PQ codes (407777680 Bytes) at remote offset 19573332864
[STATUS]: storage-owner idmap loaded entries=20000000 format=owner_sharded_v2_bound immutable_base=true dynamic_shards=256 dynamic_reserved=65536
[STATUS]: compensated physical centroid restored on shard 3: vectors=20388884 entries=4
[STATUS]: register memory and distribute access token
[STATUS]: connect QPs of compute threads
[STATUS]: reserving 64 GPU/bootstrap QPs per compute node
pairing: 90598 -- 16497
pairing: 90603 -- 16502
pairing: 90608 -- 16507
pairing: 90613 -- 16512
pairing: 90618 -- 16517
pairing: 90623 -- 16522
pairing: 90628 -- 16527
pairing: 90633 -- 16532
pairing: 90638 -- 16537
pairing: 90643 -- 16542
pairing: 90648 -- 16547
pairing: 90653 -- 16552
pairing: 90658 -- 16557
pairing: 90663 -- 16562
pairing: 90668 -- 16567
pairing: 90673 -- 16572
pairing: 90678 -- 16577
pairing: 90683 -- 16582
pairing: 90688 -- 16587
pairing: 90693 -- 16592
pairing: 90698 -- 16597
pairing: 90703 -- 16602
pairing: 90708 -- 16607
pairing: 90713 -- 16612
pairing: 90718 -- 16617
pairing: 90723 -- 16622
pairing: 90728 -- 16627
pairing: 90733 -- 16632
pairing: 90738 -- 16637
pairing: 90743 -- 16642
pairing: 90748 -- 16647
pairing: 90753 -- 16652
pairing: 90758 -- 16750
pairing: 90853 -- 16751
pairing: 90854 -- 16752
pairing: 90855 -- 16753
pairing: 90856 -- 16754
pairing: 90857 -- 16755
pairing: 90858 -- 16756
pairing: 90859 -- 16757
pairing: 90860 -- 16758
pairing: 90861 -- 16759
pairing: 90862 -- 16760
pairing: 90863 -- 16761
pairing: 90864 -- 16762
pairing: 90865 -- 16763
pairing: 90866 -- 16764
pairing: 90867 -- 16765
pairing: 90868 -- 16766
pairing: 90869 -- 16767
pairing: 90870 -- 16768
pairing: 90871 -- 16769
pairing: 90872 -- 16770
pairing: 90873 -- 16771
pairing: 90874 -- 16772
pairing: 90875 -- 16773
pairing: 90876 -- 16774
pairing: 90877 -- 16775
pairing: 90878 -- 16776
pairing: 90879 -- 16777
pairing: 90880 -- 16778
pairing: 90881 -- 16779
pairing: 90882 -- 16780
pairing: 90883 -- 16781
[STATUS]: waiting for compute-node startup barrier
1 device(s) found
Selected device: ibp86s0
Selected port state: 4, lid: 8, active_mtu: 5
pairing: 90918 -- 90920
pairing: 90922 -- 90928
pairing: 90930 -- 90936
pairing: 90938 -- 90944
pairing: 90947 -- 90952
pairing: 90955 -- 90960
pairing: 90963 -- 90968
pairing: 90971 -- 90976
pairing: 90979 -- 90975
pairing: 90982 -- 90984
pairing: 90988 -- 90991
pairing: 90993 -- 90997
pairing: 90999 -- 91003
pairing: 91005 -- 91009
pairing: 91012 -- 91015
pairing: 91018 -- 91021
pairing: 91024 -- 91027
pairing: 91030 -- 91029
pairing: 91033 -- 91034
pairing: 91037 -- 91038
pairing: 91040 -- 91042
pairing: 91044 -- 91046
pairing: 91049 -- 91050
pairing: 91053 -- 91054
pairing: 91057 -- 91060
pairing: 91061 -- 91062
pairing: 91063 -- 91064
pairing: 91065 -- 91066
pairing: 91067 -- 91068
pairing: 91069 -- 91070
pairing: 91071 -- 91072
pairing: 91073 -- 91074
[STATUS]: storage-owner peer RDMA QPs per peer: 8
[STATUS]: storage-owner peer QP0 reserved for RPC; data RDMA uses QP1..7
allocated ALIGNED MEM (no hugepage) at 134467523969088 with buffer size 67108864
allocated ALIGNED MEM (no hugepage) at 134467484123200 with buffer size 39839040
[STATUS]: storage-owner peer RPC receive slots per peer: 64 (requested=64)
[STATUS]: storage-owner peer RPC concurrent sends per peer: 16
[STATUS]: storage-owner peer RPC send credits: Stage1/graph are split at depth >= 2; responses use a dedicated sync buffer
[STATUS]: storage-owner peer async response capacity: 32768
[STATUS]: storage-owner Stage2 home RPC combining: enabled logical_capacity=18432 aggregate_capacity=4608 byte_budget=33586224
allocated ALIGNED MEM (no hugepage) at 110532518924800 with buffer size 96256
allocated ALIGNED MEM (no hugepage) at 134467758952512 with buffer size 212992
allocated ALIGNED MEM (no hugepage) at 134467751247936 with buffer size 212992
[STATUS]: storage-owner peer reverse-update workers: 2
[STATUS]: storage-owner peer Stage1 workers: 3; Stage2-home workers: 1 (one reserved; shared lanes borrow authoritative work only)
[STATUS]: storage-owner physical control workers: cleanup=1 placement=1 (separate blocking domains)
[STATUS]: storage-owner peer progress threads: cq=1 response_dispatch=1
[STATUS]: storage-owner Stage1 artifact capacity: 67584 (64-way, per shard=1056) cleanup replay per shard=2048 active migration receipts=131072
[STATUS]: storage-owner peer reverse-update tuning: queue_depth=65536 coalesce_max=256
allocated ALIGNED MEM (no hugepage) at 134467742883904 with buffer size 1282944
allocated ALIGNED MEM (no hugepage) at 134467738689600 with buffer size 1282944
allocated ALIGNED MEM (no hugepage) at 134467734495296 with buffer size 1282944
allocated ALIGNED MEM (no hugepage) at 134467730300992 with buffer size 1282944
allocated ALIGNED MEM (no hugepage) at 134467726106688 with buffer size 1282944
allocated ALIGNED MEM (no hugepage) at 134467721912384 with buffer size 1282944
allocated ALIGNED MEM (no hugepage) at 134467717718080 with buffer size 1282944
allocated ALIGNED MEM (no hugepage) at 134467713523776 with buffer size 1282944
[STATUS]: storage-owner peer scratch: snapshot_slot=192 graph_slot=832 batch=256 lane_peak_rdma_wrs=56 lane_useful_wave_rdma_wrs=56 global_read_window=224 search_lanes_global=32 search_lanes_credit_derived=16 search_lane_lease_cap=32 search_lanes_physical_per_worker=6 ready_context_runtime_epoch=1 bytes_per_lane=213824 bytes_total=10263552
[STATUS]: storage-owner maintenance workers: 8 (configured=8, admission_baseline_workers=2, context_limit=48, semantic_execution_batch=8, work_conserving=true)
[STATUS]: storage-owner stage2 reverse outbox descriptors: 192 aggregates=192 wire_max_ops=3072 (shared per-peer work-conserving aggregation)
[STATUS]: storage-owner maintenance tuning: protocol=centroid-home-two-stage compaction_batch_target=32 packing_policy=deterministic_b8 packing_tail_wait_us=arrival_adaptive_capped_25000 packing_context_limit=8 backlog_limit=65536 admission_credit=bounded_accepted_backlog admission_window=65536 physical_completion_capacity=65536
[STATUS]: storage-owner peer RDMA read credits: per_data_qp=8 data_qps_per_peer=7 per_peer=56 global=224 shared_cq_read_budget=8095 ordered_snapshot_pairs_per_chain=4 (requested_per_data_qp=16)
[STATUS]: storage-owner online insert tuning: construction_beam=128 snapshot_batch=256 protocol=centroid-home-two-stage
[STATUS]: storage-owner stage1=physical-home local search and backlinks; stage2=generation-fenced home expand+score continuation
[STATUS]: storage-owner responses=foreground direct post; completion=repost by service poller
[STATUS]: storage-owner foreground pipeline: coordinators=12 cpu_lanes=3 (assigned_cpus=22, rpc_parallelism=16)
[STATUS]: storage-owner CPU plan: foreground_cpu=3 foreground_coordinators=12 maintenance=8 peer_stage1=4 (split into isolated Stage1/Stage2-home domains) peer_reverse=2 peer_cleanup=1 peer_placement=1 peer_progress=2 foreground_progress=1
[STATUS]: storage-owner insert runtime enabled on shard 3
[STATUS]: storage-owner maintenance observation: enqueued=339 stage2_enqueued=339 cleanup_enqueued=0 stage2_tasks_done=339 stage2_finalized_live=339 cleanup_processed=0 stale=0 stage2_completion_ratio=1.000000 live_stage2_completion_ratio=1.000000 avg_stage2_delay_ms=724.441831 p99_stage2_delay_upper_ms=2000.000000 p99_stage2_delay_over_30s=false stage2_delay_histogram=0,0,0,0,0,0,2,3,13,67,221,33,0,0,0,0,0,0 max_stage2_delay_ms=1208.588089 compaction_batch_target=32 compaction_max_delay_ms=25.000000 stage2_rate_per_sec=67.430104 stage1_search_budget_exhausted=0 stage2_search_budget_exhausted=0 stage2_continuations=339 stage2_remote_frontier_items=508696 avg_stage2_remote_frontier=1500.578171 stage2_remote_expansions=12328 avg_stage2_remote_expansions=36.365782 stage2_scored_candidates=890689 avg_stage2_scored_candidates=2627.401180 stage2_graph_read_waves=2870 avg_stage2_expansions_per_graph_wave=4.295470 stage2_graph_unique_reads=12756 stage2_graph_prefetch_issued=8828 stage2_graph_prefetch_hits=8400 stage2_graph_prefetch_wasted=428 stage2_graph_prefetch_promotion_ratio=0.951518 stage2_graph_issue_width_current=16 stage2_vector_read_waves=5619 avg_stage2_scores_per_vector_wave=158.513792 stage2_vector_unique_reads=597369 stage2_home_rpc_batches=5278 stage2_home_rpc_items=517025 avg_stage2_home_rpc_batch=97.958507 stage2_home_score_rpc_batches=2004 stage2_home_score_rpc_items=504269 stage2_home_score_rpc_queries=10731 stage2_home_score_rpc_request_bytes=13271724 stage2_home_score_rpc_response_bytes=16216792 avg_stage2_home_score_queries_per_rpc=5.354790 avg_stage2_home_score_rpc_batch=251.631238 stage2_home_scored_neighbors=797590 home_scores_per_expansion=1.542653 stage2_migrations=58 home_match_rate=0.828909 stage2_final_edges=12889 stage2_cross_edges_stage1_home=3493 stage2_cross_edges_final_home=2408 cross_edge_reduction_ratio=0.310621 failed=0 rpc_timeouts=0 reverse_aggregate_batches=0 reverse_aggregate_logical_requests=0 reverse_aggregate_ops=0 avg_reverse_aggregate_logicals=0.000000 avg_reverse_aggregate_ops=0.000000 max_backlog=16 admission_window=65536 completion_outstanding=0 completion_incomplete=0 completed_behind_hole=0 completion_logical_full_failures=0 completion_physical_full_failures=0 pressure_yields=1187 stage2_batches=52 avg_stage2_batch_size=6.519231 packing_target_batch=8 packing_admit_queue_avg=7.230769 packing_admit_queue_max=16 packing_batch_1_7=20 packing_batch_8=32 packing_assembly_batches=52 packing_assembly_wait_ms=788.744024 packing_arrival_interval_us=24483 packing_waited_batches=20 packing_wait_ms=432.797000 packing_target_flushes=32 packing_deadline_flushes=20 packing_cleanup_flushes=0 stage2_phase_search_attempts=52 stage2_phase_search_task_attempts=339 stage2_phase_search_elapsed_ms=23627.418191 avg_stage2_phase_search_us_per_task=69697.398794 stage2_phase_freeze_prune_attempts=53 stage2_phase_freeze_prune_task_attempts=341 stage2_phase_freeze_prune_elapsed_ms=1169.988832 avg_stage2_phase_freeze_prune_us_per_task=3431.052293 stage2_phase_reverse_prepare_attempts=52 stage2_phase_reverse_prepare_task_attempts=339 stage2_phase_reverse_prepare_elapsed_ms=7177.342542 avg_stage2_phase_reverse_prepare_us_per_task=21172.101894 stage2_phase_placement_authority_attempts=52 stage2_phase_placement_authority_task_attempts=339 stage2_phase_placement_authority_elapsed_ms=2470.501983 avg_stage2_phase_placement_authority_us_per_task=7287.616469 stage2_phase_completion_handoff_attempts=52 stage2_phase_completion_handoff_task_attempts=339 stage2_phase_completion_handoff_elapsed_ms=0.131968 avg_stage2_phase_completion_handoff_us_per_task=0.389286 stage2_phase_finalize_attempts=52 stage2_phase_finalize_task_attempts=339 stage2_phase_finalize_elapsed_ms=0.502256 avg_stage2_phase_finalize_us_per_task=1.481581 maintenance_worker_idle_waits=13824 maintenance_worker_idle_ms=31478.773770 maintenance_lost_wake_avoided=1540 maintenance_targeted_wakes=23484 maintenance_generic_wakes=175 maintenance_broadcast_wakes=0 maintenance_context_slots_scanned=122752 maintenance_ready_notifications=12391 maintenance_ready_stale_notifications=1 maintenance_ready_tickets_drained=10433 maintenance_ready_overflow_scans=0 maintenance_ready_fallback_scans=7954 stage2_search_lane_lease_limit=32 stage2_search_lane_lease_peak=16 stage2_search_lane_lease_blocked=0 maintenance_worker_observed_idle_ratio=0.782676 maintenance_worker_observed_busy_ratio=0.217324 physical_stage1_items=339 physical_stage1_total_ns=1761205300 physical_stage1_search_ns=1654932625 physical_stage1_prune_ns=66014936 physical_stage1_allocate_write_ns=28208865 physical_stage1_backlink_ns=7527595 physical_stage1_candidates=43389 physical_stage1_remote_frontier_items=508696 physical_stage1_neighbors=12596 peer_stage1_enqueued=299 peer_stage1_processed=299 peer_stage1_items=560 avg_peer_stage1_items=1.872910 peer_stage1_rate_per_sec=111.388962 peer_stage1_max_queue=17 peer_stage1_active_workers=0 peer_stage2_home_enqueued=4799 peer_stage2_home_processed=4799 peer_stage2_home_items=593719 avg_peer_stage2_home_items=123.717233 peer_stage2_home_max_queue=19 peer_stage2_home_response_queue_drops=0 peer_stage2_home_response_send_wait_ms=92.769228 avg_peer_stage2_home_queue_wait_us=30.973919 avg_peer_stage2_home_execution_us=67.630243 peer_stage1_release_deferred_batches=3 peer_stage1_release_deferred_items=8 peer_stage1_duplicate_retry_responses=0 peer_stage1_admission_retry_responses=0 peer_stage1_retry_response_drops=0 peer_stage1_admission_waiters=0 peer_stage1_admission_waiter_items=0 peer_stage1_admission_owned_items=0 peer_stage1_admission_wake_coverage=0 peer_stage1_admission_parked=0 peer_stage1_admission_woken=0 peer_stage1_admission_reparked=0 peer_stage1_max_admission_waiters=0 peer_stage1_duplicate_coalesced=0 peer_reverse_enqueued=222 peer_reverse_processed=222 peer_reverse_remaining=0 peer_reverse_items_enqueued=2447 peer_reverse_items_processed=2447 peer_reverse_rate_per_sec=486.729983 peer_reverse_failed=1 peer_reverse_max_queue=4 reclaim_pending=2 reclaim_reused=56 dynamic_high_watermark=19981455424 stage2_remaining=0 cleanup_remaining=0 active_contexts=0 active_context_limit=48 repair_remaining=0 remaining=0
[STATUS]: storage-owner maintenance observation: enqueued=339 stage2_enqueued=339 cleanup_enqueued=0 stage2_tasks_done=339 stage2_finalized_live=339 cleanup_processed=0 stale=0 stage2_completion_ratio=1.000000 live_stage2_completion_ratio=1.000000 avg_stage2_delay_ms=724.441831 p99_stage2_delay_upper_ms=2000.000000 p99_stage2_delay_over_30s=false stage2_delay_histogram=0,0,0,0,0,0,2,3,13,67,221,33,0,0,0,0,0,0 max_stage2_delay_ms=1208.588089 compaction_batch_target=32 compaction_max_delay_ms=25.000000 stage2_rate_per_sec=33.796746 stage1_search_budget_exhausted=0 stage2_search_budget_exhausted=0 stage2_continuations=339 stage2_remote_frontier_items=508696 avg_stage2_remote_frontier=1500.578171 stage2_remote_expansions=12328 avg_stage2_remote_expansions=36.365782 stage2_scored_candidates=890689 avg_stage2_scored_candidates=2627.401180 stage2_graph_read_waves=2870 avg_stage2_expansions_per_graph_wave=4.295470 stage2_graph_unique_reads=12756 stage2_graph_prefetch_issued=8828 stage2_graph_prefetch_hits=8400 stage2_graph_prefetch_wasted=428 stage2_graph_prefetch_promotion_ratio=0.951518 stage2_graph_issue_width_current=16 stage2_vector_read_waves=5619 avg_stage2_scores_per_vector_wave=158.513792 stage2_vector_unique_reads=597369 stage2_home_rpc_batches=5278 stage2_home_rpc_items=517025 avg_stage2_home_rpc_batch=97.958507 stage2_home_score_rpc_batches=2004 stage2_home_score_rpc_items=504269 stage2_home_score_rpc_queries=10731 stage2_home_score_rpc_request_bytes=13271724 stage2_home_score_rpc_response_bytes=16216792 avg_stage2_home_score_queries_per_rpc=5.354790 avg_stage2_home_score_rpc_batch=251.631238 stage2_home_scored_neighbors=797590 home_scores_per_expansion=1.542653 stage2_migrations=58 home_match_rate=0.828909 stage2_final_edges=12889 stage2_cross_edges_stage1_home=3493 stage2_cross_edges_final_home=2408 cross_edge_reduction_ratio=0.310621 failed=0 rpc_timeouts=0 reverse_aggregate_batches=0 reverse_aggregate_logical_requests=0 reverse_aggregate_ops=0 avg_reverse_aggregate_logicals=0.000000 avg_reverse_aggregate_ops=0.000000 max_backlog=16 admission_window=65536 completion_outstanding=0 completion_incomplete=0 completed_behind_hole=0 completion_logical_full_failures=0 completion_physical_full_failures=0 pressure_yields=1187 stage2_batches=52 avg_stage2_batch_size=6.519231 packing_target_batch=8 packing_admit_queue_avg=7.230769 packing_admit_queue_max=16 packing_batch_1_7=20 packing_batch_8=32 packing_assembly_batches=52 packing_assembly_wait_ms=788.744024 packing_arrival_interval_us=24483 packing_waited_batches=20 packing_wait_ms=432.797000 packing_target_flushes=32 packing_deadline_flushes=20 packing_cleanup_flushes=0 stage2_phase_search_attempts=52 stage2_phase_search_task_attempts=339 stage2_phase_search_elapsed_ms=23627.418191 avg_stage2_phase_search_us_per_task=69697.398794 stage2_phase_freeze_prune_attempts=53 stage2_phase_freeze_prune_task_attempts=341 stage2_phase_freeze_prune_elapsed_ms=1169.988832 avg_stage2_phase_freeze_prune_us_per_task=3431.052293 stage2_phase_reverse_prepare_attempts=52 stage2_phase_reverse_prepare_task_attempts=339 stage2_phase_reverse_prepare_elapsed_ms=7177.342542 avg_stage2_phase_reverse_prepare_us_per_task=21172.101894 stage2_phase_placement_authority_attempts=52 stage2_phase_placement_authority_task_attempts=339 stage2_phase_placement_authority_elapsed_ms=2470.501983 avg_stage2_phase_placement_authority_us_per_task=7287.616469 stage2_phase_completion_handoff_attempts=52 stage2_phase_completion_handoff_task_attempts=339 stage2_phase_completion_handoff_elapsed_ms=0.131968 avg_stage2_phase_completion_handoff_us_per_task=0.389286 stage2_phase_finalize_attempts=52 stage2_phase_finalize_task_attempts=339 stage2_phase_finalize_elapsed_ms=0.502256 avg_stage2_phase_finalize_us_per_task=1.481581 maintenance_worker_idle_waits=17856 maintenance_worker_idle_ms=71317.760766 maintenance_lost_wake_avoided=1540 maintenance_targeted_wakes=23484 maintenance_generic_wakes=175 maintenance_broadcast_wakes=0 maintenance_context_slots_scanned=186368 maintenance_ready_notifications=12391 maintenance_ready_stale_notifications=1 maintenance_ready_tickets_drained=10433 maintenance_ready_overflow_scans=0 maintenance_ready_fallback_scans=11930 stage2_search_lane_lease_limit=32 stage2_search_lane_lease_peak=16 stage2_search_lane_lease_blocked=0 maintenance_worker_observed_idle_ratio=0.888757 maintenance_worker_observed_busy_ratio=0.111243 physical_stage1_items=339 physical_stage1_total_ns=1761205300 physical_stage1_search_ns=1654932625 physical_stage1_prune_ns=66014936 physical_stage1_allocate_write_ns=28208865 physical_stage1_backlink_ns=7527595 physical_stage1_candidates=43389 physical_stage1_remote_frontier_items=508696 physical_stage1_neighbors=12596 peer_stage1_enqueued=299 peer_stage1_processed=299 peer_stage1_items=560 avg_peer_stage1_items=1.872910 peer_stage1_rate_per_sec=55.829432 peer_stage1_max_queue=17 peer_stage1_active_workers=0 peer_stage2_home_enqueued=6408 peer_stage2_home_processed=6408 peer_stage2_home_items=905339 avg_peer_stage2_home_items=141.282615 peer_stage2_home_max_queue=19 peer_stage2_home_response_queue_drops=0 peer_stage2_home_response_send_wait_ms=102.138747 avg_peer_stage2_home_queue_wait_us=27.057146 avg_peer_stage2_home_execution_us=63.568795 peer_stage1_release_deferred_batches=3 peer_stage1_release_deferred_items=8 peer_stage1_duplicate_retry_responses=0 peer_stage1_admission_retry_responses=0 peer_stage1_retry_response_drops=0 peer_stage1_admission_waiters=0 peer_stage1_admission_waiter_items=0 peer_stage1_admission_owned_items=0 peer_stage1_admission_wake_coverage=0 peer_stage1_admission_parked=0 peer_stage1_admission_woken=0 peer_stage1_admission_reparked=0 peer_stage1_max_admission_waiters=0 peer_stage1_duplicate_coalesced=0 peer_reverse_enqueued=303 peer_reverse_processed=303 peer_reverse_remaining=0 peer_reverse_items_enqueued=3461 peer_reverse_items_processed=3461 peer_reverse_rate_per_sec=345.045830 peer_reverse_failed=2 peer_reverse_max_queue=4 reclaim_pending=0 reclaim_reused=58 dynamic_high_watermark=19981467328 stage2_remaining=0 cleanup_remaining=0 active_contexts=0 active_context_limit=48 repair_remaining=0 remaining=0
[STATUS]: storage-owner maintenance observation: enqueued=341 stage2_enqueued=341 cleanup_enqueued=0 stage2_tasks_done=341 stage2_finalized_live=341 cleanup_processed=0 stale=0 stage2_completion_ratio=1.000000 live_stage2_completion_ratio=1.000000 avg_stage2_delay_ms=720.473110 p99_stage2_delay_upper_ms=2000.000000 p99_stage2_delay_over_30s=false stage2_delay_histogram=0,0,0,0,0,0,4,3,13,67,221,33,0,0,0,0,0,0 max_stage2_delay_ms=1208.588089 compaction_batch_target=32 compaction_max_delay_ms=25.000000 stage2_rate_per_sec=22.685707 stage1_search_budget_exhausted=0 stage2_search_budget_exhausted=0 stage2_continuations=341 stage2_remote_frontier_items=513266 avg_stage2_remote_frontier=1505.178886 stage2_remote_expansions=12493 avg_stage2_remote_expansions=36.636364 stage2_scored_candidates=899959 avg_stage2_scored_candidates=2639.175953 stage2_graph_read_waves=2921 avg_stage2_expansions_per_graph_wave=4.276960 stage2_graph_unique_reads=12935 stage2_graph_prefetch_issued=8956 stage2_graph_prefetch_hits=8514 stage2_graph_prefetch_wasted=442 stage2_graph_prefetch_promotion_ratio=0.950648 stage2_graph_issue_width_current=16 stage2_vector_read_waves=5773 avg_stage2_scores_per_vector_wave=155.891045 stage2_vector_unique_reads=602640 stage2_home_rpc_batches=5347 stage2_home_rpc_items=521443 avg_stage2_home_rpc_batch=97.520666 stage2_home_score_rpc_batches=2022 stage2_home_score_rpc_items=508508 stage2_home_score_rpc_queries=10749 stage2_home_score_rpc_request_bytes=13376124 stage2_home_score_rpc_response_bytes=16353160 avg_stage2_home_score_queries_per_rpc=5.316024 avg_stage2_home_score_rpc_batch=251.487636 stage2_home_scored_neighbors=805828 home_scores_per_expansion=1.545381 stage2_migrations=59 home_match_rate=0.826979 stage2_final_edges=12977 stage2_cross_edges_stage1_home=3539 stage2_cross_edges_final_home=2425 cross_edge_reduction_ratio=0.314778 failed=0 rpc_timeouts=0 reverse_aggregate_batches=0 reverse_aggregate_logical_requests=0 reverse_aggregate_ops=0 avg_reverse_aggregate_logicals=0.000000 avg_reverse_aggregate_ops=0.000000 max_backlog=16 admission_window=65536 completion_outstanding=0 completion_incomplete=0 completed_behind_hole=0 completion_logical_full_failures=0 completion_physical_full_failures=0 pressure_yields=1187 stage2_batches=54 avg_stage2_batch_size=6.314815 packing_target_batch=8 packing_admit_queue_avg=7.000000 packing_admit_queue_max=16 packing_batch_1_7=22 packing_batch_8=32 packing_assembly_batches=54 packing_assembly_wait_ms=838.872525 packing_arrival_interval_us=25000 packing_waited_batches=22 packing_wait_ms=482.797000 packing_target_flushes=32 packing_deadline_flushes=22 packing_cleanup_flushes=0 stage2_phase_search_attempts=54 stage2_phase_search_task_attempts=341 stage2_phase_search_elapsed_ms=23643.338541 avg_stage2_phase_search_us_per_task=69335.303639 stage2_phase_freeze_prune_attempts=55 stage2_phase_freeze_prune_task_attempts=343 stage2_phase_freeze_prune_elapsed_ms=1171.277296 avg_stage2_phase_freeze_prune_us_per_task=3414.802612 stage2_phase_reverse_prepare_attempts=54 stage2_phase_reverse_prepare_task_attempts=341 stage2_phase_reverse_prepare_elapsed_ms=7185.122753 avg_stage2_phase_reverse_prepare_us_per_task=21070.741211 stage2_phase_placement_authority_attempts=54 stage2_phase_placement_authority_task_attempts=341 stage2_phase_placement_authority_elapsed_ms=2470.885082 avg_stage2_phase_placement_authority_us_per_task=7245.997308 stage2_phase_completion_handoff_attempts=54 stage2_phase_completion_handoff_task_attempts=341 stage2_phase_completion_handoff_elapsed_ms=0.134945 avg_stage2_phase_completion_handoff_us_per_task=0.395733 stage2_phase_finalize_attempts=54 stage2_phase_finalize_task_attempts=341 stage2_phase_finalize_elapsed_ms=0.508225 avg_stage2_phase_finalize_us_per_task=1.490396 maintenance_worker_idle_waits=22016 maintenance_worker_idle_ms=111229.201340 maintenance_lost_wake_avoided=1550 maintenance_targeted_wakes=23745 maintenance_generic_wakes=177 maintenance_broadcast_wakes=0 maintenance_context_slots_scanned=249920 maintenance_ready_notifications=12637 maintenance_ready_stale_notifications=1 maintenance_ready_tickets_drained=10649 maintenance_ready_overflow_scans=0 maintenance_ready_fallback_scans=15911 stage2_search_lane_lease_limit=32 stage2_search_lane_lease_peak=16 stage2_search_lane_lease_blocked=0 maintenance_worker_observed_idle_ratio=0.924968 maintenance_worker_observed_busy_ratio=0.075032 physical_stage1_items=341 physical_stage1_total_ns=1770798815 physical_stage1_search_ns=1664067632 physical_stage1_prune_ns=66276727 physical_stage1_allocate_write_ns=28355310 physical_stage1_backlink_ns=7553633 physical_stage1_candidates=43645 physical_stage1_remote_frontier_items=513266 physical_stage1_neighbors=12655 peer_stage1_enqueued=302 peer_stage1_processed=302 peer_stage1_items=562 avg_peer_stage1_items=1.860927 peer_stage1_rate_per_sec=37.388174 peer_stage1_max_queue=17 peer_stage1_active_workers=0 peer_stage2_home_enqueued=8267 peer_stage2_home_processed=8267 peer_stage2_home_items=1277443 avg_peer_stage2_home_items=154.523164 peer_stage2_home_max_queue=19 peer_stage2_home_response_queue_drops=0 peer_stage2_home_response_send_wait_ms=111.728262 avg_peer_stage2_home_queue_wait_us=24.502877 avg_peer_stage2_home_execution_us=61.007723 peer_stage1_release_deferred_batches=4 peer_stage1_release_deferred_items=9 peer_stage1_duplicate_retry_responses=0 peer_stage1_admission_retry_responses=0 peer_stage1_retry_response_drops=0 peer_stage1_admission_waiters=0 peer_stage1_admission_waiter_items=0 peer_stage1_admission_owned_items=0 peer_stage1_admission_wake_coverage=0 peer_stage1_admission_parked=0 peer_stage1_admission_woken=0 peer_stage1_admission_reparked=0 peer_stage1_max_admission_waiters=0 peer_stage1_duplicate_coalesced=0 peer_reverse_enqueued=348 peer_reverse_processed=348 peer_reverse_remaining=0 peer_reverse_items_enqueued=3554 peer_reverse_items_processed=3554 peer_reverse_rate_per_sec=236.436957 peer_reverse_failed=2 peer_reverse_max_queue=4 reclaim_pending=0 reclaim_reused=59 dynamic_high_watermark=19981470304 stage2_remaining=0 cleanup_remaining=0 active_contexts=0 active_context_limit=48 repair_remaining=0 remaining=0
[STATUS]: storage-owner maintenance observation: enqueued=1698 stage2_enqueued=1698 cleanup_enqueued=0 stage2_tasks_done=896 stage2_finalized_live=896 cleanup_processed=0 stale=0 stage2_completion_ratio=0.527680 live_stage2_completion_ratio=0.527680 avg_stage2_delay_ms=428.695003 p99_stage2_delay_upper_ms=2000.000000 p99_stage2_delay_over_30s=false stage2_delay_histogram=0,0,0,0,0,0,41,205,183,127,293,47,0,0,0,0,0,0 max_stage2_delay_ms=1208.588089 compaction_batch_target=32 compaction_max_delay_ms=25.000000 stage2_rate_per_sec=44.727746 stage1_search_budget_exhausted=0 stage2_search_budget_exhausted=0 stage2_continuations=1269 stage2_remote_frontier_items=1426797 avg_stage2_remote_frontier=1124.347518 stage2_remote_expansions=19377 avg_stage2_remote_expansions=15.269504 stage2_scored_candidates=2058444 avg_stage2_scored_candidates=1622.099291 stage2_graph_read_waves=5874 avg_stage2_expansions_per_graph_wave=3.298774 stage2_graph_unique_reads=25544 stage2_graph_prefetch_issued=17305 stage2_graph_prefetch_hits=14516 stage2_graph_prefetch_wasted=706 stage2_graph_prefetch_promotion_ratio=0.953620 stage2_graph_issue_width_current=16 stage2_vector_read_waves=12184 avg_stage2_scores_per_vector_wave=168.946487 stage2_vector_unique_reads=1534334 stage2_home_rpc_batches=11837 stage2_home_rpc_items=1404471 avg_stage2_home_rpc_batch=118.650925 stage2_home_score_rpc_batches=5479 stage2_home_score_rpc_items=1378947 stage2_home_score_rpc_queries=30502 stage2_home_score_rpc_request_bytes=36407896 stage2_home_score_rpc_response_bytes=44345488 avg_stage2_home_score_queries_per_rpc=5.567074 avg_stage2_home_score_rpc_batch=251.678591 stage2_home_scored_neighbors=1904483 home_scores_per_expansion=1.356014 stage2_migrations=86 home_match_rate=0.904018 stage2_final_edges=36072 stage2_cross_edges_stage1_home=5161 stage2_cross_edges_final_home=3356 cross_edge_reduction_ratio=0.349738 failed=0 rpc_timeouts=0 reverse_aggregate_batches=0 reverse_aggregate_logical_requests=0 reverse_aggregate_ops=0 avg_reverse_aggregate_logicals=0.000000 avg_reverse_aggregate_ops=0.000000 max_backlog=429 admission_window=65536 completion_outstanding=937 completion_incomplete=802 completed_behind_hole=135 completion_logical_full_failures=0 completion_physical_full_failures=0 pressure_yields=7551 stage2_batches=175 avg_stage2_batch_size=7.251429 packing_target_batch=8 packing_admit_queue_avg=21.302857 packing_admit_queue_max=369 packing_batch_1_7=39 packing_batch_8=136 packing_assembly_batches=175 packing_assembly_wait_ms=4947.982991 packing_arrival_interval_us=1707 packing_waited_batches=39 packing_wait_ms=719.691000 packing_target_flushes=136 packing_deadline_flushes=39 packing_cleanup_flushes=0 stage2_phase_search_attempts=131 stage2_phase_search_task_attempts=928 stage2_phase_search_elapsed_ms=40680.195198 avg_stage2_phase_search_us_per_task=43836.417239 stage2_phase_freeze_prune_attempts=132 stage2_phase_freeze_prune_task_attempts=930 stage2_phase_freeze_prune_elapsed_ms=2215.039314 avg_stage2_phase_freeze_prune_us_per_task=2381.762703 stage2_phase_reverse_prepare_attempts=127 stage2_phase_reverse_prepare_task_attempts=896 stage2_phase_reverse_prepare_elapsed_ms=9901.149326 avg_stage2_phase_reverse_prepare_us_per_task=11050.389873 stage2_phase_placement_authority_attempts=127 stage2_phase_placement_authority_task_attempts=896 stage2_phase_placement_authority_elapsed_ms=3002.418717 avg_stage2_phase_placement_authority_us_per_task=3350.913747 stage2_phase_completion_handoff_attempts=127 stage2_phase_completion_handoff_task_attempts=896 stage2_phase_completion_handoff_elapsed_ms=0.298121 avg_stage2_phase_completion_handoff_us_per_task=0.332724 stage2_phase_finalize_attempts=127 stage2_phase_finalize_task_attempts=896 stage2_phase_finalize_elapsed_ms=1.071332 avg_stage2_phase_finalize_us_per_task=1.195683 maintenance_worker_idle_waits=34752 maintenance_worker_idle_ms=148743.205804 maintenance_lost_wake_avoided=2583 maintenance_targeted_wakes=42496 maintenance_generic_wakes=790 maintenance_broadcast_wakes=0 maintenance_context_slots_scanned=351264 maintenance_ready_notifications=26706 maintenance_ready_stale_notifications=1 maintenance_ready_tickets_drained=21944 maintenance_ready_overflow_scans=0 maintenance_ready_fallback_scans=22097 stage2_search_lane_lease_limit=32 stage2_search_lane_lease_peak=24 stage2_search_lane_lease_blocked=0 maintenance_worker_observed_idle_ratio=0.928146 maintenance_worker_observed_busy_ratio=0.071854 physical_stage1_items=1698 physical_stage1_total_ns=7651388535 physical_stage1_search_ns=7111687659 physical_stage1_prune_ns=315967303 physical_stage1_allocate_write_ns=162809551 physical_stage1_backlink_ns=41001445 physical_stage1_candidates=217308 physical_stage1_remote_frontier_items=1771918 physical_stage1_neighbors=64999 peer_stage1_enqueued=1083 peer_stage1_processed=1040 peer_stage1_items=2597 avg_peer_stage1_items=2.497115 peer_stage1_rate_per_sec=129.640576 peer_stage1_max_queue=47 peer_stage1_active_workers=3 peer_stage2_home_enqueued=13246 peer_stage2_home_processed=13246 peer_stage2_home_items=2062641 avg_peer_stage2_home_items=155.718028 peer_stage2_home_max_queue=32 peer_stage2_home_response_queue_drops=0 peer_stage2_home_response_send_wait_ms=428.603159 avg_peer_stage2_home_queue_wait_us=59.466010 avg_peer_stage2_home_execution_us=61.316477 peer_stage1_release_deferred_batches=4 peer_stage1_release_deferred_items=9 peer_stage1_duplicate_retry_responses=0 peer_stage1_admission_retry_responses=0 peer_stage1_retry_response_drops=0 peer_stage1_admission_waiters=0 peer_stage1_admission_waiter_items=0 peer_stage1_admission_owned_items=0 peer_stage1_admission_wake_coverage=0 peer_stage1_admission_parked=0 peer_stage1_admission_woken=0 peer_stage1_admission_reparked=0 peer_stage1_max_admission_waiters=0 peer_stage1_duplicate_coalesced=0 peer_reverse_enqueued=486 peer_reverse_processed=486 peer_reverse_remaining=0 peer_reverse_items_enqueued=5133 peer_reverse_items_processed=5133 peer_reverse_rate_per_sec=256.236070 peer_reverse_failed=2 peer_reverse_max_queue=4 reclaim_pending=10 reclaim_reused=76 dynamic_high_watermark=19982839264 stage2_remaining=429 cleanup_remaining=0 active_contexts=48 active_context_limit=48 repair_remaining=0 remaining=802
[STATUS]: storage-owner maintenance observation: enqueued=4014 stage2_enqueued=4014 cleanup_enqueued=0 stage2_tasks_done=2781 stage2_finalized_live=2781 cleanup_processed=0 stale=0 stage2_completion_ratio=0.692825 live_stage2_completion_ratio=0.692825 avg_stage2_delay_ms=2061.605227 p99_stage2_delay_upper_ms=5000.000000 p99_stage2_delay_over_30s=false stage2_delay_histogram=0,0,0,0,0,0,41,205,183,127,301,334,1526,64,0,0,0,0 max_stage2_delay_ms=4509.108964 compaction_batch_target=32 compaction_max_delay_ms=25.000000 stage2_rate_per_sec=111.096115 stage1_search_budget_exhausted=0 stage2_search_budget_exhausted=0 stage2_continuations=3165 stage2_remote_frontier_items=3055438 avg_stage2_remote_frontier=965.383254 stage2_remote_expansions=63324 avg_stage2_remote_expansions=20.007583 stage2_scored_candidates=4685597 avg_stage2_scored_candidates=1480.441390 stage2_graph_read_waves=15469 avg_stage2_expansions_per_graph_wave=4.093607 stage2_graph_unique_reads=68323 stage2_graph_prefetch_issued=45858 stage2_graph_prefetch_hits=42794 stage2_graph_prefetch_wasted=2346 stage2_graph_prefetch_promotion_ratio=0.948028 stage2_graph_issue_width_current=16 stage2_vector_read_waves=31087 avg_stage2_scores_per_vector_wave=150.725287 stage2_vector_unique_reads=3251552 stage2_home_rpc_batches=26466 stage2_home_rpc_items=2963993 avg_stage2_home_rpc_batch=111.992481 stage2_home_score_rpc_batches=11530 stage2_home_score_rpc_items=2895670 stage2_home_score_rpc_queries=65806 stage2_home_score_rpc_request_bytes=76630000 stage2_home_score_rpc_response_bytes=93122760 avg_stage2_home_score_queries_per_rpc=5.707372 avg_stage2_home_score_rpc_batch=251.142238 stage2_home_scored_neighbors=4329970 home_scores_per_expansion=1.460857 stage2_migrations=376 home_match_rate=0.864797 stage2_final_edges=111163 stage2_cross_edges_stage1_home=15956 stage2_cross_edges_final_home=7775 cross_edge_reduction_ratio=0.512722 failed=0 rpc_timeouts=0 reverse_aggregate_batches=0 reverse_aggregate_logical_requests=0 reverse_aggregate_ops=0 avg_reverse_aggregate_logicals=0.000000 avg_reverse_aggregate_ops=0.000000 max_backlog=1629 admission_window=65536 completion_outstanding=1689 completion_incomplete=1233 completed_behind_hole=456 completion_logical_full_failures=0 completion_physical_full_failures=0 pressure_yields=47071 stage2_batches=412 avg_stage2_batch_size=7.682039 packing_target_batch=8 packing_admit_queue_avg=731.466019 packing_admit_queue_max=1629 packing_batch_1_7=39 packing_batch_8=373 packing_assembly_batches=412 packing_assembly_wait_ms=555793.621005 packing_arrival_interval_us=21017 packing_waited_batches=39 packing_wait_ms=719.691000 packing_target_flushes=373 packing_deadline_flushes=39 packing_cleanup_flushes=0 stage2_phase_search_attempts=370 stage2_phase_search_task_attempts=2829 stage2_phase_search_elapsed_ms=254080.615418 avg_stage2_phase_search_us_per_task=89812.872187 stage2_phase_freeze_prune_attempts=406 stage2_phase_freeze_prune_task_attempts=3106 stage2_phase_freeze_prune_elapsed_ms=12428.572152 avg_stage2_phase_freeze_prune_us_per_task=4001.472039 stage2_phase_reverse_prepare_attempts=365 stage2_phase_reverse_prepare_task_attempts=2789 stage2_phase_reverse_prepare_elapsed_ms=32155.757492 avg_stage2_phase_reverse_prepare_us_per_task=11529.493543 stage2_phase_placement_authority_attempts=364 stage2_phase_placement_authority_task_attempts=2781 stage2_phase_placement_authority_elapsed_ms=10612.588964 avg_stage2_phase_placement_authority_us_per_task=3816.105345 stage2_phase_completion_handoff_attempts=364 stage2_phase_completion_handoff_task_attempts=2781 stage2_phase_completion_handoff_elapsed_ms=0.885444 avg_stage2_phase_completion_handoff_us_per_task=0.318391 stage2_phase_finalize_attempts=364 stage2_phase_finalize_task_attempts=2781 stage2_phase_finalize_elapsed_ms=3.813439 avg_stage2_phase_finalize_us_per_task=1.371247 maintenance_worker_idle_waits=62272 maintenance_worker_idle_ms=159847.172725 maintenance_lost_wake_avoided=7987 maintenance_targeted_wakes=132642 maintenance_generic_wakes=1916 maintenance_broadcast_wakes=0 maintenance_context_slots_scanned=621360 maintenance_ready_notifications=71048 maintenance_ready_stale_notifications=10 maintenance_ready_tickets_drained=54542 maintenance_ready_overflow_scans=0 maintenance_ready_fallback_scans=39141 stage2_search_lane_lease_limit=32 stage2_search_lane_lease_peak=32 stage2_search_lane_lease_blocked=132 maintenance_worker_observed_idle_ratio=0.798202 maintenance_worker_observed_busy_ratio=0.201798 physical_stage1_items=4017 physical_stage1_total_ns=17804964408 physical_stage1_search_ns=16627539221 physical_stage1_prune_ns=712381972 physical_stage1_allocate_write_ns=333246885 physical_stage1_backlink_ns=86178620 physical_stage1_candidates=514075 physical_stage1_remote_frontier_items=4261525 physical_stage1_neighbors=154261 peer_stage1_enqueued=2628 peer_stage1_processed=2628 peer_stage1_items=6396 avg_peer_stage1_items=2.433790 peer_stage1_rate_per_sec=255.509080 peer_stage1_max_queue=47 peer_stage1_active_workers=0 peer_stage2_home_enqueued=22984 peer_stage2_home_processed=22984 peer_stage2_home_items=3210893 avg_peer_stage2_home_items=139.701227 peer_stage2_home_max_queue=32 peer_stage2_home_response_queue_drops=0 peer_stage2_home_response_send_wait_ms=745.248832 avg_peer_stage2_home_queue_wait_us=72.214095 avg_peer_stage2_home_execution_us=66.813140 peer_stage1_release_deferred_batches=6 peer_stage1_release_deferred_items=14 peer_stage1_duplicate_retry_responses=0 peer_stage1_admission_retry_responses=0 peer_stage1_retry_response_drops=0 peer_stage1_admission_waiters=0 peer_stage1_admission_waiter_items=0 peer_stage1_admission_owned_items=0 peer_stage1_admission_wake_coverage=0 peer_stage1_admission_parked=0 peer_stage1_admission_woken=0 peer_stage1_admission_reparked=0 peer_stage1_max_admission_waiters=0 peer_stage1_duplicate_coalesced=0 peer_reverse_enqueued=1018 peer_reverse_processed=1018 peer_reverse_remaining=0 peer_reverse_items_enqueued=13018 peer_reverse_items_processed=13018 peer_reverse_rate_per_sec=520.046468 peer_reverse_failed=2 peer_reverse_max_queue=14 reclaim_pending=26 reclaim_reused=350 dynamic_high_watermark=19985060352 stage2_remaining=849 cleanup_remaining=0 active_contexts=48 active_context_limit=48 repair_remaining=0 remaining=1233
[STATUS]: storage-owner maintenance observation: enqueued=6714 stage2_enqueued=6714 cleanup_enqueued=0 stage2_tasks_done=3733 stage2_finalized_live=3733 cleanup_processed=0 stale=0 stage2_completion_ratio=0.556002 live_stage2_completion_ratio=0.556002 avg_stage2_delay_ms=2854.702107 p99_stage2_delay_upper_ms=8000.000000 p99_stage2_delay_over_30s=false stage2_delay_histogram=0,0,0,0,0,0,41,205,183,127,301,334,1710,256,576,0,0,0 max_stage2_delay_ms=7357.982651 compaction_batch_target=32 compaction_max_delay_ms=25.000000 stage2_rate_per_sec=124.292161 stage1_search_budget_exhausted=0 stage2_search_budget_exhausted=0 stage2_continuations=4117 stage2_remote_frontier_items=4407728 avg_stage2_remote_frontier=1070.616468 stage2_remote_expansions=94868 avg_stage2_remote_expansions=23.042992 stage2_scored_candidates=6999553 avg_stage2_scored_candidates=1700.158611 stage2_graph_read_waves=22130 avg_stage2_expansions_per_graph_wave=4.286850 stage2_graph_unique_reads=102240 stage2_graph_prefetch_issued=70260 stage2_graph_prefetch_hits=66251 stage2_graph_prefetch_wasted=3312 stage2_graph_prefetch_promotion_ratio=0.952388 stage2_graph_issue_width_current=16 stage2_vector_read_waves=44882 avg_stage2_scores_per_vector_wave=155.954570 stage2_vector_unique_reads=4785876 stage2_home_rpc_batches=37573 stage2_home_rpc_items=4316502 avg_stage2_home_rpc_batch=114.883081 stage2_home_score_rpc_batches=16765 stage2_home_score_rpc_items=4214293 stage2_home_score_rpc_queries=97251 stage2_home_score_rpc_request_bytes=111680004 stage2_home_score_rpc_response_bytes=135530664 avg_stage2_home_score_queries_per_rpc=5.800835 avg_stage2_home_score_rpc_batch=251.374471 stage2_home_scored_neighbors=6430801 home_scores_per_expansion=1.489818 stage2_migrations=526 home_match_rate=0.859095 stage2_final_edges=146631 stage2_cross_edges_stage1_home=23965 stage2_cross_edges_final_home=13196 cross_edge_reduction_ratio=0.449364 failed=0 rpc_timeouts=0 reverse_aggregate_batches=0 reverse_aggregate_logical_requests=0 reverse_aggregate_ops=0 avg_reverse_aggregate_logicals=0.000000 avg_reverse_aggregate_ops=0.000000 max_backlog=2597 admission_window=65536 completion_outstanding=3149 completion_incomplete=2981 completed_behind_hole=168 completion_logical_full_failures=0 completion_physical_full_failures=0 pressure_yields=93818 stage2_batches=531 avg_stage2_batch_size=7.753296 packing_target_batch=8 packing_admit_queue_avg=935.099812 packing_admit_queue_max=2573 packing_batch_1_7=39 packing_batch_8=492 packing_assembly_batches=531 packing_assembly_wait_ms=1067705.582307 packing_arrival_interval_us=2586 packing_waited_batches=39 packing_wait_ms=719.691000 packing_target_flushes=492 packing_deadline_flushes=39 packing_cleanup_flushes=0 stage2_phase_search_attempts=490 stage2_phase_search_task_attempts=3789 stage2_phase_search_elapsed_ms=432394.192034 avg_stage2_phase_search_us_per_task=114118.287684 stage2_phase_freeze_prune_attempts=555 stage2_phase_freeze_prune_task_attempts=4298 stage2_phase_freeze_prune_elapsed_ms=19031.579264 avg_stage2_phase_freeze_prune_us_per_task=4428.008205 stage2_phase_reverse_prepare_attempts=484 stage2_phase_reverse_prepare_task_attempts=3741 stage2_phase_reverse_prepare_elapsed_ms=54693.090418 avg_stage2_phase_reverse_prepare_us_per_task=14619.911900 stage2_phase_placement_authority_attempts=483 stage2_phase_placement_authority_task_attempts=3733 stage2_phase_placement_authority_elapsed_ms=19066.189188 avg_stage2_phase_placement_authority_us_per_task=5107.470985 stage2_phase_completion_handoff_attempts=483 stage2_phase_completion_handoff_task_attempts=3733 stage2_phase_completion_handoff_elapsed_ms=1.270981 avg_stage2_phase_completion_handoff_us_per_task=0.340472 stage2_phase_finalize_attempts=483 stage2_phase_finalize_task_attempts=3733 stage2_phase_finalize_elapsed_ms=5.420541 avg_stage2_phase_finalize_us_per_task=1.452060 maintenance_worker_idle_waits=99200 maintenance_worker_idle_ms=173930.892899 maintenance_lost_wake_avoided=18403 maintenance_targeted_wakes=240030 maintenance_generic_wakes=3314 maintenance_broadcast_wakes=0 maintenance_context_slots_scanned=1115696 maintenance_ready_notifications=102167 maintenance_ready_stale_notifications=13 maintenance_ready_tickets_drained=79286 maintenance_ready_overflow_scans=0 maintenance_ready_fallback_scans=69915 stage2_search_lane_lease_limit=32 stage2_search_lane_lease_peak=32 stage2_search_lane_lease_blocked=132 maintenance_worker_observed_idle_ratio=0.723890 maintenance_worker_observed_busy_ratio=0.276110 physical_stage1_items=6734 physical_stage1_total_ns=29726691698 physical_stage1_search_ns=27825642961 physical_stage1_prune_ns=1138984317 physical_stage1_allocate_write_ns=531015994 physical_stage1_backlink_ns=154966445 physical_stage1_candidates=861796 physical_stage1_remote_frontier_items=7878120 physical_stage1_neighbors=252967 peer_stage1_enqueued=4836 peer_stage1_processed=4823 peer_stage1_items=10756 avg_peer_stage1_items=2.230147 peer_stage1_rate_per_sec=358.126569 peer_stage1_max_queue=47 peer_stage1_active_workers=3 peer_stage2_home_enqueued=33241 peer_stage2_home_processed=33241 peer_stage2_home_items=4462197 avg_peer_stage2_home_items=134.237749 peer_stage2_home_max_queue=34 peer_stage2_home_response_queue_drops=0 peer_stage2_home_response_send_wait_ms=1302.229880 avg_peer_stage2_home_queue_wait_us=91.078042 avg_peer_stage2_home_execution_us=65.801434 peer_stage1_release_deferred_batches=7 peer_stage1_release_deferred_items=15 peer_stage1_duplicate_retry_responses=0 peer_stage1_admission_retry_responses=0 peer_stage1_retry_response_drops=0 peer_stage1_admission_waiters=0 peer_stage1_admission_waiter_items=0 peer_stage1_admission_owned_items=0 peer_stage1_admission_wake_coverage=0 peer_stage1_admission_parked=0 peer_stage1_admission_woken=0 peer_stage1_admission_reparked=0 peer_stage1_max_admission_waiters=0 peer_stage1_duplicate_coalesced=0 peer_reverse_enqueued=1566 peer_reverse_processed=1565 peer_reverse_remaining=1 peer_reverse_items_enqueued=20630 peer_reverse_items_processed=20612 peer_reverse_rate_per_sec=686.287174 peer_reverse_failed=2 peer_reverse_max_queue=16 reclaim_pending=10 reclaim_reused=516 dynamic_high_watermark=19987746688 stage2_remaining=2597 cleanup_remaining=0 active_contexts=48 active_context_limit=48 repair_remaining=0 remaining=2981
[STATUS]: storage-owner maintenance observation: enqueued=9751 stage2_enqueued=9751 cleanup_enqueued=0 stage2_tasks_done=4829 stage2_finalized_live=4829 cleanup_processed=0 stale=0 stage2_completion_ratio=0.495231 live_stage2_completion_ratio=0.495231 avg_stage2_delay_ms=3852.442610 p99_stage2_delay_upper_ms=16000.000000 p99_stage2_delay_over_30s=false stage2_delay_histogram=0,0,0,0,0,0,41,205,183,127,301,334,1710,256,1523,149,0,0 max_stage2_delay_ms=9317.788956 compaction_batch_target=32 compaction_max_delay_ms=25.000000 stage2_rate_per_sec=137.835267 stage1_search_budget_exhausted=0 stage2_search_budget_exhausted=0 stage2_continuations=5213 stage2_remote_frontier_items=5914780 avg_stage2_remote_frontier=1134.621139 stage2_remote_expansions=134447 avg_stage2_remote_expansions=25.790716 stage2_scored_candidates=9833317 avg_stage2_scored_candidates=1886.306733 stage2_graph_read_waves=29856 avg_stage2_expansions_per_graph_wave=4.503182 stage2_graph_unique_reads=144087 stage2_graph_prefetch_issued=100050 stage2_graph_prefetch_hits=94346 stage2_graph_prefetch_wasted=4566 stage2_graph_prefetch_promotion_ratio=0.953838 stage2_graph_issue_width_current=16 stage2_vector_read_waves=60718 avg_stage2_scores_per_vector_wave=161.950608 stage2_vector_unique_reads=6626139 stage2_home_rpc_batches=50956 stage2_home_rpc_items=5942831 avg_stage2_home_rpc_batch=116.626717 stage2_home_score_rpc_batches=23067 stage2_home_score_rpc_items=5798744 stage2_home_score_rpc_queries=134856 stage2_home_score_rpc_request_bytes=153780456 stage2_home_score_rpc_response_bytes=186488984 avg_stage2_home_score_queries_per_rpc=5.846274 avg_stage2_home_score_rpc_batch=251.387003 stage2_home_scored_neighbors=9006061 home_scores_per_expansion=1.515450 stage2_migrations=743 home_match_rate=0.846138 stage2_final_edges=188742 stage2_cross_edges_stage1_home=34926 stage2_cross_edges_final_home=19499 cross_edge_reduction_ratio=0.441705 failed=0 rpc_timeouts=0 reverse_aggregate_batches=0 reverse_aggregate_logical_requests=0 reverse_aggregate_ops=0 avg_reverse_aggregate_logicals=0.000000 avg_reverse_aggregate_ops=0.000000 max_backlog=4538 admission_window=65536 completion_outstanding=5178 completion_incomplete=4922 completed_behind_hole=256 completion_logical_full_failures=0 completion_physical_full_failures=0 pressure_yields=144663 stage2_batches=668 avg_stage2_batch_size=7.803892 packing_target_batch=8 packing_admit_queue_avg=1488.302395 packing_admit_queue_max=4510 packing_batch_1_7=39 packing_batch_8=629 packing_assembly_batches=668 packing_assembly_wait_ms=1911882.289519 packing_arrival_interval_us=1653 packing_waited_batches=39 packing_wait_ms=719.691000 packing_target_flushes=629 packing_deadline_flushes=39 packing_cleanup_flushes=0 stage2_phase_search_attempts=629 stage2_phase_search_task_attempts=4901 stage2_phase_search_elapsed_ms=640401.621719 avg_stage2_phase_search_us_per_task=130667.541669 stage2_phase_freeze_prune_attempts=725 stage2_phase_freeze_prune_task_attempts=5658 stage2_phase_freeze_prune_elapsed_ms=27089.955289 avg_stage2_phase_freeze_prune_us_per_task=4787.903020 stage2_phase_reverse_prepare_attempts=623 stage2_phase_reverse_prepare_task_attempts=4853 stage2_phase_reverse_prepare_elapsed_ms=75005.445403 avg_stage2_phase_reverse_prepare_us_per_task=15455.480198 stage2_phase_placement_authority_attempts=620 stage2_phase_placement_authority_task_attempts=4829 stage2_phase_placement_authority_elapsed_ms=25101.001699 avg_stage2_phase_placement_authority_us_per_task=5197.970946 stage2_phase_completion_handoff_attempts=620 stage2_phase_completion_handoff_task_attempts=4829 stage2_phase_completion_handoff_elapsed_ms=1.681757 avg_stage2_phase_completion_handoff_us_per_task=0.348262 stage2_phase_finalize_attempts=620 stage2_phase_finalize_task_attempts=4829 stage2_phase_finalize_elapsed_ms=7.290334 avg_stage2_phase_finalize_us_per_task=1.509698 maintenance_worker_idle_waits=139200 maintenance_worker_idle_ms=187005.401549 maintenance_lost_wake_avoided=31100 maintenance_targeted_wakes=368488 maintenance_generic_wakes=4751 maintenance_broadcast_wakes=0 maintenance_context_slots_scanned=1659520 maintenance_ready_notifications=139332 maintenance_ready_stale_notifications=21 maintenance_ready_tickets_drained=107667 maintenance_ready_overflow_scans=0 maintenance_ready_fallback_scans=103967 stage2_search_lane_lease_limit=32 stage2_search_lane_lease_peak=32 stage2_search_lane_lease_blocked=132 maintenance_worker_observed_idle_ratio=0.667217 maintenance_worker_observed_busy_ratio=0.332783 physical_stage1_items=9752 physical_stage1_total_ns=42963751551 physical_stage1_search_ns=40223806824 physical_stage1_prune_ns=1595088586 physical_stage1_allocate_write_ns=821742400 physical_stage1_backlink_ns=212835292 physical_stage1_candidates=1247980 physical_stage1_remote_frontier_items=11698345 physical_stage1_neighbors=360945 peer_stage1_enqueued=6900 peer_stage1_processed=6865 peer_stage1_items=15520 avg_peer_stage1_items=2.260743 peer_stage1_rate_per_sec=442.990958 peer_stage1_max_queue=47 peer_stage1_active_workers=3 peer_stage2_home_enqueued=42890 peer_stage2_home_processed=42890 peer_stage2_home_items=5648927 avg_peer_stage2_home_items=131.707321 peer_stage2_home_max_queue=34 peer_stage2_home_response_queue_drops=0 peer_stage2_home_response_send_wait_ms=1913.746525 avg_peer_stage2_home_queue_wait_us=103.563707 avg_peer_stage2_home_execution_us=65.569166 peer_stage1_release_deferred_batches=10 peer_stage1_release_deferred_items=19 peer_stage1_duplicate_retry_responses=0 peer_stage1_admission_retry_responses=0 peer_stage1_retry_response_drops=0 peer_stage1_admission_waiters=0 peer_stage1_admission_waiter_items=0 peer_stage1_admission_owned_items=0 peer_stage1_admission_wake_coverage=0 peer_stage1_admission_parked=0 peer_stage1_admission_woken=0 peer_stage1_admission_reparked=0 peer_stage1_max_admission_waiters=0 peer_stage1_duplicate_coalesced=2 peer_reverse_enqueued=2094 peer_reverse_processed=2094 peer_reverse_remaining=0 peer_reverse_items_enqueued=27282 peer_reverse_items_processed=27282 peer_reverse_rate_per_sec=778.716451 peer_reverse_failed=2 peer_reverse_max_queue=16 reclaim_pending=25 reclaim_reused=718 dynamic_high_watermark=19990680032 stage2_remaining=4538 cleanup_remaining=0 active_contexts=48 active_context_limit=48 repair_remaining=0 remaining=4922
[STATUS]: storage-owner maintenance observation: enqueued=12407 stage2_enqueued=12407 cleanup_enqueued=0 stage2_tasks_done=6109 stage2_finalized_live=6109 cleanup_processed=0 stale=0 stage2_completion_ratio=0.492383 live_stage2_completion_ratio=0.492383 avg_stage2_delay_ms=5051.368285 p99_stage2_delay_upper_ms=16000.000000 p99_stage2_delay_over_30s=false stage2_delay_histogram=0,0,0,0,0,0,41,205,183,127,301,334,1710,256,1541,1411,0,0 max_stage2_delay_ms=11297.090288 compaction_batch_target=32 compaction_max_delay_ms=25.000000 stage2_rate_per_sec=152.592921 stage1_search_budget_exhausted=0 stage2_search_budget_exhausted=0 stage2_continuations=6485 stage2_remote_frontier_items=7540593 avg_stage2_remote_frontier=1162.774557 stage2_remote_expansions=175763 avg_stage2_remote_expansions=27.103007 stage2_scored_candidates=12483155 avg_stage2_scored_candidates=1924.927525 stage2_graph_read_waves=37863 avg_stage2_expansions_per_graph_wave=4.642078 stage2_graph_unique_reads=184238 stage2_graph_prefetch_issued=129213 stage2_graph_prefetch_hits=122654 stage2_graph_prefetch_wasted=5801 stage2_graph_prefetch_promotion_ratio=0.954840 stage2_graph_issue_width_current=16 stage2_vector_read_waves=77893 avg_stage2_scores_per_vector_wave=160.260293 stage2_vector_unique_reads=8429893 stage2_home_rpc_batches=64090 stage2_home_rpc_items=7532306 avg_stage2_home_rpc_batch=117.527009 stage2_home_score_rpc_batches=29240 stage2_home_score_rpc_items=7348134 stage2_home_score_rpc_queries=172109 stage2_home_score_rpc_request_bytes=195005692 stage2_home_score_rpc_response_bytes=236323096 avg_stage2_home_score_queries_per_rpc=5.886081 avg_stage2_home_score_rpc_batch=251.304172 stage2_home_scored_neighbors=11405263 home_scores_per_expansion=1.514179 stage2_migrations=948 home_match_rate=0.844819 stage2_final_edges=235509 stage2_cross_edges_stage1_home=45377 stage2_cross_edges_final_home=26905 cross_edge_reduction_ratio=0.407078 failed=0 rpc_timeouts=0 reverse_aggregate_batches=0 reverse_aggregate_logical_requests=0 reverse_aggregate_ops=0 avg_reverse_aggregate_logicals=0.000000 avg_reverse_aggregate_ops=0.000000 max_backlog=5976 admission_window=65536 completion_outstanding=6618 completion_incomplete=6298 completed_behind_hole=320 completion_logical_full_failures=0 completion_physical_full_failures=0 pressure_yields=196944 stage2_batches=827 avg_stage2_batch_size=7.841596 packing_target_batch=8 packing_admit_queue_avg=2210.406288 packing_admit_queue_max=5976 packing_batch_1_7=39 packing_batch_8=788 packing_assembly_batches=827 packing_assembly_wait_ms=3335940.420042 packing_arrival_interval_us=5996 packing_waited_batches=39 packing_wait_ms=719.691000 packing_target_flushes=788 packing_deadline_flushes=39 packing_cleanup_flushes=0 stage2_phase_search_attempts=791 stage2_phase_search_task_attempts=6197 stage2_phase_search_elapsed_ms=857013.109677 avg_stage2_phase_search_us_per_task=138294.837773 stage2_phase_freeze_prune_attempts=928 stage2_phase_freeze_prune_task_attempts=7282 stage2_phase_freeze_prune_elapsed_ms=35664.983908 avg_stage2_phase_freeze_prune_us_per_task=4897.690732 stage2_phase_reverse_prepare_attempts=782 stage2_phase_reverse_prepare_task_attempts=6125 stage2_phase_reverse_prepare_elapsed_ms=96326.855208 avg_stage2_phase_reverse_prepare_us_per_task=15726.833503 stage2_phase_placement_authority_attempts=780 stage2_phase_placement_authority_task_attempts=6109 stage2_phase_placement_authority_elapsed_ms=31330.657464 avg_stage2_phase_placement_authority_us_per_task=5128.606558 stage2_phase_completion_handoff_attempts=780 stage2_phase_completion_handoff_task_attempts=6109 stage2_phase_completion_handoff_elapsed_ms=2.136528 avg_stage2_phase_completion_handoff_us_per_task=0.349734 stage2_phase_finalize_attempts=780 stage2_phase_finalize_task_attempts=6109 stage2_phase_finalize_elapsed_ms=9.310309 avg_stage2_phase_finalize_us_per_task=1.524032 maintenance_worker_idle_waits=179456 maintenance_worker_idle_ms=199778.478569 maintenance_lost_wake_avoided=42553 maintenance_targeted_wakes=495942 maintenance_generic_wakes=6085 maintenance_broadcast_wakes=0 maintenance_context_slots_scanned=2201120 maintenance_ready_notifications=177244 maintenance_ready_stale_notifications=29 maintenance_ready_tickets_drained=137646 maintenance_ready_overflow_scans=0 maintenance_ready_fallback_scans=137744 stage2_search_lane_lease_limit=32 stage2_search_lane_lease_peak=32 stage2_search_lane_lease_blocked=132 maintenance_worker_observed_idle_ratio=0.623768 maintenance_worker_observed_busy_ratio=0.376232 physical_stage1_items=12420 physical_stage1_total_ns=55365828595 physical_stage1_search_ns=51834522484 physical_stage1_prune_ns=2019486978 physical_stage1_allocate_write_ns=1091167227 physical_stage1_backlink_ns=279721805 physical_stage1_candidates=1589392 physical_stage1_remote_frontier_items=15110293 physical_stage1_neighbors=458844 peer_stage1_enqueued=8916 peer_stage1_processed=8915 peer_stage1_items=19866 avg_peer_stage1_items=2.228379 peer_stage1_rate_per_sec=496.220488 peer_stage1_max_queue=47 peer_stage1_active_workers=1 peer_stage2_home_enqueued=52596 peer_stage2_home_processed=52596 peer_stage2_home_items=6781091 avg_peer_stage2_home_items=128.927884 peer_stage2_home_max_queue=34 peer_stage2_home_response_queue_drops=0 peer_stage2_home_response_send_wait_ms=2404.251456 avg_peer_stage2_home_queue_wait_us=108.366446 avg_peer_stage2_home_execution_us=65.720719 peer_stage1_release_deferred_batches=12 peer_stage1_release_deferred_items=23 peer_stage1_duplicate_retry_responses=0 peer_stage1_admission_retry_responses=0 peer_stage1_retry_response_drops=0 peer_stage1_admission_waiters=0 peer_stage1_admission_waiter_items=0 peer_stage1_admission_owned_items=0 peer_stage1_admission_wake_coverage=0 peer_stage1_admission_parked=0 peer_stage1_admission_woken=0 peer_stage1_admission_reparked=0 peer_stage1_max_admission_waiters=0 peer_stage1_duplicate_coalesced=2 peer_reverse_enqueued=2652 peer_reverse_processed=2646 peer_reverse_remaining=6 peer_reverse_items_enqueued=34676 peer_reverse_items_processed=34504 peer_reverse_rate_per_sec=861.854008 peer_reverse_failed=2 peer_reverse_max_queue=16 reclaim_pending=27 reclaim_reused=921 dynamic_high_watermark=19993295936 stage2_remaining=5922 cleanup_remaining=0 active_contexts=47 active_context_limit=48 repair_remaining=0 remaining=6298
[STATUS]: storage-owner maintenance observation: enqueued=14968 stage2_enqueued=14968 cleanup_enqueued=0 stage2_tasks_done=7301 stage2_finalized_live=7301 cleanup_processed=0 stale=0 stage2_completion_ratio=0.487774 live_stage2_completion_ratio=0.487774 avg_stage2_delay_ms=6282.248364 p99_stage2_delay_upper_ms=16000.000000 p99_stage2_delay_over_30s=false stage2_delay_histogram=0,0,0,0,0,0,41,205,183,127,301,334,1710,256,1541,2603,0,0 max_stage2_delay_ms=14512.437420 compaction_batch_target=32 compaction_max_delay_ms=25.000000 stage2_rate_per_sec=162.115646 stage1_search_budget_exhausted=0 stage2_search_budget_exhausted=0 stage2_continuations=7685 stage2_remote_frontier_items=9097122 avg_stage2_remote_frontier=1183.750423 stage2_remote_expansions=212337 avg_stage2_remote_expansions=27.630059 stage2_scored_candidates=15165709 avg_stage2_scored_candidates=1973.416916 stage2_graph_read_waves=46158 avg_stage2_expansions_per_graph_wave=4.600221 stage2_graph_unique_reads=224569 stage2_graph_prefetch_issued=157875 stage2_graph_prefetch_hits=149820 stage2_graph_prefetch_wasted=7032 stage2_graph_prefetch_promotion_ratio=0.955168 stage2_graph_issue_width_current=16 stage2_vector_read_waves=95244 avg_stage2_scores_per_vector_wave=159.230072 stage2_vector_unique_reads=10251316 stage2_home_rpc_batches=77913 stage2_home_rpc_items=9133297 avg_stage2_home_rpc_batch=117.224301 stage2_home_score_rpc_batches=35479 stage2_home_score_rpc_items=8908735 stage2_home_score_rpc_queries=209596 stage2_home_score_rpc_request_bytes=236525664 stage2_home_score_rpc_response_bytes=286518152 avg_stage2_home_score_queries_per_rpc=5.907607 avg_stage2_home_score_rpc_batch=251.098819 stage2_home_scored_neighbors=13830801 home_scores_per_expansion=1.514327 stage2_migrations=1141 home_match_rate=0.843720 stage2_final_edges=279510 stage2_cross_edges_stage1_home=55268 stage2_cross_edges_final_home=33614 cross_edge_reduction_ratio=0.391800 failed=0 rpc_timeouts=0 reverse_aggregate_batches=0 reverse_aggregate_logical_requests=0 reverse_aggregate_ops=0 avg_reverse_aggregate_logicals=0.000000 avg_reverse_aggregate_ops=0.000000 max_backlog=7283 admission_window=65536 completion_outstanding=8147 completion_incomplete=7667 completed_behind_hole=480 completion_logical_full_failures=0 completion_physical_full_failures=0 pressure_yields=251603 stage2_batches=977 avg_stage2_batch_size=7.865916 packing_target_batch=8 packing_admit_queue_avg=2898.952917 packing_admit_queue_max=7271 packing_batch_1_7=39 packing_batch_8=938 packing_assembly_batches=977 packing_assembly_wait_ms=5132763.826289 packing_arrival_interval_us=2046 packing_waited_batches=39 packing_wait_ms=719.691000 packing_target_flushes=938 packing_deadline_flushes=39 packing_cleanup_flushes=0 stage2_phase_search_attempts=934 stage2_phase_search_task_attempts=7341 stage2_phase_search_elapsed_ms=1039913.405885 avg_stage2_phase_search_us_per_task=141658.276241 stage2_phase_freeze_prune_attempts=1094 stage2_phase_freeze_prune_task_attempts=8610 stage2_phase_freeze_prune_elapsed_ms=41823.784913 avg_stage2_phase_freeze_prune_us_per_task=4857.582452 stage2_phase_reverse_prepare_attempts=929 stage2_phase_reverse_prepare_task_attempts=7301 stage2_phase_reverse_prepare_elapsed_ms=119576.067872 avg_stage2_phase_reverse_prepare_us_per_task=16378.039703 stage2_phase_placement_authority_attempts=929 stage2_phase_placement_authority_task_attempts=7301 stage2_phase_placement_authority_elapsed_ms=40046.109451 avg_stage2_phase_placement_authority_us_per_task=5485.017046 stage2_phase_completion_handoff_attempts=929 stage2_phase_completion_handoff_task_attempts=7301 stage2_phase_completion_handoff_elapsed_ms=2.570561 avg_stage2_phase_completion_handoff_us_per_task=0.352083 stage2_phase_finalize_attempts=929 stage2_phase_finalize_task_attempts=7301 stage2_phase_finalize_elapsed_ms=11.221982 avg_stage2_phase_finalize_us_per_task=1.537047 maintenance_worker_idle_waits=221568 maintenance_worker_idle_ms=213606.318983 maintenance_lost_wake_avoided=54059 maintenance_targeted_wakes=616864 maintenance_generic_wakes=7381 maintenance_broadcast_wakes=0 maintenance_context_slots_scanned=2736016 maintenance_ready_notifications=215417 maintenance_ready_stale_notifications=33 maintenance_ready_tickets_drained=168490 maintenance_ready_overflow_scans=0 maintenance_ready_fallback_scans=171297 stage2_search_lane_lease_limit=32 stage2_search_lane_lease_peak=32 stage2_search_lane_lease_blocked=132 maintenance_worker_observed_idle_ratio=0.592880 maintenance_worker_observed_busy_ratio=0.407120 physical_stage1_items=14980 physical_stage1_total_ns=67063432621 physical_stage1_search_ns=62756357733 physical_stage1_prune_ns=2444979078 physical_stage1_allocate_write_ns=1358010562 physical_stage1_backlink_ns=333533816 physical_stage1_candidates=1917014 physical_stage1_remote_frontier_items=18393022 physical_stage1_neighbors=555702 peer_stage1_enqueued=11006 peer_stage1_processed=10968 peer_stage1_items=23965 avg_peer_stage1_items=2.184993 peer_stage1_rate_per_sec=532.132783 peer_stage1_max_queue=47 peer_stage1_active_workers=3 peer_stage2_home_enqueued=63179 peer_stage2_home_processed=63179 peer_stage2_home_items=8042507 avg_peer_stage2_home_items=127.297156 peer_stage2_home_max_queue=34 peer_stage2_home_response_queue_drops=0 peer_stage2_home_response_send_wait_ms=2903.951107 avg_peer_stage2_home_queue_wait_us=110.093523 avg_peer_stage2_home_execution_us=65.878647 peer_stage1_release_deferred_batches=19 peer_stage1_release_deferred_items=32 peer_stage1_duplicate_retry_responses=0 peer_stage1_admission_retry_responses=0 peer_stage1_retry_response_drops=0 peer_stage1_admission_waiters=0 peer_stage1_admission_waiter_items=0 peer_stage1_admission_owned_items=0 peer_stage1_admission_wake_coverage=0 peer_stage1_admission_parked=0 peer_stage1_admission_woken=0 peer_stage1_admission_reparked=0 peer_stage1_max_admission_waiters=0 peer_stage1_duplicate_coalesced=4 peer_reverse_enqueued=3204 peer_reverse_processed=3202 peer_reverse_remaining=2 peer_reverse_items_enqueued=42304 peer_reverse_items_processed=42270 peer_reverse_rate_per_sec=938.587637 peer_reverse_failed=2 peer_reverse_max_queue=25 reclaim_pending=62 reclaim_reused=1079 dynamic_high_watermark=19995847360 stage2_remaining=7283 cleanup_remaining=0 active_contexts=48 active_context_limit=48 repair_remaining=0 remaining=7667
[STATUS]: storage-owner maintenance observation: enqueued=17871 stage2_enqueued=17871 cleanup_enqueued=0 stage2_tasks_done=8261 stage2_finalized_live=8261 cleanup_processed=0 stale=0 stage2_completion_ratio=0.462257 live_stage2_completion_ratio=0.462257 avg_stage2_delay_ms=7405.687936 p99_stage2_delay_upper_ms=30000.000000 p99_stage2_delay_over_30s=false stage2_delay_histogram=0,0,0,0,0,0,41,205,183,127,301,334,1710,256,1541,3107,456,0 max_stage2_delay_ms=18019.621027 compaction_batch_target=32 compaction_max_delay_ms=25.000000 stage2_rate_per_sec=165.097592 stage1_search_budget_exhausted=0 stage2_search_budget_exhausted=0 stage2_continuations=8645 stage2_remote_frontier_items=10351453 avg_stage2_remote_frontier=1197.391903 stage2_remote_expansions=246353 avg_stage2_remote_expansions=28.496588 stage2_scored_candidates=17268243 avg_stage2_scored_candidates=1997.483285 stage2_graph_read_waves=52888 avg_stage2_expansions_per_graph_wave=4.658013 stage2_graph_unique_reads=258562 stage2_graph_prefetch_issued=182281 stage2_graph_prefetch_hits=173485 stage2_graph_prefetch_wasted=8128 stage2_graph_prefetch_promotion_ratio=0.955245 stage2_graph_issue_width_current=16 stage2_vector_read_waves=109212 avg_stage2_scores_per_vector_wave=158.116718 stage2_vector_unique_reads=11627267 stage2_home_rpc_batches=87810 stage2_home_rpc_items=10347608 avg_stage2_home_rpc_batch=117.840884 stage2_home_score_rpc_batches=40187 stage2_home_score_rpc_items=10089051 stage2_home_score_rpc_queries=238117 stage2_home_score_rpc_request_bytes=267958712 stage2_home_score_rpc_response_bytes=324485792 avg_stage2_home_score_queries_per_rpc=5.925225 avg_stage2_home_score_rpc_batch=251.052604 stage2_home_scored_neighbors=15743685 home_scores_per_expansion=1.521481 stage2_migrations=1332 home_match_rate=0.838760 stage2_final_edges=314137 stage2_cross_edges_stage1_home=63712 stage2_cross_edges_final_home=38887 cross_edge_reduction_ratio=0.389644 failed=0 rpc_timeouts=0 reverse_aggregate_batches=0 reverse_aggregate_logical_requests=0 reverse_aggregate_ops=0 avg_reverse_aggregate_logicals=0.000000 avg_reverse_aggregate_ops=0.000000 max_backlog=9236 admission_window=65536 completion_outstanding=9850 completion_incomplete=9610 completed_behind_hole=240 completion_logical_full_failures=0 completion_physical_full_failures=0 pressure_yields=299881 stage2_batches=1097 avg_stage2_batch_size=7.880583 packing_target_batch=8 packing_admit_queue_avg=3490.478578 packing_admit_queue_max=9236 packing_batch_1_7=39 packing_batch_8=1058 packing_assembly_batches=1097 packing_assembly_wait_ms=6966126.130621 packing_arrival_interval_us=3048 packing_waited_batches=39 packing_wait_ms=719.691000 packing_target_flushes=1058 packing_deadline_flushes=39 packing_cleanup_flushes=0 stage2_phase_search_attempts=1055 stage2_phase_search_task_attempts=8309 stage2_phase_search_elapsed_ms=1238002.075650 avg_stage2_phase_search_us_per_task=148995.315399 stage2_phase_freeze_prune_attempts=1235 stage2_phase_freeze_prune_task_attempts=9738 stage2_phase_freeze_prune_elapsed_ms=50044.293751 avg_stage2_phase_freeze_prune_us_per_task=5139.073090 stage2_phase_reverse_prepare_attempts=1053 stage2_phase_reverse_prepare_task_attempts=8293 stage2_phase_reverse_prepare_elapsed_ms=140271.844174 avg_stage2_phase_reverse_prepare_us_per_task=16914.487420 stage2_phase_placement_authority_attempts=1049 stage2_phase_placement_authority_task_attempts=8261 stage2_phase_placement_authority_elapsed_ms=46569.169266 avg_stage2_phase_placement_authority_us_per_task=5637.231481 stage2_phase_completion_handoff_attempts=1049 stage2_phase_completion_handoff_task_attempts=8261 stage2_phase_completion_handoff_elapsed_ms=2.918470 avg_stage2_phase_completion_handoff_us_per_task=0.353283 stage2_phase_finalize_attempts=1049 stage2_phase_finalize_task_attempts=8261 stage2_phase_finalize_elapsed_ms=12.876368 avg_stage2_phase_finalize_us_per_task=1.558694 maintenance_worker_idle_waits=259648 maintenance_worker_idle_ms=226776.612454 maintenance_lost_wake_avoided=64619 maintenance_targeted_wakes=725503 maintenance_generic_wakes=8792 maintenance_broadcast_wakes=0 maintenance_context_slots_scanned=3247888 maintenance_ready_notifications=246466 maintenance_ready_stale_notifications=36 maintenance_ready_tickets_drained=193087 maintenance_ready_overflow_scans=0 maintenance_ready_fallback_scans=203216 stage2_search_lane_lease_limit=32 stage2_search_lane_lease_peak=32 stage2_search_lane_lease_blocked=132 maintenance_worker_observed_idle_ratio=0.566521 maintenance_worker_observed_busy_ratio=0.433479 physical_stage1_items=17895 physical_stage1_total_ns=80202878116 physical_stage1_search_ns=75088425203 physical_stage1_prune_ns=2881842452 physical_stage1_allocate_write_ns=1630654277 physical_stage1_backlink_ns=399576206 physical_stage1_candidates=2290015 physical_stage1_remote_frontier_items=22094937 physical_stage1_neighbors=661344 peer_stage1_enqueued=13221 peer_stage1_processed=13190 peer_stage1_items=28662 avg_peer_stage1_items=2.173010 peer_stage1_rate_per_sec=572.815298 peer_stage1_max_queue=47 peer_stage1_active_workers=3 peer_stage2_home_enqueued=73847 peer_stage2_home_processed=73847 peer_stage2_home_items=9223278 avg_peer_stage2_home_items=124.897125 peer_stage2_home_max_queue=36 peer_stage2_home_response_queue_drops=0 peer_stage2_home_response_send_wait_ms=3644.168997 avg_peer_stage2_home_queue_wait_us=118.758423 avg_peer_stage2_home_execution_us=65.120340 peer_stage1_release_deferred_batches=20 peer_stage1_release_deferred_items=33 peer_stage1_duplicate_retry_responses=0 peer_stage1_admission_retry_responses=0 peer_stage1_retry_response_drops=0 peer_stage1_admission_waiters=0 peer_stage1_admission_waiter_items=0 peer_stage1_admission_owned_items=0 peer_stage1_admission_wake_coverage=0 peer_stage1_admission_parked=0 peer_stage1_admission_woken=0 peer_stage1_admission_reparked=0 peer_stage1_max_admission_waiters=0 peer_stage1_duplicate_coalesced=5 peer_reverse_enqueued=3811 peer_reverse_processed=3800 peer_reverse_remaining=11 peer_reverse_items_enqueued=50322 peer_reverse_items_processed=50260 peer_reverse_rate_per_sec=1004.455267 peer_reverse_failed=2 peer_reverse_max_queue=25 reclaim_pending=34 reclaim_reused=1298 dynamic_high_watermark=19998707296 stage2_remaining=9226 cleanup_remaining=0 active_contexts=48 active_context_limit=48 repair_remaining=0 remaining=9610
[STATUS]: storage-owner maintenance observation: enqueued=19496 stage2_enqueued=19496 cleanup_enqueued=0 stage2_tasks_done=9693 stage2_finalized_live=9693 cleanup_processed=0 stale=0 stage2_completion_ratio=0.497179 live_stage2_completion_ratio=0.497179 avg_stage2_delay_ms=9099.700680 p99_stage2_delay_upper_ms=30000.000000 p99_stage2_delay_over_30s=false stage2_delay_histogram=0,0,0,0,0,0,41,205,183,127,301,334,1710,256,1541,3107,1888,0 max_stage2_delay_ms=20447.913821 compaction_batch_target=32 compaction_max_delay_ms=25.000000 stage2_rate_per_sec=176.117504 stage1_search_budget_exhausted=0 stage2_search_budget_exhausted=0 stage2_continuations=10077 stage2_remote_frontier_items=12119729 avg_stage2_remote_frontier=1202.712017 stage2_remote_expansions=290201 avg_stage2_remote_expansions=28.798353 stage2_scored_candidates=20420940 avg_stage2_scored_candidates=2026.490027 stage2_graph_read_waves=62864 avg_stage2_expansions_per_graph_wave=4.616330 stage2_graph_unique_reads=306392 stage2_graph_prefetch_issued=216178 stage2_graph_prefetch_hits=205317 stage2_graph_prefetch_wasted=9646 stage2_graph_prefetch_promotion_ratio=0.955127 stage2_graph_issue_width_current=16 stage2_vector_read_waves=129634 avg_stage2_scores_per_vector_wave=157.527655 stage2_vector_unique_reads=13741047 stage2_home_rpc_batches=103553 stage2_home_rpc_items=12234399 avg_stage2_home_rpc_batch=118.146254 stage2_home_score_rpc_batches=47547 stage2_home_score_rpc_items=11928007 stage2_home_score_rpc_queries=281419 stage2_home_score_rpc_request_bytes=316821036 stage2_home_score_rpc_response_bytes=383641784 avg_stage2_home_score_queries_per_rpc=5.918754 avg_stage2_home_score_rpc_batch=250.867710 stage2_home_scored_neighbors=18608149 home_scores_per_expansion=1.520970 stage2_migrations=1560 home_match_rate=0.839059 stage2_final_edges=366941 stage2_cross_edges_stage1_home=75235 stage2_cross_edges_final_home=46494 cross_edge_reduction_ratio=0.382016 failed=0 rpc_timeouts=0 reverse_aggregate_batches=0 reverse_aggregate_logical_requests=0 reverse_aggregate_ops=0 avg_reverse_aggregate_logicals=0.000000 avg_reverse_aggregate_ops=0.000000 max_backlog=9848 admission_window=65536 completion_outstanding=10043 completion_incomplete=9803 completed_behind_hole=240 completion_logical_full_failures=0 completion_physical_full_failures=0 pressure_yields=362338 stage2_batches=1276 avg_stage2_batch_size=7.897335 packing_target_batch=8 packing_admit_queue_avg=4341.946708 packing_admit_queue_max=9848 packing_batch_1_7=39 packing_batch_8=1237 packing_assembly_batches=1276 packing_assembly_wait_ms=10232901.686413 packing_arrival_interval_us=4353 packing_waited_batches=39 packing_wait_ms=719.691000 packing_target_flushes=1237 packing_deadline_flushes=39 packing_cleanup_flushes=0 stage2_phase_search_attempts=1232 stage2_phase_search_task_attempts=9725 stage2_phase_search_elapsed_ms=1448960.277329 avg_stage2_phase_search_us_per_task=148993.344712 stage2_phase_freeze_prune_attempts=1448 stage2_phase_freeze_prune_task_attempts=11442 stage2_phase_freeze_prune_elapsed_ms=57097.543396 avg_stage2_phase_freeze_prune_us_per_task=4990.171596 stage2_phase_reverse_prepare_attempts=1230 stage2_phase_reverse_prepare_task_attempts=9709 stage2_phase_reverse_prepare_elapsed_ms=162091.866532 avg_stage2_phase_reverse_prepare_us_per_task=16695.011487 stage2_phase_placement_authority_attempts=1228 stage2_phase_placement_authority_task_attempts=9693 stage2_phase_placement_authority_elapsed_ms=53025.728184 avg_stage2_phase_placement_authority_us_per_task=5470.517712 stage2_phase_completion_handoff_attempts=1228 stage2_phase_completion_handoff_task_attempts=9693 stage2_phase_completion_handoff_elapsed_ms=3.428659 avg_stage2_phase_completion_handoff_us_per_task=0.353725 stage2_phase_finalize_attempts=1228 stage2_phase_finalize_task_attempts=9693 stage2_phase_finalize_elapsed_ms=15.191884 avg_stage2_phase_finalize_us_per_task=1.567305 maintenance_worker_idle_waits=307712 maintenance_worker_idle_ms=240138.179718 maintenance_lost_wake_avoided=78174 maintenance_targeted_wakes=872702 maintenance_generic_wakes=9665 maintenance_broadcast_wakes=0 maintenance_context_slots_scanned=3877440 maintenance_ready_notifications=291943 maintenance_ready_stale_notifications=40 maintenance_ready_tickets_drained=229314 maintenance_ready_overflow_scans=0 maintenance_ready_fallback_scans=242496 stage2_search_lane_lease_limit=32 stage2_search_lane_lease_peak=32 stage2_search_lane_lease_blocked=257 maintenance_worker_observed_idle_ratio=0.545401 maintenance_worker_observed_busy_ratio=0.454599 physical_stage1_items=19507 physical_stage1_total_ns=87533578763 physical_stage1_search_ns=81971718375 physical_stage1_prune_ns=3136946633 physical_stage1_allocate_write_ns=1770548191 physical_stage1_backlink_ns=432707474 physical_stage1_candidates=2496234 physical_stage1_remote_frontier_items=24159402 physical_stage1_neighbors=717010 peer_stage1_enqueued=14557 peer_stage1_processed=14557 peer_stage1_items=31241 avg_peer_stage1_items=2.146115 peer_stage1_rate_per_sec=567.635090 peer_stage1_max_queue=47 peer_stage1_active_workers=1 peer_stage2_home_enqueued=87340 peer_stage2_home_processed=87340 peer_stage2_home_items=10753159 avg_peer_stage2_home_items=123.118376 peer_stage2_home_max_queue=36 peer_stage2_home_response_queue_drops=0 peer_stage2_home_response_send_wait_ms=4168.135689 avg_peer_stage2_home_queue_wait_us=111.893024 avg_peer_stage2_home_execution_us=66.031336 peer_stage1_release_deferred_batches=31 peer_stage1_release_deferred_items=51 peer_stage1_duplicate_retry_responses=0 peer_stage1_admission_retry_responses=0 peer_stage1_retry_response_drops=0 peer_stage1_admission_waiters=0 peer_stage1_admission_waiter_items=0 peer_stage1_admission_owned_items=0 peer_stage1_admission_wake_coverage=0 peer_stage1_admission_parked=0 peer_stage1_admission_woken=0 peer_stage1_admission_reparked=0 peer_stage1_max_admission_waiters=0 peer_stage1_duplicate_coalesced=6 peer_reverse_enqueued=4526 peer_reverse_processed=4526 peer_reverse_remaining=0 peer_reverse_items_enqueued=59882 peer_reverse_items_processed=59882 peer_reverse_rate_per_sec=1088.029335 peer_reverse_failed=3 peer_reverse_max_queue=25 reclaim_pending=27 reclaim_reused=1533 dynamic_high_watermark=20000277632 stage2_remaining=9419 cleanup_remaining=0 active_contexts=48 active_context_limit=48 repair_remaining=0 remaining=9803
[STATUS]: storage-owner maintenance observation: enqueued=20784 stage2_enqueued=20784 cleanup_enqueued=0 stage2_tasks_done=10997 stage2_finalized_live=10997 cleanup_processed=0 stale=0 stage2_completion_ratio=0.529109 live_stage2_completion_ratio=0.529109 avg_stage2_delay_ms=10549.093576 p99_stage2_delay_upper_ms=30000.000000 p99_stage2_delay_over_30s=false stage2_delay_histogram=0,0,0,0,0,0,41,205,183,127,301,334,1710,256,1541,3107,3192,0 max_stage2_delay_ms=23181.111152 compaction_batch_target=32 compaction_max_delay_ms=25.000000 stage2_rate_per_sec=183.170102 stage1_search_budget_exhausted=0 stage2_search_budget_exhausted=0 stage2_continuations=11365 stage2_remote_frontier_items=13781867 avg_stage2_remote_frontier=1212.658777 stage2_remote_expansions=334403 avg_stage2_remote_expansions=29.423933 stage2_scored_candidates=23321527 avg_stage2_scored_candidates=2052.048130 stage2_graph_read_waves=71840 avg_stage2_expansions_per_graph_wave=4.654830 stage2_graph_unique_reads=352031 stage2_graph_prefetch_issued=249131 stage2_graph_prefetch_hits=236900 stage2_graph_prefetch_wasted=10954 stage2_graph_prefetch_promotion_ratio=0.955805 stage2_graph_issue_width_current=16 stage2_vector_read_waves=148886 avg_stage2_scores_per_vector_wave=156.640161 stage2_vector_unique_reads=15658308 stage2_home_rpc_batches=118202 stage2_home_rpc_items=13926385 avg_stage2_home_rpc_batch=117.818523 stage2_home_score_rpc_batches=54159 stage2_home_score_rpc_items=13574356 stage2_home_score_rpc_queries=320267 stage2_home_score_rpc_request_bytes=360570084 stage2_home_score_rpc_response_bytes=436601528 avg_stage2_home_score_queries_per_rpc=5.913459 avg_stage2_home_score_rpc_batch=250.638970 stage2_home_scored_neighbors=21239014 home_scores_per_expansion=1.525092 stage2_migrations=1797 home_match_rate=0.836592 stage2_final_edges=414744 stage2_cross_edges_stage1_home=86454 stage2_cross_edges_final_home=53604 cross_edge_reduction_ratio=0.379971 failed=0 rpc_timeouts=0 reverse_aggregate_batches=0 reverse_aggregate_logical_requests=0 reverse_aggregate_ops=0 avg_reverse_aggregate_logicals=0.000000 avg_reverse_aggregate_ops=0.000000 max_backlog=9848 admission_window=65536 completion_outstanding=9963 completion_incomplete=9787 completed_behind_hole=176 completion_logical_full_failures=0 completion_physical_full_failures=0 pressure_yields=418085 stage2_batches=1437 avg_stage2_batch_size=7.908838 packing_target_batch=8 packing_admit_queue_avg=4908.797495 packing_admit_queue_max=9848 packing_batch_1_7=39 packing_batch_8=1398 packing_assembly_batches=1437 packing_assembly_wait_ms=13546360.467225 packing_arrival_interval_us=4984 packing_waited_batches=39 packing_wait_ms=719.691000 packing_target_flushes=1398 packing_deadline_flushes=39 packing_cleanup_flushes=0 stage2_phase_search_attempts=1396 stage2_phase_search_task_attempts=11037 stage2_phase_search_elapsed_ms=1641668.584613 avg_stage2_phase_search_us_per_task=148742.283647 stage2_phase_freeze_prune_attempts=1648 stage2_phase_freeze_prune_task_attempts=13042 stage2_phase_freeze_prune_elapsed_ms=64448.281445 avg_stage2_phase_freeze_prune_us_per_task=4941.594958 stage2_phase_reverse_prepare_attempts=1394 stage2_phase_reverse_prepare_task_attempts=11021 stage2_phase_reverse_prepare_elapsed_ms=187398.816903 avg_stage2_phase_reverse_prepare_us_per_task=17003.794293 stage2_phase_placement_authority_attempts=1391 stage2_phase_placement_authority_task_attempts=10997 stage2_phase_placement_authority_elapsed_ms=61905.532489 avg_stage2_phase_placement_authority_us_per_task=5629.310947 stage2_phase_completion_handoff_attempts=1391 stage2_phase_completion_handoff_task_attempts=10997 stage2_phase_completion_handoff_elapsed_ms=3.914308 avg_stage2_phase_completion_handoff_us_per_task=0.355943 stage2_phase_finalize_attempts=1391 stage2_phase_finalize_task_attempts=10997 stage2_phase_finalize_elapsed_ms=17.511947 avg_stage2_phase_finalize_us_per_task=1.592429 maintenance_worker_idle_waits=350016 maintenance_worker_idle_ms=251100.190377 maintenance_lost_wake_avoided=89402 maintenance_targeted_wakes=1005571 maintenance_generic_wakes=10505 maintenance_broadcast_wakes=0 maintenance_context_slots_scanned=4426864 maintenance_ready_notifications=334037 maintenance_ready_stale_notifications=48 maintenance_ready_tickets_drained=262673 maintenance_ready_overflow_scans=0 maintenance_ready_fallback_scans=276905 stage2_search_lane_lease_limit=32 stage2_search_lane_lease_peak=32 stage2_search_lane_lease_blocked=257 maintenance_worker_observed_idle_ratio=0.522802 maintenance_worker_observed_busy_ratio=0.477198 physical_stage1_items=20794 physical_stage1_total_ns=94078289447 physical_stage1_search_ns=88164285839 physical_stage1_prune_ns=3364103336 physical_stage1_allocate_write_ns=1847700634 physical_stage1_backlink_ns=462731921 physical_stage1_candidates=2660883 physical_stage1_remote_frontier_items=26070346 physical_stage1_neighbors=763720 peer_stage1_enqueued=15947 peer_stage1_processed=15943 peer_stage1_items=33283 avg_peer_stage1_items=2.087625 peer_stage1_rate_per_sec=554.373967 peer_stage1_max_queue=47 peer_stage1_active_workers=3 peer_stage2_home_enqueued=100272 peer_stage2_home_processed=100272 peer_stage2_home_items=12129885 avg_peer_stage2_home_items=120.969812 peer_stage2_home_max_queue=36 peer_stage2_home_response_queue_drops=0 peer_stage2_home_response_send_wait_ms=4544.467735 avg_peer_stage2_home_queue_wait_us=104.281644 avg_peer_stage2_home_execution_us=66.531092 peer_stage1_release_deferred_batches=47 peer_stage1_release_deferred_items=74 peer_stage1_duplicate_retry_responses=0 peer_stage1_admission_retry_responses=0 peer_stage1_retry_response_drops=0 peer_stage1_admission_waiters=0 peer_stage1_admission_waiter_items=0 peer_stage1_admission_owned_items=0 peer_stage1_admission_wake_coverage=0 peer_stage1_admission_parked=0 peer_stage1_admission_woken=0 peer_stage1_admission_reparked=0 peer_stage1_max_admission_waiters=0 peer_stage1_duplicate_coalesced=11 peer_reverse_enqueued=5261 peer_reverse_processed=5250 peer_reverse_remaining=11 peer_reverse_items_enqueued=70135 peer_reverse_items_processed=69881 peer_reverse_rate_per_sec=1163.963802 peer_reverse_failed=3 peer_reverse_max_queue=25 reclaim_pending=54 reclaim_reused=1743 dynamic_high_watermark=20001595008 stage2_remaining=9419 cleanup_remaining=0 active_contexts=46 active_context_limit=48 repair_remaining=0 remaining=9787
[STATUS]: storage-owner maintenance observation: enqueued=22322 stage2_enqueued=22322 cleanup_enqueued=0 stage2_tasks_done=12365 stage2_finalized_live=12365 cleanup_processed=0 stale=0 stage2_completion_ratio=0.553938 live_stage2_completion_ratio=0.553938 avg_stage2_delay_ms=12021.989046 p99_stage2_delay_upper_ms=30000.000000 p99_stage2_delay_over_30s=false stage2_delay_histogram=0,0,0,0,0,0,41,205,183,127,301,334,1710,256,1541,3107,4560,0 max_stage2_delay_ms=25607.106766 compaction_batch_target=32 compaction_max_delay_ms=25.000000 stage2_rate_per_sec=190.115145 stage1_search_budget_exhausted=0 stage2_search_budget_exhausted=0 stage2_continuations=12749 stage2_remote_frontier_items=15508545 avg_stage2_remote_frontier=1216.451879 stage2_remote_expansions=373971 avg_stage2_remote_expansions=29.333359 stage2_scored_candidates=26193293 avg_stage2_scored_candidates=2054.537062 stage2_graph_read_waves=80592 avg_stage2_expansions_per_graph_wave=4.640299 stage2_graph_unique_reads=392160 stage2_graph_prefetch_issued=277503 stage2_graph_prefetch_hits=264243 stage2_graph_prefetch_wasted=12270 stage2_graph_prefetch_promotion_ratio=0.955626 stage2_graph_issue_width_current=16 stage2_vector_read_waves=167856 avg_stage2_scores_per_vector_wave=156.046212 stage2_vector_unique_reads=17622788 stage2_home_rpc_batches=132403 stage2_home_rpc_items=15672580 avg_stage2_home_rpc_batch=118.370279 stage2_home_score_rpc_batches=61003 stage2_home_score_rpc_items=15280431 stage2_home_score_rpc_queries=361188 stage2_home_score_rpc_request_bytes=405961676 stage2_home_score_rpc_response_bytes=491478840 avg_stage2_home_score_queries_per_rpc=5.920824 avg_stage2_home_score_rpc_batch=250.486550 stage2_home_scored_neighbors=23851900 home_scores_per_expansion=1.521887 stage2_migrations=1985 home_match_rate=0.839466 stage2_final_edges=467141 stage2_cross_edges_stage1_home=96899 stage2_cross_edges_final_home=60663 cross_edge_reduction_ratio=0.373956 failed=0 rpc_timeouts=0 reverse_aggregate_batches=0 reverse_aggregate_logical_requests=0 reverse_aggregate_ops=0 avg_reverse_aggregate_logicals=0.000000 avg_reverse_aggregate_ops=0.000000 max_backlog=9848 admission_window=65536 completion_outstanding=10573 completion_incomplete=9957 completed_behind_hole=616 completion_logical_full_failures=0 completion_physical_full_failures=0 pressure_yields=474525 stage2_batches=1610 avg_stage2_batch_size=7.918634 packing_target_batch=8 packing_admit_queue_avg=5396.295031 packing_admit_queue_max=9848 packing_batch_1_7=39 packing_batch_8=1571 packing_assembly_batches=1610 packing_assembly_wait_ms=17554426.813213 packing_arrival_interval_us=2964 packing_waited_batches=39 packing_wait_ms=719.691000 packing_target_flushes=1571 packing_deadline_flushes=39 packing_cleanup_flushes=0 stage2_phase_search_attempts=1570 stage2_phase_search_task_attempts=12429 stage2_phase_search_elapsed_ms=1842414.066379 avg_stage2_phase_search_us_per_task=148235.100682 stage2_phase_freeze_prune_attempts=1866 stage2_phase_freeze_prune_task_attempts=14786 stage2_phase_freeze_prune_elapsed_ms=71600.446218 avg_stage2_phase_freeze_prune_us_per_task=4842.448682 stage2_phase_reverse_prepare_attempts=1563 stage2_phase_reverse_prepare_task_attempts=12373 stage2_phase_reverse_prepare_elapsed_ms=209705.290627 avg_stage2_phase_reverse_prepare_us_per_task=16948.621242 stage2_phase_placement_authority_attempts=1562 stage2_phase_placement_authority_task_attempts=12365 stage2_phase_placement_authority_elapsed_ms=68441.050886 avg_stage2_phase_placement_authority_us_per_task=5535.062749 stage2_phase_completion_handoff_attempts=1562 stage2_phase_completion_handoff_task_attempts=12365 stage2_phase_completion_handoff_elapsed_ms=4.409373 avg_stage2_phase_completion_handoff_us_per_task=0.356601 stage2_phase_finalize_attempts=1562 stage2_phase_finalize_task_attempts=12365 stage2_phase_finalize_elapsed_ms=19.725333 avg_stage2_phase_finalize_us_per_task=1.595255 maintenance_worker_idle_waits=392896 maintenance_worker_idle_ms=263523.292311 maintenance_lost_wake_avoided=100872 maintenance_targeted_wakes=1138547 maintenance_generic_wakes=11433 maintenance_broadcast_wakes=0 maintenance_context_slots_scanned=4986240 maintenance_ready_notifications=376300 maintenance_ready_stale_notifications=53 maintenance_ready_tickets_drained=295611 maintenance_ready_overflow_scans=0 maintenance_ready_fallback_scans=311867 stage2_search_lane_lease_limit=32 stage2_search_lane_lease_peak=32 stage2_search_lane_lease_blocked=257 maintenance_worker_observed_idle_ratio=0.506468 maintenance_worker_observed_busy_ratio=0.493532 physical_stage1_items=22339 physical_stage1_total_ns=101834741155 physical_stage1_search_ns=95478814464 physical_stage1_prune_ns=3635696134 physical_stage1_allocate_write_ns=1963278946 physical_stage1_backlink_ns=497630931 physical_stage1_candidates=2858538 physical_stage1_remote_frontier_items=28474680 physical_stage1_neighbors=821946 peer_stage1_enqueued=17501 peer_stage1_processed=17484 peer_stage1_items=35700 avg_peer_stage1_items=2.041867 peer_stage1_rate_per_sec=548.896941 peer_stage1_max_queue=47 peer_stage1_active_workers=3 peer_stage2_home_enqueued=111988 peer_stage2_home_processed=111988 peer_stage2_home_items=13448707 avg_peer_stage2_home_items=120.090608 peer_stage2_home_max_queue=36 peer_stage2_home_response_queue_drops=0 peer_stage2_home_response_send_wait_ms=5026.488268 avg_peer_stage2_home_queue_wait_us=102.677662 avg_peer_stage2_home_execution_us=66.950374 peer_stage1_release_deferred_batches=60 peer_stage1_release_deferred_items=101 peer_stage1_duplicate_retry_responses=0 peer_stage1_admission_retry_responses=0 peer_stage1_retry_response_drops=0 peer_stage1_admission_waiters=0 peer_stage1_admission_waiter_items=0 peer_stage1_admission_owned_items=0 peer_stage1_admission_wake_coverage=0 peer_stage1_admission_parked=0 peer_stage1_admission_woken=0 peer_stage1_admission_reparked=0 peer_stage1_max_admission_waiters=0 peer_stage1_duplicate_coalesced=12 peer_reverse_enqueued=5886 peer_reverse_processed=5875 peer_reverse_remaining=11 peer_reverse_items_enqueued=79565 peer_reverse_items_processed=79355 peer_reverse_rate_per_sec=1220.104110 peer_reverse_failed=4 peer_reverse_max_queue=25 reclaim_pending=75 reclaim_reused=1910 dynamic_high_watermark=20003170304 stage2_remaining=9573 cleanup_remaining=0 active_contexts=48 active_context_limit=48 repair_remaining=0 remaining=9957
[STATUS]: storage-owner maintenance observation: enqueued=23708 stage2_enqueued=23708 cleanup_enqueued=0 stage2_tasks_done=13845 stage2_finalized_live=13845 cleanup_processed=0 stale=0 stage2_completion_ratio=0.583980 live_stage2_completion_ratio=0.583980 avg_stage2_delay_ms=13547.019653 p99_stage2_delay_upper_ms=30000.000000 p99_stage2_delay_over_30s=false stage2_delay_histogram=0,0,0,0,0,0,41,205,183,127,301,334,1710,256,1541,3107,6040,0 max_stage2_delay_ms=28513.373117 compaction_batch_target=32 compaction_max_delay_ms=25.000000 stage2_rate_per_sec=197.673862 stage1_search_budget_exhausted=0 stage2_search_budget_exhausted=0 stage2_continuations=14213 stage2_remote_frontier_items=17346329 avg_stage2_remote_frontier=1220.455147 stage2_remote_expansions=414597 avg_stage2_remote_expansions=29.170267 stage2_scored_candidates=29160866 avg_stage2_scored_candidates=2051.703792 stage2_graph_read_waves=89444 avg_stage2_expansions_per_graph_wave=4.635269 stage2_graph_unique_reads=433816 stage2_graph_prefetch_issued=307084 stage2_graph_prefetch_hits=292449 stage2_graph_prefetch_wasted=13528 stage2_graph_prefetch_promotion_ratio=0.955788 stage2_graph_issue_width_current=16 stage2_vector_read_waves=187511 avg_stage2_scores_per_vector_wave=155.515495 stage2_vector_unique_reads=19665097 stage2_home_rpc_batches=147781 stage2_home_rpc_items=17489939 avg_stage2_home_rpc_batch=118.350390 stage2_home_score_rpc_batches=68156 stage2_home_score_rpc_items=17056123 stage2_home_score_rpc_queries=404009 stage2_home_score_rpc_request_bytes=453243548 stage2_home_score_rpc_response_bytes=548601264 avg_stage2_home_score_queries_per_rpc=5.927710 avg_stage2_home_score_rpc_batch=250.251232 stage2_home_scored_neighbors=26552068 home_scores_per_expansion=1.518134 stage2_migrations=2178 home_match_rate=0.842687 stage2_final_edges=525365 stage2_cross_edges_stage1_home=107783 stage2_cross_edges_final_home=68176 cross_edge_reduction_ratio=0.367470 failed=0 rpc_timeouts=0 reverse_aggregate_batches=0 reverse_aggregate_logical_requests=0 reverse_aggregate_ops=0 avg_reverse_aggregate_logicals=0.000000 avg_reverse_aggregate_ops=0.000000 max_backlog=9848 admission_window=65536 completion_outstanding=10071 completion_incomplete=9863 completed_behind_hole=208 completion_logical_full_failures=0 completion_physical_full_failures=0 pressure_yields=528885 stage2_batches=1793 avg_stage2_batch_size=7.926938 packing_target_batch=8 packing_admit_queue_avg=5822.926938 packing_admit_queue_max=9848 packing_batch_1_7=39 packing_batch_8=1754 packing_assembly_batches=1793 packing_assembly_wait_ms=22238339.165948 packing_arrival_interval_us=3569 packing_waited_batches=39 packing_wait_ms=719.691000 packing_target_flushes=1754 packing_deadline_flushes=39 packing_cleanup_flushes=0 stage2_phase_search_attempts=1755 stage2_phase_search_task_attempts=13909 stage2_phase_search_elapsed_ms=2042833.501171 avg_stage2_phase_search_us_per_task=146871.342381 stage2_phase_freeze_prune_attempts=2073 stage2_phase_freeze_prune_task_attempts=16442 stage2_phase_freeze_prune_elapsed_ms=78098.675288 avg_stage2_phase_freeze_prune_us_per_task=4749.949841 stage2_phase_reverse_prepare_attempts=1752 stage2_phase_reverse_prepare_task_attempts=13885 stage2_phase_reverse_prepare_elapsed_ms=238042.161276 avg_stage2_phase_reverse_prepare_us_per_task=17143.835886 stage2_phase_placement_authority_attempts=1747 stage2_phase_placement_authority_task_attempts=13845 stage2_phase_placement_authority_elapsed_ms=77382.341857 avg_stage2_phase_placement_authority_us_per_task=5589.190456 stage2_phase_completion_handoff_attempts=1747 stage2_phase_completion_handoff_task_attempts=13845 stage2_phase_completion_handoff_elapsed_ms=4.994012 avg_stage2_phase_completion_handoff_us_per_task=0.360709 stage2_phase_finalize_attempts=1747 stage2_phase_finalize_task_attempts=13845 stage2_phase_finalize_elapsed_ms=22.210008 avg_stage2_phase_finalize_us_per_task=1.604190 maintenance_worker_idle_waits=433472 maintenance_worker_idle_ms=275845.536853 maintenance_lost_wake_avoided=110899 maintenance_targeted_wakes=1261142 maintenance_generic_wakes=12257 maintenance_broadcast_wakes=0 maintenance_context_slots_scanned=5478832 maintenance_ready_notifications=419570 maintenance_ready_stale_notifications=56 maintenance_ready_tickets_drained=329803 maintenance_ready_overflow_scans=0 maintenance_ready_fallback_scans=342575 stage2_search_lane_lease_limit=32 stage2_search_lane_lease_peak=32 stage2_search_lane_lease_blocked=257 maintenance_worker_observed_idle_ratio=0.492303 maintenance_worker_observed_busy_ratio=0.507697 physical_stage1_items=23731 physical_stage1_total_ns=108868767069 physical_stage1_search_ns=102112469363 physical_stage1_prune_ns=3896802354 physical_stage1_allocate_write_ns=2051739940 physical_stage1_backlink_ns=529934697 physical_stage1_candidates=3036525 physical_stage1_remote_frontier_items=30751227 physical_stage1_neighbors=876621 peer_stage1_enqueued=18863 peer_stage1_processed=18863 peer_stage1_items=37935 avg_peer_stage1_items=2.011080 peer_stage1_rate_per_sec=541.622099 peer_stage1_max_queue=47 peer_stage1_active_workers=0 peer_stage2_home_enqueued=122918 peer_stage2_home_processed=122918 peer_stage2_home_items=14728158 avg_peer_stage2_home_items=119.821003 peer_stage2_home_max_queue=36 peer_stage2_home_response_queue_drops=0 peer_stage2_home_response_send_wait_ms=5325.021349 avg_peer_stage2_home_queue_wait_us=98.315193 avg_peer_stage2_home_execution_us=67.141751 peer_stage1_release_deferred_batches=79 peer_stage1_release_deferred_items=140 peer_stage1_duplicate_retry_responses=0 peer_stage1_admission_retry_responses=0 peer_stage1_retry_response_drops=0 peer_stage1_admission_waiters=0 peer_stage1_admission_waiter_items=0 peer_stage1_admission_owned_items=0 peer_stage1_admission_wake_coverage=0 peer_stage1_admission_parked=0 peer_stage1_admission_woken=0 peer_stage1_admission_reparked=0 peer_stage1_max_admission_waiters=0 peer_stage1_duplicate_coalesced=17 peer_reverse_enqueued=6449 peer_reverse_processed=6449 peer_reverse_remaining=0 peer_reverse_items_enqueued=87330 peer_reverse_items_processed=87330 peer_reverse_rate_per_sec=1246.865901 peer_reverse_failed=5 peer_reverse_max_queue=25 reclaim_pending=68 reclaim_reused=2110 dynamic_high_watermark=20004513472 stage2_remaining=9495 cleanup_remaining=0 active_contexts=46 active_context_limit=48 repair_remaining=0 remaining=9863
[STATUS]: storage-owner maintenance observation: enqueued=24554 stage2_enqueued=24554 cleanup_enqueued=0 stage2_tasks_done=15573 stage2_finalized_live=15573 cleanup_processed=0 stale=0 stage2_completion_ratio=0.634235 live_stage2_completion_ratio=0.634235 avg_stage2_delay_ms=15156.426463 p99_stage2_delay_upper_ms=30000.000000 p99_stage2_delay_over_30s=false stage2_delay_histogram=0,0,0,0,0,0,41,205,183,127,301,334,1710,256,1541,3107,7768,0 max_stage2_delay_ms=29136.663934 compaction_batch_target=32 compaction_max_delay_ms=25.000000 stage2_rate_per_sec=207.530170 stage1_search_budget_exhausted=0 stage2_search_budget_exhausted=0 stage2_continuations=15957 stage2_remote_frontier_items=19634572 avg_stage2_remote_frontier=1230.467632 stage2_remote_expansions=472791 avg_stage2_remote_expansions=29.629066 stage2_scored_candidates=33188122 avg_stage2_scored_candidates=2079.847214 stage2_graph_read_waves=101552 avg_stage2_expansions_per_graph_wave=4.655654 stage2_graph_unique_reads=494680 stage2_graph_prefetch_issued=351156 stage2_graph_prefetch_hits=334827 stage2_graph_prefetch_wasted=15200 stage2_graph_prefetch_promotion_ratio=0.956575 stage2_graph_issue_width_current=16 stage2_vector_read_waves=214674 avg_stage2_scores_per_vector_wave=154.597772 stage2_vector_unique_reads=22346003 stage2_home_rpc_batches=167876 stage2_home_rpc_items=19859107 avg_stage2_home_rpc_batch=118.296284 stage2_home_score_rpc_batches=77466 stage2_home_score_rpc_items=19364439 stage2_home_score_rpc_queries=459350 stage2_home_score_rpc_request_bytes=514676840 stage2_home_score_rpc_response_bytes=622858656 avg_stage2_home_score_queries_per_rpc=5.929698 avg_stage2_home_score_rpc_batch=249.973395 stage2_home_scored_neighbors=30210357 home_scores_per_expansion=1.521234 stage2_migrations=2506 home_match_rate=0.839080 stage2_final_edges=588629 stage2_cross_edges_stage1_home=123173 stage2_cross_edges_final_home=78227 cross_edge_reduction_ratio=0.364901 failed=0 rpc_timeouts=0 reverse_aggregate_batches=0 reverse_aggregate_logical_requests=0 reverse_aggregate_ops=0 avg_reverse_aggregate_logicals=0.000000 avg_reverse_aggregate_ops=0.000000 max_backlog=9848 admission_window=65536 completion_outstanding=9309 completion_incomplete=8981 completed_behind_hole=328 completion_logical_full_failures=0 completion_physical_full_failures=0 pressure_yields=602936 stage2_batches=2011 avg_stage2_batch_size=7.934858 packing_target_batch=8 packing_admit_queue_avg=6137.548483 packing_admit_queue_max=9848 packing_batch_1_7=39 packing_batch_8=1972 packing_assembly_batches=2011 packing_assembly_wait_ms=28188155.962737 packing_arrival_interval_us=2416 packing_waited_batches=39 packing_wait_ms=719.691000 packing_target_flushes=1972 packing_deadline_flushes=39 packing_cleanup_flushes=0 stage2_phase_search_attempts=1968 stage2_phase_search_task_attempts=15613 stage2_phase_search_elapsed_ms=2211820.561807 avg_stage2_phase_search_us_per_task=141665.314918 stage2_phase_freeze_prune_attempts=2322 stage2_phase_freeze_prune_task_attempts=18434 stage2_phase_freeze_prune_elapsed_ms=82935.358836 avg_stage2_phase_freeze_prune_us_per_task=4499.043009 stage2_phase_reverse_prepare_attempts=1965 stage2_phase_reverse_prepare_task_attempts=15589 stage2_phase_reverse_prepare_elapsed_ms=271231.569565 avg_stage2_phase_reverse_prepare_us_per_task=17398.907535 stage2_phase_placement_authority_attempts=1963 stage2_phase_placement_authority_task_attempts=15573 stage2_phase_placement_authority_elapsed_ms=89087.329743 avg_stage2_phase_placement_authority_us_per_task=5720.627351 stage2_phase_completion_handoff_attempts=1963 stage2_phase_completion_handoff_task_attempts=15573 stage2_phase_completion_handoff_elapsed_ms=5.560010 avg_stage2_phase_completion_handoff_us_per_task=0.357029 stage2_phase_finalize_attempts=1963 stage2_phase_finalize_task_attempts=15573 stage2_phase_finalize_elapsed_ms=25.049354 avg_stage2_phase_finalize_us_per_task=1.608512 maintenance_worker_idle_waits=488832 maintenance_worker_idle_ms=285230.199885 maintenance_lost_wake_avoided=127191 maintenance_targeted_wakes=1448573 maintenance_generic_wakes=12673 maintenance_broadcast_wakes=0 maintenance_context_slots_scanned=6225296 maintenance_ready_notifications=477628 maintenance_ready_stale_notifications=60 maintenance_ready_tickets_drained=375872 maintenance_ready_overflow_scans=0 maintenance_ready_fallback_scans=389298 stage2_search_lane_lease_limit=32 stage2_search_lane_lease_peak=32 stage2_search_lane_lease_blocked=1909 maintenance_worker_observed_idle_ratio=0.475132 maintenance_worker_observed_busy_ratio=0.524868 physical_stage1_items=24568 physical_stage1_total_ns=112585539566 physical_stage1_search_ns=105577972859 physical_stage1_prune_ns=4022332289 physical_stage1_allocate_write_ns=2151917830 physical_stage1_backlink_ns=545852205 physical_stage1_candidates=3143612 physical_stage1_remote_frontier_items=31832425 physical_stage1_neighbors=907320 peer_stage1_enqueued=19558 peer_stage1_processed=19541 peer_stage1_items=39250 avg_peer_stage1_items=2.008597 peer_stage1_rate_per_sec=523.056520 peer_stage1_max_queue=47 peer_stage1_active_workers=3 peer_stage2_home_enqueued=137652 peer_stage2_home_processed=137652 peer_stage2_home_items=16396616 avg_peer_stage2_home_items=119.116439 peer_stage2_home_max_queue=36 peer_stage2_home_response_queue_drops=0 peer_stage2_home_response_send_wait_ms=5712.908608 avg_peer_stage2_home_queue_wait_us=92.452482 avg_peer_stage2_home_execution_us=67.753535 peer_stage1_release_deferred_batches=83 peer_stage1_release_deferred_items=146 peer_stage1_duplicate_retry_responses=0 peer_stage1_admission_retry_responses=0 peer_stage1_retry_response_drops=0 peer_stage1_admission_waiters=0 peer_stage1_admission_waiter_items=0 peer_stage1_admission_owned_items=0 peer_stage1_admission_wake_coverage=0 peer_stage1_admission_parked=0 peer_stage1_admission_woken=0 peer_stage1_admission_reparked=0 peer_stage1_max_admission_waiters=0 peer_stage1_duplicate_coalesced=20 peer_reverse_enqueued=7179 peer_reverse_processed=7171 peer_reverse_remaining=8 peer_reverse_items_enqueued=98740 peer_reverse_items_processed=98558 peer_reverse_rate_per_sec=1313.411579 peer_reverse_failed=5 peer_reverse_max_queue=25 reclaim_pending=54 reclaim_reused=2452 dynamic_high_watermark=20005256480 stage2_remaining=8597 cleanup_remaining=0 active_contexts=48 active_context_limit=48 repair_remaining=0 remaining=8981
[STATUS]: storage-owner maintenance observation: enqueued=26512 stage2_enqueued=26512 cleanup_enqueued=0 stage2_tasks_done=16949 stage2_finalized_live=16949 cleanup_processed=0 stale=0 stage2_completion_ratio=0.639295 live_stage2_completion_ratio=0.639295 avg_stage2_delay_ms=16364.047324 p99_stage2_delay_upper_ms=30000.000000 p99_stage2_delay_over_30s=true stage2_delay_histogram=0,0,0,0,0,0,41,205,183,127,301,334,1710,256,1541,3107,8502,642 max_stage2_delay_ms=31933.694634 compaction_batch_target=32 compaction_max_delay_ms=25.000000 stage2_rate_per_sec=211.757233 stage1_search_budget_exhausted=0 stage2_search_budget_exhausted=0 stage2_continuations=17309 stage2_remote_frontier_items=21360327 avg_stage2_remote_frontier=1234.058987 stage2_remote_expansions=517033 avg_stage2_remote_expansions=29.870761 stage2_scored_candidates=36145833 avg_stage2_scored_candidates=2088.268126 stage2_graph_read_waves=110184 avg_stage2_expansions_per_graph_wave=4.692451 stage2_graph_unique_reads=537089 stage2_graph_prefetch_issued=381660 stage2_graph_prefetch_hits=364037 stage2_graph_prefetch_wasted=16534 stage2_graph_prefetch_promotion_ratio=0.956555 stage2_graph_issue_width_current=16 stage2_vector_read_waves=234460 avg_stage2_scores_per_vector_wave=154.166310 stage2_vector_unique_reads=24354022 stage2_home_rpc_batches=181983 stage2_home_rpc_items=21637606 avg_stage2_home_rpc_batch=118.899051 stage2_home_score_rpc_batches=84482 stage2_home_score_rpc_items=21100517 stage2_home_score_rpc_queries=501024 stage2_home_score_rpc_request_bytes=560917704 stage2_home_score_rpc_response_bytes=678718456 avg_stage2_home_score_queries_per_rpc=5.930541 avg_stage2_home_score_rpc_batch=249.763464 stage2_home_scored_neighbors=32892006 home_scores_per_expansion=1.520131 stage2_migrations=2723 home_match_rate=0.839342 stage2_final_edges=640492 stage2_cross_edges_stage1_home=134848 stage2_cross_edges_final_home=86142 cross_edge_reduction_ratio=0.361192 failed=0 rpc_timeouts=0 reverse_aggregate_batches=0 reverse_aggregate_logical_requests=0 reverse_aggregate_ops=0 avg_reverse_aggregate_logicals=0.000000 avg_reverse_aggregate_ops=0.000000 max_backlog=9848 admission_window=65536 completion_outstanding=10067 completion_incomplete=9563 completed_behind_hole=504 completion_logical_full_failures=0 completion_physical_full_failures=0 pressure_yields=663794 stage2_batches=2180 avg_stage2_batch_size=7.939908 packing_target_batch=8 packing_admit_queue_avg=6335.191743 packing_admit_queue_max=9848 packing_batch_1_7=39 packing_batch_8=2141 packing_assembly_batches=2180 packing_assembly_wait_ms=33150390.156013 packing_arrival_interval_us=2871 packing_waited_batches=39 packing_wait_ms=719.691000 packing_target_flushes=2141 packing_deadline_flushes=39 packing_cleanup_flushes=0 stage2_phase_search_attempts=2141 stage2_phase_search_task_attempts=16997 stage2_phase_search_elapsed_ms=2418881.515753 avg_stage2_phase_search_us_per_task=142312.261914 stage2_phase_freeze_prune_attempts=2530 stage2_phase_freeze_prune_task_attempts=20098 stage2_phase_freeze_prune_elapsed_ms=89033.710611 avg_stage2_phase_freeze_prune_us_per_task=4429.978635 stage2_phase_reverse_prepare_attempts=2136 stage2_phase_reverse_prepare_task_attempts=16957 stage2_phase_reverse_prepare_elapsed_ms=297100.232265 avg_stage2_phase_reverse_prepare_us_per_task=17520.801573 stage2_phase_placement_authority_attempts=2135 stage2_phase_placement_authority_task_attempts=16949 stage2_phase_placement_authority_elapsed_ms=96067.305428 avg_stage2_phase_placement_authority_us_per_task=5668.022032 stage2_phase_completion_handoff_attempts=2135 stage2_phase_completion_handoff_task_attempts=16949 stage2_phase_completion_handoff_elapsed_ms=6.016613 avg_stage2_phase_completion_handoff_us_per_task=0.354983 stage2_phase_finalize_attempts=2135 stage2_phase_finalize_task_attempts=16949 stage2_phase_finalize_elapsed_ms=27.306301 avg_stage2_phase_finalize_us_per_task=1.611086 maintenance_worker_idle_waits=535616 maintenance_worker_idle_ms=298379.085223 maintenance_lost_wake_avoided=140518 maintenance_targeted_wakes=1597151 maintenance_generic_wakes=13686 maintenance_broadcast_wakes=0 maintenance_context_slots_scanned=6864560 maintenance_ready_notifications=520955 maintenance_ready_stale_notifications=65 maintenance_ready_tickets_drained=409664 maintenance_ready_overflow_scans=0 maintenance_ready_fallback_scans=429262 stage2_search_lane_lease_limit=32 stage2_search_lane_lease_peak=32 stage2_search_lane_lease_blocked=1909 maintenance_worker_observed_idle_ratio=0.465986 maintenance_worker_observed_busy_ratio=0.534014 physical_stage1_items=26525 physical_stage1_total_ns=122227387720 physical_stage1_search_ns=114648240703 physical_stage1_prune_ns=4363750933 physical_stage1_allocate_write_ns=2311877354 physical_stage1_backlink_ns=592738165 physical_stage1_candidates=3394013 physical_stage1_remote_frontier_items=35261920 physical_stage1_neighbors=986954 peer_stage1_enqueued=21282 peer_stage1_processed=21277 peer_stage1_items=42426 avg_peer_stage1_items=1.993984 peer_stage1_rate_per_sec=530.061499 peer_stage1_max_queue=47 peer_stage1_active_workers=3 peer_stage2_home_enqueued=151621 peer_stage2_home_processed=151621 peer_stage2_home_items=17975757 avg_peer_stage2_home_items=118.557172 peer_stage2_home_max_queue=40 peer_stage2_home_response_queue_drops=0 peer_stage2_home_response_send_wait_ms=6184.038482 avg_peer_stage2_home_queue_wait_us=94.869176 avg_peer_stage2_home_execution_us=67.345944 peer_stage1_release_deferred_batches=95 peer_stage1_release_deferred_items=172 peer_stage1_duplicate_retry_responses=0 peer_stage1_admission_retry_responses=0 peer_stage1_retry_response_drops=0 peer_stage1_admission_waiters=0 peer_stage1_admission_waiter_items=0 peer_stage1_admission_owned_items=0 peer_stage1_admission_wake_coverage=0 peer_stage1_admission_parked=0 peer_stage1_admission_woken=0 peer_stage1_admission_reparked=0 peer_stage1_max_admission_waiters=0 peer_stage1_duplicate_coalesced=22 peer_reverse_enqueued=7840 peer_reverse_processed=7839 peer_reverse_remaining=1 peer_reverse_items_enqueued=108533 peer_reverse_items_processed=108420 peer_reverse_rate_per_sec=1354.576622 peer_reverse_failed=6 peer_reverse_max_queue=32 reclaim_pending=53 reclaim_reused=2670 dynamic_high_watermark=20007179968 stage2_remaining=9203 cleanup_remaining=0 active_contexts=45 active_context_limit=48 repair_remaining=0 remaining=9563
[STATUS]: storage-owner maintenance observation: enqueued=29174 stage2_enqueued=29174 cleanup_enqueued=0 stage2_tasks_done=18149 stage2_finalized_live=18149 cleanup_processed=0 stale=0 stage2_completion_ratio=0.622095 live_stage2_completion_ratio=0.622095 avg_stage2_delay_ms=17477.975958 p99_stage2_delay_upper_ms=30000.000000 p99_stage2_delay_over_30s=true stage2_delay_histogram=0,0,0,0,0,0,41,205,183,127,301,334,1710,256,1541,3107,8502,1842 max_stage2_delay_ms=35446.873810 compaction_batch_target=32 compaction_max_delay_ms=25.000000 stage2_rate_per_sec=213.378402 stage1_search_budget_exhausted=0 stage2_search_budget_exhausted=0 stage2_continuations=18501 stage2_remote_frontier_items=22746934 avg_stage2_remote_frontier=1229.497541 stage2_remote_expansions=556815 avg_stage2_remote_expansions=30.096481 stage2_scored_candidates=38675567 avg_stage2_scored_candidates=2090.458191 stage2_graph_read_waves=119275 avg_stage2_expansions_per_graph_wave=4.668329 stage2_graph_unique_reads=577660 stage2_graph_prefetch_issued=410028 stage2_graph_prefetch_hits=391788 stage2_graph_prefetch_wasted=17882 stage2_graph_prefetch_promotion_ratio=0.956350 stage2_graph_issue_width_current=16 stage2_vector_read_waves=253370 avg_stage2_scores_per_vector_wave=152.644619 stage2_vector_unique_reads=25963676 stage2_home_rpc_batches=195167 stage2_home_rpc_items=23037527 avg_stage2_home_rpc_batch=118.040073 stage2_home_score_rpc_batches=89973 stage2_home_score_rpc_items=22459867 stage2_home_score_rpc_queries=532601 stage2_home_score_rpc_request_bytes=597012932 stage2_home_score_rpc_response_bytes=722454416 avg_stage2_home_score_queries_per_rpc=5.919565 avg_stage2_home_score_rpc_batch=249.628966 stage2_home_scored_neighbors=35171558 home_scores_per_expansion=1.526707 stage2_migrations=2902 home_match_rate=0.840101 stage2_final_edges=685029 stage2_cross_edges_stage1_home=144416 stage2_cross_edges_final_home=92511 cross_edge_reduction_ratio=0.359413 failed=0 rpc_timeouts=0 reverse_aggregate_batches=0 reverse_aggregate_logical_requests=0 reverse_aggregate_ops=0 avg_reverse_aggregate_logicals=0.000000 avg_reverse_aggregate_ops=0.000000 max_backlog=10687 admission_window=65536 completion_outstanding=11321 completion_incomplete=11025 completed_behind_hole=296 completion_logical_full_failures=0 completion_physical_full_failures=0 pressure_yields=717370 stage2_batches=2329 avg_stage2_batch_size=7.943753 packing_target_batch=8 packing_admit_queue_avg=6559.689996 packing_admit_queue_max=10687 packing_batch_1_7=39 packing_batch_8=2290 packing_assembly_batches=2329 packing_assembly_wait_ms=38001355.472811 packing_arrival_interval_us=6630 packing_waited_batches=39 packing_wait_ms=719.691000 packing_target_flushes=2290 packing_deadline_flushes=39 packing_cleanup_flushes=0 stage2_phase_search_attempts=2306 stage2_phase_search_task_attempts=18317 stage2_phase_search_elapsed_ms=2628464.461817 avg_stage2_phase_search_us_per_task=143498.633063 stage2_phase_freeze_prune_attempts=2729 stage2_phase_freeze_prune_task_attempts=21690 stage2_phase_freeze_prune_elapsed_ms=96458.788318 avg_stage2_phase_freeze_prune_us_per_task=4447.154833 stage2_phase_reverse_prepare_attempts=2301 stage2_phase_reverse_prepare_task_attempts=18277 stage2_phase_reverse_prepare_elapsed_ms=325494.842336 avg_stage2_phase_reverse_prepare_us_per_task=17808.986285 stage2_phase_placement_authority_attempts=2285 stage2_phase_placement_authority_task_attempts=18149 stage2_phase_placement_authority_elapsed_ms=103764.720167 avg_stage2_phase_placement_authority_us_per_task=5717.379479 stage2_phase_completion_handoff_attempts=2285 stage2_phase_completion_handoff_task_attempts=18149 stage2_phase_completion_handoff_elapsed_ms=6.448364 avg_stage2_phase_completion_handoff_us_per_task=0.355301 stage2_phase_finalize_attempts=2285 stage2_phase_finalize_task_attempts=18149 stage2_phase_finalize_elapsed_ms=29.455504 avg_stage2_phase_finalize_us_per_task=1.622982 maintenance_worker_idle_waits=575744 maintenance_worker_idle_ms=311111.933046 maintenance_lost_wake_avoided=150646 maintenance_targeted_wakes=1717833 maintenance_generic_wakes=14891 maintenance_broadcast_wakes=0 maintenance_context_slots_scanned=7371168 maintenance_ready_notifications=561488 maintenance_ready_stale_notifications=68 maintenance_ready_tickets_drained=442109 maintenance_ready_overflow_scans=0 maintenance_ready_fallback_scans=460776 stage2_search_lane_lease_limit=32 stage2_search_lane_lease_peak=32 stage2_search_lane_lease_blocked=1912 maintenance_worker_observed_idle_ratio=0.457219 maintenance_worker_observed_busy_ratio=0.542781 physical_stage1_items=29182 physical_stage1_total_ns=133837117889 physical_stage1_search_ns=125374812575 physical_stage1_prune_ns=4821108761 physical_stage1_allocate_write_ns=2652683094 physical_stage1_backlink_ns=646931177 physical_stage1_candidates=3733951 physical_stage1_remote_frontier_items=38111131 physical_stage1_neighbors=1091262 peer_stage1_enqueued=23165 peer_stage1_processed=23165 peer_stage1_items=46679 avg_peer_stage1_items=2.015066 peer_stage1_rate_per_sec=548.806570 peer_stage1_max_queue=47 peer_stage1_active_workers=0 peer_stage2_home_enqueued=162431 peer_stage2_home_processed=162431 peer_stage2_home_items=19251972 avg_peer_stage2_home_items=118.524001 peer_stage2_home_max_queue=40 peer_stage2_home_response_queue_drops=0 peer_stage2_home_response_send_wait_ms=6633.435667 avg_peer_stage2_home_queue_wait_us=94.939336 avg_peer_stage2_home_execution_us=67.160244 peer_stage1_release_deferred_batches=97 peer_stage1_release_deferred_items=177 peer_stage1_duplicate_retry_responses=0 peer_stage1_admission_retry_responses=0 peer_stage1_retry_response_drops=0 peer_stage1_admission_waiters=0 peer_stage1_admission_waiter_items=0 peer_stage1_admission_owned_items=0 peer_stage1_admission_wake_coverage=0 peer_stage1_admission_parked=0 peer_stage1_admission_woken=0 peer_stage1_admission_reparked=0 peer_stage1_max_admission_waiters=0 peer_stage1_duplicate_coalesced=22 peer_reverse_enqueued=8460 peer_reverse_processed=8460 peer_reverse_remaining=0 peer_reverse_items_enqueued=116634 peer_reverse_items_processed=116634 peer_reverse_rate_per_sec=1371.269854 peer_reverse_failed=6 peer_reverse_max_queue=32 reclaim_pending=35 reclaim_reused=2867 dynamic_high_watermark=20009798848 stage2_remaining=10673 cleanup_remaining=0 active_contexts=44 active_context_limit=48 repair_remaining=0 remaining=11025
[STATUS]: storage-owner maintenance observation: enqueued=30955 stage2_enqueued=30955 cleanup_enqueued=0 stage2_tasks_done=19685 stage2_finalized_live=19685 cleanup_processed=0 stale=0 stage2_completion_ratio=0.635923 live_stage2_completion_ratio=0.635923 avg_stage2_delay_ms=18823.751106 p99_stage2_delay_upper_ms=30000.000000 p99_stage2_delay_over_30s=true stage2_delay_histogram=0,0,0,0,0,0,41,205,183,127,301,334,1710,256,1541,3107,8502,3378 max_stage2_delay_ms=36656.926767 compaction_batch_target=32 compaction_max_delay_ms=25.000000 stage2_rate_per_sec=218.587355 stage1_search_budget_exhausted=0 stage2_search_budget_exhausted=0 stage2_continuations=20061 stage2_remote_frontier_items=25025374 avg_stage2_remote_frontier=1247.463935 stage2_remote_expansions=613845 avg_stage2_remote_expansions=30.598923 stage2_scored_candidates=42794750 avg_stage2_scored_candidates=2133.231145 stage2_graph_read_waves=133077 avg_stage2_expansions_per_graph_wave=4.612705 stage2_graph_unique_reads=641127 stage2_graph_prefetch_issued=453230 stage2_graph_prefetch_hits=431857 stage2_graph_prefetch_wasted=20145 stage2_graph_prefetch_promotion_ratio=0.955432 stage2_graph_issue_width_current=16 stage2_vector_read_waves=279765 avg_stage2_scores_per_vector_wave=152.966776 stage2_vector_unique_reads=28648525 stage2_home_rpc_batches=215394 stage2_home_rpc_items=25407480 avg_stage2_home_rpc_batch=117.958160 stage2_home_score_rpc_batches=99250 stage2_home_score_rpc_items=24766354 stage2_home_score_rpc_queries=587214 stage2_home_score_rpc_request_bytes=658371672 stage2_home_score_rpc_response_bytes=796666000 avg_stage2_home_score_queries_per_rpc=5.916514 avg_stage2_home_score_rpc_batch=249.535053 stage2_home_scored_neighbors=38912910 home_scores_per_expansion=1.531553 stage2_migrations=3223 home_match_rate=0.836271 stage2_final_edges=739258 stage2_cross_edges_stage1_home=158705 stage2_cross_edges_final_home=100712 cross_edge_reduction_ratio=0.365414 failed=0 rpc_timeouts=0 reverse_aggregate_batches=0 reverse_aggregate_logical_requests=0 reverse_aggregate_ops=0 avg_reverse_aggregate_logicals=0.000000 avg_reverse_aggregate_ops=0.000000 max_backlog=11606 admission_window=65536 completion_outstanding=11478 completion_incomplete=11270 completed_behind_hole=208 completion_logical_full_failures=0 completion_physical_full_failures=0 pressure_yields=796130 stage2_batches=2524 avg_stage2_batch_size=7.948098 packing_target_batch=8 packing_admit_queue_avg=6904.402536 packing_admit_queue_max=11606 packing_batch_1_7=39 packing_batch_8=2485 packing_assembly_batches=2524 packing_assembly_wait_ms=44499551.143847 packing_arrival_interval_us=1685 packing_waited_batches=39 packing_wait_ms=719.691000 packing_target_flushes=2485 packing_deadline_flushes=39 packing_cleanup_flushes=0 stage2_phase_search_attempts=2491 stage2_phase_search_task_attempts=19797 stage2_phase_search_elapsed_ms=2831373.258838 avg_stage2_phase_search_us_per_task=143020.319182 stage2_phase_freeze_prune_attempts=2962 stage2_phase_freeze_prune_task_attempts=23554 stage2_phase_freeze_prune_elapsed_ms=102165.852889 avg_stage2_phase_freeze_prune_us_per_task=4337.516044 stage2_phase_reverse_prepare_attempts=2482 stage2_phase_reverse_prepare_task_attempts=19725 stage2_phase_reverse_prepare_elapsed_ms=346231.102560 avg_stage2_phase_reverse_prepare_us_per_task=17552.907608 stage2_phase_placement_authority_attempts=2477 stage2_phase_placement_authority_task_attempts=19685 stage2_phase_placement_authority_elapsed_ms=110632.677343 avg_stage2_phase_placement_authority_us_per_task=5620.151249 stage2_phase_completion_handoff_attempts=2477 stage2_phase_completion_handoff_task_attempts=19685 stage2_phase_completion_handoff_elapsed_ms=6.940324 avg_stage2_phase_completion_handoff_us_per_task=0.352569 stage2_phase_finalize_attempts=2477 stage2_phase_finalize_task_attempts=19685 stage2_phase_finalize_elapsed_ms=32.116556 avg_stage2_phase_finalize_us_per_task=1.631524 maintenance_worker_idle_waits=636544 maintenance_worker_idle_ms=325223.871972 maintenance_lost_wake_avoided=169091 maintenance_targeted_wakes=1918062 maintenance_generic_wakes=15708 maintenance_broadcast_wakes=0 maintenance_context_slots_scanned=8196720 maintenance_ready_notifications=620922 maintenance_ready_stale_notifications=73 maintenance_ready_tickets_drained=489544 maintenance_ready_overflow_scans=0 maintenance_ready_fallback_scans=512533 stage2_search_lane_lease_limit=32 stage2_search_lane_lease_peak=32 stage2_search_lane_lease_blocked=1914 maintenance_worker_observed_idle_ratio=0.451421 maintenance_worker_observed_busy_ratio=0.548579 physical_stage1_items=30955 physical_stage1_total_ns=141320796783 physical_stage1_search_ns=132212810996 physical_stage1_prune_ns=5109227576 physical_stage1_allocate_write_ns=2955253505 physical_stage1_backlink_ns=681527145 physical_stage1_candidates=3960823 physical_stage1_remote_frontier_items=40057098 physical_stage1_neighbors=1159548 peer_stage1_enqueued=24434 peer_stage1_processed=24434 peer_stage1_items=49522 avg_peer_stage1_items=2.026766 peer_stage1_rate_per_sec=549.905155 peer_stage1_max_queue=47 peer_stage1_active_workers=0 peer_stage2_home_enqueued=176785 peer_stage2_home_processed=176784 peer_stage2_home_items=20934103 avg_peer_stage2_home_items=118.416276 peer_stage2_home_max_queue=40 peer_stage2_home_response_queue_drops=0 peer_stage2_home_response_send_wait_ms=7231.704725 avg_peer_stage2_home_queue_wait_us=92.531678 avg_peer_stage2_home_execution_us=67.708173 peer_stage1_release_deferred_batches=99 peer_stage1_release_deferred_items=179 peer_stage1_duplicate_retry_responses=0 peer_stage1_admission_retry_responses=0 peer_stage1_retry_response_drops=0 peer_stage1_admission_waiters=0 peer_stage1_admission_waiter_items=0 peer_stage1_admission_owned_items=0 peer_stage1_admission_wake_coverage=0 peer_stage1_admission_parked=0 peer_stage1_admission_woken=0 peer_stage1_admission_reparked=0 peer_stage1_max_admission_waiters=0 peer_stage1_duplicate_coalesced=22 peer_reverse_enqueued=9258 peer_reverse_processed=9258 peer_reverse_remaining=0 peer_reverse_items_enqueued=128476 peer_reverse_items_processed=128476 peer_reverse_rate_per_sec=1426.630885 peer_reverse_failed=6 peer_reverse_max_queue=32 reclaim_pending=71 reclaim_reused=3152 dynamic_high_watermark=20011551712 stage2_remaining=10894 cleanup_remaining=0 active_contexts=47 active_context_limit=48 repair_remaining=0 remaining=11270
[STATUS]: storage-owner maintenance observation: enqueued=33337 stage2_enqueued=33337 cleanup_enqueued=0 stage2_tasks_done=20877 stage2_finalized_live=20877 cleanup_processed=0 stale=0 stage2_completion_ratio=0.626241 live_stage2_completion_ratio=0.626241 avg_stage2_delay_ms=19702.534062 p99_stage2_delay_upper_ms=30000.000000 p99_stage2_delay_over_30s=true stage2_delay_histogram=0,0,0,0,0,0,41,205,183,127,301,334,1710,256,1541,3107,8502,4570 max_stage2_delay_ms=36656.926767 compaction_batch_target=32 compaction_max_delay_ms=25.000000 stage2_rate_per_sec=219.629092 stage1_search_budget_exhausted=0 stage2_search_budget_exhausted=0 stage2_continuations=21261 stage2_remote_frontier_items=26812627 avg_stage2_remote_frontier=1261.117868 stage2_remote_expansions=660739 avg_stage2_remote_expansions=31.077513 stage2_scored_candidates=45933999 avg_stage2_scored_candidates=2160.481586 stage2_graph_read_waves=143153 avg_stage2_expansions_per_graph_wave=4.615614 stage2_graph_unique_reads=686904 stage2_graph_prefetch_issued=485032 stage2_graph_prefetch_hits=462234 stage2_graph_prefetch_wasted=21978 stage2_graph_prefetch_promotion_ratio=0.954611 stage2_graph_issue_width_current=16 stage2_vector_read_waves=301097 avg_stage2_scores_per_vector_wave=152.555485 stage2_vector_unique_reads=30662294 stage2_home_rpc_batches=231692 stage2_home_rpc_items=27163432 avg_stage2_home_rpc_batch=117.239404 stage2_home_score_rpc_batches=106181 stage2_home_score_rpc_items=26476550 stage2_home_score_rpc_queries=626648 stage2_home_score_rpc_request_bytes=703743944 stage2_home_score_rpc_response_bytes=851688056 avg_stage2_home_score_queries_per_rpc=5.901696 avg_stage2_home_score_rpc_batch=249.352992 stage2_home_scored_neighbors=41748188 home_scores_per_expansion=1.536926 stage2_migrations=3479 home_match_rate=0.833357 stage2_final_edges=784600 stage2_cross_edges_stage1_home=171355 stage2_cross_edges_final_home=108391 cross_edge_reduction_ratio=0.367448 failed=0 rpc_timeouts=0 reverse_aggregate_batches=0 reverse_aggregate_logical_requests=0 reverse_aggregate_ops=0 avg_reverse_aggregate_logicals=0.000000 avg_reverse_aggregate_ops=0.000000 max_backlog=12076 admission_window=65536 completion_outstanding=12596 completion_incomplete=12460 completed_behind_hole=136 completion_logical_full_failures=0 completion_physical_full_failures=0 pressure_yields=851985 stage2_batches=2674 avg_stage2_batch_size=7.951010 packing_target_batch=8 packing_admit_queue_avg=7143.058340 packing_admit_queue_max=12036 packing_batch_1_7=39 packing_batch_8=2635 packing_assembly_batches=2674 packing_assembly_wait_ms=49415965.352949 packing_arrival_interval_us=2038 packing_waited_batches=39 packing_wait_ms=719.691000 packing_target_flushes=2635 packing_deadline_flushes=39 packing_cleanup_flushes=0 stage2_phase_search_attempts=2650 stage2_phase_search_task_attempts=21069 stage2_phase_search_elapsed_ms=3026338.780027 avg_stage2_phase_search_us_per_task=143639.412408 stage2_phase_freeze_prune_attempts=3139 stage2_phase_freeze_prune_task_attempts=24970 stage2_phase_freeze_prune_elapsed_ms=109090.876662 avg_stage2_phase_freeze_prune_us_per_task=4368.877720 stage2_phase_reverse_prepare_attempts=2633 stage2_phase_reverse_prepare_task_attempts=20933 stage2_phase_reverse_prepare_elapsed_ms=372850.208976 avg_stage2_phase_reverse_prepare_us_per_task=17811.599340 stage2_phase_placement_authority_attempts=2626 stage2_phase_placement_authority_task_attempts=20877 stage2_phase_placement_authority_elapsed_ms=119583.278827 avg_stage2_phase_placement_authority_us_per_task=5727.991513 stage2_phase_completion_handoff_attempts=2626 stage2_phase_completion_handoff_task_attempts=20877 stage2_phase_completion_handoff_elapsed_ms=7.356113 avg_stage2_phase_completion_handoff_us_per_task=0.352355 stage2_phase_finalize_attempts=2626 stage2_phase_finalize_task_attempts=20877 stage2_phase_finalize_elapsed_ms=34.384596 avg_stage2_phase_finalize_us_per_task=1.647008 maintenance_worker_idle_waits=678208 maintenance_worker_idle_ms=336892.785192 maintenance_lost_wake_avoided=180581 maintenance_targeted_wakes=2054856 maintenance_generic_wakes=16822 maintenance_broadcast_wakes=0 maintenance_context_slots_scanned=8733696 maintenance_ready_notifications=667296 maintenance_ready_stale_notifications=74 maintenance_ready_tickets_drained=526259 maintenance_ready_overflow_scans=0 maintenance_ready_fallback_scans=545964 stage2_search_lane_lease_limit=32 stage2_search_lane_lease_peak=32 stage2_search_lane_lease_blocked=1914 maintenance_worker_observed_idle_ratio=0.443020 maintenance_worker_observed_busy_ratio=0.556980 physical_stage1_items=33342 physical_stage1_total_ns=152309822067 physical_stage1_search_ns=142489764789 physical_stage1_prune_ns=5531269205 physical_stage1_allocate_write_ns=3165179294 physical_stage1_backlink_ns=732270829 physical_stage1_candidates=4266284 physical_stage1_remote_frontier_items=43047596 physical_stage1_neighbors=1252943 peer_stage1_enqueued=26032 peer_stage1_processed=25990 peer_stage1_items=53173 avg_peer_stage1_items=2.045902 peer_stage1_rate_per_sec=559.387732 peer_stage1_max_queue=47 peer_stage1_active_workers=3 peer_stage2_home_enqueued=187296 peer_stage2_home_processed=187296 peer_stage2_home_items=22177640 avg_peer_stage2_home_items=118.409576 peer_stage2_home_max_queue=40 peer_stage2_home_response_queue_drops=0 peer_stage2_home_response_send_wait_ms=7727.281770 avg_peer_stage2_home_queue_wait_us=92.956803 avg_peer_stage2_home_execution_us=67.733342 peer_stage1_release_deferred_batches=112 peer_stage1_release_deferred_items=203 peer_stage1_duplicate_retry_responses=0 peer_stage1_admission_retry_responses=0 peer_stage1_retry_response_drops=0 peer_stage1_admission_waiters=0 peer_stage1_admission_waiter_items=0 peer_stage1_admission_owned_items=0 peer_stage1_admission_wake_coverage=0 peer_stage1_admission_parked=0 peer_stage1_admission_woken=0 peer_stage1_admission_reparked=0 peer_stage1_max_admission_waiters=0 peer_stage1_duplicate_coalesced=28 peer_reverse_enqueued=9894 peer_reverse_processed=9894 peer_reverse_remaining=0 peer_reverse_items_enqueued=136326 peer_reverse_items_processed=136326 peer_reverse_rate_per_sec=1434.169446 peer_reverse_failed=7 peer_reverse_max_queue=32 reclaim_pending=18 reclaim_reused=3461 dynamic_high_watermark=20013777760 stage2_remaining=12076 cleanup_remaining=0 active_contexts=48 active_context_limit=48 repair_remaining=0 remaining=12460
[STATUS]: storage-owner maintenance observation: enqueued=36241 stage2_enqueued=36241 cleanup_enqueued=0 stage2_tasks_done=21925 stage2_finalized_live=21925 cleanup_processed=0 stale=0 stage2_completion_ratio=0.604978 live_stage2_completion_ratio=0.604978 avg_stage2_delay_ms=20444.423508 p99_stage2_delay_upper_ms=30000.000000 p99_stage2_delay_over_30s=true stage2_delay_histogram=0,0,0,0,0,0,41,205,183,127,301,334,1710,256,1541,3107,8502,5618 max_stage2_delay_ms=36917.676877 compaction_batch_target=32 compaction_max_delay_ms=25.000000 stage2_rate_per_sec=219.127436 stage1_search_budget_exhausted=0 stage2_search_budget_exhausted=0 stage2_continuations=22301 stage2_remote_frontier_items=28380185 avg_stage2_remote_frontier=1272.596969 stage2_remote_expansions=691181 avg_stage2_remote_expansions=30.993274 stage2_scored_candidates=48495339 avg_stage2_scored_candidates=2174.581364 stage2_graph_read_waves=150513 avg_stage2_expansions_per_graph_wave=4.592168 stage2_graph_unique_reads=720262 stage2_graph_prefetch_issued=508216 stage2_graph_prefetch_hits=483764 stage2_graph_prefetch_wasted=23172 stage2_graph_prefetch_promotion_ratio=0.954290 stage2_graph_issue_width_current=16 stage2_vector_read_waves=316747 avg_stage2_scores_per_vector_wave=153.104336 stage2_vector_unique_reads=32392213 stage2_home_rpc_batches=244129 stage2_home_rpc_items=28708450 avg_stage2_home_rpc_batch=117.595411 stage2_home_score_rpc_batches=112264 stage2_home_score_rpc_items=27988197 stage2_home_score_rpc_queries=663212 stage2_home_score_rpc_request_bytes=744019228 stage2_home_score_rpc_response_bytes=900320592 avg_stage2_home_score_queries_per_rpc=5.907611 avg_stage2_home_score_rpc_batch=249.306964 stage2_home_scored_neighbors=44094856 home_scores_per_expansion=1.535954 stage2_migrations=3669 home_match_rate=0.832657 stage2_final_edges=824777 stage2_cross_edges_stage1_home=181072 stage2_cross_edges_final_home=114449 cross_edge_reduction_ratio=0.367937 failed=0 rpc_timeouts=0 reverse_aggregate_batches=0 reverse_aggregate_logical_requests=0 reverse_aggregate_ops=0 avg_reverse_aggregate_logicals=0.000000 avg_reverse_aggregate_ops=0.000000 max_backlog=13944 admission_window=65536 completion_outstanding=14532 completion_incomplete=14316 completed_behind_hole=216 completion_logical_full_failures=0 completion_physical_full_failures=0 pressure_yields=897758 stage2_batches=2804 avg_stage2_batch_size=7.953281 packing_target_batch=8 packing_admit_queue_avg=7409.518188 packing_admit_queue_max=13944 packing_batch_1_7=39 packing_batch_8=2765 packing_assembly_batches=2804 packing_assembly_wait_ms=53837387.850576 packing_arrival_interval_us=3251 packing_waited_batches=39 packing_wait_ms=719.691000 packing_target_flushes=2765 packing_deadline_flushes=39 packing_cleanup_flushes=0 stage2_phase_search_attempts=2763 stage2_phase_search_task_attempts=21973 stage2_phase_search_elapsed_ms=3197066.563138 avg_stage2_phase_search_us_per_task=145499.775321 stage2_phase_freeze_prune_attempts=3272 stage2_phase_freeze_prune_task_attempts=26034 stage2_phase_freeze_prune_elapsed_ms=115653.008431 avg_stage2_phase_freeze_prune_us_per_task=4442.383361 stage2_phase_reverse_prepare_attempts=2758 stage2_phase_reverse_prepare_task_attempts=21933 stage2_phase_reverse_prepare_elapsed_ms=394943.605345 avg_stage2_phase_reverse_prepare_us_per_task=18006.821016 stage2_phase_placement_authority_attempts=2757 stage2_phase_placement_authority_task_attempts=21925 stage2_phase_placement_authority_elapsed_ms=127848.330148 avg_stage2_phase_placement_authority_us_per_task=5831.166711 stage2_phase_completion_handoff_attempts=2757 stage2_phase_completion_handoff_task_attempts=21925 stage2_phase_completion_handoff_elapsed_ms=7.754981 avg_stage2_phase_completion_handoff_us_per_task=0.353705 stage2_phase_finalize_attempts=2757 stage2_phase_finalize_task_attempts=21925 stage2_phase_finalize_elapsed_ms=36.246239 avg_stage2_phase_finalize_us_per_task=1.653192 maintenance_worker_idle_waits=713280 maintenance_worker_idle_ms=350885.326787 maintenance_lost_wake_avoided=189682 maintenance_targeted_wakes=2160433 maintenance_generic_wakes=18231 maintenance_broadcast_wakes=0 maintenance_context_slots_scanned=9185568 maintenance_ready_notifications=701903 maintenance_ready_stale_notifications=79 maintenance_ready_tickets_drained=553724 maintenance_ready_overflow_scans=0 maintenance_ready_fallback_scans=574323 stage2_search_lane_lease_limit=32 stage2_search_lane_lease_peak=32 stage2_search_lane_lease_blocked=1914 maintenance_worker_observed_idle_ratio=0.438361 maintenance_worker_observed_busy_ratio=0.561639 physical_stage1_items=36247 physical_stage1_total_ns=165188998020 physical_stage1_search_ns=154564051602 physical_stage1_prune_ns=5988083351 physical_stage1_allocate_write_ns=3421706381 physical_stage1_backlink_ns=790365137 physical_stage1_candidates=4638029 physical_stage1_remote_frontier_items=46720029 physical_stage1_neighbors=1360842 peer_stage1_enqueued=28041 peer_stage1_processed=28002 peer_stage1_items=57850 avg_peer_stage1_items=2.065924 peer_stage1_rate_per_sec=578.176610 peer_stage1_max_queue=47 peer_stage1_active_workers=3 peer_stage2_home_enqueued=197609 peer_stage2_home_processed=197609 peer_stage2_home_items=23410444 avg_peer_stage2_home_items=118.468511 peer_stage2_home_max_queue=40 peer_stage2_home_response_queue_drops=0 peer_stage2_home_response_send_wait_ms=8169.544062 avg_peer_stage2_home_queue_wait_us=94.887835 avg_peer_stage2_home_execution_us=67.583412 peer_stage1_release_deferred_batches=112 peer_stage1_release_deferred_items=203 peer_stage1_duplicate_retry_responses=0 peer_stage1_admission_retry_responses=0 peer_stage1_retry_response_drops=0 peer_stage1_admission_waiters=0 peer_stage1_admission_waiter_items=0 peer_stage1_admission_owned_items=0 peer_stage1_admission_wake_coverage=0 peer_stage1_admission_parked=0 peer_stage1_admission_woken=0 peer_stage1_admission_reparked=0 peer_stage1_max_admission_waiters=0 peer_stage1_duplicate_coalesced=28 peer_reverse_enqueued=10474 peer_reverse_processed=10470 peer_reverse_remaining=4 peer_reverse_items_enqueued=143601 peer_reverse_items_processed=143554 peer_reverse_rate_per_sec=1434.737511 peer_reverse_failed=10 peer_reverse_max_queue=32 reclaim_pending=29 reclaim_reused=3640 dynamic_high_watermark=20016629760 stage2_remaining=13940 cleanup_remaining=0 active_contexts=47 active_context_limit=48 repair_remaining=0 remaining=14316
[STATUS]: storage-owner maintenance observation: enqueued=39212 stage2_enqueued=39212 cleanup_enqueued=0 stage2_tasks_done=22725 stage2_finalized_live=22725 cleanup_processed=0 stale=0 stage2_completion_ratio=0.579542 live_stage2_completion_ratio=0.579542 avg_stage2_delay_ms=21052.696184 p99_stage2_delay_upper_ms=30000.000000 p99_stage2_delay_over_30s=true stage2_delay_histogram=0,0,0,0,0,0,41,205,183,127,301,334,1710,256,1541,3107,8502,6418 max_stage2_delay_ms=39517.442217 compaction_batch_target=32 compaction_max_delay_ms=25.000000 stage2_rate_per_sec=216.308433 stage1_search_budget_exhausted=0 stage2_search_budget_exhausted=0 stage2_continuations=23109 stage2_remote_frontier_items=29770221 avg_stage2_remote_frontier=1288.252239 stage2_remote_expansions=732172 avg_stage2_remote_expansions=31.683413 stage2_scored_candidates=51413365 avg_stage2_scored_candidates=2224.819984 stage2_graph_read_waves=158608 avg_stage2_expansions_per_graph_wave=4.616236 stage2_graph_unique_reads=763711 stage2_graph_prefetch_issued=539182 stage2_graph_prefetch_hits=513391 stage2_graph_prefetch_wasted=24604 stage2_graph_prefetch_promotion_ratio=0.954267 stage2_graph_issue_width_current=16 stage2_vector_read_waves=332654 avg_stage2_scores_per_vector_wave=154.555078 stage2_vector_unique_reads=34053424 stage2_home_rpc_batches=256922 stage2_home_rpc_items=30171527 avg_stage2_home_rpc_batch=117.434579 stage2_home_score_rpc_batches=117981 stage2_home_score_rpc_items=29407816 stage2_home_score_rpc_queries=697197 stage2_home_score_rpc_request_bytes=781805256 stage2_home_score_rpc_response_bytes=945992008 avg_stage2_home_score_queries_per_rpc=5.909401 avg_stage2_home_score_rpc_batch=249.258915 stage2_home_scored_neighbors=46770980 home_scores_per_expansion=1.550169 stage2_migrations=3946 home_match_rate=0.826359 stage2_final_edges=856708 stage2_cross_edges_stage1_home=193503 stage2_cross_edges_final_home=119557 cross_edge_reduction_ratio=0.382144 failed=0 rpc_timeouts=0 reverse_aggregate_batches=0 reverse_aggregate_logical_requests=0 reverse_aggregate_ops=0 avg_reverse_aggregate_logicals=0.000000 avg_reverse_aggregate_ops=0.000000 max_backlog=16103 admission_window=65536 completion_outstanding=16735 completion_incomplete=16487 completed_behind_hole=248 completion_logical_full_failures=0 completion_physical_full_failures=0 pressure_yields=946185 stage2_batches=2905 avg_stage2_batch_size=7.954905 packing_target_batch=8 packing_admit_queue_avg=7680.143890 packing_admit_queue_max=16055 packing_batch_1_7=39 packing_batch_8=2866 packing_assembly_batches=2905 packing_assembly_wait_ms=57532227.670856 packing_arrival_interval_us=3037 packing_waited_batches=39 packing_wait_ms=719.691000 packing_target_flushes=2866 packing_deadline_flushes=39 packing_cleanup_flushes=0 stage2_phase_search_attempts=2862 stage2_phase_search_task_attempts=22765 stage2_phase_search_elapsed_ms=3404201.805435 avg_stage2_phase_search_us_per_task=149536.648602 stage2_phase_freeze_prune_attempts=3394 stage2_phase_freeze_prune_task_attempts=27010 stage2_phase_freeze_prune_elapsed_ms=123459.349007 avg_stage2_phase_freeze_prune_us_per_task=4570.875565 stage2_phase_reverse_prepare_attempts=2859 stage2_phase_reverse_prepare_task_attempts=22741 stage2_phase_reverse_prepare_elapsed_ms=412320.523031 avg_stage2_phase_reverse_prepare_us_per_task=18131.151798 stage2_phase_placement_authority_attempts=2857 stage2_phase_placement_authority_task_attempts=22725 stage2_phase_placement_authority_elapsed_ms=133543.034662 avg_stage2_phase_placement_authority_us_per_task=5876.481173 stage2_phase_completion_handoff_attempts=2857 stage2_phase_completion_handoff_task_attempts=22725 stage2_phase_completion_handoff_elapsed_ms=8.061395 avg_stage2_phase_completion_handoff_us_per_task=0.354737 stage2_phase_finalize_attempts=2857 stage2_phase_finalize_task_attempts=22725 stage2_phase_finalize_elapsed_ms=37.899159 avg_stage2_phase_finalize_us_per_task=1.667730 maintenance_worker_idle_waits=750848 maintenance_worker_idle_ms=364390.896142 maintenance_lost_wake_avoided=200097 maintenance_targeted_wakes=2281762 maintenance_generic_wakes=19686 maintenance_broadcast_wakes=0 maintenance_context_slots_scanned=9688048 maintenance_ready_notifications=738641 maintenance_ready_stale_notifications=81 maintenance_ready_tickets_drained=581938 maintenance_ready_overflow_scans=0 maintenance_ready_fallback_scans=605702 stage2_search_lane_lease_limit=32 stage2_search_lane_lease_peak=32 stage2_search_lane_lease_blocked=2017 maintenance_worker_observed_idle_ratio=0.433558 maintenance_worker_observed_busy_ratio=0.566442 physical_stage1_items=39240 physical_stage1_total_ns=178654488776 physical_stage1_search_ns=167116277890 physical_stage1_prune_ns=6464726310 physical_stage1_allocate_write_ns=3757947095 physical_stage1_backlink_ns=849463827 physical_stage1_candidates=5021039 physical_stage1_remote_frontier_items=50650575 physical_stage1_neighbors=1472186 peer_stage1_enqueued=30195 peer_stage1_processed=30186 peer_stage1_items=62676 avg_peer_stage1_items=2.076327 peer_stage1_rate_per_sec=596.582941 peer_stage1_max_queue=47 peer_stage1_active_workers=3 peer_stage2_home_enqueued=207240 peer_stage2_home_processed=207240 peer_stage2_home_items=24589941 avg_peer_stage2_home_items=118.654415 peer_stage2_home_max_queue=40 peer_stage2_home_response_queue_drops=0 peer_stage2_home_response_send_wait_ms=8617.111352 avg_peer_stage2_home_queue_wait_us=96.048551 avg_peer_stage2_home_execution_us=67.291625 peer_stage1_release_deferred_batches=114 peer_stage1_release_deferred_items=206 peer_stage1_duplicate_retry_responses=0 peer_stage1_admission_retry_responses=0 peer_stage1_retry_response_drops=0 peer_stage1_admission_waiters=0 peer_stage1_admission_waiter_items=0 peer_stage1_admission_owned_items=0 peer_stage1_admission_wake_coverage=0 peer_stage1_admission_parked=0 peer_stage1_admission_woken=0 peer_stage1_admission_reparked=0 peer_stage1_max_admission_waiters=0 peer_stage1_duplicate_coalesced=28 peer_reverse_enqueued=11012 peer_reverse_processed=11009 peer_reverse_remaining=3 peer_reverse_items_enqueued=150735 peer_reverse_items_processed=150690 peer_reverse_rate_per_sec=1434.346216 peer_reverse_failed=10 peer_reverse_max_queue=32 reclaim_pending=41 reclaim_reused=3905 dynamic_high_watermark=20019487712 stage2_remaining=16103 cleanup_remaining=0 active_contexts=48 active_context_limit=48 repair_remaining=0 remaining=16487
[STATUS]: storage-owner maintenance observation: enqueued=42187 stage2_enqueued=42187 cleanup_enqueued=0 stage2_tasks_done=23581 stage2_finalized_live=23581 cleanup_processed=0 stale=0 stage2_completion_ratio=0.558964 live_stage2_completion_ratio=0.558964 avg_stage2_delay_ms=21735.782347 p99_stage2_delay_upper_ms=30000.000000 p99_stage2_delay_over_30s=true stage2_delay_histogram=0,0,0,0,0,0,41,205,183,127,301,334,1710,256,1541,3107,8502,7274 max_stage2_delay_ms=42296.430277 compaction_batch_target=32 compaction_max_delay_ms=25.000000 stage2_rate_per_sec=214.258988 stage1_search_budget_exhausted=0 stage2_search_budget_exhausted=0 stage2_continuations=23965 stage2_remote_frontier_items=31042292 avg_stage2_remote_frontier=1295.317839 stage2_remote_expansions=768196 avg_stage2_remote_expansions=32.054913 stage2_scored_candidates=53747930 avg_stage2_scored_candidates=2242.767786 stage2_graph_read_waves=166293 avg_stage2_expansions_per_graph_wave=4.619533 stage2_graph_unique_reads=798389 stage2_graph_prefetch_issued=562680 stage2_graph_prefetch_hits=535673 stage2_graph_prefetch_wasted=26125 stage2_graph_prefetch_promotion_ratio=0.953498 stage2_graph_issue_width_current=16 stage2_vector_read_waves=347750 avg_stage2_scores_per_vector_wave=154.559109 stage2_vector_unique_reads=35514653 stage2_home_rpc_batches=268363 stage2_home_rpc_items=31441336 avg_stage2_home_rpc_batch=117.159728 stage2_home_score_rpc_batches=122983 stage2_home_score_rpc_items=30642947 stage2_home_score_rpc_queries=727025 stage2_home_score_rpc_request_bytes=814733072 stage2_home_score_rpc_response_bytes=985737640 avg_stage2_home_score_queries_per_rpc=5.911589 avg_stage2_home_score_rpc_batch=249.164088 stage2_home_scored_neighbors=48877256 home_scores_per_expansion=1.554554 stage2_migrations=4140 home_match_rate=0.824435 stage2_final_edges=890344 stage2_cross_edges_stage1_home=202716 stage2_cross_edges_final_home=124846 cross_edge_reduction_ratio=0.384133 failed=0 rpc_timeouts=0 reverse_aggregate_batches=0 reverse_aggregate_logical_requests=0 reverse_aggregate_ops=0 avg_reverse_aggregate_logicals=0.000000 avg_reverse_aggregate_ops=0.000000 max_backlog=18283 admission_window=65536 completion_outstanding=18822 completion_incomplete=18606 completed_behind_hole=216 completion_logical_full_failures=0 completion_physical_full_failures=0 pressure_yields=995538 stage2_batches=3012 avg_stage2_batch_size=7.956507 packing_target_batch=8 packing_admit_queue_avg=8023.911355 packing_admit_queue_max=18283 packing_batch_1_7=39 packing_batch_8=2973 packing_assembly_batches=3012 packing_assembly_wait_ms=61564184.691872 packing_arrival_interval_us=5656 packing_waited_batches=39 packing_wait_ms=719.691000 packing_target_flushes=2973 packing_deadline_flushes=39 packing_cleanup_flushes=0 stage2_phase_search_attempts=2974 stage2_phase_search_task_attempts=23661 stage2_phase_search_elapsed_ms=3628059.876440 avg_stage2_phase_search_us_per_task=153335.018657 stage2_phase_freeze_prune_attempts=3525 stage2_phase_freeze_prune_task_attempts=28058 stage2_phase_freeze_prune_elapsed_ms=130923.186425 avg_stage2_phase_freeze_prune_us_per_task=4666.162464 stage2_phase_reverse_prepare_attempts=2967 stage2_phase_reverse_prepare_task_attempts=23605 stage2_phase_reverse_prepare_elapsed_ms=431018.769465 avg_stage2_phase_reverse_prepare_us_per_task=18259.638613 stage2_phase_placement_authority_attempts=2964 stage2_phase_placement_authority_task_attempts=23581 stage2_phase_placement_authority_elapsed_ms=140424.727280 avg_stage2_phase_placement_authority_us_per_task=5954.994584 stage2_phase_completion_handoff_attempts=2964 stage2_phase_completion_handoff_task_attempts=23581 stage2_phase_completion_handoff_elapsed_ms=8.383006 avg_stage2_phase_completion_handoff_us_per_task=0.355498 stage2_phase_finalize_attempts=2964 stage2_phase_finalize_task_attempts=23581 stage2_phase_finalize_elapsed_ms=39.543458 avg_stage2_phase_finalize_us_per_task=1.676920 maintenance_worker_idle_waits=789248 maintenance_worker_idle_ms=378817.657243 maintenance_lost_wake_avoided=210534 maintenance_targeted_wakes=2396344 maintenance_generic_wakes=21178 maintenance_broadcast_wakes=0 maintenance_context_slots_scanned=10196992 maintenance_ready_notifications=773405 maintenance_ready_stale_notifications=85 maintenance_ready_tickets_drained=609229 maintenance_ready_overflow_scans=0 maintenance_ready_fallback_scans=637504 stage2_search_lane_lease_limit=32 stage2_search_lane_lease_peak=32 stage2_search_lane_lease_blocked=2017 maintenance_worker_observed_idle_ratio=0.430246 maintenance_worker_observed_busy_ratio=0.569754 physical_stage1_items=42201 physical_stage1_total_ns=191286620949 physical_stage1_search_ns=178940776727 physical_stage1_prune_ns=6907178370 physical_stage1_allocate_write_ns=4021715601 physical_stage1_backlink_ns=917483022 physical_stage1_candidates=5399916 physical_stage1_remote_frontier_items=54401388 physical_stage1_neighbors=1580288 peer_stage1_enqueued=32513 peer_stage1_processed=32512 peer_stage1_items=67383 avg_peer_stage1_items=2.072558 peer_stage1_rate_per_sec=612.247716 peer_stage1_max_queue=47 peer_stage1_active_workers=1 peer_stage2_home_enqueued=214743 peer_stage2_home_processed=214743 peer_stage2_home_items=25445361 avg_peer_stage2_home_items=118.492156 peer_stage2_home_max_queue=40 peer_stage2_home_response_queue_drops=0 peer_stage2_home_response_send_wait_ms=9049.687089 avg_peer_stage2_home_queue_wait_us=96.371681 avg_peer_stage2_home_execution_us=67.026777 peer_stage1_release_deferred_batches=116 peer_stage1_release_deferred_items=208 peer_stage1_duplicate_retry_responses=0 peer_stage1_admission_retry_responses=0 peer_stage1_retry_response_drops=0 peer_stage1_admission_waiters=0 peer_stage1_admission_waiter_items=0 peer_stage1_admission_owned_items=0 peer_stage1_admission_wake_coverage=0 peer_stage1_admission_parked=0 peer_stage1_admission_woken=0 peer_stage1_admission_reparked=0 peer_stage1_max_admission_waiters=0 peer_stage1_duplicate_coalesced=28 peer_reverse_enqueued=11491 peer_reverse_processed=11491 peer_reverse_remaining=0 peer_reverse_items_enqueued=156389 peer_reverse_items_processed=156389 peer_reverse_rate_per_sec=1420.963864 peer_reverse_failed=11 peer_reverse_max_queue=32 reclaim_pending=24 reclaim_reused=4116 dynamic_high_watermark=20022324832 stage2_remaining=18222 cleanup_remaining=0 active_contexts=48 active_context_limit=48 repair_remaining=0 remaining=18606
[STATUS]: storage-owner maintenance observation: enqueued=44799 stage2_enqueued=44799 cleanup_enqueued=0 stage2_tasks_done=24805 stage2_finalized_live=24805 cleanup_processed=0 stale=0 stage2_completion_ratio=0.553695 live_stage2_completion_ratio=0.553695 avg_stage2_delay_ms=22562.977689 p99_stage2_delay_upper_ms=30000.000000 p99_stage2_delay_over_30s=true stage2_delay_histogram=0,0,0,0,0,0,41,205,183,127,301,334,1710,256,1541,3107,8502,8498 max_stage2_delay_ms=42296.430277 compaction_batch_target=32 compaction_max_delay_ms=25.000000 stage2_rate_per_sec=215.585903 stage1_search_budget_exhausted=0 stage2_search_budget_exhausted=0 stage2_continuations=25189 stage2_remote_frontier_items=32813695 avg_stage2_remote_frontier=1302.699393 stage2_remote_expansions=811563 avg_stage2_remote_expansions=32.218945 stage2_scored_candidates=56982997 avg_stage2_scored_candidates=2262.217516 stage2_graph_read_waves=176579 avg_stage2_expansions_per_graph_wave=4.596034 stage2_graph_unique_reads=848233 stage2_graph_prefetch_issued=597157 stage2_graph_prefetch_hits=567696 stage2_graph_prefetch_wasted=27667 stage2_graph_prefetch_promotion_ratio=0.953529 stage2_graph_issue_width_current=16 stage2_vector_read_waves=368856 avg_stage2_scores_per_vector_wave=154.485753 stage2_vector_unique_reads=37551582 stage2_home_rpc_batches=284605 stage2_home_rpc_items=33259454 avg_stage2_home_rpc_batch=116.861805 stage2_home_score_rpc_batches=130098 stage2_home_score_rpc_items=32411232 stage2_home_score_rpc_queries=768711 stage2_home_score_rpc_request_bytes=861708676 stage2_home_score_rpc_response_bytes=1042617432 avg_stage2_home_score_queries_per_rpc=5.908707 avg_stage2_home_score_rpc_batch=249.129364 stage2_home_scored_neighbors=51843609 home_scores_per_expansion=1.558763 stage2_migrations=4414 home_match_rate=0.822052 stage2_final_edges=937844 stage2_cross_edges_stage1_home=214940 stage2_cross_edges_final_home=130926 cross_edge_reduction_ratio=0.390872 failed=0 rpc_timeouts=0 reverse_aggregate_batches=0 reverse_aggregate_logical_requests=0 reverse_aggregate_ops=0 avg_reverse_aggregate_logicals=0.000000 avg_reverse_aggregate_ops=0.000000 max_backlog=19614 admission_window=65536 completion_outstanding=20146 completion_incomplete=19994 completed_behind_hole=152 completion_logical_full_failures=0 completion_physical_full_failures=0 pressure_yields=1050689 stage2_batches=3165 avg_stage2_batch_size=7.958610 packing_target_batch=8 packing_admit_queue_avg=8538.826224 packing_admit_queue_max=19614 packing_batch_1_7=39 packing_batch_8=3126 packing_assembly_batches=3165 packing_assembly_wait_ms=67220132.266083 packing_arrival_interval_us=1835 packing_waited_batches=39 packing_wait_ms=719.691000 packing_target_flushes=3126 packing_deadline_flushes=39 packing_cleanup_flushes=0 stage2_phase_search_attempts=3121 stage2_phase_search_task_attempts=24837 stage2_phase_search_elapsed_ms=3814844.269818 avg_stage2_phase_search_us_per_task=153595.211572 stage2_phase_freeze_prune_attempts=3710 stage2_phase_freeze_prune_task_attempts=29538 stage2_phase_freeze_prune_elapsed_ms=137854.664573 avg_stage2_phase_freeze_prune_us_per_task=4667.027713 stage2_phase_reverse_prepare_attempts=3118 stage2_phase_reverse_prepare_task_attempts=24813 stage2_phase_reverse_prepare_elapsed_ms=451561.576763 avg_stage2_phase_reverse_prepare_us_per_task=18198.588513 stage2_phase_placement_authority_attempts=3117 stage2_phase_placement_authority_task_attempts=24805 stage2_phase_placement_authority_elapsed_ms=148413.309864 avg_stage2_phase_placement_authority_us_per_task=5983.201365 stage2_phase_completion_handoff_attempts=3117 stage2_phase_completion_handoff_task_attempts=24805 stage2_phase_completion_handoff_elapsed_ms=8.818121 avg_stage2_phase_completion_handoff_us_per_task=0.355498 stage2_phase_finalize_attempts=3117 stage2_phase_finalize_task_attempts=24805 stage2_phase_finalize_elapsed_ms=41.819009 avg_stage2_phase_finalize_us_per_task=1.685910 maintenance_worker_idle_waits=829888 maintenance_worker_idle_ms=392355.310011 maintenance_lost_wake_avoided=220401 maintenance_targeted_wakes=2520690 maintenance_generic_wakes=22498 maintenance_broadcast_wakes=0 maintenance_context_slots_scanned=10679184 maintenance_ready_notifications=819227 maintenance_ready_stale_notifications=87 maintenance_ready_tickets_drained=645933 maintenance_ready_overflow_scans=0 maintenance_ready_fallback_scans=667667 stage2_search_lane_lease_limit=32 stage2_search_lane_lease_peak=32 stage2_search_lane_lease_blocked=2122 maintenance_worker_observed_idle_ratio=0.426256 maintenance_worker_observed_busy_ratio=0.573744 physical_stage1_items=44802 physical_stage1_total_ns=203029037489 physical_stage1_search_ns=189925059686 physical_stage1_prune_ns=7331627647 physical_stage1_allocate_write_ns=4266493396 physical_stage1_backlink_ns=972736728 physical_stage1_candidates=5732691 physical_stage1_remote_frontier_items=57745435 physical_stage1_neighbors=1675428 peer_stage1_enqueued=34543 peer_stage1_processed=34516 peer_stage1_items=71509 avg_peer_stage1_items=2.071764 peer_stage1_rate_per_sec=621.501001 peer_stage1_max_queue=47 peer_stage1_active_workers=3 peer_stage2_home_enqueued=222891 peer_stage2_home_processed=222891 peer_stage2_home_items=26412213 avg_peer_stage2_home_items=118.498338 peer_stage2_home_max_queue=40 peer_stage2_home_response_queue_drops=0 peer_stage2_home_response_send_wait_ms=9396.021096 avg_peer_stage2_home_queue_wait_us=95.949699 avg_peer_stage2_home_execution_us=66.794870 peer_stage1_release_deferred_batches=123 peer_stage1_release_deferred_items=220 peer_stage1_duplicate_retry_responses=0 peer_stage1_admission_retry_responses=0 peer_stage1_retry_response_drops=0 peer_stage1_admission_waiters=0 peer_stage1_admission_waiter_items=0 peer_stage1_admission_owned_items=0 peer_stage1_admission_wake_coverage=0 peer_stage1_admission_parked=0 peer_stage1_admission_woken=0 peer_stage1_admission_reparked=0 peer_stage1_max_admission_waiters=0 peer_stage1_duplicate_coalesced=29 peer_reverse_enqueued=11950 peer_reverse_processed=11950 peer_reverse_remaining=0 peer_reverse_items_enqueued=161250 peer_reverse_items_processed=161250 peer_reverse_rate_per_sec=1401.460466 peer_reverse_failed=11 peer_reverse_max_queue=32 reclaim_pending=45 reclaim_reused=4369 dynamic_high_watermark=20024744320 stage2_remaining=19610 cleanup_remaining=0 active_contexts=48 active_context_limit=48 repair_remaining=0 remaining=19994
[STATUS]: storage-owner maintenance observation: enqueued=47769 stage2_enqueued=47769 cleanup_enqueued=0 stage2_tasks_done=25597 stage2_finalized_live=25597 cleanup_processed=0 stale=0 stage2_completion_ratio=0.535850 live_stage2_completion_ratio=0.535850 avg_stage2_delay_ms=23117.279472 p99_stage2_delay_upper_ms=30000.000000 p99_stage2_delay_over_30s=true stage2_delay_histogram=0,0,0,0,0,0,41,205,183,127,301,334,1710,256,1541,3107,8502,9290 max_stage2_delay_ms=42296.430277 compaction_batch_target=32 compaction_max_delay_ms=25.000000 stage2_rate_per_sec=213.203941 stage1_search_budget_exhausted=0 stage2_search_budget_exhausted=0 stage2_continuations=25973 stage2_remote_frontier_items=34374455 avg_stage2_remote_frontier=1323.468795 stage2_remote_expansions=846461 avg_stage2_remote_expansions=32.590036 stage2_scored_candidates=59856775 avg_stage2_scored_candidates=2304.576868 stage2_graph_read_waves=184847 avg_stage2_expansions_per_graph_wave=4.579252 stage2_graph_unique_reads=883306 stage2_graph_prefetch_issued=620081 stage2_graph_prefetch_hits=588828 stage2_graph_prefetch_wasted=29310 stage2_graph_prefetch_promotion_ratio=0.952583 stage2_graph_issue_width_current=16 stage2_vector_read_waves=384173 avg_stage2_scores_per_vector_wave=155.806824 stage2_vector_unique_reads=39377720 stage2_home_rpc_batches=297622 stage2_home_rpc_items=34875901 avg_stage2_home_rpc_batch=117.181865 stage2_home_score_rpc_batches=136487 stage2_home_score_rpc_items=33992622 stage2_home_score_rpc_queries=808432 stage2_home_score_rpc_request_bytes=903996384 stage2_home_score_rpc_response_bytes=1093497216 avg_stage2_home_score_queries_per_rpc=5.923143 avg_stage2_home_score_rpc_batch=249.053917 stage2_home_scored_neighbors=54470477 home_scores_per_expansion=1.561837 stage2_migrations=4597 home_match_rate=0.820409 stage2_final_edges=972178 stage2_cross_edges_stage1_home=225316 stage2_cross_edges_final_home=136915 cross_edge_reduction_ratio=0.392342 failed=0 rpc_timeouts=0 reverse_aggregate_batches=0 reverse_aggregate_logical_requests=0 reverse_aggregate_ops=0 avg_reverse_aggregate_logicals=0.000000 avg_reverse_aggregate_ops=0.000000 max_backlog=21796 admission_window=65536 completion_outstanding=22452 completion_incomplete=22172 completed_behind_hole=280 completion_logical_full_failures=0 completion_physical_full_failures=0 pressure_yields=1103417 stage2_batches=3263 avg_stage2_batch_size=7.959853 packing_target_batch=8 packing_admit_queue_avg=8906.460619 packing_admit_queue_max=21701 packing_batch_1_7=39 packing_batch_8=3224 packing_assembly_batches=3263 packing_assembly_wait_ms=71092369.756269 packing_arrival_interval_us=1803 packing_waited_batches=39 packing_wait_ms=719.691000 packing_target_flushes=3224 packing_deadline_flushes=39 packing_cleanup_flushes=0 stage2_phase_search_attempts=3223 stage2_phase_search_task_attempts=25653 stage2_phase_search_elapsed_ms=4022541.469116 avg_stage2_phase_search_us_per_task=156805.888945 stage2_phase_freeze_prune_attempts=3835 stage2_phase_freeze_prune_task_attempts=30538 stage2_phase_freeze_prune_elapsed_ms=144016.341822 avg_stage2_phase_freeze_prune_us_per_task=4715.971636 stage2_phase_reverse_prepare_attempts=3218 stage2_phase_reverse_prepare_task_attempts=25613 stage2_phase_reverse_prepare_elapsed_ms=470475.122506 avg_stage2_phase_reverse_prepare_us_per_task=18368.606665 stage2_phase_placement_authority_attempts=3216 stage2_phase_placement_authority_task_attempts=25597 stage2_phase_placement_authority_elapsed_ms=154586.721476 avg_stage2_phase_placement_authority_us_per_task=6039.251532 stage2_phase_completion_handoff_attempts=3216 stage2_phase_completion_handoff_task_attempts=25597 stage2_phase_completion_handoff_elapsed_ms=9.117540 avg_stage2_phase_completion_handoff_us_per_task=0.356196 stage2_phase_finalize_attempts=3216 stage2_phase_finalize_task_attempts=25597 stage2_phase_finalize_elapsed_ms=43.260053 avg_stage2_phase_finalize_us_per_task=1.690044 maintenance_worker_idle_waits=872064 maintenance_worker_idle_ms=406937.303120 maintenance_lost_wake_avoided=233716 maintenance_targeted_wakes=2652821 maintenance_generic_wakes=23967 maintenance_broadcast_wakes=0 maintenance_context_slots_scanned=11253008 maintenance_ready_notifications=855030 maintenance_ready_stale_notifications=89 maintenance_ready_tickets_drained=674396 maintenance_ready_overflow_scans=0 maintenance_ready_fallback_scans=703560 stage2_search_lane_lease_limit=32 stage2_search_lane_lease_peak=32 stage2_search_lane_lease_blocked=2249 maintenance_worker_observed_idle_ratio=0.423686 maintenance_worker_observed_busy_ratio=0.576314 physical_stage1_items=47776 physical_stage1_total_ns=215913528587 physical_stage1_search_ns=202040043744 physical_stage1_prune_ns=7781426766 physical_stage1_allocate_write_ns=4497204876 physical_stage1_backlink_ns=1029198434 physical_stage1_candidates=6113201 physical_stage1_remote_frontier_items=61645853 physical_stage1_neighbors=1782536 peer_stage1_enqueued=36787 peer_stage1_processed=36762 peer_stage1_items=76284 avg_peer_stage1_items=2.075078 peer_stage1_rate_per_sec=635.388892 peer_stage1_max_queue=47 peer_stage1_active_workers=3 peer_stage2_home_enqueued=232338 peer_stage2_home_processed=232338 peer_stage2_home_items=27583995 avg_peer_stage2_home_items=118.723562 peer_stage2_home_max_queue=40 peer_stage2_home_response_queue_drops=0 peer_stage2_home_response_send_wait_ms=9846.619997 avg_peer_stage2_home_queue_wait_us=96.866855 avg_peer_stage2_home_execution_us=66.605580 peer_stage1_release_deferred_batches=129 peer_stage1_release_deferred_items=230 peer_stage1_duplicate_retry_responses=0 peer_stage1_admission_retry_responses=0 peer_stage1_retry_response_drops=0 peer_stage1_admission_waiters=0 peer_stage1_admission_waiter_items=0 peer_stage1_admission_owned_items=0 peer_stage1_admission_wake_coverage=0 peer_stage1_admission_parked=0 peer_stage1_admission_woken=0 peer_stage1_admission_reparked=0 peer_stage1_max_admission_waiters=0 peer_stage1_duplicate_coalesced=31 peer_reverse_enqueued=12510 peer_reverse_processed=12509 peer_reverse_remaining=1 peer_reverse_items_enqueued=167646 peer_reverse_items_processed=167615 peer_reverse_rate_per_sec=1396.108084 peer_reverse_failed=12 peer_reverse_max_queue=32 reclaim_pending=40 reclaim_reused=4557 dynamic_high_watermark=20027628064 stage2_remaining=21796 cleanup_remaining=0 active_contexts=47 active_context_limit=48 repair_remaining=0 remaining=22172
[STATUS]: storage-owner maintenance observation: enqueued=50306 stage2_enqueued=50306 cleanup_enqueued=0 stage2_tasks_done=26517 stage2_finalized_live=26517 cleanup_processed=0 stale=0 stage2_completion_ratio=0.527114 live_stage2_completion_ratio=0.527114 avg_stage2_delay_ms=23825.143204 p99_stage2_delay_upper_ms=30000.000000 p99_stage2_delay_over_30s=true stage2_delay_histogram=0,0,0,0,0,0,41,205,183,127,301,334,1710,256,1541,3107,8502,10210 max_stage2_delay_ms=45640.516549 compaction_batch_target=32 compaction_max_delay_ms=25.000000 stage2_rate_per_sec=212.036144 stage1_search_budget_exhausted=0 stage2_search_budget_exhausted=0 stage2_continuations=26901 stage2_remote_frontier_items=35749308 avg_stage2_remote_frontier=1328.921155 stage2_remote_expansions=883532 avg_stage2_remote_expansions=32.843835 stage2_scored_candidates=62511720 avg_stage2_scored_candidates=2323.769377 stage2_graph_read_waves=193103 avg_stage2_expansions_per_graph_wave=4.575444 stage2_graph_unique_reads=918985 stage2_graph_prefetch_issued=643788 stage2_graph_prefetch_hits=611668 stage2_graph_prefetch_wasted=30989 stage2_graph_prefetch_promotion_ratio=0.951780 stage2_graph_issue_width_current=16 stage2_vector_read_waves=401205 avg_stage2_scores_per_vector_wave=155.809923 stage2_vector_unique_reads=41037548 stage2_home_rpc_batches=309137 stage2_home_rpc_items=36303299 avg_stage2_home_rpc_batch=117.434338 stage2_home_score_rpc_batches=142163 stage2_home_score_rpc_items=35384318 stage2_home_score_rpc_queries=841897 stage2_home_score_rpc_request_bytes=941106340 stage2_home_score_rpc_response_bytes=1138289888 avg_stage2_home_score_queries_per_rpc=5.922054 avg_stage2_home_score_rpc_batch=248.899629 stage2_home_scored_neighbors=56858958 home_scores_per_expansion=1.566220 stage2_migrations=4779 home_match_rate=0.819776 stage2_final_edges=1009915 stage2_cross_edges_stage1_home=235868 stage2_cross_edges_final_home=144110 cross_edge_reduction_ratio=0.389023 failed=0 rpc_timeouts=0 reverse_aggregate_batches=0 reverse_aggregate_logical_requests=0 reverse_aggregate_ops=0 avg_reverse_aggregate_logicals=0.000000 avg_reverse_aggregate_ops=0.000000 max_backlog=23405 admission_window=65536 completion_outstanding=24125 completion_incomplete=23789 completed_behind_hole=336 completion_logical_full_failures=0 completion_physical_full_failures=0 pressure_yields=1164849 stage2_batches=3379 avg_stage2_batch_size=7.961231 packing_target_batch=8 packing_admit_queue_avg=9375.889020 packing_admit_queue_max=23397 packing_batch_1_7=39 packing_batch_8=3340 packing_assembly_batches=3379 packing_assembly_wait_ms=76056666.462963 packing_arrival_interval_us=1588 packing_waited_batches=39 packing_wait_ms=719.691000 packing_target_flushes=3340 packing_deadline_flushes=39 packing_cleanup_flushes=0 stage2_phase_search_attempts=3339 stage2_phase_search_task_attempts=26581 stage2_phase_search_elapsed_ms=4235385.864078 avg_stage2_phase_search_us_per_task=159338.845946 stage2_phase_freeze_prune_attempts=3962 stage2_phase_freeze_prune_task_attempts=31554 stage2_phase_freeze_prune_elapsed_ms=149974.244572 avg_stage2_phase_freeze_prune_us_per_task=4752.939233 stage2_phase_reverse_prepare_attempts=3331 stage2_phase_reverse_prepare_task_attempts=26517 stage2_phase_reverse_prepare_elapsed_ms=488894.381356 avg_stage2_phase_reverse_prepare_us_per_task=18437.017059 stage2_phase_placement_authority_attempts=3331 stage2_phase_placement_authority_task_attempts=26517 stage2_phase_placement_authority_elapsed_ms=160122.027772 avg_stage2_phase_placement_authority_us_per_task=6038.466937 stage2_phase_completion_handoff_attempts=3331 stage2_phase_completion_handoff_task_attempts=26517 stage2_phase_completion_handoff_elapsed_ms=9.484404 avg_stage2_phase_completion_handoff_us_per_task=0.357673 stage2_phase_finalize_attempts=3331 stage2_phase_finalize_task_attempts=26517 stage2_phase_finalize_elapsed_ms=44.993587 avg_stage2_phase_finalize_us_per_task=1.696783 maintenance_worker_idle_waits=921088 maintenance_worker_idle_ms=422660.307341 maintenance_lost_wake_avoided=248906 maintenance_targeted_wakes=2799254 maintenance_generic_wakes=25282 maintenance_broadcast_wakes=0 maintenance_context_slots_scanned=11948272 maintenance_ready_notifications=891588 maintenance_ready_stale_notifications=97 maintenance_ready_tickets_drained=704206 maintenance_ready_overflow_scans=0 maintenance_ready_fallback_scans=746930 stage2_search_lane_lease_limit=32 stage2_search_lane_lease_peak=32 stage2_search_lane_lease_blocked=2254 maintenance_worker_observed_idle_ratio=0.422461 maintenance_worker_observed_busy_ratio=0.577539 physical_stage1_items=50312 physical_stage1_total_ns=227164937364 physical_stage1_search_ns=212633209513 physical_stage1_prune_ns=8176702784 physical_stage1_allocate_write_ns=4680068987 physical_stage1_backlink_ns=1081276381 physical_stage1_candidates=6437670 physical_stage1_remote_frontier_items=65017059 physical_stage1_neighbors=1876437 peer_stage1_enqueued=38937 peer_stage1_processed=38912 peer_stage1_items=80355 avg_peer_stage1_items=2.065044 peer_stage1_rate_per_sec=642.537404 peer_stage1_max_queue=47 peer_stage1_active_workers=3 peer_stage2_home_enqueued=245082 peer_stage2_home_processed=245080 peer_stage2_home_items=29064204 avg_peer_stage2_home_items=118.590681 peer_stage2_home_max_queue=40 peer_stage2_home_response_queue_drops=0 peer_stage2_home_response_send_wait_ms=10438.999045 avg_peer_stage2_home_queue_wait_us=98.744259 avg_peer_stage2_home_execution_us=66.467334 peer_stage1_release_deferred_batches=134 peer_stage1_release_deferred_items=241 peer_stage1_duplicate_retry_responses=0 peer_stage1_admission_retry_responses=0 peer_stage1_retry_response_drops=0 peer_stage1_admission_waiters=0 peer_stage1_admission_waiter_items=0 peer_stage1_admission_owned_items=0 peer_stage1_admission_wake_coverage=0 peer_stage1_admission_parked=0 peer_stage1_admission_woken=0 peer_stage1_admission_reparked=0 peer_stage1_max_admission_waiters=0 peer_stage1_duplicate_coalesced=32 peer_reverse_enqueued=13198 peer_reverse_processed=13196 peer_reverse_remaining=2 peer_reverse_items_enqueued=177518 peer_reverse_items_processed=177468 peer_reverse_rate_per_sec=1419.075701 peer_reverse_failed=12 peer_reverse_max_queue=55 reclaim_pending=34 reclaim_reused=4745 dynamic_high_watermark=20030153696 stage2_remaining=23405 cleanup_remaining=0 active_contexts=48 active_context_limit=48 repair_remaining=0 remaining=23789
[STATUS]: storage-owner maintenance observation: enqueued=52572 stage2_enqueued=52572 cleanup_enqueued=0 stage2_tasks_done=27821 stage2_finalized_live=27821 cleanup_processed=0 stale=0 stage2_completion_ratio=0.529198 live_stage2_completion_ratio=0.529198 avg_stage2_delay_ms=24874.157228 p99_stage2_delay_upper_ms=30000.000000 p99_stage2_delay_over_30s=true stage2_delay_histogram=0,0,0,0,0,0,41,205,183,127,301,334,1710,256,1541,3107,8502,11514 max_stage2_delay_ms=48859.103887 compaction_batch_target=32 compaction_max_delay_ms=25.000000 stage2_rate_per_sec=213.908354 stage1_search_budget_exhausted=0 stage2_search_budget_exhausted=0 stage2_continuations=28205 stage2_remote_frontier_items=37434975 avg_stage2_remote_frontier=1327.246056 stage2_remote_expansions=920630 avg_stage2_remote_expansions=32.640667 stage2_scored_candidates=65232825 avg_stage2_scored_candidates=2312.810672 stage2_graph_read_waves=201514 avg_stage2_expansions_per_graph_wave=4.568566 stage2_graph_unique_reads=955868 stage2_graph_prefetch_issued=669240 stage2_graph_prefetch_hits=636213 stage2_graph_prefetch_wasted=32314 stage2_graph_prefetch_promotion_ratio=0.951664 stage2_graph_issue_width_current=16 stage2_vector_read_waves=420141 avg_stage2_scores_per_vector_wave=155.264126 stage2_vector_unique_reads=42822255 stage2_home_rpc_batches=322210 stage2_home_rpc_items=37907343 avg_stage2_home_rpc_batch=117.647941 stage2_home_score_rpc_batches=148506 stage2_home_score_rpc_items=36951482 stage2_home_score_rpc_queries=879292 stage2_home_score_rpc_request_bytes=982825028 stage2_home_score_rpc_response_bytes=1188714680 avg_stage2_home_score_queries_per_rpc=5.920919 avg_stage2_home_score_rpc_batch=248.821475 stage2_home_scored_neighbors=59364418 home_scores_per_expansion=1.566040 stage2_migrations=5002 home_match_rate=0.820208 stage2_final_edges=1062417 stage2_cross_edges_stage1_home=246603 stage2_cross_edges_final_home=150103 cross_edge_reduction_ratio=0.391317 failed=0 rpc_timeouts=0 reverse_aggregate_batches=0 reverse_aggregate_logical_requests=0 reverse_aggregate_ops=0 avg_reverse_aggregate_logicals=0.000000 avg_reverse_aggregate_ops=0.000000 max_backlog=24477 admission_window=65536 completion_outstanding=24991 completion_incomplete=24751 completed_behind_hole=240 completion_logical_full_failures=0 completion_physical_full_failures=0 pressure_yields=1216527 stage2_batches=3542 avg_stage2_batch_size=7.963015 packing_target_batch=8 packing_admit_queue_avg=10048.378317 packing_admit_queue_max=24477 packing_batch_1_7=39 packing_batch_8=3503 packing_assembly_batches=3542 packing_assembly_wait_ms=83459519.005008 packing_arrival_interval_us=5229 packing_waited_batches=39 packing_wait_ms=719.691000 packing_target_flushes=3503 packing_deadline_flushes=39 packing_cleanup_flushes=0 stage2_phase_search_attempts=3499 stage2_phase_search_task_attempts=27861 stage2_phase_search_elapsed_ms=4454486.588439 avg_stage2_phase_search_us_per_task=159882.509186 stage2_phase_freeze_prune_attempts=4161 stage2_phase_freeze_prune_task_attempts=33146 stage2_phase_freeze_prune_elapsed_ms=156995.969522 avg_stage2_phase_freeze_prune_us_per_task=4736.498206 stage2_phase_reverse_prepare_attempts=3494 stage2_phase_reverse_prepare_task_attempts=27821 stage2_phase_reverse_prepare_elapsed_ms=510486.004611 avg_stage2_phase_reverse_prepare_us_per_task=18348.945207 stage2_phase_placement_authority_attempts=3494 stage2_phase_placement_authority_task_attempts=27821 stage2_phase_placement_authority_elapsed_ms=166342.445148 avg_stage2_phase_placement_authority_us_per_task=5979.024663 stage2_phase_completion_handoff_attempts=3494 stage2_phase_completion_handoff_task_attempts=27821 stage2_phase_completion_handoff_elapsed_ms=9.936347 avg_stage2_phase_completion_handoff_us_per_task=0.357153 stage2_phase_finalize_attempts=3494 stage2_phase_finalize_task_attempts=27821 stage2_phase_finalize_elapsed_ms=47.321404 avg_stage2_phase_finalize_us_per_task=1.700924 maintenance_worker_idle_waits=959488 maintenance_worker_idle_ms=435548.294749 maintenance_lost_wake_avoided=257596 maintenance_targeted_wakes=2911286 maintenance_generic_wakes=26401 maintenance_broadcast_wakes=0 maintenance_context_slots_scanned=12412544 maintenance_ready_notifications=932725 maintenance_ready_stale_notifications=101 maintenance_ready_tickets_drained=736081 maintenance_ready_overflow_scans=0 maintenance_ready_fallback_scans=775932 stage2_search_lane_lease_limit=32 stage2_search_lane_lease_peak=32 stage2_search_lane_lease_blocked=2254 maintenance_worker_observed_idle_ratio=0.418602 maintenance_worker_observed_busy_ratio=0.581398 physical_stage1_items=52590 physical_stage1_total_ns=237531881998 physical_stage1_search_ns=222290058576 physical_stage1_prune_ns=8523236764 physical_stage1_allocate_write_ns=4969949904 physical_stage1_backlink_ns=1128866168 physical_stage1_candidates=6729064 physical_stage1_remote_frontier_items=68097091 physical_stage1_neighbors=1955336 peer_stage1_enqueued=40790 peer_stage1_processed=40766 peer_stage1_items=84012 avg_peer_stage1_items=2.060835 peer_stage1_rate_per_sec=645.946180 peer_stage1_max_queue=47 peer_stage1_active_workers=3 peer_stage2_home_enqueued=257097 peer_stage2_home_processed=257096 peer_stage2_home_items=30430716 avg_peer_stage2_home_items=118.363242 peer_stage2_home_max_queue=40 peer_stage2_home_response_queue_drops=0 peer_stage2_home_response_send_wait_ms=11059.326571 avg_peer_stage2_home_queue_wait_us=98.872995 avg_peer_stage2_home_execution_us=66.414954 peer_stage1_release_deferred_batches=139 peer_stage1_release_deferred_items=246 peer_stage1_duplicate_retry_responses=0 peer_stage1_admission_retry_responses=0 peer_stage1_retry_response_drops=0 peer_stage1_admission_waiters=0 peer_stage1_admission_waiter_items=0 peer_stage1_admission_owned_items=0 peer_stage1_admission_wake_coverage=0 peer_stage1_admission_parked=0 peer_stage1_admission_woken=0 peer_stage1_admission_reparked=0 peer_stage1_max_admission_waiters=0 peer_stage1_duplicate_coalesced=34 peer_reverse_enqueued=13885 peer_reverse_processed=13885 peer_reverse_remaining=0 peer_reverse_items_enqueued=186664 peer_reverse_items_processed=186664 peer_reverse_rate_per_sec=1435.210419 peer_reverse_failed=13 peer_reverse_max_queue=55 reclaim_pending=24 reclaim_reused=4978 dynamic_high_watermark=20032380736 stage2_remaining=24367 cleanup_remaining=0 active_contexts=48 active_context_limit=48 repair_remaining=0 remaining=24751
[STATUS]: storage-owner maintenance observation: enqueued=53947 stage2_enqueued=53947 cleanup_enqueued=0 stage2_tasks_done=30301 stage2_finalized_live=30293 cleanup_processed=0 stale=0 stage2_completion_ratio=0.561533 live_stage2_completion_ratio=0.561533 avg_stage2_delay_ms=26765.964879 p99_stage2_delay_upper_ms=30000.000000 p99_stage2_delay_over_30s=true stage2_delay_histogram=0,0,0,0,0,0,41,205,183,127,301,334,1710,256,1541,3107,8502,13986 max_stage2_delay_ms=50159.299540 compaction_batch_target=32 compaction_max_delay_ms=25.000000 stage2_rate_per_sec=224.291308 stage1_search_budget_exhausted=0 stage2_search_budget_exhausted=0 stage2_continuations=30677 stage2_remote_frontier_items=39758719 avg_stage2_remote_frontier=1296.043257 stage2_remote_expansions=970004 avg_stage2_remote_expansions=31.619911 stage2_scored_candidates=69111362 avg_stage2_scored_candidates=2252.872250 stage2_graph_read_waves=212946 avg_stage2_expansions_per_graph_wave=4.555164 stage2_graph_unique_reads=1006804 stage2_graph_prefetch_issued=704942 stage2_graph_prefetch_hits=670336 stage2_graph_prefetch_wasted=33963 stage2_graph_prefetch_promotion_ratio=0.951778 stage2_graph_issue_width_current=16 stage2_vector_read_waves=447787 avg_stage2_scores_per_vector_wave=154.339813 stage2_vector_unique_reads=45533893 stage2_home_rpc_batches=341847 stage2_home_rpc_items=40353668 avg_stage2_home_rpc_batch=118.045991 stage2_home_score_rpc_batches=158208 stage2_home_score_rpc_items=39346864 stage2_home_score_rpc_queries=936825 stage2_home_score_rpc_request_bytes=1046590596 stage2_home_score_rpc_response_bytes=1265775960 avg_stage2_home_score_queries_per_rpc=5.921477 avg_stage2_home_score_rpc_batch=248.703378 stage2_home_scored_neighbors=62922358 home_scores_per_expansion=1.559272 stage2_migrations=5250 home_match_rate=0.826693 stage2_final_edges=1160884 stage2_cross_edges_stage1_home=259547 stage2_cross_edges_final_home=158162 cross_edge_reduction_ratio=0.390623 failed=0 rpc_timeouts=0 reverse_aggregate_batches=0 reverse_aggregate_logical_requests=0 reverse_aggregate_ops=0 avg_reverse_aggregate_logicals=0.000000 avg_reverse_aggregate_ops=0.000000 max_backlog=24974 admission_window=65536 completion_outstanding=23910 completion_incomplete=23646 completed_behind_hole=264 completion_logical_full_failures=0 completion_physical_full_failures=0 pressure_yields=1284532 stage2_batches=3851 avg_stage2_batch_size=7.965983 packing_target_batch=8 packing_admit_queue_avg=11193.328486 packing_admit_queue_max=24974 packing_batch_1_7=39 packing_batch_8=3812 packing_assembly_batches=3851 packing_assembly_wait_ms=98111689.982599 packing_arrival_interval_us=25000 packing_waited_batches=39 packing_wait_ms=719.691000 packing_target_flushes=3812 packing_deadline_flushes=39 packing_cleanup_flushes=0 stage2_phase_search_attempts=3826 stage2_phase_search_task_attempts=30477 stage2_phase_search_elapsed_ms=4651189.078022 avg_stage2_phase_search_us_per_task=152613.087837 stage2_phase_freeze_prune_attempts=4597 stage2_phase_freeze_prune_task_attempts=36634 stage2_phase_freeze_prune_elapsed_ms=163231.008172 avg_stage2_phase_freeze_prune_us_per_task=4455.724414 stage2_phase_reverse_prepare_attempts=3809 stage2_phase_reverse_prepare_task_attempts=30341 stage2_phase_reverse_prepare_elapsed_ms=549555.019328 avg_stage2_phase_reverse_prepare_us_per_task=18112.620524 stage2_phase_placement_authority_attempts=3803 stage2_phase_placement_authority_task_attempts=30293 stage2_phase_placement_authority_elapsed_ms=175741.694464 avg_stage2_phase_placement_authority_us_per_task=5801.396179 stage2_phase_completion_handoff_attempts=3803 stage2_phase_completion_handoff_task_attempts=30293 stage2_phase_completion_handoff_elapsed_ms=10.610248 avg_stage2_phase_completion_handoff_us_per_task=0.350254 stage2_phase_finalize_attempts=3803 stage2_phase_finalize_task_attempts=30293 stage2_phase_finalize_elapsed_ms=50.701745 avg_stage2_phase_finalize_us_per_task=1.673712 maintenance_worker_idle_waits=1008640 maintenance_worker_idle_ms=446179.864209 maintenance_lost_wake_avoided=269999 maintenance_targeted_wakes=3072604 maintenance_generic_wakes=27071 maintenance_broadcast_wakes=0 maintenance_context_slots_scanned=13017552 maintenance_ready_notifications=992364 maintenance_ready_stale_notifications=111 maintenance_ready_tickets_drained=781621 maintenance_ready_overflow_scans=0 maintenance_ready_fallback_scans=813783 stage2_search_lane_lease_limit=32 stage2_search_lane_lease_peak=32 stage2_search_lane_lease_blocked=2293 maintenance_worker_observed_idle_ratio=0.412943 maintenance_worker_observed_busy_ratio=0.587057 physical_stage1_items=53947 physical_stage1_total_ns=243717452827 physical_stage1_search_ns=228095046882 physical_stage1_prune_ns=8731684883 physical_stage1_allocate_write_ns=5099530113 physical_stage1_backlink_ns=1155701991 physical_stage1_candidates=6902661 physical_stage1_remote_frontier_items=69921363 physical_stage1_neighbors=2004181 peer_stage1_enqueued=41797 peer_stage1_processed=41797 peer_stage1_items=86222 avg_peer_stage1_items=2.062875 peer_stage1_rate_per_sec=638.393197 peer_stage1_max_queue=47 peer_stage1_active_workers=0 peer_stage2_home_enqueued=269661 peer_stage2_home_processed=269661 peer_stage2_home_items=32013117 avg_peer_stage2_home_items=118.716155 peer_stage2_home_max_queue=40 peer_stage2_home_response_queue_drops=0 peer_stage2_home_response_send_wait_ms=11363.744251 avg_peer_stage2_home_queue_wait_us=96.630013 avg_peer_stage2_home_execution_us=66.555216 peer_stage1_release_deferred_batches=142 peer_stage1_release_deferred_items=255 peer_stage1_duplicate_retry_responses=0 peer_stage1_admission_retry_responses=0 peer_stage1_retry_response_drops=0 peer_stage1_admission_waiters=0 peer_stage1_admission_waiter_items=0 peer_stage1_admission_owned_items=0 peer_stage1_admission_wake_coverage=0 peer_stage1_admission_parked=0 peer_stage1_admission_woken=0 peer_stage1_admission_reparked=0 peer_stage1_max_admission_waiters=0 peer_stage1_duplicate_coalesced=34 peer_reverse_enqueued=14591 peer_reverse_processed=14590 peer_reverse_remaining=1 peer_reverse_items_enqueued=194865 peer_reverse_items_processed=194864 peer_reverse_rate_per_sec=1442.785506 peer_reverse_failed=15 peer_reverse_max_queue=55 reclaim_pending=111 reclaim_reused=5139 dynamic_high_watermark=20033740768 stage2_remaining=23270 cleanup_remaining=0 active_contexts=48 active_context_limit=48 repair_remaining=0 remaining=23646
[STATUS]: storage-owner maintenance observation: enqueued=53948 stage2_enqueued=53948 cleanup_enqueued=0 stage2_tasks_done=35565 stage2_finalized_live=35565 cleanup_processed=0 stale=0 stage2_completion_ratio=0.659246 live_stage2_completion_ratio=0.659246 avg_stage2_delay_ms=29345.679557 p99_stage2_delay_upper_ms=30000.000000 p99_stage2_delay_over_30s=true stage2_delay_histogram=0,0,0,0,0,0,41,205,183,127,301,334,1710,256,1541,3107,8502,19258 max_stage2_delay_ms=50159.299540 compaction_batch_target=32 compaction_max_delay_ms=25.000000 stage2_rate_per_sec=253.925087 stage1_search_budget_exhausted=0 stage2_search_budget_exhausted=0 stage2_continuations=35949 stage2_remote_frontier_items=46318811 avg_stage2_remote_frontier=1288.458956 stage2_remote_expansions=1112837 avg_stage2_remote_expansions=30.955993 stage2_scored_candidates=80012070 avg_stage2_scored_candidates=2225.710590 stage2_graph_read_waves=246202 avg_stage2_expansions_per_graph_wave=4.520016 stage2_graph_unique_reads=1156773 stage2_graph_prefetch_issued=810343 stage2_graph_prefetch_hits=770596 stage2_graph_prefetch_wasted=38662 stage2_graph_prefetch_promotion_ratio=0.952225 stage2_graph_issue_width_current=16 stage2_vector_read_waves=522238 avg_stage2_scores_per_vector_wave=153.209973 stage2_vector_unique_reads=52992949 stage2_home_rpc_batches=396813 stage2_home_rpc_items=46995970 avg_stage2_home_rpc_batch=118.433544 stage2_home_score_rpc_batches=184576 stage2_home_score_rpc_items=45839202 stage2_home_score_rpc_queries=1092600 stage2_home_score_rpc_request_bytes=1219504232 stage2_home_score_rpc_response_bytes=1474675200 avg_stage2_home_score_queries_per_rpc=5.919513 avg_stage2_home_score_rpc_batch=248.348659 stage2_home_scored_neighbors=72857243 home_scores_per_expansion=1.550287 stage2_migrations=5978 home_match_rate=0.831913 stage2_final_edges=1366902 stage2_cross_edges_stage1_home=299070 stage2_cross_edges_final_home=184531 cross_edge_reduction_ratio=0.382984 failed=0 rpc_timeouts=0 reverse_aggregate_batches=0 reverse_aggregate_logical_requests=0 reverse_aggregate_ops=0 avg_reverse_aggregate_logicals=0.000000 avg_reverse_aggregate_ops=0.000000 max_backlog=24974 admission_window=65536 completion_outstanding=18639 completion_incomplete=18383 completed_behind_hole=256 completion_logical_full_failures=0 completion_physical_full_failures=0 pressure_yields=1409123 stage2_batches=4510 avg_stage2_batch_size=7.970953 packing_target_batch=8 packing_admit_queue_avg=12573.479379 packing_admit_queue_max=24974 packing_batch_1_7=39 packing_batch_8=4471 packing_assembly_batches=4510 packing_assembly_wait_ms=126651132.313522 packing_arrival_interval_us=25000 packing_waited_batches=39 packing_wait_ms=719.691000 packing_target_flushes=4471 packing_deadline_flushes=39 packing_cleanup_flushes=0 stage2_phase_search_attempts=4469 stage2_phase_search_task_attempts=35621 stage2_phase_search_elapsed_ms=4831089.241009 avg_stage2_phase_search_us_per_task=135624.750597 stage2_phase_freeze_prune_attempts=5381 stage2_phase_freeze_prune_task_attempts=42906 stage2_phase_freeze_prune_elapsed_ms=167423.674891 avg_stage2_phase_freeze_prune_us_per_task=3902.104016 stage2_phase_reverse_prepare_attempts=4462 stage2_phase_reverse_prepare_task_attempts=35565 stage2_phase_reverse_prepare_elapsed_ms=594048.042202 avg_stage2_phase_reverse_prepare_us_per_task=16703.164409 stage2_phase_placement_authority_attempts=4462 stage2_phase_placement_authority_task_attempts=35565 stage2_phase_placement_authority_elapsed_ms=184361.162180 avg_stage2_phase_placement_authority_us_per_task=5183.780745 stage2_phase_completion_handoff_attempts=4462 stage2_phase_completion_handoff_task_attempts=35565 stage2_phase_completion_handoff_elapsed_ms=11.686003 avg_stage2_phase_completion_handoff_us_per_task=0.328582 stage2_phase_finalize_attempts=4462 stage2_phase_finalize_task_attempts=35565 stage2_phase_finalize_elapsed_ms=56.600876 avg_stage2_phase_finalize_us_per_task=1.591477 maintenance_worker_idle_waits=1096064 maintenance_worker_idle_ms=452245.918988 maintenance_lost_wake_avoided=303709 maintenance_targeted_wakes=3602373 maintenance_generic_wakes=27072 maintenance_broadcast_wakes=0 maintenance_context_slots_scanned=14419392 maintenance_ready_notifications=1154687 maintenance_ready_stale_notifications=119 maintenance_ready_tickets_drained=901203 maintenance_ready_overflow_scans=0 maintenance_ready_fallback_scans=901527 stage2_search_lane_lease_limit=32 stage2_search_lane_lease_peak=32 stage2_search_lane_lease_blocked=10136 maintenance_worker_observed_idle_ratio=0.403615 maintenance_worker_observed_busy_ratio=0.596385 physical_stage1_items=53948 physical_stage1_total_ns=243720192642 physical_stage1_search_ns=228097478878 physical_stage1_prune_ns=8731811750 physical_stage1_allocate_write_ns=5099627567 physical_stage1_backlink_ns=1155775709 physical_stage1_candidates=6902789 physical_stage1_remote_frontier_items=69922109 physical_stage1_neighbors=2004209 peer_stage1_enqueued=41797 peer_stage1_processed=41797 peer_stage1_items=86222 avg_peer_stage1_items=2.062875 peer_stage1_rate_per_sec=615.603230 peer_stage1_max_queue=47 peer_stage1_active_workers=0 peer_stage2_home_enqueued=297341 peer_stage2_home_processed=297341 peer_stage2_home_items=35652938 avg_peer_stage2_home_items=119.905893 peer_stage2_home_max_queue=40 peer_stage2_home_response_queue_drops=0 peer_stage2_home_response_send_wait_ms=11603.894276 avg_peer_stage2_home_queue_wait_us=89.156407 avg_peer_stage2_home_execution_us=69.004729 peer_stage1_release_deferred_batches=142 peer_stage1_release_deferred_items=255 peer_stage1_duplicate_retry_responses=0 peer_stage1_admission_retry_responses=0 peer_stage1_retry_response_drops=0 peer_stage1_admission_waiters=0 peer_stage1_admission_waiter_items=0 peer_stage1_admission_owned_items=0 peer_stage1_admission_wake_coverage=0 peer_stage1_admission_parked=0 peer_stage1_admission_woken=0 peer_stage1_admission_reparked=0 peer_stage1_max_admission_waiters=0 peer_stage1_duplicate_coalesced=34 peer_reverse_enqueued=15845 peer_reverse_processed=15844 peer_reverse_remaining=1 peer_reverse_items_enqueued=222714 peer_reverse_items_processed=222646 peer_reverse_rate_per_sec=1589.636019 peer_reverse_failed=20 peer_reverse_max_queue=55 reclaim_pending=213 reclaim_reused=5765 dynamic_high_watermark=20033740768 stage2_remaining=17999 cleanup_remaining=0 active_contexts=48 active_context_limit=48 repair_remaining=0 remaining=18383
[STATUS]: storage-owner maintenance observation: enqueued=53948 stage2_enqueued=53948 cleanup_enqueued=0 stage2_tasks_done=44605 stage2_finalized_live=44605 cleanup_processed=0 stale=0 stage2_completion_ratio=0.826815 live_stage2_completion_ratio=0.826815 avg_stage2_delay_ms=30687.638952 p99_stage2_delay_upper_ms=30000.000000 p99_stage2_delay_over_30s=true stage2_delay_histogram=0,0,0,0,0,0,41,205,183,127,301,334,1710,256,1541,3107,8510,28290 max_stage2_delay_ms=50159.299540 compaction_batch_target=32 compaction_max_delay_ms=25.000000 stage2_rate_per_sec=307.491286 stage1_search_budget_exhausted=0 stage2_search_budget_exhausted=0 stage2_continuations=44981 stage2_remote_frontier_items=57992221 avg_stage2_remote_frontier=1289.260377 stage2_remote_expansions=1400314 avg_stage2_remote_expansions=31.131233 stage2_scored_candidates=100104167 avg_stage2_scored_candidates=2225.476690 stage2_graph_read_waves=311552 avg_stage2_expansions_per_graph_wave=4.494640 stage2_graph_unique_reads=1454972 stage2_graph_prefetch_issued=1021400 stage2_graph_prefetch_hits=972033 stage2_graph_prefetch_wasted=47998 stage2_graph_prefetch_promotion_ratio=0.952945 stage2_graph_issue_width_current=16 stage2_vector_read_waves=667618 avg_stage2_scores_per_vector_wave=149.942283 stage2_vector_unique_reads=66445922 stage2_home_rpc_batches=500328 stage2_home_rpc_items=58879333 avg_stage2_home_rpc_batch=117.681467 stage2_home_score_rpc_batches=231917 stage2_home_score_rpc_items=57424362 stage2_home_score_rpc_queries=1369276 stage2_home_score_rpc_request_bytes=1528149640 stage2_home_score_rpc_response_bytes=1847525472 avg_stage2_home_score_queries_per_rpc=5.904164 avg_stage2_home_score_rpc_batch=247.607385 stage2_home_scored_neighbors=91080140 home_scores_per_expansion=1.546895 stage2_migrations=7471 home_match_rate=0.832508 stage2_final_edges=1707801 stage2_cross_edges_stage1_home=374872 stage2_cross_edges_final_home=235387 cross_edge_reduction_ratio=0.372087 failed=0 rpc_timeouts=0 reverse_aggregate_batches=0 reverse_aggregate_logical_requests=0 reverse_aggregate_ops=0 avg_reverse_aggregate_logicals=0.000000 avg_reverse_aggregate_ops=0.000000 max_backlog=24974 admission_window=65536 completion_outstanding=9639 completion_incomplete=9343 completed_behind_hole=296 completion_logical_full_failures=0 completion_physical_full_failures=0 pressure_yields=1571517 stage2_batches=5639 avg_stage2_batch_size=7.976769 packing_target_batch=8 packing_admit_queue_avg=12756.377904 packing_admit_queue_max=24974 packing_batch_1_7=39 packing_batch_8=5600 packing_assembly_batches=5639 packing_assembly_wait_ms=166518428.436762 packing_arrival_interval_us=25000 packing_waited_batches=39 packing_wait_ms=719.691000 packing_target_flushes=5600 packing_deadline_flushes=39 packing_cleanup_flushes=0 stage2_phase_search_attempts=5597 stage2_phase_search_task_attempts=44645 stage2_phase_search_elapsed_ms=5040065.550276 avg_stage2_phase_search_us_per_task=112892.049508 stage2_phase_freeze_prune_attempts=6839 stage2_phase_freeze_prune_task_attempts=54570 stage2_phase_freeze_prune_elapsed_ms=171876.882229 avg_stage2_phase_freeze_prune_us_per_task=3149.658828 stage2_phase_reverse_prepare_attempts=5592 stage2_phase_reverse_prepare_task_attempts=44605 stage2_phase_reverse_prepare_elapsed_ms=614542.666184 avg_stage2_phase_reverse_prepare_us_per_task=13777.438991 stage2_phase_placement_authority_attempts=5592 stage2_phase_placement_authority_task_attempts=44605 stage2_phase_placement_authority_elapsed_ms=186653.954060 avg_stage2_phase_placement_authority_us_per_task=4184.597109 stage2_phase_completion_handoff_attempts=5592 stage2_phase_completion_handoff_task_attempts=44605 stage2_phase_completion_handoff_elapsed_ms=13.200392 avg_stage2_phase_completion_handoff_us_per_task=0.295940 stage2_phase_finalize_attempts=5592 stage2_phase_finalize_task_attempts=44605 stage2_phase_finalize_elapsed_ms=65.576351 avg_stage2_phase_finalize_us_per_task=1.470157 maintenance_worker_idle_waits=1200512 maintenance_worker_idle_ms=453727.738913 maintenance_lost_wake_avoided=364080 maintenance_targeted_wakes=4678411 maintenance_generic_wakes=27072 maintenance_broadcast_wakes=0 maintenance_context_slots_scanned=16602704 maintenance_ready_notifications=1465378 maintenance_ready_stale_notifications=119 maintenance_ready_tickets_drained=1128242 maintenance_ready_overflow_scans=0 maintenance_ready_fallback_scans=1038140 stage2_search_lane_lease_limit=32 stage2_search_lane_lease_peak=32 stage2_search_lane_lease_blocked=39265 maintenance_worker_observed_idle_ratio=0.390980 maintenance_worker_observed_busy_ratio=0.609020 physical_stage1_items=53948 physical_stage1_total_ns=243720192642 physical_stage1_search_ns=228097478878 physical_stage1_prune_ns=8731811750 physical_stage1_allocate_write_ns=5099627567 physical_stage1_backlink_ns=1155775709 physical_stage1_candidates=6902789 physical_stage1_remote_frontier_items=69922109 physical_stage1_neighbors=2004209 peer_stage1_enqueued=41797 peer_stage1_processed=41797 peer_stage1_items=86222 avg_peer_stage1_items=2.062875 peer_stage1_rate_per_sec=594.384344 peer_stage1_max_queue=47 peer_stage1_active_workers=0 peer_stage2_home_enqueued=354331 peer_stage2_home_processed=354331 peer_stage2_home_items=42540338 avg_peer_stage2_home_items=120.058189 peer_stage2_home_max_queue=40 peer_stage2_home_response_queue_drops=0 peer_stage2_home_response_send_wait_ms=12054.568884 avg_peer_stage2_home_queue_wait_us=77.313288 avg_peer_stage2_home_execution_us=73.581154 peer_stage1_release_deferred_batches=142 peer_stage1_release_deferred_items=255 peer_stage1_duplicate_retry_responses=0 peer_stage1_admission_retry_responses=0 peer_stage1_retry_response_drops=0 peer_stage1_admission_waiters=0 peer_stage1_admission_waiter_items=0 peer_stage1_admission_owned_items=0 peer_stage1_admission_wake_coverage=0 peer_stage1_admission_parked=0 peer_stage1_admission_woken=0 peer_stage1_admission_reparked=0 peer_stage1_max_admission_waiters=0 peer_stage1_duplicate_coalesced=34 peer_reverse_enqueued=18317 peer_reverse_processed=18314 peer_reverse_remaining=3 peer_reverse_items_enqueued=280795 peer_reverse_items_processed=280708 peer_reverse_rate_per_sec=1935.102878 peer_reverse_failed=27 peer_reverse_max_queue=55 reclaim_pending=369 reclaim_reused=7102 dynamic_high_watermark=20033740768 stage2_remaining=8967 cleanup_remaining=0 active_contexts=47 active_context_limit=48 repair_remaining=0 remaining=9343
[STATUS]: storage-owner maintenance observation: enqueued=53948 stage2_enqueued=53948 cleanup_enqueued=0 stage2_tasks_done=53948 stage2_finalized_live=53948 cleanup_processed=0 stale=0 stage2_completion_ratio=1.000000 live_stage2_completion_ratio=1.000000 avg_stage2_delay_ms=29544.204378 p99_stage2_delay_upper_ms=30000.000000 p99_stage2_delay_over_30s=true stage2_delay_histogram=0,0,0,0,0,0,41,205,183,127,301,334,1710,256,1541,3109,17548,28593 max_stage2_delay_ms=50159.299540 compaction_batch_target=32 compaction_max_delay_ms=25.000000 stage2_rate_per_sec=359.502657 stage1_search_budget_exhausted=0 stage2_search_budget_exhausted=0 stage2_continuations=53948 stage2_remote_frontier_items=69922109 avg_stage2_remote_frontier=1296.101969 stage2_remote_expansions=1724934 avg_stage2_remote_expansions=31.974012 stage2_scored_candidates=121305209 avg_stage2_scored_candidates=2248.558037 stage2_graph_read_waves=381549 avg_stage2_expansions_per_graph_wave=4.520872 stage2_graph_unique_reads=1783697 stage2_graph_prefetch_issued=1254966 stage2_graph_prefetch_hits=1196203 stage2_graph_prefetch_wasted=58763 stage2_graph_prefetch_promotion_ratio=0.953176 stage2_graph_issue_width_current=16 stage2_vector_read_waves=824001 avg_stage2_scores_per_vector_wave=147.214881 stage2_vector_unique_reads=80317410 stage2_home_rpc_batches=608293 stage2_home_rpc_items=71052666 avg_stage2_home_rpc_batch=116.806647 stage2_home_score_rpc_batches=280567 stage2_home_score_rpc_items=69268969 stage2_home_score_rpc_queries=1654159 stage2_home_score_rpc_request_bytes=1844050824 stage2_home_score_rpc_response_bytes=2228781376 avg_stage2_home_score_queries_per_rpc=5.895772 avg_stage2_home_score_rpc_batch=246.889224 stage2_home_scored_neighbors=110252466 home_scores_per_expansion=1.551701 stage2_migrations=9202 home_match_rate=0.829428 stage2_final_edges=2051216 stage2_cross_edges_stage1_home=458751 stage2_cross_edges_final_home=288725 cross_edge_reduction_ratio=0.370628 failed=0 rpc_timeouts=0 reverse_aggregate_batches=0 reverse_aggregate_logical_requests=0 reverse_aggregate_ops=0 avg_reverse_aggregate_logicals=0.000000 avg_reverse_aggregate_ops=0.000000 max_backlog=24974 admission_window=65536 completion_outstanding=0 completion_incomplete=0 completed_behind_hole=0 completion_logical_full_failures=0 completion_physical_full_failures=0 pressure_yields=1770202 stage2_batches=6760 avg_stage2_batch_size=7.980473 packing_target_batch=8 packing_admit_queue_avg=11385.080178 packing_admit_queue_max=24974 packing_batch_1_7=40 packing_batch_8=6720 packing_assembly_batches=6760 packing_assembly_wait_ms=193023760.571287 packing_arrival_interval_us=25000 packing_waited_batches=40 packing_wait_ms=744.691000 packing_target_flushes=6720 packing_deadline_flushes=40 packing_cleanup_flushes=0 stage2_phase_search_attempts=6760 stage2_phase_search_task_attempts=53948 stage2_phase_search_elapsed_ms=5237085.472104 avg_stage2_phase_search_us_per_task=97076.545416 stage2_phase_freeze_prune_attempts=8390 stage2_phase_freeze_prune_task_attempts=66977 stage2_phase_freeze_prune_elapsed_ms=176375.223435 avg_stage2_phase_freeze_prune_us_per_task=2633.370014 stage2_phase_reverse_prepare_attempts=6760 stage2_phase_reverse_prepare_task_attempts=53948 stage2_phase_reverse_prepare_elapsed_ms=634409.989241 avg_stage2_phase_reverse_prepare_us_per_task=11759.657248 stage2_phase_placement_authority_attempts=6760 stage2_phase_placement_authority_task_attempts=53948 stage2_phase_placement_authority_elapsed_ms=189371.571845 avg_stage2_phase_placement_authority_us_per_task=3510.261212 stage2_phase_completion_handoff_attempts=6760 stage2_phase_completion_handoff_task_attempts=53948 stage2_phase_completion_handoff_elapsed_ms=14.578691 avg_stage2_phase_completion_handoff_us_per_task=0.270236 stage2_phase_finalize_attempts=6760 stage2_phase_finalize_task_attempts=53948 stage2_phase_finalize_elapsed_ms=73.998878 avg_stage2_phase_finalize_us_per_task=1.371670 maintenance_worker_idle_waits=1338368 maintenance_worker_idle_ms=456314.272932 maintenance_lost_wake_avoided=438933 maintenance_targeted_wakes=5884174 maintenance_generic_wakes=27072 maintenance_broadcast_wakes=0 maintenance_context_slots_scanned=19327136 maintenance_ready_notifications=1799159 maintenance_ready_stale_notifications=119 maintenance_ready_tickets_drained=1373931 maintenance_ready_overflow_scans=0 maintenance_ready_fallback_scans=1208166 stage2_search_lane_lease_limit=32 stage2_search_lane_lease_peak=32 stage2_search_lane_lease_blocked=59776 maintenance_worker_observed_idle_ratio=0.380103 maintenance_worker_observed_busy_ratio=0.619897 physical_stage1_items=53948 physical_stage1_total_ns=243720192642 physical_stage1_search_ns=228097478878 physical_stage1_prune_ns=8731811750 physical_stage1_allocate_write_ns=5099627567 physical_stage1_backlink_ns=1155775709 physical_stage1_candidates=6902789 physical_stage1_remote_frontier_items=69922109 physical_stage1_neighbors=2004209 peer_stage1_enqueued=41797 peer_stage1_processed=41797 peer_stage1_items=86222 avg_peer_stage1_items=2.062875 peer_stage1_rate_per_sec=574.572516 peer_stage1_max_queue=47 peer_stage1_active_workers=1 peer_stage2_home_enqueued=411347 peer_stage2_home_processed=411345 peer_stage2_home_items=49299878 avg_peer_stage2_home_items=119.850437 peer_stage2_home_max_queue=40 peer_stage2_home_response_queue_drops=0 peer_stage2_home_response_send_wait_ms=12473.962201 avg_peer_stage2_home_queue_wait_us=68.390397 avg_peer_stage2_home_execution_us=76.245546 peer_stage1_release_deferred_batches=142 peer_stage1_release_deferred_items=255 peer_stage1_duplicate_retry_responses=0 peer_stage1_admission_retry_responses=0 peer_stage1_retry_response_drops=0 peer_stage1_admission_waiters=0 peer_stage1_admission_waiter_items=0 peer_stage1_admission_owned_items=0 peer_stage1_admission_wake_coverage=0 peer_stage1_admission_parked=0 peer_stage1_admission_woken=0 peer_stage1_admission_reparked=0 peer_stage1_max_admission_waiters=0 peer_stage1_duplicate_coalesced=34 peer_reverse_enqueued=20894 peer_reverse_processed=20891 peer_reverse_remaining=3 peer_reverse_items_enqueued=333899 peer_reverse_items_processed=333795 peer_reverse_rate_per_sec=2224.367713 peer_reverse_failed=37 peer_reverse_max_queue=55 reclaim_pending=841 reclaim_reused=8361 dynamic_high_watermark=20033740768 stage2_remaining=0 cleanup_remaining=0 active_contexts=0 active_context_limit=48 repair_remaining=0 remaining=0
[STATUS]: storage-owner maintenance observation: enqueued=53948 stage2_enqueued=53948 cleanup_enqueued=0 stage2_tasks_done=53948 stage2_finalized_live=53948 cleanup_processed=0 stale=0 stage2_completion_ratio=1.000000 live_stage2_completion_ratio=1.000000 avg_stage2_delay_ms=29544.204378 p99_stage2_delay_upper_ms=30000.000000 p99_stage2_delay_over_30s=true stage2_delay_histogram=0,0,0,0,0,0,41,205,183,127,301,334,1710,256,1541,3109,17548,28593 max_stage2_delay_ms=50159.299540 compaction_batch_target=32 compaction_max_delay_ms=25.000000 stage2_rate_per_sec=347.909309 stage1_search_budget_exhausted=0 stage2_search_budget_exhausted=0 stage2_continuations=53948 stage2_remote_frontier_items=69922109 avg_stage2_remote_frontier=1296.101969 stage2_remote_expansions=1724934 avg_stage2_remote_expansions=31.974012 stage2_scored_candidates=121305209 avg_stage2_scored_candidates=2248.558037 stage2_graph_read_waves=381549 avg_stage2_expansions_per_graph_wave=4.520872 stage2_graph_unique_reads=1783697 stage2_graph_prefetch_issued=1254966 stage2_graph_prefetch_hits=1196203 stage2_graph_prefetch_wasted=58763 stage2_graph_prefetch_promotion_ratio=0.953176 stage2_graph_issue_width_current=16 stage2_vector_read_waves=824001 avg_stage2_scores_per_vector_wave=147.214881 stage2_vector_unique_reads=80317410 stage2_home_rpc_batches=608293 stage2_home_rpc_items=71052666 avg_stage2_home_rpc_batch=116.806647 stage2_home_score_rpc_batches=280567 stage2_home_score_rpc_items=69268969 stage2_home_score_rpc_queries=1654159 stage2_home_score_rpc_request_bytes=1844050824 stage2_home_score_rpc_response_bytes=2228781376 avg_stage2_home_score_queries_per_rpc=5.895772 avg_stage2_home_score_rpc_batch=246.889224 stage2_home_scored_neighbors=110252466 home_scores_per_expansion=1.551701 stage2_migrations=9202 home_match_rate=0.829428 stage2_final_edges=2051216 stage2_cross_edges_stage1_home=458751 stage2_cross_edges_final_home=288725 cross_edge_reduction_ratio=0.370628 failed=0 rpc_timeouts=0 reverse_aggregate_batches=0 reverse_aggregate_logical_requests=0 reverse_aggregate_ops=0 avg_reverse_aggregate_logicals=0.000000 avg_reverse_aggregate_ops=0.000000 max_backlog=24974 admission_window=65536 completion_outstanding=0 completion_incomplete=0 completed_behind_hole=0 completion_logical_full_failures=0 completion_physical_full_failures=0 pressure_yields=1770202 stage2_batches=6760 avg_stage2_batch_size=7.980473 packing_target_batch=8 packing_admit_queue_avg=11385.080178 packing_admit_queue_max=24974 packing_batch_1_7=40 packing_batch_8=6720 packing_assembly_batches=6760 packing_assembly_wait_ms=193023760.571287 packing_arrival_interval_us=25000 packing_waited_batches=40 packing_wait_ms=744.691000 packing_target_flushes=6720 packing_deadline_flushes=40 packing_cleanup_flushes=0 stage2_phase_search_attempts=6760 stage2_phase_search_task_attempts=53948 stage2_phase_search_elapsed_ms=5237085.472104 avg_stage2_phase_search_us_per_task=97076.545416 stage2_phase_freeze_prune_attempts=8390 stage2_phase_freeze_prune_task_attempts=66977 stage2_phase_freeze_prune_elapsed_ms=176375.223435 avg_stage2_phase_freeze_prune_us_per_task=2633.370014 stage2_phase_reverse_prepare_attempts=6760 stage2_phase_reverse_prepare_task_attempts=53948 stage2_phase_reverse_prepare_elapsed_ms=634409.989241 avg_stage2_phase_reverse_prepare_us_per_task=11759.657248 stage2_phase_placement_authority_attempts=6760 stage2_phase_placement_authority_task_attempts=53948 stage2_phase_placement_authority_elapsed_ms=189371.571845 avg_stage2_phase_placement_authority_us_per_task=3510.261212 stage2_phase_completion_handoff_attempts=6760 stage2_phase_completion_handoff_task_attempts=53948 stage2_phase_completion_handoff_elapsed_ms=14.578691 avg_stage2_phase_completion_handoff_us_per_task=0.270236 stage2_phase_finalize_attempts=6760 stage2_phase_finalize_task_attempts=53948 stage2_phase_finalize_elapsed_ms=73.998878 avg_stage2_phase_finalize_us_per_task=1.371670 maintenance_worker_idle_waits=1342336 maintenance_worker_idle_ms=495390.552953 maintenance_lost_wake_avoided=438933 maintenance_targeted_wakes=5884174 maintenance_generic_wakes=27072 maintenance_broadcast_wakes=0 maintenance_context_slots_scanned=19389648 maintenance_ready_notifications=1799159 maintenance_ready_stale_notifications=119 maintenance_ready_tickets_drained=1373931 maintenance_ready_overflow_scans=0 maintenance_ready_fallback_scans=1212139 stage2_search_lane_lease_limit=32 stage2_search_lane_lease_peak=32 stage2_search_lane_lease_blocked=59776 maintenance_worker_observed_idle_ratio=0.399345 maintenance_worker_observed_busy_ratio=0.600655 physical_stage1_items=53948 physical_stage1_total_ns=243720192642 physical_stage1_search_ns=228097478878 physical_stage1_prune_ns=8731811750 physical_stage1_allocate_write_ns=5099627567 physical_stage1_backlink_ns=1155775709 physical_stage1_candidates=6902789 physical_stage1_remote_frontier_items=69922109 physical_stage1_neighbors=2004209 peer_stage1_enqueued=41797 peer_stage1_processed=41797 peer_stage1_items=86222 avg_peer_stage1_items=2.062875 peer_stage1_rate_per_sec=556.043531 peer_stage1_max_queue=47 peer_stage1_active_workers=1 peer_stage2_home_enqueued=478686 peer_stage2_home_processed=478684 peer_stage2_home_items=57014190 avg_peer_stage2_home_items=119.106112 peer_stage2_home_max_queue=40 peer_stage2_home_response_queue_drops=0 peer_stage2_home_response_send_wait_ms=12861.981891 avg_peer_stage2_home_queue_wait_us=60.384080 avg_peer_stage2_home_execution_us=76.746220 peer_stage1_release_deferred_batches=142 peer_stage1_release_deferred_items=255 peer_stage1_duplicate_retry_responses=0 peer_stage1_admission_retry_responses=0 peer_stage1_retry_response_drops=0 peer_stage1_admission_waiters=0 peer_stage1_admission_waiter_items=0 peer_stage1_admission_owned_items=0 peer_stage1_admission_wake_coverage=0 peer_stage1_admission_parked=0 peer_stage1_admission_woken=0 peer_stage1_admission_reparked=0 peer_stage1_max_admission_waiters=0 peer_stage1_duplicate_coalesced=34 peer_reverse_enqueued=23882 peer_reverse_processed=23881 peer_reverse_remaining=1 peer_reverse_items_enqueued=390850 peer_reverse_items_processed=390798 peer_reverse_rate_per_sec=2520.246572 peer_reverse_failed=50 peer_reverse_max_queue=55 reclaim_pending=0 reclaim_reused=9202 dynamic_high_watermark=20034171296 stage2_remaining=0 cleanup_remaining=0 active_contexts=0 active_context_limit=48 repair_remaining=0 remaining=0
[STATUS]: storage-owner maintenance observation: enqueued=53948 stage2_enqueued=53948 cleanup_enqueued=0 stage2_tasks_done=53948 stage2_finalized_live=53948 cleanup_processed=0 stale=0 stage2_completion_ratio=1.000000 live_stage2_completion_ratio=1.000000 avg_stage2_delay_ms=29544.204378 p99_stage2_delay_upper_ms=30000.000000 p99_stage2_delay_over_30s=true stage2_delay_histogram=0,0,0,0,0,0,41,205,183,127,301,334,1710,256,1541,3109,17548,28593 max_stage2_delay_ms=50159.299540 compaction_batch_target=32 compaction_max_delay_ms=25.000000 stage2_rate_per_sec=337.035470 stage1_search_budget_exhausted=0 stage2_search_budget_exhausted=0 stage2_continuations=53948 stage2_remote_frontier_items=69922109 avg_stage2_remote_frontier=1296.101969 stage2_remote_expansions=1724934 avg_stage2_remote_expansions=31.974012 stage2_scored_candidates=121305209 avg_stage2_scored_candidates=2248.558037 stage2_graph_read_waves=381549 avg_stage2_expansions_per_graph_wave=4.520872 stage2_graph_unique_reads=1783697 stage2_graph_prefetch_issued=1254966 stage2_graph_prefetch_hits=1196203 stage2_graph_prefetch_wasted=58763 stage2_graph_prefetch_promotion_ratio=0.953176 stage2_graph_issue_width_current=16 stage2_vector_read_waves=824001 avg_stage2_scores_per_vector_wave=147.214881 stage2_vector_unique_reads=80317410 stage2_home_rpc_batches=608293 stage2_home_rpc_items=71052666 avg_stage2_home_rpc_batch=116.806647 stage2_home_score_rpc_batches=280567 stage2_home_score_rpc_items=69268969 stage2_home_score_rpc_queries=1654159 stage2_home_score_rpc_request_bytes=1844050824 stage2_home_score_rpc_response_bytes=2228781376 avg_stage2_home_score_queries_per_rpc=5.895772 avg_stage2_home_score_rpc_batch=246.889224 stage2_home_scored_neighbors=110252466 home_scores_per_expansion=1.551701 stage2_migrations=9202 home_match_rate=0.829428 stage2_final_edges=2051216 stage2_cross_edges_stage1_home=458751 stage2_cross_edges_final_home=288725 cross_edge_reduction_ratio=0.370628 failed=0 rpc_timeouts=0 reverse_aggregate_batches=0 reverse_aggregate_logical_requests=0 reverse_aggregate_ops=0 avg_reverse_aggregate_logicals=0.000000 avg_reverse_aggregate_ops=0.000000 max_backlog=24974 admission_window=65536 completion_outstanding=0 completion_incomplete=0 completed_behind_hole=0 completion_logical_full_failures=0 completion_physical_full_failures=0 pressure_yields=1770202 stage2_batches=6760 avg_stage2_batch_size=7.980473 packing_target_batch=8 packing_admit_queue_avg=11385.080178 packing_admit_queue_max=24974 packing_batch_1_7=40 packing_batch_8=6720 packing_assembly_batches=6760 packing_assembly_wait_ms=193023760.571287 packing_arrival_interval_us=25000 packing_waited_batches=40 packing_wait_ms=744.691000 packing_target_flushes=6720 packing_deadline_flushes=40 packing_cleanup_flushes=0 stage2_phase_search_attempts=6760 stage2_phase_search_task_attempts=53948 stage2_phase_search_elapsed_ms=5237085.472104 avg_stage2_phase_search_us_per_task=97076.545416 stage2_phase_freeze_prune_attempts=8390 stage2_phase_freeze_prune_task_attempts=66977 stage2_phase_freeze_prune_elapsed_ms=176375.223435 avg_stage2_phase_freeze_prune_us_per_task=2633.370014 stage2_phase_reverse_prepare_attempts=6760 stage2_phase_reverse_prepare_task_attempts=53948 stage2_phase_reverse_prepare_elapsed_ms=634409.989241 avg_stage2_phase_reverse_prepare_us_per_task=11759.657248 stage2_phase_placement_authority_attempts=6760 stage2_phase_placement_authority_task_attempts=53948 stage2_phase_placement_authority_elapsed_ms=189371.571845 avg_stage2_phase_placement_authority_us_per_task=3510.261212 stage2_phase_completion_handoff_attempts=6760 stage2_phase_completion_handoff_task_attempts=53948 stage2_phase_completion_handoff_elapsed_ms=14.578691 avg_stage2_phase_completion_handoff_us_per_task=0.270236 stage2_phase_finalize_attempts=6760 stage2_phase_finalize_task_attempts=53948 stage2_phase_finalize_elapsed_ms=73.998878 avg_stage2_phase_finalize_us_per_task=1.371670 maintenance_worker_idle_waits=1346304 maintenance_worker_idle_ms=535307.348105 maintenance_lost_wake_avoided=438933 maintenance_targeted_wakes=5884174 maintenance_generic_wakes=27072 maintenance_broadcast_wakes=0 maintenance_context_slots_scanned=19453136 maintenance_ready_notifications=1799159 maintenance_ready_stale_notifications=119 maintenance_ready_tickets_drained=1373931 maintenance_ready_overflow_scans=0 maintenance_ready_fallback_scans=1216115 stage2_search_lane_lease_limit=32 stage2_search_lane_lease_peak=32 stage2_search_lane_lease_blocked=59776 maintenance_worker_observed_idle_ratio=0.418036 maintenance_worker_observed_busy_ratio=0.581964 physical_stage1_items=53948 physical_stage1_total_ns=243720192642 physical_stage1_search_ns=228097478878 physical_stage1_prune_ns=8731811750 physical_stage1_allocate_write_ns=5099627567 physical_stage1_backlink_ns=1155775709 physical_stage1_candidates=6902789 physical_stage1_remote_frontier_items=69922109 physical_stage1_neighbors=2004209 peer_stage1_enqueued=41797 peer_stage1_processed=41797 peer_stage1_items=86222 avg_peer_stage1_items=2.062875 peer_stage1_rate_per_sec=538.664497 peer_stage1_max_queue=47 peer_stage1_active_workers=0 peer_stage2_home_enqueued=480909 peer_stage2_home_processed=480909 peer_stage2_home_items=57181540 avg_peer_stage2_home_items=118.903036 peer_stage2_home_max_queue=40 peer_stage2_home_response_queue_drops=0 peer_stage2_home_response_send_wait_ms=12872.404279 avg_peer_stage2_home_queue_wait_us=60.162535 avg_peer_stage2_home_execution_us=76.682748 peer_stage1_release_deferred_batches=142 peer_stage1_release_deferred_items=255 peer_stage1_duplicate_retry_responses=0 peer_stage1_admission_retry_responses=0 peer_stage1_retry_response_drops=0 peer_stage1_admission_waiters=0 peer_stage1_admission_waiter_items=0 peer_stage1_admission_owned_items=0 peer_stage1_admission_wake_coverage=0 peer_stage1_admission_parked=0 peer_stage1_admission_woken=0 peer_stage1_admission_reparked=0 peer_stage1_max_admission_waiters=0 peer_stage1_duplicate_coalesced=34 peer_reverse_enqueued=24014 peer_reverse_processed=24014 peer_reverse_remaining=0 peer_reverse_items_enqueued=393173 peer_reverse_items_processed=393173 peer_reverse_rate_per_sec=2456.314357 peer_reverse_failed=53 peer_reverse_max_queue=55 reclaim_pending=0 reclaim_reused=9202 dynamic_high_watermark=20034232800 stage2_remaining=0 cleanup_remaining=0 active_contexts=0 active_context_limit=48 repair_remaining=0 remaining=0
[STATUS]: storage-owner maintenance observation: enqueued=53948 stage2_enqueued=53948 cleanup_enqueued=0 stage2_tasks_done=53948 stage2_finalized_live=53948 cleanup_processed=0 stale=0 stage2_completion_ratio=1.000000 live_stage2_completion_ratio=1.000000 avg_stage2_delay_ms=29544.204378 p99_stage2_delay_upper_ms=30000.000000 p99_stage2_delay_over_30s=true stage2_delay_histogram=0,0,0,0,0,0,41,205,183,127,301,334,1710,256,1541,3109,17548,28593 max_stage2_delay_ms=50159.299540 compaction_batch_target=32 compaction_max_delay_ms=25.000000 stage2_rate_per_sec=326.821098 stage1_search_budget_exhausted=0 stage2_search_budget_exhausted=0 stage2_continuations=53948 stage2_remote_frontier_items=69922109 avg_stage2_remote_frontier=1296.101969 stage2_remote_expansions=1724934 avg_stage2_remote_expansions=31.974012 stage2_scored_candidates=121305209 avg_stage2_scored_candidates=2248.558037 stage2_graph_read_waves=381549 avg_stage2_expansions_per_graph_wave=4.520872 stage2_graph_unique_reads=1783697 stage2_graph_prefetch_issued=1254966 stage2_graph_prefetch_hits=1196203 stage2_graph_prefetch_wasted=58763 stage2_graph_prefetch_promotion_ratio=0.953176 stage2_graph_issue_width_current=16 stage2_vector_read_waves=824001 avg_stage2_scores_per_vector_wave=147.214881 stage2_vector_unique_reads=80317410 stage2_home_rpc_batches=608293 stage2_home_rpc_items=71052666 avg_stage2_home_rpc_batch=116.806647 stage2_home_score_rpc_batches=280567 stage2_home_score_rpc_items=69268969 stage2_home_score_rpc_queries=1654159 stage2_home_score_rpc_request_bytes=1844050824 stage2_home_score_rpc_response_bytes=2228781376 avg_stage2_home_score_queries_per_rpc=5.895772 avg_stage2_home_score_rpc_batch=246.889224 stage2_home_scored_neighbors=110252466 home_scores_per_expansion=1.551701 stage2_migrations=9202 home_match_rate=0.829428 stage2_final_edges=2051216 stage2_cross_edges_stage1_home=458751 stage2_cross_edges_final_home=288725 cross_edge_reduction_ratio=0.370628 failed=0 rpc_timeouts=0 reverse_aggregate_batches=0 reverse_aggregate_logical_requests=0 reverse_aggregate_ops=0 avg_reverse_aggregate_logicals=0.000000 avg_reverse_aggregate_ops=0.000000 max_backlog=24974 admission_window=65536 completion_outstanding=0 completion_incomplete=0 completed_behind_hole=0 completion_logical_full_failures=0 completion_physical_full_failures=0 pressure_yields=1770202 stage2_batches=6760 avg_stage2_batch_size=7.980473 packing_target_batch=8 packing_admit_queue_avg=11385.080178 packing_admit_queue_max=24974 packing_batch_1_7=40 packing_batch_8=6720 packing_assembly_batches=6760 packing_assembly_wait_ms=193023760.571287 packing_arrival_interval_us=25000 packing_waited_batches=40 packing_wait_ms=744.691000 packing_target_flushes=6720 packing_deadline_flushes=40 packing_cleanup_flushes=0 stage2_phase_search_attempts=6760 stage2_phase_search_task_attempts=53948 stage2_phase_search_elapsed_ms=5237085.472104 avg_stage2_phase_search_us_per_task=97076.545416 stage2_phase_freeze_prune_attempts=8390 stage2_phase_freeze_prune_task_attempts=66977 stage2_phase_freeze_prune_elapsed_ms=176375.223435 avg_stage2_phase_freeze_prune_us_per_task=2633.370014 stage2_phase_reverse_prepare_attempts=6760 stage2_phase_reverse_prepare_task_attempts=53948 stage2_phase_reverse_prepare_elapsed_ms=634409.989241 avg_stage2_phase_reverse_prepare_us_per_task=11759.657248 stage2_phase_placement_authority_attempts=6760 stage2_phase_placement_authority_task_attempts=53948 stage2_phase_placement_authority_elapsed_ms=189371.571845 avg_stage2_phase_placement_authority_us_per_task=3510.261212 stage2_phase_completion_handoff_attempts=6760 stage2_phase_completion_handoff_task_attempts=53948 stage2_phase_completion_handoff_elapsed_ms=14.578691 avg_stage2_phase_completion_handoff_us_per_task=0.270236 stage2_phase_finalize_attempts=6760 stage2_phase_finalize_task_attempts=53948 stage2_phase_finalize_elapsed_ms=73.998878 avg_stage2_phase_finalize_us_per_task=1.371670 maintenance_worker_idle_waits=1350400 maintenance_worker_idle_ms=576510.767098 maintenance_lost_wake_avoided=438933 maintenance_targeted_wakes=5884174 maintenance_generic_wakes=27072 maintenance_broadcast_wakes=0 maintenance_context_slots_scanned=19518672 maintenance_ready_notifications=1799159 maintenance_ready_stale_notifications=119 maintenance_ready_tickets_drained=1373931 maintenance_ready_overflow_scans=0 maintenance_ready_fallback_scans=1220091 stage2_search_lane_lease_limit=32 stage2_search_lane_lease_peak=32 stage2_search_lane_lease_blocked=59776 maintenance_worker_observed_idle_ratio=0.436568 maintenance_worker_observed_busy_ratio=0.563432 physical_stage1_items=53948 physical_stage1_total_ns=243720192642 physical_stage1_search_ns=228097478878 physical_stage1_prune_ns=8731811750 physical_stage1_allocate_write_ns=5099627567 physical_stage1_backlink_ns=1155775709 physical_stage1_candidates=6902789 physical_stage1_remote_frontier_items=69922109 physical_stage1_neighbors=2004209 peer_stage1_enqueued=41797 peer_stage1_processed=41797 peer_stage1_items=86222 avg_peer_stage1_items=2.062875 peer_stage1_rate_per_sec=522.339452 peer_stage1_max_queue=47 peer_stage1_active_workers=0 peer_stage2_home_enqueued=480909 peer_stage2_home_processed=480909 peer_stage2_home_items=57181540 avg_peer_stage2_home_items=118.903036 peer_stage2_home_max_queue=40 peer_stage2_home_response_queue_drops=0 peer_stage2_home_response_send_wait_ms=12872.404279 avg_peer_stage2_home_queue_wait_us=60.162535 avg_peer_stage2_home_execution_us=76.682748 peer_stage1_release_deferred_batches=142 peer_stage1_release_deferred_items=255 peer_stage1_duplicate_retry_responses=0 peer_stage1_admission_retry_responses=0 peer_stage1_retry_response_drops=0 peer_stage1_admission_waiters=0 peer_stage1_admission_waiter_items=0 peer_stage1_admission_owned_items=0 peer_stage1_admission_wake_coverage=0 peer_stage1_admission_parked=0 peer_stage1_admission_woken=0 peer_stage1_admission_reparked=0 peer_stage1_max_admission_waiters=0 peer_stage1_duplicate_coalesced=34 peer_reverse_enqueued=24014 peer_reverse_processed=24014 peer_reverse_remaining=0 peer_reverse_items_enqueued=393173 peer_reverse_items_processed=393173 peer_reverse_rate_per_sec=2381.872019 peer_reverse_failed=53 peer_reverse_max_queue=55 reclaim_pending=0 reclaim_reused=9202 dynamic_high_watermark=20034232800 stage2_remaining=0 cleanup_remaining=0 active_contexts=0 active_context_limit=48 repair_remaining=0 remaining=0
[STATUS]: storage-owner maintenance observation: enqueued=53948 stage2_enqueued=53948 cleanup_enqueued=0 stage2_tasks_done=53948 stage2_finalized_live=53948 cleanup_processed=0 stale=0 stage2_completion_ratio=1.000000 live_stage2_completion_ratio=1.000000 avg_stage2_delay_ms=29544.204378 p99_stage2_delay_upper_ms=30000.000000 p99_stage2_delay_over_30s=true stage2_delay_histogram=0,0,0,0,0,0,41,205,183,127,301,334,1710,256,1541,3109,17548,28593 max_stage2_delay_ms=50159.299540 compaction_batch_target=32 compaction_max_delay_ms=25.000000 stage2_rate_per_sec=317.212578 stage1_search_budget_exhausted=0 stage2_search_budget_exhausted=0 stage2_continuations=53948 stage2_remote_frontier_items=69922109 avg_stage2_remote_frontier=1296.101969 stage2_remote_expansions=1724934 avg_stage2_remote_expansions=31.974012 stage2_scored_candidates=121305209 avg_stage2_scored_candidates=2248.558037 stage2_graph_read_waves=381549 avg_stage2_expansions_per_graph_wave=4.520872 stage2_graph_unique_reads=1783697 stage2_graph_prefetch_issued=1254966 stage2_graph_prefetch_hits=1196203 stage2_graph_prefetch_wasted=58763 stage2_graph_prefetch_promotion_ratio=0.953176 stage2_graph_issue_width_current=16 stage2_vector_read_waves=824001 avg_stage2_scores_per_vector_wave=147.214881 stage2_vector_unique_reads=80317410 stage2_home_rpc_batches=608293 stage2_home_rpc_items=71052666 avg_stage2_home_rpc_batch=116.806647 stage2_home_score_rpc_batches=280567 stage2_home_score_rpc_items=69268969 stage2_home_score_rpc_queries=1654159 stage2_home_score_rpc_request_bytes=1844050824 stage2_home_score_rpc_response_bytes=2228781376 avg_stage2_home_score_queries_per_rpc=5.895772 avg_stage2_home_score_rpc_batch=246.889224 stage2_home_scored_neighbors=110252466 home_scores_per_expansion=1.551701 stage2_migrations=9202 home_match_rate=0.829428 stage2_final_edges=2051216 stage2_cross_edges_stage1_home=458751 stage2_cross_edges_final_home=288725 cross_edge_reduction_ratio=0.370628 failed=0 rpc_timeouts=0 reverse_aggregate_batches=0 reverse_aggregate_logical_requests=0 reverse_aggregate_ops=0 avg_reverse_aggregate_logicals=0.000000 avg_reverse_aggregate_ops=0.000000 max_backlog=24974 admission_window=65536 completion_outstanding=0 completion_incomplete=0 completed_behind_hole=0 completion_logical_full_failures=0 completion_physical_full_failures=0 pressure_yields=1770202 stage2_batches=6760 avg_stage2_batch_size=7.980473 packing_target_batch=8 packing_admit_queue_avg=11385.080178 packing_admit_queue_max=24974 packing_batch_1_7=40 packing_batch_8=6720 packing_assembly_batches=6760 packing_assembly_wait_ms=193023760.571287 packing_arrival_interval_us=25000 packing_waited_batches=40 packing_wait_ms=744.691000 packing_target_flushes=6720 packing_deadline_flushes=40 packing_cleanup_flushes=0 stage2_phase_search_attempts=6760 stage2_phase_search_task_attempts=53948 stage2_phase_search_elapsed_ms=5237085.472104 avg_stage2_phase_search_us_per_task=97076.545416 stage2_phase_freeze_prune_attempts=8390 stage2_phase_freeze_prune_task_attempts=66977 stage2_phase_freeze_prune_elapsed_ms=176375.223435 avg_stage2_phase_freeze_prune_us_per_task=2633.370014 stage2_phase_reverse_prepare_attempts=6760 stage2_phase_reverse_prepare_task_attempts=53948 stage2_phase_reverse_prepare_elapsed_ms=634409.989241 avg_stage2_phase_reverse_prepare_us_per_task=11759.657248 stage2_phase_placement_authority_attempts=6760 stage2_phase_placement_authority_task_attempts=53948 stage2_phase_placement_authority_elapsed_ms=189371.571845 avg_stage2_phase_placement_authority_us_per_task=3510.261212 stage2_phase_completion_handoff_attempts=6760 stage2_phase_completion_handoff_task_attempts=53948 stage2_phase_completion_handoff_elapsed_ms=14.578691 avg_stage2_phase_completion_handoff_us_per_task=0.270236 stage2_phase_finalize_attempts=6760 stage2_phase_finalize_task_attempts=53948 stage2_phase_finalize_elapsed_ms=73.998878 avg_stage2_phase_finalize_us_per_task=1.371670 maintenance_worker_idle_waits=1354304 maintenance_worker_idle_ms=615780.986026 maintenance_lost_wake_avoided=438933 maintenance_targeted_wakes=5884174 maintenance_generic_wakes=27072 maintenance_broadcast_wakes=0 maintenance_context_slots_scanned=19581136 maintenance_ready_notifications=1799159 maintenance_ready_stale_notifications=119 maintenance_ready_tickets_drained=1373931 maintenance_ready_overflow_scans=0 maintenance_ready_fallback_scans=1224067 stage2_search_lane_lease_limit=32 stage2_search_lane_lease_peak=32 stage2_search_lane_lease_blocked=59776 maintenance_worker_observed_idle_ratio=0.452597 maintenance_worker_observed_busy_ratio=0.547403 physical_stage1_items=53948 physical_stage1_total_ns=243720192642 physical_stage1_search_ns=228097478878 physical_stage1_prune_ns=8731811750 physical_stage1_allocate_write_ns=5099627567 physical_stage1_backlink_ns=1155775709 physical_stage1_candidates=6902789 physical_stage1_remote_frontier_items=69922109 physical_stage1_neighbors=2004209 peer_stage1_enqueued=41797 peer_stage1_processed=41797 peer_stage1_items=86222 avg_peer_stage1_items=2.062875 peer_stage1_rate_per_sec=506.982704 peer_stage1_max_queue=47 peer_stage1_active_workers=0 peer_stage2_home_enqueued=480909 peer_stage2_home_processed=480909 peer_stage2_home_items=57181540 avg_peer_stage2_home_items=118.903036 peer_stage2_home_max_queue=40 peer_stage2_home_response_queue_drops=0 peer_stage2_home_response_send_wait_ms=12872.404279 avg_peer_stage2_home_queue_wait_us=60.162535 avg_peer_stage2_home_execution_us=76.682748 peer_stage1_release_deferred_batches=142 peer_stage1_release_deferred_items=255 peer_stage1_duplicate_retry_responses=0 peer_stage1_admission_retry_responses=0 peer_stage1_retry_response_drops=0 peer_stage1_admission_waiters=0 peer_stage1_admission_waiter_items=0 peer_stage1_admission_owned_items=0 peer_stage1_admission_wake_coverage=0 peer_stage1_admission_parked=0 peer_stage1_admission_woken=0 peer_stage1_admission_reparked=0 peer_stage1_max_admission_waiters=0 peer_stage1_duplicate_coalesced=34 peer_reverse_enqueued=24014 peer_reverse_processed=24014 peer_reverse_remaining=0 peer_reverse_items_enqueued=393173 peer_reverse_items_processed=393173 peer_reverse_rate_per_sec=2311.845127 peer_reverse_failed=53 peer_reverse_max_queue=55 reclaim_pending=0 reclaim_reused=9202 dynamic_high_watermark=20034232800 stage2_remaining=0 cleanup_remaining=0 active_contexts=0 active_context_limit=48 repair_remaining=0 remaining=0
[STATUS]: storage-owner maintenance observation: enqueued=53948 stage2_enqueued=53948 cleanup_enqueued=0 stage2_tasks_done=53948 stage2_finalized_live=53948 cleanup_processed=0 stale=0 stage2_completion_ratio=1.000000 live_stage2_completion_ratio=1.000000 avg_stage2_delay_ms=29544.204378 p99_stage2_delay_upper_ms=30000.000000 p99_stage2_delay_over_30s=true stage2_delay_histogram=0,0,0,0,0,0,41,205,183,127,301,334,1710,256,1541,3109,17548,28593 max_stage2_delay_ms=50159.299540 compaction_batch_target=32 compaction_max_delay_ms=25.000000 stage2_rate_per_sec=308.151592 stage1_search_budget_exhausted=0 stage2_search_budget_exhausted=0 stage2_continuations=53948 stage2_remote_frontier_items=69922109 avg_stage2_remote_frontier=1296.101969 stage2_remote_expansions=1724934 avg_stage2_remote_expansions=31.974012 stage2_scored_candidates=121305209 avg_stage2_scored_candidates=2248.558037 stage2_graph_read_waves=381549 avg_stage2_expansions_per_graph_wave=4.520872 stage2_graph_unique_reads=1783697 stage2_graph_prefetch_issued=1254966 stage2_graph_prefetch_hits=1196203 stage2_graph_prefetch_wasted=58763 stage2_graph_prefetch_promotion_ratio=0.953176 stage2_graph_issue_width_current=16 stage2_vector_read_waves=824001 avg_stage2_scores_per_vector_wave=147.214881 stage2_vector_unique_reads=80317410 stage2_home_rpc_batches=608293 stage2_home_rpc_items=71052666 avg_stage2_home_rpc_batch=116.806647 stage2_home_score_rpc_batches=280567 stage2_home_score_rpc_items=69268969 stage2_home_score_rpc_queries=1654159 stage2_home_score_rpc_request_bytes=1844050824 stage2_home_score_rpc_response_bytes=2228781376 avg_stage2_home_score_queries_per_rpc=5.895772 avg_stage2_home_score_rpc_batch=246.889224 stage2_home_scored_neighbors=110252466 home_scores_per_expansion=1.551701 stage2_migrations=9202 home_match_rate=0.829428 stage2_final_edges=2051216 stage2_cross_edges_stage1_home=458751 stage2_cross_edges_final_home=288725 cross_edge_reduction_ratio=0.370628 failed=0 rpc_timeouts=0 reverse_aggregate_batches=0 reverse_aggregate_logical_requests=0 reverse_aggregate_ops=0 avg_reverse_aggregate_logicals=0.000000 avg_reverse_aggregate_ops=0.000000 max_backlog=24974 admission_window=65536 completion_outstanding=0 completion_incomplete=0 completed_behind_hole=0 completion_logical_full_failures=0 completion_physical_full_failures=0 pressure_yields=1770202 stage2_batches=6760 avg_stage2_batch_size=7.980473 packing_target_batch=8 packing_admit_queue_avg=11385.080178 packing_admit_queue_max=24974 packing_batch_1_7=40 packing_batch_8=6720 packing_assembly_batches=6760 packing_assembly_wait_ms=193023760.571287 packing_arrival_interval_us=25000 packing_waited_batches=40 packing_wait_ms=744.691000 packing_target_flushes=6720 packing_deadline_flushes=40 packing_cleanup_flushes=0 stage2_phase_search_attempts=6760 stage2_phase_search_task_attempts=53948 stage2_phase_search_elapsed_ms=5237085.472104 avg_stage2_phase_search_us_per_task=97076.545416 stage2_phase_freeze_prune_attempts=8390 stage2_phase_freeze_prune_task_attempts=66977 stage2_phase_freeze_prune_elapsed_ms=176375.223435 avg_stage2_phase_freeze_prune_us_per_task=2633.370014 stage2_phase_reverse_prepare_attempts=6760 stage2_phase_reverse_prepare_task_attempts=53948 stage2_phase_reverse_prepare_elapsed_ms=634409.989241 avg_stage2_phase_reverse_prepare_us_per_task=11759.657248 stage2_phase_placement_authority_attempts=6760 stage2_phase_placement_authority_task_attempts=53948 stage2_phase_placement_authority_elapsed_ms=189371.571845 avg_stage2_phase_placement_authority_us_per_task=3510.261212 stage2_phase_completion_handoff_attempts=6760 stage2_phase_completion_handoff_task_attempts=53948 stage2_phase_completion_handoff_elapsed_ms=14.578691 avg_stage2_phase_completion_handoff_us_per_task=0.270236 stage2_phase_finalize_attempts=6760 stage2_phase_finalize_task_attempts=53948 stage2_phase_finalize_elapsed_ms=73.998878 avg_stage2_phase_finalize_us_per_task=1.371670 maintenance_worker_idle_waits=1358272 maintenance_worker_idle_ms=655697.004019 maintenance_lost_wake_avoided=438933 maintenance_targeted_wakes=5884174 maintenance_generic_wakes=27072 maintenance_broadcast_wakes=0 maintenance_context_slots_scanned=19644624 maintenance_ready_notifications=1799159 maintenance_ready_stale_notifications=119 maintenance_ready_tickets_drained=1373931 maintenance_ready_overflow_scans=0 maintenance_ready_fallback_scans=1228044 stage2_search_lane_lease_limit=32 stage2_search_lane_lease_peak=32 stage2_search_lane_lease_blocked=59776 maintenance_worker_observed_idle_ratio=0.468169 maintenance_worker_observed_busy_ratio=0.531831 physical_stage1_items=53948 physical_stage1_total_ns=243720192642 physical_stage1_search_ns=228097478878 physical_stage1_prune_ns=8731811750 physical_stage1_allocate_write_ns=5099627567 physical_stage1_backlink_ns=1155775709 physical_stage1_candidates=6902789 physical_stage1_remote_frontier_items=69922109 physical_stage1_neighbors=2004209 peer_stage1_enqueued=41797 peer_stage1_processed=41797 peer_stage1_items=86222 avg_peer_stage1_items=2.062875 peer_stage1_rate_per_sec=492.501049 peer_stage1_max_queue=47 peer_stage1_active_workers=0 peer_stage2_home_enqueued=480909 peer_stage2_home_processed=480909 peer_stage2_home_items=57181540 avg_peer_stage2_home_items=118.903036 peer_stage2_home_max_queue=40 peer_stage2_home_response_queue_drops=0 peer_stage2_home_response_send_wait_ms=12872.404279 avg_peer_stage2_home_queue_wait_us=60.162535 avg_peer_stage2_home_execution_us=76.682748 peer_stage1_release_deferred_batches=142 peer_stage1_release_deferred_items=255 peer_stage1_duplicate_retry_responses=0 peer_stage1_admission_retry_responses=0 peer_stage1_retry_response_drops=0 peer_stage1_admission_waiters=0 peer_stage1_admission_waiter_items=0 peer_stage1_admission_owned_items=0 peer_stage1_admission_wake_coverage=0 peer_stage1_admission_parked=0 peer_stage1_admission_woken=0 peer_stage1_admission_reparked=0 peer_stage1_max_admission_waiters=0 peer_stage1_duplicate_coalesced=34 peer_reverse_enqueued=24014 peer_reverse_processed=24014 peer_reverse_remaining=0 peer_reverse_items_enqueued=393173 peer_reverse_items_processed=393173 peer_reverse_rate_per_sec=2245.808668 peer_reverse_failed=53 peer_reverse_max_queue=55 reclaim_pending=0 reclaim_reused=9202 dynamic_high_watermark=20034232800 stage2_remaining=0 cleanup_remaining=0 active_contexts=0 active_context_limit=48 repair_remaining=0 remaining=0
[STATUS]: storage-owner maintenance observation: enqueued=53948 stage2_enqueued=53948 cleanup_enqueued=0 stage2_tasks_done=53948 stage2_finalized_live=53948 cleanup_processed=0 stale=0 stage2_completion_ratio=1.000000 live_stage2_completion_ratio=1.000000 avg_stage2_delay_ms=29544.204378 p99_stage2_delay_upper_ms=30000.000000 p99_stage2_delay_over_30s=true stage2_delay_histogram=0,0,0,0,0,0,41,205,183,127,301,334,1710,256,1541,3109,17548,28593 max_stage2_delay_ms=50159.299540 compaction_batch_target=32 compaction_max_delay_ms=25.000000 stage2_rate_per_sec=299.592660 stage1_search_budget_exhausted=0 stage2_search_budget_exhausted=0 stage2_continuations=53948 stage2_remote_frontier_items=69922109 avg_stage2_remote_frontier=1296.101969 stage2_remote_expansions=1724934 avg_stage2_remote_expansions=31.974012 stage2_scored_candidates=121305209 avg_stage2_scored_candidates=2248.558037 stage2_graph_read_waves=381549 avg_stage2_expansions_per_graph_wave=4.520872 stage2_graph_unique_reads=1783697 stage2_graph_prefetch_issued=1254966 stage2_graph_prefetch_hits=1196203 stage2_graph_prefetch_wasted=58763 stage2_graph_prefetch_promotion_ratio=0.953176 stage2_graph_issue_width_current=16 stage2_vector_read_waves=824001 avg_stage2_scores_per_vector_wave=147.214881 stage2_vector_unique_reads=80317410 stage2_home_rpc_batches=608293 stage2_home_rpc_items=71052666 avg_stage2_home_rpc_batch=116.806647 stage2_home_score_rpc_batches=280567 stage2_home_score_rpc_items=69268969 stage2_home_score_rpc_queries=1654159 stage2_home_score_rpc_request_bytes=1844050824 stage2_home_score_rpc_response_bytes=2228781376 avg_stage2_home_score_queries_per_rpc=5.895772 avg_stage2_home_score_rpc_batch=246.889224 stage2_home_scored_neighbors=110252466 home_scores_per_expansion=1.551701 stage2_migrations=9202 home_match_rate=0.829428 stage2_final_edges=2051216 stage2_cross_edges_stage1_home=458751 stage2_cross_edges_final_home=288725 cross_edge_reduction_ratio=0.370628 failed=0 rpc_timeouts=0 reverse_aggregate_batches=0 reverse_aggregate_logical_requests=0 reverse_aggregate_ops=0 avg_reverse_aggregate_logicals=0.000000 avg_reverse_aggregate_ops=0.000000 max_backlog=24974 admission_window=65536 completion_outstanding=0 completion_incomplete=0 completed_behind_hole=0 completion_logical_full_failures=0 completion_physical_full_failures=0 pressure_yields=1770202 stage2_batches=6760 avg_stage2_batch_size=7.980473 packing_target_batch=8 packing_admit_queue_avg=11385.080178 packing_admit_queue_max=24974 packing_batch_1_7=40 packing_batch_8=6720 packing_assembly_batches=6760 packing_assembly_wait_ms=193023760.571287 packing_arrival_interval_us=25000 packing_waited_batches=40 packing_wait_ms=744.691000 packing_target_flushes=6720 packing_deadline_flushes=40 packing_cleanup_flushes=0 stage2_phase_search_attempts=6760 stage2_phase_search_task_attempts=53948 stage2_phase_search_elapsed_ms=5237085.472104 avg_stage2_phase_search_us_per_task=97076.545416 stage2_phase_freeze_prune_attempts=8390 stage2_phase_freeze_prune_task_attempts=66977 stage2_phase_freeze_prune_elapsed_ms=176375.223435 avg_stage2_phase_freeze_prune_us_per_task=2633.370014 stage2_phase_reverse_prepare_attempts=6760 stage2_phase_reverse_prepare_task_attempts=53948 stage2_phase_reverse_prepare_elapsed_ms=634409.989241 avg_stage2_phase_reverse_prepare_us_per_task=11759.657248 stage2_phase_placement_authority_attempts=6760 stage2_phase_placement_authority_task_attempts=53948 stage2_phase_placement_authority_elapsed_ms=189371.571845 avg_stage2_phase_placement_authority_us_per_task=3510.261212 stage2_phase_completion_handoff_attempts=6760 stage2_phase_completion_handoff_task_attempts=53948 stage2_phase_completion_handoff_elapsed_ms=14.578691 avg_stage2_phase_completion_handoff_us_per_task=0.270236 stage2_phase_finalize_attempts=6760 stage2_phase_finalize_task_attempts=53948 stage2_phase_finalize_elapsed_ms=73.998878 avg_stage2_phase_finalize_us_per_task=1.371670 maintenance_worker_idle_waits=1362240 maintenance_worker_idle_ms=695612.890250 maintenance_lost_wake_avoided=438933 maintenance_targeted_wakes=5884174 maintenance_generic_wakes=27072 maintenance_broadcast_wakes=0 maintenance_context_slots_scanned=19708112 maintenance_ready_notifications=1799159 maintenance_ready_stale_notifications=119 maintenance_ready_tickets_drained=1373931 maintenance_ready_overflow_scans=0 maintenance_ready_fallback_scans=1232020 stage2_search_lane_lease_limit=32 stage2_search_lane_lease_peak=32 stage2_search_lane_lease_blocked=59776 maintenance_worker_observed_idle_ratio=0.482874 maintenance_worker_observed_busy_ratio=0.517126 physical_stage1_items=53948 physical_stage1_total_ns=243720192642 physical_stage1_search_ns=228097478878 physical_stage1_prune_ns=8731811750 physical_stage1_allocate_write_ns=5099627567 physical_stage1_backlink_ns=1155775709 physical_stage1_candidates=6902789 physical_stage1_remote_frontier_items=69922109 physical_stage1_neighbors=2004209 peer_stage1_enqueued=41797 peer_stage1_processed=41797 peer_stage1_items=86222 avg_peer_stage1_items=2.062875 peer_stage1_rate_per_sec=478.821797 peer_stage1_max_queue=47 peer_stage1_active_workers=0 peer_stage2_home_enqueued=480909 peer_stage2_home_processed=480909 peer_stage2_home_items=57181540 avg_peer_stage2_home_items=118.903036 peer_stage2_home_max_queue=40 peer_stage2_home_response_queue_drops=0 peer_stage2_home_response_send_wait_ms=12872.404279 avg_peer_stage2_home_queue_wait_us=60.162535 avg_peer_stage2_home_execution_us=76.682748 peer_stage1_release_deferred_batches=142 peer_stage1_release_deferred_items=255 peer_stage1_duplicate_retry_responses=0 peer_stage1_admission_retry_responses=0 peer_stage1_retry_response_drops=0 peer_stage1_admission_waiters=0 peer_stage1_admission_waiter_items=0 peer_stage1_admission_owned_items=0 peer_stage1_admission_wake_coverage=0 peer_stage1_admission_parked=0 peer_stage1_admission_woken=0 peer_stage1_admission_reparked=0 peer_stage1_max_admission_waiters=0 peer_stage1_duplicate_coalesced=34 peer_reverse_enqueued=24014 peer_reverse_processed=24014 peer_reverse_remaining=0 peer_reverse_items_enqueued=393173 peer_reverse_items_processed=393173 peer_reverse_rate_per_sec=2183.431171 peer_reverse_failed=53 peer_reverse_max_queue=55 reclaim_pending=0 reclaim_reused=9202 dynamic_high_watermark=20034232800 stage2_remaining=0 cleanup_remaining=0 active_contexts=0 active_context_limit=48 repair_remaining=0 remaining=0
[STATUS]: storage-owner maintenance observation: enqueued=53948 stage2_enqueued=53948 cleanup_enqueued=0 stage2_tasks_done=53948 stage2_finalized_live=53948 cleanup_processed=0 stale=0 stage2_completion_ratio=1.000000 live_stage2_completion_ratio=1.000000 avg_stage2_delay_ms=29544.204378 p99_stage2_delay_upper_ms=30000.000000 p99_stage2_delay_over_30s=true stage2_delay_histogram=0,0,0,0,0,0,41,205,183,127,301,334,1710,256,1541,3109,17548,28593 max_stage2_delay_ms=50159.299540 compaction_batch_target=32 compaction_max_delay_ms=25.000000 stage2_rate_per_sec=291.498270 stage1_search_budget_exhausted=0 stage2_search_budget_exhausted=0 stage2_continuations=53948 stage2_remote_frontier_items=69922109 avg_stage2_remote_frontier=1296.101969 stage2_remote_expansions=1724934 avg_stage2_remote_expansions=31.974012 stage2_scored_candidates=121305209 avg_stage2_scored_candidates=2248.558037 stage2_graph_read_waves=381549 avg_stage2_expansions_per_graph_wave=4.520872 stage2_graph_unique_reads=1783697 stage2_graph_prefetch_issued=1254966 stage2_graph_prefetch_hits=1196203 stage2_graph_prefetch_wasted=58763 stage2_graph_prefetch_promotion_ratio=0.953176 stage2_graph_issue_width_current=16 stage2_vector_read_waves=824001 avg_stage2_scores_per_vector_wave=147.214881 stage2_vector_unique_reads=80317410 stage2_home_rpc_batches=608293 stage2_home_rpc_items=71052666 avg_stage2_home_rpc_batch=116.806647 stage2_home_score_rpc_batches=280567 stage2_home_score_rpc_items=69268969 stage2_home_score_rpc_queries=1654159 stage2_home_score_rpc_request_bytes=1844050824 stage2_home_score_rpc_response_bytes=2228781376 avg_stage2_home_score_queries_per_rpc=5.895772 avg_stage2_home_score_rpc_batch=246.889224 stage2_home_scored_neighbors=110252466 home_scores_per_expansion=1.551701 stage2_migrations=9202 home_match_rate=0.829428 stage2_final_edges=2051216 stage2_cross_edges_stage1_home=458751 stage2_cross_edges_final_home=288725 cross_edge_reduction_ratio=0.370628 failed=0 rpc_timeouts=0 reverse_aggregate_batches=0 reverse_aggregate_logical_requests=0 reverse_aggregate_ops=0 avg_reverse_aggregate_logicals=0.000000 avg_reverse_aggregate_ops=0.000000 max_backlog=24974 admission_window=65536 completion_outstanding=0 completion_incomplete=0 completed_behind_hole=0 completion_logical_full_failures=0 completion_physical_full_failures=0 pressure_yields=1770202 stage2_batches=6760 avg_stage2_batch_size=7.980473 packing_target_batch=8 packing_admit_queue_avg=11385.080178 packing_admit_queue_max=24974 packing_batch_1_7=40 packing_batch_8=6720 packing_assembly_batches=6760 packing_assembly_wait_ms=193023760.571287 packing_arrival_interval_us=25000 packing_waited_batches=40 packing_wait_ms=744.691000 packing_target_flushes=6720 packing_deadline_flushes=40 packing_cleanup_flushes=0 stage2_phase_search_attempts=6760 stage2_phase_search_task_attempts=53948 stage2_phase_search_elapsed_ms=5237085.472104 avg_stage2_phase_search_us_per_task=97076.545416 stage2_phase_freeze_prune_attempts=8390 stage2_phase_freeze_prune_task_attempts=66977 stage2_phase_freeze_prune_elapsed_ms=176375.223435 avg_stage2_phase_freeze_prune_us_per_task=2633.370014 stage2_phase_reverse_prepare_attempts=6760 stage2_phase_reverse_prepare_task_attempts=53948 stage2_phase_reverse_prepare_elapsed_ms=634409.989241 avg_stage2_phase_reverse_prepare_us_per_task=11759.657248 stage2_phase_placement_authority_attempts=6760 stage2_phase_placement_authority_task_attempts=53948 stage2_phase_placement_authority_elapsed_ms=189371.571845 avg_stage2_phase_placement_authority_us_per_task=3510.261212 stage2_phase_completion_handoff_attempts=6760 stage2_phase_completion_handoff_task_attempts=53948 stage2_phase_completion_handoff_elapsed_ms=14.578691 avg_stage2_phase_completion_handoff_us_per_task=0.270236 stage2_phase_finalize_attempts=6760 stage2_phase_finalize_task_attempts=53948 stage2_phase_finalize_elapsed_ms=73.998878 avg_stage2_phase_finalize_us_per_task=1.371670 maintenance_worker_idle_waits=1366272 maintenance_worker_idle_ms=736170.810006 maintenance_lost_wake_avoided=438933 maintenance_targeted_wakes=5884174 maintenance_generic_wakes=27072 maintenance_broadcast_wakes=0 maintenance_context_slots_scanned=19772624 maintenance_ready_notifications=1799159 maintenance_ready_stale_notifications=119 maintenance_ready_tickets_drained=1373931 maintenance_ready_overflow_scans=0 maintenance_ready_fallback_scans=1235995 stage2_search_lane_lease_limit=32 stage2_search_lane_lease_peak=32 stage2_search_lane_lease_blocked=59776 maintenance_worker_observed_idle_ratio=0.497221 maintenance_worker_observed_busy_ratio=0.502779 physical_stage1_items=53948 physical_stage1_total_ns=243720192642 physical_stage1_search_ns=228097478878 physical_stage1_prune_ns=8731811750 physical_stage1_allocate_write_ns=5099627567 physical_stage1_backlink_ns=1155775709 physical_stage1_candidates=6902789 physical_stage1_remote_frontier_items=69922109 physical_stage1_neighbors=2004209 peer_stage1_enqueued=41797 peer_stage1_processed=41797 peer_stage1_items=86222 avg_peer_stage1_items=2.062875 peer_stage1_rate_per_sec=465.884998 peer_stage1_max_queue=47 peer_stage1_active_workers=0 peer_stage2_home_enqueued=480909 peer_stage2_home_processed=480909 peer_stage2_home_items=57181540 avg_peer_stage2_home_items=118.903036 peer_stage2_home_max_queue=40 peer_stage2_home_response_queue_drops=0 peer_stage2_home_response_send_wait_ms=12872.404279 avg_peer_stage2_home_queue_wait_us=60.162535 avg_peer_stage2_home_execution_us=76.682748 peer_stage1_release_deferred_batches=142 peer_stage1_release_deferred_items=255 peer_stage1_duplicate_retry_responses=0 peer_stage1_admission_retry_responses=0 peer_stage1_retry_response_drops=0 peer_stage1_admission_waiters=0 peer_stage1_admission_waiter_items=0 peer_stage1_admission_owned_items=0 peer_stage1_admission_wake_coverage=0 peer_stage1_admission_parked=0 peer_stage1_admission_woken=0 peer_stage1_admission_reparked=0 peer_stage1_max_admission_waiters=0 peer_stage1_duplicate_coalesced=34 peer_reverse_enqueued=24014 peer_reverse_processed=24014 peer_reverse_remaining=0 peer_reverse_items_enqueued=393173 peer_reverse_items_processed=393173 peer_reverse_rate_per_sec=2124.439265 peer_reverse_failed=53 peer_reverse_max_queue=55 reclaim_pending=0 reclaim_reused=9202 dynamic_high_watermark=20034232800 stage2_remaining=0 cleanup_remaining=0 active_contexts=0 active_context_limit=48 repair_remaining=0 remaining=0
[STATUS]: storage-owner maintenance observation: enqueued=53948 stage2_enqueued=53948 cleanup_enqueued=0 stage2_tasks_done=53948 stage2_finalized_live=53948 cleanup_processed=0 stale=0 stage2_completion_ratio=1.000000 live_stage2_completion_ratio=1.000000 avg_stage2_delay_ms=29544.204378 p99_stage2_delay_upper_ms=30000.000000 p99_stage2_delay_over_30s=true stage2_delay_histogram=0,0,0,0,0,0,41,205,183,127,301,334,1710,256,1541,3109,17548,28593 max_stage2_delay_ms=50159.299540 compaction_batch_target=32 compaction_max_delay_ms=25.000000 stage2_rate_per_sec=283.829866 stage1_search_budget_exhausted=0 stage2_search_budget_exhausted=0 stage2_continuations=53948 stage2_remote_frontier_items=69922109 avg_stage2_remote_frontier=1296.101969 stage2_remote_expansions=1724934 avg_stage2_remote_expansions=31.974012 stage2_scored_candidates=121305209 avg_stage2_scored_candidates=2248.558037 stage2_graph_read_waves=381549 avg_stage2_expansions_per_graph_wave=4.520872 stage2_graph_unique_reads=1783697 stage2_graph_prefetch_issued=1254966 stage2_graph_prefetch_hits=1196203 stage2_graph_prefetch_wasted=58763 stage2_graph_prefetch_promotion_ratio=0.953176 stage2_graph_issue_width_current=16 stage2_vector_read_waves=824001 avg_stage2_scores_per_vector_wave=147.214881 stage2_vector_unique_reads=80317410 stage2_home_rpc_batches=608293 stage2_home_rpc_items=71052666 avg_stage2_home_rpc_batch=116.806647 stage2_home_score_rpc_batches=280567 stage2_home_score_rpc_items=69268969 stage2_home_score_rpc_queries=1654159 stage2_home_score_rpc_request_bytes=1844050824 stage2_home_score_rpc_response_bytes=2228781376 avg_stage2_home_score_queries_per_rpc=5.895772 avg_stage2_home_score_rpc_batch=246.889224 stage2_home_scored_neighbors=110252466 home_scores_per_expansion=1.551701 stage2_migrations=9202 home_match_rate=0.829428 stage2_final_edges=2051216 stage2_cross_edges_stage1_home=458751 stage2_cross_edges_final_home=288725 cross_edge_reduction_ratio=0.370628 failed=0 rpc_timeouts=0 reverse_aggregate_batches=0 reverse_aggregate_logical_requests=0 reverse_aggregate_ops=0 avg_reverse_aggregate_logicals=0.000000 avg_reverse_aggregate_ops=0.000000 max_backlog=24974 admission_window=65536 completion_outstanding=0 completion_incomplete=0 completed_behind_hole=0 completion_logical_full_failures=0 completion_physical_full_failures=0 pressure_yields=1770202 stage2_batches=6760 avg_stage2_batch_size=7.980473 packing_target_batch=8 packing_admit_queue_avg=11385.080178 packing_admit_queue_max=24974 packing_batch_1_7=40 packing_batch_8=6720 packing_assembly_batches=6760 packing_assembly_wait_ms=193023760.571287 packing_arrival_interval_us=25000 packing_waited_batches=40 packing_wait_ms=744.691000 packing_target_flushes=6720 packing_deadline_flushes=40 packing_cleanup_flushes=0 stage2_phase_search_attempts=6760 stage2_phase_search_task_attempts=53948 stage2_phase_search_elapsed_ms=5237085.472104 avg_stage2_phase_search_us_per_task=97076.545416 stage2_phase_freeze_prune_attempts=8390 stage2_phase_freeze_prune_task_attempts=66977 stage2_phase_freeze_prune_elapsed_ms=176375.223435 avg_stage2_phase_freeze_prune_us_per_task=2633.370014 stage2_phase_reverse_prepare_attempts=6760 stage2_phase_reverse_prepare_task_attempts=53948 stage2_phase_reverse_prepare_elapsed_ms=634409.989241 avg_stage2_phase_reverse_prepare_us_per_task=11759.657248 stage2_phase_placement_authority_attempts=6760 stage2_phase_placement_authority_task_attempts=53948 stage2_phase_placement_authority_elapsed_ms=189371.571845 avg_stage2_phase_placement_authority_us_per_task=3510.261212 stage2_phase_completion_handoff_attempts=6760 stage2_phase_completion_handoff_task_attempts=53948 stage2_phase_completion_handoff_elapsed_ms=14.578691 avg_stage2_phase_completion_handoff_us_per_task=0.270236 stage2_phase_finalize_attempts=6760 stage2_phase_finalize_task_attempts=53948 stage2_phase_finalize_elapsed_ms=73.998878 avg_stage2_phase_finalize_us_per_task=1.371670 maintenance_worker_idle_waits=1370176 maintenance_worker_idle_ms=775441.429831 maintenance_lost_wake_avoided=438933 maintenance_targeted_wakes=5884174 maintenance_generic_wakes=27072 maintenance_broadcast_wakes=0 maintenance_context_slots_scanned=19835088 maintenance_ready_notifications=1799159 maintenance_ready_stale_notifications=119 maintenance_ready_tickets_drained=1373931 maintenance_ready_overflow_scans=0 maintenance_ready_fallback_scans=1239968 stage2_search_lane_lease_limit=32 stage2_search_lane_lease_peak=32 stage2_search_lane_lease_blocked=59776 maintenance_worker_observed_idle_ratio=0.509967 maintenance_worker_observed_busy_ratio=0.490033 physical_stage1_items=53948 physical_stage1_total_ns=243720192642 physical_stage1_search_ns=228097478878 physical_stage1_prune_ns=8731811750 physical_stage1_allocate_write_ns=5099627567 physical_stage1_backlink_ns=1155775709 physical_stage1_candidates=6902789 physical_stage1_remote_frontier_items=69922109 physical_stage1_neighbors=2004209 peer_stage1_enqueued=41797 peer_stage1_processed=41797 peer_stage1_items=86222 avg_peer_stage1_items=2.062875 peer_stage1_rate_per_sec=453.629027 peer_stage1_max_queue=47 peer_stage1_active_workers=0 peer_stage2_home_enqueued=480909 peer_stage2_home_processed=480909 peer_stage2_home_items=57181540 avg_peer_stage2_home_items=118.903036 peer_stage2_home_max_queue=40 peer_stage2_home_response_queue_drops=0 peer_stage2_home_response_send_wait_ms=12872.404279 avg_peer_stage2_home_queue_wait_us=60.162535 avg_peer_stage2_home_execution_us=76.682748 peer_stage1_release_deferred_batches=142 peer_stage1_release_deferred_items=255 peer_stage1_duplicate_retry_responses=0 peer_stage1_admission_retry_responses=0 peer_stage1_retry_response_drops=0 peer_stage1_admission_waiters=0 peer_stage1_admission_waiter_items=0 peer_stage1_admission_owned_items=0 peer_stage1_admission_wake_coverage=0 peer_stage1_admission_parked=0 peer_stage1_admission_woken=0 peer_stage1_admission_reparked=0 peer_stage1_max_admission_waiters=0 peer_stage1_duplicate_coalesced=34 peer_reverse_enqueued=24014 peer_reverse_processed=24014 peer_reverse_remaining=0 peer_reverse_items_enqueued=393173 peer_reverse_items_processed=393173 peer_reverse_rate_per_sec=2068.551939 peer_reverse_failed=53 peer_reverse_max_queue=55 reclaim_pending=0 reclaim_reused=9202 dynamic_high_watermark=20034232800 stage2_remaining=0 cleanup_remaining=0 active_contexts=0 active_context_limit=48 repair_remaining=0 remaining=0
[STATUS]: storage-owner maintenance observation: enqueued=53948 stage2_enqueued=53948 cleanup_enqueued=0 stage2_tasks_done=53948 stage2_finalized_live=53948 cleanup_processed=0 stale=0 stage2_completion_ratio=1.000000 live_stage2_completion_ratio=1.000000 avg_stage2_delay_ms=29544.204378 p99_stage2_delay_upper_ms=30000.000000 p99_stage2_delay_over_30s=true stage2_delay_histogram=0,0,0,0,0,0,41,205,183,127,301,334,1710,256,1541,3109,17548,28593 max_stage2_delay_ms=50159.299540 compaction_batch_target=32 compaction_max_delay_ms=25.000000 stage2_rate_per_sec=276.553063 stage1_search_budget_exhausted=0 stage2_search_budget_exhausted=0 stage2_continuations=53948 stage2_remote_frontier_items=69922109 avg_stage2_remote_frontier=1296.101969 stage2_remote_expansions=1724934 avg_stage2_remote_expansions=31.974012 stage2_scored_candidates=121305209 avg_stage2_scored_candidates=2248.558037 stage2_graph_read_waves=381549 avg_stage2_expansions_per_graph_wave=4.520872 stage2_graph_unique_reads=1783697 stage2_graph_prefetch_issued=1254966 stage2_graph_prefetch_hits=1196203 stage2_graph_prefetch_wasted=58763 stage2_graph_prefetch_promotion_ratio=0.953176 stage2_graph_issue_width_current=16 stage2_vector_read_waves=824001 avg_stage2_scores_per_vector_wave=147.214881 stage2_vector_unique_reads=80317410 stage2_home_rpc_batches=608293 stage2_home_rpc_items=71052666 avg_stage2_home_rpc_batch=116.806647 stage2_home_score_rpc_batches=280567 stage2_home_score_rpc_items=69268969 stage2_home_score_rpc_queries=1654159 stage2_home_score_rpc_request_bytes=1844050824 stage2_home_score_rpc_response_bytes=2228781376 avg_stage2_home_score_queries_per_rpc=5.895772 avg_stage2_home_score_rpc_batch=246.889224 stage2_home_scored_neighbors=110252466 home_scores_per_expansion=1.551701 stage2_migrations=9202 home_match_rate=0.829428 stage2_final_edges=2051216 stage2_cross_edges_stage1_home=458751 stage2_cross_edges_final_home=288725 cross_edge_reduction_ratio=0.370628 failed=0 rpc_timeouts=0 reverse_aggregate_batches=0 reverse_aggregate_logical_requests=0 reverse_aggregate_ops=0 avg_reverse_aggregate_logicals=0.000000 avg_reverse_aggregate_ops=0.000000 max_backlog=24974 admission_window=65536 completion_outstanding=0 completion_incomplete=0 completed_behind_hole=0 completion_logical_full_failures=0 completion_physical_full_failures=0 pressure_yields=1770202 stage2_batches=6760 avg_stage2_batch_size=7.980473 packing_target_batch=8 packing_admit_queue_avg=11385.080178 packing_admit_queue_max=24974 packing_batch_1_7=40 packing_batch_8=6720 packing_assembly_batches=6760 packing_assembly_wait_ms=193023760.571287 packing_arrival_interval_us=25000 packing_waited_batches=40 packing_wait_ms=744.691000 packing_target_flushes=6720 packing_deadline_flushes=40 packing_cleanup_flushes=0 stage2_phase_search_attempts=6760 stage2_phase_search_task_attempts=53948 stage2_phase_search_elapsed_ms=5237085.472104 avg_stage2_phase_search_us_per_task=97076.545416 stage2_phase_freeze_prune_attempts=8390 stage2_phase_freeze_prune_task_attempts=66977 stage2_phase_freeze_prune_elapsed_ms=176375.223435 avg_stage2_phase_freeze_prune_us_per_task=2633.370014 stage2_phase_reverse_prepare_attempts=6760 stage2_phase_reverse_prepare_task_attempts=53948 stage2_phase_reverse_prepare_elapsed_ms=634409.989241 avg_stage2_phase_reverse_prepare_us_per_task=11759.657248 stage2_phase_placement_authority_attempts=6760 stage2_phase_placement_authority_task_attempts=53948 stage2_phase_placement_authority_elapsed_ms=189371.571845 avg_stage2_phase_placement_authority_us_per_task=3510.261212 stage2_phase_completion_handoff_attempts=6760 stage2_phase_completion_handoff_task_attempts=53948 stage2_phase_completion_handoff_elapsed_ms=14.578691 avg_stage2_phase_completion_handoff_us_per_task=0.270236 stage2_phase_finalize_attempts=6760 stage2_phase_finalize_task_attempts=53948 stage2_phase_finalize_elapsed_ms=73.998878 avg_stage2_phase_finalize_us_per_task=1.371670 maintenance_worker_idle_waits=1374144 maintenance_worker_idle_ms=815360.984856 maintenance_lost_wake_avoided=438933 maintenance_targeted_wakes=5884174 maintenance_generic_wakes=27072 maintenance_broadcast_wakes=0 maintenance_context_slots_scanned=19898576 maintenance_ready_notifications=1799159 maintenance_ready_stale_notifications=119 maintenance_ready_tickets_drained=1373931 maintenance_ready_overflow_scans=0 maintenance_ready_fallback_scans=1243943 stage2_search_lane_lease_limit=32 stage2_search_lane_lease_peak=32 stage2_search_lane_lease_blocked=59776 maintenance_worker_observed_idle_ratio=0.522472 maintenance_worker_observed_busy_ratio=0.477528 physical_stage1_items=53948 physical_stage1_total_ns=243720192642 physical_stage1_search_ns=228097478878 physical_stage1_prune_ns=8731811750 physical_stage1_allocate_write_ns=5099627567 physical_stage1_backlink_ns=1155775709 physical_stage1_candidates=6902789 physical_stage1_remote_frontier_items=69922109 physical_stage1_neighbors=2004209 peer_stage1_enqueued=41797 peer_stage1_processed=41797 peer_stage1_items=86222 avg_peer_stage1_items=2.062875 peer_stage1_rate_per_sec=441.998929 peer_stage1_max_queue=47 peer_stage1_active_workers=0 peer_stage2_home_enqueued=480909 peer_stage2_home_processed=480909 peer_stage2_home_items=57181540 avg_peer_stage2_home_items=118.903036 peer_stage2_home_max_queue=40 peer_stage2_home_response_queue_drops=0 peer_stage2_home_response_send_wait_ms=12872.404279 avg_peer_stage2_home_queue_wait_us=60.162535 avg_peer_stage2_home_execution_us=76.682748 peer_stage1_release_deferred_batches=142 peer_stage1_release_deferred_items=255 peer_stage1_duplicate_retry_responses=0 peer_stage1_admission_retry_responses=0 peer_stage1_retry_response_drops=0 peer_stage1_admission_waiters=0 peer_stage1_admission_waiter_items=0 peer_stage1_admission_owned_items=0 peer_stage1_admission_wake_coverage=0 peer_stage1_admission_parked=0 peer_stage1_admission_woken=0 peer_stage1_admission_reparked=0 peer_stage1_max_admission_waiters=0 peer_stage1_duplicate_coalesced=34 peer_reverse_enqueued=24014 peer_reverse_processed=24014 peer_reverse_remaining=0 peer_reverse_items_enqueued=393173 peer_reverse_items_processed=393173 peer_reverse_rate_per_sec=2015.518604 peer_reverse_failed=53 peer_reverse_max_queue=55 reclaim_pending=0 reclaim_reused=9202 dynamic_high_watermark=20034232800 stage2_remaining=0 cleanup_remaining=0 active_contexts=0 active_context_limit=48 repair_remaining=0 remaining=0
[STATUS]: storage-owner maintenance observation: enqueued=53948 stage2_enqueued=53948 cleanup_enqueued=0 stage2_tasks_done=53948 stage2_finalized_live=53948 cleanup_processed=0 stale=0 stage2_completion_ratio=1.000000 live_stage2_completion_ratio=1.000000 avg_stage2_delay_ms=29544.204378 p99_stage2_delay_upper_ms=30000.000000 p99_stage2_delay_over_30s=true stage2_delay_histogram=0,0,0,0,0,0,41,205,183,127,301,334,1710,256,1541,3109,17548,28593 max_stage2_delay_ms=50159.299540 compaction_batch_target=32 compaction_max_delay_ms=25.000000 stage2_rate_per_sec=269.639405 stage1_search_budget_exhausted=0 stage2_search_budget_exhausted=0 stage2_continuations=53948 stage2_remote_frontier_items=69922109 avg_stage2_remote_frontier=1296.101969 stage2_remote_expansions=1724934 avg_stage2_remote_expansions=31.974012 stage2_scored_candidates=121305209 avg_stage2_scored_candidates=2248.558037 stage2_graph_read_waves=381549 avg_stage2_expansions_per_graph_wave=4.520872 stage2_graph_unique_reads=1783697 stage2_graph_prefetch_issued=1254966 stage2_graph_prefetch_hits=1196203 stage2_graph_prefetch_wasted=58763 stage2_graph_prefetch_promotion_ratio=0.953176 stage2_graph_issue_width_current=16 stage2_vector_read_waves=824001 avg_stage2_scores_per_vector_wave=147.214881 stage2_vector_unique_reads=80317410 stage2_home_rpc_batches=608293 stage2_home_rpc_items=71052666 avg_stage2_home_rpc_batch=116.806647 stage2_home_score_rpc_batches=280567 stage2_home_score_rpc_items=69268969 stage2_home_score_rpc_queries=1654159 stage2_home_score_rpc_request_bytes=1844050824 stage2_home_score_rpc_response_bytes=2228781376 avg_stage2_home_score_queries_per_rpc=5.895772 avg_stage2_home_score_rpc_batch=246.889224 stage2_home_scored_neighbors=110252466 home_scores_per_expansion=1.551701 stage2_migrations=9202 home_match_rate=0.829428 stage2_final_edges=2051216 stage2_cross_edges_stage1_home=458751 stage2_cross_edges_final_home=288725 cross_edge_reduction_ratio=0.370628 failed=0 rpc_timeouts=0 reverse_aggregate_batches=0 reverse_aggregate_logical_requests=0 reverse_aggregate_ops=0 avg_reverse_aggregate_logicals=0.000000 avg_reverse_aggregate_ops=0.000000 max_backlog=24974 admission_window=65536 completion_outstanding=0 completion_incomplete=0 completed_behind_hole=0 completion_logical_full_failures=0 completion_physical_full_failures=0 pressure_yields=1770202 stage2_batches=6760 avg_stage2_batch_size=7.980473 packing_target_batch=8 packing_admit_queue_avg=11385.080178 packing_admit_queue_max=24974 packing_batch_1_7=40 packing_batch_8=6720 packing_assembly_batches=6760 packing_assembly_wait_ms=193023760.571287 packing_arrival_interval_us=25000 packing_waited_batches=40 packing_wait_ms=744.691000 packing_target_flushes=6720 packing_deadline_flushes=40 packing_cleanup_flushes=0 stage2_phase_search_attempts=6760 stage2_phase_search_task_attempts=53948 stage2_phase_search_elapsed_ms=5237085.472104 avg_stage2_phase_search_us_per_task=97076.545416 stage2_phase_freeze_prune_attempts=8390 stage2_phase_freeze_prune_task_attempts=66977 stage2_phase_freeze_prune_elapsed_ms=176375.223435 avg_stage2_phase_freeze_prune_us_per_task=2633.370014 stage2_phase_reverse_prepare_attempts=6760 stage2_phase_reverse_prepare_task_attempts=53948 stage2_phase_reverse_prepare_elapsed_ms=634409.989241 avg_stage2_phase_reverse_prepare_us_per_task=11759.657248 stage2_phase_placement_authority_attempts=6760 stage2_phase_placement_authority_task_attempts=53948 stage2_phase_placement_authority_elapsed_ms=189371.571845 avg_stage2_phase_placement_authority_us_per_task=3510.261212 stage2_phase_completion_handoff_attempts=6760 stage2_phase_completion_handoff_task_attempts=53948 stage2_phase_completion_handoff_elapsed_ms=14.578691 avg_stage2_phase_completion_handoff_us_per_task=0.270236 stage2_phase_finalize_attempts=6760 stage2_phase_finalize_task_attempts=53948 stage2_phase_finalize_elapsed_ms=73.998878 avg_stage2_phase_finalize_us_per_task=1.371670 maintenance_worker_idle_waits=1378112 maintenance_worker_idle_ms=855278.216806 maintenance_lost_wake_avoided=438933 maintenance_targeted_wakes=5884174 maintenance_generic_wakes=27072 maintenance_broadcast_wakes=0 maintenance_context_slots_scanned=19962064 maintenance_ready_notifications=1799159 maintenance_ready_stale_notifications=119 maintenance_ready_tickets_drained=1373931 maintenance_ready_overflow_scans=0 maintenance_ready_fallback_scans=1247919 stage2_search_lane_lease_limit=32 stage2_search_lane_lease_peak=32 stage2_search_lane_lease_blocked=59776 maintenance_worker_observed_idle_ratio=0.534350 maintenance_worker_observed_busy_ratio=0.465650 physical_stage1_items=53948 physical_stage1_total_ns=243720192642 physical_stage1_search_ns=228097478878 physical_stage1_prune_ns=8731811750 physical_stage1_allocate_write_ns=5099627567 physical_stage1_backlink_ns=1155775709 physical_stage1_candidates=6902789 physical_stage1_remote_frontier_items=69922109 physical_stage1_neighbors=2004209 peer_stage1_enqueued=41797 peer_stage1_processed=41797 peer_stage1_items=86222 avg_peer_stage1_items=2.062875 peer_stage1_rate_per_sec=430.949224 peer_stage1_max_queue=47 peer_stage1_active_workers=0 peer_stage2_home_enqueued=480909 peer_stage2_home_processed=480909 peer_stage2_home_items=57181540 avg_peer_stage2_home_items=118.903036 peer_stage2_home_max_queue=40 peer_stage2_home_response_queue_drops=0 peer_stage2_home_response_send_wait_ms=12872.404279 avg_peer_stage2_home_queue_wait_us=60.162535 avg_peer_stage2_home_execution_us=76.682748 peer_stage1_release_deferred_batches=142 peer_stage1_release_deferred_items=255 peer_stage1_duplicate_retry_responses=0 peer_stage1_admission_retry_responses=0 peer_stage1_retry_response_drops=0 peer_stage1_admission_waiters=0 peer_stage1_admission_waiter_items=0 peer_stage1_admission_owned_items=0 peer_stage1_admission_wake_coverage=0 peer_stage1_admission_parked=0 peer_stage1_admission_woken=0 peer_stage1_admission_reparked=0 peer_stage1_max_admission_waiters=0 peer_stage1_duplicate_coalesced=34 peer_reverse_enqueued=24014 peer_reverse_processed=24014 peer_reverse_remaining=0 peer_reverse_items_enqueued=393173 peer_reverse_items_processed=393173 peer_reverse_rate_per_sec=1965.131861 peer_reverse_failed=53 peer_reverse_max_queue=55 reclaim_pending=0 reclaim_reused=9202 dynamic_high_watermark=20034232800 stage2_remaining=0 cleanup_remaining=0 active_contexts=0 active_context_limit=48 repair_remaining=0 remaining=0
[STATUS]: storage-owner maintenance observation: enqueued=53948 stage2_enqueued=53948 cleanup_enqueued=0 stage2_tasks_done=53948 stage2_finalized_live=53948 cleanup_processed=0 stale=0 stage2_completion_ratio=1.000000 live_stage2_completion_ratio=1.000000 avg_stage2_delay_ms=29544.204378 p99_stage2_delay_upper_ms=30000.000000 p99_stage2_delay_over_30s=true stage2_delay_histogram=0,0,0,0,0,0,41,205,183,127,301,334,1710,256,1541,3109,17548,28593 max_stage2_delay_ms=50159.299540 compaction_batch_target=32 compaction_max_delay_ms=25.000000 stage2_rate_per_sec=263.064536 stage1_search_budget_exhausted=0 stage2_search_budget_exhausted=0 stage2_continuations=53948 stage2_remote_frontier_items=69922109 avg_stage2_remote_frontier=1296.101969 stage2_remote_expansions=1724934 avg_stage2_remote_expansions=31.974012 stage2_scored_candidates=121305209 avg_stage2_scored_candidates=2248.558037 stage2_graph_read_waves=381549 avg_stage2_expansions_per_graph_wave=4.520872 stage2_graph_unique_reads=1783697 stage2_graph_prefetch_issued=1254966 stage2_graph_prefetch_hits=1196203 stage2_graph_prefetch_wasted=58763 stage2_graph_prefetch_promotion_ratio=0.953176 stage2_graph_issue_width_current=16 stage2_vector_read_waves=824001 avg_stage2_scores_per_vector_wave=147.214881 stage2_vector_unique_reads=80317410 stage2_home_rpc_batches=608293 stage2_home_rpc_items=71052666 avg_stage2_home_rpc_batch=116.806647 stage2_home_score_rpc_batches=280567 stage2_home_score_rpc_items=69268969 stage2_home_score_rpc_queries=1654159 stage2_home_score_rpc_request_bytes=1844050824 stage2_home_score_rpc_response_bytes=2228781376 avg_stage2_home_score_queries_per_rpc=5.895772 avg_stage2_home_score_rpc_batch=246.889224 stage2_home_scored_neighbors=110252466 home_scores_per_expansion=1.551701 stage2_migrations=9202 home_match_rate=0.829428 stage2_final_edges=2051216 stage2_cross_edges_stage1_home=458751 stage2_cross_edges_final_home=288725 cross_edge_reduction_ratio=0.370628 failed=0 rpc_timeouts=0 reverse_aggregate_batches=0 reverse_aggregate_logical_requests=0 reverse_aggregate_ops=0 avg_reverse_aggregate_logicals=0.000000 avg_reverse_aggregate_ops=0.000000 max_backlog=24974 admission_window=65536 completion_outstanding=0 completion_incomplete=0 completed_behind_hole=0 completion_logical_full_failures=0 completion_physical_full_failures=0 pressure_yields=1770202 stage2_batches=6760 avg_stage2_batch_size=7.980473 packing_target_batch=8 packing_admit_queue_avg=11385.080178 packing_admit_queue_max=24974 packing_batch_1_7=40 packing_batch_8=6720 packing_assembly_batches=6760 packing_assembly_wait_ms=193023760.571287 packing_arrival_interval_us=25000 packing_waited_batches=40 packing_wait_ms=744.691000 packing_target_flushes=6720 packing_deadline_flushes=40 packing_cleanup_flushes=0 stage2_phase_search_attempts=6760 stage2_phase_search_task_attempts=53948 stage2_phase_search_elapsed_ms=5237085.472104 avg_stage2_phase_search_us_per_task=97076.545416 stage2_phase_freeze_prune_attempts=8390 stage2_phase_freeze_prune_task_attempts=66977 stage2_phase_freeze_prune_elapsed_ms=176375.223435 avg_stage2_phase_freeze_prune_us_per_task=2633.370014 stage2_phase_reverse_prepare_attempts=6760 stage2_phase_reverse_prepare_task_attempts=53948 stage2_phase_reverse_prepare_elapsed_ms=634409.989241 avg_stage2_phase_reverse_prepare_us_per_task=11759.657248 stage2_phase_placement_authority_attempts=6760 stage2_phase_placement_authority_task_attempts=53948 stage2_phase_placement_authority_elapsed_ms=189371.571845 avg_stage2_phase_placement_authority_us_per_task=3510.261212 stage2_phase_completion_handoff_attempts=6760 stage2_phase_completion_handoff_task_attempts=53948 stage2_phase_completion_handoff_elapsed_ms=14.578691 avg_stage2_phase_completion_handoff_us_per_task=0.270236 stage2_phase_finalize_attempts=6760 stage2_phase_finalize_task_attempts=53948 stage2_phase_finalize_elapsed_ms=73.998878 avg_stage2_phase_finalize_us_per_task=1.371670 maintenance_worker_idle_waits=1382144 maintenance_worker_idle_ms=895839.686895 maintenance_lost_wake_avoided=438933 maintenance_targeted_wakes=5884174 maintenance_generic_wakes=27072 maintenance_broadcast_wakes=0 maintenance_context_slots_scanned=20026576 maintenance_ready_notifications=1799159 maintenance_ready_stale_notifications=119 maintenance_ready_tickets_drained=1373931 maintenance_ready_overflow_scans=0 maintenance_ready_fallback_scans=1251895 stage2_search_lane_lease_limit=32 stage2_search_lane_lease_peak=32 stage2_search_lane_lease_blocked=59776 maintenance_worker_observed_idle_ratio=0.546044 maintenance_worker_observed_busy_ratio=0.453956 physical_stage1_items=53948 physical_stage1_total_ns=243720192642 physical_stage1_search_ns=228097478878 physical_stage1_prune_ns=8731811750 physical_stage1_allocate_write_ns=5099627567 physical_stage1_backlink_ns=1155775709 physical_stage1_candidates=6902789 physical_stage1_remote_frontier_items=69922109 physical_stage1_neighbors=2004209 peer_stage1_enqueued=41797 peer_stage1_processed=41797 peer_stage1_items=86222 avg_peer_stage1_items=2.062875 peer_stage1_rate_per_sec=420.440989 peer_stage1_max_queue=47 peer_stage1_active_workers=0 peer_stage2_home_enqueued=480909 peer_stage2_home_processed=480909 peer_stage2_home_items=57181540 avg_peer_stage2_home_items=118.903036 peer_stage2_home_max_queue=40 peer_stage2_home_response_queue_drops=0 peer_stage2_home_response_send_wait_ms=12872.404279 avg_peer_stage2_home_queue_wait_us=60.162535 avg_peer_stage2_home_execution_us=76.682748 peer_stage1_release_deferred_batches=142 peer_stage1_release_deferred_items=255 peer_stage1_duplicate_retry_responses=0 peer_stage1_admission_retry_responses=0 peer_stage1_retry_response_drops=0 peer_stage1_admission_waiters=0 peer_stage1_admission_waiter_items=0 peer_stage1_admission_owned_items=0 peer_stage1_admission_wake_coverage=0 peer_stage1_admission_parked=0 peer_stage1_admission_woken=0 peer_stage1_admission_reparked=0 peer_stage1_max_admission_waiters=0 peer_stage1_duplicate_coalesced=34 peer_reverse_enqueued=24014 peer_reverse_processed=24014 peer_reverse_remaining=0 peer_reverse_items_enqueued=393173 peer_reverse_items_processed=393173 peer_reverse_rate_per_sec=1917.214224 peer_reverse_failed=53 peer_reverse_max_queue=55 reclaim_pending=0 reclaim_reused=9202 dynamic_high_watermark=20034232800 stage2_remaining=0 cleanup_remaining=0 active_contexts=0 active_context_limit=48 repair_remaining=0 remaining=0
[STATUS]: storage-owner maintenance observation: enqueued=53948 stage2_enqueued=53948 cleanup_enqueued=0 stage2_tasks_done=53948 stage2_finalized_live=53948 cleanup_processed=0 stale=0 stage2_completion_ratio=1.000000 live_stage2_completion_ratio=1.000000 avg_stage2_delay_ms=29544.204378 p99_stage2_delay_upper_ms=30000.000000 p99_stage2_delay_over_30s=true stage2_delay_histogram=0,0,0,0,0,0,41,205,183,127,301,334,1710,256,1541,3109,17548,28593 max_stage2_delay_ms=50159.299540 compaction_batch_target=32 compaction_max_delay_ms=25.000000 stage2_rate_per_sec=256.799989 stage1_search_budget_exhausted=0 stage2_search_budget_exhausted=0 stage2_continuations=53948 stage2_remote_frontier_items=69922109 avg_stage2_remote_frontier=1296.101969 stage2_remote_expansions=1724934 avg_stage2_remote_expansions=31.974012 stage2_scored_candidates=121305209 avg_stage2_scored_candidates=2248.558037 stage2_graph_read_waves=381549 avg_stage2_expansions_per_graph_wave=4.520872 stage2_graph_unique_reads=1783697 stage2_graph_prefetch_issued=1254966 stage2_graph_prefetch_hits=1196203 stage2_graph_prefetch_wasted=58763 stage2_graph_prefetch_promotion_ratio=0.953176 stage2_graph_issue_width_current=16 stage2_vector_read_waves=824001 avg_stage2_scores_per_vector_wave=147.214881 stage2_vector_unique_reads=80317410 stage2_home_rpc_batches=608293 stage2_home_rpc_items=71052666 avg_stage2_home_rpc_batch=116.806647 stage2_home_score_rpc_batches=280567 stage2_home_score_rpc_items=69268969 stage2_home_score_rpc_queries=1654159 stage2_home_score_rpc_request_bytes=1844050824 stage2_home_score_rpc_response_bytes=2228781376 avg_stage2_home_score_queries_per_rpc=5.895772 avg_stage2_home_score_rpc_batch=246.889224 stage2_home_scored_neighbors=110252466 home_scores_per_expansion=1.551701 stage2_migrations=9202 home_match_rate=0.829428 stage2_final_edges=2051216 stage2_cross_edges_stage1_home=458751 stage2_cross_edges_final_home=288725 cross_edge_reduction_ratio=0.370628 failed=0 rpc_timeouts=0 reverse_aggregate_batches=0 reverse_aggregate_logical_requests=0 reverse_aggregate_ops=0 avg_reverse_aggregate_logicals=0.000000 avg_reverse_aggregate_ops=0.000000 max_backlog=24974 admission_window=65536 completion_outstanding=0 completion_incomplete=0 completed_behind_hole=0 completion_logical_full_failures=0 completion_physical_full_failures=0 pressure_yields=1770202 stage2_batches=6760 avg_stage2_batch_size=7.980473 packing_target_batch=8 packing_admit_queue_avg=11385.080178 packing_admit_queue_max=24974 packing_batch_1_7=40 packing_batch_8=6720 packing_assembly_batches=6760 packing_assembly_wait_ms=193023760.571287 packing_arrival_interval_us=25000 packing_waited_batches=40 packing_wait_ms=744.691000 packing_target_flushes=6720 packing_deadline_flushes=40 packing_cleanup_flushes=0 stage2_phase_search_attempts=6760 stage2_phase_search_task_attempts=53948 stage2_phase_search_elapsed_ms=5237085.472104 avg_stage2_phase_search_us_per_task=97076.545416 stage2_phase_freeze_prune_attempts=8390 stage2_phase_freeze_prune_task_attempts=66977 stage2_phase_freeze_prune_elapsed_ms=176375.223435 avg_stage2_phase_freeze_prune_us_per_task=2633.370014 stage2_phase_reverse_prepare_attempts=6760 stage2_phase_reverse_prepare_task_attempts=53948 stage2_phase_reverse_prepare_elapsed_ms=634409.989241 avg_stage2_phase_reverse_prepare_us_per_task=11759.657248 stage2_phase_placement_authority_attempts=6760 stage2_phase_placement_authority_task_attempts=53948 stage2_phase_placement_authority_elapsed_ms=189371.571845 avg_stage2_phase_placement_authority_us_per_task=3510.261212 stage2_phase_completion_handoff_attempts=6760 stage2_phase_completion_handoff_task_attempts=53948 stage2_phase_completion_handoff_elapsed_ms=14.578691 avg_stage2_phase_completion_handoff_us_per_task=0.270236 stage2_phase_finalize_attempts=6760 stage2_phase_finalize_task_attempts=53948 stage2_phase_finalize_elapsed_ms=73.998878 avg_stage2_phase_finalize_us_per_task=1.371670 maintenance_worker_idle_waits=1386048 maintenance_worker_idle_ms=935114.788861 maintenance_lost_wake_avoided=438933 maintenance_targeted_wakes=5884174 maintenance_generic_wakes=27072 maintenance_broadcast_wakes=0 maintenance_context_slots_scanned=20089040 maintenance_ready_notifications=1799159 maintenance_ready_stale_notifications=119 maintenance_ready_tickets_drained=1373931 maintenance_ready_overflow_scans=0 maintenance_ready_fallback_scans=1255871 stage2_search_lane_lease_limit=32 stage2_search_lane_lease_peak=32 stage2_search_lane_lease_blocked=59776 maintenance_worker_observed_idle_ratio=0.556410 maintenance_worker_observed_busy_ratio=0.443590 physical_stage1_items=53948 physical_stage1_total_ns=243720192642 physical_stage1_search_ns=228097478878 physical_stage1_prune_ns=8731811750 physical_stage1_allocate_write_ns=5099627567 physical_stage1_backlink_ns=1155775709 physical_stage1_candidates=6902789 physical_stage1_remote_frontier_items=69922109 physical_stage1_neighbors=2004209 peer_stage1_enqueued=41797 peer_stage1_processed=41797 peer_stage1_items=86222 avg_peer_stage1_items=2.062875 peer_stage1_rate_per_sec=410.428721 peer_stage1_max_queue=47 peer_stage1_active_workers=0 peer_stage2_home_enqueued=480909 peer_stage2_home_processed=480909 peer_stage2_home_items=57181540 avg_peer_stage2_home_items=118.903036 peer_stage2_home_max_queue=40 peer_stage2_home_response_queue_drops=0 peer_stage2_home_response_send_wait_ms=12872.404279 avg_peer_stage2_home_queue_wait_us=60.162535 avg_peer_stage2_home_execution_us=76.682748 peer_stage1_release_deferred_batches=142 peer_stage1_release_deferred_items=255 peer_stage1_duplicate_retry_responses=0 peer_stage1_admission_retry_responses=0 peer_stage1_retry_response_drops=0 peer_stage1_admission_waiters=0 peer_stage1_admission_waiter_items=0 peer_stage1_admission_owned_items=0 peer_stage1_admission_wake_coverage=0 peer_stage1_admission_parked=0 peer_stage1_admission_woken=0 peer_stage1_admission_reparked=0 peer_stage1_max_admission_waiters=0 peer_stage1_duplicate_coalesced=34 peer_reverse_enqueued=24014 peer_reverse_processed=24014 peer_reverse_remaining=0 peer_reverse_items_enqueued=393173 peer_reverse_items_processed=393173 peer_reverse_rate_per_sec=1871.558203 peer_reverse_failed=53 peer_reverse_max_queue=55 reclaim_pending=0 reclaim_reused=9202 dynamic_high_watermark=20034232800 stage2_remaining=0 cleanup_remaining=0 active_contexts=0 active_context_limit=48 repair_remaining=0 remaining=0
[STATUS]: storage-owner maintenance observation: enqueued=53948 stage2_enqueued=53948 cleanup_enqueued=0 stage2_tasks_done=53948 stage2_finalized_live=53948 cleanup_processed=0 stale=0 stage2_completion_ratio=1.000000 live_stage2_completion_ratio=1.000000 avg_stage2_delay_ms=29544.204378 p99_stage2_delay_upper_ms=30000.000000 p99_stage2_delay_over_30s=true stage2_delay_histogram=0,0,0,0,0,0,41,205,183,127,301,334,1710,256,1541,3109,17548,28593 max_stage2_delay_ms=50159.299540 compaction_batch_target=32 compaction_max_delay_ms=25.000000 stage2_rate_per_sec=250.827535 stage1_search_budget_exhausted=0 stage2_search_budget_exhausted=0 stage2_continuations=53948 stage2_remote_frontier_items=69922109 avg_stage2_remote_frontier=1296.101969 stage2_remote_expansions=1724934 avg_stage2_remote_expansions=31.974012 stage2_scored_candidates=121305209 avg_stage2_scored_candidates=2248.558037 stage2_graph_read_waves=381549 avg_stage2_expansions_per_graph_wave=4.520872 stage2_graph_unique_reads=1783697 stage2_graph_prefetch_issued=1254966 stage2_graph_prefetch_hits=1196203 stage2_graph_prefetch_wasted=58763 stage2_graph_prefetch_promotion_ratio=0.953176 stage2_graph_issue_width_current=16 stage2_vector_read_waves=824001 avg_stage2_scores_per_vector_wave=147.214881 stage2_vector_unique_reads=80317410 stage2_home_rpc_batches=608293 stage2_home_rpc_items=71052666 avg_stage2_home_rpc_batch=116.806647 stage2_home_score_rpc_batches=280567 stage2_home_score_rpc_items=69268969 stage2_home_score_rpc_queries=1654159 stage2_home_score_rpc_request_bytes=1844050824 stage2_home_score_rpc_response_bytes=2228781376 avg_stage2_home_score_queries_per_rpc=5.895772 avg_stage2_home_score_rpc_batch=246.889224 stage2_home_scored_neighbors=110252466 home_scores_per_expansion=1.551701 stage2_migrations=9202 home_match_rate=0.829428 stage2_final_edges=2051216 stage2_cross_edges_stage1_home=458751 stage2_cross_edges_final_home=288725 cross_edge_reduction_ratio=0.370628 failed=0 rpc_timeouts=0 reverse_aggregate_batches=0 reverse_aggregate_logical_requests=0 reverse_aggregate_ops=0 avg_reverse_aggregate_logicals=0.000000 avg_reverse_aggregate_ops=0.000000 max_backlog=24974 admission_window=65536 completion_outstanding=0 completion_incomplete=0 completed_behind_hole=0 completion_logical_full_failures=0 completion_physical_full_failures=0 pressure_yields=1770202 stage2_batches=6760 avg_stage2_batch_size=7.980473 packing_target_batch=8 packing_admit_queue_avg=11385.080178 packing_admit_queue_max=24974 packing_batch_1_7=40 packing_batch_8=6720 packing_assembly_batches=6760 packing_assembly_wait_ms=193023760.571287 packing_arrival_interval_us=25000 packing_waited_batches=40 packing_wait_ms=744.691000 packing_target_flushes=6720 packing_deadline_flushes=40 packing_cleanup_flushes=0 stage2_phase_search_attempts=6760 stage2_phase_search_task_attempts=53948 stage2_phase_search_elapsed_ms=5237085.472104 avg_stage2_phase_search_us_per_task=97076.545416 stage2_phase_freeze_prune_attempts=8390 stage2_phase_freeze_prune_task_attempts=66977 stage2_phase_freeze_prune_elapsed_ms=176375.223435 avg_stage2_phase_freeze_prune_us_per_task=2633.370014 stage2_phase_reverse_prepare_attempts=6760 stage2_phase_reverse_prepare_task_attempts=53948 stage2_phase_reverse_prepare_elapsed_ms=634409.989241 avg_stage2_phase_reverse_prepare_us_per_task=11759.657248 stage2_phase_placement_authority_attempts=6760 stage2_phase_placement_authority_task_attempts=53948 stage2_phase_placement_authority_elapsed_ms=189371.571845 avg_stage2_phase_placement_authority_us_per_task=3510.261212 stage2_phase_completion_handoff_attempts=6760 stage2_phase_completion_handoff_task_attempts=53948 stage2_phase_completion_handoff_elapsed_ms=14.578691 avg_stage2_phase_completion_handoff_us_per_task=0.270236 stage2_phase_finalize_attempts=6760 stage2_phase_finalize_task_attempts=53948 stage2_phase_finalize_elapsed_ms=73.998878 avg_stage2_phase_finalize_us_per_task=1.371670 maintenance_worker_idle_waits=1390016 maintenance_worker_idle_ms=975033.205503 maintenance_lost_wake_avoided=438933 maintenance_targeted_wakes=5884174 maintenance_generic_wakes=27072 maintenance_broadcast_wakes=0 maintenance_context_slots_scanned=20152528 maintenance_ready_notifications=1799159 maintenance_ready_stale_notifications=119 maintenance_ready_tickets_drained=1373931 maintenance_ready_overflow_scans=0 maintenance_ready_fallback_scans=1259847 stage2_search_lane_lease_limit=32 stage2_search_lane_lease_peak=32 stage2_search_lane_lease_blocked=59776 maintenance_worker_observed_idle_ratio=0.566669 maintenance_worker_observed_busy_ratio=0.433331 physical_stage1_items=53948 physical_stage1_total_ns=243720192642 physical_stage1_search_ns=228097478878 physical_stage1_prune_ns=8731811750 physical_stage1_allocate_write_ns=5099627567 physical_stage1_backlink_ns=1155775709 physical_stage1_candidates=6902789 physical_stage1_remote_frontier_items=69922109 physical_stage1_neighbors=2004209 peer_stage1_enqueued=41797 peer_stage1_processed=41797 peer_stage1_items=86222 avg_peer_stage1_items=2.062875 peer_stage1_rate_per_sec=400.883290 peer_stage1_max_queue=47 peer_stage1_active_workers=0 peer_stage2_home_enqueued=480909 peer_stage2_home_processed=480909 peer_stage2_home_items=57181540 avg_peer_stage2_home_items=118.903036 peer_stage2_home_max_queue=40 peer_stage2_home_response_queue_drops=0 peer_stage2_home_response_send_wait_ms=12872.404279 avg_peer_stage2_home_queue_wait_us=60.162535 avg_peer_stage2_home_execution_us=76.682748 peer_stage1_release_deferred_batches=142 peer_stage1_release_deferred_items=255 peer_stage1_duplicate_retry_responses=0 peer_stage1_admission_retry_responses=0 peer_stage1_retry_response_drops=0 peer_stage1_admission_waiters=0 peer_stage1_admission_waiter_items=0 peer_stage1_admission_owned_items=0 peer_stage1_admission_wake_coverage=0 peer_stage1_admission_parked=0 peer_stage1_admission_woken=0 peer_stage1_admission_reparked=0 peer_stage1_max_admission_waiters=0 peer_stage1_duplicate_coalesced=34 peer_reverse_enqueued=24014 peer_reverse_processed=24014 peer_reverse_remaining=0 peer_reverse_items_enqueued=393173 peer_reverse_items_processed=393173 peer_reverse_rate_per_sec=1828.030966 peer_reverse_failed=53 peer_reverse_max_queue=55 reclaim_pending=0 reclaim_reused=9202 dynamic_high_watermark=20034232800 stage2_remaining=0 cleanup_remaining=0 active_contexts=0 active_context_limit=48 repair_remaining=0 remaining=0
[STATUS]: storage-owner maintenance observation: enqueued=53948 stage2_enqueued=53948 cleanup_enqueued=0 stage2_tasks_done=53948 stage2_finalized_live=53948 cleanup_processed=0 stale=0 stage2_completion_ratio=1.000000 live_stage2_completion_ratio=1.000000 avg_stage2_delay_ms=29544.204378 p99_stage2_delay_upper_ms=30000.000000 p99_stage2_delay_over_30s=true stage2_delay_histogram=0,0,0,0,0,0,41,205,183,127,301,334,1710,256,1541,3109,17548,28593 max_stage2_delay_ms=50159.299540 compaction_batch_target=32 compaction_max_delay_ms=25.000000 stage2_rate_per_sec=245.126306 stage1_search_budget_exhausted=0 stage2_search_budget_exhausted=0 stage2_continuations=53948 stage2_remote_frontier_items=69922109 avg_stage2_remote_frontier=1296.101969 stage2_remote_expansions=1724934 avg_stage2_remote_expansions=31.974012 stage2_scored_candidates=121305209 avg_stage2_scored_candidates=2248.558037 stage2_graph_read_waves=381549 avg_stage2_expansions_per_graph_wave=4.520872 stage2_graph_unique_reads=1783697 stage2_graph_prefetch_issued=1254966 stage2_graph_prefetch_hits=1196203 stage2_graph_prefetch_wasted=58763 stage2_graph_prefetch_promotion_ratio=0.953176 stage2_graph_issue_width_current=16 stage2_vector_read_waves=824001 avg_stage2_scores_per_vector_wave=147.214881 stage2_vector_unique_reads=80317410 stage2_home_rpc_batches=608293 stage2_home_rpc_items=71052666 avg_stage2_home_rpc_batch=116.806647 stage2_home_score_rpc_batches=280567 stage2_home_score_rpc_items=69268969 stage2_home_score_rpc_queries=1654159 stage2_home_score_rpc_request_bytes=1844050824 stage2_home_score_rpc_response_bytes=2228781376 avg_stage2_home_score_queries_per_rpc=5.895772 avg_stage2_home_score_rpc_batch=246.889224 stage2_home_scored_neighbors=110252466 home_scores_per_expansion=1.551701 stage2_migrations=9202 home_match_rate=0.829428 stage2_final_edges=2051216 stage2_cross_edges_stage1_home=458751 stage2_cross_edges_final_home=288725 cross_edge_reduction_ratio=0.370628 failed=0 rpc_timeouts=0 reverse_aggregate_batches=0 reverse_aggregate_logical_requests=0 reverse_aggregate_ops=0 avg_reverse_aggregate_logicals=0.000000 avg_reverse_aggregate_ops=0.000000 max_backlog=24974 admission_window=65536 completion_outstanding=0 completion_incomplete=0 completed_behind_hole=0 completion_logical_full_failures=0 completion_physical_full_failures=0 pressure_yields=1770202 stage2_batches=6760 avg_stage2_batch_size=7.980473 packing_target_batch=8 packing_admit_queue_avg=11385.080178 packing_admit_queue_max=24974 packing_batch_1_7=40 packing_batch_8=6720 packing_assembly_batches=6760 packing_assembly_wait_ms=193023760.571287 packing_arrival_interval_us=25000 packing_waited_batches=40 packing_wait_ms=744.691000 packing_target_flushes=6720 packing_deadline_flushes=40 packing_cleanup_flushes=0 stage2_phase_search_attempts=6760 stage2_phase_search_task_attempts=53948 stage2_phase_search_elapsed_ms=5237085.472104 avg_stage2_phase_search_us_per_task=97076.545416 stage2_phase_freeze_prune_attempts=8390 stage2_phase_freeze_prune_task_attempts=66977 stage2_phase_freeze_prune_elapsed_ms=176375.223435 avg_stage2_phase_freeze_prune_us_per_task=2633.370014 stage2_phase_reverse_prepare_attempts=6760 stage2_phase_reverse_prepare_task_attempts=53948 stage2_phase_reverse_prepare_elapsed_ms=634409.989241 avg_stage2_phase_reverse_prepare_us_per_task=11759.657248 stage2_phase_placement_authority_attempts=6760 stage2_phase_placement_authority_task_attempts=53948 stage2_phase_placement_authority_elapsed_ms=189371.571845 avg_stage2_phase_placement_authority_us_per_task=3510.261212 stage2_phase_completion_handoff_attempts=6760 stage2_phase_completion_handoff_task_attempts=53948 stage2_phase_completion_handoff_elapsed_ms=14.578691 avg_stage2_phase_completion_handoff_us_per_task=0.270236 stage2_phase_finalize_attempts=6760 stage2_phase_finalize_task_attempts=53948 stage2_phase_finalize_elapsed_ms=73.998878 avg_stage2_phase_finalize_us_per_task=1.371670 maintenance_worker_idle_waits=1393984 maintenance_worker_idle_ms=1014952.834343 maintenance_lost_wake_avoided=438933 maintenance_targeted_wakes=5884174 maintenance_generic_wakes=27072 maintenance_broadcast_wakes=0 maintenance_context_slots_scanned=20216016 maintenance_ready_notifications=1799159 maintenance_ready_stale_notifications=119 maintenance_ready_tickets_drained=1373931 maintenance_ready_overflow_scans=0 maintenance_ready_fallback_scans=1263823 stage2_search_lane_lease_limit=32 stage2_search_lane_lease_peak=32 stage2_search_lane_lease_blocked=59776 maintenance_worker_observed_idle_ratio=0.576462 maintenance_worker_observed_busy_ratio=0.423538 physical_stage1_items=53948 physical_stage1_total_ns=243720192642 physical_stage1_search_ns=228097478878 physical_stage1_prune_ns=8731811750 physical_stage1_allocate_write_ns=5099627567 physical_stage1_backlink_ns=1155775709 physical_stage1_candidates=6902789 physical_stage1_remote_frontier_items=69922109 physical_stage1_neighbors=2004209 peer_stage1_enqueued=41797 peer_stage1_processed=41797 peer_stage1_items=86222 avg_peer_stage1_items=2.062875 peer_stage1_rate_per_sec=391.771341 peer_stage1_max_queue=47 peer_stage1_active_workers=0 peer_stage2_home_enqueued=480909 peer_stage2_home_processed=480909 peer_stage2_home_items=57181540 avg_peer_stage2_home_items=118.903036 peer_stage2_home_max_queue=40 peer_stage2_home_response_queue_drops=0 peer_stage2_home_response_send_wait_ms=12872.404279 avg_peer_stage2_home_queue_wait_us=60.162535 avg_peer_stage2_home_execution_us=76.682748 peer_stage1_release_deferred_batches=142 peer_stage1_release_deferred_items=255 peer_stage1_duplicate_retry_responses=0 peer_stage1_admission_retry_responses=0 peer_stage1_retry_response_drops=0 peer_stage1_admission_waiters=0 peer_stage1_admission_waiter_items=0 peer_stage1_admission_owned_items=0 peer_stage1_admission_wake_coverage=0 peer_stage1_admission_parked=0 peer_stage1_admission_woken=0 peer_stage1_admission_reparked=0 peer_stage1_max_admission_waiters=0 peer_stage1_duplicate_coalesced=34 peer_reverse_enqueued=24014 peer_reverse_processed=24014 peer_reverse_remaining=0 peer_reverse_items_enqueued=393173 peer_reverse_items_processed=393173 peer_reverse_rate_per_sec=1786.480406 peer_reverse_failed=53 peer_reverse_max_queue=55 reclaim_pending=0 reclaim_reused=9202 dynamic_high_watermark=20034232800 stage2_remaining=0 cleanup_remaining=0 active_contexts=0 active_context_limit=48 repair_remaining=0 remaining=0
[STATUS]: storage-owner maintenance observation: enqueued=53948 stage2_enqueued=53948 cleanup_enqueued=0 stage2_tasks_done=53948 stage2_finalized_live=53948 cleanup_processed=0 stale=0 stage2_completion_ratio=1.000000 live_stage2_completion_ratio=1.000000 avg_stage2_delay_ms=29544.204378 p99_stage2_delay_upper_ms=30000.000000 p99_stage2_delay_over_30s=true stage2_delay_histogram=0,0,0,0,0,0,41,205,183,127,301,334,1710,256,1541,3109,17548,28593 max_stage2_delay_ms=50159.299540 compaction_batch_target=32 compaction_max_delay_ms=25.000000 stage2_rate_per_sec=239.680959 stage1_search_budget_exhausted=0 stage2_search_budget_exhausted=0 stage2_continuations=53948 stage2_remote_frontier_items=69922109 avg_stage2_remote_frontier=1296.101969 stage2_remote_expansions=1724934 avg_stage2_remote_expansions=31.974012 stage2_scored_candidates=121305209 avg_stage2_scored_candidates=2248.558037 stage2_graph_read_waves=381549 avg_stage2_expansions_per_graph_wave=4.520872 stage2_graph_unique_reads=1783697 stage2_graph_prefetch_issued=1254966 stage2_graph_prefetch_hits=1196203 stage2_graph_prefetch_wasted=58763 stage2_graph_prefetch_promotion_ratio=0.953176 stage2_graph_issue_width_current=16 stage2_vector_read_waves=824001 avg_stage2_scores_per_vector_wave=147.214881 stage2_vector_unique_reads=80317410 stage2_home_rpc_batches=608293 stage2_home_rpc_items=71052666 avg_stage2_home_rpc_batch=116.806647 stage2_home_score_rpc_batches=280567 stage2_home_score_rpc_items=69268969 stage2_home_score_rpc_queries=1654159 stage2_home_score_rpc_request_bytes=1844050824 stage2_home_score_rpc_response_bytes=2228781376 avg_stage2_home_score_queries_per_rpc=5.895772 avg_stage2_home_score_rpc_batch=246.889224 stage2_home_scored_neighbors=110252466 home_scores_per_expansion=1.551701 stage2_migrations=9202 home_match_rate=0.829428 stage2_final_edges=2051216 stage2_cross_edges_stage1_home=458751 stage2_cross_edges_final_home=288725 cross_edge_reduction_ratio=0.370628 failed=0 rpc_timeouts=0 reverse_aggregate_batches=0 reverse_aggregate_logical_requests=0 reverse_aggregate_ops=0 avg_reverse_aggregate_logicals=0.000000 avg_reverse_aggregate_ops=0.000000 max_backlog=24974 admission_window=65536 completion_outstanding=0 completion_incomplete=0 completed_behind_hole=0 completion_logical_full_failures=0 completion_physical_full_failures=0 pressure_yields=1770202 stage2_batches=6760 avg_stage2_batch_size=7.980473 packing_target_batch=8 packing_admit_queue_avg=11385.080178 packing_admit_queue_max=24974 packing_batch_1_7=40 packing_batch_8=6720 packing_assembly_batches=6760 packing_assembly_wait_ms=193023760.571287 packing_arrival_interval_us=25000 packing_waited_batches=40 packing_wait_ms=744.691000 packing_target_flushes=6720 packing_deadline_flushes=40 packing_cleanup_flushes=0 stage2_phase_search_attempts=6760 stage2_phase_search_task_attempts=53948 stage2_phase_search_elapsed_ms=5237085.472104 avg_stage2_phase_search_us_per_task=97076.545416 stage2_phase_freeze_prune_attempts=8390 stage2_phase_freeze_prune_task_attempts=66977 stage2_phase_freeze_prune_elapsed_ms=176375.223435 avg_stage2_phase_freeze_prune_us_per_task=2633.370014 stage2_phase_reverse_prepare_attempts=6760 stage2_phase_reverse_prepare_task_attempts=53948 stage2_phase_reverse_prepare_elapsed_ms=634409.989241 avg_stage2_phase_reverse_prepare_us_per_task=11759.657248 stage2_phase_placement_authority_attempts=6760 stage2_phase_placement_authority_task_attempts=53948 stage2_phase_placement_authority_elapsed_ms=189371.571845 avg_stage2_phase_placement_authority_us_per_task=3510.261212 stage2_phase_completion_handoff_attempts=6760 stage2_phase_completion_handoff_task_attempts=53948 stage2_phase_completion_handoff_elapsed_ms=14.578691 avg_stage2_phase_completion_handoff_us_per_task=0.270236 stage2_phase_finalize_attempts=6760 stage2_phase_finalize_task_attempts=53948 stage2_phase_finalize_elapsed_ms=73.998878 avg_stage2_phase_finalize_us_per_task=1.371670 maintenance_worker_idle_waits=1398016 maintenance_worker_idle_ms=1055515.304453 maintenance_lost_wake_avoided=438933 maintenance_targeted_wakes=5884174 maintenance_generic_wakes=27072 maintenance_broadcast_wakes=0 maintenance_context_slots_scanned=20280528 maintenance_ready_notifications=1799159 maintenance_ready_stale_notifications=119 maintenance_ready_tickets_drained=1373931 maintenance_ready_overflow_scans=0 maintenance_ready_fallback_scans=1267799 stage2_search_lane_lease_limit=32 stage2_search_lane_lease_peak=32 stage2_search_lane_lease_blocked=59776 maintenance_worker_observed_idle_ratio=0.586182 maintenance_worker_observed_busy_ratio=0.413818 physical_stage1_items=53948 physical_stage1_total_ns=243720192642 physical_stage1_search_ns=228097478878 physical_stage1_prune_ns=8731811750 physical_stage1_allocate_write_ns=5099627567 physical_stage1_backlink_ns=1155775709 physical_stage1_candidates=6902789 physical_stage1_remote_frontier_items=69922109 physical_stage1_neighbors=2004209 peer_stage1_enqueued=41797 peer_stage1_processed=41797 peer_stage1_items=86222 avg_peer_stage1_items=2.062875 peer_stage1_rate_per_sec=383.068355 peer_stage1_max_queue=47 peer_stage1_active_workers=0 peer_stage2_home_enqueued=480909 peer_stage2_home_processed=480909 peer_stage2_home_items=57181540 avg_peer_stage2_home_items=118.903036 peer_stage2_home_max_queue=40 peer_stage2_home_response_queue_drops=0 peer_stage2_home_response_send_wait_ms=12872.404279 avg_peer_stage2_home_queue_wait_us=60.162535 avg_peer_stage2_home_execution_us=76.682748 peer_stage1_release_deferred_batches=142 peer_stage1_release_deferred_items=255 peer_stage1_duplicate_retry_responses=0 peer_stage1_admission_retry_responses=0 peer_stage1_retry_response_drops=0 peer_stage1_admission_waiters=0 peer_stage1_admission_waiter_items=0 peer_stage1_admission_owned_items=0 peer_stage1_admission_wake_coverage=0 peer_stage1_admission_parked=0 peer_stage1_admission_woken=0 peer_stage1_admission_reparked=0 peer_stage1_max_admission_waiters=0 peer_stage1_duplicate_coalesced=34 peer_reverse_enqueued=24014 peer_reverse_processed=24014 peer_reverse_remaining=0 peer_reverse_items_enqueued=393173 peer_reverse_items_processed=393173 peer_reverse_rate_per_sec=1746.794722 peer_reverse_failed=53 peer_reverse_max_queue=55 reclaim_pending=0 reclaim_reused=9202 dynamic_high_watermark=20034232800 stage2_remaining=0 cleanup_remaining=0 active_contexts=0 active_context_limit=48 repair_remaining=0 remaining=0
[STATUS]: storage-owner maintenance observation: enqueued=53948 stage2_enqueued=53948 cleanup_enqueued=0 stage2_tasks_done=53948 stage2_finalized_live=53948 cleanup_processed=0 stale=0 stage2_completion_ratio=1.000000 live_stage2_completion_ratio=1.000000 avg_stage2_delay_ms=29544.204378 p99_stage2_delay_upper_ms=30000.000000 p99_stage2_delay_over_30s=true stage2_delay_histogram=0,0,0,0,0,0,41,205,183,127,301,334,1710,256,1541,3109,17548,28593 max_stage2_delay_ms=50159.299540 compaction_batch_target=32 compaction_max_delay_ms=25.000000 stage2_rate_per_sec=234.471736 stage1_search_budget_exhausted=0 stage2_search_budget_exhausted=0 stage2_continuations=53948 stage2_remote_frontier_items=69922109 avg_stage2_remote_frontier=1296.101969 stage2_remote_expansions=1724934 avg_stage2_remote_expansions=31.974012 stage2_scored_candidates=121305209 avg_stage2_scored_candidates=2248.558037 stage2_graph_read_waves=381549 avg_stage2_expansions_per_graph_wave=4.520872 stage2_graph_unique_reads=1783697 stage2_graph_prefetch_issued=1254966 stage2_graph_prefetch_hits=1196203 stage2_graph_prefetch_wasted=58763 stage2_graph_prefetch_promotion_ratio=0.953176 stage2_graph_issue_width_current=16 stage2_vector_read_waves=824001 avg_stage2_scores_per_vector_wave=147.214881 stage2_vector_unique_reads=80317410 stage2_home_rpc_batches=608293 stage2_home_rpc_items=71052666 avg_stage2_home_rpc_batch=116.806647 stage2_home_score_rpc_batches=280567 stage2_home_score_rpc_items=69268969 stage2_home_score_rpc_queries=1654159 stage2_home_score_rpc_request_bytes=1844050824 stage2_home_score_rpc_response_bytes=2228781376 avg_stage2_home_score_queries_per_rpc=5.895772 avg_stage2_home_score_rpc_batch=246.889224 stage2_home_scored_neighbors=110252466 home_scores_per_expansion=1.551701 stage2_migrations=9202 home_match_rate=0.829428 stage2_final_edges=2051216 stage2_cross_edges_stage1_home=458751 stage2_cross_edges_final_home=288725 cross_edge_reduction_ratio=0.370628 failed=0 rpc_timeouts=0 reverse_aggregate_batches=0 reverse_aggregate_logical_requests=0 reverse_aggregate_ops=0 avg_reverse_aggregate_logicals=0.000000 avg_reverse_aggregate_ops=0.000000 max_backlog=24974 admission_window=65536 completion_outstanding=0 completion_incomplete=0 completed_behind_hole=0 completion_logical_full_failures=0 completion_physical_full_failures=0 pressure_yields=1770202 stage2_batches=6760 avg_stage2_batch_size=7.980473 packing_target_batch=8 packing_admit_queue_avg=11385.080178 packing_admit_queue_max=24974 packing_batch_1_7=40 packing_batch_8=6720 packing_assembly_batches=6760 packing_assembly_wait_ms=193023760.571287 packing_arrival_interval_us=25000 packing_waited_batches=40 packing_wait_ms=744.691000 packing_target_flushes=6720 packing_deadline_flushes=40 packing_cleanup_flushes=0 stage2_phase_search_attempts=6760 stage2_phase_search_task_attempts=53948 stage2_phase_search_elapsed_ms=5237085.472104 avg_stage2_phase_search_us_per_task=97076.545416 stage2_phase_freeze_prune_attempts=8390 stage2_phase_freeze_prune_task_attempts=66977 stage2_phase_freeze_prune_elapsed_ms=176375.223435 avg_stage2_phase_freeze_prune_us_per_task=2633.370014 stage2_phase_reverse_prepare_attempts=6760 stage2_phase_reverse_prepare_task_attempts=53948 stage2_phase_reverse_prepare_elapsed_ms=634409.989241 avg_stage2_phase_reverse_prepare_us_per_task=11759.657248 stage2_phase_placement_authority_attempts=6760 stage2_phase_placement_authority_task_attempts=53948 stage2_phase_placement_authority_elapsed_ms=189371.571845 avg_stage2_phase_placement_authority_us_per_task=3510.261212 stage2_phase_completion_handoff_attempts=6760 stage2_phase_completion_handoff_task_attempts=53948 stage2_phase_completion_handoff_elapsed_ms=14.578691 avg_stage2_phase_completion_handoff_us_per_task=0.270236 stage2_phase_finalize_attempts=6760 stage2_phase_finalize_task_attempts=53948 stage2_phase_finalize_elapsed_ms=73.998878 avg_stage2_phase_finalize_us_per_task=1.371670 maintenance_worker_idle_waits=1402112 maintenance_worker_idle_ms=1096719.858376 maintenance_lost_wake_avoided=438933 maintenance_targeted_wakes=5884174 maintenance_generic_wakes=27072 maintenance_broadcast_wakes=0 maintenance_context_slots_scanned=20346064 maintenance_ready_notifications=1799159 maintenance_ready_stale_notifications=119 maintenance_ready_tickets_drained=1373931 maintenance_ready_overflow_scans=0 maintenance_ready_fallback_scans=1271774 stage2_search_lane_lease_limit=32 stage2_search_lane_lease_peak=32 stage2_search_lane_lease_blocked=59776 maintenance_worker_observed_idle_ratio=0.595828 maintenance_worker_observed_busy_ratio=0.404172 physical_stage1_items=53948 physical_stage1_total_ns=243720192642 physical_stage1_search_ns=228097478878 physical_stage1_prune_ns=8731811750 physical_stage1_allocate_write_ns=5099627567 physical_stage1_backlink_ns=1155775709 physical_stage1_candidates=6902789 physical_stage1_remote_frontier_items=69922109 physical_stage1_neighbors=2004209 peer_stage1_enqueued=41797 peer_stage1_processed=41797 peer_stage1_items=86222 avg_peer_stage1_items=2.062875 peer_stage1_rate_per_sec=374.742753 peer_stage1_max_queue=47 peer_stage1_active_workers=0 peer_stage2_home_enqueued=480909 peer_stage2_home_processed=480909 peer_stage2_home_items=57181540 avg_peer_stage2_home_items=118.903036 peer_stage2_home_max_queue=40 peer_stage2_home_response_queue_drops=0 peer_stage2_home_response_send_wait_ms=12872.404279 avg_peer_stage2_home_queue_wait_us=60.162535 avg_peer_stage2_home_execution_us=76.682748 peer_stage1_release_deferred_batches=142 peer_stage1_release_deferred_items=255 peer_stage1_duplicate_retry_responses=0 peer_stage1_admission_retry_responses=0 peer_stage1_retry_response_drops=0 peer_stage1_admission_waiters=0 peer_stage1_admission_waiter_items=0 peer_stage1_admission_owned_items=0 peer_stage1_admission_wake_coverage=0 peer_stage1_admission_parked=0 peer_stage1_admission_woken=0 peer_stage1_admission_reparked=0 peer_stage1_max_admission_waiters=0 peer_stage1_duplicate_coalesced=34 peer_reverse_enqueued=24014 peer_reverse_processed=24014 peer_reverse_remaining=0 peer_reverse_items_enqueued=393173 peer_reverse_items_processed=393173 peer_reverse_rate_per_sec=1708.829908 peer_reverse_failed=53 peer_reverse_max_queue=55 reclaim_pending=0 reclaim_reused=9202 dynamic_high_watermark=20034232800 stage2_remaining=0 cleanup_remaining=0 active_contexts=0 active_context_limit=48 repair_remaining=0 remaining=0
[STATUS]: storage-owner maintenance observation: enqueued=53948 stage2_enqueued=53948 cleanup_enqueued=0 stage2_tasks_done=53948 stage2_finalized_live=53948 cleanup_processed=0 stale=0 stage2_completion_ratio=1.000000 live_stage2_completion_ratio=1.000000 avg_stage2_delay_ms=29544.204378 p99_stage2_delay_upper_ms=30000.000000 p99_stage2_delay_over_30s=true stage2_delay_histogram=0,0,0,0,0,0,41,205,183,127,301,334,1710,256,1541,3109,17548,28593 max_stage2_delay_ms=50159.299540 compaction_batch_target=32 compaction_max_delay_ms=25.000000 stage2_rate_per_sec=229.484545 stage1_search_budget_exhausted=0 stage2_search_budget_exhausted=0 stage2_continuations=53948 stage2_remote_frontier_items=69922109 avg_stage2_remote_frontier=1296.101969 stage2_remote_expansions=1724934 avg_stage2_remote_expansions=31.974012 stage2_scored_candidates=121305209 avg_stage2_scored_candidates=2248.558037 stage2_graph_read_waves=381549 avg_stage2_expansions_per_graph_wave=4.520872 stage2_graph_unique_reads=1783697 stage2_graph_prefetch_issued=1254966 stage2_graph_prefetch_hits=1196203 stage2_graph_prefetch_wasted=58763 stage2_graph_prefetch_promotion_ratio=0.953176 stage2_graph_issue_width_current=16 stage2_vector_read_waves=824001 avg_stage2_scores_per_vector_wave=147.214881 stage2_vector_unique_reads=80317410 stage2_home_rpc_batches=608293 stage2_home_rpc_items=71052666 avg_stage2_home_rpc_batch=116.806647 stage2_home_score_rpc_batches=280567 stage2_home_score_rpc_items=69268969 stage2_home_score_rpc_queries=1654159 stage2_home_score_rpc_request_bytes=1844050824 stage2_home_score_rpc_response_bytes=2228781376 avg_stage2_home_score_queries_per_rpc=5.895772 avg_stage2_home_score_rpc_batch=246.889224 stage2_home_scored_neighbors=110252466 home_scores_per_expansion=1.551701 stage2_migrations=9202 home_match_rate=0.829428 stage2_final_edges=2051216 stage2_cross_edges_stage1_home=458751 stage2_cross_edges_final_home=288725 cross_edge_reduction_ratio=0.370628 failed=0 rpc_timeouts=0 reverse_aggregate_batches=0 reverse_aggregate_logical_requests=0 reverse_aggregate_ops=0 avg_reverse_aggregate_logicals=0.000000 avg_reverse_aggregate_ops=0.000000 max_backlog=24974 admission_window=65536 completion_outstanding=0 completion_incomplete=0 completed_behind_hole=0 completion_logical_full_failures=0 completion_physical_full_failures=0 pressure_yields=1770202 stage2_batches=6760 avg_stage2_batch_size=7.980473 packing_target_batch=8 packing_admit_queue_avg=11385.080178 packing_admit_queue_max=24974 packing_batch_1_7=40 packing_batch_8=6720 packing_assembly_batches=6760 packing_assembly_wait_ms=193023760.571287 packing_arrival_interval_us=25000 packing_waited_batches=40 packing_wait_ms=744.691000 packing_target_flushes=6720 packing_deadline_flushes=40 packing_cleanup_flushes=0 stage2_phase_search_attempts=6760 stage2_phase_search_task_attempts=53948 stage2_phase_search_elapsed_ms=5237085.472104 avg_stage2_phase_search_us_per_task=97076.545416 stage2_phase_freeze_prune_attempts=8390 stage2_phase_freeze_prune_task_attempts=66977 stage2_phase_freeze_prune_elapsed_ms=176375.223435 avg_stage2_phase_freeze_prune_us_per_task=2633.370014 stage2_phase_reverse_prepare_attempts=6760 stage2_phase_reverse_prepare_task_attempts=53948 stage2_phase_reverse_prepare_elapsed_ms=634409.989241 avg_stage2_phase_reverse_prepare_us_per_task=11759.657248 stage2_phase_placement_authority_attempts=6760 stage2_phase_placement_authority_task_attempts=53948 stage2_phase_placement_authority_elapsed_ms=189371.571845 avg_stage2_phase_placement_authority_us_per_task=3510.261212 stage2_phase_completion_handoff_attempts=6760 stage2_phase_completion_handoff_task_attempts=53948 stage2_phase_completion_handoff_elapsed_ms=14.578691 avg_stage2_phase_completion_handoff_us_per_task=0.270236 stage2_phase_finalize_attempts=6760 stage2_phase_finalize_task_attempts=53948 stage2_phase_finalize_elapsed_ms=73.998878 avg_stage2_phase_finalize_us_per_task=1.371670 maintenance_worker_idle_waits=1405952 maintenance_worker_idle_ms=1135350.089070 maintenance_lost_wake_avoided=438933 maintenance_targeted_wakes=5884174 maintenance_generic_wakes=27072 maintenance_broadcast_wakes=0 maintenance_context_slots_scanned=20407504 maintenance_ready_notifications=1799159 maintenance_ready_stale_notifications=119 maintenance_ready_tickets_drained=1373931 maintenance_ready_overflow_scans=0 maintenance_ready_fallback_scans=1275748 stage2_search_lane_lease_limit=32 stage2_search_lane_lease_peak=32 stage2_search_lane_lease_blocked=59776 maintenance_worker_observed_idle_ratio=0.603695 maintenance_worker_observed_busy_ratio=0.396305 physical_stage1_items=53948 physical_stage1_total_ns=243720192642 physical_stage1_search_ns=228097478878 physical_stage1_prune_ns=8731811750 physical_stage1_allocate_write_ns=5099627567 physical_stage1_backlink_ns=1155775709 physical_stage1_candidates=6902789 physical_stage1_remote_frontier_items=69922109 physical_stage1_neighbors=2004209 peer_stage1_enqueued=41797 peer_stage1_processed=41797 peer_stage1_items=86222 avg_peer_stage1_items=2.062875 peer_stage1_rate_per_sec=366.772011 peer_stage1_max_queue=47 peer_stage1_active_workers=0 peer_stage2_home_enqueued=480909 peer_stage2_home_processed=480909 peer_stage2_home_items=57181540 avg_peer_stage2_home_items=118.903036 peer_stage2_home_max_queue=40 peer_stage2_home_response_queue_drops=0 peer_stage2_home_response_send_wait_ms=12872.404279 avg_peer_stage2_home_queue_wait_us=60.162535 avg_peer_stage2_home_execution_us=76.682748 peer_stage1_release_deferred_batches=142 peer_stage1_release_deferred_items=255 peer_stage1_duplicate_retry_responses=0 peer_stage1_admission_retry_responses=0 peer_stage1_retry_response_drops=0 peer_stage1_admission_waiters=0 peer_stage1_admission_waiter_items=0 peer_stage1_admission_owned_items=0 peer_stage1_admission_wake_coverage=0 peer_stage1_admission_parked=0 peer_stage1_admission_woken=0 peer_stage1_admission_reparked=0 peer_stage1_max_admission_waiters=0 peer_stage1_duplicate_coalesced=34 peer_reverse_enqueued=24014 peer_reverse_processed=24014 peer_reverse_remaining=0 peer_reverse_items_enqueued=393173 peer_reverse_items_processed=393173 peer_reverse_rate_per_sec=1672.483262 peer_reverse_failed=53 peer_reverse_max_queue=55 reclaim_pending=0 reclaim_reused=9202 dynamic_high_watermark=20034232800 stage2_remaining=0 cleanup_remaining=0 active_contexts=0 active_context_limit=48 repair_remaining=0 remaining=0
[STATUS]: storage-owner maintenance observation: enqueued=53948 stage2_enqueued=53948 cleanup_enqueued=0 stage2_tasks_done=53948 stage2_finalized_live=53948 cleanup_processed=0 stale=0 stage2_completion_ratio=1.000000 live_stage2_completion_ratio=1.000000 avg_stage2_delay_ms=29544.204378 p99_stage2_delay_upper_ms=30000.000000 p99_stage2_delay_over_30s=true stage2_delay_histogram=0,0,0,0,0,0,41,205,183,127,301,334,1710,256,1541,3109,17548,28593 max_stage2_delay_ms=50159.299540 compaction_batch_target=32 compaction_max_delay_ms=25.000000 stage2_rate_per_sec=224.703424 stage1_search_budget_exhausted=0 stage2_search_budget_exhausted=0 stage2_continuations=53948 stage2_remote_frontier_items=69922109 avg_stage2_remote_frontier=1296.101969 stage2_remote_expansions=1724934 avg_stage2_remote_expansions=31.974012 stage2_scored_candidates=121305209 avg_stage2_scored_candidates=2248.558037 stage2_graph_read_waves=381549 avg_stage2_expansions_per_graph_wave=4.520872 stage2_graph_unique_reads=1783697 stage2_graph_prefetch_issued=1254966 stage2_graph_prefetch_hits=1196203 stage2_graph_prefetch_wasted=58763 stage2_graph_prefetch_promotion_ratio=0.953176 stage2_graph_issue_width_current=16 stage2_vector_read_waves=824001 avg_stage2_scores_per_vector_wave=147.214881 stage2_vector_unique_reads=80317410 stage2_home_rpc_batches=608293 stage2_home_rpc_items=71052666 avg_stage2_home_rpc_batch=116.806647 stage2_home_score_rpc_batches=280567 stage2_home_score_rpc_items=69268969 stage2_home_score_rpc_queries=1654159 stage2_home_score_rpc_request_bytes=1844050824 stage2_home_score_rpc_response_bytes=2228781376 avg_stage2_home_score_queries_per_rpc=5.895772 avg_stage2_home_score_rpc_batch=246.889224 stage2_home_scored_neighbors=110252466 home_scores_per_expansion=1.551701 stage2_migrations=9202 home_match_rate=0.829428 stage2_final_edges=2051216 stage2_cross_edges_stage1_home=458751 stage2_cross_edges_final_home=288725 cross_edge_reduction_ratio=0.370628 failed=0 rpc_timeouts=0 reverse_aggregate_batches=0 reverse_aggregate_logical_requests=0 reverse_aggregate_ops=0 avg_reverse_aggregate_logicals=0.000000 avg_reverse_aggregate_ops=0.000000 max_backlog=24974 admission_window=65536 completion_outstanding=0 completion_incomplete=0 completed_behind_hole=0 completion_logical_full_failures=0 completion_physical_full_failures=0 pressure_yields=1770202 stage2_batches=6760 avg_stage2_batch_size=7.980473 packing_target_batch=8 packing_admit_queue_avg=11385.080178 packing_admit_queue_max=24974 packing_batch_1_7=40 packing_batch_8=6720 packing_assembly_batches=6760 packing_assembly_wait_ms=193023760.571287 packing_arrival_interval_us=25000 packing_waited_batches=40 packing_wait_ms=744.691000 packing_target_flushes=6720 packing_deadline_flushes=40 packing_cleanup_flushes=0 stage2_phase_search_attempts=6760 stage2_phase_search_task_attempts=53948 stage2_phase_search_elapsed_ms=5237085.472104 avg_stage2_phase_search_us_per_task=97076.545416 stage2_phase_freeze_prune_attempts=8390 stage2_phase_freeze_prune_task_attempts=66977 stage2_phase_freeze_prune_elapsed_ms=176375.223435 avg_stage2_phase_freeze_prune_us_per_task=2633.370014 stage2_phase_reverse_prepare_attempts=6760 stage2_phase_reverse_prepare_task_attempts=53948 stage2_phase_reverse_prepare_elapsed_ms=634409.989241 avg_stage2_phase_reverse_prepare_us_per_task=11759.657248 stage2_phase_placement_authority_attempts=6760 stage2_phase_placement_authority_task_attempts=53948 stage2_phase_placement_authority_elapsed_ms=189371.571845 avg_stage2_phase_placement_authority_us_per_task=3510.261212 stage2_phase_completion_handoff_attempts=6760 stage2_phase_completion_handoff_task_attempts=53948 stage2_phase_completion_handoff_elapsed_ms=14.578691 avg_stage2_phase_completion_handoff_us_per_task=0.270236 stage2_phase_finalize_attempts=6760 stage2_phase_finalize_task_attempts=53948 stage2_phase_finalize_elapsed_ms=73.998878 avg_stage2_phase_finalize_us_per_task=1.371670 maintenance_worker_idle_waits=1409920 maintenance_worker_idle_ms=1175264.365163 maintenance_lost_wake_avoided=438933 maintenance_targeted_wakes=5884174 maintenance_generic_wakes=27072 maintenance_broadcast_wakes=0 maintenance_context_slots_scanned=20470992 maintenance_ready_notifications=1799159 maintenance_ready_stale_notifications=119 maintenance_ready_tickets_drained=1373931 maintenance_ready_overflow_scans=0 maintenance_ready_fallback_scans=1279724 stage2_search_lane_lease_limit=32 stage2_search_lane_lease_peak=32 stage2_search_lane_lease_blocked=59776 maintenance_worker_observed_idle_ratio=0.611899 maintenance_worker_observed_busy_ratio=0.388101 physical_stage1_items=53948 physical_stage1_total_ns=243720192642 physical_stage1_search_ns=228097478878 physical_stage1_prune_ns=8731811750 physical_stage1_allocate_write_ns=5099627567 physical_stage1_backlink_ns=1155775709 physical_stage1_candidates=6902789 physical_stage1_remote_frontier_items=69922109 physical_stage1_neighbors=2004209 peer_stage1_enqueued=41797 peer_stage1_processed=41797 peer_stage1_items=86222 avg_peer_stage1_items=2.062875 peer_stage1_rate_per_sec=359.130620 peer_stage1_max_queue=47 peer_stage1_active_workers=0 peer_stage2_home_enqueued=480909 peer_stage2_home_processed=480909 peer_stage2_home_items=57181540 avg_peer_stage2_home_items=118.903036 peer_stage2_home_max_queue=40 peer_stage2_home_response_queue_drops=0 peer_stage2_home_response_send_wait_ms=12872.404279 avg_peer_stage2_home_queue_wait_us=60.162535 avg_peer_stage2_home_execution_us=76.682748 peer_stage1_release_deferred_batches=142 peer_stage1_release_deferred_items=255 peer_stage1_duplicate_retry_responses=0 peer_stage1_admission_retry_responses=0 peer_stage1_retry_response_drops=0 peer_stage1_admission_waiters=0 peer_stage1_admission_waiter_items=0 peer_stage1_admission_owned_items=0 peer_stage1_admission_wake_coverage=0 peer_stage1_admission_parked=0 peer_stage1_admission_woken=0 peer_stage1_admission_reparked=0 peer_stage1_max_admission_waiters=0 peer_stage1_duplicate_coalesced=34 peer_reverse_enqueued=24014 peer_reverse_processed=24014 peer_reverse_remaining=0 peer_reverse_items_enqueued=393173 peer_reverse_items_processed=393173 peer_reverse_rate_per_sec=1637.638457 peer_reverse_failed=53 peer_reverse_max_queue=55 reclaim_pending=0 reclaim_reused=9202 dynamic_high_watermark=20034232800 stage2_remaining=0 cleanup_remaining=0 active_contexts=0 active_context_limit=48 repair_remaining=0 remaining=0
[STATUS]: storage-owner maintenance observation: enqueued=53948 stage2_enqueued=53948 cleanup_enqueued=0 stage2_tasks_done=53948 stage2_finalized_live=53948 cleanup_processed=0 stale=0 stage2_completion_ratio=1.000000 live_stage2_completion_ratio=1.000000 avg_stage2_delay_ms=29544.204378 p99_stage2_delay_upper_ms=30000.000000 p99_stage2_delay_over_30s=true stage2_delay_histogram=0,0,0,0,0,0,41,205,183,127,301,334,1710,256,1541,3109,17548,28593 max_stage2_delay_ms=50159.299540 compaction_batch_target=32 compaction_max_delay_ms=25.000000 stage2_rate_per_sec=220.117612 stage1_search_budget_exhausted=0 stage2_search_budget_exhausted=0 stage2_continuations=53948 stage2_remote_frontier_items=69922109 avg_stage2_remote_frontier=1296.101969 stage2_remote_expansions=1724934 avg_stage2_remote_expansions=31.974012 stage2_scored_candidates=121305209 avg_stage2_scored_candidates=2248.558037 stage2_graph_read_waves=381549 avg_stage2_expansions_per_graph_wave=4.520872 stage2_graph_unique_reads=1783697 stage2_graph_prefetch_issued=1254966 stage2_graph_prefetch_hits=1196203 stage2_graph_prefetch_wasted=58763 stage2_graph_prefetch_promotion_ratio=0.953176 stage2_graph_issue_width_current=16 stage2_vector_read_waves=824001 avg_stage2_scores_per_vector_wave=147.214881 stage2_vector_unique_reads=80317410 stage2_home_rpc_batches=608293 stage2_home_rpc_items=71052666 avg_stage2_home_rpc_batch=116.806647 stage2_home_score_rpc_batches=280567 stage2_home_score_rpc_items=69268969 stage2_home_score_rpc_queries=1654159 stage2_home_score_rpc_request_bytes=1844050824 stage2_home_score_rpc_response_bytes=2228781376 avg_stage2_home_score_queries_per_rpc=5.895772 avg_stage2_home_score_rpc_batch=246.889224 stage2_home_scored_neighbors=110252466 home_scores_per_expansion=1.551701 stage2_migrations=9202 home_match_rate=0.829428 stage2_final_edges=2051216 stage2_cross_edges_stage1_home=458751 stage2_cross_edges_final_home=288725 cross_edge_reduction_ratio=0.370628 failed=0 rpc_timeouts=0 reverse_aggregate_batches=0 reverse_aggregate_logical_requests=0 reverse_aggregate_ops=0 avg_reverse_aggregate_logicals=0.000000 avg_reverse_aggregate_ops=0.000000 max_backlog=24974 admission_window=65536 completion_outstanding=0 completion_incomplete=0 completed_behind_hole=0 completion_logical_full_failures=0 completion_physical_full_failures=0 pressure_yields=1770202 stage2_batches=6760 avg_stage2_batch_size=7.980473 packing_target_batch=8 packing_admit_queue_avg=11385.080178 packing_admit_queue_max=24974 packing_batch_1_7=40 packing_batch_8=6720 packing_assembly_batches=6760 packing_assembly_wait_ms=193023760.571287 packing_arrival_interval_us=25000 packing_waited_batches=40 packing_wait_ms=744.691000 packing_target_flushes=6720 packing_deadline_flushes=40 packing_cleanup_flushes=0 stage2_phase_search_attempts=6760 stage2_phase_search_task_attempts=53948 stage2_phase_search_elapsed_ms=5237085.472104 avg_stage2_phase_search_us_per_task=97076.545416 stage2_phase_freeze_prune_attempts=8390 stage2_phase_freeze_prune_task_attempts=66977 stage2_phase_freeze_prune_elapsed_ms=176375.223435 avg_stage2_phase_freeze_prune_us_per_task=2633.370014 stage2_phase_reverse_prepare_attempts=6760 stage2_phase_reverse_prepare_task_attempts=53948 stage2_phase_reverse_prepare_elapsed_ms=634409.989241 avg_stage2_phase_reverse_prepare_us_per_task=11759.657248 stage2_phase_placement_authority_attempts=6760 stage2_phase_placement_authority_task_attempts=53948 stage2_phase_placement_authority_elapsed_ms=189371.571845 avg_stage2_phase_placement_authority_us_per_task=3510.261212 stage2_phase_completion_handoff_attempts=6760 stage2_phase_completion_handoff_task_attempts=53948 stage2_phase_completion_handoff_elapsed_ms=14.578691 avg_stage2_phase_completion_handoff_us_per_task=0.270236 stage2_phase_finalize_attempts=6760 stage2_phase_finalize_task_attempts=53948 stage2_phase_finalize_elapsed_ms=73.998878 avg_stage2_phase_finalize_us_per_task=1.371670 maintenance_worker_idle_waits=1413952 maintenance_worker_idle_ms=1215826.338695 maintenance_lost_wake_avoided=438933 maintenance_targeted_wakes=5884174 maintenance_generic_wakes=27072 maintenance_broadcast_wakes=0 maintenance_context_slots_scanned=20535504 maintenance_ready_notifications=1799159 maintenance_ready_stale_notifications=119 maintenance_ready_tickets_drained=1373931 maintenance_ready_overflow_scans=0 maintenance_ready_fallback_scans=1283700 stage2_search_lane_lease_limit=32 stage2_search_lane_lease_peak=32 stage2_search_lane_lease_blocked=59776 maintenance_worker_observed_idle_ratio=0.620099 maintenance_worker_observed_busy_ratio=0.379901 physical_stage1_items=53948 physical_stage1_total_ns=243720192642 physical_stage1_search_ns=228097478878 physical_stage1_prune_ns=8731811750 physical_stage1_allocate_write_ns=5099627567 physical_stage1_backlink_ns=1155775709 physical_stage1_candidates=6902789 physical_stage1_remote_frontier_items=69922109 physical_stage1_neighbors=2004209 peer_stage1_enqueued=41797 peer_stage1_processed=41797 peer_stage1_items=86222 avg_peer_stage1_items=2.062875 peer_stage1_rate_per_sec=351.801379 peer_stage1_max_queue=47 peer_stage1_active_workers=0 peer_stage2_home_enqueued=480909 peer_stage2_home_processed=480909 peer_stage2_home_items=57181540 avg_peer_stage2_home_items=118.903036 peer_stage2_home_max_queue=40 peer_stage2_home_response_queue_drops=0 peer_stage2_home_response_send_wait_ms=12872.404279 avg_peer_stage2_home_queue_wait_us=60.162535 avg_peer_stage2_home_execution_us=76.682748 peer_stage1_release_deferred_batches=142 peer_stage1_release_deferred_items=255 peer_stage1_duplicate_retry_responses=0 peer_stage1_admission_retry_responses=0 peer_stage1_retry_response_drops=0 peer_stage1_admission_waiters=0 peer_stage1_admission_waiter_items=0 peer_stage1_admission_owned_items=0 peer_stage1_admission_wake_coverage=0 peer_stage1_admission_parked=0 peer_stage1_admission_woken=0 peer_stage1_admission_reparked=0 peer_stage1_max_admission_waiters=0 peer_stage1_duplicate_coalesced=34 peer_reverse_enqueued=24014 peer_reverse_processed=24014 peer_reverse_remaining=0 peer_reverse_items_enqueued=393173 peer_reverse_items_processed=393173 peer_reverse_rate_per_sec=1604.217062 peer_reverse_failed=53 peer_reverse_max_queue=55 reclaim_pending=0 reclaim_reused=9202 dynamic_high_watermark=20034232800 stage2_remaining=0 cleanup_remaining=0 active_contexts=0 active_context_limit=48 repair_remaining=0 remaining=0
[STATUS]: storage-owner maintenance observation: enqueued=53948 stage2_enqueued=53948 cleanup_enqueued=0 stage2_tasks_done=53948 stage2_finalized_live=53948 cleanup_processed=0 stale=0 stage2_completion_ratio=1.000000 live_stage2_completion_ratio=1.000000 avg_stage2_delay_ms=29544.204378 p99_stage2_delay_upper_ms=30000.000000 p99_stage2_delay_over_30s=true stage2_delay_histogram=0,0,0,0,0,0,41,205,183,127,301,334,1710,256,1541,3109,17548,28593 max_stage2_delay_ms=50159.299540 compaction_batch_target=32 compaction_max_delay_ms=25.000000 stage2_rate_per_sec=215.715357 stage1_search_budget_exhausted=0 stage2_search_budget_exhausted=0 stage2_continuations=53948 stage2_remote_frontier_items=69922109 avg_stage2_remote_frontier=1296.101969 stage2_remote_expansions=1724934 avg_stage2_remote_expansions=31.974012 stage2_scored_candidates=121305209 avg_stage2_scored_candidates=2248.558037 stage2_graph_read_waves=381549 avg_stage2_expansions_per_graph_wave=4.520872 stage2_graph_unique_reads=1783697 stage2_graph_prefetch_issued=1254966 stage2_graph_prefetch_hits=1196203 stage2_graph_prefetch_wasted=58763 stage2_graph_prefetch_promotion_ratio=0.953176 stage2_graph_issue_width_current=16 stage2_vector_read_waves=824001 avg_stage2_scores_per_vector_wave=147.214881 stage2_vector_unique_reads=80317410 stage2_home_rpc_batches=608293 stage2_home_rpc_items=71052666 avg_stage2_home_rpc_batch=116.806647 stage2_home_score_rpc_batches=280567 stage2_home_score_rpc_items=69268969 stage2_home_score_rpc_queries=1654159 stage2_home_score_rpc_request_bytes=1844050824 stage2_home_score_rpc_response_bytes=2228781376 avg_stage2_home_score_queries_per_rpc=5.895772 avg_stage2_home_score_rpc_batch=246.889224 stage2_home_scored_neighbors=110252466 home_scores_per_expansion=1.551701 stage2_migrations=9202 home_match_rate=0.829428 stage2_final_edges=2051216 stage2_cross_edges_stage1_home=458751 stage2_cross_edges_final_home=288725 cross_edge_reduction_ratio=0.370628 failed=0 rpc_timeouts=0 reverse_aggregate_batches=0 reverse_aggregate_logical_requests=0 reverse_aggregate_ops=0 avg_reverse_aggregate_logicals=0.000000 avg_reverse_aggregate_ops=0.000000 max_backlog=24974 admission_window=65536 completion_outstanding=0 completion_incomplete=0 completed_behind_hole=0 completion_logical_full_failures=0 completion_physical_full_failures=0 pressure_yields=1770202 stage2_batches=6760 avg_stage2_batch_size=7.980473 packing_target_batch=8 packing_admit_queue_avg=11385.080178 packing_admit_queue_max=24974 packing_batch_1_7=40 packing_batch_8=6720 packing_assembly_batches=6760 packing_assembly_wait_ms=193023760.571287 packing_arrival_interval_us=25000 packing_waited_batches=40 packing_wait_ms=744.691000 packing_target_flushes=6720 packing_deadline_flushes=40 packing_cleanup_flushes=0 stage2_phase_search_attempts=6760 stage2_phase_search_task_attempts=53948 stage2_phase_search_elapsed_ms=5237085.472104 avg_stage2_phase_search_us_per_task=97076.545416 stage2_phase_freeze_prune_attempts=8390 stage2_phase_freeze_prune_task_attempts=66977 stage2_phase_freeze_prune_elapsed_ms=176375.223435 avg_stage2_phase_freeze_prune_us_per_task=2633.370014 stage2_phase_reverse_prepare_attempts=6760 stage2_phase_reverse_prepare_task_attempts=53948 stage2_phase_reverse_prepare_elapsed_ms=634409.989241 avg_stage2_phase_reverse_prepare_us_per_task=11759.657248 stage2_phase_placement_authority_attempts=6760 stage2_phase_placement_authority_task_attempts=53948 stage2_phase_placement_authority_elapsed_ms=189371.571845 avg_stage2_phase_placement_authority_us_per_task=3510.261212 stage2_phase_completion_handoff_attempts=6760 stage2_phase_completion_handoff_task_attempts=53948 stage2_phase_completion_handoff_elapsed_ms=14.578691 avg_stage2_phase_completion_handoff_us_per_task=0.270236 stage2_phase_finalize_attempts=6760 stage2_phase_finalize_task_attempts=53948 stage2_phase_finalize_elapsed_ms=73.998878 avg_stage2_phase_finalize_us_per_task=1.371670 maintenance_worker_idle_waits=1417984 maintenance_worker_idle_ms=1256390.407769 maintenance_lost_wake_avoided=438933 maintenance_targeted_wakes=5884174 maintenance_generic_wakes=27072 maintenance_broadcast_wakes=0 maintenance_context_slots_scanned=20600016 maintenance_ready_notifications=1799159 maintenance_ready_stale_notifications=119 maintenance_ready_tickets_drained=1373931 maintenance_ready_overflow_scans=0 maintenance_ready_fallback_scans=1287676 stage2_search_lane_lease_limit=32 stage2_search_lane_lease_peak=32 stage2_search_lane_lease_blocked=59776 maintenance_worker_observed_idle_ratio=0.627972 maintenance_worker_observed_busy_ratio=0.372028 physical_stage1_items=53948 physical_stage1_total_ns=243720192642 physical_stage1_search_ns=228097478878 physical_stage1_prune_ns=8731811750 physical_stage1_allocate_write_ns=5099627567 physical_stage1_backlink_ns=1155775709 physical_stage1_candidates=6902789 physical_stage1_remote_frontier_items=69922109 physical_stage1_neighbors=2004209 peer_stage1_enqueued=41797 peer_stage1_processed=41797 peer_stage1_items=86222 avg_peer_stage1_items=2.062875 peer_stage1_rate_per_sec=344.765506 peer_stage1_max_queue=47 peer_stage1_active_workers=0 peer_stage2_home_enqueued=480909 peer_stage2_home_processed=480909 peer_stage2_home_items=57181540 avg_peer_stage2_home_items=118.903036 peer_stage2_home_max_queue=40 peer_stage2_home_response_queue_drops=0 peer_stage2_home_response_send_wait_ms=12872.404279 avg_peer_stage2_home_queue_wait_us=60.162535 avg_peer_stage2_home_execution_us=76.682748 peer_stage1_release_deferred_batches=142 peer_stage1_release_deferred_items=255 peer_stage1_duplicate_retry_responses=0 peer_stage1_admission_retry_responses=0 peer_stage1_retry_response_drops=0 peer_stage1_admission_waiters=0 peer_stage1_admission_waiter_items=0 peer_stage1_admission_owned_items=0 peer_stage1_admission_wake_coverage=0 peer_stage1_admission_parked=0 peer_stage1_admission_woken=0 peer_stage1_admission_reparked=0 peer_stage1_max_admission_waiters=0 peer_stage1_duplicate_coalesced=34 peer_reverse_enqueued=24014 peer_reverse_processed=24014 peer_reverse_remaining=0 peer_reverse_items_enqueued=393173 peer_reverse_items_processed=393173 peer_reverse_rate_per_sec=1572.133427 peer_reverse_failed=53 peer_reverse_max_queue=55 reclaim_pending=0 reclaim_reused=9202 dynamic_high_watermark=20034232800 stage2_remaining=0 cleanup_remaining=0 active_contexts=0 active_context_limit=48 repair_remaining=0 remaining=0
[STATUS]: storage-owner maintenance observation: enqueued=53948 stage2_enqueued=53948 cleanup_enqueued=0 stage2_tasks_done=53948 stage2_finalized_live=53948 cleanup_processed=0 stale=0 stage2_completion_ratio=1.000000 live_stage2_completion_ratio=1.000000 avg_stage2_delay_ms=29544.204378 p99_stage2_delay_upper_ms=30000.000000 p99_stage2_delay_over_30s=true stage2_delay_histogram=0,0,0,0,0,0,41,205,183,127,301,334,1710,256,1541,3109,17548,28593 max_stage2_delay_ms=50159.299540 compaction_batch_target=32 compaction_max_delay_ms=25.000000 stage2_rate_per_sec=211.487017 stage1_search_budget_exhausted=0 stage2_search_budget_exhausted=0 stage2_continuations=53948 stage2_remote_frontier_items=69922109 avg_stage2_remote_frontier=1296.101969 stage2_remote_expansions=1724934 avg_stage2_remote_expansions=31.974012 stage2_scored_candidates=121305209 avg_stage2_scored_candidates=2248.558037 stage2_graph_read_waves=381549 avg_stage2_expansions_per_graph_wave=4.520872 stage2_graph_unique_reads=1783697 stage2_graph_prefetch_issued=1254966 stage2_graph_prefetch_hits=1196203 stage2_graph_prefetch_wasted=58763 stage2_graph_prefetch_promotion_ratio=0.953176 stage2_graph_issue_width_current=16 stage2_vector_read_waves=824001 avg_stage2_scores_per_vector_wave=147.214881 stage2_vector_unique_reads=80317410 stage2_home_rpc_batches=608293 stage2_home_rpc_items=71052666 avg_stage2_home_rpc_batch=116.806647 stage2_home_score_rpc_batches=280567 stage2_home_score_rpc_items=69268969 stage2_home_score_rpc_queries=1654159 stage2_home_score_rpc_request_bytes=1844050824 stage2_home_score_rpc_response_bytes=2228781376 avg_stage2_home_score_queries_per_rpc=5.895772 avg_stage2_home_score_rpc_batch=246.889224 stage2_home_scored_neighbors=110252466 home_scores_per_expansion=1.551701 stage2_migrations=9202 home_match_rate=0.829428 stage2_final_edges=2051216 stage2_cross_edges_stage1_home=458751 stage2_cross_edges_final_home=288725 cross_edge_reduction_ratio=0.370628 failed=0 rpc_timeouts=0 reverse_aggregate_batches=0 reverse_aggregate_logical_requests=0 reverse_aggregate_ops=0 avg_reverse_aggregate_logicals=0.000000 avg_reverse_aggregate_ops=0.000000 max_backlog=24974 admission_window=65536 completion_outstanding=0 completion_incomplete=0 completed_behind_hole=0 completion_logical_full_failures=0 completion_physical_full_failures=0 pressure_yields=1770202 stage2_batches=6760 avg_stage2_batch_size=7.980473 packing_target_batch=8 packing_admit_queue_avg=11385.080178 packing_admit_queue_max=24974 packing_batch_1_7=40 packing_batch_8=6720 packing_assembly_batches=6760 packing_assembly_wait_ms=193023760.571287 packing_arrival_interval_us=25000 packing_waited_batches=40 packing_wait_ms=744.691000 packing_target_flushes=6720 packing_deadline_flushes=40 packing_cleanup_flushes=0 stage2_phase_search_attempts=6760 stage2_phase_search_task_attempts=53948 stage2_phase_search_elapsed_ms=5237085.472104 avg_stage2_phase_search_us_per_task=97076.545416 stage2_phase_freeze_prune_attempts=8390 stage2_phase_freeze_prune_task_attempts=66977 stage2_phase_freeze_prune_elapsed_ms=176375.223435 avg_stage2_phase_freeze_prune_us_per_task=2633.370014 stage2_phase_reverse_prepare_attempts=6760 stage2_phase_reverse_prepare_task_attempts=53948 stage2_phase_reverse_prepare_elapsed_ms=634409.989241 avg_stage2_phase_reverse_prepare_us_per_task=11759.657248 stage2_phase_placement_authority_attempts=6760 stage2_phase_placement_authority_task_attempts=53948 stage2_phase_placement_authority_elapsed_ms=189371.571845 avg_stage2_phase_placement_authority_us_per_task=3510.261212 stage2_phase_completion_handoff_attempts=6760 stage2_phase_completion_handoff_task_attempts=53948 stage2_phase_completion_handoff_elapsed_ms=14.578691 avg_stage2_phase_completion_handoff_us_per_task=0.270236 stage2_phase_finalize_attempts=6760 stage2_phase_finalize_task_attempts=53948 stage2_phase_finalize_elapsed_ms=73.998878 avg_stage2_phase_finalize_us_per_task=1.371670 maintenance_worker_idle_waits=1421824 maintenance_worker_idle_ms=1295021.246673 maintenance_lost_wake_avoided=438933 maintenance_targeted_wakes=5884174 maintenance_generic_wakes=27072 maintenance_broadcast_wakes=0 maintenance_context_slots_scanned=20661456 maintenance_ready_notifications=1799159 maintenance_ready_stale_notifications=119 maintenance_ready_tickets_drained=1373931 maintenance_ready_overflow_scans=0 maintenance_ready_fallback_scans=1291651 stage2_search_lane_lease_limit=32 stage2_search_lane_lease_peak=32 stage2_search_lane_lease_blocked=59776 maintenance_worker_observed_idle_ratio=0.634593 maintenance_worker_observed_busy_ratio=0.365407 physical_stage1_items=53948 physical_stage1_total_ns=243720192642 physical_stage1_search_ns=228097478878 physical_stage1_prune_ns=8731811750 physical_stage1_allocate_write_ns=5099627567 physical_stage1_backlink_ns=1155775709 physical_stage1_candidates=6902789 physical_stage1_remote_frontier_items=69922109 physical_stage1_neighbors=2004209 peer_stage1_enqueued=41797 peer_stage1_processed=41797 peer_stage1_items=86222 avg_peer_stage1_items=2.062875 peer_stage1_rate_per_sec=338.007593 peer_stage1_max_queue=47 peer_stage1_active_workers=0 peer_stage2_home_enqueued=480909 peer_stage2_home_processed=480909 peer_stage2_home_items=57181540 avg_peer_stage2_home_items=118.903036 peer_stage2_home_max_queue=40 peer_stage2_home_response_queue_drops=0 peer_stage2_home_response_send_wait_ms=12872.404279 avg_peer_stage2_home_queue_wait_us=60.162535 avg_peer_stage2_home_execution_us=76.682748 peer_stage1_release_deferred_batches=142 peer_stage1_release_deferred_items=255 peer_stage1_duplicate_retry_responses=0 peer_stage1_admission_retry_responses=0 peer_stage1_retry_response_drops=0 peer_stage1_admission_waiters=0 peer_stage1_admission_waiter_items=0 peer_stage1_admission_owned_items=0 peer_stage1_admission_wake_coverage=0 peer_stage1_admission_parked=0 peer_stage1_admission_woken=0 peer_stage1_admission_reparked=0 peer_stage1_max_admission_waiters=0 peer_stage1_duplicate_coalesced=34 peer_reverse_enqueued=24014 peer_reverse_processed=24014 peer_reverse_remaining=0 peer_reverse_items_enqueued=393173 peer_reverse_items_processed=393173 peer_reverse_rate_per_sec=1541.317289 peer_reverse_failed=53 peer_reverse_max_queue=55 reclaim_pending=0 reclaim_reused=9202 dynamic_high_watermark=20034232800 stage2_remaining=0 cleanup_remaining=0 active_contexts=0 active_context_limit=48 repair_remaining=0 remaining=0
[STATUS]: storage-owner maintenance observation: enqueued=53948 stage2_enqueued=53948 cleanup_enqueued=0 stage2_tasks_done=53948 stage2_finalized_live=53948 cleanup_processed=0 stale=0 stage2_completion_ratio=1.000000 live_stage2_completion_ratio=1.000000 avg_stage2_delay_ms=29544.204378 p99_stage2_delay_upper_ms=30000.000000 p99_stage2_delay_over_30s=true stage2_delay_histogram=0,0,0,0,0,0,41,205,183,127,301,334,1710,256,1541,3109,17548,28593 max_stage2_delay_ms=50159.299540 compaction_batch_target=32 compaction_max_delay_ms=25.000000 stage2_rate_per_sec=207.421138 stage1_search_budget_exhausted=0 stage2_search_budget_exhausted=0 stage2_continuations=53948 stage2_remote_frontier_items=69922109 avg_stage2_remote_frontier=1296.101969 stage2_remote_expansions=1724934 avg_stage2_remote_expansions=31.974012 stage2_scored_candidates=121305209 avg_stage2_scored_candidates=2248.558037 stage2_graph_read_waves=381549 avg_stage2_expansions_per_graph_wave=4.520872 stage2_graph_unique_reads=1783697 stage2_graph_prefetch_issued=1254966 stage2_graph_prefetch_hits=1196203 stage2_graph_prefetch_wasted=58763 stage2_graph_prefetch_promotion_ratio=0.953176 stage2_graph_issue_width_current=16 stage2_vector_read_waves=824001 avg_stage2_scores_per_vector_wave=147.214881 stage2_vector_unique_reads=80317410 stage2_home_rpc_batches=608293 stage2_home_rpc_items=71052666 avg_stage2_home_rpc_batch=116.806647 stage2_home_score_rpc_batches=280567 stage2_home_score_rpc_items=69268969 stage2_home_score_rpc_queries=1654159 stage2_home_score_rpc_request_bytes=1844050824 stage2_home_score_rpc_response_bytes=2228781376 avg_stage2_home_score_queries_per_rpc=5.895772 avg_stage2_home_score_rpc_batch=246.889224 stage2_home_scored_neighbors=110252466 home_scores_per_expansion=1.551701 stage2_migrations=9202 home_match_rate=0.829428 stage2_final_edges=2051216 stage2_cross_edges_stage1_home=458751 stage2_cross_edges_final_home=288725 cross_edge_reduction_ratio=0.370628 failed=0 rpc_timeouts=0 reverse_aggregate_batches=0 reverse_aggregate_logical_requests=0 reverse_aggregate_ops=0 avg_reverse_aggregate_logicals=0.000000 avg_reverse_aggregate_ops=0.000000 max_backlog=24974 admission_window=65536 completion_outstanding=0 completion_incomplete=0 completed_behind_hole=0 completion_logical_full_failures=0 completion_physical_full_failures=0 pressure_yields=1770202 stage2_batches=6760 avg_stage2_batch_size=7.980473 packing_target_batch=8 packing_admit_queue_avg=11385.080178 packing_admit_queue_max=24974 packing_batch_1_7=40 packing_batch_8=6720 packing_assembly_batches=6760 packing_assembly_wait_ms=193023760.571287 packing_arrival_interval_us=25000 packing_waited_batches=40 packing_wait_ms=744.691000 packing_target_flushes=6720 packing_deadline_flushes=40 packing_cleanup_flushes=0 stage2_phase_search_attempts=6760 stage2_phase_search_task_attempts=53948 stage2_phase_search_elapsed_ms=5237085.472104 avg_stage2_phase_search_us_per_task=97076.545416 stage2_phase_freeze_prune_attempts=8390 stage2_phase_freeze_prune_task_attempts=66977 stage2_phase_freeze_prune_elapsed_ms=176375.223435 avg_stage2_phase_freeze_prune_us_per_task=2633.370014 stage2_phase_reverse_prepare_attempts=6760 stage2_phase_reverse_prepare_task_attempts=53948 stage2_phase_reverse_prepare_elapsed_ms=634409.989241 avg_stage2_phase_reverse_prepare_us_per_task=11759.657248 stage2_phase_placement_authority_attempts=6760 stage2_phase_placement_authority_task_attempts=53948 stage2_phase_placement_authority_elapsed_ms=189371.571845 avg_stage2_phase_placement_authority_us_per_task=3510.261212 stage2_phase_completion_handoff_attempts=6760 stage2_phase_completion_handoff_task_attempts=53948 stage2_phase_completion_handoff_elapsed_ms=14.578691 avg_stage2_phase_completion_handoff_us_per_task=0.270236 stage2_phase_finalize_attempts=6760 stage2_phase_finalize_task_attempts=53948 stage2_phase_finalize_elapsed_ms=73.998878 avg_stage2_phase_finalize_us_per_task=1.371670 maintenance_worker_idle_waits=1425792 maintenance_worker_idle_ms=1334935.325968 maintenance_lost_wake_avoided=438933 maintenance_targeted_wakes=5884174 maintenance_generic_wakes=27072 maintenance_broadcast_wakes=0 maintenance_context_slots_scanned=20724944 maintenance_ready_notifications=1799159 maintenance_ready_stale_notifications=119 maintenance_ready_tickets_drained=1373931 maintenance_ready_overflow_scans=0 maintenance_ready_fallback_scans=1295626 stage2_search_lane_lease_limit=32 stage2_search_lane_lease_peak=32 stage2_search_lane_lease_blocked=59776 maintenance_worker_observed_idle_ratio=0.641576 maintenance_worker_observed_busy_ratio=0.358424 physical_stage1_items=53948 physical_stage1_total_ns=243720192642 physical_stage1_search_ns=228097478878 physical_stage1_prune_ns=8731811750 physical_stage1_allocate_write_ns=5099627567 physical_stage1_backlink_ns=1155775709 physical_stage1_candidates=6902789 physical_stage1_remote_frontier_items=69922109 physical_stage1_neighbors=2004209 peer_stage1_enqueued=41797 peer_stage1_processed=41797 peer_stage1_items=86222 avg_peer_stage1_items=2.062875 peer_stage1_rate_per_sec=331.509330 peer_stage1_max_queue=47 peer_stage1_active_workers=0 peer_stage2_home_enqueued=480909 peer_stage2_home_processed=480909 peer_stage2_home_items=57181540 avg_peer_stage2_home_items=118.903036 peer_stage2_home_max_queue=40 peer_stage2_home_response_queue_drops=0 peer_stage2_home_response_send_wait_ms=12872.404279 avg_peer_stage2_home_queue_wait_us=60.162535 avg_peer_stage2_home_execution_us=76.682748 peer_stage1_release_deferred_batches=142 peer_stage1_release_deferred_items=255 peer_stage1_duplicate_retry_responses=0 peer_stage1_admission_retry_responses=0 peer_stage1_retry_response_drops=0 peer_stage1_admission_waiters=0 peer_stage1_admission_waiter_items=0 peer_stage1_admission_owned_items=0 peer_stage1_admission_wake_coverage=0 peer_stage1_admission_parked=0 peer_stage1_admission_woken=0 peer_stage1_admission_reparked=0 peer_stage1_max_admission_waiters=0 peer_stage1_duplicate_coalesced=34 peer_reverse_enqueued=24014 peer_reverse_processed=24014 peer_reverse_remaining=0 peer_reverse_items_enqueued=393173 peer_reverse_items_processed=393173 peer_reverse_rate_per_sec=1511.685160 peer_reverse_failed=53 peer_reverse_max_queue=55 reclaim_pending=0 reclaim_reused=9202 dynamic_high_watermark=20034232800 stage2_remaining=0 cleanup_remaining=0 active_contexts=0 active_context_limit=48 repair_remaining=0 remaining=0
[STATUS]: storage-owner maintenance observation: enqueued=53948 stage2_enqueued=53948 cleanup_enqueued=0 stage2_tasks_done=53948 stage2_finalized_live=53948 cleanup_processed=0 stale=0 stage2_completion_ratio=1.000000 live_stage2_completion_ratio=1.000000 avg_stage2_delay_ms=29544.204378 p99_stage2_delay_upper_ms=30000.000000 p99_stage2_delay_over_30s=true stage2_delay_histogram=0,0,0,0,0,0,41,205,183,127,301,334,1710,256,1541,3109,17548,28593 max_stage2_delay_ms=50159.299540 compaction_batch_target=32 compaction_max_delay_ms=25.000000 stage2_rate_per_sec=203.508490 stage1_search_budget_exhausted=0 stage2_search_budget_exhausted=0 stage2_continuations=53948 stage2_remote_frontier_items=69922109 avg_stage2_remote_frontier=1296.101969 stage2_remote_expansions=1724934 avg_stage2_remote_expansions=31.974012 stage2_scored_candidates=121305209 avg_stage2_scored_candidates=2248.558037 stage2_graph_read_waves=381549 avg_stage2_expansions_per_graph_wave=4.520872 stage2_graph_unique_reads=1783697 stage2_graph_prefetch_issued=1254966 stage2_graph_prefetch_hits=1196203 stage2_graph_prefetch_wasted=58763 stage2_graph_prefetch_promotion_ratio=0.953176 stage2_graph_issue_width_current=16 stage2_vector_read_waves=824001 avg_stage2_scores_per_vector_wave=147.214881 stage2_vector_unique_reads=80317410 stage2_home_rpc_batches=608293 stage2_home_rpc_items=71052666 avg_stage2_home_rpc_batch=116.806647 stage2_home_score_rpc_batches=280567 stage2_home_score_rpc_items=69268969 stage2_home_score_rpc_queries=1654159 stage2_home_score_rpc_request_bytes=1844050824 stage2_home_score_rpc_response_bytes=2228781376 avg_stage2_home_score_queries_per_rpc=5.895772 avg_stage2_home_score_rpc_batch=246.889224 stage2_home_scored_neighbors=110252466 home_scores_per_expansion=1.551701 stage2_migrations=9202 home_match_rate=0.829428 stage2_final_edges=2051216 stage2_cross_edges_stage1_home=458751 stage2_cross_edges_final_home=288725 cross_edge_reduction_ratio=0.370628 failed=0 rpc_timeouts=0 reverse_aggregate_batches=0 reverse_aggregate_logical_requests=0 reverse_aggregate_ops=0 avg_reverse_aggregate_logicals=0.000000 avg_reverse_aggregate_ops=0.000000 max_backlog=24974 admission_window=65536 completion_outstanding=0 completion_incomplete=0 completed_behind_hole=0 completion_logical_full_failures=0 completion_physical_full_failures=0 pressure_yields=1770202 stage2_batches=6760 avg_stage2_batch_size=7.980473 packing_target_batch=8 packing_admit_queue_avg=11385.080178 packing_admit_queue_max=24974 packing_batch_1_7=40 packing_batch_8=6720 packing_assembly_batches=6760 packing_assembly_wait_ms=193023760.571287 packing_arrival_interval_us=25000 packing_waited_batches=40 packing_wait_ms=744.691000 packing_target_flushes=6720 packing_deadline_flushes=40 packing_cleanup_flushes=0 stage2_phase_search_attempts=6760 stage2_phase_search_task_attempts=53948 stage2_phase_search_elapsed_ms=5237085.472104 avg_stage2_phase_search_us_per_task=97076.545416 stage2_phase_freeze_prune_attempts=8390 stage2_phase_freeze_prune_task_attempts=66977 stage2_phase_freeze_prune_elapsed_ms=176375.223435 avg_stage2_phase_freeze_prune_us_per_task=2633.370014 stage2_phase_reverse_prepare_attempts=6760 stage2_phase_reverse_prepare_task_attempts=53948 stage2_phase_reverse_prepare_elapsed_ms=634409.989241 avg_stage2_phase_reverse_prepare_us_per_task=11759.657248 stage2_phase_placement_authority_attempts=6760 stage2_phase_placement_authority_task_attempts=53948 stage2_phase_placement_authority_elapsed_ms=189371.571845 avg_stage2_phase_placement_authority_us_per_task=3510.261212 stage2_phase_completion_handoff_attempts=6760 stage2_phase_completion_handoff_task_attempts=53948 stage2_phase_completion_handoff_elapsed_ms=14.578691 avg_stage2_phase_completion_handoff_us_per_task=0.270236 stage2_phase_finalize_attempts=6760 stage2_phase_finalize_task_attempts=53948 stage2_phase_finalize_elapsed_ms=73.998878 avg_stage2_phase_finalize_us_per_task=1.371670 maintenance_worker_idle_waits=1429824 maintenance_worker_idle_ms=1375501.872265 maintenance_lost_wake_avoided=438933 maintenance_targeted_wakes=5884174 maintenance_generic_wakes=27072 maintenance_broadcast_wakes=0 maintenance_context_slots_scanned=20789456 maintenance_ready_notifications=1799159 maintenance_ready_stale_notifications=119 maintenance_ready_tickets_drained=1373931 maintenance_ready_overflow_scans=0 maintenance_ready_fallback_scans=1299601 stage2_search_lane_lease_limit=32 stage2_search_lane_lease_peak=32 stage2_search_lane_lease_blocked=59776 maintenance_worker_observed_idle_ratio=0.648602 maintenance_worker_observed_busy_ratio=0.351398 physical_stage1_items=53948 physical_stage1_total_ns=243720192642 physical_stage1_search_ns=228097478878 physical_stage1_prune_ns=8731811750 physical_stage1_allocate_write_ns=5099627567 physical_stage1_backlink_ns=1155775709 physical_stage1_candidates=6902789 physical_stage1_remote_frontier_items=69922109 physical_stage1_neighbors=2004209 peer_stage1_enqueued=41797 peer_stage1_processed=41797 peer_stage1_items=86222 avg_peer_stage1_items=2.062875 peer_stage1_rate_per_sec=325.255970 peer_stage1_max_queue=47 peer_stage1_active_workers=0 peer_stage2_home_enqueued=480909 peer_stage2_home_processed=480909 peer_stage2_home_items=57181540 avg_peer_stage2_home_items=118.903036 peer_stage2_home_max_queue=40 peer_stage2_home_response_queue_drops=0 peer_stage2_home_response_send_wait_ms=12872.404279 avg_peer_stage2_home_queue_wait_us=60.162535 avg_peer_stage2_home_execution_us=76.682748 peer_stage1_release_deferred_batches=142 peer_stage1_release_deferred_items=255 peer_stage1_duplicate_retry_responses=0 peer_stage1_admission_retry_responses=0 peer_stage1_retry_response_drops=0 peer_stage1_admission_waiters=0 peer_stage1_admission_waiter_items=0 peer_stage1_admission_owned_items=0 peer_stage1_admission_wake_coverage=0 peer_stage1_admission_parked=0 peer_stage1_admission_woken=0 peer_stage1_admission_reparked=0 peer_stage1_max_admission_waiters=0 peer_stage1_duplicate_coalesced=34 peer_reverse_enqueued=24014 peer_reverse_processed=24014 peer_reverse_remaining=0 peer_reverse_items_enqueued=393173 peer_reverse_items_processed=393173 peer_reverse_rate_per_sec=1483.169787 peer_reverse_failed=53 peer_reverse_max_queue=55 reclaim_pending=0 reclaim_reused=9202 dynamic_high_watermark=20034232800 stage2_remaining=0 cleanup_remaining=0 active_contexts=0 active_context_limit=48 repair_remaining=0 remaining=0
[STATUS]: storage-owner maintenance observation: enqueued=53948 stage2_enqueued=53948 cleanup_enqueued=0 stage2_tasks_done=53948 stage2_finalized_live=53948 cleanup_processed=0 stale=0 stage2_completion_ratio=1.000000 live_stage2_completion_ratio=1.000000 avg_stage2_delay_ms=29544.204378 p99_stage2_delay_upper_ms=30000.000000 p99_stage2_delay_over_30s=true stage2_delay_histogram=0,0,0,0,0,0,41,205,183,127,301,334,1710,256,1541,3109,17548,28593 max_stage2_delay_ms=50159.299540 compaction_batch_target=32 compaction_max_delay_ms=25.000000 stage2_rate_per_sec=199.740984 stage1_search_budget_exhausted=0 stage2_search_budget_exhausted=0 stage2_continuations=53948 stage2_remote_frontier_items=69922109 avg_stage2_remote_frontier=1296.101969 stage2_remote_expansions=1724934 avg_stage2_remote_expansions=31.974012 stage2_scored_candidates=121305209 avg_stage2_scored_candidates=2248.558037 stage2_graph_read_waves=381549 avg_stage2_expansions_per_graph_wave=4.520872 stage2_graph_unique_reads=1783697 stage2_graph_prefetch_issued=1254966 stage2_graph_prefetch_hits=1196203 stage2_graph_prefetch_wasted=58763 stage2_graph_prefetch_promotion_ratio=0.953176 stage2_graph_issue_width_current=16 stage2_vector_read_waves=824001 avg_stage2_scores_per_vector_wave=147.214881 stage2_vector_unique_reads=80317410 stage2_home_rpc_batches=608293 stage2_home_rpc_items=71052666 avg_stage2_home_rpc_batch=116.806647 stage2_home_score_rpc_batches=280567 stage2_home_score_rpc_items=69268969 stage2_home_score_rpc_queries=1654159 stage2_home_score_rpc_request_bytes=1844050824 stage2_home_score_rpc_response_bytes=2228781376 avg_stage2_home_score_queries_per_rpc=5.895772 avg_stage2_home_score_rpc_batch=246.889224 stage2_home_scored_neighbors=110252466 home_scores_per_expansion=1.551701 stage2_migrations=9202 home_match_rate=0.829428 stage2_final_edges=2051216 stage2_cross_edges_stage1_home=458751 stage2_cross_edges_final_home=288725 cross_edge_reduction_ratio=0.370628 failed=0 rpc_timeouts=0 reverse_aggregate_batches=0 reverse_aggregate_logical_requests=0 reverse_aggregate_ops=0 avg_reverse_aggregate_logicals=0.000000 avg_reverse_aggregate_ops=0.000000 max_backlog=24974 admission_window=65536 completion_outstanding=0 completion_incomplete=0 completed_behind_hole=0 completion_logical_full_failures=0 completion_physical_full_failures=0 pressure_yields=1770202 stage2_batches=6760 avg_stage2_batch_size=7.980473 packing_target_batch=8 packing_admit_queue_avg=11385.080178 packing_admit_queue_max=24974 packing_batch_1_7=40 packing_batch_8=6720 packing_assembly_batches=6760 packing_assembly_wait_ms=193023760.571287 packing_arrival_interval_us=25000 packing_waited_batches=40 packing_wait_ms=744.691000 packing_target_flushes=6720 packing_deadline_flushes=40 packing_cleanup_flushes=0 stage2_phase_search_attempts=6760 stage2_phase_search_task_attempts=53948 stage2_phase_search_elapsed_ms=5237085.472104 avg_stage2_phase_search_us_per_task=97076.545416 stage2_phase_freeze_prune_attempts=8390 stage2_phase_freeze_prune_task_attempts=66977 stage2_phase_freeze_prune_elapsed_ms=176375.223435 avg_stage2_phase_freeze_prune_us_per_task=2633.370014 stage2_phase_reverse_prepare_attempts=6760 stage2_phase_reverse_prepare_task_attempts=53948 stage2_phase_reverse_prepare_elapsed_ms=634409.989241 avg_stage2_phase_reverse_prepare_us_per_task=11759.657248 stage2_phase_placement_authority_attempts=6760 stage2_phase_placement_authority_task_attempts=53948 stage2_phase_placement_authority_elapsed_ms=189371.571845 avg_stage2_phase_placement_authority_us_per_task=3510.261212 stage2_phase_completion_handoff_attempts=6760 stage2_phase_completion_handoff_task_attempts=53948 stage2_phase_completion_handoff_elapsed_ms=14.578691 avg_stage2_phase_completion_handoff_us_per_task=0.270236 stage2_phase_finalize_attempts=6760 stage2_phase_finalize_task_attempts=53948 stage2_phase_finalize_elapsed_ms=73.998878 avg_stage2_phase_finalize_us_per_task=1.371670 maintenance_worker_idle_waits=1433856 maintenance_worker_idle_ms=1416059.849828 maintenance_lost_wake_avoided=438933 maintenance_targeted_wakes=5884174 maintenance_generic_wakes=27072 maintenance_broadcast_wakes=0 maintenance_context_slots_scanned=20853968 maintenance_ready_notifications=1799159 maintenance_ready_stale_notifications=119 maintenance_ready_tickets_drained=1373931 maintenance_ready_overflow_scans=0 maintenance_ready_fallback_scans=1303576 stage2_search_lane_lease_limit=32 stage2_search_lane_lease_peak=32 stage2_search_lane_lease_blocked=59776 maintenance_worker_observed_idle_ratio=0.655365 maintenance_worker_observed_busy_ratio=0.344635 physical_stage1_items=53948 physical_stage1_total_ns=243720192642 physical_stage1_search_ns=228097478878 physical_stage1_prune_ns=8731811750 physical_stage1_allocate_write_ns=5099627567 physical_stage1_backlink_ns=1155775709 physical_stage1_candidates=6902789 physical_stage1_remote_frontier_items=69922109 physical_stage1_neighbors=2004209 peer_stage1_enqueued=41797 peer_stage1_processed=41797 peer_stage1_items=86222 avg_peer_stage1_items=2.062875 peer_stage1_rate_per_sec=319.234579 peer_stage1_max_queue=47 peer_stage1_active_workers=0 peer_stage2_home_enqueued=480909 peer_stage2_home_processed=480909 peer_stage2_home_items=57181540 avg_peer_stage2_home_items=118.903036 peer_stage2_home_max_queue=40 peer_stage2_home_response_queue_drops=0 peer_stage2_home_response_send_wait_ms=12872.404279 avg_peer_stage2_home_queue_wait_us=60.162535 avg_peer_stage2_home_execution_us=76.682748 peer_stage1_release_deferred_batches=142 peer_stage1_release_deferred_items=255 peer_stage1_duplicate_retry_responses=0 peer_stage1_admission_retry_responses=0 peer_stage1_retry_response_drops=0 peer_stage1_admission_waiters=0 peer_stage1_admission_waiter_items=0 peer_stage1_admission_owned_items=0 peer_stage1_admission_wake_coverage=0 peer_stage1_admission_parked=0 peer_stage1_admission_woken=0 peer_stage1_admission_reparked=0 peer_stage1_max_admission_waiters=0 peer_stage1_duplicate_coalesced=34 peer_reverse_enqueued=24014 peer_reverse_processed=24014 peer_reverse_remaining=0 peer_reverse_items_enqueued=393173 peer_reverse_items_processed=393173 peer_reverse_rate_per_sec=1455.712200 peer_reverse_failed=53 peer_reverse_max_queue=55 reclaim_pending=0 reclaim_reused=9202 dynamic_high_watermark=20034232800 stage2_remaining=0 cleanup_remaining=0 active_contexts=0 active_context_limit=48 repair_remaining=0 remaining=0
[STATUS]: storage-owner maintenance observation: enqueued=53948 stage2_enqueued=53948 cleanup_enqueued=0 stage2_tasks_done=53948 stage2_finalized_live=53948 cleanup_processed=0 stale=0 stage2_completion_ratio=1.000000 live_stage2_completion_ratio=1.000000 avg_stage2_delay_ms=29544.204378 p99_stage2_delay_upper_ms=30000.000000 p99_stage2_delay_over_30s=true stage2_delay_histogram=0,0,0,0,0,0,41,205,183,127,301,334,1710,256,1541,3109,17548,28593 max_stage2_delay_ms=50159.299540 compaction_batch_target=32 compaction_max_delay_ms=25.000000 stage2_rate_per_sec=196.110296 stage1_search_budget_exhausted=0 stage2_search_budget_exhausted=0 stage2_continuations=53948 stage2_remote_frontier_items=69922109 avg_stage2_remote_frontier=1296.101969 stage2_remote_expansions=1724934 avg_stage2_remote_expansions=31.974012 stage2_scored_candidates=121305209 avg_stage2_scored_candidates=2248.558037 stage2_graph_read_waves=381549 avg_stage2_expansions_per_graph_wave=4.520872 stage2_graph_unique_reads=1783697 stage2_graph_prefetch_issued=1254966 stage2_graph_prefetch_hits=1196203 stage2_graph_prefetch_wasted=58763 stage2_graph_prefetch_promotion_ratio=0.953176 stage2_graph_issue_width_current=16 stage2_vector_read_waves=824001 avg_stage2_scores_per_vector_wave=147.214881 stage2_vector_unique_reads=80317410 stage2_home_rpc_batches=608293 stage2_home_rpc_items=71052666 avg_stage2_home_rpc_batch=116.806647 stage2_home_score_rpc_batches=280567 stage2_home_score_rpc_items=69268969 stage2_home_score_rpc_queries=1654159 stage2_home_score_rpc_request_bytes=1844050824 stage2_home_score_rpc_response_bytes=2228781376 avg_stage2_home_score_queries_per_rpc=5.895772 avg_stage2_home_score_rpc_batch=246.889224 stage2_home_scored_neighbors=110252466 home_scores_per_expansion=1.551701 stage2_migrations=9202 home_match_rate=0.829428 stage2_final_edges=2051216 stage2_cross_edges_stage1_home=458751 stage2_cross_edges_final_home=288725 cross_edge_reduction_ratio=0.370628 failed=0 rpc_timeouts=0 reverse_aggregate_batches=0 reverse_aggregate_logical_requests=0 reverse_aggregate_ops=0 avg_reverse_aggregate_logicals=0.000000 avg_reverse_aggregate_ops=0.000000 max_backlog=24974 admission_window=65536 completion_outstanding=0 completion_incomplete=0 completed_behind_hole=0 completion_logical_full_failures=0 completion_physical_full_failures=0 pressure_yields=1770202 stage2_batches=6760 avg_stage2_batch_size=7.980473 packing_target_batch=8 packing_admit_queue_avg=11385.080178 packing_admit_queue_max=24974 packing_batch_1_7=40 packing_batch_8=6720 packing_assembly_batches=6760 packing_assembly_wait_ms=193023760.571287 packing_arrival_interval_us=25000 packing_waited_batches=40 packing_wait_ms=744.691000 packing_target_flushes=6720 packing_deadline_flushes=40 packing_cleanup_flushes=0 stage2_phase_search_attempts=6760 stage2_phase_search_task_attempts=53948 stage2_phase_search_elapsed_ms=5237085.472104 avg_stage2_phase_search_us_per_task=97076.545416 stage2_phase_freeze_prune_attempts=8390 stage2_phase_freeze_prune_task_attempts=66977 stage2_phase_freeze_prune_elapsed_ms=176375.223435 avg_stage2_phase_freeze_prune_us_per_task=2633.370014 stage2_phase_reverse_prepare_attempts=6760 stage2_phase_reverse_prepare_task_attempts=53948 stage2_phase_reverse_prepare_elapsed_ms=634409.989241 avg_stage2_phase_reverse_prepare_us_per_task=11759.657248 stage2_phase_placement_authority_attempts=6760 stage2_phase_placement_authority_task_attempts=53948 stage2_phase_placement_authority_elapsed_ms=189371.571845 avg_stage2_phase_placement_authority_us_per_task=3510.261212 stage2_phase_completion_handoff_attempts=6760 stage2_phase_completion_handoff_task_attempts=53948 stage2_phase_completion_handoff_elapsed_ms=14.578691 avg_stage2_phase_completion_handoff_us_per_task=0.270236 stage2_phase_finalize_attempts=6760 stage2_phase_finalize_task_attempts=53948 stage2_phase_finalize_elapsed_ms=73.998878 avg_stage2_phase_finalize_us_per_task=1.371670 maintenance_worker_idle_waits=1437760 maintenance_worker_idle_ms=1455330.807717 maintenance_lost_wake_avoided=438933 maintenance_targeted_wakes=5884174 maintenance_generic_wakes=27072 maintenance_broadcast_wakes=0 maintenance_context_slots_scanned=20916432 maintenance_ready_notifications=1799159 maintenance_ready_stale_notifications=119 maintenance_ready_tickets_drained=1373931 maintenance_ready_overflow_scans=0 maintenance_ready_fallback_scans=1307551 stage2_search_lane_lease_limit=32 stage2_search_lane_lease_peak=32 stage2_search_lane_lease_blocked=59776 maintenance_worker_observed_idle_ratio=0.661297 maintenance_worker_observed_busy_ratio=0.338703 physical_stage1_items=53948 physical_stage1_total_ns=243720192642 physical_stage1_search_ns=228097478878 physical_stage1_prune_ns=8731811750 physical_stage1_allocate_write_ns=5099627567 physical_stage1_backlink_ns=1155775709 physical_stage1_candidates=6902789 physical_stage1_remote_frontier_items=69922109 physical_stage1_neighbors=2004209 peer_stage1_enqueued=41797 peer_stage1_processed=41797 peer_stage1_items=86222 avg_peer_stage1_items=2.062875 peer_stage1_rate_per_sec=313.431860 peer_stage1_max_queue=47 peer_stage1_active_workers=0 peer_stage2_home_enqueued=480909 peer_stage2_home_processed=480909 peer_stage2_home_items=57181540 avg_peer_stage2_home_items=118.903036 peer_stage2_home_max_queue=40 peer_stage2_home_response_queue_drops=0 peer_stage2_home_response_send_wait_ms=12872.404279 avg_peer_stage2_home_queue_wait_us=60.162535 avg_peer_stage2_home_execution_us=76.682748 peer_stage1_release_deferred_batches=142 peer_stage1_release_deferred_items=255 peer_stage1_duplicate_retry_responses=0 peer_stage1_admission_retry_responses=0 peer_stage1_retry_response_drops=0 peer_stage1_admission_waiters=0 peer_stage1_admission_waiter_items=0 peer_stage1_admission_owned_items=0 peer_stage1_admission_wake_coverage=0 peer_stage1_admission_parked=0 peer_stage1_admission_woken=0 peer_stage1_admission_reparked=0 peer_stage1_max_admission_waiters=0 peer_stage1_duplicate_coalesced=34 peer_reverse_enqueued=24014 peer_reverse_processed=24014 peer_reverse_remaining=0 peer_reverse_items_enqueued=393173 peer_reverse_items_processed=393173 peer_reverse_rate_per_sec=1429.251753 peer_reverse_failed=53 peer_reverse_max_queue=55 reclaim_pending=0 reclaim_reused=9202 dynamic_high_watermark=20034232800 stage2_remaining=0 cleanup_remaining=0 active_contexts=0 active_context_limit=48 repair_remaining=0 remaining=0
[STATUS]: storage-owner maintenance observation: enqueued=53948 stage2_enqueued=53948 cleanup_enqueued=0 stage2_tasks_done=53948 stage2_finalized_live=53948 cleanup_processed=0 stale=0 stage2_completion_ratio=1.000000 live_stage2_completion_ratio=1.000000 avg_stage2_delay_ms=29544.204378 p99_stage2_delay_upper_ms=30000.000000 p99_stage2_delay_over_30s=true stage2_delay_histogram=0,0,0,0,0,0,41,205,183,127,301,334,1710,256,1541,3109,17548,28593 max_stage2_delay_ms=50159.299540 compaction_batch_target=32 compaction_max_delay_ms=25.000000 stage2_rate_per_sec=192.609434 stage1_search_budget_exhausted=0 stage2_search_budget_exhausted=0 stage2_continuations=53948 stage2_remote_frontier_items=69922109 avg_stage2_remote_frontier=1296.101969 stage2_remote_expansions=1724934 avg_stage2_remote_expansions=31.974012 stage2_scored_candidates=121305209 avg_stage2_scored_candidates=2248.558037 stage2_graph_read_waves=381549 avg_stage2_expansions_per_graph_wave=4.520872 stage2_graph_unique_reads=1783697 stage2_graph_prefetch_issued=1254966 stage2_graph_prefetch_hits=1196203 stage2_graph_prefetch_wasted=58763 stage2_graph_prefetch_promotion_ratio=0.953176 stage2_graph_issue_width_current=16 stage2_vector_read_waves=824001 avg_stage2_scores_per_vector_wave=147.214881 stage2_vector_unique_reads=80317410 stage2_home_rpc_batches=608293 stage2_home_rpc_items=71052666 avg_stage2_home_rpc_batch=116.806647 stage2_home_score_rpc_batches=280567 stage2_home_score_rpc_items=69268969 stage2_home_score_rpc_queries=1654159 stage2_home_score_rpc_request_bytes=1844050824 stage2_home_score_rpc_response_bytes=2228781376 avg_stage2_home_score_queries_per_rpc=5.895772 avg_stage2_home_score_rpc_batch=246.889224 stage2_home_scored_neighbors=110252466 home_scores_per_expansion=1.551701 stage2_migrations=9202 home_match_rate=0.829428 stage2_final_edges=2051216 stage2_cross_edges_stage1_home=458751 stage2_cross_edges_final_home=288725 cross_edge_reduction_ratio=0.370628 failed=0 rpc_timeouts=0 reverse_aggregate_batches=0 reverse_aggregate_logical_requests=0 reverse_aggregate_ops=0 avg_reverse_aggregate_logicals=0.000000 avg_reverse_aggregate_ops=0.000000 max_backlog=24974 admission_window=65536 completion_outstanding=0 completion_incomplete=0 completed_behind_hole=0 completion_logical_full_failures=0 completion_physical_full_failures=0 pressure_yields=1770202 stage2_batches=6760 avg_stage2_batch_size=7.980473 packing_target_batch=8 packing_admit_queue_avg=11385.080178 packing_admit_queue_max=24974 packing_batch_1_7=40 packing_batch_8=6720 packing_assembly_batches=6760 packing_assembly_wait_ms=193023760.571287 packing_arrival_interval_us=25000 packing_waited_batches=40 packing_wait_ms=744.691000 packing_target_flushes=6720 packing_deadline_flushes=40 packing_cleanup_flushes=0 stage2_phase_search_attempts=6760 stage2_phase_search_task_attempts=53948 stage2_phase_search_elapsed_ms=5237085.472104 avg_stage2_phase_search_us_per_task=97076.545416 stage2_phase_freeze_prune_attempts=8390 stage2_phase_freeze_prune_task_attempts=66977 stage2_phase_freeze_prune_elapsed_ms=176375.223435 avg_stage2_phase_freeze_prune_us_per_task=2633.370014 stage2_phase_reverse_prepare_attempts=6760 stage2_phase_reverse_prepare_task_attempts=53948 stage2_phase_reverse_prepare_elapsed_ms=634409.989241 avg_stage2_phase_reverse_prepare_us_per_task=11759.657248 stage2_phase_placement_authority_attempts=6760 stage2_phase_placement_authority_task_attempts=53948 stage2_phase_placement_authority_elapsed_ms=189371.571845 avg_stage2_phase_placement_authority_us_per_task=3510.261212 stage2_phase_completion_handoff_attempts=6760 stage2_phase_completion_handoff_task_attempts=53948 stage2_phase_completion_handoff_elapsed_ms=14.578691 avg_stage2_phase_completion_handoff_us_per_task=0.270236 stage2_phase_finalize_attempts=6760 stage2_phase_finalize_task_attempts=53948 stage2_phase_finalize_elapsed_ms=73.998878 avg_stage2_phase_finalize_us_per_task=1.371670 maintenance_worker_idle_waits=1441728 maintenance_worker_idle_ms=1495245.087479 maintenance_lost_wake_avoided=438933 maintenance_targeted_wakes=5884174 maintenance_generic_wakes=27072 maintenance_broadcast_wakes=0 maintenance_context_slots_scanned=20979920 maintenance_ready_notifications=1799159 maintenance_ready_stale_notifications=119 maintenance_ready_tickets_drained=1373931 maintenance_ready_overflow_scans=0 maintenance_ready_fallback_scans=1311524 stage2_search_lane_lease_limit=32 stage2_search_lane_lease_peak=32 stage2_search_lane_lease_blocked=59776 maintenance_worker_observed_idle_ratio=0.667305 maintenance_worker_observed_busy_ratio=0.332695 physical_stage1_items=53948 physical_stage1_total_ns=243720192642 physical_stage1_search_ns=228097478878 physical_stage1_prune_ns=8731811750 physical_stage1_allocate_write_ns=5099627567 physical_stage1_backlink_ns=1155775709 physical_stage1_candidates=6902789 physical_stage1_remote_frontier_items=69922109 physical_stage1_neighbors=2004209 peer_stage1_enqueued=41797 peer_stage1_processed=41797 peer_stage1_items=86222 avg_peer_stage1_items=2.062875 peer_stage1_rate_per_sec=307.836632 peer_stage1_max_queue=47 peer_stage1_active_workers=0 peer_stage2_home_enqueued=480909 peer_stage2_home_processed=480909 peer_stage2_home_items=57181540 avg_peer_stage2_home_items=118.903036 peer_stage2_home_max_queue=40 peer_stage2_home_response_queue_drops=0 peer_stage2_home_response_send_wait_ms=12872.404279 avg_peer_stage2_home_queue_wait_us=60.162535 avg_peer_stage2_home_execution_us=76.682748 peer_stage1_release_deferred_batches=142 peer_stage1_release_deferred_items=255 peer_stage1_duplicate_retry_responses=0 peer_stage1_admission_retry_responses=0 peer_stage1_retry_response_drops=0 peer_stage1_admission_waiters=0 peer_stage1_admission_waiter_items=0 peer_stage1_admission_owned_items=0 peer_stage1_admission_wake_coverage=0 peer_stage1_admission_parked=0 peer_stage1_admission_woken=0 peer_stage1_admission_reparked=0 peer_stage1_max_admission_waiters=0 peer_stage1_duplicate_coalesced=34 peer_reverse_enqueued=24014 peer_reverse_processed=24014 peer_reverse_remaining=0 peer_reverse_items_enqueued=393173 peer_reverse_items_processed=393173 peer_reverse_rate_per_sec=1403.737470 peer_reverse_failed=53 peer_reverse_max_queue=55 reclaim_pending=0 reclaim_reused=9202 dynamic_high_watermark=20034232800 stage2_remaining=0 cleanup_remaining=0 active_contexts=0 active_context_limit=48 repair_remaining=0 remaining=0
[STATUS]: storage-owner maintenance observation: enqueued=53948 stage2_enqueued=53948 cleanup_enqueued=0 stage2_tasks_done=53948 stage2_finalized_live=53948 cleanup_processed=0 stale=0 stage2_completion_ratio=1.000000 live_stage2_completion_ratio=1.000000 avg_stage2_delay_ms=29544.204378 p99_stage2_delay_upper_ms=30000.000000 p99_stage2_delay_over_30s=true stage2_delay_histogram=0,0,0,0,0,0,41,205,183,127,301,334,1710,256,1541,3109,17548,28593 max_stage2_delay_ms=50159.299540 compaction_batch_target=32 compaction_max_delay_ms=25.000000 stage2_rate_per_sec=189.231340 stage1_search_budget_exhausted=0 stage2_search_budget_exhausted=0 stage2_continuations=53948 stage2_remote_frontier_items=69922109 avg_stage2_remote_frontier=1296.101969 stage2_remote_expansions=1724934 avg_stage2_remote_expansions=31.974012 stage2_scored_candidates=121305209 avg_stage2_scored_candidates=2248.558037 stage2_graph_read_waves=381549 avg_stage2_expansions_per_graph_wave=4.520872 stage2_graph_unique_reads=1783697 stage2_graph_prefetch_issued=1254966 stage2_graph_prefetch_hits=1196203 stage2_graph_prefetch_wasted=58763 stage2_graph_prefetch_promotion_ratio=0.953176 stage2_graph_issue_width_current=16 stage2_vector_read_waves=824001 avg_stage2_scores_per_vector_wave=147.214881 stage2_vector_unique_reads=80317410 stage2_home_rpc_batches=608293 stage2_home_rpc_items=71052666 avg_stage2_home_rpc_batch=116.806647 stage2_home_score_rpc_batches=280567 stage2_home_score_rpc_items=69268969 stage2_home_score_rpc_queries=1654159 stage2_home_score_rpc_request_bytes=1844050824 stage2_home_score_rpc_response_bytes=2228781376 avg_stage2_home_score_queries_per_rpc=5.895772 avg_stage2_home_score_rpc_batch=246.889224 stage2_home_scored_neighbors=110252466 home_scores_per_expansion=1.551701 stage2_migrations=9202 home_match_rate=0.829428 stage2_final_edges=2051216 stage2_cross_edges_stage1_home=458751 stage2_cross_edges_final_home=288725 cross_edge_reduction_ratio=0.370628 failed=0 rpc_timeouts=0 reverse_aggregate_batches=0 reverse_aggregate_logical_requests=0 reverse_aggregate_ops=0 avg_reverse_aggregate_logicals=0.000000 avg_reverse_aggregate_ops=0.000000 max_backlog=24974 admission_window=65536 completion_outstanding=0 completion_incomplete=0 completed_behind_hole=0 completion_logical_full_failures=0 completion_physical_full_failures=0 pressure_yields=1770202 stage2_batches=6760 avg_stage2_batch_size=7.980473 packing_target_batch=8 packing_admit_queue_avg=11385.080178 packing_admit_queue_max=24974 packing_batch_1_7=40 packing_batch_8=6720 packing_assembly_batches=6760 packing_assembly_wait_ms=193023760.571287 packing_arrival_interval_us=25000 packing_waited_batches=40 packing_wait_ms=744.691000 packing_target_flushes=6720 packing_deadline_flushes=40 packing_cleanup_flushes=0 stage2_phase_search_attempts=6760 stage2_phase_search_task_attempts=53948 stage2_phase_search_elapsed_ms=5237085.472104 avg_stage2_phase_search_us_per_task=97076.545416 stage2_phase_freeze_prune_attempts=8390 stage2_phase_freeze_prune_task_attempts=66977 stage2_phase_freeze_prune_elapsed_ms=176375.223435 avg_stage2_phase_freeze_prune_us_per_task=2633.370014 stage2_phase_reverse_prepare_attempts=6760 stage2_phase_reverse_prepare_task_attempts=53948 stage2_phase_reverse_prepare_elapsed_ms=634409.989241 avg_stage2_phase_reverse_prepare_us_per_task=11759.657248 stage2_phase_placement_authority_attempts=6760 stage2_phase_placement_authority_task_attempts=53948 stage2_phase_placement_authority_elapsed_ms=189371.571845 avg_stage2_phase_placement_authority_us_per_task=3510.261212 stage2_phase_completion_handoff_attempts=6760 stage2_phase_completion_handoff_task_attempts=53948 stage2_phase_completion_handoff_elapsed_ms=14.578691 avg_stage2_phase_completion_handoff_us_per_task=0.270236 stage2_phase_finalize_attempts=6760 stage2_phase_finalize_task_attempts=53948 stage2_phase_finalize_elapsed_ms=73.998878 avg_stage2_phase_finalize_us_per_task=1.371670 maintenance_worker_idle_waits=1445696 maintenance_worker_idle_ms=1535159.391789 maintenance_lost_wake_avoided=438933 maintenance_targeted_wakes=5884174 maintenance_generic_wakes=27072 maintenance_broadcast_wakes=0 maintenance_context_slots_scanned=21043408 maintenance_ready_notifications=1799159 maintenance_ready_stale_notifications=119 maintenance_ready_tickets_drained=1373931 maintenance_ready_overflow_scans=0 maintenance_ready_fallback_scans=1315499 stage2_search_lane_lease_limit=32 stage2_search_lane_lease_peak=32 stage2_search_lane_lease_blocked=59776 maintenance_worker_observed_idle_ratio=0.673102 maintenance_worker_observed_busy_ratio=0.326898 physical_stage1_items=53948 physical_stage1_total_ns=243720192642 physical_stage1_search_ns=228097478878 physical_stage1_prune_ns=8731811750 physical_stage1_allocate_write_ns=5099627567 physical_stage1_backlink_ns=1155775709 physical_stage1_candidates=6902789 physical_stage1_remote_frontier_items=69922109 physical_stage1_neighbors=2004209 peer_stage1_enqueued=41797 peer_stage1_processed=41797 peer_stage1_items=86222 avg_peer_stage1_items=2.062875 peer_stage1_rate_per_sec=302.437618 peer_stage1_max_queue=47 peer_stage1_active_workers=0 peer_stage2_home_enqueued=480909 peer_stage2_home_processed=480909 peer_stage2_home_items=57181540 avg_peer_stage2_home_items=118.903036 peer_stage2_home_max_queue=40 peer_stage2_home_response_queue_drops=0 peer_stage2_home_response_send_wait_ms=12872.404279 avg_peer_stage2_home_queue_wait_us=60.162535 avg_peer_stage2_home_execution_us=76.682748 peer_stage1_release_deferred_batches=142 peer_stage1_release_deferred_items=255 peer_stage1_duplicate_retry_responses=0 peer_stage1_admission_retry_responses=0 peer_stage1_retry_response_drops=0 peer_stage1_admission_waiters=0 peer_stage1_admission_waiter_items=0 peer_stage1_admission_owned_items=0 peer_stage1_admission_wake_coverage=0 peer_stage1_admission_parked=0 peer_stage1_admission_woken=0 peer_stage1_admission_reparked=0 peer_stage1_max_admission_waiters=0 peer_stage1_duplicate_coalesced=34 peer_reverse_enqueued=24014 peer_reverse_processed=24014 peer_reverse_remaining=0 peer_reverse_items_enqueued=393173 peer_reverse_items_processed=393173 peer_reverse_rate_per_sec=1379.117922 peer_reverse_failed=53 peer_reverse_max_queue=55 reclaim_pending=0 reclaim_reused=9202 dynamic_high_watermark=20034232800 stage2_remaining=0 cleanup_remaining=0 active_contexts=0 active_context_limit=48 repair_remaining=0 remaining=0
[STATUS]: storage-owner maintenance observation: enqueued=53948 stage2_enqueued=53948 cleanup_enqueued=0 stage2_tasks_done=53948 stage2_finalized_live=53948 cleanup_processed=0 stale=0 stage2_completion_ratio=1.000000 live_stage2_completion_ratio=1.000000 avg_stage2_delay_ms=29544.204378 p99_stage2_delay_upper_ms=30000.000000 p99_stage2_delay_over_30s=true stage2_delay_histogram=0,0,0,0,0,0,41,205,183,127,301,334,1710,256,1541,3109,17548,28593 max_stage2_delay_ms=50159.299540 compaction_batch_target=32 compaction_max_delay_ms=25.000000 stage2_rate_per_sec=185.968064 stage1_search_budget_exhausted=0 stage2_search_budget_exhausted=0 stage2_continuations=53948 stage2_remote_frontier_items=69922109 avg_stage2_remote_frontier=1296.101969 stage2_remote_expansions=1724934 avg_stage2_remote_expansions=31.974012 stage2_scored_candidates=121305209 avg_stage2_scored_candidates=2248.558037 stage2_graph_read_waves=381549 avg_stage2_expansions_per_graph_wave=4.520872 stage2_graph_unique_reads=1783697 stage2_graph_prefetch_issued=1254966 stage2_graph_prefetch_hits=1196203 stage2_graph_prefetch_wasted=58763 stage2_graph_prefetch_promotion_ratio=0.953176 stage2_graph_issue_width_current=16 stage2_vector_read_waves=824001 avg_stage2_scores_per_vector_wave=147.214881 stage2_vector_unique_reads=80317410 stage2_home_rpc_batches=608293 stage2_home_rpc_items=71052666 avg_stage2_home_rpc_batch=116.806647 stage2_home_score_rpc_batches=280567 stage2_home_score_rpc_items=69268969 stage2_home_score_rpc_queries=1654159 stage2_home_score_rpc_request_bytes=1844050824 stage2_home_score_rpc_response_bytes=2228781376 avg_stage2_home_score_queries_per_rpc=5.895772 avg_stage2_home_score_rpc_batch=246.889224 stage2_home_scored_neighbors=110252466 home_scores_per_expansion=1.551701 stage2_migrations=9202 home_match_rate=0.829428 stage2_final_edges=2051216 stage2_cross_edges_stage1_home=458751 stage2_cross_edges_final_home=288725 cross_edge_reduction_ratio=0.370628 failed=0 rpc_timeouts=0 reverse_aggregate_batches=0 reverse_aggregate_logical_requests=0 reverse_aggregate_ops=0 avg_reverse_aggregate_logicals=0.000000 avg_reverse_aggregate_ops=0.000000 max_backlog=24974 admission_window=65536 completion_outstanding=0 completion_incomplete=0 completed_behind_hole=0 completion_logical_full_failures=0 completion_physical_full_failures=0 pressure_yields=1770202 stage2_batches=6760 avg_stage2_batch_size=7.980473 packing_target_batch=8 packing_admit_queue_avg=11385.080178 packing_admit_queue_max=24974 packing_batch_1_7=40 packing_batch_8=6720 packing_assembly_batches=6760 packing_assembly_wait_ms=193023760.571287 packing_arrival_interval_us=25000 packing_waited_batches=40 packing_wait_ms=744.691000 packing_target_flushes=6720 packing_deadline_flushes=40 packing_cleanup_flushes=0 stage2_phase_search_attempts=6760 stage2_phase_search_task_attempts=53948 stage2_phase_search_elapsed_ms=5237085.472104 avg_stage2_phase_search_us_per_task=97076.545416 stage2_phase_freeze_prune_attempts=8390 stage2_phase_freeze_prune_task_attempts=66977 stage2_phase_freeze_prune_elapsed_ms=176375.223435 avg_stage2_phase_freeze_prune_us_per_task=2633.370014 stage2_phase_reverse_prepare_attempts=6760 stage2_phase_reverse_prepare_task_attempts=53948 stage2_phase_reverse_prepare_elapsed_ms=634409.989241 avg_stage2_phase_reverse_prepare_us_per_task=11759.657248 stage2_phase_placement_authority_attempts=6760 stage2_phase_placement_authority_task_attempts=53948 stage2_phase_placement_authority_elapsed_ms=189371.571845 avg_stage2_phase_placement_authority_us_per_task=3510.261212 stage2_phase_completion_handoff_attempts=6760 stage2_phase_completion_handoff_task_attempts=53948 stage2_phase_completion_handoff_elapsed_ms=14.578691 avg_stage2_phase_completion_handoff_us_per_task=0.270236 stage2_phase_finalize_attempts=6760 stage2_phase_finalize_task_attempts=53948 stage2_phase_finalize_elapsed_ms=73.998878 avg_stage2_phase_finalize_us_per_task=1.371670 maintenance_worker_idle_waits=1449728 maintenance_worker_idle_ms=1575717.542920 maintenance_lost_wake_avoided=438933 maintenance_targeted_wakes=5884174 maintenance_generic_wakes=27072 maintenance_broadcast_wakes=0 maintenance_context_slots_scanned=21107920 maintenance_ready_notifications=1799159 maintenance_ready_stale_notifications=119 maintenance_ready_tickets_drained=1373931 maintenance_ready_overflow_scans=0 maintenance_ready_fallback_scans=1319475 stage2_search_lane_lease_limit=32 stage2_search_lane_lease_peak=32 stage2_search_lane_lease_blocked=59776 maintenance_worker_observed_idle_ratio=0.678971 maintenance_worker_observed_busy_ratio=0.321029 physical_stage1_items=53948 physical_stage1_total_ns=243720192642 physical_stage1_search_ns=228097478878 physical_stage1_prune_ns=8731811750 physical_stage1_allocate_write_ns=5099627567 physical_stage1_backlink_ns=1155775709 physical_stage1_candidates=6902789 physical_stage1_remote_frontier_items=69922109 physical_stage1_neighbors=2004209 peer_stage1_enqueued=41797 peer_stage1_processed=41797 peer_stage1_items=86222 avg_peer_stage1_items=2.062875 peer_stage1_rate_per_sec=297.222110 peer_stage1_max_queue=47 peer_stage1_active_workers=0 peer_stage2_home_enqueued=480909 peer_stage2_home_processed=480909 peer_stage2_home_items=57181540 avg_peer_stage2_home_items=118.903036 peer_stage2_home_max_queue=40 peer_stage2_home_response_queue_drops=0 peer_stage2_home_response_send_wait_ms=12872.404279 avg_peer_stage2_home_queue_wait_us=60.162535 avg_peer_stage2_home_execution_us=76.682748 peer_stage1_release_deferred_batches=142 peer_stage1_release_deferred_items=255 peer_stage1_duplicate_retry_responses=0 peer_stage1_admission_retry_responses=0 peer_stage1_retry_response_drops=0 peer_stage1_admission_waiters=0 peer_stage1_admission_waiter_items=0 peer_stage1_admission_owned_items=0 peer_stage1_admission_wake_coverage=0 peer_stage1_admission_parked=0 peer_stage1_admission_woken=0 peer_stage1_admission_reparked=0 peer_stage1_max_admission_waiters=0 peer_stage1_duplicate_coalesced=34 peer_reverse_enqueued=24014 peer_reverse_processed=24014 peer_reverse_remaining=0 peer_reverse_items_enqueued=393173 peer_reverse_items_processed=393173 peer_reverse_rate_per_sec=1355.335166 peer_reverse_failed=53 peer_reverse_max_queue=55 reclaim_pending=0 reclaim_reused=9202 dynamic_high_watermark=20034232800 stage2_remaining=0 cleanup_remaining=0 active_contexts=0 active_context_limit=48 repair_remaining=0 remaining=0
[STATUS]: storage-owner maintenance observation: enqueued=53948 stage2_enqueued=53948 cleanup_enqueued=0 stage2_tasks_done=53948 stage2_finalized_live=53948 cleanup_processed=0 stale=0 stage2_completion_ratio=1.000000 live_stage2_completion_ratio=1.000000 avg_stage2_delay_ms=29544.204378 p99_stage2_delay_upper_ms=30000.000000 p99_stage2_delay_over_30s=true stage2_delay_histogram=0,0,0,0,0,0,41,205,183,127,301,334,1710,256,1541,3109,17548,28593 max_stage2_delay_ms=50159.299540 compaction_batch_target=32 compaction_max_delay_ms=25.000000 stage2_rate_per_sec=182.816045 stage1_search_budget_exhausted=0 stage2_search_budget_exhausted=0 stage2_continuations=53948 stage2_remote_frontier_items=69922109 avg_stage2_remote_frontier=1296.101969 stage2_remote_expansions=1724934 avg_stage2_remote_expansions=31.974012 stage2_scored_candidates=121305209 avg_stage2_scored_candidates=2248.558037 stage2_graph_read_waves=381549 avg_stage2_expansions_per_graph_wave=4.520872 stage2_graph_unique_reads=1783697 stage2_graph_prefetch_issued=1254966 stage2_graph_prefetch_hits=1196203 stage2_graph_prefetch_wasted=58763 stage2_graph_prefetch_promotion_ratio=0.953176 stage2_graph_issue_width_current=16 stage2_vector_read_waves=824001 avg_stage2_scores_per_vector_wave=147.214881 stage2_vector_unique_reads=80317410 stage2_home_rpc_batches=608293 stage2_home_rpc_items=71052666 avg_stage2_home_rpc_batch=116.806647 stage2_home_score_rpc_batches=280567 stage2_home_score_rpc_items=69268969 stage2_home_score_rpc_queries=1654159 stage2_home_score_rpc_request_bytes=1844050824 stage2_home_score_rpc_response_bytes=2228781376 avg_stage2_home_score_queries_per_rpc=5.895772 avg_stage2_home_score_rpc_batch=246.889224 stage2_home_scored_neighbors=110252466 home_scores_per_expansion=1.551701 stage2_migrations=9202 home_match_rate=0.829428 stage2_final_edges=2051216 stage2_cross_edges_stage1_home=458751 stage2_cross_edges_final_home=288725 cross_edge_reduction_ratio=0.370628 failed=0 rpc_timeouts=0 reverse_aggregate_batches=0 reverse_aggregate_logical_requests=0 reverse_aggregate_ops=0 avg_reverse_aggregate_logicals=0.000000 avg_reverse_aggregate_ops=0.000000 max_backlog=24974 admission_window=65536 completion_outstanding=0 completion_incomplete=0 completed_behind_hole=0 completion_logical_full_failures=0 completion_physical_full_failures=0 pressure_yields=1770202 stage2_batches=6760 avg_stage2_batch_size=7.980473 packing_target_batch=8 packing_admit_queue_avg=11385.080178 packing_admit_queue_max=24974 packing_batch_1_7=40 packing_batch_8=6720 packing_assembly_batches=6760 packing_assembly_wait_ms=193023760.571287 packing_arrival_interval_us=25000 packing_waited_batches=40 packing_wait_ms=744.691000 packing_target_flushes=6720 packing_deadline_flushes=40 packing_cleanup_flushes=0 stage2_phase_search_attempts=6760 stage2_phase_search_task_attempts=53948 stage2_phase_search_elapsed_ms=5237085.472104 avg_stage2_phase_search_us_per_task=97076.545416 stage2_phase_freeze_prune_attempts=8390 stage2_phase_freeze_prune_task_attempts=66977 stage2_phase_freeze_prune_elapsed_ms=176375.223435 avg_stage2_phase_freeze_prune_us_per_task=2633.370014 stage2_phase_reverse_prepare_attempts=6760 stage2_phase_reverse_prepare_task_attempts=53948 stage2_phase_reverse_prepare_elapsed_ms=634409.989241 avg_stage2_phase_reverse_prepare_us_per_task=11759.657248 stage2_phase_placement_authority_attempts=6760 stage2_phase_placement_authority_task_attempts=53948 stage2_phase_placement_authority_elapsed_ms=189371.571845 avg_stage2_phase_placement_authority_us_per_task=3510.261212 stage2_phase_completion_handoff_attempts=6760 stage2_phase_completion_handoff_task_attempts=53948 stage2_phase_completion_handoff_elapsed_ms=14.578691 avg_stage2_phase_completion_handoff_us_per_task=0.270236 stage2_phase_finalize_attempts=6760 stage2_phase_finalize_task_attempts=53948 stage2_phase_finalize_elapsed_ms=73.998878 avg_stage2_phase_finalize_us_per_task=1.371670 maintenance_worker_idle_waits=1453696 maintenance_worker_idle_ms=1615632.042442 maintenance_lost_wake_avoided=438933 maintenance_targeted_wakes=5884174 maintenance_generic_wakes=27072 maintenance_broadcast_wakes=0 maintenance_context_slots_scanned=21171408 maintenance_ready_notifications=1799159 maintenance_ready_stale_notifications=119 maintenance_ready_tickets_drained=1373931 maintenance_ready_overflow_scans=0 maintenance_ready_fallback_scans=1323452 stage2_search_lane_lease_limit=32 stage2_search_lane_lease_peak=32 stage2_search_lane_lease_blocked=59776 maintenance_worker_observed_idle_ratio=0.684371 maintenance_worker_observed_busy_ratio=0.315629 physical_stage1_items=53948 physical_stage1_total_ns=243720192642 physical_stage1_search_ns=228097478878 physical_stage1_prune_ns=8731811750 physical_stage1_allocate_write_ns=5099627567 physical_stage1_backlink_ns=1155775709 physical_stage1_candidates=6902789 physical_stage1_remote_frontier_items=69922109 physical_stage1_neighbors=2004209 peer_stage1_enqueued=41797 peer_stage1_processed=41797 peer_stage1_items=86222 avg_peer_stage1_items=2.062875 peer_stage1_rate_per_sec=292.184419 peer_stage1_max_queue=47 peer_stage1_active_workers=0 peer_stage2_home_enqueued=480909 peer_stage2_home_processed=480909 peer_stage2_home_items=57181540 avg_peer_stage2_home_items=118.903036 peer_stage2_home_max_queue=40 peer_stage2_home_response_queue_drops=0 peer_stage2_home_response_send_wait_ms=12872.404279 avg_peer_stage2_home_queue_wait_us=60.162535 avg_peer_stage2_home_execution_us=76.682748 peer_stage1_release_deferred_batches=142 peer_stage1_release_deferred_items=255 peer_stage1_duplicate_retry_responses=0 peer_stage1_admission_retry_responses=0 peer_stage1_retry_response_drops=0 peer_stage1_admission_waiters=0 peer_stage1_admission_waiter_items=0 peer_stage1_admission_owned_items=0 peer_stage1_admission_wake_coverage=0 peer_stage1_admission_parked=0 peer_stage1_admission_woken=0 peer_stage1_admission_reparked=0 peer_stage1_max_admission_waiters=0 peer_stage1_duplicate_coalesced=34 peer_reverse_enqueued=24014 peer_reverse_processed=24014 peer_reverse_remaining=0 peer_reverse_items_enqueued=393173 peer_reverse_items_processed=393173 peer_reverse_rate_per_sec=1332.363255 peer_reverse_failed=53 peer_reverse_max_queue=55 reclaim_pending=0 reclaim_reused=9202 dynamic_high_watermark=20034232800 stage2_remaining=0 cleanup_remaining=0 active_contexts=0 active_context_limit=48 repair_remaining=0 remaining=0
[STATUS]: storage-owner maintenance observation: enqueued=53948 stage2_enqueued=53948 cleanup_enqueued=0 stage2_tasks_done=53948 stage2_finalized_live=53948 cleanup_processed=0 stale=0 stage2_completion_ratio=1.000000 live_stage2_completion_ratio=1.000000 avg_stage2_delay_ms=29544.204378 p99_stage2_delay_upper_ms=30000.000000 p99_stage2_delay_over_30s=true stage2_delay_histogram=0,0,0,0,0,0,41,205,183,127,301,334,1710,256,1541,3109,17548,28593 max_stage2_delay_ms=50159.299540 compaction_batch_target=32 compaction_max_delay_ms=25.000000 stage2_rate_per_sec=179.768103 stage1_search_budget_exhausted=0 stage2_search_budget_exhausted=0 stage2_continuations=53948 stage2_remote_frontier_items=69922109 avg_stage2_remote_frontier=1296.101969 stage2_remote_expansions=1724934 avg_stage2_remote_expansions=31.974012 stage2_scored_candidates=121305209 avg_stage2_scored_candidates=2248.558037 stage2_graph_read_waves=381549 avg_stage2_expansions_per_graph_wave=4.520872 stage2_graph_unique_reads=1783697 stage2_graph_prefetch_issued=1254966 stage2_graph_prefetch_hits=1196203 stage2_graph_prefetch_wasted=58763 stage2_graph_prefetch_promotion_ratio=0.953176 stage2_graph_issue_width_current=16 stage2_vector_read_waves=824001 avg_stage2_scores_per_vector_wave=147.214881 stage2_vector_unique_reads=80317410 stage2_home_rpc_batches=608293 stage2_home_rpc_items=71052666 avg_stage2_home_rpc_batch=116.806647 stage2_home_score_rpc_batches=280567 stage2_home_score_rpc_items=69268969 stage2_home_score_rpc_queries=1654159 stage2_home_score_rpc_request_bytes=1844050824 stage2_home_score_rpc_response_bytes=2228781376 avg_stage2_home_score_queries_per_rpc=5.895772 avg_stage2_home_score_rpc_batch=246.889224 stage2_home_scored_neighbors=110252466 home_scores_per_expansion=1.551701 stage2_migrations=9202 home_match_rate=0.829428 stage2_final_edges=2051216 stage2_cross_edges_stage1_home=458751 stage2_cross_edges_final_home=288725 cross_edge_reduction_ratio=0.370628 failed=0 rpc_timeouts=0 reverse_aggregate_batches=0 reverse_aggregate_logical_requests=0 reverse_aggregate_ops=0 avg_reverse_aggregate_logicals=0.000000 avg_reverse_aggregate_ops=0.000000 max_backlog=24974 admission_window=65536 completion_outstanding=0 completion_incomplete=0 completed_behind_hole=0 completion_logical_full_failures=0 completion_physical_full_failures=0 pressure_yields=1770202 stage2_batches=6760 avg_stage2_batch_size=7.980473 packing_target_batch=8 packing_admit_queue_avg=11385.080178 packing_admit_queue_max=24974 packing_batch_1_7=40 packing_batch_8=6720 packing_assembly_batches=6760 packing_assembly_wait_ms=193023760.571287 packing_arrival_interval_us=25000 packing_waited_batches=40 packing_wait_ms=744.691000 packing_target_flushes=6720 packing_deadline_flushes=40 packing_cleanup_flushes=0 stage2_phase_search_attempts=6760 stage2_phase_search_task_attempts=53948 stage2_phase_search_elapsed_ms=5237085.472104 avg_stage2_phase_search_us_per_task=97076.545416 stage2_phase_freeze_prune_attempts=8390 stage2_phase_freeze_prune_task_attempts=66977 stage2_phase_freeze_prune_elapsed_ms=176375.223435 avg_stage2_phase_freeze_prune_us_per_task=2633.370014 stage2_phase_reverse_prepare_attempts=6760 stage2_phase_reverse_prepare_task_attempts=53948 stage2_phase_reverse_prepare_elapsed_ms=634409.989241 avg_stage2_phase_reverse_prepare_us_per_task=11759.657248 stage2_phase_placement_authority_attempts=6760 stage2_phase_placement_authority_task_attempts=53948 stage2_phase_placement_authority_elapsed_ms=189371.571845 avg_stage2_phase_placement_authority_us_per_task=3510.261212 stage2_phase_completion_handoff_attempts=6760 stage2_phase_completion_handoff_task_attempts=53948 stage2_phase_completion_handoff_elapsed_ms=14.578691 avg_stage2_phase_completion_handoff_us_per_task=0.270236 stage2_phase_finalize_attempts=6760 stage2_phase_finalize_task_attempts=53948 stage2_phase_finalize_elapsed_ms=73.998878 avg_stage2_phase_finalize_us_per_task=1.371670 maintenance_worker_idle_waits=1457600 maintenance_worker_idle_ms=1654902.865441 maintenance_lost_wake_avoided=438933 maintenance_targeted_wakes=5884174 maintenance_generic_wakes=27072 maintenance_broadcast_wakes=0 maintenance_context_slots_scanned=21233872 maintenance_ready_notifications=1799159 maintenance_ready_stale_notifications=119 maintenance_ready_tickets_drained=1373931 maintenance_ready_overflow_scans=0 maintenance_ready_fallback_scans=1327429 stage2_search_lane_lease_limit=32 stage2_search_lane_lease_peak=32 stage2_search_lane_lease_blocked=59776 maintenance_worker_observed_idle_ratio=0.689318 maintenance_worker_observed_busy_ratio=0.310682 physical_stage1_items=53948 physical_stage1_total_ns=243720192642 physical_stage1_search_ns=228097478878 physical_stage1_prune_ns=8731811750 physical_stage1_allocate_write_ns=5099627567 physical_stage1_backlink_ns=1155775709 physical_stage1_candidates=6902789 physical_stage1_remote_frontier_items=69922109 physical_stage1_neighbors=2004209 peer_stage1_enqueued=41797 peer_stage1_processed=41797 peer_stage1_items=86222 avg_peer_stage1_items=2.062875 peer_stage1_rate_per_sec=287.313068 peer_stage1_max_queue=47 peer_stage1_active_workers=0 peer_stage2_home_enqueued=480909 peer_stage2_home_processed=480909 peer_stage2_home_items=57181540 avg_peer_stage2_home_items=118.903036 peer_stage2_home_max_queue=40 peer_stage2_home_response_queue_drops=0 peer_stage2_home_response_send_wait_ms=12872.404279 avg_peer_stage2_home_queue_wait_us=60.162535 avg_peer_stage2_home_execution_us=76.682748 peer_stage1_release_deferred_batches=142 peer_stage1_release_deferred_items=255 peer_stage1_duplicate_retry_responses=0 peer_stage1_admission_retry_responses=0 peer_stage1_retry_response_drops=0 peer_stage1_admission_waiters=0 peer_stage1_admission_waiter_items=0 peer_stage1_admission_owned_items=0 peer_stage1_admission_wake_coverage=0 peer_stage1_admission_parked=0 peer_stage1_admission_woken=0 peer_stage1_admission_reparked=0 peer_stage1_max_admission_waiters=0 peer_stage1_duplicate_coalesced=34 peer_reverse_enqueued=24014 peer_reverse_processed=24014 peer_reverse_remaining=0 peer_reverse_items_enqueued=393173 peer_reverse_items_processed=393173 peer_reverse_rate_per_sec=1310.149857 peer_reverse_failed=53 peer_reverse_max_queue=55 reclaim_pending=0 reclaim_reused=9202 dynamic_high_watermark=20034232800 stage2_remaining=0 cleanup_remaining=0 active_contexts=0 active_context_limit=48 repair_remaining=0 remaining=0
[STATUS]: storage-owner maintenance observation: enqueued=53948 stage2_enqueued=53948 cleanup_enqueued=0 stage2_tasks_done=53948 stage2_finalized_live=53948 cleanup_processed=0 stale=0 stage2_completion_ratio=1.000000 live_stage2_completion_ratio=1.000000 avg_stage2_delay_ms=29544.204378 p99_stage2_delay_upper_ms=30000.000000 p99_stage2_delay_over_30s=true stage2_delay_histogram=0,0,0,0,0,0,41,205,183,127,301,334,1710,256,1541,3109,17548,28593 max_stage2_delay_ms=50159.299540 compaction_batch_target=32 compaction_max_delay_ms=25.000000 stage2_rate_per_sec=176.821006 stage1_search_budget_exhausted=0 stage2_search_budget_exhausted=0 stage2_continuations=53948 stage2_remote_frontier_items=69922109 avg_stage2_remote_frontier=1296.101969 stage2_remote_expansions=1724934 avg_stage2_remote_expansions=31.974012 stage2_scored_candidates=121305209 avg_stage2_scored_candidates=2248.558037 stage2_graph_read_waves=381549 avg_stage2_expansions_per_graph_wave=4.520872 stage2_graph_unique_reads=1783697 stage2_graph_prefetch_issued=1254966 stage2_graph_prefetch_hits=1196203 stage2_graph_prefetch_wasted=58763 stage2_graph_prefetch_promotion_ratio=0.953176 stage2_graph_issue_width_current=16 stage2_vector_read_waves=824001 avg_stage2_scores_per_vector_wave=147.214881 stage2_vector_unique_reads=80317410 stage2_home_rpc_batches=608293 stage2_home_rpc_items=71052666 avg_stage2_home_rpc_batch=116.806647 stage2_home_score_rpc_batches=280567 stage2_home_score_rpc_items=69268969 stage2_home_score_rpc_queries=1654159 stage2_home_score_rpc_request_bytes=1844050824 stage2_home_score_rpc_response_bytes=2228781376 avg_stage2_home_score_queries_per_rpc=5.895772 avg_stage2_home_score_rpc_batch=246.889224 stage2_home_scored_neighbors=110252466 home_scores_per_expansion=1.551701 stage2_migrations=9202 home_match_rate=0.829428 stage2_final_edges=2051216 stage2_cross_edges_stage1_home=458751 stage2_cross_edges_final_home=288725 cross_edge_reduction_ratio=0.370628 failed=0 rpc_timeouts=0 reverse_aggregate_batches=0 reverse_aggregate_logical_requests=0 reverse_aggregate_ops=0 avg_reverse_aggregate_logicals=0.000000 avg_reverse_aggregate_ops=0.000000 max_backlog=24974 admission_window=65536 completion_outstanding=0 completion_incomplete=0 completed_behind_hole=0 completion_logical_full_failures=0 completion_physical_full_failures=0 pressure_yields=1770202 stage2_batches=6760 avg_stage2_batch_size=7.980473 packing_target_batch=8 packing_admit_queue_avg=11385.080178 packing_admit_queue_max=24974 packing_batch_1_7=40 packing_batch_8=6720 packing_assembly_batches=6760 packing_assembly_wait_ms=193023760.571287 packing_arrival_interval_us=25000 packing_waited_batches=40 packing_wait_ms=744.691000 packing_target_flushes=6720 packing_deadline_flushes=40 packing_cleanup_flushes=0 stage2_phase_search_attempts=6760 stage2_phase_search_task_attempts=53948 stage2_phase_search_elapsed_ms=5237085.472104 avg_stage2_phase_search_us_per_task=97076.545416 stage2_phase_freeze_prune_attempts=8390 stage2_phase_freeze_prune_task_attempts=66977 stage2_phase_freeze_prune_elapsed_ms=176375.223435 avg_stage2_phase_freeze_prune_us_per_task=2633.370014 stage2_phase_reverse_prepare_attempts=6760 stage2_phase_reverse_prepare_task_attempts=53948 stage2_phase_reverse_prepare_elapsed_ms=634409.989241 avg_stage2_phase_reverse_prepare_us_per_task=11759.657248 stage2_phase_placement_authority_attempts=6760 stage2_phase_placement_authority_task_attempts=53948 stage2_phase_placement_authority_elapsed_ms=189371.571845 avg_stage2_phase_placement_authority_us_per_task=3510.261212 stage2_phase_completion_handoff_attempts=6760 stage2_phase_completion_handoff_task_attempts=53948 stage2_phase_completion_handoff_elapsed_ms=14.578691 avg_stage2_phase_completion_handoff_us_per_task=0.270236 stage2_phase_finalize_attempts=6760 stage2_phase_finalize_task_attempts=53948 stage2_phase_finalize_elapsed_ms=73.998878 avg_stage2_phase_finalize_us_per_task=1.371670 maintenance_worker_idle_waits=1461568 maintenance_worker_idle_ms=1694817.065534 maintenance_lost_wake_avoided=438933 maintenance_targeted_wakes=5884174 maintenance_generic_wakes=27072 maintenance_broadcast_wakes=0 maintenance_context_slots_scanned=21297360 maintenance_ready_notifications=1799159 maintenance_ready_stale_notifications=119 maintenance_ready_tickets_drained=1373931 maintenance_ready_overflow_scans=0 maintenance_ready_fallback_scans=1331405 stage2_search_lane_lease_limit=32 stage2_search_lane_lease_peak=32 stage2_search_lane_lease_blocked=59776 maintenance_worker_observed_idle_ratio=0.694371 maintenance_worker_observed_busy_ratio=0.305629 physical_stage1_items=53948 physical_stage1_total_ns=243720192642 physical_stage1_search_ns=228097478878 physical_stage1_prune_ns=8731811750 physical_stage1_allocate_write_ns=5099627567 physical_stage1_backlink_ns=1155775709 physical_stage1_candidates=6902789 physical_stage1_remote_frontier_items=69922109 physical_stage1_neighbors=2004209 peer_stage1_enqueued=41797 peer_stage1_processed=41797 peer_stage1_items=86222 avg_peer_stage1_items=2.062875 peer_stage1_rate_per_sec=282.602891 peer_stage1_max_queue=47 peer_stage1_active_workers=0 peer_stage2_home_enqueued=480909 peer_stage2_home_processed=480909 peer_stage2_home_items=57181540 avg_peer_stage2_home_items=118.903036 peer_stage2_home_max_queue=40 peer_stage2_home_response_queue_drops=0 peer_stage2_home_response_send_wait_ms=12872.404279 avg_peer_stage2_home_queue_wait_us=60.162535 avg_peer_stage2_home_execution_us=76.682748 peer_stage1_release_deferred_batches=142 peer_stage1_release_deferred_items=255 peer_stage1_duplicate_retry_responses=0 peer_stage1_admission_retry_responses=0 peer_stage1_retry_response_drops=0 peer_stage1_admission_waiters=0 peer_stage1_admission_waiter_items=0 peer_stage1_admission_owned_items=0 peer_stage1_admission_wake_coverage=0 peer_stage1_admission_parked=0 peer_stage1_admission_woken=0 peer_stage1_admission_reparked=0 peer_stage1_max_admission_waiters=0 peer_stage1_duplicate_coalesced=34 peer_reverse_enqueued=24014 peer_reverse_processed=24014 peer_reverse_remaining=0 peer_reverse_items_enqueued=393173 peer_reverse_items_processed=393173 peer_reverse_rate_per_sec=1288.671414 peer_reverse_failed=53 peer_reverse_max_queue=55 reclaim_pending=0 reclaim_reused=9202 dynamic_high_watermark=20034232800 stage2_remaining=0 cleanup_remaining=0 active_contexts=0 active_context_limit=48 repair_remaining=0 remaining=0
[STATUS]: storage-owner maintenance observation: enqueued=53948 stage2_enqueued=53948 cleanup_enqueued=0 stage2_tasks_done=53948 stage2_finalized_live=53948 cleanup_processed=0 stale=0 stage2_completion_ratio=1.000000 live_stage2_completion_ratio=1.000000 avg_stage2_delay_ms=29544.204378 p99_stage2_delay_upper_ms=30000.000000 p99_stage2_delay_over_30s=true stage2_delay_histogram=0,0,0,0,0,0,41,205,183,127,301,334,1710,256,1541,3109,17548,28593 max_stage2_delay_ms=50159.299540 compaction_batch_target=32 compaction_max_delay_ms=25.000000 stage2_rate_per_sec=173.969386 stage1_search_budget_exhausted=0 stage2_search_budget_exhausted=0 stage2_continuations=53948 stage2_remote_frontier_items=69922109 avg_stage2_remote_frontier=1296.101969 stage2_remote_expansions=1724934 avg_stage2_remote_expansions=31.974012 stage2_scored_candidates=121305209 avg_stage2_scored_candidates=2248.558037 stage2_graph_read_waves=381549 avg_stage2_expansions_per_graph_wave=4.520872 stage2_graph_unique_reads=1783697 stage2_graph_prefetch_issued=1254966 stage2_graph_prefetch_hits=1196203 stage2_graph_prefetch_wasted=58763 stage2_graph_prefetch_promotion_ratio=0.953176 stage2_graph_issue_width_current=16 stage2_vector_read_waves=824001 avg_stage2_scores_per_vector_wave=147.214881 stage2_vector_unique_reads=80317410 stage2_home_rpc_batches=608293 stage2_home_rpc_items=71052666 avg_stage2_home_rpc_batch=116.806647 stage2_home_score_rpc_batches=280567 stage2_home_score_rpc_items=69268969 stage2_home_score_rpc_queries=1654159 stage2_home_score_rpc_request_bytes=1844050824 stage2_home_score_rpc_response_bytes=2228781376 avg_stage2_home_score_queries_per_rpc=5.895772 avg_stage2_home_score_rpc_batch=246.889224 stage2_home_scored_neighbors=110252466 home_scores_per_expansion=1.551701 stage2_migrations=9202 home_match_rate=0.829428 stage2_final_edges=2051216 stage2_cross_edges_stage1_home=458751 stage2_cross_edges_final_home=288725 cross_edge_reduction_ratio=0.370628 failed=0 rpc_timeouts=0 reverse_aggregate_batches=0 reverse_aggregate_logical_requests=0 reverse_aggregate_ops=0 avg_reverse_aggregate_logicals=0.000000 avg_reverse_aggregate_ops=0.000000 max_backlog=24974 admission_window=65536 completion_outstanding=0 completion_incomplete=0 completed_behind_hole=0 completion_logical_full_failures=0 completion_physical_full_failures=0 pressure_yields=1770202 stage2_batches=6760 avg_stage2_batch_size=7.980473 packing_target_batch=8 packing_admit_queue_avg=11385.080178 packing_admit_queue_max=24974 packing_batch_1_7=40 packing_batch_8=6720 packing_assembly_batches=6760 packing_assembly_wait_ms=193023760.571287 packing_arrival_interval_us=25000 packing_waited_batches=40 packing_wait_ms=744.691000 packing_target_flushes=6720 packing_deadline_flushes=40 packing_cleanup_flushes=0 stage2_phase_search_attempts=6760 stage2_phase_search_task_attempts=53948 stage2_phase_search_elapsed_ms=5237085.472104 avg_stage2_phase_search_us_per_task=97076.545416 stage2_phase_freeze_prune_attempts=8390 stage2_phase_freeze_prune_task_attempts=66977 stage2_phase_freeze_prune_elapsed_ms=176375.223435 avg_stage2_phase_freeze_prune_us_per_task=2633.370014 stage2_phase_reverse_prepare_attempts=6760 stage2_phase_reverse_prepare_task_attempts=53948 stage2_phase_reverse_prepare_elapsed_ms=634409.989241 avg_stage2_phase_reverse_prepare_us_per_task=11759.657248 stage2_phase_placement_authority_attempts=6760 stage2_phase_placement_authority_task_attempts=53948 stage2_phase_placement_authority_elapsed_ms=189371.571845 avg_stage2_phase_placement_authority_us_per_task=3510.261212 stage2_phase_completion_handoff_attempts=6760 stage2_phase_completion_handoff_task_attempts=53948 stage2_phase_completion_handoff_elapsed_ms=14.578691 avg_stage2_phase_completion_handoff_us_per_task=0.270236 stage2_phase_finalize_attempts=6760 stage2_phase_finalize_task_attempts=53948 stage2_phase_finalize_elapsed_ms=73.998878 avg_stage2_phase_finalize_us_per_task=1.371670 maintenance_worker_idle_waits=1465664 maintenance_worker_idle_ms=1736019.203325 maintenance_lost_wake_avoided=438933 maintenance_targeted_wakes=5884174 maintenance_generic_wakes=27072 maintenance_broadcast_wakes=0 maintenance_context_slots_scanned=21362896 maintenance_ready_notifications=1799159 maintenance_ready_stale_notifications=119 maintenance_ready_tickets_drained=1373931 maintenance_ready_overflow_scans=0 maintenance_ready_fallback_scans=1335381 stage2_search_lane_lease_limit=32 stage2_search_lane_lease_peak=32 stage2_search_lane_lease_blocked=59776 maintenance_worker_observed_idle_ratio=0.699781 maintenance_worker_observed_busy_ratio=0.300219 physical_stage1_items=53948 physical_stage1_total_ns=243720192642 physical_stage1_search_ns=228097478878 physical_stage1_prune_ns=8731811750 physical_stage1_allocate_write_ns=5099627567 physical_stage1_backlink_ns=1155775709 physical_stage1_candidates=6902789 physical_stage1_remote_frontier_items=69922109 physical_stage1_neighbors=2004209 peer_stage1_enqueued=41797 peer_stage1_processed=41797 peer_stage1_items=86222 avg_peer_stage1_items=2.062875 peer_stage1_rate_per_sec=278.045310 peer_stage1_max_queue=47 peer_stage1_active_workers=0 peer_stage2_home_enqueued=480909 peer_stage2_home_processed=480909 peer_stage2_home_items=57181540 avg_peer_stage2_home_items=118.903036 peer_stage2_home_max_queue=40 peer_stage2_home_response_queue_drops=0 peer_stage2_home_response_send_wait_ms=12872.404279 avg_peer_stage2_home_queue_wait_us=60.162535 avg_peer_stage2_home_execution_us=76.682748 peer_stage1_release_deferred_batches=142 peer_stage1_release_deferred_items=255 peer_stage1_duplicate_retry_responses=0 peer_stage1_admission_retry_responses=0 peer_stage1_retry_response_drops=0 peer_stage1_admission_waiters=0 peer_stage1_admission_waiter_items=0 peer_stage1_admission_owned_items=0 peer_stage1_admission_wake_coverage=0 peer_stage1_admission_parked=0 peer_stage1_admission_woken=0 peer_stage1_admission_reparked=0 peer_stage1_max_admission_waiters=0 peer_stage1_duplicate_coalesced=34 peer_reverse_enqueued=24014 peer_reverse_processed=24014 peer_reverse_remaining=0 peer_reverse_items_enqueued=393173 peer_reverse_items_processed=393173 peer_reverse_rate_per_sec=1267.888806 peer_reverse_failed=53 peer_reverse_max_queue=55 reclaim_pending=0 reclaim_reused=9202 dynamic_high_watermark=20034232800 stage2_remaining=0 cleanup_remaining=0 active_contexts=0 active_context_limit=48 repair_remaining=0 remaining=0
[STATUS]: storage-owner maintenance observation: enqueued=53948 stage2_enqueued=53948 cleanup_enqueued=0 stage2_tasks_done=53948 stage2_finalized_live=53948 cleanup_processed=0 stale=0 stage2_completion_ratio=1.000000 live_stage2_completion_ratio=1.000000 avg_stage2_delay_ms=29544.204378 p99_stage2_delay_upper_ms=30000.000000 p99_stage2_delay_over_30s=true stage2_delay_histogram=0,0,0,0,0,0,41,205,183,127,301,334,1710,256,1541,3109,17548,28593 max_stage2_delay_ms=50159.299540 compaction_batch_target=32 compaction_max_delay_ms=25.000000 stage2_rate_per_sec=171.207848 stage1_search_budget_exhausted=0 stage2_search_budget_exhausted=0 stage2_continuations=53948 stage2_remote_frontier_items=69922109 avg_stage2_remote_frontier=1296.101969 stage2_remote_expansions=1724934 avg_stage2_remote_expansions=31.974012 stage2_scored_candidates=121305209 avg_stage2_scored_candidates=2248.558037 stage2_graph_read_waves=381549 avg_stage2_expansions_per_graph_wave=4.520872 stage2_graph_unique_reads=1783697 stage2_graph_prefetch_issued=1254966 stage2_graph_prefetch_hits=1196203 stage2_graph_prefetch_wasted=58763 stage2_graph_prefetch_promotion_ratio=0.953176 stage2_graph_issue_width_current=16 stage2_vector_read_waves=824001 avg_stage2_scores_per_vector_wave=147.214881 stage2_vector_unique_reads=80317410 stage2_home_rpc_batches=608293 stage2_home_rpc_items=71052666 avg_stage2_home_rpc_batch=116.806647 stage2_home_score_rpc_batches=280567 stage2_home_score_rpc_items=69268969 stage2_home_score_rpc_queries=1654159 stage2_home_score_rpc_request_bytes=1844050824 stage2_home_score_rpc_response_bytes=2228781376 avg_stage2_home_score_queries_per_rpc=5.895772 avg_stage2_home_score_rpc_batch=246.889224 stage2_home_scored_neighbors=110252466 home_scores_per_expansion=1.551701 stage2_migrations=9202 home_match_rate=0.829428 stage2_final_edges=2051216 stage2_cross_edges_stage1_home=458751 stage2_cross_edges_final_home=288725 cross_edge_reduction_ratio=0.370628 failed=0 rpc_timeouts=0 reverse_aggregate_batches=0 reverse_aggregate_logical_requests=0 reverse_aggregate_ops=0 avg_reverse_aggregate_logicals=0.000000 avg_reverse_aggregate_ops=0.000000 max_backlog=24974 admission_window=65536 completion_outstanding=0 completion_incomplete=0 completed_behind_hole=0 completion_logical_full_failures=0 completion_physical_full_failures=0 pressure_yields=1770202 stage2_batches=6760 avg_stage2_batch_size=7.980473 packing_target_batch=8 packing_admit_queue_avg=11385.080178 packing_admit_queue_max=24974 packing_batch_1_7=40 packing_batch_8=6720 packing_assembly_batches=6760 packing_assembly_wait_ms=193023760.571287 packing_arrival_interval_us=25000 packing_waited_batches=40 packing_wait_ms=744.691000 packing_target_flushes=6720 packing_deadline_flushes=40 packing_cleanup_flushes=0 stage2_phase_search_attempts=6760 stage2_phase_search_task_attempts=53948 stage2_phase_search_elapsed_ms=5237085.472104 avg_stage2_phase_search_us_per_task=97076.545416 stage2_phase_freeze_prune_attempts=8390 stage2_phase_freeze_prune_task_attempts=66977 stage2_phase_freeze_prune_elapsed_ms=176375.223435 avg_stage2_phase_freeze_prune_us_per_task=2633.370014 stage2_phase_reverse_prepare_attempts=6760 stage2_phase_reverse_prepare_task_attempts=53948 stage2_phase_reverse_prepare_elapsed_ms=634409.989241 avg_stage2_phase_reverse_prepare_us_per_task=11759.657248 stage2_phase_placement_authority_attempts=6760 stage2_phase_placement_authority_task_attempts=53948 stage2_phase_placement_authority_elapsed_ms=189371.571845 avg_stage2_phase_placement_authority_us_per_task=3510.261212 stage2_phase_completion_handoff_attempts=6760 stage2_phase_completion_handoff_task_attempts=53948 stage2_phase_completion_handoff_elapsed_ms=14.578691 avg_stage2_phase_completion_handoff_us_per_task=0.270236 stage2_phase_finalize_attempts=6760 stage2_phase_finalize_task_attempts=53948 stage2_phase_finalize_elapsed_ms=73.998878 avg_stage2_phase_finalize_us_per_task=1.371670 maintenance_worker_idle_waits=1469632 maintenance_worker_idle_ms=1775933.451210 maintenance_lost_wake_avoided=438933 maintenance_targeted_wakes=5884174 maintenance_generic_wakes=27072 maintenance_broadcast_wakes=0 maintenance_context_slots_scanned=21426384 maintenance_ready_notifications=1799159 maintenance_ready_stale_notifications=119 maintenance_ready_tickets_drained=1373931 maintenance_ready_overflow_scans=0 maintenance_ready_fallback_scans=1339358 stage2_search_lane_lease_limit=32 stage2_search_lane_lease_peak=32 stage2_search_lane_lease_blocked=59776 maintenance_worker_observed_idle_ratio=0.704507 maintenance_worker_observed_busy_ratio=0.295493 physical_stage1_items=53948 physical_stage1_total_ns=243720192642 physical_stage1_search_ns=228097478878 physical_stage1_prune_ns=8731811750 physical_stage1_allocate_write_ns=5099627567 physical_stage1_backlink_ns=1155775709 physical_stage1_candidates=6902789 physical_stage1_remote_frontier_items=69922109 physical_stage1_neighbors=2004209 peer_stage1_enqueued=41797 peer_stage1_processed=41797 peer_stage1_items=86222 avg_peer_stage1_items=2.062875 peer_stage1_rate_per_sec=273.631703 peer_stage1_max_queue=47 peer_stage1_active_workers=0 peer_stage2_home_enqueued=480909 peer_stage2_home_processed=480909 peer_stage2_home_items=57181540 avg_peer_stage2_home_items=118.903036 peer_stage2_home_max_queue=40 peer_stage2_home_response_queue_drops=0 peer_stage2_home_response_send_wait_ms=12872.404279 avg_peer_stage2_home_queue_wait_us=60.162535 avg_peer_stage2_home_execution_us=76.682748 peer_stage1_release_deferred_batches=142 peer_stage1_release_deferred_items=255 peer_stage1_duplicate_retry_responses=0 peer_stage1_admission_retry_responses=0 peer_stage1_retry_response_drops=0 peer_stage1_admission_waiters=0 peer_stage1_admission_waiter_items=0 peer_stage1_admission_owned_items=0 peer_stage1_admission_wake_coverage=0 peer_stage1_admission_parked=0 peer_stage1_admission_woken=0 peer_stage1_admission_reparked=0 peer_stage1_max_admission_waiters=0 peer_stage1_duplicate_coalesced=34 peer_reverse_enqueued=24014 peer_reverse_processed=24014 peer_reverse_remaining=0 peer_reverse_items_enqueued=393173 peer_reverse_items_processed=393173 peer_reverse_rate_per_sec=1247.762722 peer_reverse_failed=53 peer_reverse_max_queue=55 reclaim_pending=0 reclaim_reused=9202 dynamic_high_watermark=20034232800 stage2_remaining=0 cleanup_remaining=0 active_contexts=0 active_context_limit=48 repair_remaining=0 remaining=0
[STATUS]: storage-owner maintenance observation: enqueued=53948 stage2_enqueued=53948 cleanup_enqueued=0 stage2_tasks_done=53948 stage2_finalized_live=53948 cleanup_processed=0 stale=0 stage2_completion_ratio=1.000000 live_stage2_completion_ratio=1.000000 avg_stage2_delay_ms=29544.204378 p99_stage2_delay_upper_ms=30000.000000 p99_stage2_delay_over_30s=true stage2_delay_histogram=0,0,0,0,0,0,41,205,183,127,301,334,1710,256,1541,3109,17548,28593 max_stage2_delay_ms=50159.299540 compaction_batch_target=32 compaction_max_delay_ms=25.000000 stage2_rate_per_sec=168.532585 stage1_search_budget_exhausted=0 stage2_search_budget_exhausted=0 stage2_continuations=53948 stage2_remote_frontier_items=69922109 avg_stage2_remote_frontier=1296.101969 stage2_remote_expansions=1724934 avg_stage2_remote_expansions=31.974012 stage2_scored_candidates=121305209 avg_stage2_scored_candidates=2248.558037 stage2_graph_read_waves=381549 avg_stage2_expansions_per_graph_wave=4.520872 stage2_graph_unique_reads=1783697 stage2_graph_prefetch_issued=1254966 stage2_graph_prefetch_hits=1196203 stage2_graph_prefetch_wasted=58763 stage2_graph_prefetch_promotion_ratio=0.953176 stage2_graph_issue_width_current=16 stage2_vector_read_waves=824001 avg_stage2_scores_per_vector_wave=147.214881 stage2_vector_unique_reads=80317410 stage2_home_rpc_batches=608293 stage2_home_rpc_items=71052666 avg_stage2_home_rpc_batch=116.806647 stage2_home_score_rpc_batches=280567 stage2_home_score_rpc_items=69268969 stage2_home_score_rpc_queries=1654159 stage2_home_score_rpc_request_bytes=1844050824 stage2_home_score_rpc_response_bytes=2228781376 avg_stage2_home_score_queries_per_rpc=5.895772 avg_stage2_home_score_rpc_batch=246.889224 stage2_home_scored_neighbors=110252466 home_scores_per_expansion=1.551701 stage2_migrations=9202 home_match_rate=0.829428 stage2_final_edges=2051216 stage2_cross_edges_stage1_home=458751 stage2_cross_edges_final_home=288725 cross_edge_reduction_ratio=0.370628 failed=0 rpc_timeouts=0 reverse_aggregate_batches=0 reverse_aggregate_logical_requests=0 reverse_aggregate_ops=0 avg_reverse_aggregate_logicals=0.000000 avg_reverse_aggregate_ops=0.000000 max_backlog=24974 admission_window=65536 completion_outstanding=0 completion_incomplete=0 completed_behind_hole=0 completion_logical_full_failures=0 completion_physical_full_failures=0 pressure_yields=1770202 stage2_batches=6760 avg_stage2_batch_size=7.980473 packing_target_batch=8 packing_admit_queue_avg=11385.080178 packing_admit_queue_max=24974 packing_batch_1_7=40 packing_batch_8=6720 packing_assembly_batches=6760 packing_assembly_wait_ms=193023760.571287 packing_arrival_interval_us=25000 packing_waited_batches=40 packing_wait_ms=744.691000 packing_target_flushes=6720 packing_deadline_flushes=40 packing_cleanup_flushes=0 stage2_phase_search_attempts=6760 stage2_phase_search_task_attempts=53948 stage2_phase_search_elapsed_ms=5237085.472104 avg_stage2_phase_search_us_per_task=97076.545416 stage2_phase_freeze_prune_attempts=8390 stage2_phase_freeze_prune_task_attempts=66977 stage2_phase_freeze_prune_elapsed_ms=176375.223435 avg_stage2_phase_freeze_prune_us_per_task=2633.370014 stage2_phase_reverse_prepare_attempts=6760 stage2_phase_reverse_prepare_task_attempts=53948 stage2_phase_reverse_prepare_elapsed_ms=634409.989241 avg_stage2_phase_reverse_prepare_us_per_task=11759.657248 stage2_phase_placement_authority_attempts=6760 stage2_phase_placement_authority_task_attempts=53948 stage2_phase_placement_authority_elapsed_ms=189371.571845 avg_stage2_phase_placement_authority_us_per_task=3510.261212 stage2_phase_completion_handoff_attempts=6760 stage2_phase_completion_handoff_task_attempts=53948 stage2_phase_completion_handoff_elapsed_ms=14.578691 avg_stage2_phase_completion_handoff_us_per_task=0.270236 stage2_phase_finalize_attempts=6760 stage2_phase_finalize_task_attempts=53948 stage2_phase_finalize_elapsed_ms=73.998878 avg_stage2_phase_finalize_us_per_task=1.371670 maintenance_worker_idle_waits=1473472 maintenance_worker_idle_ms=1814560.506726 maintenance_lost_wake_avoided=438933 maintenance_targeted_wakes=5884174 maintenance_generic_wakes=27072 maintenance_broadcast_wakes=0 maintenance_context_slots_scanned=21487824 maintenance_ready_notifications=1799159 maintenance_ready_stale_notifications=119 maintenance_ready_tickets_drained=1373931 maintenance_ready_overflow_scans=0 maintenance_ready_fallback_scans=1343335 stage2_search_lane_lease_limit=32 stage2_search_lane_lease_peak=32 stage2_search_lane_lease_blocked=59776 maintenance_worker_observed_idle_ratio=0.708582 maintenance_worker_observed_busy_ratio=0.291418 physical_stage1_items=53948 physical_stage1_total_ns=243720192642 physical_stage1_search_ns=228097478878 physical_stage1_prune_ns=8731811750 physical_stage1_allocate_write_ns=5099627567 physical_stage1_backlink_ns=1155775709 physical_stage1_candidates=6902789 physical_stage1_remote_frontier_items=69922109 physical_stage1_neighbors=2004209 peer_stage1_enqueued=41797 peer_stage1_processed=41797 peer_stage1_items=86222 avg_peer_stage1_items=2.062875 peer_stage1_rate_per_sec=269.355983 peer_stage1_max_queue=47 peer_stage1_active_workers=0 peer_stage2_home_enqueued=480909 peer_stage2_home_processed=480909 peer_stage2_home_items=57181540 avg_peer_stage2_home_items=118.903036 peer_stage2_home_max_queue=40 peer_stage2_home_response_queue_drops=0 peer_stage2_home_response_send_wait_ms=12872.404279 avg_peer_stage2_home_queue_wait_us=60.162535 avg_peer_stage2_home_execution_us=76.682748 peer_stage1_release_deferred_batches=142 peer_stage1_release_deferred_items=255 peer_stage1_duplicate_retry_responses=0 peer_stage1_admission_retry_responses=0 peer_stage1_retry_response_drops=0 peer_stage1_admission_waiters=0 peer_stage1_admission_waiter_items=0 peer_stage1_admission_owned_items=0 peer_stage1_admission_wake_coverage=0 peer_stage1_admission_parked=0 peer_stage1_admission_woken=0 peer_stage1_admission_reparked=0 peer_stage1_max_admission_waiters=0 peer_stage1_duplicate_coalesced=34 peer_reverse_enqueued=24014 peer_reverse_processed=24014 peer_reverse_remaining=0 peer_reverse_items_enqueued=393173 peer_reverse_items_processed=393173 peer_reverse_rate_per_sec=1228.265406 peer_reverse_failed=53 peer_reverse_max_queue=55 reclaim_pending=0 reclaim_reused=9202 dynamic_high_watermark=20034232800 stage2_remaining=0 cleanup_remaining=0 active_contexts=0 active_context_limit=48 repair_remaining=0 remaining=0
[STATUS]: storage-owner maintenance observation: enqueued=53948 stage2_enqueued=53948 cleanup_enqueued=0 stage2_tasks_done=53948 stage2_finalized_live=53948 cleanup_processed=0 stale=0 stage2_completion_ratio=1.000000 live_stage2_completion_ratio=1.000000 avg_stage2_delay_ms=29544.204378 p99_stage2_delay_upper_ms=30000.000000 p99_stage2_delay_over_30s=true stage2_delay_histogram=0,0,0,0,0,0,41,205,183,127,301,334,1710,256,1541,3109,17548,28593 max_stage2_delay_ms=50159.299540 compaction_batch_target=32 compaction_max_delay_ms=25.000000 stage2_rate_per_sec=165.939740 stage1_search_budget_exhausted=0 stage2_search_budget_exhausted=0 stage2_continuations=53948 stage2_remote_frontier_items=69922109 avg_stage2_remote_frontier=1296.101969 stage2_remote_expansions=1724934 avg_stage2_remote_expansions=31.974012 stage2_scored_candidates=121305209 avg_stage2_scored_candidates=2248.558037 stage2_graph_read_waves=381549 avg_stage2_expansions_per_graph_wave=4.520872 stage2_graph_unique_reads=1783697 stage2_graph_prefetch_issued=1254966 stage2_graph_prefetch_hits=1196203 stage2_graph_prefetch_wasted=58763 stage2_graph_prefetch_promotion_ratio=0.953176 stage2_graph_issue_width_current=16 stage2_vector_read_waves=824001 avg_stage2_scores_per_vector_wave=147.214881 stage2_vector_unique_reads=80317410 stage2_home_rpc_batches=608293 stage2_home_rpc_items=71052666 avg_stage2_home_rpc_batch=116.806647 stage2_home_score_rpc_batches=280567 stage2_home_score_rpc_items=69268969 stage2_home_score_rpc_queries=1654159 stage2_home_score_rpc_request_bytes=1844050824 stage2_home_score_rpc_response_bytes=2228781376 avg_stage2_home_score_queries_per_rpc=5.895772 avg_stage2_home_score_rpc_batch=246.889224 stage2_home_scored_neighbors=110252466 home_scores_per_expansion=1.551701 stage2_migrations=9202 home_match_rate=0.829428 stage2_final_edges=2051216 stage2_cross_edges_stage1_home=458751 stage2_cross_edges_final_home=288725 cross_edge_reduction_ratio=0.370628 failed=0 rpc_timeouts=0 reverse_aggregate_batches=0 reverse_aggregate_logical_requests=0 reverse_aggregate_ops=0 avg_reverse_aggregate_logicals=0.000000 avg_reverse_aggregate_ops=0.000000 max_backlog=24974 admission_window=65536 completion_outstanding=0 completion_incomplete=0 completed_behind_hole=0 completion_logical_full_failures=0 completion_physical_full_failures=0 pressure_yields=1770202 stage2_batches=6760 avg_stage2_batch_size=7.980473 packing_target_batch=8 packing_admit_queue_avg=11385.080178 packing_admit_queue_max=24974 packing_batch_1_7=40 packing_batch_8=6720 packing_assembly_batches=6760 packing_assembly_wait_ms=193023760.571287 packing_arrival_interval_us=25000 packing_waited_batches=40 packing_wait_ms=744.691000 packing_target_flushes=6720 packing_deadline_flushes=40 packing_cleanup_flushes=0 stage2_phase_search_attempts=6760 stage2_phase_search_task_attempts=53948 stage2_phase_search_elapsed_ms=5237085.472104 avg_stage2_phase_search_us_per_task=97076.545416 stage2_phase_freeze_prune_attempts=8390 stage2_phase_freeze_prune_task_attempts=66977 stage2_phase_freeze_prune_elapsed_ms=176375.223435 avg_stage2_phase_freeze_prune_us_per_task=2633.370014 stage2_phase_reverse_prepare_attempts=6760 stage2_phase_reverse_prepare_task_attempts=53948 stage2_phase_reverse_prepare_elapsed_ms=634409.989241 avg_stage2_phase_reverse_prepare_us_per_task=11759.657248 stage2_phase_placement_authority_attempts=6760 stage2_phase_placement_authority_task_attempts=53948 stage2_phase_placement_authority_elapsed_ms=189371.571845 avg_stage2_phase_placement_authority_us_per_task=3510.261212 stage2_phase_completion_handoff_attempts=6760 stage2_phase_completion_handoff_task_attempts=53948 stage2_phase_completion_handoff_elapsed_ms=14.578691 avg_stage2_phase_completion_handoff_us_per_task=0.270236 stage2_phase_finalize_attempts=6760 stage2_phase_finalize_task_attempts=53948 stage2_phase_finalize_elapsed_ms=73.998878 avg_stage2_phase_finalize_us_per_task=1.371670 maintenance_worker_idle_waits=1477504 maintenance_worker_idle_ms=1855118.413535 maintenance_lost_wake_avoided=438933 maintenance_targeted_wakes=5884174 maintenance_generic_wakes=27072 maintenance_broadcast_wakes=0 maintenance_context_slots_scanned=21552336 maintenance_ready_notifications=1799159 maintenance_ready_stale_notifications=119 maintenance_ready_tickets_drained=1373931 maintenance_ready_overflow_scans=0 maintenance_ready_fallback_scans=1347311 stage2_search_lane_lease_limit=32 stage2_search_lane_lease_peak=32 stage2_search_lane_lease_blocked=59776 maintenance_worker_observed_idle_ratio=0.713275 maintenance_worker_observed_busy_ratio=0.286725 physical_stage1_items=53948 physical_stage1_total_ns=243720192642 physical_stage1_search_ns=228097478878 physical_stage1_prune_ns=8731811750 physical_stage1_allocate_write_ns=5099627567 physical_stage1_backlink_ns=1155775709 physical_stage1_candidates=6902789 physical_stage1_remote_frontier_items=69922109 physical_stage1_neighbors=2004209 peer_stage1_enqueued=41797 peer_stage1_processed=41797 peer_stage1_items=86222 avg_peer_stage1_items=2.062875 peer_stage1_rate_per_sec=265.211987 peer_stage1_max_queue=47 peer_stage1_active_workers=0 peer_stage2_home_enqueued=480909 peer_stage2_home_processed=480909 peer_stage2_home_items=57181540 avg_peer_stage2_home_items=118.903036 peer_stage2_home_max_queue=40 peer_stage2_home_response_queue_drops=0 peer_stage2_home_response_send_wait_ms=12872.404279 avg_peer_stage2_home_queue_wait_us=60.162535 avg_peer_stage2_home_execution_us=76.682748 peer_stage1_release_deferred_batches=142 peer_stage1_release_deferred_items=255 peer_stage1_duplicate_retry_responses=0 peer_stage1_admission_retry_responses=0 peer_stage1_retry_response_drops=0 peer_stage1_admission_waiters=0 peer_stage1_admission_waiter_items=0 peer_stage1_admission_owned_items=0 peer_stage1_admission_wake_coverage=0 peer_stage1_admission_parked=0 peer_stage1_admission_woken=0 peer_stage1_admission_reparked=0 peer_stage1_max_admission_waiters=0 peer_stage1_duplicate_coalesced=34 peer_reverse_enqueued=24014 peer_reverse_processed=24014 peer_reverse_remaining=0 peer_reverse_items_enqueued=393173 peer_reverse_items_processed=393173 peer_reverse_rate_per_sec=1209.368753 peer_reverse_failed=53 peer_reverse_max_queue=55 reclaim_pending=0 reclaim_reused=9202 dynamic_high_watermark=20034232800 stage2_remaining=0 cleanup_remaining=0 active_contexts=0 active_context_limit=48 repair_remaining=0 remaining=0
[STATUS]: storage-owner maintenance observation: enqueued=53948 stage2_enqueued=53948 cleanup_enqueued=0 stage2_tasks_done=53948 stage2_finalized_live=53948 cleanup_processed=0 stale=0 stage2_completion_ratio=1.000000 live_stage2_completion_ratio=1.000000 avg_stage2_delay_ms=29544.204378 p99_stage2_delay_upper_ms=30000.000000 p99_stage2_delay_over_30s=true stage2_delay_histogram=0,0,0,0,0,0,41,205,183,127,301,334,1710,256,1541,3109,17548,28593 max_stage2_delay_ms=50159.299540 compaction_batch_target=32 compaction_max_delay_ms=25.000000 stage2_rate_per_sec=163.426184 stage1_search_budget_exhausted=0 stage2_search_budget_exhausted=0 stage2_continuations=53948 stage2_remote_frontier_items=69922109 avg_stage2_remote_frontier=1296.101969 stage2_remote_expansions=1724934 avg_stage2_remote_expansions=31.974012 stage2_scored_candidates=121305209 avg_stage2_scored_candidates=2248.558037 stage2_graph_read_waves=381549 avg_stage2_expansions_per_graph_wave=4.520872 stage2_graph_unique_reads=1783697 stage2_graph_prefetch_issued=1254966 stage2_graph_prefetch_hits=1196203 stage2_graph_prefetch_wasted=58763 stage2_graph_prefetch_promotion_ratio=0.953176 stage2_graph_issue_width_current=16 stage2_vector_read_waves=824001 avg_stage2_scores_per_vector_wave=147.214881 stage2_vector_unique_reads=80317410 stage2_home_rpc_batches=608293 stage2_home_rpc_items=71052666 avg_stage2_home_rpc_batch=116.806647 stage2_home_score_rpc_batches=280567 stage2_home_score_rpc_items=69268969 stage2_home_score_rpc_queries=1654159 stage2_home_score_rpc_request_bytes=1844050824 stage2_home_score_rpc_response_bytes=2228781376 avg_stage2_home_score_queries_per_rpc=5.895772 avg_stage2_home_score_rpc_batch=246.889224 stage2_home_scored_neighbors=110252466 home_scores_per_expansion=1.551701 stage2_migrations=9202 home_match_rate=0.829428 stage2_final_edges=2051216 stage2_cross_edges_stage1_home=458751 stage2_cross_edges_final_home=288725 cross_edge_reduction_ratio=0.370628 failed=0 rpc_timeouts=0 reverse_aggregate_batches=0 reverse_aggregate_logical_requests=0 reverse_aggregate_ops=0 avg_reverse_aggregate_logicals=0.000000 avg_reverse_aggregate_ops=0.000000 max_backlog=24974 admission_window=65536 completion_outstanding=0 completion_incomplete=0 completed_behind_hole=0 completion_logical_full_failures=0 completion_physical_full_failures=0 pressure_yields=1770202 stage2_batches=6760 avg_stage2_batch_size=7.980473 packing_target_batch=8 packing_admit_queue_avg=11385.080178 packing_admit_queue_max=24974 packing_batch_1_7=40 packing_batch_8=6720 packing_assembly_batches=6760 packing_assembly_wait_ms=193023760.571287 packing_arrival_interval_us=25000 packing_waited_batches=40 packing_wait_ms=744.691000 packing_target_flushes=6720 packing_deadline_flushes=40 packing_cleanup_flushes=0 stage2_phase_search_attempts=6760 stage2_phase_search_task_attempts=53948 stage2_phase_search_elapsed_ms=5237085.472104 avg_stage2_phase_search_us_per_task=97076.545416 stage2_phase_freeze_prune_attempts=8390 stage2_phase_freeze_prune_task_attempts=66977 stage2_phase_freeze_prune_elapsed_ms=176375.223435 avg_stage2_phase_freeze_prune_us_per_task=2633.370014 stage2_phase_reverse_prepare_attempts=6760 stage2_phase_reverse_prepare_task_attempts=53948 stage2_phase_reverse_prepare_elapsed_ms=634409.989241 avg_stage2_phase_reverse_prepare_us_per_task=11759.657248 stage2_phase_placement_authority_attempts=6760 stage2_phase_placement_authority_task_attempts=53948 stage2_phase_placement_authority_elapsed_ms=189371.571845 avg_stage2_phase_placement_authority_us_per_task=3510.261212 stage2_phase_completion_handoff_attempts=6760 stage2_phase_completion_handoff_task_attempts=53948 stage2_phase_completion_handoff_elapsed_ms=14.578691 avg_stage2_phase_completion_handoff_us_per_task=0.270236 stage2_phase_finalize_attempts=6760 stage2_phase_finalize_task_attempts=53948 stage2_phase_finalize_elapsed_ms=73.998878 avg_stage2_phase_finalize_us_per_task=1.371670 maintenance_worker_idle_waits=1481536 maintenance_worker_idle_ms=1895676.951074 maintenance_lost_wake_avoided=438933 maintenance_targeted_wakes=5884174 maintenance_generic_wakes=27072 maintenance_broadcast_wakes=0 maintenance_context_slots_scanned=21616848 maintenance_ready_notifications=1799159 maintenance_ready_stale_notifications=119 maintenance_ready_tickets_drained=1373931 maintenance_ready_overflow_scans=0 maintenance_ready_fallback_scans=1351286 stage2_search_lane_lease_limit=32 stage2_search_lane_lease_peak=32 stage2_search_lane_lease_blocked=59776 maintenance_worker_observed_idle_ratio=0.717828 maintenance_worker_observed_busy_ratio=0.282172 physical_stage1_items=53948 physical_stage1_total_ns=243720192642 physical_stage1_search_ns=228097478878 physical_stage1_prune_ns=8731811750 physical_stage1_allocate_write_ns=5099627567 physical_stage1_backlink_ns=1155775709 physical_stage1_candidates=6902789 physical_stage1_remote_frontier_items=69922109 physical_stage1_neighbors=2004209 peer_stage1_enqueued=41797 peer_stage1_processed=41797 peer_stage1_items=86222 avg_peer_stage1_items=2.062875 peer_stage1_rate_per_sec=261.194714 peer_stage1_max_queue=47 peer_stage1_active_workers=0 peer_stage2_home_enqueued=480909 peer_stage2_home_processed=480909 peer_stage2_home_items=57181540 avg_peer_stage2_home_items=118.903036 peer_stage2_home_max_queue=40 peer_stage2_home_response_queue_drops=0 peer_stage2_home_response_send_wait_ms=12872.404279 avg_peer_stage2_home_queue_wait_us=60.162535 avg_peer_stage2_home_execution_us=76.682748 peer_stage1_release_deferred_batches=142 peer_stage1_release_deferred_items=255 peer_stage1_duplicate_retry_responses=0 peer_stage1_admission_retry_responses=0 peer_stage1_retry_response_drops=0 peer_stage1_admission_waiters=0 peer_stage1_admission_waiter_items=0 peer_stage1_admission_owned_items=0 peer_stage1_admission_wake_coverage=0 peer_stage1_admission_parked=0 peer_stage1_admission_woken=0 peer_stage1_admission_reparked=0 peer_stage1_max_admission_waiters=0 peer_stage1_duplicate_coalesced=34 peer_reverse_enqueued=24014 peer_reverse_processed=24014 peer_reverse_remaining=0 peer_reverse_items_enqueued=393173 peer_reverse_items_processed=393173 peer_reverse_rate_per_sec=1191.049957 peer_reverse_failed=53 peer_reverse_max_queue=55 reclaim_pending=0 reclaim_reused=9202 dynamic_high_watermark=20034232800 stage2_remaining=0 cleanup_remaining=0 active_contexts=0 active_context_limit=48 repair_remaining=0 remaining=0
[STATUS]: storage-owner maintenance observation: enqueued=53948 stage2_enqueued=53948 cleanup_enqueued=0 stage2_tasks_done=53948 stage2_finalized_live=53948 cleanup_processed=0 stale=0 stage2_completion_ratio=1.000000 live_stage2_completion_ratio=1.000000 avg_stage2_delay_ms=29544.204378 p99_stage2_delay_upper_ms=30000.000000 p99_stage2_delay_over_30s=true stage2_delay_histogram=0,0,0,0,0,0,41,205,183,127,301,334,1710,256,1541,3109,17548,28593 max_stage2_delay_ms=50159.299540 compaction_batch_target=32 compaction_max_delay_ms=25.000000 stage2_rate_per_sec=160.987438 stage1_search_budget_exhausted=0 stage2_search_budget_exhausted=0 stage2_continuations=53948 stage2_remote_frontier_items=69922109 avg_stage2_remote_frontier=1296.101969 stage2_remote_expansions=1724934 avg_stage2_remote_expansions=31.974012 stage2_scored_candidates=121305209 avg_stage2_scored_candidates=2248.558037 stage2_graph_read_waves=381549 avg_stage2_expansions_per_graph_wave=4.520872 stage2_graph_unique_reads=1783697 stage2_graph_prefetch_issued=1254966 stage2_graph_prefetch_hits=1196203 stage2_graph_prefetch_wasted=58763 stage2_graph_prefetch_promotion_ratio=0.953176 stage2_graph_issue_width_current=16 stage2_vector_read_waves=824001 avg_stage2_scores_per_vector_wave=147.214881 stage2_vector_unique_reads=80317410 stage2_home_rpc_batches=608293 stage2_home_rpc_items=71052666 avg_stage2_home_rpc_batch=116.806647 stage2_home_score_rpc_batches=280567 stage2_home_score_rpc_items=69268969 stage2_home_score_rpc_queries=1654159 stage2_home_score_rpc_request_bytes=1844050824 stage2_home_score_rpc_response_bytes=2228781376 avg_stage2_home_score_queries_per_rpc=5.895772 avg_stage2_home_score_rpc_batch=246.889224 stage2_home_scored_neighbors=110252466 home_scores_per_expansion=1.551701 stage2_migrations=9202 home_match_rate=0.829428 stage2_final_edges=2051216 stage2_cross_edges_stage1_home=458751 stage2_cross_edges_final_home=288725 cross_edge_reduction_ratio=0.370628 failed=0 rpc_timeouts=0 reverse_aggregate_batches=0 reverse_aggregate_logical_requests=0 reverse_aggregate_ops=0 avg_reverse_aggregate_logicals=0.000000 avg_reverse_aggregate_ops=0.000000 max_backlog=24974 admission_window=65536 completion_outstanding=0 completion_incomplete=0 completed_behind_hole=0 completion_logical_full_failures=0 completion_physical_full_failures=0 pressure_yields=1770202 stage2_batches=6760 avg_stage2_batch_size=7.980473 packing_target_batch=8 packing_admit_queue_avg=11385.080178 packing_admit_queue_max=24974 packing_batch_1_7=40 packing_batch_8=6720 packing_assembly_batches=6760 packing_assembly_wait_ms=193023760.571287 packing_arrival_interval_us=25000 packing_waited_batches=40 packing_wait_ms=744.691000 packing_target_flushes=6720 packing_deadline_flushes=40 packing_cleanup_flushes=0 stage2_phase_search_attempts=6760 stage2_phase_search_task_attempts=53948 stage2_phase_search_elapsed_ms=5237085.472104 avg_stage2_phase_search_us_per_task=97076.545416 stage2_phase_freeze_prune_attempts=8390 stage2_phase_freeze_prune_task_attempts=66977 stage2_phase_freeze_prune_elapsed_ms=176375.223435 avg_stage2_phase_freeze_prune_us_per_task=2633.370014 stage2_phase_reverse_prepare_attempts=6760 stage2_phase_reverse_prepare_task_attempts=53948 stage2_phase_reverse_prepare_elapsed_ms=634409.989241 avg_stage2_phase_reverse_prepare_us_per_task=11759.657248 stage2_phase_placement_authority_attempts=6760 stage2_phase_placement_authority_task_attempts=53948 stage2_phase_placement_authority_elapsed_ms=189371.571845 avg_stage2_phase_placement_authority_us_per_task=3510.261212 stage2_phase_completion_handoff_attempts=6760 stage2_phase_completion_handoff_task_attempts=53948 stage2_phase_completion_handoff_elapsed_ms=14.578691 avg_stage2_phase_completion_handoff_us_per_task=0.270236 stage2_phase_finalize_attempts=6760 stage2_phase_finalize_task_attempts=53948 stage2_phase_finalize_elapsed_ms=73.998878 avg_stage2_phase_finalize_us_per_task=1.371670 maintenance_worker_idle_waits=1485568 maintenance_worker_idle_ms=1936235.774595 maintenance_lost_wake_avoided=438933 maintenance_targeted_wakes=5884174 maintenance_generic_wakes=27072 maintenance_broadcast_wakes=0 maintenance_context_slots_scanned=21681360 maintenance_ready_notifications=1799159 maintenance_ready_stale_notifications=119 maintenance_ready_tickets_drained=1373931 maintenance_ready_overflow_scans=0 maintenance_ready_fallback_scans=1355261 stage2_search_lane_lease_limit=32 stage2_search_lane_lease_peak=32 stage2_search_lane_lease_blocked=59776 maintenance_worker_observed_idle_ratio=0.722246 maintenance_worker_observed_busy_ratio=0.277754 physical_stage1_items=53948 physical_stage1_total_ns=243720192642 physical_stage1_search_ns=228097478878 physical_stage1_prune_ns=8731811750 physical_stage1_allocate_write_ns=5099627567 physical_stage1_backlink_ns=1155775709 physical_stage1_candidates=6902789 physical_stage1_remote_frontier_items=69922109 physical_stage1_neighbors=2004209 peer_stage1_enqueued=41797 peer_stage1_processed=41797 peer_stage1_items=86222 avg_peer_stage1_items=2.062875 peer_stage1_rate_per_sec=257.297005 peer_stage1_max_queue=47 peer_stage1_active_workers=0 peer_stage2_home_enqueued=480909 peer_stage2_home_processed=480909 peer_stage2_home_items=57181540 avg_peer_stage2_home_items=118.903036 peer_stage2_home_max_queue=40 peer_stage2_home_response_queue_drops=0 peer_stage2_home_response_send_wait_ms=12872.404279 avg_peer_stage2_home_queue_wait_us=60.162535 avg_peer_stage2_home_execution_us=76.682748 peer_stage1_release_deferred_batches=142 peer_stage1_release_deferred_items=255 peer_stage1_duplicate_retry_responses=0 peer_stage1_admission_retry_responses=0 peer_stage1_retry_response_drops=0 peer_stage1_admission_waiters=0 peer_stage1_admission_waiter_items=0 peer_stage1_admission_owned_items=0 peer_stage1_admission_wake_coverage=0 peer_stage1_admission_parked=0 peer_stage1_admission_woken=0 peer_stage1_admission_reparked=0 peer_stage1_max_admission_waiters=0 peer_stage1_duplicate_coalesced=34 peer_reverse_enqueued=24014 peer_reverse_processed=24014 peer_reverse_remaining=0 peer_reverse_items_enqueued=393173 peer_reverse_items_processed=393173 peer_reverse_rate_per_sec=1173.276374 peer_reverse_failed=53 peer_reverse_max_queue=55 reclaim_pending=0 reclaim_reused=9202 dynamic_high_watermark=20034232800 stage2_remaining=0 cleanup_remaining=0 active_contexts=0 active_context_limit=48 repair_remaining=0 remaining=0
[STATUS]: storage-owner maintenance observation: enqueued=53948 stage2_enqueued=53948 cleanup_enqueued=0 stage2_tasks_done=53948 stage2_finalized_live=53948 cleanup_processed=0 stale=0 stage2_completion_ratio=1.000000 live_stage2_completion_ratio=1.000000 avg_stage2_delay_ms=29544.204378 p99_stage2_delay_upper_ms=30000.000000 p99_stage2_delay_over_30s=true stage2_delay_histogram=0,0,0,0,0,0,41,205,183,127,301,334,1710,256,1541,3109,17548,28593 max_stage2_delay_ms=50159.299540 compaction_batch_target=32 compaction_max_delay_ms=25.000000 stage2_rate_per_sec=158.619844 stage1_search_budget_exhausted=0 stage2_search_budget_exhausted=0 stage2_continuations=53948 stage2_remote_frontier_items=69922109 avg_stage2_remote_frontier=1296.101969 stage2_remote_expansions=1724934 avg_stage2_remote_expansions=31.974012 stage2_scored_candidates=121305209 avg_stage2_scored_candidates=2248.558037 stage2_graph_read_waves=381549 avg_stage2_expansions_per_graph_wave=4.520872 stage2_graph_unique_reads=1783697 stage2_graph_prefetch_issued=1254966 stage2_graph_prefetch_hits=1196203 stage2_graph_prefetch_wasted=58763 stage2_graph_prefetch_promotion_ratio=0.953176 stage2_graph_issue_width_current=16 stage2_vector_read_waves=824001 avg_stage2_scores_per_vector_wave=147.214881 stage2_vector_unique_reads=80317410 stage2_home_rpc_batches=608293 stage2_home_rpc_items=71052666 avg_stage2_home_rpc_batch=116.806647 stage2_home_score_rpc_batches=280567 stage2_home_score_rpc_items=69268969 stage2_home_score_rpc_queries=1654159 stage2_home_score_rpc_request_bytes=1844050824 stage2_home_score_rpc_response_bytes=2228781376 avg_stage2_home_score_queries_per_rpc=5.895772 avg_stage2_home_score_rpc_batch=246.889224 stage2_home_scored_neighbors=110252466 home_scores_per_expansion=1.551701 stage2_migrations=9202 home_match_rate=0.829428 stage2_final_edges=2051216 stage2_cross_edges_stage1_home=458751 stage2_cross_edges_final_home=288725 cross_edge_reduction_ratio=0.370628 failed=0 rpc_timeouts=0 reverse_aggregate_batches=0 reverse_aggregate_logical_requests=0 reverse_aggregate_ops=0 avg_reverse_aggregate_logicals=0.000000 avg_reverse_aggregate_ops=0.000000 max_backlog=24974 admission_window=65536 completion_outstanding=0 completion_incomplete=0 completed_behind_hole=0 completion_logical_full_failures=0 completion_physical_full_failures=0 pressure_yields=1770202 stage2_batches=6760 avg_stage2_batch_size=7.980473 packing_target_batch=8 packing_admit_queue_avg=11385.080178 packing_admit_queue_max=24974 packing_batch_1_7=40 packing_batch_8=6720 packing_assembly_batches=6760 packing_assembly_wait_ms=193023760.571287 packing_arrival_interval_us=25000 packing_waited_batches=40 packing_wait_ms=744.691000 packing_target_flushes=6720 packing_deadline_flushes=40 packing_cleanup_flushes=0 stage2_phase_search_attempts=6760 stage2_phase_search_task_attempts=53948 stage2_phase_search_elapsed_ms=5237085.472104 avg_stage2_phase_search_us_per_task=97076.545416 stage2_phase_freeze_prune_attempts=8390 stage2_phase_freeze_prune_task_attempts=66977 stage2_phase_freeze_prune_elapsed_ms=176375.223435 avg_stage2_phase_freeze_prune_us_per_task=2633.370014 stage2_phase_reverse_prepare_attempts=6760 stage2_phase_reverse_prepare_task_attempts=53948 stage2_phase_reverse_prepare_elapsed_ms=634409.989241 avg_stage2_phase_reverse_prepare_us_per_task=11759.657248 stage2_phase_placement_authority_attempts=6760 stage2_phase_placement_authority_task_attempts=53948 stage2_phase_placement_authority_elapsed_ms=189371.571845 avg_stage2_phase_placement_authority_us_per_task=3510.261212 stage2_phase_completion_handoff_attempts=6760 stage2_phase_completion_handoff_task_attempts=53948 stage2_phase_completion_handoff_elapsed_ms=14.578691 avg_stage2_phase_completion_handoff_us_per_task=0.270236 stage2_phase_finalize_attempts=6760 stage2_phase_finalize_task_attempts=53948 stage2_phase_finalize_elapsed_ms=73.998878 avg_stage2_phase_finalize_us_per_task=1.371670 maintenance_worker_idle_waits=1489408 maintenance_worker_idle_ms=1974863.070859 maintenance_lost_wake_avoided=438933 maintenance_targeted_wakes=5884174 maintenance_generic_wakes=27072 maintenance_broadcast_wakes=0 maintenance_context_slots_scanned=21742800 maintenance_ready_notifications=1799159 maintenance_ready_stale_notifications=119 maintenance_ready_tickets_drained=1373931 maintenance_ready_overflow_scans=0 maintenance_ready_fallback_scans=1359237 stage2_search_lane_lease_limit=32 stage2_search_lane_lease_peak=32 stage2_search_lane_lease_blocked=59776 maintenance_worker_observed_idle_ratio=0.725820 maintenance_worker_observed_busy_ratio=0.274180 physical_stage1_items=53948 physical_stage1_total_ns=243720192642 physical_stage1_search_ns=228097478878 physical_stage1_prune_ns=8731811750 physical_stage1_allocate_write_ns=5099627567 physical_stage1_backlink_ns=1155775709 physical_stage1_candidates=6902789 physical_stage1_remote_frontier_items=69922109 physical_stage1_neighbors=2004209 peer_stage1_enqueued=41797 peer_stage1_processed=41797 peer_stage1_items=86222 avg_peer_stage1_items=2.062875 peer_stage1_rate_per_sec=253.513016 peer_stage1_max_queue=47 peer_stage1_active_workers=0 peer_stage2_home_enqueued=480909 peer_stage2_home_processed=480909 peer_stage2_home_items=57181540 avg_peer_stage2_home_items=118.903036 peer_stage2_home_max_queue=40 peer_stage2_home_response_queue_drops=0 peer_stage2_home_response_send_wait_ms=12872.404279 avg_peer_stage2_home_queue_wait_us=60.162535 avg_peer_stage2_home_execution_us=76.682748 peer_stage1_release_deferred_batches=142 peer_stage1_release_deferred_items=255 peer_stage1_duplicate_retry_responses=0 peer_stage1_admission_retry_responses=0 peer_stage1_retry_response_drops=0 peer_stage1_admission_waiters=0 peer_stage1_admission_waiter_items=0 peer_stage1_admission_owned_items=0 peer_stage1_admission_wake_coverage=0 peer_stage1_admission_parked=0 peer_stage1_admission_woken=0 peer_stage1_admission_reparked=0 peer_stage1_max_admission_waiters=0 peer_stage1_duplicate_coalesced=34 peer_reverse_enqueued=24014 peer_reverse_processed=24014 peer_reverse_remaining=0 peer_reverse_items_enqueued=393173 peer_reverse_items_processed=393173 peer_reverse_rate_per_sec=1156.021350 peer_reverse_failed=53 peer_reverse_max_queue=55 reclaim_pending=0 reclaim_reused=9202 dynamic_high_watermark=20034232800 stage2_remaining=0 cleanup_remaining=0 active_contexts=0 active_context_limit=48 repair_remaining=0 remaining=0
[STATUS]: storage-owner maintenance observation: enqueued=53948 stage2_enqueued=53948 cleanup_enqueued=0 stage2_tasks_done=53948 stage2_finalized_live=53948 cleanup_processed=0 stale=0 stage2_completion_ratio=1.000000 live_stage2_completion_ratio=1.000000 avg_stage2_delay_ms=29544.204378 p99_stage2_delay_upper_ms=30000.000000 p99_stage2_delay_over_30s=true stage2_delay_histogram=0,0,0,0,0,0,41,205,183,127,301,334,1710,256,1541,3109,17548,28593 max_stage2_delay_ms=50159.299540 compaction_batch_target=32 compaction_max_delay_ms=25.000000 stage2_rate_per_sec=156.321549 stage1_search_budget_exhausted=0 stage2_search_budget_exhausted=0 stage2_continuations=53948 stage2_remote_frontier_items=69922109 avg_stage2_remote_frontier=1296.101969 stage2_remote_expansions=1724934 avg_stage2_remote_expansions=31.974012 stage2_scored_candidates=121305209 avg_stage2_scored_candidates=2248.558037 stage2_graph_read_waves=381549 avg_stage2_expansions_per_graph_wave=4.520872 stage2_graph_unique_reads=1783697 stage2_graph_prefetch_issued=1254966 stage2_graph_prefetch_hits=1196203 stage2_graph_prefetch_wasted=58763 stage2_graph_prefetch_promotion_ratio=0.953176 stage2_graph_issue_width_current=16 stage2_vector_read_waves=824001 avg_stage2_scores_per_vector_wave=147.214881 stage2_vector_unique_reads=80317410 stage2_home_rpc_batches=608293 stage2_home_rpc_items=71052666 avg_stage2_home_rpc_batch=116.806647 stage2_home_score_rpc_batches=280567 stage2_home_score_rpc_items=69268969 stage2_home_score_rpc_queries=1654159 stage2_home_score_rpc_request_bytes=1844050824 stage2_home_score_rpc_response_bytes=2228781376 avg_stage2_home_score_queries_per_rpc=5.895772 avg_stage2_home_score_rpc_batch=246.889224 stage2_home_scored_neighbors=110252466 home_scores_per_expansion=1.551701 stage2_migrations=9202 home_match_rate=0.829428 stage2_final_edges=2051216 stage2_cross_edges_stage1_home=458751 stage2_cross_edges_final_home=288725 cross_edge_reduction_ratio=0.370628 failed=0 rpc_timeouts=0 reverse_aggregate_batches=0 reverse_aggregate_logical_requests=0 reverse_aggregate_ops=0 avg_reverse_aggregate_logicals=0.000000 avg_reverse_aggregate_ops=0.000000 max_backlog=24974 admission_window=65536 completion_outstanding=0 completion_incomplete=0 completed_behind_hole=0 completion_logical_full_failures=0 completion_physical_full_failures=0 pressure_yields=1770202 stage2_batches=6760 avg_stage2_batch_size=7.980473 packing_target_batch=8 packing_admit_queue_avg=11385.080178 packing_admit_queue_max=24974 packing_batch_1_7=40 packing_batch_8=6720 packing_assembly_batches=6760 packing_assembly_wait_ms=193023760.571287 packing_arrival_interval_us=25000 packing_waited_batches=40 packing_wait_ms=744.691000 packing_target_flushes=6720 packing_deadline_flushes=40 packing_cleanup_flushes=0 stage2_phase_search_attempts=6760 stage2_phase_search_task_attempts=53948 stage2_phase_search_elapsed_ms=5237085.472104 avg_stage2_phase_search_us_per_task=97076.545416 stage2_phase_freeze_prune_attempts=8390 stage2_phase_freeze_prune_task_attempts=66977 stage2_phase_freeze_prune_elapsed_ms=176375.223435 avg_stage2_phase_freeze_prune_us_per_task=2633.370014 stage2_phase_reverse_prepare_attempts=6760 stage2_phase_reverse_prepare_task_attempts=53948 stage2_phase_reverse_prepare_elapsed_ms=634409.989241 avg_stage2_phase_reverse_prepare_us_per_task=11759.657248 stage2_phase_placement_authority_attempts=6760 stage2_phase_placement_authority_task_attempts=53948 stage2_phase_placement_authority_elapsed_ms=189371.571845 avg_stage2_phase_placement_authority_us_per_task=3510.261212 stage2_phase_completion_handoff_attempts=6760 stage2_phase_completion_handoff_task_attempts=53948 stage2_phase_completion_handoff_elapsed_ms=14.578691 avg_stage2_phase_completion_handoff_us_per_task=0.270236 stage2_phase_finalize_attempts=6760 stage2_phase_finalize_task_attempts=53948 stage2_phase_finalize_elapsed_ms=73.998878 avg_stage2_phase_finalize_us_per_task=1.371670 maintenance_worker_idle_waits=1493376 maintenance_worker_idle_ms=2014778.831548 maintenance_lost_wake_avoided=438933 maintenance_targeted_wakes=5884174 maintenance_generic_wakes=27072 maintenance_broadcast_wakes=0 maintenance_context_slots_scanned=21806288 maintenance_ready_notifications=1799159 maintenance_ready_stale_notifications=119 maintenance_ready_tickets_drained=1373931 maintenance_ready_overflow_scans=0 maintenance_ready_fallback_scans=1363213 stage2_search_lane_lease_limit=32 stage2_search_lane_lease_peak=32 stage2_search_lane_lease_blocked=59776 maintenance_worker_observed_idle_ratio=0.729761 maintenance_worker_observed_busy_ratio=0.270239 physical_stage1_items=53948 physical_stage1_total_ns=243720192642 physical_stage1_search_ns=228097478878 physical_stage1_prune_ns=8731811750 physical_stage1_allocate_write_ns=5099627567 physical_stage1_backlink_ns=1155775709 physical_stage1_candidates=6902789 physical_stage1_remote_frontier_items=69922109 physical_stage1_neighbors=2004209 peer_stage1_enqueued=41797 peer_stage1_processed=41797 peer_stage1_items=86222 avg_peer_stage1_items=2.062875 peer_stage1_rate_per_sec=249.839782 peer_stage1_max_queue=47 peer_stage1_active_workers=0 peer_stage2_home_enqueued=480909 peer_stage2_home_processed=480909 peer_stage2_home_items=57181540 avg_peer_stage2_home_items=118.903036 peer_stage2_home_max_queue=40 peer_stage2_home_response_queue_drops=0 peer_stage2_home_response_send_wait_ms=12872.404279 avg_peer_stage2_home_queue_wait_us=60.162535 avg_peer_stage2_home_execution_us=76.682748 peer_stage1_release_deferred_batches=142 peer_stage1_release_deferred_items=255 peer_stage1_duplicate_retry_responses=0 peer_stage1_admission_retry_responses=0 peer_stage1_retry_response_drops=0 peer_stage1_admission_waiters=0 peer_stage1_admission_waiter_items=0 peer_stage1_admission_owned_items=0 peer_stage1_admission_wake_coverage=0 peer_stage1_admission_parked=0 peer_stage1_admission_woken=0 peer_stage1_admission_reparked=0 peer_stage1_max_admission_waiters=0 peer_stage1_duplicate_coalesced=34 peer_reverse_enqueued=24014 peer_reverse_processed=24014 peer_reverse_remaining=0 peer_reverse_items_enqueued=393173 peer_reverse_items_processed=393173 peer_reverse_rate_per_sec=1139.271376 peer_reverse_failed=53 peer_reverse_max_queue=55 reclaim_pending=0 reclaim_reused=9202 dynamic_high_watermark=20034232800 stage2_remaining=0 cleanup_remaining=0 active_contexts=0 active_context_limit=48 repair_remaining=0 remaining=0
[STATUS]: storage-owner maintenance observation: enqueued=53948 stage2_enqueued=53948 cleanup_enqueued=0 stage2_tasks_done=53948 stage2_finalized_live=53948 cleanup_processed=0 stale=0 stage2_completion_ratio=1.000000 live_stage2_completion_ratio=1.000000 avg_stage2_delay_ms=29544.204378 p99_stage2_delay_upper_ms=30000.000000 p99_stage2_delay_over_30s=true stage2_delay_histogram=0,0,0,0,0,0,41,205,183,127,301,334,1710,256,1541,3109,17548,28593 max_stage2_delay_ms=50159.299540 compaction_batch_target=32 compaction_max_delay_ms=25.000000 stage2_rate_per_sec=154.086932 stage1_search_budget_exhausted=0 stage2_search_budget_exhausted=0 stage2_continuations=53948 stage2_remote_frontier_items=69922109 avg_stage2_remote_frontier=1296.101969 stage2_remote_expansions=1724934 avg_stage2_remote_expansions=31.974012 stage2_scored_candidates=121305209 avg_stage2_scored_candidates=2248.558037 stage2_graph_read_waves=381549 avg_stage2_expansions_per_graph_wave=4.520872 stage2_graph_unique_reads=1783697 stage2_graph_prefetch_issued=1254966 stage2_graph_prefetch_hits=1196203 stage2_graph_prefetch_wasted=58763 stage2_graph_prefetch_promotion_ratio=0.953176 stage2_graph_issue_width_current=16 stage2_vector_read_waves=824001 avg_stage2_scores_per_vector_wave=147.214881 stage2_vector_unique_reads=80317410 stage2_home_rpc_batches=608293 stage2_home_rpc_items=71052666 avg_stage2_home_rpc_batch=116.806647 stage2_home_score_rpc_batches=280567 stage2_home_score_rpc_items=69268969 stage2_home_score_rpc_queries=1654159 stage2_home_score_rpc_request_bytes=1844050824 stage2_home_score_rpc_response_bytes=2228781376 avg_stage2_home_score_queries_per_rpc=5.895772 avg_stage2_home_score_rpc_batch=246.889224 stage2_home_scored_neighbors=110252466 home_scores_per_expansion=1.551701 stage2_migrations=9202 home_match_rate=0.829428 stage2_final_edges=2051216 stage2_cross_edges_stage1_home=458751 stage2_cross_edges_final_home=288725 cross_edge_reduction_ratio=0.370628 failed=0 rpc_timeouts=0 reverse_aggregate_batches=0 reverse_aggregate_logical_requests=0 reverse_aggregate_ops=0 avg_reverse_aggregate_logicals=0.000000 avg_reverse_aggregate_ops=0.000000 max_backlog=24974 admission_window=65536 completion_outstanding=0 completion_incomplete=0 completed_behind_hole=0 completion_logical_full_failures=0 completion_physical_full_failures=0 pressure_yields=1770202 stage2_batches=6760 avg_stage2_batch_size=7.980473 packing_target_batch=8 packing_admit_queue_avg=11385.080178 packing_admit_queue_max=24974 packing_batch_1_7=40 packing_batch_8=6720 packing_assembly_batches=6760 packing_assembly_wait_ms=193023760.571287 packing_arrival_interval_us=25000 packing_waited_batches=40 packing_wait_ms=744.691000 packing_target_flushes=6720 packing_deadline_flushes=40 packing_cleanup_flushes=0 stage2_phase_search_attempts=6760 stage2_phase_search_task_attempts=53948 stage2_phase_search_elapsed_ms=5237085.472104 avg_stage2_phase_search_us_per_task=97076.545416 stage2_phase_freeze_prune_attempts=8390 stage2_phase_freeze_prune_task_attempts=66977 stage2_phase_freeze_prune_elapsed_ms=176375.223435 avg_stage2_phase_freeze_prune_us_per_task=2633.370014 stage2_phase_reverse_prepare_attempts=6760 stage2_phase_reverse_prepare_task_attempts=53948 stage2_phase_reverse_prepare_elapsed_ms=634409.989241 avg_stage2_phase_reverse_prepare_us_per_task=11759.657248 stage2_phase_placement_authority_attempts=6760 stage2_phase_placement_authority_task_attempts=53948 stage2_phase_placement_authority_elapsed_ms=189371.571845 avg_stage2_phase_placement_authority_us_per_task=3510.261212 stage2_phase_completion_handoff_attempts=6760 stage2_phase_completion_handoff_task_attempts=53948 stage2_phase_completion_handoff_elapsed_ms=14.578691 avg_stage2_phase_completion_handoff_us_per_task=0.270236 stage2_phase_finalize_attempts=6760 stage2_phase_finalize_task_attempts=53948 stage2_phase_finalize_elapsed_ms=73.998878 avg_stage2_phase_finalize_us_per_task=1.371670 maintenance_worker_idle_waits=1497408 maintenance_worker_idle_ms=2055337.089576 maintenance_lost_wake_avoided=438933 maintenance_targeted_wakes=5884174 maintenance_generic_wakes=27072 maintenance_broadcast_wakes=0 maintenance_context_slots_scanned=21870800 maintenance_ready_notifications=1799159 maintenance_ready_stale_notifications=119 maintenance_ready_tickets_drained=1373931 maintenance_ready_overflow_scans=0 maintenance_ready_fallback_scans=1367190 stage2_search_lane_lease_limit=32 stage2_search_lane_lease_peak=32 stage2_search_lane_lease_blocked=59776 maintenance_worker_observed_idle_ratio=0.733810 maintenance_worker_observed_busy_ratio=0.266190 physical_stage1_items=53948 physical_stage1_total_ns=243720192642 physical_stage1_search_ns=228097478878 physical_stage1_prune_ns=8731811750 physical_stage1_allocate_write_ns=5099627567 physical_stage1_backlink_ns=1155775709 physical_stage1_candidates=6902789 physical_stage1_remote_frontier_items=69922109 physical_stage1_neighbors=2004209 peer_stage1_enqueued=41797 peer_stage1_processed=41797 peer_stage1_items=86222 avg_peer_stage1_items=2.062875 peer_stage1_rate_per_sec=246.268322 peer_stage1_max_queue=47 peer_stage1_active_workers=0 peer_stage2_home_enqueued=480909 peer_stage2_home_processed=480909 peer_stage2_home_items=57181540 avg_peer_stage2_home_items=118.903036 peer_stage2_home_max_queue=40 peer_stage2_home_response_queue_drops=0 peer_stage2_home_response_send_wait_ms=12872.404279 avg_peer_stage2_home_queue_wait_us=60.162535 avg_peer_stage2_home_execution_us=76.682748 peer_stage1_release_deferred_batches=142 peer_stage1_release_deferred_items=255 peer_stage1_duplicate_retry_responses=0 peer_stage1_admission_retry_responses=0 peer_stage1_retry_response_drops=0 peer_stage1_admission_waiters=0 peer_stage1_admission_waiter_items=0 peer_stage1_admission_owned_items=0 peer_stage1_admission_wake_coverage=0 peer_stage1_admission_parked=0 peer_stage1_admission_woken=0 peer_stage1_admission_reparked=0 peer_stage1_max_admission_waiters=0 peer_stage1_duplicate_coalesced=34 peer_reverse_enqueued=24014 peer_reverse_processed=24014 peer_reverse_remaining=0 peer_reverse_items_enqueued=393173 peer_reverse_items_processed=393173 peer_reverse_rate_per_sec=1122.985492 peer_reverse_failed=53 peer_reverse_max_queue=55 reclaim_pending=0 reclaim_reused=9202 dynamic_high_watermark=20034232800 stage2_remaining=0 cleanup_remaining=0 active_contexts=0 active_context_limit=48 repair_remaining=0 remaining=0
[STATUS]: storage-owner maintenance observation: enqueued=53948 stage2_enqueued=53948 cleanup_enqueued=0 stage2_tasks_done=53948 stage2_finalized_live=53948 cleanup_processed=0 stale=0 stage2_completion_ratio=1.000000 live_stage2_completion_ratio=1.000000 avg_stage2_delay_ms=29544.204378 p99_stage2_delay_upper_ms=30000.000000 p99_stage2_delay_over_30s=true stage2_delay_histogram=0,0,0,0,0,0,41,205,183,127,301,334,1710,256,1541,3109,17548,28593 max_stage2_delay_ms=50159.299540 compaction_batch_target=32 compaction_max_delay_ms=25.000000 stage2_rate_per_sec=151.917335 stage1_search_budget_exhausted=0 stage2_search_budget_exhausted=0 stage2_continuations=53948 stage2_remote_frontier_items=69922109 avg_stage2_remote_frontier=1296.101969 stage2_remote_expansions=1724934 avg_stage2_remote_expansions=31.974012 stage2_scored_candidates=121305209 avg_stage2_scored_candidates=2248.558037 stage2_graph_read_waves=381549 avg_stage2_expansions_per_graph_wave=4.520872 stage2_graph_unique_reads=1783697 stage2_graph_prefetch_issued=1254966 stage2_graph_prefetch_hits=1196203 stage2_graph_prefetch_wasted=58763 stage2_graph_prefetch_promotion_ratio=0.953176 stage2_graph_issue_width_current=16 stage2_vector_read_waves=824001 avg_stage2_scores_per_vector_wave=147.214881 stage2_vector_unique_reads=80317410 stage2_home_rpc_batches=608293 stage2_home_rpc_items=71052666 avg_stage2_home_rpc_batch=116.806647 stage2_home_score_rpc_batches=280567 stage2_home_score_rpc_items=69268969 stage2_home_score_rpc_queries=1654159 stage2_home_score_rpc_request_bytes=1844050824 stage2_home_score_rpc_response_bytes=2228781376 avg_stage2_home_score_queries_per_rpc=5.895772 avg_stage2_home_score_rpc_batch=246.889224 stage2_home_scored_neighbors=110252466 home_scores_per_expansion=1.551701 stage2_migrations=9202 home_match_rate=0.829428 stage2_final_edges=2051216 stage2_cross_edges_stage1_home=458751 stage2_cross_edges_final_home=288725 cross_edge_reduction_ratio=0.370628 failed=0 rpc_timeouts=0 reverse_aggregate_batches=0 reverse_aggregate_logical_requests=0 reverse_aggregate_ops=0 avg_reverse_aggregate_logicals=0.000000 avg_reverse_aggregate_ops=0.000000 max_backlog=24974 admission_window=65536 completion_outstanding=0 completion_incomplete=0 completed_behind_hole=0 completion_logical_full_failures=0 completion_physical_full_failures=0 pressure_yields=1770202 stage2_batches=6760 avg_stage2_batch_size=7.980473 packing_target_batch=8 packing_admit_queue_avg=11385.080178 packing_admit_queue_max=24974 packing_batch_1_7=40 packing_batch_8=6720 packing_assembly_batches=6760 packing_assembly_wait_ms=193023760.571287 packing_arrival_interval_us=25000 packing_waited_batches=40 packing_wait_ms=744.691000 packing_target_flushes=6720 packing_deadline_flushes=40 packing_cleanup_flushes=0 stage2_phase_search_attempts=6760 stage2_phase_search_task_attempts=53948 stage2_phase_search_elapsed_ms=5237085.472104 avg_stage2_phase_search_us_per_task=97076.545416 stage2_phase_freeze_prune_attempts=8390 stage2_phase_freeze_prune_task_attempts=66977 stage2_phase_freeze_prune_elapsed_ms=176375.223435 avg_stage2_phase_freeze_prune_us_per_task=2633.370014 stage2_phase_reverse_prepare_attempts=6760 stage2_phase_reverse_prepare_task_attempts=53948 stage2_phase_reverse_prepare_elapsed_ms=634409.989241 avg_stage2_phase_reverse_prepare_us_per_task=11759.657248 stage2_phase_placement_authority_attempts=6760 stage2_phase_placement_authority_task_attempts=53948 stage2_phase_placement_authority_elapsed_ms=189371.571845 avg_stage2_phase_placement_authority_us_per_task=3510.261212 stage2_phase_completion_handoff_attempts=6760 stage2_phase_completion_handoff_task_attempts=53948 stage2_phase_completion_handoff_elapsed_ms=14.578691 avg_stage2_phase_completion_handoff_us_per_task=0.270236 stage2_phase_finalize_attempts=6760 stage2_phase_finalize_task_attempts=53948 stage2_phase_finalize_elapsed_ms=73.998878 avg_stage2_phase_finalize_us_per_task=1.371670 maintenance_worker_idle_waits=1501440 maintenance_worker_idle_ms=2095897.106434 maintenance_lost_wake_avoided=438933 maintenance_targeted_wakes=5884174 maintenance_generic_wakes=27072 maintenance_broadcast_wakes=0 maintenance_context_slots_scanned=21935312 maintenance_ready_notifications=1799159 maintenance_ready_stale_notifications=119 maintenance_ready_tickets_drained=1373931 maintenance_ready_overflow_scans=0 maintenance_ready_fallback_scans=1371166 stage2_search_lane_lease_limit=32 stage2_search_lane_lease_peak=32 stage2_search_lane_lease_blocked=59776 maintenance_worker_observed_idle_ratio=0.737755 maintenance_worker_observed_busy_ratio=0.262245 physical_stage1_items=53948 physical_stage1_total_ns=243720192642 physical_stage1_search_ns=228097478878 physical_stage1_prune_ns=8731811750 physical_stage1_allocate_write_ns=5099627567 physical_stage1_backlink_ns=1155775709 physical_stage1_candidates=6902789 physical_stage1_remote_frontier_items=69922109 physical_stage1_neighbors=2004209 peer_stage1_enqueued=41797 peer_stage1_processed=41797 peer_stage1_items=86222 avg_peer_stage1_items=2.062875 peer_stage1_rate_per_sec=242.800780 peer_stage1_max_queue=47 peer_stage1_active_workers=0 peer_stage2_home_enqueued=480909 peer_stage2_home_processed=480909 peer_stage2_home_items=57181540 avg_peer_stage2_home_items=118.903036 peer_stage2_home_max_queue=40 peer_stage2_home_response_queue_drops=0 peer_stage2_home_response_send_wait_ms=12872.404279 avg_peer_stage2_home_queue_wait_us=60.162535 avg_peer_stage2_home_execution_us=76.682748 peer_stage1_release_deferred_batches=142 peer_stage1_release_deferred_items=255 peer_stage1_duplicate_retry_responses=0 peer_stage1_admission_retry_responses=0 peer_stage1_retry_response_drops=0 peer_stage1_admission_waiters=0 peer_stage1_admission_waiter_items=0 peer_stage1_admission_owned_items=0 peer_stage1_admission_wake_coverage=0 peer_stage1_admission_parked=0 peer_stage1_admission_woken=0 peer_stage1_admission_reparked=0 peer_stage1_max_admission_waiters=0 peer_stage1_duplicate_coalesced=34 peer_reverse_enqueued=24014 peer_reverse_processed=24014 peer_reverse_remaining=0 peer_reverse_items_enqueued=393173 peer_reverse_items_processed=393173 peer_reverse_rate_per_sec=1107.173470 peer_reverse_failed=53 peer_reverse_max_queue=55 reclaim_pending=0 reclaim_reused=9202 dynamic_high_watermark=20034232800 stage2_remaining=0 cleanup_remaining=0 active_contexts=0 active_context_limit=48 repair_remaining=0 remaining=0
