[repartition][preflight] target_disk_required_gib=98.28 available_gib=904.14
[repartition][preflight] peak_memory_estimate_gib=159.07 available_gib=925.63
reading dataset "/data/xjs/datasets/spacev1b/spacev100m/spacev100m_base.i8bin" (dim=100, vectors=100000000/100000000, dtype=int8, vector_bytes=100)
Reading raw dataset 13% (13421760/100000000) elapsed 0s
Reading raw dataset 27% (27514608/100000000) elapsed 0s
Reading raw dataset 38% (38923104/100000000) elapsed 0s
Reading raw dataset 51% (51673776/100000000) elapsed 1s
Reading raw dataset 64% (64424448/100000000) elapsed 1s
Reading raw dataset 74% (74490768/100000000) elapsed 1s
Reading raw dataset 87% (87241440/100000000) elapsed 1s
Reading raw dataset 100% (100000000/100000000) elapsed 2s done
offline dataset memory: raw_vectors=10000000000 bytes, float_expansion=0 bytes
offline graph memory: neighbors=38400000000 bytes, degrees=100000000 bytes, lock_stripes=1048576
[repartition][source] validated_nodes=1000000/100000000 edges=46341911
[repartition][source] validated_nodes=2000000/100000000 edges=92637691
[repartition][source] validated_nodes=3000000/100000000 edges=138943903
[repartition][source] validated_nodes=4000000/100000000 edges=185277182
[repartition][source] validated_nodes=5000000/100000000 edges=231643193
[repartition][source] validated_nodes=6000000/100000000 edges=277958904
[repartition][source] validated_nodes=7000000/100000000 edges=324288794
[repartition][source] validated_nodes=8000000/100000000 edges=370599608
[repartition][source] validated_nodes=9000000/100000000 edges=416882147
[repartition][source] validated_nodes=10000000/100000000 edges=463207766
[repartition][source] validated_nodes=11000000/100000000 edges=509531881
[repartition][source] validated_nodes=12000000/100000000 edges=555813220
[repartition][source] validated_nodes=13000000/100000000 edges=602198045
[repartition][source] validated_nodes=14000000/100000000 edges=648991896
[repartition][source] validated_nodes=15000000/100000000 edges=695788251
[repartition][source] validated_nodes=16000000/100000000 edges=742556530
[repartition][source] validated_nodes=17000000/100000000 edges=789343792
[repartition][source] validated_nodes=18000000/100000000 edges=836116241
[repartition][source] validated_nodes=19000000/100000000 edges=882956101
[repartition][source] validated_nodes=20000000/100000000 edges=929709566
validated source shard 1/5 nodes=20000000 cumulative_edges=929709566
[repartition][source] validated_nodes=21000000/100000000 edges=976005046
[repartition][source] validated_nodes=22000000/100000000 edges=1022340673
[repartition][source] validated_nodes=23000000/100000000 edges=1068668272
[repartition][source] validated_nodes=24000000/100000000 edges=1114971776
[repartition][source] validated_nodes=25000000/100000000 edges=1161336087
[repartition][source] validated_nodes=26000000/100000000 edges=1207655067
[repartition][source] validated_nodes=27000000/100000000 edges=1253959841
[repartition][source] validated_nodes=28000000/100000000 edges=1300276875
[repartition][source] validated_nodes=29000000/100000000 edges=1346552759
[repartition][source] validated_nodes=30000000/100000000 edges=1392910444
[repartition][source] validated_nodes=31000000/100000000 edges=1439232362
[repartition][source] validated_nodes=32000000/100000000 edges=1485491796
[repartition][source] validated_nodes=33000000/100000000 edges=1531848714
[repartition][source] validated_nodes=34000000/100000000 edges=1578616251
[repartition][source] validated_nodes=35000000/100000000 edges=1625420476
[repartition][source] validated_nodes=36000000/100000000 edges=1672243003
[repartition][source] validated_nodes=37000000/100000000 edges=1719041464
[repartition][source] validated_nodes=38000000/100000000 edges=1765798909
[repartition][source] validated_nodes=39000000/100000000 edges=1812615412
[repartition][source] validated_nodes=40000000/100000000 edges=1859395021
validated source shard 2/5 nodes=20000000 cumulative_edges=1859395021
[repartition][source] validated_nodes=41000000/100000000 edges=1905706849
[repartition][source] validated_nodes=42000000/100000000 edges=1952094745
[repartition][source] validated_nodes=43000000/100000000 edges=1998425352
[repartition][source] validated_nodes=44000000/100000000 edges=2044720091
[repartition][source] validated_nodes=45000000/100000000 edges=2091017961
[repartition][source] validated_nodes=46000000/100000000 edges=2137322237
[repartition][source] validated_nodes=47000000/100000000 edges=2183641267
[repartition][source] validated_nodes=48000000/100000000 edges=2229960841
[repartition][source] validated_nodes=49000000/100000000 edges=2276265124
[repartition][source] validated_nodes=50000000/100000000 edges=2322628458
[repartition][source] validated_nodes=51000000/100000000 edges=2368926198
[repartition][source] validated_nodes=52000000/100000000 edges=2415250541
[repartition][source] validated_nodes=53000000/100000000 edges=2461618772
[repartition][source] validated_nodes=54000000/100000000 edges=2508399326
[repartition][source] validated_nodes=55000000/100000000 edges=2555236249
[repartition][source] validated_nodes=56000000/100000000 edges=2602079411
[repartition][source] validated_nodes=57000000/100000000 edges=2648837266
[repartition][source] validated_nodes=58000000/100000000 edges=2695619290
[repartition][source] validated_nodes=59000000/100000000 edges=2742436447
[repartition][source] validated_nodes=60000000/100000000 edges=2789257828
validated source shard 3/5 nodes=20000000 cumulative_edges=2789257828
[repartition][source] validated_nodes=61000000/100000000 edges=2835554667
[repartition][source] validated_nodes=62000000/100000000 edges=2881889703
[repartition][source] validated_nodes=63000000/100000000 edges=2928200901
[repartition][source] validated_nodes=64000000/100000000 edges=2974524262
[repartition][source] validated_nodes=65000000/100000000 edges=3020872567
[repartition][source] validated_nodes=66000000/100000000 edges=3067153712
[repartition][source] validated_nodes=67000000/100000000 edges=3113462054
[repartition][source] validated_nodes=68000000/100000000 edges=3159789937
[repartition][source] validated_nodes=69000000/100000000 edges=3206103323
[repartition][source] validated_nodes=70000000/100000000 edges=3252413490
[repartition][source] validated_nodes=71000000/100000000 edges=3298734684
[repartition][source] validated_nodes=72000000/100000000 edges=3345022160
[repartition][source] validated_nodes=73000000/100000000 edges=3391378922
[repartition][source] validated_nodes=74000000/100000000 edges=3438150462
[repartition][source] validated_nodes=75000000/100000000 edges=3484939324
[repartition][source] validated_nodes=76000000/100000000 edges=3531724709
[repartition][source] validated_nodes=77000000/100000000 edges=3578492268
[repartition][source] validated_nodes=78000000/100000000 edges=3625280233
[repartition][source] validated_nodes=79000000/100000000 edges=3672047881
[repartition][source] validated_nodes=80000000/100000000 edges=3718837305
validated source shard 4/5 nodes=20000000 cumulative_edges=3718837305
[repartition][source] validated_nodes=81000000/100000000 edges=3765151521
[repartition][source] validated_nodes=82000000/100000000 edges=3811469123
[repartition][source] validated_nodes=83000000/100000000 edges=3857779179
[repartition][source] validated_nodes=84000000/100000000 edges=3904102075
[repartition][source] validated_nodes=85000000/100000000 edges=3950457188
[repartition][source] validated_nodes=86000000/100000000 edges=3996792462
[repartition][source] validated_nodes=87000000/100000000 edges=4043124653
[repartition][source] validated_nodes=88000000/100000000 edges=4089460644
[repartition][source] validated_nodes=89000000/100000000 edges=4135759694
[repartition][source] validated_nodes=90000000/100000000 edges=4182098483
[repartition][source] validated_nodes=91000000/100000000 edges=4228411987
[repartition][source] validated_nodes=92000000/100000000 edges=4274737592
[repartition][source] validated_nodes=93000000/100000000 edges=4321138359
[repartition][source] validated_nodes=94000000/100000000 edges=4367924012
[repartition][source] validated_nodes=95000000/100000000 edges=4414732920
[repartition][source] validated_nodes=96000000/100000000 edges=4461512389
[repartition][source] validated_nodes=97000000/100000000 edges=4508292261
[repartition][source] validated_nodes=98000000/100000000 edges=4555061071
[repartition][source] validated_nodes=99000000/100000000 edges=4601879384
validated source shard 5/5 nodes=20000000 cumulative_edges=4648672462
Exporting Vamana shards 0% (0/100000005) elapsed 15s
Exporting Vamana shards 0% (0/100000005) elapsed 30s
Exporting Vamana shards 0% (0/100000005) elapsed 45s
Exporting Vamana shards 0% (0/100000005) elapsed 1m0s
Exporting Vamana shards 0% (0/100000005) elapsed 1m15s
Exporting Vamana shards 0% (0/100000005) elapsed 1m30s
Exporting Vamana shards 0% (0/100000005) elapsed 1m45s
Exporting Vamana shards 0% (0/100000005) elapsed 2m0s
Exporting Vamana shards 0% (0/100000005) elapsed 2m15s
Exporting Vamana shards 0% (0/100000005) elapsed 2m30s
Exporting Vamana shards 0% (0/100000005) elapsed 2m45s
Exporting Vamana shards 0% (0/100000005) elapsed 3m0s
Exporting Vamana shards 0% (0/100000005) elapsed 3m15s
Exporting Vamana shards 0% (0/100000005) elapsed 3m30s
Exporting Vamana shards 0% (0/100000005) elapsed 3m45s
Exporting Vamana shards 0% (0/100000005) elapsed 4m0s
Exporting Vamana shards 0% (0/100000005) elapsed 4m15s
Exporting Vamana shards 0% (0/100000005) elapsed 4m30s
Exporting Vamana shards 0% (0/100000005) elapsed 4m45s
Exporting Vamana shards 0% (0/100000005) elapsed 5m0s
Exporting Vamana shards 0% (0/100000005) elapsed 5m15s
Exporting Vamana shards 0% (0/100000005) elapsed 5m30s
Exporting Vamana shards 0% (0/100000005) elapsed 5m45s
Exporting Vamana shards 0% (0/100000005) elapsed 6m0s
Exporting Vamana shards 0% (0/100000005) elapsed 6m15s
Exporting Vamana shards 0% (0/100000005) elapsed 6m30s
Exporting Vamana shards 0% (0/100000005) elapsed 6m45s
Exporting Vamana shards 0% (0/100000005) elapsed 7m0s
Exporting Vamana shards 0% (0/100000005) elapsed 7m15s
Exporting Vamana shards 0% (0/100000005) elapsed 7m30s
Exporting Vamana shards 0% (0/100000005) elapsed 7m45s
Exporting Vamana shards 0% (0/100000005) elapsed 8m0s
Exporting Vamana shards 0% (0/100000005) elapsed 8m15s
Exporting Vamana shards 0% (0/100000005) elapsed 8m30s
Exporting Vamana shards 0% (0/100000005) elapsed 8m45s
Exporting Vamana shards 0% (0/100000005) elapsed 9m0s
Exporting Vamana shards 0% (0/100000005) elapsed 9m15s
Exporting Vamana shards 0% (0/100000005) elapsed 9m30s
Exporting Vamana shards 0% (0/100000005) elapsed 9m45s
Exporting Vamana shards 0% (0/100000005) elapsed 10m0s
Exporting Vamana shards 0% (0/100000005) elapsed 10m15s
Exporting Vamana shards 0% (0/100000005) elapsed 10m30s
Exporting Vamana shards 0% (0/100000005) elapsed 10m45s
Exporting Vamana shards 0% (0/100000005) elapsed 11m0s
Exporting Vamana shards 0% (0/100000005) elapsed 11m15s
Exporting Vamana shards 0% (0/100000005) elapsed 11m30s
Exporting Vamana shards 0% (0/100000005) elapsed 11m45s
Exporting Vamana shards 0% (0/100000005) elapsed 12m0s
Exporting Vamana shards 0% (0/100000005) elapsed 12m15s
Exporting Vamana shards 0% (0/100000005) elapsed 12m30s
Exporting Vamana shards 0% (0/100000005) elapsed 12m45s
Exporting Vamana shards 0% (0/100000005) elapsed 13m0s
Exporting Vamana shards 0% (0/100000005) elapsed 13m15s
Exporting Vamana shards 0% (0/100000005) elapsed 13m30s
Exporting Vamana shards 0% (0/100000005) elapsed 13m45s
Exporting Vamana shards 0% (0/100000005) elapsed 14m0s
Exporting Vamana shards 0% (0/100000005) elapsed 14m15s
Exporting Vamana shards 0% (0/100000005) elapsed 14m30s
Exporting Vamana shards 0% (0/100000005) elapsed 14m45s
Exporting Vamana shards 0% (0/100000005) elapsed 15m0s
Exporting Vamana shards 0% (0/100000005) elapsed 15m15s
Exporting Vamana shards 0% (0/100000005) elapsed 15m30s
Exporting Vamana shards 0% (0/100000005) elapsed 15m45s
Exporting Vamana shards 0% (0/100000005) elapsed 16m0s
Exporting Vamana shards 0% (0/100000005) elapsed 16m15s
Exporting Vamana shards 0% (0/100000005) elapsed 16m30s
Exporting Vamana shards 0% (0/100000005) elapsed 16m45s
Exporting Vamana shards 0% (0/100000005) elapsed 17m0s
Exporting Vamana shards 0% (0/100000005) elapsed 17m15s
Exporting Vamana shards 0% (0/100000005) elapsed 17m30s
Exporting Vamana shards 0% (0/100000005) elapsed 17m45s
Exporting Vamana shards 0% (0/100000005) elapsed 18m0s
Exporting Vamana shards 0% (0/100000005) elapsed 18m15s
Exporting Vamana shards 0% (0/100000005) elapsed 18m30s
Exporting Vamana shards 0% (0/100000005) elapsed 18m45s
Exporting Vamana shards 0% (0/100000005) elapsed 19m0s
Exporting Vamana shards 0% (0/100000005) elapsed 19m15s
Exporting Vamana shards 0% (0/100000005) elapsed 19m30s
Exporting Vamana shards 0% (0/100000005) elapsed 19m45s
Exporting Vamana shards 0% (0/100000005) elapsed 20m0s
Exporting Vamana shards 0% (0/100000005) elapsed 20m15s
Exporting Vamana shards 0% (0/100000005) elapsed 20m30s
Exporting Vamana shards 0% (0/100000005) elapsed 20m45s
Exporting Vamana shards 0% (0/100000005) elapsed 21m0s
Exporting Vamana shards 0% (0/100000005) elapsed 21m15s
Exporting Vamana shards 0% (0/100000005) elapsed 21m30s
Exporting Vamana shards 0% (0/100000005) elapsed 21m45s
Exporting Vamana shards 0% (0/100000005) elapsed 22m0s
Exporting Vamana shards 0% (0/100000005) elapsed 22m15s
Exporting Vamana shards 0% (0/100000005) elapsed 22m30s
Exporting Vamana shards 0% (0/100000005) elapsed 22m45s
Exporting Vamana shards 0% (0/100000005) elapsed 23m0s
Exporting Vamana shards 0% (0/100000005) elapsed 23m15s
Exporting Vamana shards 0% (0/100000005) elapsed 23m30s
Exporting Vamana shards 0% (0/100000005) elapsed 23m45s
Exporting Vamana shards 0% (0/100000005) elapsed 24m0s
Exporting Vamana shards 0% (0/100000005) elapsed 24m15s
Exporting Vamana shards 0% (0/100000005) elapsed 24m30s
Exporting Vamana shards 0% (0/100000005) elapsed 24m45s
Exporting Vamana shards 0% (0/100000005) elapsed 25m0s
Exporting Vamana shards 0% (0/100000005) elapsed 25m15s
Exporting Vamana shards 0% (0/100000005) elapsed 25m30s
Exporting Vamana shards 0% (0/100000005) elapsed 25m45s
Exporting Vamana shards 0% (0/100000005) elapsed 26m0s
Exporting Vamana shards 0% (0/100000005) elapsed 26m15s
Exporting Vamana shards 0% (0/100000005) elapsed 26m30s
Exporting Vamana shards 0% (0/100000005) elapsed 26m45s
Exporting Vamana shards 0% (0/100000005) elapsed 27m0s
Exporting Vamana shards 0% (0/100000005) elapsed 27m15s
Exporting Vamana shards 0% (0/100000005) elapsed 27m30s
Exporting Vamana shards 0% (0/100000005) elapsed 27m45s
Exporting Vamana shards 0% (0/100000005) elapsed 28m0s
Exporting Vamana shards 0% (0/100000005) elapsed 28m15s
Exporting Vamana shards 0% (0/100000005) elapsed 28m30s
Exporting Vamana shards 0% (0/100000005) elapsed 28m45s
Exporting Vamana shards 0% (0/100000005) elapsed 29m0s
Exporting Vamana shards 0% (0/100000005) elapsed 29m15s
Exporting Vamana shards 0% (0/100000005) elapsed 29m30s
Exporting Vamana shards 0% (0/100000005) elapsed 29m45s
Exporting Vamana shards 0% (0/100000005) elapsed 30m0s
Exporting Vamana shards 0% (0/100000005) elapsed 30m15s
Exporting Vamana shards 0% (0/100000005) elapsed 30m30s
Exporting Vamana shards 0% (0/100000005) elapsed 30m45s
Exporting Vamana shards 0% (0/100000005) elapsed 31m0s
Exporting Vamana shards 0% (0/100000005) elapsed 31m15s
Exporting Vamana shards 0% (0/100000005) elapsed 31m30s
Exporting Vamana shards 0% (0/100000005) elapsed 31m45s
Exporting Vamana shards 0% (0/100000005) elapsed 32m0s
Exporting Vamana shards 0% (0/100000005) elapsed 32m15s
Exporting Vamana shards 0% (0/100000005) elapsed 32m30s
Exporting Vamana shards 0% (0/100000005) elapsed 32m45s
Exporting Vamana shards 0% (0/100000005) elapsed 33m0s
Exporting Vamana shards 0% (0/100000005) elapsed 33m15s
Exporting Vamana shards 0% (0/100000005) elapsed 33m30s
Exporting Vamana shards 0% (0/100000005) elapsed 33m45s
Exporting Vamana shards 0% (0/100000005) elapsed 34m0s
Exporting Vamana shards 0% (0/100000005) elapsed 34m15s
Exporting Vamana shards 0% (0/100000005) elapsed 34m30s
Exporting Vamana shards 0% (0/100000005) elapsed 34m45s
Exporting Vamana shards 0% (0/100000005) elapsed 35m0s
Exporting Vamana shards 0% (0/100000005) elapsed 35m15s
Exporting Vamana shards 0% (0/100000005) elapsed 35m30s
Exporting Vamana shards 0% (0/100000005) elapsed 35m45s
Exporting Vamana shards 0% (0/100000005) elapsed 36m0s
Exporting Vamana shards 0% (0/100000005) elapsed 36m15s
Exporting Vamana shards 0% (0/100000005) elapsed 36m30s
Exporting Vamana shards 0% (0/100000005) elapsed 36m45s
Exporting Vamana shards 0% (0/100000005) elapsed 37m0s
Exporting Vamana shards 0% (0/100000005) elapsed 37m15s
Exporting Vamana shards 0% (0/100000005) elapsed 37m30s
Exporting Vamana shards 0% (0/100000005) elapsed 37m45s
Exporting Vamana shards 0% (0/100000005) elapsed 38m0s
Exporting Vamana shards 0% (0/100000005) elapsed 38m15s
Exporting Vamana shards 0% (0/100000005) elapsed 38m30s
Exporting Vamana shards 0% (0/100000005) elapsed 38m45s
Exporting Vamana shards 0% (0/100000005) elapsed 39m0s
Exporting Vamana shards 0% (0/100000005) elapsed 39m15s
Exporting Vamana shards 0% (0/100000005) elapsed 39m30s
Exporting Vamana shards 0% (0/100000005) elapsed 39m45s
Exporting Vamana shards 0% (0/100000005) elapsed 40m0s
Exporting Vamana shards 0% (0/100000005) elapsed 40m15s
Exporting Vamana shards 0% (0/100000005) elapsed 40m30s
Exporting Vamana shards 0% (0/100000005) elapsed 40m45s
Exporting Vamana shards 0% (0/100000005) elapsed 41m0s
Exporting Vamana shards 0% (0/100000005) elapsed 41m15s
Exporting Vamana shards 0% (0/100000005) elapsed 41m30s
Exporting Vamana shards 0% (0/100000005) elapsed 41m45s
Exporting Vamana shards 0% (0/100000005) elapsed 42m0s
Exporting Vamana shards 0% (0/100000005) elapsed 42m15s
Exporting Vamana shards 0% (0/100000005) elapsed 42m30s
Exporting Vamana shards 0% (0/100000005) elapsed 42m45s
Exporting Vamana shards 0% (0/100000005) elapsed 43m0s
Exporting Vamana shards 0% (0/100000005) elapsed 43m15s
Exporting Vamana shards 0% (0/100000005) elapsed 43m30s
Exporting Vamana shards 0% (0/100000005) elapsed 43m45s
Exporting Vamana shards 0% (0/100000005) elapsed 44m0s
Exporting Vamana shards 0% (0/100000005) elapsed 44m15s
Exporting Vamana shards 0% (0/100000005) elapsed 44m30s
Exporting Vamana shards 0% (0/100000005) elapsed 44m45s
Exporting Vamana shards 0% (0/100000005) elapsed 45m0s
Exporting Vamana shards 0% (0/100000005) elapsed 45m15s
Exporting Vamana shards 0% (0/100000005) elapsed 45m30s
Exporting Vamana shards 0% (0/100000005) elapsed 45m45s
Exporting Vamana shards 0% (0/100000005) elapsed 46m0s
Exporting Vamana shards 0% (0/100000005) elapsed 46m15s
Exporting Vamana shards 0% (0/100000005) elapsed 46m30s
Exporting Vamana shards 0% (0/100000005) elapsed 46m45s
Exporting Vamana shards 0% (0/100000005) elapsed 47m0s
Exporting Vamana shards 0% (0/100000005) elapsed 47m15s
Exporting Vamana shards 0% (0/100000005) elapsed 47m30s
Exporting Vamana shards 0% (0/100000005) elapsed 47m45s
Exporting Vamana shards 0% (0/100000005) elapsed 48m0s
Exporting Vamana shards 0% (0/100000005) elapsed 48m15s
Exporting Vamana shards 0% (0/100000005) elapsed 48m30s
Exporting Vamana shards 0% (0/100000005) elapsed 48m45s
Exporting Vamana shards 0% (0/100000005) elapsed 49m0s
Exporting Vamana shards 0% (0/100000005) elapsed 49m15s
Exporting Vamana shards 0% (0/100000005) elapsed 49m30s
Exporting Vamana shards 0% (0/100000005) elapsed 49m45s
Exporting Vamana shards 0% (0/100000005) elapsed 50m0s
Exporting Vamana shards 0% (0/100000005) elapsed 50m15s
Exporting Vamana shards 0% (0/100000005) elapsed 50m30s
Exporting Vamana shards 0% (0/100000005) elapsed 50m45s
Exporting Vamana shards 0% (0/100000005) elapsed 51m0s
Exporting Vamana shards 0% (0/100000005) elapsed 51m15s
Exporting Vamana shards 0% (0/100000005) elapsed 51m30s
Exporting Vamana shards 0% (0/100000005) elapsed 51m45s
Exporting Vamana shards 0% (0/100000005) elapsed 52m0s
Exporting Vamana shards 0% (0/100000005) elapsed 52m15s
Exporting Vamana shards 0% (0/100000005) elapsed 52m30s
Exporting Vamana shards 0% (0/100000005) elapsed 52m45s
Exporting Vamana shards 0% (0/100000005) elapsed 53m0s
Exporting Vamana shards 0% (0/100000005) elapsed 53m15s
Exporting Vamana shards 0% (0/100000005) elapsed 53m30s
Exporting Vamana shards 0% (0/100000005) elapsed 53m45s
Exporting Vamana shards 0% (0/100000005) elapsed 54m0s
Exporting Vamana shards 0% (0/100000005) elapsed 54m15s
Exporting Vamana shards 0% (0/100000005) elapsed 54m30s
Exporting Vamana shards 0% (0/100000005) elapsed 54m45s
Exporting Vamana shards 0% (0/100000005) elapsed 55m0s
Exporting Vamana shards 0% (0/100000005) elapsed 55m15s
Exporting Vamana shards 0% (0/100000005) elapsed 55m30s
Exporting Vamana shards 0% (0/100000005) elapsed 55m45s
Exporting Vamana shards 0% (0/100000005) elapsed 56m0s
Exporting Vamana shards 0% (0/100000005) elapsed 56m15s
Exporting Vamana shards 0% (0/100000005) elapsed 56m30s
Exporting Vamana shards 0% (0/100000005) elapsed 56m45s
Exporting Vamana shards 0% (0/100000005) elapsed 57m0s
Exporting Vamana shards 0% (0/100000005) elapsed 57m15s
Exporting Vamana shards 0% (0/100000005) elapsed 57m30s
Exporting Vamana shards 0% (0/100000005) elapsed 57m45s
Exporting Vamana shards 0% (0/100000005) elapsed 58m0s
Exporting Vamana shards 0% (0/100000005) elapsed 58m15s
Exporting Vamana shards 0% (0/100000005) elapsed 58m30s
Exporting Vamana shards 0% (0/100000005) elapsed 58m45s
Exporting Vamana shards 0% (0/100000005) elapsed 59m1s
Exporting Vamana shards 0% (0/100000005) elapsed 59m16s
Exporting Vamana shards 0% (0/100000005) elapsed 59m31s
Exporting Vamana shards 0% (0/100000005) elapsed 59m46s
Exporting Vamana shards 0% (0/100000005) elapsed 1h0m1s
Exporting Vamana shards 0% (0/100000005) elapsed 1h0m16s
Exporting Vamana shards 0% (0/100000005) elapsed 1h0m31s
Exporting Vamana shards 0% (0/100000005) elapsed 1h0m46s
Exporting Vamana shards 0% (0/100000005) elapsed 1h1m1s
Exporting Vamana shards 0% (0/100000005) elapsed 1h1m16s
Exporting Vamana shards 0% (0/100000005) elapsed 1h1m31s
Exporting Vamana shards 0% (0/100000005) elapsed 1h1m46s
Exporting Vamana shards 0% (0/100000005) elapsed 1h2m1s
Exporting Vamana shards 0% (0/100000005) elapsed 1h2m16s
Exporting Vamana shards 0% (0/100000005) elapsed 1h2m31s
Exporting Vamana shards 0% (0/100000005) elapsed 1h2m46s
Exporting Vamana shards 0% (0/100000005) elapsed 1h3m1s
Exporting Vamana shards 0% (0/100000005) elapsed 1h3m16s
Exporting Vamana shards 0% (0/100000005) elapsed 1h3m31s
Exporting Vamana shards 0% (0/100000005) elapsed 1h3m46s
Exporting Vamana shards 0% (0/100000005) elapsed 1h4m1s
Exporting Vamana shards 0% (0/100000005) elapsed 1h4m16s
Exporting Vamana shards 0% (0/100000005) elapsed 1h4m31s
Exporting Vamana shards 0% (0/100000005) elapsed 1h4m46s
Exporting Vamana shards 0% (0/100000005) elapsed 1h5m1s
Exporting Vamana shards 0% (0/100000005) elapsed 1h5m16s
Exporting Vamana shards 0% (0/100000005) elapsed 1h5m31s
Exporting Vamana shards 0% (0/100000005) elapsed 1h5m46s
Exporting Vamana shards 0% (0/100000005) elapsed 1h6m1s
Exporting Vamana shards 0% (0/100000005) elapsed 1h6m16s
Exporting Vamana shards 0% (0/100000005) elapsed 1h6m31s
Exporting Vamana shards 0% (0/100000005) elapsed 1h6m46s
Exporting Vamana shards 0% (0/100000005) elapsed 1h7m1s
Exporting Vamana shards 0% (0/100000005) elapsed 1h7m16s
Exporting Vamana shards 0% (0/100000005) elapsed 1h7m31s
Exporting Vamana shards 0% (0/100000005) elapsed 1h7m46s
Exporting Vamana shards 0% (0/100000005) elapsed 1h8m1s
Exporting Vamana shards 0% (0/100000005) elapsed 1h8m16s
Exporting Vamana shards 0% (0/100000005) elapsed 1h8m31s
Exporting Vamana shards 0% (0/100000005) elapsed 1h8m46s
Exporting Vamana shards 0% (0/100000005) elapsed 1h9m1s
Exporting Vamana shards 0% (0/100000005) elapsed 1h9m16s
Exporting Vamana shards 0% (0/100000005) elapsed 1h9m31s
Exporting Vamana shards 0% (0/100000005) elapsed 1h9m46s
Exporting Vamana shards 0% (0/100000005) elapsed 1h10m1s
Exporting Vamana shards 0% (0/100000005) elapsed 1h10m16s
Exporting Vamana shards 0% (0/100000005) elapsed 1h10m31s
Exporting Vamana shards 0% (0/100000005) elapsed 1h10m46s
Exporting Vamana shards 0% (0/100000005) elapsed 1h11m1s
Exporting Vamana shards 0% (0/100000005) elapsed 1h11m16s
Exporting Vamana shards 0% (0/100000005) elapsed 1h11m31s
Exporting Vamana shards 0% (0/100000005) elapsed 1h11m46s
Exporting Vamana shards 0% (0/100000005) elapsed 1h12m1s
Exporting Vamana shards 0% (0/100000005) elapsed 1h12m16s
Exporting Vamana shards 0% (0/100000005) elapsed 1h12m31s
Exporting Vamana shards 0% (0/100000005) elapsed 1h12m46s
Exporting Vamana shards 0% (0/100000005) elapsed 1h13m1s
Exporting Vamana shards 0% (0/100000005) elapsed 1h13m16s
Exporting Vamana shards 0% (0/100000005) elapsed 1h13m31s
Exporting Vamana shards 0% (0/100000005) elapsed 1h13m46s
Exporting Vamana shards 0% (0/100000005) elapsed 1h14m1s
Exporting Vamana shards 0% (0/100000005) elapsed 1h14m16s
Exporting Vamana shards 0% (0/100000005) elapsed 1h14m31s
Exporting Vamana shards 0% (0/100000005) elapsed 1h14m46s
Exporting Vamana shards 0% (0/100000005) elapsed 1h15m1s
Exporting Vamana shards 0% (0/100000005) elapsed 1h15m16s
Exporting Vamana shards 0% (0/100000005) elapsed 1h15m31s
Exporting Vamana shards 0% (0/100000005) elapsed 1h15m46s
Exporting Vamana shards 0% (0/100000005) elapsed 1h16m1s
Exporting Vamana shards 0% (0/100000005) elapsed 1h16m16s
Exporting Vamana shards 0% (0/100000005) elapsed 1h16m31s
Exporting Vamana shards 0% (0/100000005) elapsed 1h16m46s
Exporting Vamana shards 0% (0/100000005) elapsed 1h17m1s
Exporting Vamana shards 0% (0/100000005) elapsed 1h17m16s
Exporting Vamana shards 0% (0/100000005) elapsed 1h17m31s
Exporting Vamana shards 0% (0/100000005) elapsed 1h17m46s
Exporting Vamana shards 0% (0/100000005) elapsed 1h18m1s
Exporting Vamana shards 0% (0/100000005) elapsed 1h18m16s
Exporting Vamana shards 0% (0/100000005) elapsed 1h18m31s
Exporting Vamana shards 0% (0/100000005) elapsed 1h18m46s
Exporting Vamana shards 0% (0/100000005) elapsed 1h19m1s
Exporting Vamana shards 0% (0/100000005) elapsed 1h19m16s
Exporting Vamana shards 0% (0/100000005) elapsed 1h19m31s
Exporting Vamana shards 0% (0/100000005) elapsed 1h19m46s
Exporting Vamana shards 0% (0/100000005) elapsed 1h20m1s
Exporting Vamana shards 0% (0/100000005) elapsed 1h20m16s
Exporting Vamana shards 0% (0/100000005) elapsed 1h20m31s
Exporting Vamana shards 0% (0/100000005) elapsed 1h20m46s
Exporting Vamana shards 0% (0/100000005) elapsed 1h21m1s
Exporting Vamana shards 0% (0/100000005) elapsed 1h21m16s
Exporting Vamana shards 0% (0/100000005) elapsed 1h21m31s
Exporting Vamana shards 0% (0/100000005) elapsed 1h21m46s
Exporting Vamana shards 0% (0/100000005) elapsed 1h22m1s
Exporting Vamana shards 0% (0/100000005) elapsed 1h22m16s
Exporting Vamana shards 0% (0/100000005) elapsed 1h22m31s
Exporting Vamana shards 0% (0/100000005) elapsed 1h22m46s
Exporting Vamana shards 0% (0/100000005) elapsed 1h23m1s
Exporting Vamana shards 0% (0/100000005) elapsed 1h23m16s
Exporting Vamana shards 0% (0/100000005) elapsed 1h23m31s
Exporting Vamana shards 0% (0/100000005) elapsed 1h23m46s
Exporting Vamana shards 0% (0/100000005) elapsed 1h24m1s
Exporting Vamana shards 0% (0/100000005) elapsed 1h24m16s
Exporting Vamana shards 0% (0/100000005) elapsed 1h24m31s
Exporting Vamana shards 0% (0/100000005) elapsed 1h24m46s
Exporting Vamana shards 0% (0/100000005) elapsed 1h25m1s
Exporting Vamana shards 0% (0/100000005) elapsed 1h25m16s
Exporting Vamana shards 0% (0/100000005) elapsed 1h25m31s
Exporting Vamana shards 0% (0/100000005) elapsed 1h25m46s
Exporting Vamana shards 0% (0/100000005) elapsed 1h26m1s
Exporting Vamana shards 0% (0/100000005) elapsed 1h26m16s
Exporting Vamana shards 0% (0/100000005) elapsed 1h26m31s
Exporting Vamana shards 0% (0/100000005) elapsed 1h26m46s
Exporting Vamana shards 0% (0/100000005) elapsed 1h27m1s
Exporting Vamana shards 0% (0/100000005) elapsed 1h27m16s
Exporting Vamana shards 0% (0/100000005) elapsed 1h27m31s
Exporting Vamana shards 0% (0/100000005) elapsed 1h27m46s
Exporting Vamana shards 0% (0/100000005) elapsed 1h28m1s
Exporting Vamana shards 0% (0/100000005) elapsed 1h28m16s
Exporting Vamana shards 0% (0/100000005) elapsed 1h28m31s
Exporting Vamana shards 0% (0/100000005) elapsed 1h28m46s
Exporting Vamana shards 0% (0/100000005) elapsed 1h29m1s
Exporting Vamana shards 0% (0/100000005) elapsed 1h29m16s
Exporting Vamana shards 0% (0/100000005) elapsed 1h29m31s
Exporting Vamana shards 0% (0/100000005) elapsed 1h29m46s
Exporting Vamana shards 0% (0/100000005) elapsed 1h30m1s
Exporting Vamana shards 0% (0/100000005) elapsed 1h30m16s
Exporting Vamana shards 0% (0/100000005) elapsed 1h30m31s
Exporting Vamana shards 0% (0/100000005) elapsed 1h30m46s
Exporting Vamana shards 0% (0/100000005) elapsed 1h31m1s
Exporting Vamana shards 0% (0/100000005) elapsed 1h31m16s
Exporting Vamana shards 0% (0/100000005) elapsed 1h31m31s
Exporting Vamana shards 0% (0/100000005) elapsed 1h31m46s
Exporting Vamana shards 0% (0/100000005) elapsed 1h32m1s
Exporting Vamana shards 0% (0/100000005) elapsed 1h32m16s
Exporting Vamana shards 0% (0/100000005) elapsed 1h32m31s
Exporting Vamana shards 0% (0/100000005) elapsed 1h32m46s
Exporting Vamana shards 0% (0/100000005) elapsed 1h33m1s
Exporting Vamana shards 0% (0/100000005) elapsed 1h33m16s
Exporting Vamana shards 0% (0/100000005) elapsed 1h33m31s
Exporting Vamana shards 0% (0/100000005) elapsed 1h33m46s
Exporting Vamana shards 0% (0/100000005) elapsed 1h34m1s
Exporting Vamana shards 0% (0/100000005) elapsed 1h34m16s
Exporting Vamana shards 0% (0/100000005) elapsed 1h34m31s
Exporting Vamana shards 0% (0/100000005) elapsed 1h34m46s
Exporting Vamana shards 0% (0/100000005) elapsed 1h35m1s
Exporting Vamana shards 0% (0/100000005) elapsed 1h35m16s
Exporting Vamana shards 0% (0/100000005) elapsed 1h35m31s
Exporting Vamana shards 0% (0/100000005) elapsed 1h35m46s
Exporting Vamana shards 0% (0/100000005) elapsed 1h36m1s
Exporting Vamana shards 0% (0/100000005) elapsed 1h36m16s
Exporting Vamana shards 0% (0/100000005) elapsed 1h36m31s
Exporting Vamana shards 0% (0/100000005) elapsed 1h36m46s
Exporting Vamana shards 0% (0/100000005) elapsed 1h37m1s
Exporting Vamana shards 0% (0/100000005) elapsed 1h37m16s
Exporting Vamana shards 0% (0/100000005) elapsed 1h37m31s
Exporting Vamana shards 0% (0/100000005) elapsed 1h37m46s
Exporting Vamana shards 0% (0/100000005) elapsed 1h38m1s
Exporting Vamana shards 0% (0/100000005) elapsed 1h38m16s
Exporting Vamana shards 0% (0/100000005) elapsed 1h38m31s
Exporting Vamana shards 0% (0/100000005) elapsed 1h38m46s
Exporting Vamana shards 0% (0/100000005) elapsed 1h39m1s
Exporting Vamana shards 0% (0/100000005) elapsed 1h39m16s
Exporting Vamana shards 0% (0/100000005) elapsed 1h39m31s
Exporting Vamana shards 0% (0/100000005) elapsed 1h39m46s
Exporting Vamana shards 0% (0/100000005) elapsed 1h40m1s
Exporting Vamana shards 0% (0/100000005) elapsed 1h40m16s
Exporting Vamana shards 0% (0/100000005) elapsed 1h40m31s
Exporting Vamana shards 0% (0/100000005) elapsed 1h40m46s
Exporting Vamana shards 0% (0/100000005) elapsed 1h41m1s
Exporting Vamana shards 0% (0/100000005) elapsed 1h41m16s
Exporting Vamana shards 0% (0/100000005) elapsed 1h41m31s
Exporting Vamana shards 0% (0/100000005) elapsed 1h41m46s
Exporting Vamana shards 0% (0/100000005) elapsed 1h42m1s
Exporting Vamana shards 0% (0/100000005) elapsed 1h42m16s
Exporting Vamana shards 0% (0/100000005) elapsed 1h42m31s
Exporting Vamana shards 0% (0/100000005) elapsed 1h42m46s
Exporting Vamana shards 0% (0/100000005) elapsed 1h43m1s
Exporting Vamana shards 0% (0/100000005) elapsed 1h43m16s
Exporting Vamana shards 0% (0/100000005) elapsed 1h43m31s
Exporting Vamana shards 0% (0/100000005) elapsed 1h43m46s
Exporting Vamana shards 0% (0/100000005) elapsed 1h44m1s
Exporting Vamana shards 0% (0/100000005) elapsed 1h44m16s
Exporting Vamana shards 0% (0/100000005) elapsed 1h44m31s
Exporting Vamana shards 0% (0/100000005) elapsed 1h44m46s
Exporting Vamana shards 0% (0/100000005) elapsed 1h45m1s
Exporting Vamana shards 0% (0/100000005) elapsed 1h45m16s
Exporting Vamana shards 0% (0/100000005) elapsed 1h45m31s
Exporting Vamana shards 0% (0/100000005) elapsed 1h45m46s
Exporting Vamana shards 0% (0/100000005) elapsed 1h46m1s
Exporting Vamana shards 0% (0/100000005) elapsed 1h46m16s
Exporting Vamana shards 0% (0/100000005) elapsed 1h46m31s
Exporting Vamana shards 0% (0/100000005) elapsed 1h46m46s
Exporting Vamana shards 0% (0/100000005) elapsed 1h47m1s
Exporting Vamana shards 0% (0/100000005) elapsed 1h47m16s
Exporting Vamana shards 0% (0/100000005) elapsed 1h47m31s
Exporting Vamana shards 0% (0/100000005) elapsed 1h47m46s
Exporting Vamana shards 0% (0/100000005) elapsed 1h48m1s
Exporting Vamana shards 0% (0/100000005) elapsed 1h48m16s
Exporting Vamana shards 0% (0/100000005) elapsed 1h48m31s
Exporting Vamana shards 0% (0/100000005) elapsed 1h48m46s
Exporting Vamana shards 0% (0/100000005) elapsed 1h49m1s
Exporting Vamana shards 0% (0/100000005) elapsed 1h49m16s
Exporting Vamana shards 0% (0/100000005) elapsed 1h49m31s
Exporting Vamana shards 0% (0/100000005) elapsed 1h49m46s
Exporting Vamana shards 0% (0/100000005) elapsed 1h50m1s
Exporting Vamana shards 0% (0/100000005) elapsed 1h50m16s
Exporting Vamana shards 0% (0/100000005) elapsed 1h50m31s
Exporting Vamana shards 0% (0/100000005) elapsed 1h50m46s
Exporting Vamana shards 0% (0/100000005) elapsed 1h51m1s
Exporting Vamana shards 0% (0/100000005) elapsed 1h51m16s
Exporting Vamana shards 0% (0/100000005) elapsed 1h51m31s
Exporting Vamana shards 0% (0/100000005) elapsed 1h51m46s
Exporting Vamana shards 0% (0/100000005) elapsed 1h52m1s
Exporting Vamana shards 0% (0/100000005) elapsed 1h52m16s
Exporting Vamana shards 0% (0/100000005) elapsed 1h52m31s
Exporting Vamana shards 0% (0/100000005) elapsed 1h52m46s
Exporting Vamana shards 0% (0/100000005) elapsed 1h53m1s
Exporting Vamana shards 0% (0/100000005) elapsed 1h53m16s
Exporting Vamana shards 0% (0/100000005) elapsed 1h53m31s
Exporting Vamana shards 0% (0/100000005) elapsed 1h53m46s
Exporting Vamana shards 0% (0/100000005) elapsed 1h54m1s
Exporting Vamana shards 0% (0/100000005) elapsed 1h54m16s
Exporting Vamana shards 0% (0/100000005) elapsed 1h54m31s
Exporting Vamana shards 0% (0/100000005) elapsed 1h54m46s
Exporting Vamana shards 0% (0/100000005) elapsed 1h55m1s
Exporting Vamana shards 0% (0/100000005) elapsed 1h55m16s
Exporting Vamana shards 0% (0/100000005) elapsed 1h55m31s
Exporting Vamana shards 0% (0/100000005) elapsed 1h55m46s
Exporting Vamana shards 0% (0/100000005) elapsed 1h56m1s
Exporting Vamana shards 0% (0/100000005) elapsed 1h56m17s
Exporting Vamana shards 0% (0/100000005) elapsed 1h56m32s
Exporting Vamana shards 0% (0/100000005) elapsed 1h56m47s
Exporting Vamana shards 0% (0/100000005) elapsed 1h57m2s
Exporting Vamana shards 0% (0/100000005) elapsed 1h57m17s
Exporting Vamana shards 0% (0/100000005) elapsed 1h57m32s
Exporting Vamana shards 0% (0/100000005) elapsed 1h57m47s
Exporting Vamana shards 0% (0/100000005) elapsed 1h58m2s
Exporting Vamana shards 0% (0/100000005) elapsed 1h58m17s
Exporting Vamana shards 0% (0/100000005) elapsed 1h58m32s
Exporting Vamana shards 0% (0/100000005) elapsed 1h58m47s
Exporting Vamana shards 0% (0/100000005) elapsed 1h59m2s
Exporting Vamana shards 0% (0/100000005) elapsed 1h59m17s
Exporting Vamana shards 0% (0/100000005) elapsed 1h59m32s
Exporting Vamana shards 0% (0/100000005) elapsed 1h59m47s
Exporting Vamana shards 0% (0/100000005) elapsed 2h0m2s
Exporting Vamana shards 0% (0/100000005) elapsed 2h0m17s
Exporting Vamana shards 0% (0/100000005) elapsed 2h0m32s
Exporting Vamana shards 0% (0/100000005) elapsed 2h0m47s
Exporting Vamana shards 0% (0/100000005) elapsed 2h1m2s
Exporting Vamana shards 0% (0/100000005) elapsed 2h1m17s
Exporting Vamana shards 0% (0/100000005) elapsed 2h1m32s
Exporting Vamana shards 0% (0/100000005) elapsed 2h1m47s
Exporting Vamana shards 0% (0/100000005) elapsed 2h2m2s
Exporting Vamana shards 0% (0/100000005) elapsed 2h2m17s
Exporting Vamana shards 0% (0/100000005) elapsed 2h2m32s
Exporting Vamana shards 0% (0/100000005) elapsed 2h2m47s
Exporting Vamana shards 0% (0/100000005) elapsed 2h3m2s
Exporting Vamana shards 0% (0/100000005) elapsed 2h3m17s
Exporting Vamana shards 0% (0/100000005) elapsed 2h3m32s
Exporting Vamana shards 0% (0/100000005) elapsed 2h3m47s
Exporting Vamana shards 0% (0/100000005) elapsed 2h4m2s
Exporting Vamana shards 0% (0/100000005) elapsed 2h4m17s
Exporting Vamana shards 0% (0/100000005) elapsed 2h4m32s
Exporting Vamana shards 0% (0/100000005) elapsed 2h4m47s
Exporting Vamana shards 0% (0/100000005) elapsed 2h5m2s
Exporting Vamana shards 0% (0/100000005) elapsed 2h5m17s
Exporting Vamana shards 0% (0/100000005) elapsed 2h5m32s
Exporting Vamana shards 0% (0/100000005) elapsed 2h5m47s
Exporting Vamana shards 0% (0/100000005) elapsed 2h6m2s
Exporting Vamana shards 0% (0/100000005) elapsed 2h6m17s
Exporting Vamana shards 0% (0/100000005) elapsed 2h6m32s
Exporting Vamana shards 0% (0/100000005) elapsed 2h6m47s
Exporting Vamana shards 0% (0/100000005) elapsed 2h7m2s
Exporting Vamana shards 0% (0/100000005) elapsed 2h7m17s
Exporting Vamana shards 0% (0/100000005) elapsed 2h7m32s
Exporting Vamana shards 0% (0/100000005) elapsed 2h7m47s
Exporting Vamana shards 0% (0/100000005) elapsed 2h8m2s
Exporting Vamana shards 0% (0/100000005) elapsed 2h8m17s
Exporting Vamana shards 0% (0/100000005) elapsed 2h8m32s
Exporting Vamana shards 0% (0/100000005) elapsed 2h8m47s
Exporting Vamana shards 0% (0/100000005) elapsed 2h9m2s
Exporting Vamana shards 0% (0/100000005) elapsed 2h9m17s
Exporting Vamana shards 0% (0/100000005) elapsed 2h9m32s
Exporting Vamana shards 0% (0/100000005) elapsed 2h9m47s
Exporting Vamana shards 0% (0/100000005) elapsed 2h10m2s
Exporting Vamana shards 0% (0/100000005) elapsed 2h10m17s
Exporting Vamana shards 0% (0/100000005) elapsed 2h10m32s
Exporting Vamana shards 0% (0/100000005) elapsed 2h10m47s
Exporting Vamana shards 0% (0/100000005) elapsed 2h11m2s
Exporting Vamana shards 0% (0/100000005) elapsed 2h11m17s
Exporting Vamana shards 0% (0/100000005) elapsed 2h11m32s
Exporting Vamana shards 0% (0/100000005) elapsed 2h11m47s
Exporting Vamana shards 0% (0/100000005) elapsed 2h12m2s
Exporting Vamana shards 0% (0/100000005) elapsed 2h12m17s
Exporting Vamana shards 0% (0/100000005) elapsed 2h12m32s
Exporting Vamana shards 0% (0/100000005) elapsed 2h12m47s
Exporting Vamana shards 0% (0/100000005) elapsed 2h13m2s
Exporting Vamana shards 0% (0/100000005) elapsed 2h13m17s
Exporting Vamana shards 0% (0/100000005) elapsed 2h13m32s
Exporting Vamana shards 0% (0/100000005) elapsed 2h13m47s
Exporting Vamana shards 0% (0/100000005) elapsed 2h14m2s
Exporting Vamana shards 0% (0/100000005) elapsed 2h14m17s
Exporting Vamana shards 0% (0/100000005) elapsed 2h14m32s
Exporting Vamana shards 0% (0/100000005) elapsed 2h14m47s
Exporting Vamana shards 0% (0/100000005) elapsed 2h15m2s
Exporting Vamana shards 0% (0/100000005) elapsed 2h15m17s
Exporting Vamana shards 0% (0/100000005) elapsed 2h15m32s
Exporting Vamana shards 0% (0/100000005) elapsed 2h15m47s
Exporting Vamana shards 0% (0/100000005) elapsed 2h16m2s
Exporting Vamana shards 0% (0/100000005) elapsed 2h16m17s
Exporting Vamana shards 0% (0/100000005) elapsed 2h16m32s
Exporting Vamana shards 0% (0/100000005) elapsed 2h16m47s
Exporting Vamana shards 0% (0/100000005) elapsed 2h17m2s
Exporting Vamana shards 0% (0/100000005) elapsed 2h17m17s
Exporting Vamana shards 0% (0/100000005) elapsed 2h17m32s
Exporting Vamana shards 0% (0/100000005) elapsed 2h17m47s
Exporting Vamana shards 0% (0/100000005) elapsed 2h18m2s
Exporting Vamana shards 0% (0/100000005) elapsed 2h18m17s
Exporting Vamana shards 0% (0/100000005) elapsed 2h18m32s
Exporting Vamana shards 0% (0/100000005) elapsed 2h18m47s
Exporting Vamana shards 0% (0/100000005) elapsed 2h19m2s
Exporting Vamana shards 0% (0/100000005) elapsed 2h19m17s
Exporting Vamana shards 0% (0/100000005) elapsed 2h19m32s
Exporting Vamana shards 0% (0/100000005) elapsed 2h19m47s
Exporting Vamana shards 0% (0/100000005) elapsed 2h20m2s
Exporting Vamana shards 0% (0/100000005) elapsed 2h20m17s
Exporting Vamana shards 0% (0/100000005) elapsed 2h20m32s
Exporting Vamana shards 0% (0/100000005) elapsed 2h20m47s
Exporting Vamana shards 0% (0/100000005) elapsed 2h21m2s
Exporting Vamana shards 0% (0/100000005) elapsed 2h21m17s
Exporting Vamana shards 0% (0/100000005) elapsed 2h21m32s
Exporting Vamana shards 0% (0/100000005) elapsed 2h21m47s
Exporting Vamana shards 0% (0/100000005) elapsed 2h22m2s
Exporting Vamana shards 0% (0/100000005) elapsed 2h22m17s
Exporting Vamana shards 0% (0/100000005) elapsed 2h22m32s
Exporting Vamana shards 0% (0/100000005) elapsed 2h22m47s
Exporting Vamana shards 0% (0/100000005) elapsed 2h23m2s
Exporting Vamana shards 0% (0/100000005) elapsed 2h23m17s
Exporting Vamana shards 0% (0/100000005) elapsed 2h23m32s
Exporting Vamana shards 0% (0/100000005) elapsed 2h23m47s
Exporting Vamana shards 0% (0/100000005) elapsed 2h24m2s
Exporting Vamana shards 0% (0/100000005) elapsed 2h24m17s
Exporting Vamana shards 0% (0/100000005) elapsed 2h24m32s
Exporting Vamana shards 0% (0/100000005) elapsed 2h24m47s
Exporting Vamana shards 0% (0/100000005) elapsed 2h25m2s
Exporting Vamana shards 0% (0/100000005) elapsed 2h25m17s
Exporting Vamana shards 0% (0/100000005) elapsed 2h25m32s
Exporting Vamana shards 0% (0/100000005) elapsed 2h25m47s
Exporting Vamana shards 0% (0/100000005) elapsed 2h26m2s
Exporting Vamana shards 0% (0/100000005) elapsed 2h26m17s
Exporting Vamana shards 0% (0/100000005) elapsed 2h26m32s
Exporting Vamana shards 0% (0/100000005) elapsed 2h26m47s
Exporting Vamana shards 0% (0/100000005) elapsed 2h27m2s
Exporting Vamana shards 0% (0/100000005) elapsed 2h27m17s
Exporting Vamana shards 0% (0/100000005) elapsed 2h27m32s
Exporting Vamana shards 0% (0/100000005) elapsed 2h27m47s
partition strategy: metis max_degree=32 imbalance=1.03
METIS partition edges: input=3016934886 unique=2385162517 edge_cut=470108969 partition_cut_ratio=0.20
partition node counts: 19416750 19416603 20388881 20388884 20388882
active neighbor cross-shard ratio: 0.23
Exporting Vamana shards 1% (1197909/100000005) elapsed 2h28m2s
Exporting Vamana shards 3% (3128442/100000005) elapsed 2h28m17s
Exporting Vamana shards 5% (5002853/100000005) elapsed 2h28m32s
Exporting Vamana shards 6% (6890602/100000005) elapsed 2h28m47s
Exporting Vamana shards 8% (8755357/100000005) elapsed 2h29m2s
Exporting Vamana shards 10% (10024735/100000005) elapsed 2h29m12s
Exporting Vamana shards 11% (11951653/100000005) elapsed 2h29m27s
Exporting Vamana shards 13% (13818117/100000005) elapsed 2h29m42s
Exporting Vamana shards 15% (15003023/100000005) elapsed 2h29m52s
Exporting Vamana shards 16% (16881484/100000005) elapsed 2h30m7s
Exporting Vamana shards 18% (18760253/100000005) elapsed 2h30m22s
Exporting Vamana shards 20% (20018581/100000005) elapsed 2h30m32s
Exporting Vamana shards 21% (21882186/100000005) elapsed 2h30m47s
Exporting Vamana shards 23% (23780237/100000005) elapsed 2h31m2s
Exporting Vamana shards 25% (25004395/100000005) elapsed 2h31m12s
Exporting Vamana shards 26% (26878083/100000005) elapsed 2h31m27s
Exporting Vamana shards 28% (28767521/100000005) elapsed 2h31m42s
Exporting Vamana shards 30% (30025044/100000005) elapsed 2h31m52s
Exporting Vamana shards 31% (31906074/100000005) elapsed 2h32m7s
Exporting Vamana shards 33% (33772370/100000005) elapsed 2h32m22s
Exporting Vamana shards 35% (35009986/100000005) elapsed 2h32m32s
Exporting Vamana shards 36% (36902267/100000005) elapsed 2h32m47s
Exporting Vamana shards 38% (38770037/100000005) elapsed 2h33m2s
Exporting Vamana shards 40% (40029078/100000005) elapsed 2h33m11s
Exporting Vamana shards 41% (41890927/100000005) elapsed 2h33m26s
Exporting Vamana shards 43% (43783080/100000005) elapsed 2h33m41s
Exporting Vamana shards 45% (45022220/100000005) elapsed 2h33m51s
Exporting Vamana shards 46% (46893603/100000005) elapsed 2h34m6s
Exporting Vamana shards 48% (48782102/100000005) elapsed 2h34m21s
Exporting Vamana shards 50% (50000555/100000005) elapsed 2h34m31s
Exporting Vamana shards 51% (51903254/100000005) elapsed 2h34m46s
Exporting Vamana shards 53% (53773519/100000005) elapsed 2h35m1s
Exporting Vamana shards 55% (55023147/100000005) elapsed 2h35m11s
Exporting Vamana shards 56% (56970885/100000005) elapsed 2h35m26s
Exporting Vamana shards 58% (58905601/100000005) elapsed 2h35m41s
Exporting Vamana shards 60% (60019627/100000005) elapsed 2h35m50s
Exporting Vamana shards 61% (61918884/100000005) elapsed 2h36m5s
Exporting Vamana shards 63% (63903864/100000005) elapsed 2h36m20s
Exporting Vamana shards 65% (65007127/100000005) elapsed 2h36m28s
Exporting Vamana shards 66% (66939592/100000005) elapsed 2h36m43s
Exporting Vamana shards 68% (68890104/100000005) elapsed 2h36m58s
Exporting Vamana shards 70% (70027899/100000005) elapsed 2h37m7s
Exporting Vamana shards 71% (71987769/100000005) elapsed 2h37m22s
Exporting Vamana shards 73% (73922205/100000005) elapsed 2h37m37s
Exporting Vamana shards 75% (75009003/100000005) elapsed 2h37m46s
Exporting Vamana shards 76% (76959618/100000005) elapsed 2h38m1s
Exporting Vamana shards 78% (78836299/100000005) elapsed 2h38m16s
Exporting Vamana shards 80% (80009948/100000005) elapsed 2h38m25s
Exporting Vamana shards 81% (81904940/100000005) elapsed 2h38m40s
Exporting Vamana shards 83% (83844899/100000005) elapsed 2h38m55s
Exporting Vamana shards 85% (85013532/100000005) elapsed 2h39m4s
Exporting Vamana shards 86% (86952327/100000005) elapsed 2h39m19s
Exporting Vamana shards 88% (88904426/100000005) elapsed 2h39m34s
Exporting Vamana shards 90% (90018735/100000005) elapsed 2h39m43s
Exporting Vamana shards 91% (91950328/100000005) elapsed 2h39m58s
Exporting Vamana shards 93% (93897326/100000005) elapsed 2h40m13s
Exporting Vamana shards 95% (95018343/100000005) elapsed 2h40m21s
Exporting Vamana shards 96% (96963872/100000005) elapsed 2h40m36s
Exporting Vamana shards 98% (98915257/100000005) elapsed 2h40m51s
Exporting Vamana shards 99% (100000000/100000005) elapsed 2h41m6s
Exporting Vamana shards 99% (100000001/100000005) elapsed 2h41m21s
Exporting Vamana shards 99% (100000003/100000005) elapsed 2h41m36s
Exporting Vamana shards 99% (100000004/100000005) elapsed 2h41m51s
Exporting Vamana shards 100% (100000005/100000005) elapsed 2h41m56s
Exporting Vamana shards 100% (100000005/100000005) elapsed 2h42m11s
Exporting Vamana shards 100% (100000005/100000005) elapsed 2h42m26s
Exporting Vamana shards 100% (100000005/100000005) elapsed 2h42m41s
Exporting Vamana shards 100% (100000005/100000005) elapsed 2h42m49s done
PQ CPU runtime: threads=16 hardware_threads=112
PQ encoder audit shard 1/5: vectors=64 component_mismatches=0
PQ encoding shard 1/5: 32768/19416750PQ encoding shard 1/5: 65536/19416750PQ encoding shard 1/5: 98304/19416750PQ encoding shard 1/5: 131072/19416750PQ encoding shard 1/5: 163840/19416750PQ encoding shard 1/5: 196608/19416750PQ encoding shard 1/5: 229376/19416750PQ encoding shard 1/5: 262144/19416750PQ encoding shard 1/5: 294912/19416750PQ encoding shard 1/5: 327680/19416750PQ encoding shard 1/5: 360448/19416750PQ encoding shard 1/5: 393216/19416750PQ encoding shard 1/5: 425984/19416750PQ encoding shard 1/5: 458752/19416750PQ encoding shard 1/5: 491520/19416750PQ encoding shard 1/5: 524288/19416750PQ encoding shard 1/5: 557056/19416750PQ encoding shard 1/5: 589824/19416750PQ encoding shard 1/5: 622592/19416750PQ encoding shard 1/5: 655360/19416750PQ encoding shard 1/5: 688128/19416750PQ encoding shard 1/5: 720896/19416750PQ encoding shard 1/5: 753664/19416750PQ encoding shard 1/5: 786432/19416750PQ encoding shard 1/5: 819200/19416750PQ encoding shard 1/5: 851968/19416750PQ encoding shard 1/5: 884736/19416750PQ encoding shard 1/5: 917504/19416750PQ encoding shard 1/5: 950272/19416750PQ encoding shard 1/5: 983040/19416750PQ encoding shard 1/5: 1015808/19416750PQ encoding shard 1/5: 1048576/19416750PQ encoding shard 1/5: 1081344/19416750PQ encoding shard 1/5: 1114112/19416750PQ encoding shard 1/5: 1146880/19416750PQ encoding shard 1/5: 1179648/19416750PQ encoding shard 1/5: 1212416/19416750PQ encoding shard 1/5: 1245184/19416750PQ encoding shard 1/5: 1277952/19416750PQ encoding shard 1/5: 1310720/19416750PQ encoding shard 1/5: 1343488/19416750PQ encoding shard 1/5: 1376256/19416750PQ encoding shard 1/5: 1409024/19416750PQ encoding shard 1/5: 1441792/19416750PQ encoding shard 1/5: 1474560/19416750PQ encoding shard 1/5: 1507328/19416750PQ encoding shard 1/5: 1540096/19416750PQ encoding shard 1/5: 1572864/19416750PQ encoding shard 1/5: 1605632/19416750PQ encoding shard 1/5: 1638400/19416750PQ encoding shard 1/5: 1671168/19416750PQ encoding shard 1/5: 1703936/19416750PQ encoding shard 1/5: 1736704/19416750PQ encoding shard 1/5: 1769472/19416750PQ encoding shard 1/5: 1802240/19416750PQ encoding shard 1/5: 1835008/19416750PQ encoding shard 1/5: 1867776/19416750PQ encoding shard 1/5: 1900544/19416750PQ encoding shard 1/5: 1933312/19416750PQ encoding shard 1/5: 1966080/19416750PQ encoding shard 1/5: 1998848/19416750PQ encoding shard 1/5: 2031616/19416750PQ encoding shard 1/5: 2064384/19416750PQ encoding shard 1/5: 2097152/19416750PQ encoding shard 1/5: 2129920/19416750PQ encoding shard 1/5: 2162688/19416750PQ encoding shard 1/5: 2195456/19416750PQ encoding shard 1/5: 2228224/19416750PQ encoding shard 1/5: 2260992/19416750PQ encoding shard 1/5: 2293760/19416750PQ encoding shard 1/5: 2326528/19416750PQ encoding shard 1/5: 2359296/19416750PQ encoding shard 1/5: 2392064/19416750PQ encoding shard 1/5: 2424832/19416750PQ encoding shard 1/5: 2457600/19416750PQ encoding shard 1/5: 2490368/19416750PQ encoding shard 1/5: 2523136/19416750PQ encoding shard 1/5: 2555904/19416750PQ encoding shard 1/5: 2588672/19416750PQ encoding shard 1/5: 2621440/19416750PQ encoding shard 1/5: 2654208/19416750PQ encoding shard 1/5: 2686976/19416750PQ encoding shard 1/5: 2719744/19416750PQ encoding shard 1/5: 2752512/19416750PQ encoding shard 1/5: 2785280/19416750PQ encoding shard 1/5: 2818048/19416750PQ encoding shard 1/5: 2850816/19416750PQ encoding shard 1/5: 2883584/19416750PQ encoding shard 1/5: 2916352/19416750PQ encoding shard 1/5: 2949120/19416750PQ encoding shard 1/5: 2981888/19416750PQ encoding shard 1/5: 3014656/19416750PQ encoding shard 1/5: 3047424/19416750PQ encoding shard 1/5: 3080192/19416750PQ encoding shard 1/5: 3112960/19416750PQ encoding shard 1/5: 3145728/19416750PQ encoding shard 1/5: 3178496/19416750PQ encoding shard 1/5: 3211264/19416750PQ encoding shard 1/5: 3244032/19416750PQ encoding shard 1/5: 3276800/19416750PQ encoding shard 1/5: 3309568/19416750PQ encoding shard 1/5: 3342336/19416750PQ encoding shard 1/5: 3375104/19416750PQ encoding shard 1/5: 3407872/19416750PQ encoding shard 1/5: 3440640/19416750PQ encoding shard 1/5: 3473408/19416750PQ encoding shard 1/5: 3506176/19416750PQ encoding shard 1/5: 3538944/19416750PQ encoding shard 1/5: 3571712/19416750PQ encoding shard 1/5: 3604480/19416750PQ encoding shard 1/5: 3637248/19416750PQ encoding shard 1/5: 3670016/19416750PQ encoding shard 1/5: 3702784/19416750PQ encoding shard 1/5: 3735552/19416750PQ encoding shard 1/5: 3768320/19416750PQ encoding shard 1/5: 3801088/19416750PQ encoding shard 1/5: 3833856/19416750PQ encoding shard 1/5: 3866624/19416750PQ encoding shard 1/5: 3899392/19416750PQ encoding shard 1/5: 3932160/19416750PQ encoding shard 1/5: 3964928/19416750PQ encoding shard 1/5: 3997696/19416750PQ encoding shard 1/5: 4030464/19416750PQ encoding shard 1/5: 4063232/19416750PQ encoding shard 1/5: 4096000/19416750PQ encoding shard 1/5: 4128768/19416750PQ encoding shard 1/5: 4161536/19416750PQ encoding shard 1/5: 4194304/19416750PQ encoding shard 1/5: 4227072/19416750PQ encoding shard 1/5: 4259840/19416750PQ encoding shard 1/5: 4292608/19416750PQ encoding shard 1/5: 4325376/19416750PQ encoding shard 1/5: 4358144/19416750PQ encoding shard 1/5: 4390912/19416750PQ encoding shard 1/5: 4423680/19416750PQ encoding shard 1/5: 4456448/19416750PQ encoding shard 1/5: 4489216/19416750PQ encoding shard 1/5: 4521984/19416750PQ encoding shard 1/5: 4554752/19416750PQ encoding shard 1/5: 4587520/19416750PQ encoding shard 1/5: 4620288/19416750PQ encoding shard 1/5: 4653056/19416750PQ encoding shard 1/5: 4685824/19416750PQ encoding shard 1/5: 4718592/19416750PQ encoding shard 1/5: 4751360/19416750PQ encoding shard 1/5: 4784128/19416750PQ encoding shard 1/5: 4816896/19416750PQ encoding shard 1/5: 4849664/19416750PQ encoding shard 1/5: 4882432/19416750PQ encoding shard 1/5: 4915200/19416750PQ encoding shard 1/5: 4947968/19416750PQ encoding shard 1/5: 4980736/19416750PQ encoding shard 1/5: 5013504/19416750PQ encoding shard 1/5: 5046272/19416750PQ encoding shard 1/5: 5079040/19416750PQ encoding shard 1/5: 5111808/19416750PQ encoding shard 1/5: 5144576/19416750PQ encoding shard 1/5: 5177344/19416750PQ encoding shard 1/5: 5210112/19416750PQ encoding shard 1/5: 5242880/19416750PQ encoding shard 1/5: 5275648/19416750PQ encoding shard 1/5: 5308416/19416750PQ encoding shard 1/5: 5341184/19416750PQ encoding shard 1/5: 5373952/19416750PQ encoding shard 1/5: 5406720/19416750PQ encoding shard 1/5: 5439488/19416750PQ encoding shard 1/5: 5472256/19416750PQ encoding shard 1/5: 5505024/19416750PQ encoding shard 1/5: 5537792/19416750PQ encoding shard 1/5: 5570560/19416750PQ encoding shard 1/5: 5603328/19416750PQ encoding shard 1/5: 5636096/19416750PQ encoding shard 1/5: 5668864/19416750PQ encoding shard 1/5: 5701632/19416750PQ encoding shard 1/5: 5734400/19416750PQ encoding shard 1/5: 5767168/19416750PQ encoding shard 1/5: 5799936/19416750PQ encoding shard 1/5: 5832704/19416750PQ encoding shard 1/5: 5865472/19416750PQ encoding shard 1/5: 5898240/19416750PQ encoding shard 1/5: 5931008/19416750PQ encoding shard 1/5: 5963776/19416750PQ encoding shard 1/5: 5996544/19416750PQ encoding shard 1/5: 6029312/19416750PQ encoding shard 1/5: 6062080/19416750PQ encoding shard 1/5: 6094848/19416750PQ encoding shard 1/5: 6127616/19416750PQ encoding shard 1/5: 6160384/19416750PQ encoding shard 1/5: 6193152/19416750PQ encoding shard 1/5: 6225920/19416750PQ encoding shard 1/5: 6258688/19416750PQ encoding shard 1/5: 6291456/19416750PQ encoding shard 1/5: 6324224/19416750PQ encoding shard 1/5: 6356992/19416750PQ encoding shard 1/5: 6389760/19416750PQ encoding shard 1/5: 6422528/19416750PQ encoding shard 1/5: 6455296/19416750PQ encoding shard 1/5: 6488064/19416750PQ encoding shard 1/5: 6520832/19416750PQ encoding shard 1/5: 6553600/19416750PQ encoding shard 1/5: 6586368/19416750PQ encoding shard 1/5: 6619136/19416750PQ encoding shard 1/5: 6651904/19416750PQ encoding shard 1/5: 6684672/19416750PQ encoding shard 1/5: 6717440/19416750PQ encoding shard 1/5: 6750208/19416750PQ encoding shard 1/5: 6782976/19416750PQ encoding shard 1/5: 6815744/19416750PQ encoding shard 1/5: 6848512/19416750PQ encoding shard 1/5: 6881280/19416750PQ encoding shard 1/5: 6914048/19416750PQ encoding shard 1/5: 6946816/19416750PQ encoding shard 1/5: 6979584/19416750PQ encoding shard 1/5: 7012352/19416750PQ encoding shard 1/5: 7045120/19416750PQ encoding shard 1/5: 7077888/19416750PQ encoding shard 1/5: 7110656/19416750PQ encoding shard 1/5: 7143424/19416750PQ encoding shard 1/5: 7176192/19416750PQ encoding shard 1/5: 7208960/19416750PQ encoding shard 1/5: 7241728/19416750PQ encoding shard 1/5: 7274496/19416750PQ encoding shard 1/5: 7307264/19416750PQ encoding shard 1/5: 7340032/19416750PQ encoding shard 1/5: 7372800/19416750PQ encoding shard 1/5: 7405568/19416750PQ encoding shard 1/5: 7438336/19416750PQ encoding shard 1/5: 7471104/19416750PQ encoding shard 1/5: 7503872/19416750PQ encoding shard 1/5: 7536640/19416750PQ encoding shard 1/5: 7569408/19416750PQ encoding shard 1/5: 7602176/19416750PQ encoding shard 1/5: 7634944/19416750PQ encoding shard 1/5: 7667712/19416750PQ encoding shard 1/5: 7700480/19416750PQ encoding shard 1/5: 7733248/19416750PQ encoding shard 1/5: 7766016/19416750PQ encoding shard 1/5: 7798784/19416750PQ encoding shard 1/5: 7831552/19416750PQ encoding shard 1/5: 7864320/19416750PQ encoding shard 1/5: 7897088/19416750PQ encoding shard 1/5: 7929856/19416750PQ encoding shard 1/5: 7962624/19416750PQ encoding shard 1/5: 7995392/19416750PQ encoding shard 1/5: 8028160/19416750PQ encoding shard 1/5: 8060928/19416750PQ encoding shard 1/5: 8093696/19416750PQ encoding shard 1/5: 8126464/19416750PQ encoding shard 1/5: 8159232/19416750PQ encoding shard 1/5: 8192000/19416750PQ encoding shard 1/5: 8224768/19416750PQ encoding shard 1/5: 8257536/19416750PQ encoding shard 1/5: 8290304/19416750PQ encoding shard 1/5: 8323072/19416750PQ encoding shard 1/5: 8355840/19416750PQ encoding shard 1/5: 8388608/19416750PQ encoding shard 1/5: 8421376/19416750PQ encoding shard 1/5: 8454144/19416750PQ encoding shard 1/5: 8486912/19416750PQ encoding shard 1/5: 8519680/19416750PQ encoding shard 1/5: 8552448/19416750PQ encoding shard 1/5: 8585216/19416750PQ encoding shard 1/5: 8617984/19416750PQ encoding shard 1/5: 8650752/19416750PQ encoding shard 1/5: 8683520/19416750PQ encoding shard 1/5: 8716288/19416750PQ encoding shard 1/5: 8749056/19416750PQ encoding shard 1/5: 8781824/19416750PQ encoding shard 1/5: 8814592/19416750PQ encoding shard 1/5: 8847360/19416750PQ encoding shard 1/5: 8880128/19416750PQ encoding shard 1/5: 8912896/19416750PQ encoding shard 1/5: 8945664/19416750PQ encoding shard 1/5: 8978432/19416750PQ encoding shard 1/5: 9011200/19416750PQ encoding shard 1/5: 9043968/19416750PQ encoding shard 1/5: 9076736/19416750PQ encoding shard 1/5: 9109504/19416750PQ encoding shard 1/5: 9142272/19416750PQ encoding shard 1/5: 9175040/19416750PQ encoding shard 1/5: 9207808/19416750PQ encoding shard 1/5: 9240576/19416750PQ encoding shard 1/5: 9273344/19416750PQ encoding shard 1/5: 9306112/19416750PQ encoding shard 1/5: 9338880/19416750PQ encoding shard 1/5: 9371648/19416750PQ encoding shard 1/5: 9404416/19416750PQ encoding shard 1/5: 9437184/19416750PQ encoding shard 1/5: 9469952/19416750PQ encoding shard 1/5: 9502720/19416750PQ encoding shard 1/5: 9535488/19416750PQ encoding shard 1/5: 9568256/19416750PQ encoding shard 1/5: 9601024/19416750PQ encoding shard 1/5: 9633792/19416750PQ encoding shard 1/5: 9666560/19416750PQ encoding shard 1/5: 9699328/19416750PQ encoding shard 1/5: 9732096/19416750PQ encoding shard 1/5: 9764864/19416750PQ encoding shard 1/5: 9797632/19416750PQ encoding shard 1/5: 9830400/19416750PQ encoding shard 1/5: 9863168/19416750PQ encoding shard 1/5: 9895936/19416750PQ encoding shard 1/5: 9928704/19416750PQ encoding shard 1/5: 9961472/19416750PQ encoding shard 1/5: 9994240/19416750PQ encoding shard 1/5: 10027008/19416750PQ encoding shard 1/5: 10059776/19416750PQ encoding shard 1/5: 10092544/19416750PQ encoding shard 1/5: 10125312/19416750PQ encoding shard 1/5: 10158080/19416750PQ encoding shard 1/5: 10190848/19416750PQ encoding shard 1/5: 10223616/19416750PQ encoding shard 1/5: 10256384/19416750PQ encoding shard 1/5: 10289152/19416750PQ encoding shard 1/5: 10321920/19416750PQ encoding shard 1/5: 10354688/19416750PQ encoding shard 1/5: 10387456/19416750PQ encoding shard 1/5: 10420224/19416750PQ encoding shard 1/5: 10452992/19416750PQ encoding shard 1/5: 10485760/19416750PQ encoding shard 1/5: 10518528/19416750PQ encoding shard 1/5: 10551296/19416750PQ encoding shard 1/5: 10584064/19416750PQ encoding shard 1/5: 10616832/19416750PQ encoding shard 1/5: 10649600/19416750PQ encoding shard 1/5: 10682368/19416750PQ encoding shard 1/5: 10715136/19416750PQ encoding shard 1/5: 10747904/19416750PQ encoding shard 1/5: 10780672/19416750PQ encoding shard 1/5: 10813440/19416750PQ encoding shard 1/5: 10846208/19416750PQ encoding shard 1/5: 10878976/19416750PQ encoding shard 1/5: 10911744/19416750PQ encoding shard 1/5: 10944512/19416750PQ encoding shard 1/5: 10977280/19416750PQ encoding shard 1/5: 11010048/19416750PQ encoding shard 1/5: 11042816/19416750PQ encoding shard 1/5: 11075584/19416750PQ encoding shard 1/5: 11108352/19416750PQ encoding shard 1/5: 11141120/19416750PQ encoding shard 1/5: 11173888/19416750PQ encoding shard 1/5: 11206656/19416750PQ encoding shard 1/5: 11239424/19416750PQ encoding shard 1/5: 11272192/19416750PQ encoding shard 1/5: 11304960/19416750PQ encoding shard 1/5: 11337728/19416750PQ encoding shard 1/5: 11370496/19416750PQ encoding shard 1/5: 11403264/19416750PQ encoding shard 1/5: 11436032/19416750PQ encoding shard 1/5: 11468800/19416750PQ encoding shard 1/5: 11501568/19416750PQ encoding shard 1/5: 11534336/19416750PQ encoding shard 1/5: 11567104/19416750PQ encoding shard 1/5: 11599872/19416750PQ encoding shard 1/5: 11632640/19416750PQ encoding shard 1/5: 11665408/19416750PQ encoding shard 1/5: 11698176/19416750PQ encoding shard 1/5: 11730944/19416750PQ encoding shard 1/5: 11763712/19416750PQ encoding shard 1/5: 11796480/19416750PQ encoding shard 1/5: 11829248/19416750PQ encoding shard 1/5: 11862016/19416750PQ encoding shard 1/5: 11894784/19416750PQ encoding shard 1/5: 11927552/19416750PQ encoding shard 1/5: 11960320/19416750PQ encoding shard 1/5: 11993088/19416750PQ encoding shard 1/5: 12025856/19416750PQ encoding shard 1/5: 12058624/19416750PQ encoding shard 1/5: 12091392/19416750PQ encoding shard 1/5: 12124160/19416750PQ encoding shard 1/5: 12156928/19416750PQ encoding shard 1/5: 12189696/19416750PQ encoding shard 1/5: 12222464/19416750PQ encoding shard 1/5: 12255232/19416750PQ encoding shard 1/5: 12288000/19416750PQ encoding shard 1/5: 12320768/19416750PQ encoding shard 1/5: 12353536/19416750PQ encoding shard 1/5: 12386304/19416750PQ encoding shard 1/5: 12419072/19416750PQ encoding shard 1/5: 12451840/19416750PQ encoding shard 1/5: 12484608/19416750PQ encoding shard 1/5: 12517376/19416750PQ encoding shard 1/5: 12550144/19416750PQ encoding shard 1/5: 12582912/19416750PQ encoding shard 1/5: 12615680/19416750PQ encoding shard 1/5: 12648448/19416750PQ encoding shard 1/5: 12681216/19416750PQ encoding shard 1/5: 12713984/19416750PQ encoding shard 1/5: 12746752/19416750PQ encoding shard 1/5: 12779520/19416750PQ encoding shard 1/5: 12812288/19416750PQ encoding shard 1/5: 12845056/19416750PQ encoding shard 1/5: 12877824/19416750PQ encoding shard 1/5: 12910592/19416750PQ encoding shard 1/5: 12943360/19416750PQ encoding shard 1/5: 12976128/19416750PQ encoding shard 1/5: 13008896/19416750PQ encoding shard 1/5: 13041664/19416750PQ encoding shard 1/5: 13074432/19416750PQ encoding shard 1/5: 13107200/19416750PQ encoding shard 1/5: 13139968/19416750PQ encoding shard 1/5: 13172736/19416750PQ encoding shard 1/5: 13205504/19416750PQ encoding shard 1/5: 13238272/19416750PQ encoding shard 1/5: 13271040/19416750PQ encoding shard 1/5: 13303808/19416750PQ encoding shard 1/5: 13336576/19416750PQ encoding shard 1/5: 13369344/19416750PQ encoding shard 1/5: 13402112/19416750PQ encoding shard 1/5: 13434880/19416750PQ encoding shard 1/5: 13467648/19416750PQ encoding shard 1/5: 13500416/19416750PQ encoding shard 1/5: 13533184/19416750PQ encoding shard 1/5: 13565952/19416750PQ encoding shard 1/5: 13598720/19416750PQ encoding shard 1/5: 13631488/19416750PQ encoding shard 1/5: 13664256/19416750PQ encoding shard 1/5: 13697024/19416750PQ encoding shard 1/5: 13729792/19416750PQ encoding shard 1/5: 13762560/19416750PQ encoding shard 1/5: 13795328/19416750PQ encoding shard 1/5: 13828096/19416750PQ encoding shard 1/5: 13860864/19416750PQ encoding shard 1/5: 13893632/19416750PQ encoding shard 1/5: 13926400/19416750PQ encoding shard 1/5: 13959168/19416750PQ encoding shard 1/5: 13991936/19416750PQ encoding shard 1/5: 14024704/19416750PQ encoding shard 1/5: 14057472/19416750PQ encoding shard 1/5: 14090240/19416750PQ encoding shard 1/5: 14123008/19416750PQ encoding shard 1/5: 14155776/19416750PQ encoding shard 1/5: 14188544/19416750PQ encoding shard 1/5: 14221312/19416750PQ encoding shard 1/5: 14254080/19416750PQ encoding shard 1/5: 14286848/19416750PQ encoding shard 1/5: 14319616/19416750PQ encoding shard 1/5: 14352384/19416750PQ encoding shard 1/5: 14385152/19416750PQ encoding shard 1/5: 14417920/19416750PQ encoding shard 1/5: 14450688/19416750PQ encoding shard 1/5: 14483456/19416750PQ encoding shard 1/5: 14516224/19416750PQ encoding shard 1/5: 14548992/19416750PQ encoding shard 1/5: 14581760/19416750PQ encoding shard 1/5: 14614528/19416750PQ encoding shard 1/5: 14647296/19416750PQ encoding shard 1/5: 14680064/19416750PQ encoding shard 1/5: 14712832/19416750PQ encoding shard 1/5: 14745600/19416750PQ encoding shard 1/5: 14778368/19416750PQ encoding shard 1/5: 14811136/19416750PQ encoding shard 1/5: 14843904/19416750PQ encoding shard 1/5: 14876672/19416750PQ encoding shard 1/5: 14909440/19416750PQ encoding shard 1/5: 14942208/19416750PQ encoding shard 1/5: 14974976/19416750PQ encoding shard 1/5: 15007744/19416750PQ encoding shard 1/5: 15040512/19416750PQ encoding shard 1/5: 15073280/19416750PQ encoding shard 1/5: 15106048/19416750PQ encoding shard 1/5: 15138816/19416750PQ encoding shard 1/5: 15171584/19416750PQ encoding shard 1/5: 15204352/19416750PQ encoding shard 1/5: 15237120/19416750PQ encoding shard 1/5: 15269888/19416750PQ encoding shard 1/5: 15302656/19416750PQ encoding shard 1/5: 15335424/19416750PQ encoding shard 1/5: 15368192/19416750PQ encoding shard 1/5: 15400960/19416750PQ encoding shard 1/5: 15433728/19416750PQ encoding shard 1/5: 15466496/19416750PQ encoding shard 1/5: 15499264/19416750PQ encoding shard 1/5: 15532032/19416750PQ encoding shard 1/5: 15564800/19416750PQ encoding shard 1/5: 15597568/19416750PQ encoding shard 1/5: 15630336/19416750PQ encoding shard 1/5: 15663104/19416750PQ encoding shard 1/5: 15695872/19416750PQ encoding shard 1/5: 15728640/19416750PQ encoding shard 1/5: 15761408/19416750PQ encoding shard 1/5: 15794176/19416750PQ encoding shard 1/5: 15826944/19416750PQ encoding shard 1/5: 15859712/19416750PQ encoding shard 1/5: 15892480/19416750PQ encoding shard 1/5: 15925248/19416750PQ encoding shard 1/5: 15958016/19416750PQ encoding shard 1/5: 15990784/19416750PQ encoding shard 1/5: 16023552/19416750PQ encoding shard 1/5: 16056320/19416750PQ encoding shard 1/5: 16089088/19416750PQ encoding shard 1/5: 16121856/19416750PQ encoding shard 1/5: 16154624/19416750PQ encoding shard 1/5: 16187392/19416750PQ encoding shard 1/5: 16220160/19416750PQ encoding shard 1/5: 16252928/19416750PQ encoding shard 1/5: 16285696/19416750PQ encoding shard 1/5: 16318464/19416750PQ encoding shard 1/5: 16351232/19416750PQ encoding shard 1/5: 16384000/19416750PQ encoding shard 1/5: 16416768/19416750PQ encoding shard 1/5: 16449536/19416750PQ encoding shard 1/5: 16482304/19416750PQ encoding shard 1/5: 16515072/19416750PQ encoding shard 1/5: 16547840/19416750PQ encoding shard 1/5: 16580608/19416750PQ encoding shard 1/5: 16613376/19416750PQ encoding shard 1/5: 16646144/19416750PQ encoding shard 1/5: 16678912/19416750PQ encoding shard 1/5: 16711680/19416750PQ encoding shard 1/5: 16744448/19416750PQ encoding shard 1/5: 16777216/19416750PQ encoding shard 1/5: 16809984/19416750PQ encoding shard 1/5: 16842752/19416750PQ encoding shard 1/5: 16875520/19416750PQ encoding shard 1/5: 16908288/19416750PQ encoding shard 1/5: 16941056/19416750PQ encoding shard 1/5: 16973824/19416750PQ encoding shard 1/5: 17006592/19416750PQ encoding shard 1/5: 17039360/19416750PQ encoding shard 1/5: 17072128/19416750PQ encoding shard 1/5: 17104896/19416750PQ encoding shard 1/5: 17137664/19416750PQ encoding shard 1/5: 17170432/19416750PQ encoding shard 1/5: 17203200/19416750PQ encoding shard 1/5: 17235968/19416750PQ encoding shard 1/5: 17268736/19416750PQ encoding shard 1/5: 17301504/19416750PQ encoding shard 1/5: 17334272/19416750PQ encoding shard 1/5: 17367040/19416750PQ encoding shard 1/5: 17399808/19416750PQ encoding shard 1/5: 17432576/19416750PQ encoding shard 1/5: 17465344/19416750PQ encoding shard 1/5: 17498112/19416750PQ encoding shard 1/5: 17530880/19416750PQ encoding shard 1/5: 17563648/19416750PQ encoding shard 1/5: 17596416/19416750PQ encoding shard 1/5: 17629184/19416750PQ encoding shard 1/5: 17661952/19416750PQ encoding shard 1/5: 17694720/19416750PQ encoding shard 1/5: 17727488/19416750PQ encoding shard 1/5: 17760256/19416750PQ encoding shard 1/5: 17793024/19416750PQ encoding shard 1/5: 17825792/19416750PQ encoding shard 1/5: 17858560/19416750PQ encoding shard 1/5: 17891328/19416750PQ encoding shard 1/5: 17924096/19416750PQ encoding shard 1/5: 17956864/19416750PQ encoding shard 1/5: 17989632/19416750PQ encoding shard 1/5: 18022400/19416750PQ encoding shard 1/5: 18055168/19416750PQ encoding shard 1/5: 18087936/19416750PQ encoding shard 1/5: 18120704/19416750PQ encoding shard 1/5: 18153472/19416750PQ encoding shard 1/5: 18186240/19416750PQ encoding shard 1/5: 18219008/19416750PQ encoding shard 1/5: 18251776/19416750PQ encoding shard 1/5: 18284544/19416750PQ encoding shard 1/5: 18317312/19416750PQ encoding shard 1/5: 18350080/19416750PQ encoding shard 1/5: 18382848/19416750PQ encoding shard 1/5: 18415616/19416750PQ encoding shard 1/5: 18448384/19416750PQ encoding shard 1/5: 18481152/19416750PQ encoding shard 1/5: 18513920/19416750PQ encoding shard 1/5: 18546688/19416750PQ encoding shard 1/5: 18579456/19416750PQ encoding shard 1/5: 18612224/19416750PQ encoding shard 1/5: 18644992/19416750PQ encoding shard 1/5: 18677760/19416750PQ encoding shard 1/5: 18710528/19416750PQ encoding shard 1/5: 18743296/19416750PQ encoding shard 1/5: 18776064/19416750PQ encoding shard 1/5: 18808832/19416750PQ encoding shard 1/5: 18841600/19416750PQ encoding shard 1/5: 18874368/19416750PQ encoding shard 1/5: 18907136/19416750PQ encoding shard 1/5: 18939904/19416750PQ encoding shard 1/5: 18972672/19416750PQ encoding shard 1/5: 19005440/19416750PQ encoding shard 1/5: 19038208/19416750PQ encoding shard 1/5: 19070976/19416750PQ encoding shard 1/5: 19103744/19416750PQ encoding shard 1/5: 19136512/19416750PQ encoding shard 1/5: 19169280/19416750PQ encoding shard 1/5: 19202048/19416750PQ encoding shard 1/5: 19234816/19416750PQ encoding shard 1/5: 19267584/19416750PQ encoding shard 1/5: 19300352/19416750PQ encoding shard 1/5: 19333120/19416750PQ encoding shard 1/5: 19365888/19416750PQ encoding shard 1/5: 19398656/19416750PQ encoding shard 1/5: 19416750/19416750
PQ encoder audit shard 2/5: vectors=64 component_mismatches=0
PQ encoding shard 2/5: 32768/19416603PQ encoding shard 2/5: 65536/19416603PQ encoding shard 2/5: 98304/19416603PQ encoding shard 2/5: 131072/19416603PQ encoding shard 2/5: 163840/19416603PQ encoding shard 2/5: 196608/19416603PQ encoding shard 2/5: 229376/19416603PQ encoding shard 2/5: 262144/19416603PQ encoding shard 2/5: 294912/19416603PQ encoding shard 2/5: 327680/19416603PQ encoding shard 2/5: 360448/19416603PQ encoding shard 2/5: 393216/19416603PQ encoding shard 2/5: 425984/19416603PQ encoding shard 2/5: 458752/19416603PQ encoding shard 2/5: 491520/19416603PQ encoding shard 2/5: 524288/19416603PQ encoding shard 2/5: 557056/19416603PQ encoding shard 2/5: 589824/19416603PQ encoding shard 2/5: 622592/19416603PQ encoding shard 2/5: 655360/19416603PQ encoding shard 2/5: 688128/19416603PQ encoding shard 2/5: 720896/19416603PQ encoding shard 2/5: 753664/19416603PQ encoding shard 2/5: 786432/19416603PQ encoding shard 2/5: 819200/19416603PQ encoding shard 2/5: 851968/19416603PQ encoding shard 2/5: 884736/19416603PQ encoding shard 2/5: 917504/19416603PQ encoding shard 2/5: 950272/19416603PQ encoding shard 2/5: 983040/19416603PQ encoding shard 2/5: 1015808/19416603PQ encoding shard 2/5: 1048576/19416603PQ encoding shard 2/5: 1081344/19416603PQ encoding shard 2/5: 1114112/19416603PQ encoding shard 2/5: 1146880/19416603PQ encoding shard 2/5: 1179648/19416603PQ encoding shard 2/5: 1212416/19416603PQ encoding shard 2/5: 1245184/19416603PQ encoding shard 2/5: 1277952/19416603PQ encoding shard 2/5: 1310720/19416603PQ encoding shard 2/5: 1343488/19416603PQ encoding shard 2/5: 1376256/19416603PQ encoding shard 2/5: 1409024/19416603PQ encoding shard 2/5: 1441792/19416603PQ encoding shard 2/5: 1474560/19416603PQ encoding shard 2/5: 1507328/19416603PQ encoding shard 2/5: 1540096/19416603PQ encoding shard 2/5: 1572864/19416603PQ encoding shard 2/5: 1605632/19416603PQ encoding shard 2/5: 1638400/19416603PQ encoding shard 2/5: 1671168/19416603PQ encoding shard 2/5: 1703936/19416603PQ encoding shard 2/5: 1736704/19416603PQ encoding shard 2/5: 1769472/19416603PQ encoding shard 2/5: 1802240/19416603PQ encoding shard 2/5: 1835008/19416603PQ encoding shard 2/5: 1867776/19416603PQ encoding shard 2/5: 1900544/19416603PQ encoding shard 2/5: 1933312/19416603PQ encoding shard 2/5: 1966080/19416603PQ encoding shard 2/5: 1998848/19416603PQ encoding shard 2/5: 2031616/19416603PQ encoding shard 2/5: 2064384/19416603PQ encoding shard 2/5: 2097152/19416603PQ encoding shard 2/5: 2129920/19416603PQ encoding shard 2/5: 2162688/19416603PQ encoding shard 2/5: 2195456/19416603PQ encoding shard 2/5: 2228224/19416603PQ encoding shard 2/5: 2260992/19416603PQ encoding shard 2/5: 2293760/19416603PQ encoding shard 2/5: 2326528/19416603PQ encoding shard 2/5: 2359296/19416603PQ encoding shard 2/5: 2392064/19416603PQ encoding shard 2/5: 2424832/19416603PQ encoding shard 2/5: 2457600/19416603PQ encoding shard 2/5: 2490368/19416603PQ encoding shard 2/5: 2523136/19416603PQ encoding shard 2/5: 2555904/19416603PQ encoding shard 2/5: 2588672/19416603PQ encoding shard 2/5: 2621440/19416603PQ encoding shard 2/5: 2654208/19416603PQ encoding shard 2/5: 2686976/19416603PQ encoding shard 2/5: 2719744/19416603PQ encoding shard 2/5: 2752512/19416603PQ encoding shard 2/5: 2785280/19416603PQ encoding shard 2/5: 2818048/19416603PQ encoding shard 2/5: 2850816/19416603PQ encoding shard 2/5: 2883584/19416603PQ encoding shard 2/5: 2916352/19416603PQ encoding shard 2/5: 2949120/19416603PQ encoding shard 2/5: 2981888/19416603PQ encoding shard 2/5: 3014656/19416603PQ encoding shard 2/5: 3047424/19416603PQ encoding shard 2/5: 3080192/19416603PQ encoding shard 2/5: 3112960/19416603PQ encoding shard 2/5: 3145728/19416603PQ encoding shard 2/5: 3178496/19416603PQ encoding shard 2/5: 3211264/19416603PQ encoding shard 2/5: 3244032/19416603PQ encoding shard 2/5: 3276800/19416603PQ encoding shard 2/5: 3309568/19416603PQ encoding shard 2/5: 3342336/19416603PQ encoding shard 2/5: 3375104/19416603PQ encoding shard 2/5: 3407872/19416603PQ encoding shard 2/5: 3440640/19416603PQ encoding shard 2/5: 3473408/19416603PQ encoding shard 2/5: 3506176/19416603PQ encoding shard 2/5: 3538944/19416603PQ encoding shard 2/5: 3571712/19416603PQ encoding shard 2/5: 3604480/19416603PQ encoding shard 2/5: 3637248/19416603PQ encoding shard 2/5: 3670016/19416603PQ encoding shard 2/5: 3702784/19416603PQ encoding shard 2/5: 3735552/19416603PQ encoding shard 2/5: 3768320/19416603PQ encoding shard 2/5: 3801088/19416603PQ encoding shard 2/5: 3833856/19416603PQ encoding shard 2/5: 3866624/19416603PQ encoding shard 2/5: 3899392/19416603PQ encoding shard 2/5: 3932160/19416603PQ encoding shard 2/5: 3964928/19416603PQ encoding shard 2/5: 3997696/19416603PQ encoding shard 2/5: 4030464/19416603PQ encoding shard 2/5: 4063232/19416603PQ encoding shard 2/5: 4096000/19416603PQ encoding shard 2/5: 4128768/19416603PQ encoding shard 2/5: 4161536/19416603PQ encoding shard 2/5: 4194304/19416603PQ encoding shard 2/5: 4227072/19416603PQ encoding shard 2/5: 4259840/19416603PQ encoding shard 2/5: 4292608/19416603PQ encoding shard 2/5: 4325376/19416603PQ encoding shard 2/5: 4358144/19416603PQ encoding shard 2/5: 4390912/19416603PQ encoding shard 2/5: 4423680/19416603PQ encoding shard 2/5: 4456448/19416603PQ encoding shard 2/5: 4489216/19416603PQ encoding shard 2/5: 4521984/19416603PQ encoding shard 2/5: 4554752/19416603PQ encoding shard 2/5: 4587520/19416603PQ encoding shard 2/5: 4620288/19416603PQ encoding shard 2/5: 4653056/19416603PQ encoding shard 2/5: 4685824/19416603PQ encoding shard 2/5: 4718592/19416603PQ encoding shard 2/5: 4751360/19416603PQ encoding shard 2/5: 4784128/19416603PQ encoding shard 2/5: 4816896/19416603PQ encoding shard 2/5: 4849664/19416603PQ encoding shard 2/5: 4882432/19416603PQ encoding shard 2/5: 4915200/19416603PQ encoding shard 2/5: 4947968/19416603PQ encoding shard 2/5: 4980736/19416603PQ encoding shard 2/5: 5013504/19416603PQ encoding shard 2/5: 5046272/19416603PQ encoding shard 2/5: 5079040/19416603PQ encoding shard 2/5: 5111808/19416603PQ encoding shard 2/5: 5144576/19416603PQ encoding shard 2/5: 5177344/19416603PQ encoding shard 2/5: 5210112/19416603PQ encoding shard 2/5: 5242880/19416603PQ encoding shard 2/5: 5275648/19416603PQ encoding shard 2/5: 5308416/19416603PQ encoding shard 2/5: 5341184/19416603PQ encoding shard 2/5: 5373952/19416603PQ encoding shard 2/5: 5406720/19416603PQ encoding shard 2/5: 5439488/19416603PQ encoding shard 2/5: 5472256/19416603PQ encoding shard 2/5: 5505024/19416603PQ encoding shard 2/5: 5537792/19416603PQ encoding shard 2/5: 5570560/19416603PQ encoding shard 2/5: 5603328/19416603PQ encoding shard 2/5: 5636096/19416603PQ encoding shard 2/5: 5668864/19416603PQ encoding shard 2/5: 5701632/19416603PQ encoding shard 2/5: 5734400/19416603PQ encoding shard 2/5: 5767168/19416603PQ encoding shard 2/5: 5799936/19416603PQ encoding shard 2/5: 5832704/19416603PQ encoding shard 2/5: 5865472/19416603PQ encoding shard 2/5: 5898240/19416603PQ encoding shard 2/5: 5931008/19416603PQ encoding shard 2/5: 5963776/19416603PQ encoding shard 2/5: 5996544/19416603PQ encoding shard 2/5: 6029312/19416603PQ encoding shard 2/5: 6062080/19416603PQ encoding shard 2/5: 6094848/19416603PQ encoding shard 2/5: 6127616/19416603PQ encoding shard 2/5: 6160384/19416603PQ encoding shard 2/5: 6193152/19416603PQ encoding shard 2/5: 6225920/19416603PQ encoding shard 2/5: 6258688/19416603PQ encoding shard 2/5: 6291456/19416603PQ encoding shard 2/5: 6324224/19416603PQ encoding shard 2/5: 6356992/19416603PQ encoding shard 2/5: 6389760/19416603PQ encoding shard 2/5: 6422528/19416603PQ encoding shard 2/5: 6455296/19416603PQ encoding shard 2/5: 6488064/19416603PQ encoding shard 2/5: 6520832/19416603PQ encoding shard 2/5: 6553600/19416603PQ encoding shard 2/5: 6586368/19416603PQ encoding shard 2/5: 6619136/19416603PQ encoding shard 2/5: 6651904/19416603PQ encoding shard 2/5: 6684672/19416603PQ encoding shard 2/5: 6717440/19416603PQ encoding shard 2/5: 6750208/19416603PQ encoding shard 2/5: 6782976/19416603PQ encoding shard 2/5: 6815744/19416603PQ encoding shard 2/5: 6848512/19416603PQ encoding shard 2/5: 6881280/19416603PQ encoding shard 2/5: 6914048/19416603PQ encoding shard 2/5: 6946816/19416603PQ encoding shard 2/5: 6979584/19416603PQ encoding shard 2/5: 7012352/19416603PQ encoding shard 2/5: 7045120/19416603PQ encoding shard 2/5: 7077888/19416603PQ encoding shard 2/5: 7110656/19416603PQ encoding shard 2/5: 7143424/19416603PQ encoding shard 2/5: 7176192/19416603PQ encoding shard 2/5: 7208960/19416603PQ encoding shard 2/5: 7241728/19416603PQ encoding shard 2/5: 7274496/19416603PQ encoding shard 2/5: 7307264/19416603PQ encoding shard 2/5: 7340032/19416603PQ encoding shard 2/5: 7372800/19416603PQ encoding shard 2/5: 7405568/19416603PQ encoding shard 2/5: 7438336/19416603PQ encoding shard 2/5: 7471104/19416603PQ encoding shard 2/5: 7503872/19416603PQ encoding shard 2/5: 7536640/19416603PQ encoding shard 2/5: 7569408/19416603PQ encoding shard 2/5: 7602176/19416603PQ encoding shard 2/5: 7634944/19416603PQ encoding shard 2/5: 7667712/19416603PQ encoding shard 2/5: 7700480/19416603PQ encoding shard 2/5: 7733248/19416603PQ encoding shard 2/5: 7766016/19416603PQ encoding shard 2/5: 7798784/19416603PQ encoding shard 2/5: 7831552/19416603PQ encoding shard 2/5: 7864320/19416603PQ encoding shard 2/5: 7897088/19416603PQ encoding shard 2/5: 7929856/19416603PQ encoding shard 2/5: 7962624/19416603PQ encoding shard 2/5: 7995392/19416603PQ encoding shard 2/5: 8028160/19416603PQ encoding shard 2/5: 8060928/19416603PQ encoding shard 2/5: 8093696/19416603PQ encoding shard 2/5: 8126464/19416603PQ encoding shard 2/5: 8159232/19416603PQ encoding shard 2/5: 8192000/19416603PQ encoding shard 2/5: 8224768/19416603PQ encoding shard 2/5: 8257536/19416603PQ encoding shard 2/5: 8290304/19416603PQ encoding shard 2/5: 8323072/19416603PQ encoding shard 2/5: 8355840/19416603PQ encoding shard 2/5: 8388608/19416603PQ encoding shard 2/5: 8421376/19416603PQ encoding shard 2/5: 8454144/19416603PQ encoding shard 2/5: 8486912/19416603PQ encoding shard 2/5: 8519680/19416603PQ encoding shard 2/5: 8552448/19416603PQ encoding shard 2/5: 8585216/19416603PQ encoding shard 2/5: 8617984/19416603PQ encoding shard 2/5: 8650752/19416603PQ encoding shard 2/5: 8683520/19416603PQ encoding shard 2/5: 8716288/19416603PQ encoding shard 2/5: 8749056/19416603PQ encoding shard 2/5: 8781824/19416603PQ encoding shard 2/5: 8814592/19416603PQ encoding shard 2/5: 8847360/19416603PQ encoding shard 2/5: 8880128/19416603PQ encoding shard 2/5: 8912896/19416603PQ encoding shard 2/5: 8945664/19416603PQ encoding shard 2/5: 8978432/19416603PQ encoding shard 2/5: 9011200/19416603PQ encoding shard 2/5: 9043968/19416603PQ encoding shard 2/5: 9076736/19416603PQ encoding shard 2/5: 9109504/19416603PQ encoding shard 2/5: 9142272/19416603PQ encoding shard 2/5: 9175040/19416603PQ encoding shard 2/5: 9207808/19416603PQ encoding shard 2/5: 9240576/19416603PQ encoding shard 2/5: 9273344/19416603PQ encoding shard 2/5: 9306112/19416603PQ encoding shard 2/5: 9338880/19416603PQ encoding shard 2/5: 9371648/19416603PQ encoding shard 2/5: 9404416/19416603PQ encoding shard 2/5: 9437184/19416603PQ encoding shard 2/5: 9469952/19416603PQ encoding shard 2/5: 9502720/19416603PQ encoding shard 2/5: 9535488/19416603PQ encoding shard 2/5: 9568256/19416603PQ encoding shard 2/5: 9601024/19416603PQ encoding shard 2/5: 9633792/19416603PQ encoding shard 2/5: 9666560/19416603PQ encoding shard 2/5: 9699328/19416603PQ encoding shard 2/5: 9732096/19416603PQ encoding shard 2/5: 9764864/19416603PQ encoding shard 2/5: 9797632/19416603PQ encoding shard 2/5: 9830400/19416603PQ encoding shard 2/5: 9863168/19416603PQ encoding shard 2/5: 9895936/19416603PQ encoding shard 2/5: 9928704/19416603PQ encoding shard 2/5: 9961472/19416603PQ encoding shard 2/5: 9994240/19416603PQ encoding shard 2/5: 10027008/19416603PQ encoding shard 2/5: 10059776/19416603PQ encoding shard 2/5: 10092544/19416603PQ encoding shard 2/5: 10125312/19416603PQ encoding shard 2/5: 10158080/19416603PQ encoding shard 2/5: 10190848/19416603PQ encoding shard 2/5: 10223616/19416603PQ encoding shard 2/5: 10256384/19416603PQ encoding shard 2/5: 10289152/19416603PQ encoding shard 2/5: 10321920/19416603PQ encoding shard 2/5: 10354688/19416603PQ encoding shard 2/5: 10387456/19416603PQ encoding shard 2/5: 10420224/19416603PQ encoding shard 2/5: 10452992/19416603PQ encoding shard 2/5: 10485760/19416603PQ encoding shard 2/5: 10518528/19416603PQ encoding shard 2/5: 10551296/19416603PQ encoding shard 2/5: 10584064/19416603PQ encoding shard 2/5: 10616832/19416603PQ encoding shard 2/5: 10649600/19416603PQ encoding shard 2/5: 10682368/19416603PQ encoding shard 2/5: 10715136/19416603PQ encoding shard 2/5: 10747904/19416603PQ encoding shard 2/5: 10780672/19416603PQ encoding shard 2/5: 10813440/19416603PQ encoding shard 2/5: 10846208/19416603PQ encoding shard 2/5: 10878976/19416603PQ encoding shard 2/5: 10911744/19416603PQ encoding shard 2/5: 10944512/19416603PQ encoding shard 2/5: 10977280/19416603PQ encoding shard 2/5: 11010048/19416603PQ encoding shard 2/5: 11042816/19416603PQ encoding shard 2/5: 11075584/19416603PQ encoding shard 2/5: 11108352/19416603PQ encoding shard 2/5: 11141120/19416603PQ encoding shard 2/5: 11173888/19416603PQ encoding shard 2/5: 11206656/19416603PQ encoding shard 2/5: 11239424/19416603PQ encoding shard 2/5: 11272192/19416603PQ encoding shard 2/5: 11304960/19416603PQ encoding shard 2/5: 11337728/19416603PQ encoding shard 2/5: 11370496/19416603PQ encoding shard 2/5: 11403264/19416603PQ encoding shard 2/5: 11436032/19416603PQ encoding shard 2/5: 11468800/19416603PQ encoding shard 2/5: 11501568/19416603PQ encoding shard 2/5: 11534336/19416603PQ encoding shard 2/5: 11567104/19416603PQ encoding shard 2/5: 11599872/19416603PQ encoding shard 2/5: 11632640/19416603PQ encoding shard 2/5: 11665408/19416603PQ encoding shard 2/5: 11698176/19416603PQ encoding shard 2/5: 11730944/19416603PQ encoding shard 2/5: 11763712/19416603PQ encoding shard 2/5: 11796480/19416603PQ encoding shard 2/5: 11829248/19416603PQ encoding shard 2/5: 11862016/19416603PQ encoding shard 2/5: 11894784/19416603PQ encoding shard 2/5: 11927552/19416603PQ encoding shard 2/5: 11960320/19416603PQ encoding shard 2/5: 11993088/19416603PQ encoding shard 2/5: 12025856/19416603PQ encoding shard 2/5: 12058624/19416603PQ encoding shard 2/5: 12091392/19416603PQ encoding shard 2/5: 12124160/19416603PQ encoding shard 2/5: 12156928/19416603PQ encoding shard 2/5: 12189696/19416603PQ encoding shard 2/5: 12222464/19416603PQ encoding shard 2/5: 12255232/19416603PQ encoding shard 2/5: 12288000/19416603PQ encoding shard 2/5: 12320768/19416603PQ encoding shard 2/5: 12353536/19416603PQ encoding shard 2/5: 12386304/19416603PQ encoding shard 2/5: 12419072/19416603PQ encoding shard 2/5: 12451840/19416603PQ encoding shard 2/5: 12484608/19416603PQ encoding shard 2/5: 12517376/19416603PQ encoding shard 2/5: 12550144/19416603PQ encoding shard 2/5: 12582912/19416603PQ encoding shard 2/5: 12615680/19416603PQ encoding shard 2/5: 12648448/19416603PQ encoding shard 2/5: 12681216/19416603PQ encoding shard 2/5: 12713984/19416603PQ encoding shard 2/5: 12746752/19416603PQ encoding shard 2/5: 12779520/19416603PQ encoding shard 2/5: 12812288/19416603PQ encoding shard 2/5: 12845056/19416603PQ encoding shard 2/5: 12877824/19416603PQ encoding shard 2/5: 12910592/19416603PQ encoding shard 2/5: 12943360/19416603PQ encoding shard 2/5: 12976128/19416603PQ encoding shard 2/5: 13008896/19416603PQ encoding shard 2/5: 13041664/19416603PQ encoding shard 2/5: 13074432/19416603PQ encoding shard 2/5: 13107200/19416603PQ encoding shard 2/5: 13139968/19416603PQ encoding shard 2/5: 13172736/19416603PQ encoding shard 2/5: 13205504/19416603PQ encoding shard 2/5: 13238272/19416603PQ encoding shard 2/5: 13271040/19416603PQ encoding shard 2/5: 13303808/19416603PQ encoding shard 2/5: 13336576/19416603PQ encoding shard 2/5: 13369344/19416603PQ encoding shard 2/5: 13402112/19416603PQ encoding shard 2/5: 13434880/19416603PQ encoding shard 2/5: 13467648/19416603PQ encoding shard 2/5: 13500416/19416603PQ encoding shard 2/5: 13533184/19416603PQ encoding shard 2/5: 13565952/19416603PQ encoding shard 2/5: 13598720/19416603PQ encoding shard 2/5: 13631488/19416603PQ encoding shard 2/5: 13664256/19416603PQ encoding shard 2/5: 13697024/19416603PQ encoding shard 2/5: 13729792/19416603PQ encoding shard 2/5: 13762560/19416603PQ encoding shard 2/5: 13795328/19416603PQ encoding shard 2/5: 13828096/19416603PQ encoding shard 2/5: 13860864/19416603PQ encoding shard 2/5: 13893632/19416603PQ encoding shard 2/5: 13926400/19416603PQ encoding shard 2/5: 13959168/19416603PQ encoding shard 2/5: 13991936/19416603PQ encoding shard 2/5: 14024704/19416603PQ encoding shard 2/5: 14057472/19416603PQ encoding shard 2/5: 14090240/19416603PQ encoding shard 2/5: 14123008/19416603PQ encoding shard 2/5: 14155776/19416603PQ encoding shard 2/5: 14188544/19416603PQ encoding shard 2/5: 14221312/19416603PQ encoding shard 2/5: 14254080/19416603PQ encoding shard 2/5: 14286848/19416603PQ encoding shard 2/5: 14319616/19416603PQ encoding shard 2/5: 14352384/19416603PQ encoding shard 2/5: 14385152/19416603PQ encoding shard 2/5: 14417920/19416603PQ encoding shard 2/5: 14450688/19416603PQ encoding shard 2/5: 14483456/19416603PQ encoding shard 2/5: 14516224/19416603PQ encoding shard 2/5: 14548992/19416603PQ encoding shard 2/5: 14581760/19416603PQ encoding shard 2/5: 14614528/19416603PQ encoding shard 2/5: 14647296/19416603PQ encoding shard 2/5: 14680064/19416603PQ encoding shard 2/5: 14712832/19416603PQ encoding shard 2/5: 14745600/19416603PQ encoding shard 2/5: 14778368/19416603PQ encoding shard 2/5: 14811136/19416603PQ encoding shard 2/5: 14843904/19416603PQ encoding shard 2/5: 14876672/19416603PQ encoding shard 2/5: 14909440/19416603PQ encoding shard 2/5: 14942208/19416603PQ encoding shard 2/5: 14974976/19416603PQ encoding shard 2/5: 15007744/19416603PQ encoding shard 2/5: 15040512/19416603PQ encoding shard 2/5: 15073280/19416603PQ encoding shard 2/5: 15106048/19416603PQ encoding shard 2/5: 15138816/19416603PQ encoding shard 2/5: 15171584/19416603PQ encoding shard 2/5: 15204352/19416603PQ encoding shard 2/5: 15237120/19416603PQ encoding shard 2/5: 15269888/19416603PQ encoding shard 2/5: 15302656/19416603PQ encoding shard 2/5: 15335424/19416603PQ encoding shard 2/5: 15368192/19416603PQ encoding shard 2/5: 15400960/19416603PQ encoding shard 2/5: 15433728/19416603PQ encoding shard 2/5: 15466496/19416603PQ encoding shard 2/5: 15499264/19416603PQ encoding shard 2/5: 15532032/19416603PQ encoding shard 2/5: 15564800/19416603PQ encoding shard 2/5: 15597568/19416603PQ encoding shard 2/5: 15630336/19416603PQ encoding shard 2/5: 15663104/19416603PQ encoding shard 2/5: 15695872/19416603PQ encoding shard 2/5: 15728640/19416603PQ encoding shard 2/5: 15761408/19416603PQ encoding shard 2/5: 15794176/19416603PQ encoding shard 2/5: 15826944/19416603PQ encoding shard 2/5: 15859712/19416603PQ encoding shard 2/5: 15892480/19416603PQ encoding shard 2/5: 15925248/19416603PQ encoding shard 2/5: 15958016/19416603PQ encoding shard 2/5: 15990784/19416603PQ encoding shard 2/5: 16023552/19416603PQ encoding shard 2/5: 16056320/19416603PQ encoding shard 2/5: 16089088/19416603PQ encoding shard 2/5: 16121856/19416603PQ encoding shard 2/5: 16154624/19416603PQ encoding shard 2/5: 16187392/19416603PQ encoding shard 2/5: 16220160/19416603PQ encoding shard 2/5: 16252928/19416603PQ encoding shard 2/5: 16285696/19416603PQ encoding shard 2/5: 16318464/19416603PQ encoding shard 2/5: 16351232/19416603PQ encoding shard 2/5: 16384000/19416603PQ encoding shard 2/5: 16416768/19416603PQ encoding shard 2/5: 16449536/19416603PQ encoding shard 2/5: 16482304/19416603PQ encoding shard 2/5: 16515072/19416603PQ encoding shard 2/5: 16547840/19416603PQ encoding shard 2/5: 16580608/19416603PQ encoding shard 2/5: 16613376/19416603PQ encoding shard 2/5: 16646144/19416603PQ encoding shard 2/5: 16678912/19416603PQ encoding shard 2/5: 16711680/19416603PQ encoding shard 2/5: 16744448/19416603PQ encoding shard 2/5: 16777216/19416603PQ encoding shard 2/5: 16809984/19416603PQ encoding shard 2/5: 16842752/19416603PQ encoding shard 2/5: 16875520/19416603PQ encoding shard 2/5: 16908288/19416603PQ encoding shard 2/5: 16941056/19416603PQ encoding shard 2/5: 16973824/19416603PQ encoding shard 2/5: 17006592/19416603PQ encoding shard 2/5: 17039360/19416603PQ encoding shard 2/5: 17072128/19416603PQ encoding shard 2/5: 17104896/19416603PQ encoding shard 2/5: 17137664/19416603PQ encoding shard 2/5: 17170432/19416603PQ encoding shard 2/5: 17203200/19416603PQ encoding shard 2/5: 17235968/19416603PQ encoding shard 2/5: 17268736/19416603PQ encoding shard 2/5: 17301504/19416603PQ encoding shard 2/5: 17334272/19416603PQ encoding shard 2/5: 17367040/19416603PQ encoding shard 2/5: 17399808/19416603PQ encoding shard 2/5: 17432576/19416603PQ encoding shard 2/5: 17465344/19416603PQ encoding shard 2/5: 17498112/19416603PQ encoding shard 2/5: 17530880/19416603PQ encoding shard 2/5: 17563648/19416603PQ encoding shard 2/5: 17596416/19416603PQ encoding shard 2/5: 17629184/19416603PQ encoding shard 2/5: 17661952/19416603PQ encoding shard 2/5: 17694720/19416603PQ encoding shard 2/5: 17727488/19416603PQ encoding shard 2/5: 17760256/19416603PQ encoding shard 2/5: 17793024/19416603PQ encoding shard 2/5: 17825792/19416603PQ encoding shard 2/5: 17858560/19416603PQ encoding shard 2/5: 17891328/19416603PQ encoding shard 2/5: 17924096/19416603PQ encoding shard 2/5: 17956864/19416603PQ encoding shard 2/5: 17989632/19416603PQ encoding shard 2/5: 18022400/19416603PQ encoding shard 2/5: 18055168/19416603PQ encoding shard 2/5: 18087936/19416603PQ encoding shard 2/5: 18120704/19416603PQ encoding shard 2/5: 18153472/19416603PQ encoding shard 2/5: 18186240/19416603PQ encoding shard 2/5: 18219008/19416603PQ encoding shard 2/5: 18251776/19416603PQ encoding shard 2/5: 18284544/19416603PQ encoding shard 2/5: 18317312/19416603PQ encoding shard 2/5: 18350080/19416603PQ encoding shard 2/5: 18382848/19416603PQ encoding shard 2/5: 18415616/19416603PQ encoding shard 2/5: 18448384/19416603PQ encoding shard 2/5: 18481152/19416603PQ encoding shard 2/5: 18513920/19416603PQ encoding shard 2/5: 18546688/19416603PQ encoding shard 2/5: 18579456/19416603PQ encoding shard 2/5: 18612224/19416603PQ encoding shard 2/5: 18644992/19416603PQ encoding shard 2/5: 18677760/19416603PQ encoding shard 2/5: 18710528/19416603PQ encoding shard 2/5: 18743296/19416603PQ encoding shard 2/5: 18776064/19416603PQ encoding shard 2/5: 18808832/19416603PQ encoding shard 2/5: 18841600/19416603PQ encoding shard 2/5: 18874368/19416603PQ encoding shard 2/5: 18907136/19416603PQ encoding shard 2/5: 18939904/19416603PQ encoding shard 2/5: 18972672/19416603PQ encoding shard 2/5: 19005440/19416603PQ encoding shard 2/5: 19038208/19416603PQ encoding shard 2/5: 19070976/19416603PQ encoding shard 2/5: 19103744/19416603PQ encoding shard 2/5: 19136512/19416603PQ encoding shard 2/5: 19169280/19416603PQ encoding shard 2/5: 19202048/19416603PQ encoding shard 2/5: 19234816/19416603PQ encoding shard 2/5: 19267584/19416603PQ encoding shard 2/5: 19300352/19416603PQ encoding shard 2/5: 19333120/19416603PQ encoding shard 2/5: 19365888/19416603PQ encoding shard 2/5: 19398656/19416603PQ encoding shard 2/5: 19416603/19416603
PQ encoder audit shard 3/5: vectors=64 component_mismatches=0
PQ encoding shard 3/5: 32768/20388881PQ encoding shard 3/5: 65536/20388881PQ encoding shard 3/5: 98304/20388881PQ encoding shard 3/5: 131072/20388881PQ encoding shard 3/5: 163840/20388881PQ encoding shard 3/5: 196608/20388881PQ encoding shard 3/5: 229376/20388881PQ encoding shard 3/5: 262144/20388881PQ encoding shard 3/5: 294912/20388881PQ encoding shard 3/5: 327680/20388881PQ encoding shard 3/5: 360448/20388881PQ encoding shard 3/5: 393216/20388881PQ encoding shard 3/5: 425984/20388881PQ encoding shard 3/5: 458752/20388881PQ encoding shard 3/5: 491520/20388881PQ encoding shard 3/5: 524288/20388881PQ encoding shard 3/5: 557056/20388881PQ encoding shard 3/5: 589824/20388881PQ encoding shard 3/5: 622592/20388881PQ encoding shard 3/5: 655360/20388881PQ encoding shard 3/5: 688128/20388881PQ encoding shard 3/5: 720896/20388881PQ encoding shard 3/5: 753664/20388881PQ encoding shard 3/5: 786432/20388881PQ encoding shard 3/5: 819200/20388881PQ encoding shard 3/5: 851968/20388881PQ encoding shard 3/5: 884736/20388881PQ encoding shard 3/5: 917504/20388881PQ encoding shard 3/5: 950272/20388881PQ encoding shard 3/5: 983040/20388881PQ encoding shard 3/5: 1015808/20388881PQ encoding shard 3/5: 1048576/20388881PQ encoding shard 3/5: 1081344/20388881PQ encoding shard 3/5: 1114112/20388881PQ encoding shard 3/5: 1146880/20388881PQ encoding shard 3/5: 1179648/20388881PQ encoding shard 3/5: 1212416/20388881PQ encoding shard 3/5: 1245184/20388881PQ encoding shard 3/5: 1277952/20388881PQ encoding shard 3/5: 1310720/20388881PQ encoding shard 3/5: 1343488/20388881PQ encoding shard 3/5: 1376256/20388881PQ encoding shard 3/5: 1409024/20388881PQ encoding shard 3/5: 1441792/20388881PQ encoding shard 3/5: 1474560/20388881PQ encoding shard 3/5: 1507328/20388881PQ encoding shard 3/5: 1540096/20388881PQ encoding shard 3/5: 1572864/20388881PQ encoding shard 3/5: 1605632/20388881PQ encoding shard 3/5: 1638400/20388881PQ encoding shard 3/5: 1671168/20388881PQ encoding shard 3/5: 1703936/20388881PQ encoding shard 3/5: 1736704/20388881PQ encoding shard 3/5: 1769472/20388881PQ encoding shard 3/5: 1802240/20388881PQ encoding shard 3/5: 1835008/20388881PQ encoding shard 3/5: 1867776/20388881PQ encoding shard 3/5: 1900544/20388881PQ encoding shard 3/5: 1933312/20388881PQ encoding shard 3/5: 1966080/20388881PQ encoding shard 3/5: 1998848/20388881PQ encoding shard 3/5: 2031616/20388881PQ encoding shard 3/5: 2064384/20388881PQ encoding shard 3/5: 2097152/20388881PQ encoding shard 3/5: 2129920/20388881PQ encoding shard 3/5: 2162688/20388881PQ encoding shard 3/5: 2195456/20388881PQ encoding shard 3/5: 2228224/20388881PQ encoding shard 3/5: 2260992/20388881PQ encoding shard 3/5: 2293760/20388881PQ encoding shard 3/5: 2326528/20388881PQ encoding shard 3/5: 2359296/20388881PQ encoding shard 3/5: 2392064/20388881PQ encoding shard 3/5: 2424832/20388881PQ encoding shard 3/5: 2457600/20388881PQ encoding shard 3/5: 2490368/20388881PQ encoding shard 3/5: 2523136/20388881PQ encoding shard 3/5: 2555904/20388881PQ encoding shard 3/5: 2588672/20388881PQ encoding shard 3/5: 2621440/20388881PQ encoding shard 3/5: 2654208/20388881PQ encoding shard 3/5: 2686976/20388881PQ encoding shard 3/5: 2719744/20388881PQ encoding shard 3/5: 2752512/20388881PQ encoding shard 3/5: 2785280/20388881PQ encoding shard 3/5: 2818048/20388881PQ encoding shard 3/5: 2850816/20388881PQ encoding shard 3/5: 2883584/20388881PQ encoding shard 3/5: 2916352/20388881PQ encoding shard 3/5: 2949120/20388881PQ encoding shard 3/5: 2981888/20388881PQ encoding shard 3/5: 3014656/20388881PQ encoding shard 3/5: 3047424/20388881PQ encoding shard 3/5: 3080192/20388881PQ encoding shard 3/5: 3112960/20388881PQ encoding shard 3/5: 3145728/20388881PQ encoding shard 3/5: 3178496/20388881PQ encoding shard 3/5: 3211264/20388881PQ encoding shard 3/5: 3244032/20388881PQ encoding shard 3/5: 3276800/20388881PQ encoding shard 3/5: 3309568/20388881PQ encoding shard 3/5: 3342336/20388881PQ encoding shard 3/5: 3375104/20388881PQ encoding shard 3/5: 3407872/20388881PQ encoding shard 3/5: 3440640/20388881PQ encoding shard 3/5: 3473408/20388881PQ encoding shard 3/5: 3506176/20388881PQ encoding shard 3/5: 3538944/20388881PQ encoding shard 3/5: 3571712/20388881PQ encoding shard 3/5: 3604480/20388881PQ encoding shard 3/5: 3637248/20388881PQ encoding shard 3/5: 3670016/20388881PQ encoding shard 3/5: 3702784/20388881PQ encoding shard 3/5: 3735552/20388881PQ encoding shard 3/5: 3768320/20388881PQ encoding shard 3/5: 3801088/20388881PQ encoding shard 3/5: 3833856/20388881PQ encoding shard 3/5: 3866624/20388881PQ encoding shard 3/5: 3899392/20388881PQ encoding shard 3/5: 3932160/20388881PQ encoding shard 3/5: 3964928/20388881PQ encoding shard 3/5: 3997696/20388881PQ encoding shard 3/5: 4030464/20388881PQ encoding shard 3/5: 4063232/20388881PQ encoding shard 3/5: 4096000/20388881PQ encoding shard 3/5: 4128768/20388881PQ encoding shard 3/5: 4161536/20388881PQ encoding shard 3/5: 4194304/20388881PQ encoding shard 3/5: 4227072/20388881PQ encoding shard 3/5: 4259840/20388881PQ encoding shard 3/5: 4292608/20388881PQ encoding shard 3/5: 4325376/20388881PQ encoding shard 3/5: 4358144/20388881PQ encoding shard 3/5: 4390912/20388881PQ encoding shard 3/5: 4423680/20388881PQ encoding shard 3/5: 4456448/20388881PQ encoding shard 3/5: 4489216/20388881PQ encoding shard 3/5: 4521984/20388881PQ encoding shard 3/5: 4554752/20388881PQ encoding shard 3/5: 4587520/20388881PQ encoding shard 3/5: 4620288/20388881PQ encoding shard 3/5: 4653056/20388881PQ encoding shard 3/5: 4685824/20388881PQ encoding shard 3/5: 4718592/20388881PQ encoding shard 3/5: 4751360/20388881PQ encoding shard 3/5: 4784128/20388881PQ encoding shard 3/5: 4816896/20388881PQ encoding shard 3/5: 4849664/20388881PQ encoding shard 3/5: 4882432/20388881PQ encoding shard 3/5: 4915200/20388881PQ encoding shard 3/5: 4947968/20388881PQ encoding shard 3/5: 4980736/20388881PQ encoding shard 3/5: 5013504/20388881PQ encoding shard 3/5: 5046272/20388881PQ encoding shard 3/5: 5079040/20388881PQ encoding shard 3/5: 5111808/20388881PQ encoding shard 3/5: 5144576/20388881PQ encoding shard 3/5: 5177344/20388881PQ encoding shard 3/5: 5210112/20388881PQ encoding shard 3/5: 5242880/20388881PQ encoding shard 3/5: 5275648/20388881PQ encoding shard 3/5: 5308416/20388881PQ encoding shard 3/5: 5341184/20388881PQ encoding shard 3/5: 5373952/20388881PQ encoding shard 3/5: 5406720/20388881PQ encoding shard 3/5: 5439488/20388881PQ encoding shard 3/5: 5472256/20388881PQ encoding shard 3/5: 5505024/20388881PQ encoding shard 3/5: 5537792/20388881PQ encoding shard 3/5: 5570560/20388881PQ encoding shard 3/5: 5603328/20388881PQ encoding shard 3/5: 5636096/20388881PQ encoding shard 3/5: 5668864/20388881PQ encoding shard 3/5: 5701632/20388881PQ encoding shard 3/5: 5734400/20388881PQ encoding shard 3/5: 5767168/20388881PQ encoding shard 3/5: 5799936/20388881PQ encoding shard 3/5: 5832704/20388881PQ encoding shard 3/5: 5865472/20388881PQ encoding shard 3/5: 5898240/20388881PQ encoding shard 3/5: 5931008/20388881PQ encoding shard 3/5: 5963776/20388881PQ encoding shard 3/5: 5996544/20388881PQ encoding shard 3/5: 6029312/20388881PQ encoding shard 3/5: 6062080/20388881PQ encoding shard 3/5: 6094848/20388881PQ encoding shard 3/5: 6127616/20388881PQ encoding shard 3/5: 6160384/20388881PQ encoding shard 3/5: 6193152/20388881PQ encoding shard 3/5: 6225920/20388881PQ encoding shard 3/5: 6258688/20388881PQ encoding shard 3/5: 6291456/20388881PQ encoding shard 3/5: 6324224/20388881PQ encoding shard 3/5: 6356992/20388881PQ encoding shard 3/5: 6389760/20388881PQ encoding shard 3/5: 6422528/20388881PQ encoding shard 3/5: 6455296/20388881PQ encoding shard 3/5: 6488064/20388881PQ encoding shard 3/5: 6520832/20388881PQ encoding shard 3/5: 6553600/20388881PQ encoding shard 3/5: 6586368/20388881PQ encoding shard 3/5: 6619136/20388881PQ encoding shard 3/5: 6651904/20388881PQ encoding shard 3/5: 6684672/20388881PQ encoding shard 3/5: 6717440/20388881PQ encoding shard 3/5: 6750208/20388881PQ encoding shard 3/5: 6782976/20388881PQ encoding shard 3/5: 6815744/20388881PQ encoding shard 3/5: 6848512/20388881PQ encoding shard 3/5: 6881280/20388881PQ encoding shard 3/5: 6914048/20388881PQ encoding shard 3/5: 6946816/20388881PQ encoding shard 3/5: 6979584/20388881PQ encoding shard 3/5: 7012352/20388881PQ encoding shard 3/5: 7045120/20388881PQ encoding shard 3/5: 7077888/20388881PQ encoding shard 3/5: 7110656/20388881PQ encoding shard 3/5: 7143424/20388881PQ encoding shard 3/5: 7176192/20388881PQ encoding shard 3/5: 7208960/20388881PQ encoding shard 3/5: 7241728/20388881PQ encoding shard 3/5: 7274496/20388881PQ encoding shard 3/5: 7307264/20388881PQ encoding shard 3/5: 7340032/20388881PQ encoding shard 3/5: 7372800/20388881PQ encoding shard 3/5: 7405568/20388881PQ encoding shard 3/5: 7438336/20388881PQ encoding shard 3/5: 7471104/20388881PQ encoding shard 3/5: 7503872/20388881PQ encoding shard 3/5: 7536640/20388881PQ encoding shard 3/5: 7569408/20388881PQ encoding shard 3/5: 7602176/20388881PQ encoding shard 3/5: 7634944/20388881PQ encoding shard 3/5: 7667712/20388881PQ encoding shard 3/5: 7700480/20388881PQ encoding shard 3/5: 7733248/20388881PQ encoding shard 3/5: 7766016/20388881PQ encoding shard 3/5: 7798784/20388881PQ encoding shard 3/5: 7831552/20388881PQ encoding shard 3/5: 7864320/20388881PQ encoding shard 3/5: 7897088/20388881PQ encoding shard 3/5: 7929856/20388881PQ encoding shard 3/5: 7962624/20388881PQ encoding shard 3/5: 7995392/20388881PQ encoding shard 3/5: 8028160/20388881PQ encoding shard 3/5: 8060928/20388881PQ encoding shard 3/5: 8093696/20388881PQ encoding shard 3/5: 8126464/20388881PQ encoding shard 3/5: 8159232/20388881PQ encoding shard 3/5: 8192000/20388881PQ encoding shard 3/5: 8224768/20388881PQ encoding shard 3/5: 8257536/20388881PQ encoding shard 3/5: 8290304/20388881PQ encoding shard 3/5: 8323072/20388881PQ encoding shard 3/5: 8355840/20388881PQ encoding shard 3/5: 8388608/20388881PQ encoding shard 3/5: 8421376/20388881PQ encoding shard 3/5: 8454144/20388881PQ encoding shard 3/5: 8486912/20388881PQ encoding shard 3/5: 8519680/20388881PQ encoding shard 3/5: 8552448/20388881PQ encoding shard 3/5: 8585216/20388881PQ encoding shard 3/5: 8617984/20388881PQ encoding shard 3/5: 8650752/20388881PQ encoding shard 3/5: 8683520/20388881PQ encoding shard 3/5: 8716288/20388881PQ encoding shard 3/5: 8749056/20388881PQ encoding shard 3/5: 8781824/20388881PQ encoding shard 3/5: 8814592/20388881PQ encoding shard 3/5: 8847360/20388881PQ encoding shard 3/5: 8880128/20388881PQ encoding shard 3/5: 8912896/20388881PQ encoding shard 3/5: 8945664/20388881PQ encoding shard 3/5: 8978432/20388881PQ encoding shard 3/5: 9011200/20388881PQ encoding shard 3/5: 9043968/20388881PQ encoding shard 3/5: 9076736/20388881PQ encoding shard 3/5: 9109504/20388881PQ encoding shard 3/5: 9142272/20388881PQ encoding shard 3/5: 9175040/20388881PQ encoding shard 3/5: 9207808/20388881PQ encoding shard 3/5: 9240576/20388881PQ encoding shard 3/5: 9273344/20388881PQ encoding shard 3/5: 9306112/20388881PQ encoding shard 3/5: 9338880/20388881PQ encoding shard 3/5: 9371648/20388881PQ encoding shard 3/5: 9404416/20388881PQ encoding shard 3/5: 9437184/20388881PQ encoding shard 3/5: 9469952/20388881PQ encoding shard 3/5: 9502720/20388881PQ encoding shard 3/5: 9535488/20388881PQ encoding shard 3/5: 9568256/20388881PQ encoding shard 3/5: 9601024/20388881PQ encoding shard 3/5: 9633792/20388881PQ encoding shard 3/5: 9666560/20388881PQ encoding shard 3/5: 9699328/20388881PQ encoding shard 3/5: 9732096/20388881PQ encoding shard 3/5: 9764864/20388881PQ encoding shard 3/5: 9797632/20388881PQ encoding shard 3/5: 9830400/20388881PQ encoding shard 3/5: 9863168/20388881PQ encoding shard 3/5: 9895936/20388881PQ encoding shard 3/5: 9928704/20388881PQ encoding shard 3/5: 9961472/20388881PQ encoding shard 3/5: 9994240/20388881PQ encoding shard 3/5: 10027008/20388881PQ encoding shard 3/5: 10059776/20388881PQ encoding shard 3/5: 10092544/20388881PQ encoding shard 3/5: 10125312/20388881PQ encoding shard 3/5: 10158080/20388881PQ encoding shard 3/5: 10190848/20388881PQ encoding shard 3/5: 10223616/20388881PQ encoding shard 3/5: 10256384/20388881PQ encoding shard 3/5: 10289152/20388881PQ encoding shard 3/5: 10321920/20388881PQ encoding shard 3/5: 10354688/20388881PQ encoding shard 3/5: 10387456/20388881PQ encoding shard 3/5: 10420224/20388881PQ encoding shard 3/5: 10452992/20388881PQ encoding shard 3/5: 10485760/20388881PQ encoding shard 3/5: 10518528/20388881PQ encoding shard 3/5: 10551296/20388881PQ encoding shard 3/5: 10584064/20388881PQ encoding shard 3/5: 10616832/20388881PQ encoding shard 3/5: 10649600/20388881PQ encoding shard 3/5: 10682368/20388881PQ encoding shard 3/5: 10715136/20388881PQ encoding shard 3/5: 10747904/20388881PQ encoding shard 3/5: 10780672/20388881PQ encoding shard 3/5: 10813440/20388881PQ encoding shard 3/5: 10846208/20388881PQ encoding shard 3/5: 10878976/20388881PQ encoding shard 3/5: 10911744/20388881PQ encoding shard 3/5: 10944512/20388881PQ encoding shard 3/5: 10977280/20388881PQ encoding shard 3/5: 11010048/20388881PQ encoding shard 3/5: 11042816/20388881PQ encoding shard 3/5: 11075584/20388881PQ encoding shard 3/5: 11108352/20388881PQ encoding shard 3/5: 11141120/20388881PQ encoding shard 3/5: 11173888/20388881PQ encoding shard 3/5: 11206656/20388881PQ encoding shard 3/5: 11239424/20388881PQ encoding shard 3/5: 11272192/20388881PQ encoding shard 3/5: 11304960/20388881PQ encoding shard 3/5: 11337728/20388881PQ encoding shard 3/5: 11370496/20388881PQ encoding shard 3/5: 11403264/20388881PQ encoding shard 3/5: 11436032/20388881PQ encoding shard 3/5: 11468800/20388881PQ encoding shard 3/5: 11501568/20388881PQ encoding shard 3/5: 11534336/20388881PQ encoding shard 3/5: 11567104/20388881PQ encoding shard 3/5: 11599872/20388881PQ encoding shard 3/5: 11632640/20388881PQ encoding shard 3/5: 11665408/20388881PQ encoding shard 3/5: 11698176/20388881PQ encoding shard 3/5: 11730944/20388881PQ encoding shard 3/5: 11763712/20388881PQ encoding shard 3/5: 11796480/20388881PQ encoding shard 3/5: 11829248/20388881PQ encoding shard 3/5: 11862016/20388881PQ encoding shard 3/5: 11894784/20388881PQ encoding shard 3/5: 11927552/20388881PQ encoding shard 3/5: 11960320/20388881PQ encoding shard 3/5: 11993088/20388881PQ encoding shard 3/5: 12025856/20388881PQ encoding shard 3/5: 12058624/20388881PQ encoding shard 3/5: 12091392/20388881PQ encoding shard 3/5: 12124160/20388881PQ encoding shard 3/5: 12156928/20388881PQ encoding shard 3/5: 12189696/20388881PQ encoding shard 3/5: 12222464/20388881PQ encoding shard 3/5: 12255232/20388881PQ encoding shard 3/5: 12288000/20388881PQ encoding shard 3/5: 12320768/20388881PQ encoding shard 3/5: 12353536/20388881PQ encoding shard 3/5: 12386304/20388881PQ encoding shard 3/5: 12419072/20388881PQ encoding shard 3/5: 12451840/20388881PQ encoding shard 3/5: 12484608/20388881PQ encoding shard 3/5: 12517376/20388881PQ encoding shard 3/5: 12550144/20388881PQ encoding shard 3/5: 12582912/20388881PQ encoding shard 3/5: 12615680/20388881PQ encoding shard 3/5: 12648448/20388881PQ encoding shard 3/5: 12681216/20388881PQ encoding shard 3/5: 12713984/20388881PQ encoding shard 3/5: 12746752/20388881PQ encoding shard 3/5: 12779520/20388881PQ encoding shard 3/5: 12812288/20388881PQ encoding shard 3/5: 12845056/20388881PQ encoding shard 3/5: 12877824/20388881PQ encoding shard 3/5: 12910592/20388881PQ encoding shard 3/5: 12943360/20388881PQ encoding shard 3/5: 12976128/20388881PQ encoding shard 3/5: 13008896/20388881PQ encoding shard 3/5: 13041664/20388881PQ encoding shard 3/5: 13074432/20388881PQ encoding shard 3/5: 13107200/20388881PQ encoding shard 3/5: 13139968/20388881PQ encoding shard 3/5: 13172736/20388881PQ encoding shard 3/5: 13205504/20388881PQ encoding shard 3/5: 13238272/20388881PQ encoding shard 3/5: 13271040/20388881PQ encoding shard 3/5: 13303808/20388881PQ encoding shard 3/5: 13336576/20388881PQ encoding shard 3/5: 13369344/20388881PQ encoding shard 3/5: 13402112/20388881PQ encoding shard 3/5: 13434880/20388881PQ encoding shard 3/5: 13467648/20388881PQ encoding shard 3/5: 13500416/20388881PQ encoding shard 3/5: 13533184/20388881PQ encoding shard 3/5: 13565952/20388881PQ encoding shard 3/5: 13598720/20388881PQ encoding shard 3/5: 13631488/20388881PQ encoding shard 3/5: 13664256/20388881PQ encoding shard 3/5: 13697024/20388881PQ encoding shard 3/5: 13729792/20388881PQ encoding shard 3/5: 13762560/20388881PQ encoding shard 3/5: 13795328/20388881PQ encoding shard 3/5: 13828096/20388881PQ encoding shard 3/5: 13860864/20388881PQ encoding shard 3/5: 13893632/20388881PQ encoding shard 3/5: 13926400/20388881PQ encoding shard 3/5: 13959168/20388881PQ encoding shard 3/5: 13991936/20388881PQ encoding shard 3/5: 14024704/20388881PQ encoding shard 3/5: 14057472/20388881PQ encoding shard 3/5: 14090240/20388881PQ encoding shard 3/5: 14123008/20388881PQ encoding shard 3/5: 14155776/20388881PQ encoding shard 3/5: 14188544/20388881PQ encoding shard 3/5: 14221312/20388881PQ encoding shard 3/5: 14254080/20388881PQ encoding shard 3/5: 14286848/20388881PQ encoding shard 3/5: 14319616/20388881PQ encoding shard 3/5: 14352384/20388881PQ encoding shard 3/5: 14385152/20388881PQ encoding shard 3/5: 14417920/20388881PQ encoding shard 3/5: 14450688/20388881PQ encoding shard 3/5: 14483456/20388881PQ encoding shard 3/5: 14516224/20388881PQ encoding shard 3/5: 14548992/20388881PQ encoding shard 3/5: 14581760/20388881PQ encoding shard 3/5: 14614528/20388881PQ encoding shard 3/5: 14647296/20388881PQ encoding shard 3/5: 14680064/20388881PQ encoding shard 3/5: 14712832/20388881PQ encoding shard 3/5: 14745600/20388881PQ encoding shard 3/5: 14778368/20388881PQ encoding shard 3/5: 14811136/20388881PQ encoding shard 3/5: 14843904/20388881PQ encoding shard 3/5: 14876672/20388881PQ encoding shard 3/5: 14909440/20388881PQ encoding shard 3/5: 14942208/20388881PQ encoding shard 3/5: 14974976/20388881PQ encoding shard 3/5: 15007744/20388881PQ encoding shard 3/5: 15040512/20388881PQ encoding shard 3/5: 15073280/20388881PQ encoding shard 3/5: 15106048/20388881PQ encoding shard 3/5: 15138816/20388881PQ encoding shard 3/5: 15171584/20388881PQ encoding shard 3/5: 15204352/20388881PQ encoding shard 3/5: 15237120/20388881PQ encoding shard 3/5: 15269888/20388881PQ encoding shard 3/5: 15302656/20388881PQ encoding shard 3/5: 15335424/20388881PQ encoding shard 3/5: 15368192/20388881PQ encoding shard 3/5: 15400960/20388881PQ encoding shard 3/5: 15433728/20388881PQ encoding shard 3/5: 15466496/20388881PQ encoding shard 3/5: 15499264/20388881PQ encoding shard 3/5: 15532032/20388881PQ encoding shard 3/5: 15564800/20388881PQ encoding shard 3/5: 15597568/20388881PQ encoding shard 3/5: 15630336/20388881PQ encoding shard 3/5: 15663104/20388881PQ encoding shard 3/5: 15695872/20388881PQ encoding shard 3/5: 15728640/20388881PQ encoding shard 3/5: 15761408/20388881PQ encoding shard 3/5: 15794176/20388881PQ encoding shard 3/5: 15826944/20388881PQ encoding shard 3/5: 15859712/20388881PQ encoding shard 3/5: 15892480/20388881PQ encoding shard 3/5: 15925248/20388881PQ encoding shard 3/5: 15958016/20388881PQ encoding shard 3/5: 15990784/20388881PQ encoding shard 3/5: 16023552/20388881PQ encoding shard 3/5: 16056320/20388881PQ encoding shard 3/5: 16089088/20388881PQ encoding shard 3/5: 16121856/20388881PQ encoding shard 3/5: 16154624/20388881PQ encoding shard 3/5: 16187392/20388881PQ encoding shard 3/5: 16220160/20388881PQ encoding shard 3/5: 16252928/20388881PQ encoding shard 3/5: 16285696/20388881PQ encoding shard 3/5: 16318464/20388881PQ encoding shard 3/5: 16351232/20388881PQ encoding shard 3/5: 16384000/20388881PQ encoding shard 3/5: 16416768/20388881PQ encoding shard 3/5: 16449536/20388881PQ encoding shard 3/5: 16482304/20388881PQ encoding shard 3/5: 16515072/20388881PQ encoding shard 3/5: 16547840/20388881PQ encoding shard 3/5: 16580608/20388881PQ encoding shard 3/5: 16613376/20388881PQ encoding shard 3/5: 16646144/20388881PQ encoding shard 3/5: 16678912/20388881PQ encoding shard 3/5: 16711680/20388881PQ encoding shard 3/5: 16744448/20388881PQ encoding shard 3/5: 16777216/20388881PQ encoding shard 3/5: 16809984/20388881PQ encoding shard 3/5: 16842752/20388881PQ encoding shard 3/5: 16875520/20388881PQ encoding shard 3/5: 16908288/20388881PQ encoding shard 3/5: 16941056/20388881PQ encoding shard 3/5: 16973824/20388881PQ encoding shard 3/5: 17006592/20388881PQ encoding shard 3/5: 17039360/20388881PQ encoding shard 3/5: 17072128/20388881PQ encoding shard 3/5: 17104896/20388881PQ encoding shard 3/5: 17137664/20388881PQ encoding shard 3/5: 17170432/20388881PQ encoding shard 3/5: 17203200/20388881PQ encoding shard 3/5: 17235968/20388881PQ encoding shard 3/5: 17268736/20388881PQ encoding shard 3/5: 17301504/20388881PQ encoding shard 3/5: 17334272/20388881PQ encoding shard 3/5: 17367040/20388881PQ encoding shard 3/5: 17399808/20388881PQ encoding shard 3/5: 17432576/20388881PQ encoding shard 3/5: 17465344/20388881PQ encoding shard 3/5: 17498112/20388881PQ encoding shard 3/5: 17530880/20388881PQ encoding shard 3/5: 17563648/20388881PQ encoding shard 3/5: 17596416/20388881PQ encoding shard 3/5: 17629184/20388881PQ encoding shard 3/5: 17661952/20388881PQ encoding shard 3/5: 17694720/20388881PQ encoding shard 3/5: 17727488/20388881PQ encoding shard 3/5: 17760256/20388881PQ encoding shard 3/5: 17793024/20388881PQ encoding shard 3/5: 17825792/20388881PQ encoding shard 3/5: 17858560/20388881PQ encoding shard 3/5: 17891328/20388881PQ encoding shard 3/5: 17924096/20388881PQ encoding shard 3/5: 17956864/20388881PQ encoding shard 3/5: 17989632/20388881PQ encoding shard 3/5: 18022400/20388881PQ encoding shard 3/5: 18055168/20388881PQ encoding shard 3/5: 18087936/20388881PQ encoding shard 3/5: 18120704/20388881PQ encoding shard 3/5: 18153472/20388881PQ encoding shard 3/5: 18186240/20388881PQ encoding shard 3/5: 18219008/20388881PQ encoding shard 3/5: 18251776/20388881PQ encoding shard 3/5: 18284544/20388881PQ encoding shard 3/5: 18317312/20388881PQ encoding shard 3/5: 18350080/20388881PQ encoding shard 3/5: 18382848/20388881PQ encoding shard 3/5: 18415616/20388881PQ encoding shard 3/5: 18448384/20388881PQ encoding shard 3/5: 18481152/20388881PQ encoding shard 3/5: 18513920/20388881PQ encoding shard 3/5: 18546688/20388881PQ encoding shard 3/5: 18579456/20388881PQ encoding shard 3/5: 18612224/20388881PQ encoding shard 3/5: 18644992/20388881PQ encoding shard 3/5: 18677760/20388881PQ encoding shard 3/5: 18710528/20388881PQ encoding shard 3/5: 18743296/20388881PQ encoding shard 3/5: 18776064/20388881PQ encoding shard 3/5: 18808832/20388881PQ encoding shard 3/5: 18841600/20388881PQ encoding shard 3/5: 18874368/20388881PQ encoding shard 3/5: 18907136/20388881PQ encoding shard 3/5: 18939904/20388881PQ encoding shard 3/5: 18972672/20388881PQ encoding shard 3/5: 19005440/20388881PQ encoding shard 3/5: 19038208/20388881PQ encoding shard 3/5: 19070976/20388881PQ encoding shard 3/5: 19103744/20388881PQ encoding shard 3/5: 19136512/20388881PQ encoding shard 3/5: 19169280/20388881PQ encoding shard 3/5: 19202048/20388881PQ encoding shard 3/5: 19234816/20388881PQ encoding shard 3/5: 19267584/20388881PQ encoding shard 3/5: 19300352/20388881PQ encoding shard 3/5: 19333120/20388881PQ encoding shard 3/5: 19365888/20388881PQ encoding shard 3/5: 19398656/20388881PQ encoding shard 3/5: 19431424/20388881PQ encoding shard 3/5: 19464192/20388881PQ encoding shard 3/5: 19496960/20388881PQ encoding shard 3/5: 19529728/20388881PQ encoding shard 3/5: 19562496/20388881PQ encoding shard 3/5: 19595264/20388881PQ encoding shard 3/5: 19628032/20388881PQ encoding shard 3/5: 19660800/20388881PQ encoding shard 3/5: 19693568/20388881PQ encoding shard 3/5: 19726336/20388881PQ encoding shard 3/5: 19759104/20388881PQ encoding shard 3/5: 19791872/20388881PQ encoding shard 3/5: 19824640/20388881PQ encoding shard 3/5: 19857408/20388881PQ encoding shard 3/5: 19890176/20388881PQ encoding shard 3/5: 19922944/20388881PQ encoding shard 3/5: 19955712/20388881PQ encoding shard 3/5: 19988480/20388881PQ encoding shard 3/5: 20021248/20388881PQ encoding shard 3/5: 20054016/20388881PQ encoding shard 3/5: 20086784/20388881PQ encoding shard 3/5: 20119552/20388881PQ encoding shard 3/5: 20152320/20388881PQ encoding shard 3/5: 20185088/20388881PQ encoding shard 3/5: 20217856/20388881PQ encoding shard 3/5: 20250624/20388881PQ encoding shard 3/5: 20283392/20388881PQ encoding shard 3/5: 20316160/20388881PQ encoding shard 3/5: 20348928/20388881PQ encoding shard 3/5: 20381696/20388881PQ encoding shard 3/5: 20388881/20388881
PQ encoder audit shard 4/5: vectors=64 component_mismatches=0
PQ encoding shard 4/5: 32768/20388884PQ encoding shard 4/5: 65536/20388884PQ encoding shard 4/5: 98304/20388884PQ encoding shard 4/5: 131072/20388884PQ encoding shard 4/5: 163840/20388884PQ encoding shard 4/5: 196608/20388884PQ encoding shard 4/5: 229376/20388884PQ encoding shard 4/5: 262144/20388884PQ encoding shard 4/5: 294912/20388884PQ encoding shard 4/5: 327680/20388884PQ encoding shard 4/5: 360448/20388884PQ encoding shard 4/5: 393216/20388884PQ encoding shard 4/5: 425984/20388884PQ encoding shard 4/5: 458752/20388884PQ encoding shard 4/5: 491520/20388884PQ encoding shard 4/5: 524288/20388884PQ encoding shard 4/5: 557056/20388884PQ encoding shard 4/5: 589824/20388884PQ encoding shard 4/5: 622592/20388884PQ encoding shard 4/5: 655360/20388884PQ encoding shard 4/5: 688128/20388884PQ encoding shard 4/5: 720896/20388884PQ encoding shard 4/5: 753664/20388884PQ encoding shard 4/5: 786432/20388884PQ encoding shard 4/5: 819200/20388884PQ encoding shard 4/5: 851968/20388884PQ encoding shard 4/5: 884736/20388884PQ encoding shard 4/5: 917504/20388884PQ encoding shard 4/5: 950272/20388884PQ encoding shard 4/5: 983040/20388884PQ encoding shard 4/5: 1015808/20388884PQ encoding shard 4/5: 1048576/20388884PQ encoding shard 4/5: 1081344/20388884PQ encoding shard 4/5: 1114112/20388884PQ encoding shard 4/5: 1146880/20388884PQ encoding shard 4/5: 1179648/20388884PQ encoding shard 4/5: 1212416/20388884PQ encoding shard 4/5: 1245184/20388884PQ encoding shard 4/5: 1277952/20388884PQ encoding shard 4/5: 1310720/20388884PQ encoding shard 4/5: 1343488/20388884PQ encoding shard 4/5: 1376256/20388884PQ encoding shard 4/5: 1409024/20388884PQ encoding shard 4/5: 1441792/20388884PQ encoding shard 4/5: 1474560/20388884PQ encoding shard 4/5: 1507328/20388884PQ encoding shard 4/5: 1540096/20388884PQ encoding shard 4/5: 1572864/20388884PQ encoding shard 4/5: 1605632/20388884PQ encoding shard 4/5: 1638400/20388884PQ encoding shard 4/5: 1671168/20388884PQ encoding shard 4/5: 1703936/20388884PQ encoding shard 4/5: 1736704/20388884PQ encoding shard 4/5: 1769472/20388884PQ encoding shard 4/5: 1802240/20388884PQ encoding shard 4/5: 1835008/20388884PQ encoding shard 4/5: 1867776/20388884PQ encoding shard 4/5: 1900544/20388884PQ encoding shard 4/5: 1933312/20388884PQ encoding shard 4/5: 1966080/20388884PQ encoding shard 4/5: 1998848/20388884PQ encoding shard 4/5: 2031616/20388884PQ encoding shard 4/5: 2064384/20388884PQ encoding shard 4/5: 2097152/20388884PQ encoding shard 4/5: 2129920/20388884PQ encoding shard 4/5: 2162688/20388884PQ encoding shard 4/5: 2195456/20388884PQ encoding shard 4/5: 2228224/20388884PQ encoding shard 4/5: 2260992/20388884PQ encoding shard 4/5: 2293760/20388884PQ encoding shard 4/5: 2326528/20388884PQ encoding shard 4/5: 2359296/20388884PQ encoding shard 4/5: 2392064/20388884PQ encoding shard 4/5: 2424832/20388884PQ encoding shard 4/5: 2457600/20388884PQ encoding shard 4/5: 2490368/20388884PQ encoding shard 4/5: 2523136/20388884PQ encoding shard 4/5: 2555904/20388884PQ encoding shard 4/5: 2588672/20388884PQ encoding shard 4/5: 2621440/20388884PQ encoding shard 4/5: 2654208/20388884PQ encoding shard 4/5: 2686976/20388884PQ encoding shard 4/5: 2719744/20388884PQ encoding shard 4/5: 2752512/20388884PQ encoding shard 4/5: 2785280/20388884PQ encoding shard 4/5: 2818048/20388884PQ encoding shard 4/5: 2850816/20388884PQ encoding shard 4/5: 2883584/20388884PQ encoding shard 4/5: 2916352/20388884PQ encoding shard 4/5: 2949120/20388884PQ encoding shard 4/5: 2981888/20388884PQ encoding shard 4/5: 3014656/20388884PQ encoding shard 4/5: 3047424/20388884PQ encoding shard 4/5: 3080192/20388884PQ encoding shard 4/5: 3112960/20388884PQ encoding shard 4/5: 3145728/20388884PQ encoding shard 4/5: 3178496/20388884PQ encoding shard 4/5: 3211264/20388884PQ encoding shard 4/5: 3244032/20388884PQ encoding shard 4/5: 3276800/20388884PQ encoding shard 4/5: 3309568/20388884PQ encoding shard 4/5: 3342336/20388884PQ encoding shard 4/5: 3375104/20388884PQ encoding shard 4/5: 3407872/20388884PQ encoding shard 4/5: 3440640/20388884PQ encoding shard 4/5: 3473408/20388884PQ encoding shard 4/5: 3506176/20388884PQ encoding shard 4/5: 3538944/20388884PQ encoding shard 4/5: 3571712/20388884PQ encoding shard 4/5: 3604480/20388884PQ encoding shard 4/5: 3637248/20388884PQ encoding shard 4/5: 3670016/20388884PQ encoding shard 4/5: 3702784/20388884PQ encoding shard 4/5: 3735552/20388884PQ encoding shard 4/5: 3768320/20388884PQ encoding shard 4/5: 3801088/20388884PQ encoding shard 4/5: 3833856/20388884PQ encoding shard 4/5: 3866624/20388884PQ encoding shard 4/5: 3899392/20388884PQ encoding shard 4/5: 3932160/20388884PQ encoding shard 4/5: 3964928/20388884PQ encoding shard 4/5: 3997696/20388884PQ encoding shard 4/5: 4030464/20388884PQ encoding shard 4/5: 4063232/20388884PQ encoding shard 4/5: 4096000/20388884PQ encoding shard 4/5: 4128768/20388884PQ encoding shard 4/5: 4161536/20388884PQ encoding shard 4/5: 4194304/20388884PQ encoding shard 4/5: 4227072/20388884PQ encoding shard 4/5: 4259840/20388884PQ encoding shard 4/5: 4292608/20388884PQ encoding shard 4/5: 4325376/20388884PQ encoding shard 4/5: 4358144/20388884PQ encoding shard 4/5: 4390912/20388884PQ encoding shard 4/5: 4423680/20388884PQ encoding shard 4/5: 4456448/20388884PQ encoding shard 4/5: 4489216/20388884PQ encoding shard 4/5: 4521984/20388884PQ encoding shard 4/5: 4554752/20388884PQ encoding shard 4/5: 4587520/20388884PQ encoding shard 4/5: 4620288/20388884PQ encoding shard 4/5: 4653056/20388884PQ encoding shard 4/5: 4685824/20388884PQ encoding shard 4/5: 4718592/20388884PQ encoding shard 4/5: 4751360/20388884PQ encoding shard 4/5: 4784128/20388884PQ encoding shard 4/5: 4816896/20388884PQ encoding shard 4/5: 4849664/20388884PQ encoding shard 4/5: 4882432/20388884PQ encoding shard 4/5: 4915200/20388884PQ encoding shard 4/5: 4947968/20388884PQ encoding shard 4/5: 4980736/20388884PQ encoding shard 4/5: 5013504/20388884PQ encoding shard 4/5: 5046272/20388884PQ encoding shard 4/5: 5079040/20388884PQ encoding shard 4/5: 5111808/20388884PQ encoding shard 4/5: 5144576/20388884PQ encoding shard 4/5: 5177344/20388884PQ encoding shard 4/5: 5210112/20388884PQ encoding shard 4/5: 5242880/20388884PQ encoding shard 4/5: 5275648/20388884PQ encoding shard 4/5: 5308416/20388884PQ encoding shard 4/5: 5341184/20388884PQ encoding shard 4/5: 5373952/20388884PQ encoding shard 4/5: 5406720/20388884PQ encoding shard 4/5: 5439488/20388884PQ encoding shard 4/5: 5472256/20388884PQ encoding shard 4/5: 5505024/20388884PQ encoding shard 4/5: 5537792/20388884PQ encoding shard 4/5: 5570560/20388884PQ encoding shard 4/5: 5603328/20388884PQ encoding shard 4/5: 5636096/20388884PQ encoding shard 4/5: 5668864/20388884PQ encoding shard 4/5: 5701632/20388884PQ encoding shard 4/5: 5734400/20388884PQ encoding shard 4/5: 5767168/20388884PQ encoding shard 4/5: 5799936/20388884PQ encoding shard 4/5: 5832704/20388884PQ encoding shard 4/5: 5865472/20388884PQ encoding shard 4/5: 5898240/20388884PQ encoding shard 4/5: 5931008/20388884PQ encoding shard 4/5: 5963776/20388884PQ encoding shard 4/5: 5996544/20388884PQ encoding shard 4/5: 6029312/20388884PQ encoding shard 4/5: 6062080/20388884PQ encoding shard 4/5: 6094848/20388884PQ encoding shard 4/5: 6127616/20388884PQ encoding shard 4/5: 6160384/20388884PQ encoding shard 4/5: 6193152/20388884PQ encoding shard 4/5: 6225920/20388884PQ encoding shard 4/5: 6258688/20388884PQ encoding shard 4/5: 6291456/20388884PQ encoding shard 4/5: 6324224/20388884PQ encoding shard 4/5: 6356992/20388884PQ encoding shard 4/5: 6389760/20388884PQ encoding shard 4/5: 6422528/20388884PQ encoding shard 4/5: 6455296/20388884PQ encoding shard 4/5: 6488064/20388884PQ encoding shard 4/5: 6520832/20388884PQ encoding shard 4/5: 6553600/20388884PQ encoding shard 4/5: 6586368/20388884PQ encoding shard 4/5: 6619136/20388884PQ encoding shard 4/5: 6651904/20388884PQ encoding shard 4/5: 6684672/20388884PQ encoding shard 4/5: 6717440/20388884PQ encoding shard 4/5: 6750208/20388884PQ encoding shard 4/5: 6782976/20388884PQ encoding shard 4/5: 6815744/20388884PQ encoding shard 4/5: 6848512/20388884PQ encoding shard 4/5: 6881280/20388884PQ encoding shard 4/5: 6914048/20388884PQ encoding shard 4/5: 6946816/20388884PQ encoding shard 4/5: 6979584/20388884PQ encoding shard 4/5: 7012352/20388884PQ encoding shard 4/5: 7045120/20388884PQ encoding shard 4/5: 7077888/20388884PQ encoding shard 4/5: 7110656/20388884PQ encoding shard 4/5: 7143424/20388884PQ encoding shard 4/5: 7176192/20388884PQ encoding shard 4/5: 7208960/20388884PQ encoding shard 4/5: 7241728/20388884PQ encoding shard 4/5: 7274496/20388884PQ encoding shard 4/5: 7307264/20388884PQ encoding shard 4/5: 7340032/20388884PQ encoding shard 4/5: 7372800/20388884PQ encoding shard 4/5: 7405568/20388884PQ encoding shard 4/5: 7438336/20388884PQ encoding shard 4/5: 7471104/20388884PQ encoding shard 4/5: 7503872/20388884PQ encoding shard 4/5: 7536640/20388884PQ encoding shard 4/5: 7569408/20388884PQ encoding shard 4/5: 7602176/20388884PQ encoding shard 4/5: 7634944/20388884PQ encoding shard 4/5: 7667712/20388884PQ encoding shard 4/5: 7700480/20388884PQ encoding shard 4/5: 7733248/20388884PQ encoding shard 4/5: 7766016/20388884PQ encoding shard 4/5: 7798784/20388884PQ encoding shard 4/5: 7831552/20388884PQ encoding shard 4/5: 7864320/20388884PQ encoding shard 4/5: 7897088/20388884PQ encoding shard 4/5: 7929856/20388884PQ encoding shard 4/5: 7962624/20388884PQ encoding shard 4/5: 7995392/20388884PQ encoding shard 4/5: 8028160/20388884PQ encoding shard 4/5: 8060928/20388884PQ encoding shard 4/5: 8093696/20388884PQ encoding shard 4/5: 8126464/20388884PQ encoding shard 4/5: 8159232/20388884PQ encoding shard 4/5: 8192000/20388884PQ encoding shard 4/5: 8224768/20388884PQ encoding shard 4/5: 8257536/20388884PQ encoding shard 4/5: 8290304/20388884PQ encoding shard 4/5: 8323072/20388884PQ encoding shard 4/5: 8355840/20388884PQ encoding shard 4/5: 8388608/20388884PQ encoding shard 4/5: 8421376/20388884PQ encoding shard 4/5: 8454144/20388884PQ encoding shard 4/5: 8486912/20388884PQ encoding shard 4/5: 8519680/20388884PQ encoding shard 4/5: 8552448/20388884PQ encoding shard 4/5: 8585216/20388884PQ encoding shard 4/5: 8617984/20388884PQ encoding shard 4/5: 8650752/20388884PQ encoding shard 4/5: 8683520/20388884PQ encoding shard 4/5: 8716288/20388884PQ encoding shard 4/5: 8749056/20388884PQ encoding shard 4/5: 8781824/20388884PQ encoding shard 4/5: 8814592/20388884PQ encoding shard 4/5: 8847360/20388884PQ encoding shard 4/5: 8880128/20388884PQ encoding shard 4/5: 8912896/20388884PQ encoding shard 4/5: 8945664/20388884PQ encoding shard 4/5: 8978432/20388884PQ encoding shard 4/5: 9011200/20388884PQ encoding shard 4/5: 9043968/20388884PQ encoding shard 4/5: 9076736/20388884PQ encoding shard 4/5: 9109504/20388884PQ encoding shard 4/5: 9142272/20388884PQ encoding shard 4/5: 9175040/20388884PQ encoding shard 4/5: 9207808/20388884PQ encoding shard 4/5: 9240576/20388884PQ encoding shard 4/5: 9273344/20388884PQ encoding shard 4/5: 9306112/20388884PQ encoding shard 4/5: 9338880/20388884PQ encoding shard 4/5: 9371648/20388884PQ encoding shard 4/5: 9404416/20388884PQ encoding shard 4/5: 9437184/20388884PQ encoding shard 4/5: 9469952/20388884PQ encoding shard 4/5: 9502720/20388884PQ encoding shard 4/5: 9535488/20388884PQ encoding shard 4/5: 9568256/20388884PQ encoding shard 4/5: 9601024/20388884PQ encoding shard 4/5: 9633792/20388884PQ encoding shard 4/5: 9666560/20388884PQ encoding shard 4/5: 9699328/20388884PQ encoding shard 4/5: 9732096/20388884PQ encoding shard 4/5: 9764864/20388884PQ encoding shard 4/5: 9797632/20388884PQ encoding shard 4/5: 9830400/20388884PQ encoding shard 4/5: 9863168/20388884PQ encoding shard 4/5: 9895936/20388884PQ encoding shard 4/5: 9928704/20388884PQ encoding shard 4/5: 9961472/20388884PQ encoding shard 4/5: 9994240/20388884PQ encoding shard 4/5: 10027008/20388884PQ encoding shard 4/5: 10059776/20388884PQ encoding shard 4/5: 10092544/20388884PQ encoding shard 4/5: 10125312/20388884PQ encoding shard 4/5: 10158080/20388884PQ encoding shard 4/5: 10190848/20388884PQ encoding shard 4/5: 10223616/20388884PQ encoding shard 4/5: 10256384/20388884PQ encoding shard 4/5: 10289152/20388884PQ encoding shard 4/5: 10321920/20388884PQ encoding shard 4/5: 10354688/20388884PQ encoding shard 4/5: 10387456/20388884PQ encoding shard 4/5: 10420224/20388884PQ encoding shard 4/5: 10452992/20388884PQ encoding shard 4/5: 10485760/20388884PQ encoding shard 4/5: 10518528/20388884PQ encoding shard 4/5: 10551296/20388884PQ encoding shard 4/5: 10584064/20388884PQ encoding shard 4/5: 10616832/20388884PQ encoding shard 4/5: 10649600/20388884PQ encoding shard 4/5: 10682368/20388884PQ encoding shard 4/5: 10715136/20388884PQ encoding shard 4/5: 10747904/20388884PQ encoding shard 4/5: 10780672/20388884PQ encoding shard 4/5: 10813440/20388884PQ encoding shard 4/5: 10846208/20388884PQ encoding shard 4/5: 10878976/20388884PQ encoding shard 4/5: 10911744/20388884PQ encoding shard 4/5: 10944512/20388884PQ encoding shard 4/5: 10977280/20388884PQ encoding shard 4/5: 11010048/20388884PQ encoding shard 4/5: 11042816/20388884PQ encoding shard 4/5: 11075584/20388884PQ encoding shard 4/5: 11108352/20388884PQ encoding shard 4/5: 11141120/20388884PQ encoding shard 4/5: 11173888/20388884PQ encoding shard 4/5: 11206656/20388884PQ encoding shard 4/5: 11239424/20388884PQ encoding shard 4/5: 11272192/20388884PQ encoding shard 4/5: 11304960/20388884PQ encoding shard 4/5: 11337728/20388884PQ encoding shard 4/5: 11370496/20388884PQ encoding shard 4/5: 11403264/20388884PQ encoding shard 4/5: 11436032/20388884PQ encoding shard 4/5: 11468800/20388884PQ encoding shard 4/5: 11501568/20388884PQ encoding shard 4/5: 11534336/20388884PQ encoding shard 4/5: 11567104/20388884PQ encoding shard 4/5: 11599872/20388884PQ encoding shard 4/5: 11632640/20388884PQ encoding shard 4/5: 11665408/20388884PQ encoding shard 4/5: 11698176/20388884PQ encoding shard 4/5: 11730944/20388884PQ encoding shard 4/5: 11763712/20388884PQ encoding shard 4/5: 11796480/20388884PQ encoding shard 4/5: 11829248/20388884PQ encoding shard 4/5: 11862016/20388884PQ encoding shard 4/5: 11894784/20388884PQ encoding shard 4/5: 11927552/20388884PQ encoding shard 4/5: 11960320/20388884PQ encoding shard 4/5: 11993088/20388884PQ encoding shard 4/5: 12025856/20388884PQ encoding shard 4/5: 12058624/20388884PQ encoding shard 4/5: 12091392/20388884PQ encoding shard 4/5: 12124160/20388884PQ encoding shard 4/5: 12156928/20388884PQ encoding shard 4/5: 12189696/20388884PQ encoding shard 4/5: 12222464/20388884PQ encoding shard 4/5: 12255232/20388884PQ encoding shard 4/5: 12288000/20388884PQ encoding shard 4/5: 12320768/20388884PQ encoding shard 4/5: 12353536/20388884PQ encoding shard 4/5: 12386304/20388884PQ encoding shard 4/5: 12419072/20388884PQ encoding shard 4/5: 12451840/20388884PQ encoding shard 4/5: 12484608/20388884PQ encoding shard 4/5: 12517376/20388884PQ encoding shard 4/5: 12550144/20388884PQ encoding shard 4/5: 12582912/20388884PQ encoding shard 4/5: 12615680/20388884PQ encoding shard 4/5: 12648448/20388884PQ encoding shard 4/5: 12681216/20388884PQ encoding shard 4/5: 12713984/20388884PQ encoding shard 4/5: 12746752/20388884PQ encoding shard 4/5: 12779520/20388884PQ encoding shard 4/5: 12812288/20388884PQ encoding shard 4/5: 12845056/20388884PQ encoding shard 4/5: 12877824/20388884PQ encoding shard 4/5: 12910592/20388884PQ encoding shard 4/5: 12943360/20388884PQ encoding shard 4/5: 12976128/20388884PQ encoding shard 4/5: 13008896/20388884PQ encoding shard 4/5: 13041664/20388884PQ encoding shard 4/5: 13074432/20388884PQ encoding shard 4/5: 13107200/20388884PQ encoding shard 4/5: 13139968/20388884PQ encoding shard 4/5: 13172736/20388884PQ encoding shard 4/5: 13205504/20388884PQ encoding shard 4/5: 13238272/20388884PQ encoding shard 4/5: 13271040/20388884PQ encoding shard 4/5: 13303808/20388884PQ encoding shard 4/5: 13336576/20388884PQ encoding shard 4/5: 13369344/20388884PQ encoding shard 4/5: 13402112/20388884PQ encoding shard 4/5: 13434880/20388884PQ encoding shard 4/5: 13467648/20388884PQ encoding shard 4/5: 13500416/20388884PQ encoding shard 4/5: 13533184/20388884PQ encoding shard 4/5: 13565952/20388884PQ encoding shard 4/5: 13598720/20388884PQ encoding shard 4/5: 13631488/20388884PQ encoding shard 4/5: 13664256/20388884PQ encoding shard 4/5: 13697024/20388884PQ encoding shard 4/5: 13729792/20388884PQ encoding shard 4/5: 13762560/20388884PQ encoding shard 4/5: 13795328/20388884PQ encoding shard 4/5: 13828096/20388884PQ encoding shard 4/5: 13860864/20388884PQ encoding shard 4/5: 13893632/20388884PQ encoding shard 4/5: 13926400/20388884PQ encoding shard 4/5: 13959168/20388884PQ encoding shard 4/5: 13991936/20388884PQ encoding shard 4/5: 14024704/20388884PQ encoding shard 4/5: 14057472/20388884PQ encoding shard 4/5: 14090240/20388884PQ encoding shard 4/5: 14123008/20388884PQ encoding shard 4/5: 14155776/20388884PQ encoding shard 4/5: 14188544/20388884PQ encoding shard 4/5: 14221312/20388884PQ encoding shard 4/5: 14254080/20388884PQ encoding shard 4/5: 14286848/20388884PQ encoding shard 4/5: 14319616/20388884PQ encoding shard 4/5: 14352384/20388884PQ encoding shard 4/5: 14385152/20388884PQ encoding shard 4/5: 14417920/20388884PQ encoding shard 4/5: 14450688/20388884PQ encoding shard 4/5: 14483456/20388884PQ encoding shard 4/5: 14516224/20388884PQ encoding shard 4/5: 14548992/20388884PQ encoding shard 4/5: 14581760/20388884PQ encoding shard 4/5: 14614528/20388884PQ encoding shard 4/5: 14647296/20388884PQ encoding shard 4/5: 14680064/20388884PQ encoding shard 4/5: 14712832/20388884PQ encoding shard 4/5: 14745600/20388884PQ encoding shard 4/5: 14778368/20388884PQ encoding shard 4/5: 14811136/20388884PQ encoding shard 4/5: 14843904/20388884PQ encoding shard 4/5: 14876672/20388884PQ encoding shard 4/5: 14909440/20388884PQ encoding shard 4/5: 14942208/20388884PQ encoding shard 4/5: 14974976/20388884PQ encoding shard 4/5: 15007744/20388884PQ encoding shard 4/5: 15040512/20388884PQ encoding shard 4/5: 15073280/20388884PQ encoding shard 4/5: 15106048/20388884PQ encoding shard 4/5: 15138816/20388884PQ encoding shard 4/5: 15171584/20388884PQ encoding shard 4/5: 15204352/20388884PQ encoding shard 4/5: 15237120/20388884PQ encoding shard 4/5: 15269888/20388884PQ encoding shard 4/5: 15302656/20388884PQ encoding shard 4/5: 15335424/20388884PQ encoding shard 4/5: 15368192/20388884PQ encoding shard 4/5: 15400960/20388884PQ encoding shard 4/5: 15433728/20388884PQ encoding shard 4/5: 15466496/20388884PQ encoding shard 4/5: 15499264/20388884PQ encoding shard 4/5: 15532032/20388884PQ encoding shard 4/5: 15564800/20388884PQ encoding shard 4/5: 15597568/20388884PQ encoding shard 4/5: 15630336/20388884PQ encoding shard 4/5: 15663104/20388884PQ encoding shard 4/5: 15695872/20388884PQ encoding shard 4/5: 15728640/20388884PQ encoding shard 4/5: 15761408/20388884PQ encoding shard 4/5: 15794176/20388884PQ encoding shard 4/5: 15826944/20388884PQ encoding shard 4/5: 15859712/20388884PQ encoding shard 4/5: 15892480/20388884PQ encoding shard 4/5: 15925248/20388884PQ encoding shard 4/5: 15958016/20388884PQ encoding shard 4/5: 15990784/20388884PQ encoding shard 4/5: 16023552/20388884PQ encoding shard 4/5: 16056320/20388884PQ encoding shard 4/5: 16089088/20388884PQ encoding shard 4/5: 16121856/20388884PQ encoding shard 4/5: 16154624/20388884PQ encoding shard 4/5: 16187392/20388884PQ encoding shard 4/5: 16220160/20388884PQ encoding shard 4/5: 16252928/20388884PQ encoding shard 4/5: 16285696/20388884PQ encoding shard 4/5: 16318464/20388884PQ encoding shard 4/5: 16351232/20388884PQ encoding shard 4/5: 16384000/20388884PQ encoding shard 4/5: 16416768/20388884PQ encoding shard 4/5: 16449536/20388884PQ encoding shard 4/5: 16482304/20388884PQ encoding shard 4/5: 16515072/20388884PQ encoding shard 4/5: 16547840/20388884PQ encoding shard 4/5: 16580608/20388884PQ encoding shard 4/5: 16613376/20388884PQ encoding shard 4/5: 16646144/20388884PQ encoding shard 4/5: 16678912/20388884PQ encoding shard 4/5: 16711680/20388884PQ encoding shard 4/5: 16744448/20388884PQ encoding shard 4/5: 16777216/20388884PQ encoding shard 4/5: 16809984/20388884PQ encoding shard 4/5: 16842752/20388884PQ encoding shard 4/5: 16875520/20388884PQ encoding shard 4/5: 16908288/20388884PQ encoding shard 4/5: 16941056/20388884PQ encoding shard 4/5: 16973824/20388884PQ encoding shard 4/5: 17006592/20388884PQ encoding shard 4/5: 17039360/20388884PQ encoding shard 4/5: 17072128/20388884PQ encoding shard 4/5: 17104896/20388884PQ encoding shard 4/5: 17137664/20388884PQ encoding shard 4/5: 17170432/20388884PQ encoding shard 4/5: 17203200/20388884PQ encoding shard 4/5: 17235968/20388884PQ encoding shard 4/5: 17268736/20388884PQ encoding shard 4/5: 17301504/20388884PQ encoding shard 4/5: 17334272/20388884PQ encoding shard 4/5: 17367040/20388884PQ encoding shard 4/5: 17399808/20388884PQ encoding shard 4/5: 17432576/20388884PQ encoding shard 4/5: 17465344/20388884PQ encoding shard 4/5: 17498112/20388884PQ encoding shard 4/5: 17530880/20388884PQ encoding shard 4/5: 17563648/20388884PQ encoding shard 4/5: 17596416/20388884PQ encoding shard 4/5: 17629184/20388884PQ encoding shard 4/5: 17661952/20388884PQ encoding shard 4/5: 17694720/20388884PQ encoding shard 4/5: 17727488/20388884PQ encoding shard 4/5: 17760256/20388884PQ encoding shard 4/5: 17793024/20388884PQ encoding shard 4/5: 17825792/20388884PQ encoding shard 4/5: 17858560/20388884PQ encoding shard 4/5: 17891328/20388884PQ encoding shard 4/5: 17924096/20388884PQ encoding shard 4/5: 17956864/20388884PQ encoding shard 4/5: 17989632/20388884PQ encoding shard 4/5: 18022400/20388884PQ encoding shard 4/5: 18055168/20388884PQ encoding shard 4/5: 18087936/20388884PQ encoding shard 4/5: 18120704/20388884PQ encoding shard 4/5: 18153472/20388884PQ encoding shard 4/5: 18186240/20388884PQ encoding shard 4/5: 18219008/20388884PQ encoding shard 4/5: 18251776/20388884PQ encoding shard 4/5: 18284544/20388884PQ encoding shard 4/5: 18317312/20388884PQ encoding shard 4/5: 18350080/20388884PQ encoding shard 4/5: 18382848/20388884PQ encoding shard 4/5: 18415616/20388884PQ encoding shard 4/5: 18448384/20388884PQ encoding shard 4/5: 18481152/20388884PQ encoding shard 4/5: 18513920/20388884PQ encoding shard 4/5: 18546688/20388884PQ encoding shard 4/5: 18579456/20388884PQ encoding shard 4/5: 18612224/20388884PQ encoding shard 4/5: 18644992/20388884PQ encoding shard 4/5: 18677760/20388884PQ encoding shard 4/5: 18710528/20388884PQ encoding shard 4/5: 18743296/20388884PQ encoding shard 4/5: 18776064/20388884PQ encoding shard 4/5: 18808832/20388884PQ encoding shard 4/5: 18841600/20388884PQ encoding shard 4/5: 18874368/20388884PQ encoding shard 4/5: 18907136/20388884PQ encoding shard 4/5: 18939904/20388884PQ encoding shard 4/5: 18972672/20388884PQ encoding shard 4/5: 19005440/20388884PQ encoding shard 4/5: 19038208/20388884PQ encoding shard 4/5: 19070976/20388884PQ encoding shard 4/5: 19103744/20388884PQ encoding shard 4/5: 19136512/20388884PQ encoding shard 4/5: 19169280/20388884PQ encoding shard 4/5: 19202048/20388884PQ encoding shard 4/5: 19234816/20388884PQ encoding shard 4/5: 19267584/20388884PQ encoding shard 4/5: 19300352/20388884PQ encoding shard 4/5: 19333120/20388884PQ encoding shard 4/5: 19365888/20388884PQ encoding shard 4/5: 19398656/20388884PQ encoding shard 4/5: 19431424/20388884PQ encoding shard 4/5: 19464192/20388884PQ encoding shard 4/5: 19496960/20388884PQ encoding shard 4/5: 19529728/20388884PQ encoding shard 4/5: 19562496/20388884PQ encoding shard 4/5: 19595264/20388884PQ encoding shard 4/5: 19628032/20388884PQ encoding shard 4/5: 19660800/20388884PQ encoding shard 4/5: 19693568/20388884PQ encoding shard 4/5: 19726336/20388884PQ encoding shard 4/5: 19759104/20388884PQ encoding shard 4/5: 19791872/20388884PQ encoding shard 4/5: 19824640/20388884PQ encoding shard 4/5: 19857408/20388884PQ encoding shard 4/5: 19890176/20388884PQ encoding shard 4/5: 19922944/20388884PQ encoding shard 4/5: 19955712/20388884PQ encoding shard 4/5: 19988480/20388884PQ encoding shard 4/5: 20021248/20388884PQ encoding shard 4/5: 20054016/20388884PQ encoding shard 4/5: 20086784/20388884PQ encoding shard 4/5: 20119552/20388884PQ encoding shard 4/5: 20152320/20388884PQ encoding shard 4/5: 20185088/20388884PQ encoding shard 4/5: 20217856/20388884PQ encoding shard 4/5: 20250624/20388884PQ encoding shard 4/5: 20283392/20388884PQ encoding shard 4/5: 20316160/20388884PQ encoding shard 4/5: 20348928/20388884PQ encoding shard 4/5: 20381696/20388884PQ encoding shard 4/5: 20388884/20388884
PQ encoder audit shard 5/5: vectors=64 component_mismatches=0
PQ encoding shard 5/5: 32768/20388882PQ encoding shard 5/5: 65536/20388882PQ encoding shard 5/5: 98304/20388882PQ encoding shard 5/5: 131072/20388882PQ encoding shard 5/5: 163840/20388882PQ encoding shard 5/5: 196608/20388882PQ encoding shard 5/5: 229376/20388882PQ encoding shard 5/5: 262144/20388882PQ encoding shard 5/5: 294912/20388882PQ encoding shard 5/5: 327680/20388882PQ encoding shard 5/5: 360448/20388882PQ encoding shard 5/5: 393216/20388882PQ encoding shard 5/5: 425984/20388882PQ encoding shard 5/5: 458752/20388882PQ encoding shard 5/5: 491520/20388882PQ encoding shard 5/5: 524288/20388882PQ encoding shard 5/5: 557056/20388882PQ encoding shard 5/5: 589824/20388882PQ encoding shard 5/5: 622592/20388882PQ encoding shard 5/5: 655360/20388882PQ encoding shard 5/5: 688128/20388882PQ encoding shard 5/5: 720896/20388882PQ encoding shard 5/5: 753664/20388882PQ encoding shard 5/5: 786432/20388882PQ encoding shard 5/5: 819200/20388882PQ encoding shard 5/5: 851968/20388882PQ encoding shard 5/5: 884736/20388882PQ encoding shard 5/5: 917504/20388882PQ encoding shard 5/5: 950272/20388882PQ encoding shard 5/5: 983040/20388882PQ encoding shard 5/5: 1015808/20388882PQ encoding shard 5/5: 1048576/20388882PQ encoding shard 5/5: 1081344/20388882PQ encoding shard 5/5: 1114112/20388882PQ encoding shard 5/5: 1146880/20388882PQ encoding shard 5/5: 1179648/20388882PQ encoding shard 5/5: 1212416/20388882PQ encoding shard 5/5: 1245184/20388882PQ encoding shard 5/5: 1277952/20388882PQ encoding shard 5/5: 1310720/20388882PQ encoding shard 5/5: 1343488/20388882PQ encoding shard 5/5: 1376256/20388882PQ encoding shard 5/5: 1409024/20388882PQ encoding shard 5/5: 1441792/20388882PQ encoding shard 5/5: 1474560/20388882PQ encoding shard 5/5: 1507328/20388882PQ encoding shard 5/5: 1540096/20388882PQ encoding shard 5/5: 1572864/20388882PQ encoding shard 5/5: 1605632/20388882PQ encoding shard 5/5: 1638400/20388882PQ encoding shard 5/5: 1671168/20388882PQ encoding shard 5/5: 1703936/20388882PQ encoding shard 5/5: 1736704/20388882PQ encoding shard 5/5: 1769472/20388882PQ encoding shard 5/5: 1802240/20388882PQ encoding shard 5/5: 1835008/20388882PQ encoding shard 5/5: 1867776/20388882PQ encoding shard 5/5: 1900544/20388882PQ encoding shard 5/5: 1933312/20388882PQ encoding shard 5/5: 1966080/20388882PQ encoding shard 5/5: 1998848/20388882PQ encoding shard 5/5: 2031616/20388882PQ encoding shard 5/5: 2064384/20388882PQ encoding shard 5/5: 2097152/20388882PQ encoding shard 5/5: 2129920/20388882PQ encoding shard 5/5: 2162688/20388882PQ encoding shard 5/5: 2195456/20388882PQ encoding shard 5/5: 2228224/20388882PQ encoding shard 5/5: 2260992/20388882PQ encoding shard 5/5: 2293760/20388882PQ encoding shard 5/5: 2326528/20388882PQ encoding shard 5/5: 2359296/20388882PQ encoding shard 5/5: 2392064/20388882PQ encoding shard 5/5: 2424832/20388882PQ encoding shard 5/5: 2457600/20388882PQ encoding shard 5/5: 2490368/20388882PQ encoding shard 5/5: 2523136/20388882PQ encoding shard 5/5: 2555904/20388882PQ encoding shard 5/5: 2588672/20388882PQ encoding shard 5/5: 2621440/20388882PQ encoding shard 5/5: 2654208/20388882PQ encoding shard 5/5: 2686976/20388882PQ encoding shard 5/5: 2719744/20388882PQ encoding shard 5/5: 2752512/20388882PQ encoding shard 5/5: 2785280/20388882PQ encoding shard 5/5: 2818048/20388882PQ encoding shard 5/5: 2850816/20388882PQ encoding shard 5/5: 2883584/20388882PQ encoding shard 5/5: 2916352/20388882PQ encoding shard 5/5: 2949120/20388882PQ encoding shard 5/5: 2981888/20388882PQ encoding shard 5/5: 3014656/20388882PQ encoding shard 5/5: 3047424/20388882PQ encoding shard 5/5: 3080192/20388882PQ encoding shard 5/5: 3112960/20388882PQ encoding shard 5/5: 3145728/20388882PQ encoding shard 5/5: 3178496/20388882PQ encoding shard 5/5: 3211264/20388882PQ encoding shard 5/5: 3244032/20388882PQ encoding shard 5/5: 3276800/20388882PQ encoding shard 5/5: 3309568/20388882PQ encoding shard 5/5: 3342336/20388882PQ encoding shard 5/5: 3375104/20388882PQ encoding shard 5/5: 3407872/20388882PQ encoding shard 5/5: 3440640/20388882PQ encoding shard 5/5: 3473408/20388882PQ encoding shard 5/5: 3506176/20388882PQ encoding shard 5/5: 3538944/20388882PQ encoding shard 5/5: 3571712/20388882PQ encoding shard 5/5: 3604480/20388882PQ encoding shard 5/5: 3637248/20388882PQ encoding shard 5/5: 3670016/20388882PQ encoding shard 5/5: 3702784/20388882PQ encoding shard 5/5: 3735552/20388882PQ encoding shard 5/5: 3768320/20388882PQ encoding shard 5/5: 3801088/20388882PQ encoding shard 5/5: 3833856/20388882PQ encoding shard 5/5: 3866624/20388882PQ encoding shard 5/5: 3899392/20388882PQ encoding shard 5/5: 3932160/20388882PQ encoding shard 5/5: 3964928/20388882PQ encoding shard 5/5: 3997696/20388882PQ encoding shard 5/5: 4030464/20388882PQ encoding shard 5/5: 4063232/20388882PQ encoding shard 5/5: 4096000/20388882PQ encoding shard 5/5: 4128768/20388882PQ encoding shard 5/5: 4161536/20388882PQ encoding shard 5/5: 4194304/20388882PQ encoding shard 5/5: 4227072/20388882PQ encoding shard 5/5: 4259840/20388882PQ encoding shard 5/5: 4292608/20388882PQ encoding shard 5/5: 4325376/20388882PQ encoding shard 5/5: 4358144/20388882PQ encoding shard 5/5: 4390912/20388882PQ encoding shard 5/5: 4423680/20388882PQ encoding shard 5/5: 4456448/20388882PQ encoding shard 5/5: 4489216/20388882PQ encoding shard 5/5: 4521984/20388882PQ encoding shard 5/5: 4554752/20388882PQ encoding shard 5/5: 4587520/20388882PQ encoding shard 5/5: 4620288/20388882PQ encoding shard 5/5: 4653056/20388882PQ encoding shard 5/5: 4685824/20388882PQ encoding shard 5/5: 4718592/20388882PQ encoding shard 5/5: 4751360/20388882PQ encoding shard 5/5: 4784128/20388882PQ encoding shard 5/5: 4816896/20388882PQ encoding shard 5/5: 4849664/20388882PQ encoding shard 5/5: 4882432/20388882PQ encoding shard 5/5: 4915200/20388882PQ encoding shard 5/5: 4947968/20388882PQ encoding shard 5/5: 4980736/20388882PQ encoding shard 5/5: 5013504/20388882PQ encoding shard 5/5: 5046272/20388882PQ encoding shard 5/5: 5079040/20388882PQ encoding shard 5/5: 5111808/20388882PQ encoding shard 5/5: 5144576/20388882PQ encoding shard 5/5: 5177344/20388882PQ encoding shard 5/5: 5210112/20388882PQ encoding shard 5/5: 5242880/20388882PQ encoding shard 5/5: 5275648/20388882PQ encoding shard 5/5: 5308416/20388882PQ encoding shard 5/5: 5341184/20388882PQ encoding shard 5/5: 5373952/20388882PQ encoding shard 5/5: 5406720/20388882PQ encoding shard 5/5: 5439488/20388882PQ encoding shard 5/5: 5472256/20388882PQ encoding shard 5/5: 5505024/20388882PQ encoding shard 5/5: 5537792/20388882PQ encoding shard 5/5: 5570560/20388882PQ encoding shard 5/5: 5603328/20388882PQ encoding shard 5/5: 5636096/20388882PQ encoding shard 5/5: 5668864/20388882PQ encoding shard 5/5: 5701632/20388882PQ encoding shard 5/5: 5734400/20388882PQ encoding shard 5/5: 5767168/20388882PQ encoding shard 5/5: 5799936/20388882PQ encoding shard 5/5: 5832704/20388882PQ encoding shard 5/5: 5865472/20388882PQ encoding shard 5/5: 5898240/20388882PQ encoding shard 5/5: 5931008/20388882PQ encoding shard 5/5: 5963776/20388882PQ encoding shard 5/5: 5996544/20388882PQ encoding shard 5/5: 6029312/20388882PQ encoding shard 5/5: 6062080/20388882PQ encoding shard 5/5: 6094848/20388882PQ encoding shard 5/5: 6127616/20388882PQ encoding shard 5/5: 6160384/20388882PQ encoding shard 5/5: 6193152/20388882PQ encoding shard 5/5: 6225920/20388882PQ encoding shard 5/5: 6258688/20388882PQ encoding shard 5/5: 6291456/20388882PQ encoding shard 5/5: 6324224/20388882PQ encoding shard 5/5: 6356992/20388882PQ encoding shard 5/5: 6389760/20388882PQ encoding shard 5/5: 6422528/20388882PQ encoding shard 5/5: 6455296/20388882PQ encoding shard 5/5: 6488064/20388882PQ encoding shard 5/5: 6520832/20388882PQ encoding shard 5/5: 6553600/20388882PQ encoding shard 5/5: 6586368/20388882PQ encoding shard 5/5: 6619136/20388882PQ encoding shard 5/5: 6651904/20388882PQ encoding shard 5/5: 6684672/20388882PQ encoding shard 5/5: 6717440/20388882PQ encoding shard 5/5: 6750208/20388882PQ encoding shard 5/5: 6782976/20388882PQ encoding shard 5/5: 6815744/20388882PQ encoding shard 5/5: 6848512/20388882PQ encoding shard 5/5: 6881280/20388882PQ encoding shard 5/5: 6914048/20388882PQ encoding shard 5/5: 6946816/20388882PQ encoding shard 5/5: 6979584/20388882PQ encoding shard 5/5: 7012352/20388882PQ encoding shard 5/5: 7045120/20388882PQ encoding shard 5/5: 7077888/20388882PQ encoding shard 5/5: 7110656/20388882PQ encoding shard 5/5: 7143424/20388882PQ encoding shard 5/5: 7176192/20388882PQ encoding shard 5/5: 7208960/20388882PQ encoding shard 5/5: 7241728/20388882PQ encoding shard 5/5: 7274496/20388882PQ encoding shard 5/5: 7307264/20388882PQ encoding shard 5/5: 7340032/20388882PQ encoding shard 5/5: 7372800/20388882PQ encoding shard 5/5: 7405568/20388882PQ encoding shard 5/5: 7438336/20388882PQ encoding shard 5/5: 7471104/20388882PQ encoding shard 5/5: 7503872/20388882PQ encoding shard 5/5: 7536640/20388882PQ encoding shard 5/5: 7569408/20388882PQ encoding shard 5/5: 7602176/20388882PQ encoding shard 5/5: 7634944/20388882PQ encoding shard 5/5: 7667712/20388882PQ encoding shard 5/5: 7700480/20388882PQ encoding shard 5/5: 7733248/20388882PQ encoding shard 5/5: 7766016/20388882PQ encoding shard 5/5: 7798784/20388882PQ encoding shard 5/5: 7831552/20388882PQ encoding shard 5/5: 7864320/20388882PQ encoding shard 5/5: 7897088/20388882PQ encoding shard 5/5: 7929856/20388882PQ encoding shard 5/5: 7962624/20388882PQ encoding shard 5/5: 7995392/20388882PQ encoding shard 5/5: 8028160/20388882PQ encoding shard 5/5: 8060928/20388882PQ encoding shard 5/5: 8093696/20388882PQ encoding shard 5/5: 8126464/20388882PQ encoding shard 5/5: 8159232/20388882PQ encoding shard 5/5: 8192000/20388882PQ encoding shard 5/5: 8224768/20388882PQ encoding shard 5/5: 8257536/20388882PQ encoding shard 5/5: 8290304/20388882PQ encoding shard 5/5: 8323072/20388882PQ encoding shard 5/5: 8355840/20388882PQ encoding shard 5/5: 8388608/20388882PQ encoding shard 5/5: 8421376/20388882PQ encoding shard 5/5: 8454144/20388882PQ encoding shard 5/5: 8486912/20388882PQ encoding shard 5/5: 8519680/20388882PQ encoding shard 5/5: 8552448/20388882PQ encoding shard 5/5: 8585216/20388882PQ encoding shard 5/5: 8617984/20388882PQ encoding shard 5/5: 8650752/20388882PQ encoding shard 5/5: 8683520/20388882PQ encoding shard 5/5: 8716288/20388882PQ encoding shard 5/5: 8749056/20388882PQ encoding shard 5/5: 8781824/20388882PQ encoding shard 5/5: 8814592/20388882PQ encoding shard 5/5: 8847360/20388882PQ encoding shard 5/5: 8880128/20388882PQ encoding shard 5/5: 8912896/20388882PQ encoding shard 5/5: 8945664/20388882PQ encoding shard 5/5: 8978432/20388882PQ encoding shard 5/5: 9011200/20388882PQ encoding shard 5/5: 9043968/20388882PQ encoding shard 5/5: 9076736/20388882PQ encoding shard 5/5: 9109504/20388882PQ encoding shard 5/5: 9142272/20388882PQ encoding shard 5/5: 9175040/20388882PQ encoding shard 5/5: 9207808/20388882PQ encoding shard 5/5: 9240576/20388882PQ encoding shard 5/5: 9273344/20388882PQ encoding shard 5/5: 9306112/20388882PQ encoding shard 5/5: 9338880/20388882PQ encoding shard 5/5: 9371648/20388882PQ encoding shard 5/5: 9404416/20388882PQ encoding shard 5/5: 9437184/20388882PQ encoding shard 5/5: 9469952/20388882PQ encoding shard 5/5: 9502720/20388882PQ encoding shard 5/5: 9535488/20388882PQ encoding shard 5/5: 9568256/20388882PQ encoding shard 5/5: 9601024/20388882PQ encoding shard 5/5: 9633792/20388882PQ encoding shard 5/5: 9666560/20388882PQ encoding shard 5/5: 9699328/20388882PQ encoding shard 5/5: 9732096/20388882PQ encoding shard 5/5: 9764864/20388882PQ encoding shard 5/5: 9797632/20388882PQ encoding shard 5/5: 9830400/20388882PQ encoding shard 5/5: 9863168/20388882PQ encoding shard 5/5: 9895936/20388882PQ encoding shard 5/5: 9928704/20388882PQ encoding shard 5/5: 9961472/20388882PQ encoding shard 5/5: 9994240/20388882PQ encoding shard 5/5: 10027008/20388882PQ encoding shard 5/5: 10059776/20388882PQ encoding shard 5/5: 10092544/20388882PQ encoding shard 5/5: 10125312/20388882PQ encoding shard 5/5: 10158080/20388882PQ encoding shard 5/5: 10190848/20388882PQ encoding shard 5/5: 10223616/20388882PQ encoding shard 5/5: 10256384/20388882PQ encoding shard 5/5: 10289152/20388882PQ encoding shard 5/5: 10321920/20388882PQ encoding shard 5/5: 10354688/20388882PQ encoding shard 5/5: 10387456/20388882PQ encoding shard 5/5: 10420224/20388882PQ encoding shard 5/5: 10452992/20388882PQ encoding shard 5/5: 10485760/20388882PQ encoding shard 5/5: 10518528/20388882PQ encoding shard 5/5: 10551296/20388882PQ encoding shard 5/5: 10584064/20388882PQ encoding shard 5/5: 10616832/20388882PQ encoding shard 5/5: 10649600/20388882PQ encoding shard 5/5: 10682368/20388882PQ encoding shard 5/5: 10715136/20388882PQ encoding shard 5/5: 10747904/20388882PQ encoding shard 5/5: 10780672/20388882PQ encoding shard 5/5: 10813440/20388882PQ encoding shard 5/5: 10846208/20388882PQ encoding shard 5/5: 10878976/20388882PQ encoding shard 5/5: 10911744/20388882PQ encoding shard 5/5: 10944512/20388882PQ encoding shard 5/5: 10977280/20388882PQ encoding shard 5/5: 11010048/20388882PQ encoding shard 5/5: 11042816/20388882PQ encoding shard 5/5: 11075584/20388882PQ encoding shard 5/5: 11108352/20388882PQ encoding shard 5/5: 11141120/20388882PQ encoding shard 5/5: 11173888/20388882PQ encoding shard 5/5: 11206656/20388882PQ encoding shard 5/5: 11239424/20388882PQ encoding shard 5/5: 11272192/20388882PQ encoding shard 5/5: 11304960/20388882PQ encoding shard 5/5: 11337728/20388882PQ encoding shard 5/5: 11370496/20388882PQ encoding shard 5/5: 11403264/20388882PQ encoding shard 5/5: 11436032/20388882PQ encoding shard 5/5: 11468800/20388882PQ encoding shard 5/5: 11501568/20388882PQ encoding shard 5/5: 11534336/20388882PQ encoding shard 5/5: 11567104/20388882PQ encoding shard 5/5: 11599872/20388882PQ encoding shard 5/5: 11632640/20388882PQ encoding shard 5/5: 11665408/20388882PQ encoding shard 5/5: 11698176/20388882PQ encoding shard 5/5: 11730944/20388882PQ encoding shard 5/5: 11763712/20388882PQ encoding shard 5/5: 11796480/20388882PQ encoding shard 5/5: 11829248/20388882PQ encoding shard 5/5: 11862016/20388882PQ encoding shard 5/5: 11894784/20388882PQ encoding shard 5/5: 11927552/20388882PQ encoding shard 5/5: 11960320/20388882PQ encoding shard 5/5: 11993088/20388882PQ encoding shard 5/5: 12025856/20388882PQ encoding shard 5/5: 12058624/20388882PQ encoding shard 5/5: 12091392/20388882PQ encoding shard 5/5: 12124160/20388882PQ encoding shard 5/5: 12156928/20388882PQ encoding shard 5/5: 12189696/20388882PQ encoding shard 5/5: 12222464/20388882PQ encoding shard 5/5: 12255232/20388882PQ encoding shard 5/5: 12288000/20388882PQ encoding shard 5/5: 12320768/20388882PQ encoding shard 5/5: 12353536/20388882PQ encoding shard 5/5: 12386304/20388882PQ encoding shard 5/5: 12419072/20388882PQ encoding shard 5/5: 12451840/20388882PQ encoding shard 5/5: 12484608/20388882PQ encoding shard 5/5: 12517376/20388882PQ encoding shard 5/5: 12550144/20388882PQ encoding shard 5/5: 12582912/20388882PQ encoding shard 5/5: 12615680/20388882PQ encoding shard 5/5: 12648448/20388882PQ encoding shard 5/5: 12681216/20388882PQ encoding shard 5/5: 12713984/20388882PQ encoding shard 5/5: 12746752/20388882PQ encoding shard 5/5: 12779520/20388882PQ encoding shard 5/5: 12812288/20388882PQ encoding shard 5/5: 12845056/20388882PQ encoding shard 5/5: 12877824/20388882PQ encoding shard 5/5: 12910592/20388882PQ encoding shard 5/5: 12943360/20388882PQ encoding shard 5/5: 12976128/20388882PQ encoding shard 5/5: 13008896/20388882PQ encoding shard 5/5: 13041664/20388882PQ encoding shard 5/5: 13074432/20388882PQ encoding shard 5/5: 13107200/20388882PQ encoding shard 5/5: 13139968/20388882PQ encoding shard 5/5: 13172736/20388882PQ encoding shard 5/5: 13205504/20388882PQ encoding shard 5/5: 13238272/20388882PQ encoding shard 5/5: 13271040/20388882PQ encoding shard 5/5: 13303808/20388882PQ encoding shard 5/5: 13336576/20388882PQ encoding shard 5/5: 13369344/20388882PQ encoding shard 5/5: 13402112/20388882PQ encoding shard 5/5: 13434880/20388882PQ encoding shard 5/5: 13467648/20388882PQ encoding shard 5/5: 13500416/20388882PQ encoding shard 5/5: 13533184/20388882PQ encoding shard 5/5: 13565952/20388882PQ encoding shard 5/5: 13598720/20388882PQ encoding shard 5/5: 13631488/20388882PQ encoding shard 5/5: 13664256/20388882PQ encoding shard 5/5: 13697024/20388882PQ encoding shard 5/5: 13729792/20388882PQ encoding shard 5/5: 13762560/20388882PQ encoding shard 5/5: 13795328/20388882PQ encoding shard 5/5: 13828096/20388882PQ encoding shard 5/5: 13860864/20388882PQ encoding shard 5/5: 13893632/20388882PQ encoding shard 5/5: 13926400/20388882PQ encoding shard 5/5: 13959168/20388882PQ encoding shard 5/5: 13991936/20388882PQ encoding shard 5/5: 14024704/20388882PQ encoding shard 5/5: 14057472/20388882PQ encoding shard 5/5: 14090240/20388882PQ encoding shard 5/5: 14123008/20388882PQ encoding shard 5/5: 14155776/20388882PQ encoding shard 5/5: 14188544/20388882PQ encoding shard 5/5: 14221312/20388882PQ encoding shard 5/5: 14254080/20388882PQ encoding shard 5/5: 14286848/20388882PQ encoding shard 5/5: 14319616/20388882PQ encoding shard 5/5: 14352384/20388882PQ encoding shard 5/5: 14385152/20388882PQ encoding shard 5/5: 14417920/20388882PQ encoding shard 5/5: 14450688/20388882PQ encoding shard 5/5: 14483456/20388882PQ encoding shard 5/5: 14516224/20388882PQ encoding shard 5/5: 14548992/20388882PQ encoding shard 5/5: 14581760/20388882PQ encoding shard 5/5: 14614528/20388882PQ encoding shard 5/5: 14647296/20388882PQ encoding shard 5/5: 14680064/20388882PQ encoding shard 5/5: 14712832/20388882PQ encoding shard 5/5: 14745600/20388882PQ encoding shard 5/5: 14778368/20388882PQ encoding shard 5/5: 14811136/20388882PQ encoding shard 5/5: 14843904/20388882PQ encoding shard 5/5: 14876672/20388882PQ encoding shard 5/5: 14909440/20388882PQ encoding shard 5/5: 14942208/20388882PQ encoding shard 5/5: 14974976/20388882PQ encoding shard 5/5: 15007744/20388882PQ encoding shard 5/5: 15040512/20388882PQ encoding shard 5/5: 15073280/20388882PQ encoding shard 5/5: 15106048/20388882PQ encoding shard 5/5: 15138816/20388882PQ encoding shard 5/5: 15171584/20388882PQ encoding shard 5/5: 15204352/20388882PQ encoding shard 5/5: 15237120/20388882PQ encoding shard 5/5: 15269888/20388882PQ encoding shard 5/5: 15302656/20388882PQ encoding shard 5/5: 15335424/20388882PQ encoding shard 5/5: 15368192/20388882PQ encoding shard 5/5: 15400960/20388882PQ encoding shard 5/5: 15433728/20388882PQ encoding shard 5/5: 15466496/20388882PQ encoding shard 5/5: 15499264/20388882PQ encoding shard 5/5: 15532032/20388882PQ encoding shard 5/5: 15564800/20388882PQ encoding shard 5/5: 15597568/20388882PQ encoding shard 5/5: 15630336/20388882PQ encoding shard 5/5: 15663104/20388882PQ encoding shard 5/5: 15695872/20388882PQ encoding shard 5/5: 15728640/20388882PQ encoding shard 5/5: 15761408/20388882PQ encoding shard 5/5: 15794176/20388882PQ encoding shard 5/5: 15826944/20388882PQ encoding shard 5/5: 15859712/20388882PQ encoding shard 5/5: 15892480/20388882PQ encoding shard 5/5: 15925248/20388882PQ encoding shard 5/5: 15958016/20388882PQ encoding shard 5/5: 15990784/20388882PQ encoding shard 5/5: 16023552/20388882PQ encoding shard 5/5: 16056320/20388882PQ encoding shard 5/5: 16089088/20388882PQ encoding shard 5/5: 16121856/20388882PQ encoding shard 5/5: 16154624/20388882PQ encoding shard 5/5: 16187392/20388882PQ encoding shard 5/5: 16220160/20388882PQ encoding shard 5/5: 16252928/20388882PQ encoding shard 5/5: 16285696/20388882PQ encoding shard 5/5: 16318464/20388882PQ encoding shard 5/5: 16351232/20388882PQ encoding shard 5/5: 16384000/20388882PQ encoding shard 5/5: 16416768/20388882PQ encoding shard 5/5: 16449536/20388882PQ encoding shard 5/5: 16482304/20388882PQ encoding shard 5/5: 16515072/20388882PQ encoding shard 5/5: 16547840/20388882PQ encoding shard 5/5: 16580608/20388882PQ encoding shard 5/5: 16613376/20388882PQ encoding shard 5/5: 16646144/20388882PQ encoding shard 5/5: 16678912/20388882PQ encoding shard 5/5: 16711680/20388882PQ encoding shard 5/5: 16744448/20388882PQ encoding shard 5/5: 16777216/20388882PQ encoding shard 5/5: 16809984/20388882PQ encoding shard 5/5: 16842752/20388882PQ encoding shard 5/5: 16875520/20388882PQ encoding shard 5/5: 16908288/20388882PQ encoding shard 5/5: 16941056/20388882PQ encoding shard 5/5: 16973824/20388882PQ encoding shard 5/5: 17006592/20388882PQ encoding shard 5/5: 17039360/20388882PQ encoding shard 5/5: 17072128/20388882PQ encoding shard 5/5: 17104896/20388882PQ encoding shard 5/5: 17137664/20388882PQ encoding shard 5/5: 17170432/20388882PQ encoding shard 5/5: 17203200/20388882PQ encoding shard 5/5: 17235968/20388882PQ encoding shard 5/5: 17268736/20388882PQ encoding shard 5/5: 17301504/20388882PQ encoding shard 5/5: 17334272/20388882PQ encoding shard 5/5: 17367040/20388882PQ encoding shard 5/5: 17399808/20388882PQ encoding shard 5/5: 17432576/20388882PQ encoding shard 5/5: 17465344/20388882PQ encoding shard 5/5: 17498112/20388882PQ encoding shard 5/5: 17530880/20388882PQ encoding shard 5/5: 17563648/20388882PQ encoding shard 5/5: 17596416/20388882PQ encoding shard 5/5: 17629184/20388882PQ encoding shard 5/5: 17661952/20388882PQ encoding shard 5/5: 17694720/20388882PQ encoding shard 5/5: 17727488/20388882PQ encoding shard 5/5: 17760256/20388882PQ encoding shard 5/5: 17793024/20388882PQ encoding shard 5/5: 17825792/20388882PQ encoding shard 5/5: 17858560/20388882PQ encoding shard 5/5: 17891328/20388882PQ encoding shard 5/5: 17924096/20388882PQ encoding shard 5/5: 17956864/20388882PQ encoding shard 5/5: 17989632/20388882PQ encoding shard 5/5: 18022400/20388882PQ encoding shard 5/5: 18055168/20388882PQ encoding shard 5/5: 18087936/20388882PQ encoding shard 5/5: 18120704/20388882PQ encoding shard 5/5: 18153472/20388882PQ encoding shard 5/5: 18186240/20388882PQ encoding shard 5/5: 18219008/20388882PQ encoding shard 5/5: 18251776/20388882PQ encoding shard 5/5: 18284544/20388882PQ encoding shard 5/5: 18317312/20388882PQ encoding shard 5/5: 18350080/20388882PQ encoding shard 5/5: 18382848/20388882PQ encoding shard 5/5: 18415616/20388882PQ encoding shard 5/5: 18448384/20388882PQ encoding shard 5/5: 18481152/20388882PQ encoding shard 5/5: 18513920/20388882PQ encoding shard 5/5: 18546688/20388882PQ encoding shard 5/5: 18579456/20388882PQ encoding shard 5/5: 18612224/20388882PQ encoding shard 5/5: 18644992/20388882PQ encoding shard 5/5: 18677760/20388882PQ encoding shard 5/5: 18710528/20388882PQ encoding shard 5/5: 18743296/20388882PQ encoding shard 5/5: 18776064/20388882PQ encoding shard 5/5: 18808832/20388882PQ encoding shard 5/5: 18841600/20388882PQ encoding shard 5/5: 18874368/20388882PQ encoding shard 5/5: 18907136/20388882PQ encoding shard 5/5: 18939904/20388882PQ encoding shard 5/5: 18972672/20388882PQ encoding shard 5/5: 19005440/20388882PQ encoding shard 5/5: 19038208/20388882PQ encoding shard 5/5: 19070976/20388882PQ encoding shard 5/5: 19103744/20388882PQ encoding shard 5/5: 19136512/20388882PQ encoding shard 5/5: 19169280/20388882PQ encoding shard 5/5: 19202048/20388882PQ encoding shard 5/5: 19234816/20388882PQ encoding shard 5/5: 19267584/20388882PQ encoding shard 5/5: 19300352/20388882PQ encoding shard 5/5: 19333120/20388882PQ encoding shard 5/5: 19365888/20388882PQ encoding shard 5/5: 19398656/20388882PQ encoding shard 5/5: 19431424/20388882PQ encoding shard 5/5: 19464192/20388882PQ encoding shard 5/5: 19496960/20388882PQ encoding shard 5/5: 19529728/20388882PQ encoding shard 5/5: 19562496/20388882PQ encoding shard 5/5: 19595264/20388882PQ encoding shard 5/5: 19628032/20388882PQ encoding shard 5/5: 19660800/20388882PQ encoding shard 5/5: 19693568/20388882PQ encoding shard 5/5: 19726336/20388882PQ encoding shard 5/5: 19759104/20388882PQ encoding shard 5/5: 19791872/20388882PQ encoding shard 5/5: 19824640/20388882PQ encoding shard 5/5: 19857408/20388882PQ encoding shard 5/5: 19890176/20388882PQ encoding shard 5/5: 19922944/20388882PQ encoding shard 5/5: 19955712/20388882PQ encoding shard 5/5: 19988480/20388882PQ encoding shard 5/5: 20021248/20388882PQ encoding shard 5/5: 20054016/20388882PQ encoding shard 5/5: 20086784/20388882PQ encoding shard 5/5: 20119552/20388882PQ encoding shard 5/5: 20152320/20388882PQ encoding shard 5/5: 20185088/20388882PQ encoding shard 5/5: 20217856/20388882PQ encoding shard 5/5: 20250624/20388882PQ encoding shard 5/5: 20283392/20388882PQ encoding shard 5/5: 20316160/20388882PQ encoding shard 5/5: 20348928/20388882PQ encoding shard 5/5: 20381696/20388882PQ encoding shard 5/5: 20388882/20388882
PQ index ready: nodes=100000000 code_bytes=2000000000 model_checksum=11371320504572318141
METIS repartition passed: nodes=100000000 edges=4648672462 shards=5 graph_written=yes pq_built=yes extent_built=yes resumed=no
Output metadata: "/data/xjs/index/dvstor_spacev100m/index/spacev100m_R96_bw128_metis_pmd32_pq20_schema16.meta.json"
