============================================================
                        SERVER
============================================================
num clients:                  1
TCP port:                     1238
QP handshake timeout (ms):    10000
IB device:                    <auto>
IB port:                      1
max outstanding CQEs:         64
max send work requests:       4096
max receive work requests:    4096
============================================================
index prefix:                     "/data/xjs/index/dvstor_deep100m/index/deep100m_R96_bw128_metis_pmd32_pq32_schema16"
storage shard:                    "/data/xjs/index/dvstor_deep100m/index/deep100m_R96_bw128_metis_pmd32_pq32_schema16_node5_of5.dat"
storage id:                       4
base vectors:                     100000000
vector ID namespace [0,N):        4294967295
registered memory GiB:            30
====================================================================
1 device(s) found
Selected device: ibp86s0
Selected port state: 4, lid: 8, active_mtu: 5
interleaved policy
num_cores: 112
physical cores per socket: 28
hyperthreading enabled
local process CPU partition: rank 4/5 logical_cpus=22
pairing: 88654 -- 15193
[STATUS]: loaded index metadata from /data/xjs/index/dvstor_deep100m/index/deep100m_R96_bw128_metis_pmd32_pq32_schema16 (layout=plain, vector_data_type=float32)
[STATUS]: storage-owner stage2 candidate width L=128 per shard
allocation size: 32212254720
allocated ALIGNED MEM (no hugepage) at 132231146242112 with buffer size 32212254720
[STATUS]: loading index (25676324672 Bytes) from /data/xjs/index/dvstor_deep100m/index/deep100m_R96_bw128_metis_pmd32_pq32_schema16_node5_of5.dat
[STATUS]: loaded GPU PQ codes (658367296 Bytes) at remote offset 25676328768
[STATUS]: storage-owner idmap loaded entries=20000000 format=owner_sharded_v2_bound immutable_base=true dynamic_shards=256 dynamic_reserved=65536
[STATUS]: compensated physical centroid restored on shard 4: vectors=20573978 entries=4
[STATUS]: register memory and distribute access token
[STATUS]: connect QPs of compute threads
[STATUS]: reserving 64 GPU/bootstrap QPs per compute node
pairing: 88658 -- 15198
pairing: 88664 -- 15203
pairing: 88669 -- 15208
pairing: 88674 -- 15213
pairing: 88679 -- 15218
pairing: 88684 -- 15223
pairing: 88689 -- 15228
pairing: 88694 -- 15233
pairing: 88699 -- 15238
pairing: 88704 -- 15243
pairing: 88709 -- 15248
pairing: 88714 -- 15253
pairing: 88719 -- 15258
pairing: 88724 -- 15263
pairing: 88729 -- 15268
pairing: 88734 -- 15273
pairing: 88739 -- 15278
pairing: 88744 -- 15283
pairing: 88749 -- 15288
pairing: 88754 -- 15293
pairing: 88759 -- 15298
pairing: 88764 -- 15303
pairing: 88769 -- 15308
pairing: 88774 -- 15313
pairing: 88779 -- 15318
pairing: 88784 -- 15323
pairing: 88789 -- 15328
pairing: 88794 -- 15333
pairing: 88799 -- 15338
pairing: 88804 -- 15343
pairing: 88809 -- 15348
pairing: 88814 -- 15353
pairing: 88819 -- 15482
pairing: 88944 -- 15483
pairing: 88945 -- 15484
pairing: 88946 -- 15485
pairing: 88947 -- 15486
pairing: 88948 -- 15487
pairing: 88949 -- 15488
pairing: 88950 -- 15489
pairing: 88951 -- 15490
pairing: 88952 -- 15491
pairing: 88953 -- 15492
pairing: 88954 -- 15493
pairing: 88955 -- 15494
pairing: 88956 -- 15495
pairing: 88957 -- 15496
pairing: 88958 -- 15497
pairing: 88959 -- 15498
pairing: 88960 -- 15499
pairing: 88961 -- 15500
pairing: 88962 -- 15501
pairing: 88963 -- 15502
pairing: 88964 -- 15503
pairing: 88965 -- 15504
pairing: 88966 -- 15505
pairing: 88967 -- 15506
pairing: 88968 -- 15507
pairing: 88969 -- 15508
pairing: 88970 -- 15509
pairing: 88971 -- 15510
pairing: 88972 -- 15511
pairing: 88973 -- 15512
pairing: 88974 -- 15513
[STATUS]: waiting for compute-node startup barrier
1 device(s) found
Selected device: ibp86s0
Selected port state: 4, lid: 8, active_mtu: 5
pairing: 88980 -- 88987
pairing: 88988 -- 88995
pairing: 88996 -- 89003
pairing: 89004 -- 89011
pairing: 89012 -- 89019
pairing: 89020 -- 89027
pairing: 89028 -- 89035
pairing: 89036 -- 89043
pairing: 89046 -- 89049
pairing: 89052 -- 89055
pairing: 89058 -- 89061
pairing: 89064 -- 89067
pairing: 89070 -- 89073
pairing: 89076 -- 89080
pairing: 89082 -- 89083
pairing: 89086 -- 89088
pairing: 89091 -- 89093
pairing: 89095 -- 89097
pairing: 89098 -- 89101
pairing: 89102 -- 89105
pairing: 89107 -- 89108
pairing: 89111 -- 89113
pairing: 89115 -- 89117
pairing: 89119 -- 89118
pairing: 89120 -- 89116
pairing: 89121 -- 89122
pairing: 89123 -- 89124
pairing: 89126 -- 89125
pairing: 89127 -- 89128
pairing: 89129 -- 89130
pairing: 89132 -- 89131
pairing: 89134 -- 89133
[STATUS]: storage-owner peer RDMA QPs per peer: 8
[STATUS]: storage-owner peer QP0 reserved for RPC; data RDMA uses QP1..7
allocated ALIGNED MEM (no hugepage) at 132230078791744 with buffer size 67108864
allocated ALIGNED MEM (no hugepage) at 132230034751552 with buffer size 42327360
[STATUS]: storage-owner peer RPC receive slots per peer: 64 (requested=64)
[STATUS]: storage-owner peer RPC concurrent sends per peer: 16
[STATUS]: storage-owner peer RPC send credits: Stage1/graph are split at depth >= 2; responses use a dedicated sync buffer
[STATUS]: storage-owner peer async response capacity: 32768
[STATUS]: storage-owner Stage2 home RPC combining: enabled logical_capacity=18432 aggregate_capacity=4608 byte_budget=33658928
allocated ALIGNED MEM (no hugepage) at 132230313947200 with buffer size 241664
allocated ALIGNED MEM (no hugepage) at 132230309675072 with buffer size 212992
allocated ALIGNED MEM (no hugepage) at 132230306070592 with buffer size 212992
[STATUS]: storage-owner peer reverse-update workers: 2
[STATUS]: storage-owner peer Stage1 workers: 3; Stage2-home workers: 1 (one reserved; shared lanes borrow authoritative work only)
[STATUS]: storage-owner physical control workers: cleanup=1 placement=1 (separate blocking domains)
[STATUS]: storage-owner peer progress threads: cq=1 response_dispatch=1
[STATUS]: storage-owner Stage1 artifact capacity: 67584 (64-way, per shard=1056) cleanup replay per shard=2048 active migration receipts=131072
[STATUS]: storage-owner peer reverse-update tuning: queue_depth=65536 coalesce_max=256
allocated ALIGNED MEM (no hugepage) at 132230298136640 with buffer size 855296
allocated ALIGNED MEM (no hugepage) at 132230297280576 with buffer size 855296
allocated ALIGNED MEM (no hugepage) at 132230293942336 with buffer size 855296
allocated ALIGNED MEM (no hugepage) at 132230292885568 with buffer size 855296
allocated ALIGNED MEM (no hugepage) at 132230289547328 with buffer size 855296
allocated ALIGNED MEM (no hugepage) at 132230285553728 with buffer size 855296
allocated ALIGNED MEM (no hugepage) at 132230284697664 with buffer size 855296
allocated ALIGNED MEM (no hugepage) at 132230281359424 with buffer size 855296
[STATUS]: storage-owner peer scratch: snapshot_slot=448 graph_slot=832 batch=256 lane_peak_rdma_wrs=56 lane_useful_wave_rdma_wrs=56 global_read_window=224 search_lanes_global=32 search_lanes_credit_derived=16 search_lane_lease_cap=32 search_lanes_physical_per_worker=4 ready_context_runtime_epoch=1 bytes_per_lane=213824 bytes_total=6842368
[STATUS]: storage-owner maintenance workers: 8 (configured=8, admission_baseline_workers=2, context_limit=32, semantic_execution_batch=8, work_conserving=true)
[STATUS]: storage-owner stage2 reverse outbox descriptors: 128 aggregates=128 wire_max_ops=3072 (shared per-peer work-conserving aggregation)
[STATUS]: storage-owner maintenance tuning: protocol=centroid-home-two-stage compaction_batch_target=32 packing_policy=deterministic_b8 packing_tail_wait_us=arrival_adaptive_capped_25000 packing_context_limit=8 backlog_limit=65536 admission_credit=bounded_accepted_backlog admission_window=65536 physical_completion_capacity=65536
[STATUS]: storage-owner peer RDMA read credits: per_data_qp=8 data_qps_per_peer=7 per_peer=56 global=224 shared_cq_read_budget=8095 ordered_snapshot_pairs_per_chain=4 (requested_per_data_qp=16)
[STATUS]: storage-owner online insert tuning: construction_beam=128 snapshot_batch=256 protocol=centroid-home-two-stage
[STATUS]: storage-owner stage1=physical-home local search and backlinks; stage2=generation-fenced home expand+score continuation
[STATUS]: storage-owner responses=foreground direct post; completion=repost by service poller
[STATUS]: storage-owner foreground pipeline: coordinators=12 cpu_lanes=3 (assigned_cpus=22, rpc_parallelism=16)
[STATUS]: storage-owner CPU plan: foreground_cpu=3 foreground_coordinators=12 maintenance=8 peer_stage1=4 (split into isolated Stage1/Stage2-home domains) peer_reverse=2 peer_cleanup=1 peer_placement=1 peer_progress=2 foreground_progress=1
[STATUS]: storage-owner insert runtime enabled on shard 4
[STATUS]: storage-owner maintenance observation: enqueued=1510 stage2_enqueued=1510 cleanup_enqueued=0 stage2_tasks_done=507 stage2_finalized_live=507 cleanup_processed=0 stale=0 stage2_completion_ratio=0.335762 live_stage2_completion_ratio=0.335762 avg_stage2_delay_ms=1117.426171 p99_stage2_delay_upper_ms=4000.000000 p99_stage2_delay_over_30s=false stage2_delay_histogram=0,0,0,0,0,0,7,7,33,47,143,255,15,0,0,0,0,0 max_stage2_delay_ms=2245.625127 compaction_batch_target=32 compaction_max_delay_ms=25.000000 stage2_rate_per_sec=50.582685 stage1_search_budget_exhausted=0 stage2_search_budget_exhausted=0 stage2_continuations=763 stage2_remote_frontier_items=501912 avg_stage2_remote_frontier=657.813893 stage2_remote_expansions=15540 avg_stage2_remote_expansions=20.366972 stage2_scored_candidates=969979 avg_stage2_scored_candidates=1271.269987 stage2_graph_read_waves=4168 avg_stage2_expansions_per_graph_wave=3.728407 stage2_graph_unique_reads=19310 stage2_graph_prefetch_issued=13217 stage2_graph_prefetch_hits=12072 stage2_graph_prefetch_wasted=543 stage2_graph_prefetch_promotion_ratio=0.956956 stage2_graph_issue_width_current=16 stage2_vector_read_waves=6528 avg_stage2_scores_per_vector_wave=148.587469 stage2_vector_unique_reads=533317 stage2_home_rpc_batches=5866 stage2_home_rpc_items=482694 avg_stage2_home_rpc_batch=82.286737 stage2_home_score_rpc_batches=1868 stage2_home_score_rpc_items=463398 stage2_home_score_rpc_queries=8555 stage2_home_score_rpc_request_bytes=14500320 stage2_home_score_rpc_response_bytes=14904048 avg_stage2_home_score_queries_per_rpc=4.579764 avg_stage2_home_score_rpc_batch=248.071734 stage2_home_scored_neighbors=900567 home_scores_per_expansion=1.865710 stage2_migrations=82 home_match_rate=0.838264 stage2_final_edges=20136 stage2_cross_edges_stage1_home=4092 stage2_cross_edges_final_home=2341 cross_edge_reduction_ratio=0.427908 failed=0 rpc_timeouts=0 reverse_aggregate_batches=0 reverse_aggregate_logical_requests=0 reverse_aggregate_ops=0 avg_reverse_aggregate_logicals=0.000000 avg_reverse_aggregate_ops=0.000000 max_backlog=751 admission_window=65536 completion_outstanding=1195 completion_incomplete=1003 completed_behind_hole=192 completion_logical_full_failures=0 completion_physical_full_failures=0 pressure_yields=20963 stage2_batches=97 avg_stage2_batch_size=7.865979 packing_target_batch=8 packing_admit_queue_avg=243.371134 packing_admit_queue_max=751 packing_batch_1_7=6 packing_batch_8=91 packing_assembly_batches=97 packing_assembly_wait_ms=46483.508830 packing_arrival_interval_us=2554 packing_waited_batches=6 packing_wait_ms=88.732000 packing_target_flushes=91 packing_deadline_flushes=6 packing_cleanup_flushes=0 stage2_phase_search_attempts=73 stage2_phase_search_task_attempts=571 stage2_phase_search_elapsed_ms=54651.971327 avg_stage2_phase_search_us_per_task=95712.734373 stage2_phase_freeze_prune_attempts=78 stage2_phase_freeze_prune_task_attempts=611 stage2_phase_freeze_prune_elapsed_ms=4283.871171 avg_stage2_phase_freeze_prune_us_per_task=7011.245779 stage2_phase_reverse_prepare_attempts=65 stage2_phase_reverse_prepare_task_attempts=507 stage2_phase_reverse_prepare_elapsed_ms=6787.109093 avg_stage2_phase_reverse_prepare_us_per_task=13386.802945 stage2_phase_placement_authority_attempts=65 stage2_phase_placement_authority_task_attempts=507 stage2_phase_placement_authority_elapsed_ms=3054.097071 avg_stage2_phase_placement_authority_us_per_task=6023.860101 stage2_phase_completion_handoff_attempts=65 stage2_phase_completion_handoff_task_attempts=507 stage2_phase_completion_handoff_elapsed_ms=0.188578 avg_stage2_phase_completion_handoff_us_per_task=0.371949 stage2_phase_finalize_attempts=65 stage2_phase_finalize_task_attempts=507 stage2_phase_finalize_elapsed_ms=0.808060 avg_stage2_phase_finalize_us_per_task=1.593807 maintenance_worker_idle_waits=22976 maintenance_worker_idle_ms=68978.674470 maintenance_lost_wake_avoided=2177 maintenance_targeted_wakes=30662 maintenance_generic_wakes=862 maintenance_broadcast_wakes=0 maintenance_context_slots_scanned=238848 maintenance_ready_notifications=14992 maintenance_ready_stale_notifications=1 maintenance_ready_tickets_drained=12875 maintenance_ready_overflow_scans=0 maintenance_ready_fallback_scans=15019 stage2_search_lane_lease_limit=32 stage2_search_lane_lease_peak=21 stage2_search_lane_lease_blocked=0 maintenance_worker_observed_idle_ratio=0.860238 maintenance_worker_observed_busy_ratio=0.139762 physical_stage1_items=1526 physical_stage1_total_ns=6964804368 physical_stage1_search_ns=6323243918 physical_stage1_prune_ns=474104121 physical_stage1_allocate_write_ns=121411852 physical_stage1_backlink_ns=27751445 physical_stage1_candidates=195328 physical_stage1_remote_frontier_items=985907 physical_stage1_neighbors=58276 peer_stage1_enqueued=1391 peer_stage1_processed=1381 peer_stage1_items=2454 avg_peer_stage1_items=1.776973 peer_stage1_rate_per_sec=244.832166 peer_stage1_max_queue=43 peer_stage1_active_workers=3 peer_stage2_home_enqueued=4034 peer_stage2_home_processed=4034 peer_stage2_home_items=428837 avg_peer_stage2_home_items=106.305652 peer_stage2_home_max_queue=14 peer_stage2_home_response_queue_drops=0 peer_stage2_home_response_send_wait_ms=154.030259 avg_peer_stage2_home_queue_wait_us=139.136812 avg_peer_stage2_home_execution_us=115.177826 peer_stage1_release_deferred_batches=0 peer_stage1_release_deferred_items=0 peer_stage1_duplicate_retry_responses=0 peer_stage1_admission_retry_responses=0 peer_stage1_retry_response_drops=0 peer_stage1_admission_waiters=0 peer_stage1_admission_waiter_items=0 peer_stage1_admission_owned_items=0 peer_stage1_admission_wake_coverage=0 peer_stage1_admission_parked=0 peer_stage1_admission_woken=0 peer_stage1_admission_reparked=0 peer_stage1_max_admission_waiters=0 peer_stage1_duplicate_coalesced=0 peer_reverse_enqueued=265 peer_reverse_processed=265 peer_reverse_remaining=0 peer_reverse_items_enqueued=3708 peer_reverse_items_processed=3708 peer_reverse_rate_per_sec=369.942001 peer_reverse_failed=0 peer_reverse_max_queue=8 reclaim_pending=29 reclaim_reused=53 dynamic_high_watermark=26336696288 stage2_remaining=747 cleanup_remaining=0 active_contexts=32 active_context_limit=32 repair_remaining=0 remaining=1003
[STATUS]: storage-owner maintenance observation: enqueued=4278 stage2_enqueued=4278 cleanup_enqueued=0 stage2_tasks_done=1483 stage2_finalized_live=1483 cleanup_processed=0 stale=0 stage2_completion_ratio=0.346657 live_stage2_completion_ratio=0.346657 avg_stage2_delay_ms=2730.102218 p99_stage2_delay_upper_ms=8000.000000 p99_stage2_delay_over_30s=false stage2_delay_histogram=0,0,0,0,0,0,7,7,33,47,143,284,578,344,40,0,0,0 max_stage2_delay_ms=5427.721791 compaction_batch_target=32 compaction_max_delay_ms=25.000000 stage2_rate_per_sec=98.707372 stage1_search_budget_exhausted=0 stage2_search_budget_exhausted=0 stage2_continuations=1739 stage2_remote_frontier_items=1130443 avg_stage2_remote_frontier=650.053479 stage2_remote_expansions=44666 avg_stage2_remote_expansions=25.684876 stage2_scored_candidates=2415450 avg_stage2_scored_candidates=1388.987924 stage2_graph_read_waves=11416 avg_stage2_expansions_per_graph_wave=3.912579 stage2_graph_unique_reads=49693 stage2_graph_prefetch_issued=33684 stage2_graph_prefetch_hits=31314 stage2_graph_prefetch_wasted=1775 stage2_graph_prefetch_promotion_ratio=0.946357 stage2_graph_issue_width_current=16 stage2_vector_read_waves=17797 avg_stage2_scores_per_vector_wave=135.722313 stage2_vector_unique_reads=1295594 stage2_home_rpc_batches=14936 stage2_home_rpc_items=1151161 avg_stage2_home_rpc_batch=77.072911 stage2_home_score_rpc_batches=4469 stage2_home_score_rpc_items=1101491 stage2_home_score_rpc_queries=20256 stage2_home_score_rpc_request_bytes=34465696 stage2_home_score_rpc_response_bytes=35431360 avg_stage2_home_score_queries_per_rpc=4.532558 avg_stage2_home_score_rpc_batch=246.473708 stage2_home_scored_neighbors=2221419 home_scores_per_expansion=1.929721 stage2_migrations=265 home_match_rate=0.821308 stage2_final_edges=59251 stage2_cross_edges_stage1_home=12740 stage2_cross_edges_final_home=7034 cross_edge_reduction_ratio=0.447881 failed=0 rpc_timeouts=0 reverse_aggregate_batches=0 reverse_aggregate_logical_requests=0 reverse_aggregate_ops=0 avg_reverse_aggregate_logicals=0.000000 avg_reverse_aggregate_ops=0.000000 max_backlog=2539 admission_window=65536 completion_outstanding=3083 completion_incomplete=2795 completed_behind_hole=288 completion_logical_full_failures=0 completion_physical_full_failures=0 pressure_yields=61827 stage2_batches=219 avg_stage2_batch_size=7.940639 packing_target_batch=8 packing_admit_queue_avg=1034.018265 packing_admit_queue_max=2527 packing_batch_1_7=6 packing_batch_8=213 packing_assembly_batches=219 packing_assembly_wait_ms=421340.690921 packing_arrival_interval_us=2362 packing_waited_batches=6 packing_wait_ms=88.732000 packing_target_flushes=213 packing_deadline_flushes=6 packing_cleanup_flushes=0 stage2_phase_search_attempts=198 stage2_phase_search_task_attempts=1571 stage2_phase_search_elapsed_ms=178988.633266 avg_stage2_phase_search_us_per_task=113932.930150 stage2_phase_freeze_prune_attempts=223 stage2_phase_freeze_prune_task_attempts=1771 stage2_phase_freeze_prune_elapsed_ms=12711.527439 avg_stage2_phase_freeze_prune_us_per_task=7177.598780 stage2_phase_reverse_prepare_attempts=189 stage2_phase_reverse_prepare_task_attempts=1499 stage2_phase_reverse_prepare_elapsed_ms=27120.286048 avg_stage2_phase_reverse_prepare_us_per_task=18092.252200 stage2_phase_placement_authority_attempts=187 stage2_phase_placement_authority_task_attempts=1483 stage2_phase_placement_authority_elapsed_ms=10303.883700 avg_stage2_phase_placement_authority_us_per_task=6947.999798 stage2_phase_completion_handoff_attempts=187 stage2_phase_completion_handoff_task_attempts=1483 stage2_phase_completion_handoff_elapsed_ms=0.630668 avg_stage2_phase_completion_handoff_us_per_task=0.425265 stage2_phase_finalize_attempts=187 stage2_phase_finalize_task_attempts=1483 stage2_phase_finalize_elapsed_ms=2.633190 avg_stage2_phase_finalize_us_per_task=1.775583 maintenance_worker_idle_waits=54592 maintenance_worker_idle_ms=86898.208870 maintenance_lost_wake_avoided=7143 maintenance_targeted_wakes=90970 maintenance_generic_wakes=2463 maintenance_broadcast_wakes=0 maintenance_context_slots_scanned=551152 maintenance_ready_notifications=41007 maintenance_ready_stale_notifications=6 maintenance_ready_tickets_drained=34732 maintenance_ready_overflow_scans=0 maintenance_ready_fallback_scans=34596 stage2_search_lane_lease_limit=32 stage2_search_lane_lease_peak=24 stage2_search_lane_lease_blocked=0 maintenance_worker_observed_idle_ratio=0.722985 maintenance_worker_observed_busy_ratio=0.277015 physical_stage1_items=4297 physical_stage1_total_ns=19037787477 physical_stage1_search_ns=17303469458 physical_stage1_prune_ns=1248962338 physical_stage1_allocate_write_ns=357989148 physical_stage1_backlink_ns=78431122 physical_stage1_candidates=549988 physical_stage1_remote_frontier_items=2779963 physical_stage1_neighbors=164401 peer_stage1_enqueued=3973 peer_stage1_processed=3954 peer_stage1_items=6820 avg_peer_stage1_items=1.724836 peer_stage1_rate_per_sec=453.934103 peer_stage1_max_queue=43 peer_stage1_active_workers=3 peer_stage2_home_enqueued=9929 peer_stage2_home_processed=9929 peer_stage2_home_items=942633 avg_peer_stage2_home_items=94.937355 peer_stage2_home_max_queue=16 peer_stage2_home_response_queue_drops=0 peer_stage2_home_response_send_wait_ms=432.391937 avg_peer_stage2_home_queue_wait_us=129.987117 avg_peer_stage2_home_execution_us=105.862464 peer_stage1_release_deferred_batches=8 peer_stage1_release_deferred_items=16 peer_stage1_duplicate_retry_responses=0 peer_stage1_admission_retry_responses=0 peer_stage1_retry_response_drops=0 peer_stage1_admission_waiters=0 peer_stage1_admission_waiter_items=0 peer_stage1_admission_owned_items=0 peer_stage1_admission_wake_coverage=0 peer_stage1_admission_parked=0 peer_stage1_admission_woken=0 peer_stage1_admission_reparked=0 peer_stage1_max_admission_waiters=0 peer_stage1_duplicate_coalesced=1 peer_reverse_enqueued=735 peer_reverse_processed=733 peer_reverse_remaining=2 peer_reverse_items_enqueued=10247 peer_reverse_items_processed=10240 peer_reverse_rate_per_sec=681.566747 peer_reverse_failed=0 peer_reverse_max_queue=11 reclaim_pending=39 reclaim_reused=226 dynamic_high_watermark=26340220112 stage2_remaining=2539 cleanup_remaining=0 active_contexts=32 active_context_limit=32 repair_remaining=0 remaining=2795
[STATUS]: storage-owner maintenance observation: enqueued=7137 stage2_enqueued=7137 cleanup_enqueued=0 stage2_tasks_done=2531 stage2_finalized_live=2531 cleanup_processed=0 stale=0 stage2_completion_ratio=0.354631 live_stage2_completion_ratio=0.354631 avg_stage2_delay_ms=4323.094969 p99_stage2_delay_upper_ms=16000.000000 p99_stage2_delay_over_30s=false stage2_delay_histogram=0,0,0,0,0,0,7,7,33,47,143,284,578,400,948,84,0,0 max_stage2_delay_ms=8355.532712 compaction_batch_target=32 compaction_max_delay_ms=25.000000 stage2_rate_per_sec=126.396453 stage1_search_budget_exhausted=0 stage2_search_budget_exhausted=0 stage2_continuations=2787 stage2_remote_frontier_items=1808786 avg_stage2_remote_frontier=649.008253 stage2_remote_expansions=73284 avg_stage2_remote_expansions=26.294941 stage2_scored_candidates=3853193 avg_stage2_scored_candidates=1382.559383 stage2_graph_read_waves=19070 avg_stage2_expansions_per_graph_wave=3.842895 stage2_graph_unique_reads=80477 stage2_graph_prefetch_issued=53734 stage2_graph_prefetch_hits=49916 stage2_graph_prefetch_wasted=3057 stage2_graph_prefetch_promotion_ratio=0.942291 stage2_graph_issue_width_current=16 stage2_vector_read_waves=28422 avg_stage2_scores_per_vector_wave=135.570790 stage2_vector_unique_reads=2055284 stage2_home_rpc_batches=24288 stage2_home_rpc_items=1827872 avg_stage2_home_rpc_batch=75.258235 stage2_home_score_rpc_batches=7093 stage2_home_score_rpc_items=1747412 stage2_home_score_rpc_queries=32139 stage2_home_score_rpc_request_bytes=54705832 stage2_home_score_rpc_response_bytes=56211784 avg_stage2_home_score_queries_per_rpc=4.531087 avg_stage2_home_score_rpc_batch=246.357254 stage2_home_scored_neighbors=3545748 home_scores_per_expansion=1.939823 stage2_migrations=452 home_match_rate=0.821414 stage2_final_edges=102317 stage2_cross_edges_stage1_home=22070 stage2_cross_edges_final_home=12036 cross_edge_reduction_ratio=0.454644 failed=0 rpc_timeouts=0 reverse_aggregate_batches=0 reverse_aggregate_logical_requests=0 reverse_aggregate_ops=0 avg_reverse_aggregate_logicals=0.000000 avg_reverse_aggregate_ops=0.000000 max_backlog=4351 admission_window=65536 completion_outstanding=4782 completion_incomplete=4606 completed_behind_hole=176 completion_logical_full_failures=0 completion_physical_full_failures=0 pressure_yields=99742 stage2_batches=350 avg_stage2_batch_size=7.962857 packing_target_batch=8 packing_admit_queue_avg=1926.297143 packing_admit_queue_max=4351 packing_batch_1_7=6 packing_batch_8=344 packing_assembly_batches=350 packing_assembly_wait_ms=1222441.371748 packing_arrival_interval_us=2340 packing_waited_batches=6 packing_wait_ms=88.732000 packing_target_flushes=344 packing_deadline_flushes=6 packing_cleanup_flushes=0 stage2_phase_search_attempts=321 stage2_phase_search_task_attempts=2555 stage2_phase_search_elapsed_ms=297931.592614 avg_stage2_phase_search_us_per_task=116607.276953 stage2_phase_freeze_prune_attempts=377 stage2_phase_freeze_prune_task_attempts=3003 stage2_phase_freeze_prune_elapsed_ms=21033.804695 avg_stage2_phase_freeze_prune_us_per_task=7004.263968 stage2_phase_reverse_prepare_attempts=318 stage2_phase_reverse_prepare_task_attempts=2531 stage2_phase_reverse_prepare_elapsed_ms=47975.867463 avg_stage2_phase_reverse_prepare_us_per_task=18955.301250 stage2_phase_placement_authority_attempts=318 stage2_phase_placement_authority_task_attempts=2531 stage2_phase_placement_authority_elapsed_ms=17594.106456 avg_stage2_phase_placement_authority_us_per_task=6951.444669 stage2_phase_completion_handoff_attempts=318 stage2_phase_completion_handoff_task_attempts=2531 stage2_phase_completion_handoff_elapsed_ms=1.001799 avg_stage2_phase_completion_handoff_us_per_task=0.395812 stage2_phase_finalize_attempts=318 stage2_phase_finalize_task_attempts=2531 stage2_phase_finalize_elapsed_ms=4.487759 avg_stage2_phase_finalize_us_per_task=1.773117 maintenance_worker_idle_waits=83968 maintenance_worker_idle_ms=104581.806553 maintenance_lost_wake_avoided=11188 maintenance_targeted_wakes=146008 maintenance_generic_wakes=4098 maintenance_broadcast_wakes=0 maintenance_context_slots_scanned=817664 maintenance_ready_notifications=67381 maintenance_ready_stale_notifications=10 maintenance_ready_tickets_drained=56492 maintenance_ready_overflow_scans=0 maintenance_ready_fallback_scans=51200 stage2_search_lane_lease_limit=32 stage2_search_lane_lease_peak=24 stage2_search_lane_lease_blocked=0 maintenance_worker_observed_idle_ratio=0.652843 maintenance_worker_observed_busy_ratio=0.347157 physical_stage1_items=7152 physical_stage1_total_ns=31642947832 physical_stage1_search_ns=28764950245 physical_stage1_prune_ns=2071669192 physical_stage1_allocate_write_ns=598680918 physical_stage1_backlink_ns=127358107 physical_stage1_candidates=915373 physical_stage1_remote_frontier_items=4657171 physical_stage1_neighbors=274225 peer_stage1_enqueued=6538 peer_stage1_processed=6522 peer_stage1_items=11373 avg_peer_stage1_items=1.743790 peer_stage1_rate_per_sec=567.960040 peer_stage1_max_queue=45 peer_stage1_active_workers=3 peer_stage2_home_enqueued=16245 peer_stage2_home_processed=16245 peer_stage2_home_items=1547432 avg_peer_stage2_home_items=95.255894 peer_stage2_home_max_queue=16 peer_stage2_home_response_queue_drops=0 peer_stage2_home_response_send_wait_ms=705.426811 avg_peer_stage2_home_queue_wait_us=130.716813 avg_peer_stage2_home_execution_us=105.830872 peer_stage1_release_deferred_batches=10 peer_stage1_release_deferred_items=19 peer_stage1_duplicate_retry_responses=0 peer_stage1_admission_retry_responses=0 peer_stage1_retry_response_drops=0 peer_stage1_admission_waiters=0 peer_stage1_admission_waiter_items=0 peer_stage1_admission_owned_items=0 peer_stage1_admission_wake_coverage=0 peer_stage1_admission_parked=0 peer_stage1_admission_woken=0 peer_stage1_admission_reparked=0 peer_stage1_max_admission_waiters=0 peer_stage1_duplicate_coalesced=2 peer_reverse_enqueued=1220 peer_reverse_processed=1219 peer_reverse_remaining=1 peer_reverse_items_enqueued=17319 peer_reverse_items_processed=17278 peer_reverse_rate_per_sec=862.851804 peer_reverse_failed=0 peer_reverse_max_queue=12 reclaim_pending=26 reclaim_reused=426 dynamic_high_watermark=26343829472 stage2_remaining=4350 cleanup_remaining=0 active_contexts=32 active_context_limit=32 repair_remaining=0 remaining=4606
[STATUS]: storage-owner maintenance observation: enqueued=8311 stage2_enqueued=8311 cleanup_enqueued=0 stage2_tasks_done=7563 stage2_finalized_live=7563 cleanup_processed=0 stale=0 stage2_completion_ratio=0.909999 live_stage2_completion_ratio=0.909999 avg_stage2_delay_ms=6147.805417 p99_stage2_delay_upper_ms=16000.000000 p99_stage2_delay_over_30s=false stage2_delay_histogram=0,0,0,0,0,0,7,7,33,47,143,284,593,945,3713,1791,0,0 max_stage2_delay_ms=9941.755233 compaction_batch_target=32 compaction_max_delay_ms=25.000000 stage2_rate_per_sec=302.226157 stage1_search_budget_exhausted=0 stage2_search_budget_exhausted=0 stage2_continuations=7819 stage2_remote_frontier_items=5110722 avg_stage2_remote_frontier=653.628597 stage2_remote_expansions=223311 avg_stage2_remote_expansions=28.560046 stage2_scored_candidates=11345615 avg_stage2_scored_candidates=1451.031462 stage2_graph_read_waves=57402 avg_stage2_expansions_per_graph_wave=3.890300 stage2_graph_unique_reads=236538 stage2_graph_prefetch_issued=156858 stage2_graph_prefetch_hits=146830 stage2_graph_prefetch_wasted=9582 stage2_graph_prefetch_promotion_ratio=0.938739 stage2_graph_issue_width_current=16 stage2_vector_read_waves=84707 avg_stage2_scores_per_vector_wave=133.939521 stage2_vector_unique_reads=5908404 stage2_home_rpc_batches=75636 stage2_home_rpc_items=5223031 avg_stage2_home_rpc_batch=69.054828 stage2_home_score_rpc_batches=20425 stage2_home_score_rpc_items=4986493 stage2_home_score_rpc_queries=92366 stage2_home_score_rpc_request_bytes=156396920 stage2_home_score_rpc_response_bytes=160422216 avg_stage2_home_score_queries_per_rpc=4.522203 avg_stage2_home_score_rpc_batch=244.136744 stage2_home_scored_neighbors=10423618 home_scores_per_expansion=1.995703 stage2_migrations=1370 home_match_rate=0.818855 stage2_final_edges=305938 stage2_cross_edges_stage1_home=67980 stage2_cross_edges_final_home=36922 cross_edge_reduction_ratio=0.456870 failed=0 rpc_timeouts=0 reverse_aggregate_batches=0 reverse_aggregate_logical_requests=0 reverse_aggregate_ops=0 avg_reverse_aggregate_logicals=0.000000 avg_reverse_aggregate_ops=0.000000 max_backlog=5059 admission_window=65536 completion_outstanding=868 completion_incomplete=748 completed_behind_hole=120 completion_logical_full_failures=0 completion_physical_full_failures=0 pressure_yields=203538 stage2_batches=979 avg_stage2_batch_size=7.986721 packing_target_batch=8 packing_admit_queue_avg=2593.959142 packing_admit_queue_max=5059 packing_batch_1_7=6 packing_batch_8=973 packing_assembly_batches=979 packing_assembly_wait_ms=5388498.173194 packing_arrival_interval_us=2846 packing_waited_batches=6 packing_wait_ms=88.732000 packing_target_flushes=973 packing_deadline_flushes=6 packing_cleanup_flushes=0 stage2_phase_search_attempts=959 stage2_phase_search_task_attempts=7659 stage2_phase_search_elapsed_ms=433647.693425 avg_stage2_phase_search_us_per_task=56619.361983 stage2_phase_freeze_prune_attempts=1933 stage2_phase_freeze_prune_task_attempts=15451 stage2_phase_freeze_prune_elapsed_ms=28582.323312 avg_stage2_phase_freeze_prune_us_per_task=1849.868831 stage2_phase_reverse_prepare_attempts=947 stage2_phase_reverse_prepare_task_attempts=7563 stage2_phase_reverse_prepare_elapsed_ms=70428.610804 avg_stage2_phase_reverse_prepare_us_per_task=9312.258469 stage2_phase_placement_authority_attempts=947 stage2_phase_placement_authority_task_attempts=7563 stage2_phase_placement_authority_elapsed_ms=23177.122945 avg_stage2_phase_placement_authority_us_per_task=3064.540916 stage2_phase_completion_handoff_attempts=947 stage2_phase_completion_handoff_task_attempts=7563 stage2_phase_completion_handoff_elapsed_ms=2.005677 avg_stage2_phase_completion_handoff_us_per_task=0.265196 stage2_phase_finalize_attempts=947 stage2_phase_finalize_task_attempts=7563 stage2_phase_finalize_elapsed_ms=10.377003 avg_stage2_phase_finalize_us_per_task=1.372075 maintenance_worker_idle_waits=153792 maintenance_worker_idle_ms=116480.716098 maintenance_lost_wake_avoided=27030 maintenance_targeted_wakes=432026 maintenance_generic_wakes=4791 maintenance_broadcast_wakes=0 maintenance_context_slots_scanned=1570256 maintenance_ready_notifications=211267 maintenance_ready_stale_notifications=12 maintenance_ready_tickets_drained=163297 maintenance_ready_overflow_scans=0 maintenance_ready_fallback_scans=98399 stage2_search_lane_lease_limit=32 stage2_search_lane_lease_peak=24 stage2_search_lane_lease_blocked=0 maintenance_worker_observed_idle_ratio=0.581838 maintenance_worker_observed_busy_ratio=0.418162 physical_stage1_items=8311 physical_stage1_total_ns=36711465562 physical_stage1_search_ns=33367895755 physical_stage1_prune_ns=2410920379 physical_stage1_allocate_write_ns=691787032 physical_stage1_backlink_ns=147371712 physical_stage1_candidates=1063694 physical_stage1_remote_frontier_items=5436077 physical_stage1_neighbors=318795 peer_stage1_enqueued=7634 peer_stage1_processed=7634 peer_stage1_items=13224 avg_peer_stage1_items=1.732250 peer_stage1_rate_per_sec=528.446211 peer_stage1_max_queue=45 peer_stage1_active_workers=0 peer_stage2_home_enqueued=37876 peer_stage2_home_processed=37876 peer_stage2_home_items=3494885 avg_peer_stage2_home_items=92.271755 peer_stage2_home_max_queue=16 peer_stage2_home_response_queue_drops=0 peer_stage2_home_response_send_wait_ms=970.049365 avg_peer_stage2_home_queue_wait_us=72.786309 avg_peer_stage2_home_execution_us=118.428673 peer_stage1_release_deferred_batches=12 peer_stage1_release_deferred_items=21 peer_stage1_duplicate_retry_responses=0 peer_stage1_admission_retry_responses=0 peer_stage1_retry_response_drops=0 peer_stage1_admission_waiters=0 peer_stage1_admission_waiter_items=0 peer_stage1_admission_owned_items=0 peer_stage1_admission_wake_coverage=0 peer_stage1_admission_parked=0 peer_stage1_admission_woken=0 peer_stage1_admission_reparked=0 peer_stage1_max_admission_waiters=0 peer_stage1_duplicate_coalesced=4 peer_reverse_enqueued=2999 peer_reverse_processed=2999 peer_reverse_remaining=0 peer_reverse_items_enqueued=42854 peer_reverse_items_processed=42854 peer_reverse_rate_per_sec=1712.495004 peer_reverse_failed=2 peer_reverse_max_queue=13 reclaim_pending=482 reclaim_reused=888 dynamic_high_watermark=26345315984 stage2_remaining=492 cleanup_remaining=0 active_contexts=32 active_context_limit=32 repair_remaining=0 remaining=748
[STATUS]: storage-owner maintenance observation: enqueued=10865 stage2_enqueued=10865 cleanup_enqueued=0 stage2_tasks_done=8997 stage2_finalized_live=8997 cleanup_processed=0 stale=0 stage2_completion_ratio=0.828072 live_stage2_completion_ratio=0.828072 avg_stage2_delay_ms=5594.148749 p99_stage2_delay_upper_ms=16000.000000 p99_stage2_delay_over_30s=false stage2_delay_histogram=0,0,0,0,0,0,7,16,72,94,233,561,1396,1114,3713,1791,0,0 max_stage2_delay_ms=9941.755233 compaction_batch_target=32 compaction_max_delay_ms=25.000000 stage2_rate_per_sec=299.653228 stage1_search_budget_exhausted=0 stage2_search_budget_exhausted=0 stage2_continuations=9253 stage2_remote_frontier_items=6037525 avg_stage2_remote_frontier=652.493786 stage2_remote_expansions=263157 avg_stage2_remote_expansions=28.440182 stage2_scored_candidates=13354104 avg_stage2_scored_candidates=1443.218848 stage2_graph_read_waves=67902 avg_stage2_expansions_per_graph_wave=3.875541 stage2_graph_unique_reads=278308 stage2_graph_prefetch_issued=184535 stage2_graph_prefetch_hits=172704 stage2_graph_prefetch_wasted=11263 stage2_graph_prefetch_promotion_ratio=0.938777 stage2_graph_issue_width_current=16 stage2_vector_read_waves=100512 avg_stage2_scores_per_vector_wave=132.860793 stage2_vector_unique_reads=6976630 stage2_home_rpc_batches=88714 stage2_home_rpc_items=6165775 avg_stage2_home_rpc_batch=69.501713 stage2_home_score_rpc_batches=24190 stage2_home_score_rpc_items=5887473 stage2_home_score_rpc_queries=109292 stage2_home_score_rpc_request_bytes=184821928 stage2_home_score_rpc_response_bytes=189418736 avg_stage2_home_score_queries_per_rpc=4.518065 avg_stage2_home_score_rpc_batch=243.384580 stage2_home_scored_neighbors=12264703 home_scores_per_expansion=1.989158 stage2_migrations=1618 home_match_rate=0.820162 stage2_final_edges=363471 stage2_cross_edges_stage1_home=80541 stage2_cross_edges_final_home=44205 cross_edge_reduction_ratio=0.451149 failed=0 rpc_timeouts=0 reverse_aggregate_batches=0 reverse_aggregate_logical_requests=0 reverse_aggregate_ops=0 avg_reverse_aggregate_logicals=0.000000 avg_reverse_aggregate_ops=0.000000 max_backlog=5059 admission_window=65536 completion_outstanding=2036 completion_incomplete=1868 completed_behind_hole=168 completion_logical_full_failures=0 completion_physical_full_failures=0 pressure_yields=243747 stage2_batches=1161 avg_stage2_batch_size=7.969854 packing_target_batch=8 packing_admit_queue_avg=2248.937984 packing_admit_queue_max=5059 packing_batch_1_7=13 packing_batch_8=1148 packing_assembly_batches=1161 packing_assembly_wait_ms=5698484.022054 packing_arrival_interval_us=2091 packing_waited_batches=13 packing_wait_ms=207.189000 packing_target_flushes=1148 packing_deadline_flushes=13 packing_cleanup_flushes=0 stage2_phase_search_attempts=1139 stage2_phase_search_task_attempts=9077 stage2_phase_search_elapsed_ms=529171.978127 avg_stage2_phase_search_us_per_task=58298.113708 stage2_phase_freeze_prune_attempts=2336 stage2_phase_freeze_prune_task_attempts=18649 stage2_phase_freeze_prune_elapsed_ms=35754.878357 avg_stage2_phase_freeze_prune_us_per_task=1917.254456 stage2_phase_reverse_prepare_attempts=1130 stage2_phase_reverse_prepare_task_attempts=9005 stage2_phase_reverse_prepare_elapsed_ms=85943.430859 avg_stage2_phase_reverse_prepare_us_per_task=9543.967891 stage2_phase_placement_authority_attempts=1129 stage2_phase_placement_authority_task_attempts=8997 stage2_phase_placement_authority_elapsed_ms=26877.572624 avg_stage2_phase_placement_authority_us_per_task=2987.392756 stage2_phase_completion_handoff_attempts=1129 stage2_phase_completion_handoff_task_attempts=8997 stage2_phase_completion_handoff_elapsed_ms=2.362920 avg_stage2_phase_completion_handoff_us_per_task=0.262634 stage2_phase_finalize_attempts=1129 stage2_phase_finalize_task_attempts=8997 stage2_phase_finalize_elapsed_ms=12.253487 avg_stage2_phase_finalize_us_per_task=1.361953 maintenance_worker_idle_waits=186432 maintenance_worker_idle_ms=137290.412548 maintenance_lost_wake_avoided=32103 maintenance_targeted_wakes=514432 maintenance_generic_wakes=6202 maintenance_broadcast_wakes=0 maintenance_context_slots_scanned=1905680 maintenance_ready_notifications=250428 maintenance_ready_stale_notifications=16 maintenance_ready_tickets_drained=193405 maintenance_ready_overflow_scans=0 maintenance_ready_fallback_scans=119284 stage2_search_lane_lease_limit=32 stage2_search_lane_lease_peak=24 stage2_search_lane_lease_blocked=0 maintenance_worker_observed_idle_ratio=0.571573 maintenance_worker_observed_busy_ratio=0.428427 physical_stage1_items=10876 physical_stage1_total_ns=47852279712 physical_stage1_search_ns=43502603503 physical_stage1_prune_ns=3151570553 physical_stage1_allocate_write_ns=880840039 physical_stage1_backlink_ns=194959434 physical_stage1_candidates=1391998 physical_stage1_remote_frontier_items=7106766 physical_stage1_neighbors=418080 peer_stage1_enqueued=9886 peer_stage1_processed=9874 peer_stage1_items=17335 avg_peer_stage1_items=1.755621 peer_stage1_rate_per_sec=577.357865 peer_stage1_max_queue=45 peer_stage1_active_workers=3 peer_stage2_home_enqueued=44079 peer_stage2_home_processed=44079 peer_stage2_home_items=4104999 avg_peer_stage2_home_items=93.128224 peer_stage2_home_max_queue=20 peer_stage2_home_response_queue_drops=0 peer_stage2_home_response_send_wait_ms=1299.259488 avg_peer_stage2_home_queue_wait_us=87.381073 avg_peer_stage2_home_execution_us=116.332002 peer_stage1_release_deferred_batches=14 peer_stage1_release_deferred_items=23 peer_stage1_duplicate_retry_responses=0 peer_stage1_admission_retry_responses=0 peer_stage1_retry_response_drops=0 peer_stage1_admission_waiters=0 peer_stage1_admission_waiter_items=0 peer_stage1_admission_owned_items=0 peer_stage1_admission_wake_coverage=0 peer_stage1_admission_parked=0 peer_stage1_admission_woken=0 peer_stage1_admission_reparked=0 peer_stage1_max_admission_waiters=0 peer_stage1_duplicate_coalesced=4 peer_reverse_enqueued=3445 peer_reverse_processed=3441 peer_reverse_remaining=4 peer_reverse_items_enqueued=48828 peer_reverse_items_processed=48796 peer_reverse_rate_per_sec=1625.194944 peer_reverse_failed=2 peer_reverse_max_queue=23 reclaim_pending=11 reclaim_reused=1607 dynamic_high_watermark=26347843184 stage2_remaining=1612 cleanup_remaining=0 active_contexts=32 active_context_limit=32 repair_remaining=0 remaining=1868
[STATUS]: storage-owner maintenance observation: enqueued=13730 stage2_enqueued=13730 cleanup_enqueued=0 stage2_tasks_done=10093 stage2_finalized_live=10093 cleanup_processed=0 stale=0 stage2_completion_ratio=0.735106 live_stage2_completion_ratio=0.735106 avg_stage2_delay_ms=5532.955388 p99_stage2_delay_upper_ms=16000.000000 p99_stage2_delay_over_30s=false stage2_delay_histogram=0,0,0,0,0,0,7,16,72,94,233,561,1580,1442,4297,1791,0,0 max_stage2_delay_ms=9941.755233 compaction_batch_target=32 compaction_max_delay_ms=25.000000 stage2_rate_per_sec=288.167630 stage1_search_budget_exhausted=0 stage2_search_budget_exhausted=0 stage2_continuations=10341 stage2_remote_frontier_items=6747770 avg_stage2_remote_frontier=652.525868 stage2_remote_expansions=294051 avg_stage2_remote_expansions=28.435451 stage2_scored_candidates=14828349 avg_stage2_scored_candidates=1433.937627 stage2_graph_read_waves=75611 avg_stage2_expansions_per_graph_wave=3.888998 stage2_graph_unique_reads=308560 stage2_graph_prefetch_issued=204611 stage2_graph_prefetch_hits=191550 stage2_graph_prefetch_wasted=12610 stage2_graph_prefetch_promotion_ratio=0.938235 stage2_graph_issue_width_current=16 stage2_vector_read_waves=112744 avg_stage2_scores_per_vector_wave=131.522289 stage2_vector_unique_reads=7784873 stage2_home_rpc_batches=98616 stage2_home_rpc_items=6878939 avg_stage2_home_rpc_batch=69.754796 stage2_home_score_rpc_batches=27024 stage2_home_score_rpc_items=6570379 stage2_home_score_rpc_queries=121898 stage2_home_score_rpc_request_bytes=206251272 stage2_home_score_rpc_response_bytes=211392384 avg_stage2_home_score_queries_per_rpc=4.510731 avg_stage2_home_score_rpc_batch=243.131254 stage2_home_scored_neighbors=13613566 home_scores_per_expansion=1.979021 stage2_migrations=1802 home_match_rate=0.821460 stage2_final_edges=407517 stage2_cross_edges_stage1_home=90037 stage2_cross_edges_final_home=49603 cross_edge_reduction_ratio=0.449082 failed=0 rpc_timeouts=0 reverse_aggregate_batches=0 reverse_aggregate_logical_requests=0 reverse_aggregate_ops=0 avg_reverse_aggregate_logicals=0.000000 avg_reverse_aggregate_ops=0.000000 max_backlog=5059 admission_window=65536 completion_outstanding=3797 completion_incomplete=3637 completed_behind_hole=160 completion_logical_full_failures=0 completion_physical_full_failures=0 pressure_yields=282781 stage2_batches=1297 avg_stage2_batch_size=7.973015 packing_target_batch=8 packing_admit_queue_avg=2281.785659 packing_admit_queue_max=5059 packing_batch_1_7=13 packing_batch_8=1284 packing_assembly_batches=1297 packing_assembly_wait_ms=6318509.625505 packing_arrival_interval_us=1925 packing_waited_batches=13 packing_wait_ms=207.189000 packing_target_flushes=1284 packing_deadline_flushes=13 packing_cleanup_flushes=0 stage2_phase_search_attempts=1273 stage2_phase_search_task_attempts=10149 stage2_phase_search_elapsed_ms=664430.904567 avg_stage2_phase_search_us_per_task=65467.622876 stage2_phase_freeze_prune_attempts=2531 stage2_phase_freeze_prune_task_attempts=20209 stage2_phase_freeze_prune_elapsed_ms=43974.675029 avg_stage2_phase_freeze_prune_us_per_task=2175.994608 stage2_phase_reverse_prepare_attempts=1267 stage2_phase_reverse_prepare_task_attempts=10101 stage2_phase_reverse_prepare_elapsed_ms=112302.859006 avg_stage2_phase_reverse_prepare_us_per_task=11117.994160 stage2_phase_placement_authority_attempts=1266 stage2_phase_placement_authority_task_attempts=10093 stage2_phase_placement_authority_elapsed_ms=34651.574586 avg_stage2_phase_placement_authority_us_per_task=3433.228434 stage2_phase_completion_handoff_attempts=1266 stage2_phase_completion_handoff_task_attempts=10093 stage2_phase_completion_handoff_elapsed_ms=2.781055 avg_stage2_phase_completion_handoff_us_per_task=0.275543 stage2_phase_finalize_attempts=1266 stage2_phase_finalize_task_attempts=10093 stage2_phase_finalize_elapsed_ms=14.167578 avg_stage2_phase_finalize_us_per_task=1.403703 maintenance_worker_idle_waits=215424 maintenance_worker_idle_ms=154163.762714 maintenance_lost_wake_avoided=35390 maintenance_targeted_wakes=568973 maintenance_generic_wakes=7866 maintenance_broadcast_wakes=0 maintenance_context_slots_scanned=2145504 maintenance_ready_notifications=278976 maintenance_ready_stale_notifications=19 maintenance_ready_tickets_drained=216683 maintenance_ready_overflow_scans=0 maintenance_ready_fallback_scans=134195 stage2_search_lane_lease_limit=32 stage2_search_lane_lease_peak=24 stage2_search_lane_lease_blocked=0 maintenance_worker_observed_idle_ratio=0.550196 maintenance_worker_observed_busy_ratio=0.449804 physical_stage1_items=13746 physical_stage1_total_ns=60447977197 physical_stage1_search_ns=54958606118 physical_stage1_prune_ns=3971832188 physical_stage1_allocate_write_ns=1119527430 physical_stage1_backlink_ns=243459490 physical_stage1_candidates=1759309 physical_stage1_remote_frontier_items=8999291 physical_stage1_neighbors=529488 peer_stage1_enqueued=12570 peer_stage1_processed=12567 peer_stage1_items=21985 avg_peer_stage1_items=1.749423 peer_stage1_rate_per_sec=627.698934 peer_stage1_max_queue=45 peer_stage1_active_workers=3 peer_stage2_home_enqueued=50243 peer_stage2_home_processed=50243 peer_stage2_home_items=4662793 avg_peer_stage2_home_items=92.804829 peer_stage2_home_max_queue=20 peer_stage2_home_response_queue_drops=0 peer_stage2_home_response_send_wait_ms=1450.263722 avg_peer_stage2_home_queue_wait_us=89.175210 avg_peer_stage2_home_execution_us=114.529287 peer_stage1_release_deferred_batches=15 peer_stage1_release_deferred_items=24 peer_stage1_duplicate_retry_responses=0 peer_stage1_admission_retry_responses=0 peer_stage1_retry_response_drops=0 peer_stage1_admission_waiters=0 peer_stage1_admission_waiter_items=0 peer_stage1_admission_owned_items=0 peer_stage1_admission_wake_coverage=0 peer_stage1_admission_parked=0 peer_stage1_admission_woken=0 peer_stage1_admission_reparked=0 peer_stage1_max_admission_waiters=0 peer_stage1_duplicate_coalesced=4 peer_reverse_enqueued=3933 peer_reverse_processed=3933 peer_reverse_remaining=0 peer_reverse_items_enqueued=55665 peer_reverse_items_processed=55665 peer_reverse_rate_per_sec=1589.304578 peer_reverse_failed=2 peer_reverse_max_queue=23 reclaim_pending=20 reclaim_reused=1782 dynamic_high_watermark=26351500496 stage2_remaining=3389 cleanup_remaining=0 active_contexts=31 active_context_limit=32 repair_remaining=0 remaining=3637
[STATUS]: storage-owner maintenance observation: enqueued=16567 stage2_enqueued=16567 cleanup_enqueued=0 stage2_tasks_done=11181 stage2_finalized_live=11181 cleanup_processed=0 stale=0 stage2_completion_ratio=0.674896 live_stage2_completion_ratio=0.674896 avg_stage2_delay_ms=5757.686740 p99_stage2_delay_upper_ms=16000.000000 p99_stage2_delay_over_30s=false stage2_delay_histogram=0,0,0,0,0,0,7,16,72,94,233,561,1580,1442,4937,2239,0,0 max_stage2_delay_ms=9941.755233 compaction_batch_target=32 compaction_max_delay_ms=25.000000 stage2_rate_per_sec=279.352109 stage1_search_budget_exhausted=0 stage2_search_budget_exhausted=0 stage2_continuations=11437 stage2_remote_frontier_items=7489593 avg_stage2_remote_frontier=654.856431 stage2_remote_expansions=323222 avg_stage2_remote_expansions=28.261082 stage2_scored_candidates=16458224 avg_stage2_scored_candidates=1439.033313 stage2_graph_read_waves=84659 avg_stage2_expansions_per_graph_wave=3.817928 stage2_graph_unique_reads=342313 stage2_graph_prefetch_issued=226340 stage2_graph_prefetch_hits=211621 stage2_graph_prefetch_wasted=13917 stage2_graph_prefetch_promotion_ratio=0.938294 stage2_graph_issue_width_current=16 stage2_vector_read_waves=125544 avg_stage2_scores_per_vector_wave=131.095265 stage2_vector_unique_reads=8659780 stage2_home_rpc_batches=110022 stage2_home_rpc_items=7645902 avg_stage2_home_rpc_batch=69.494301 stage2_home_score_rpc_batches=30076 stage2_home_score_rpc_items=7303593 stage2_home_score_rpc_queries=135579 stage2_home_score_rpc_request_bytes=229342568 stage2_home_score_rpc_response_bytes=234987928 avg_stage2_home_score_queries_per_rpc=4.507880 avg_stage2_home_score_rpc_batch=242.837911 stage2_home_scored_neighbors=15102793 home_scores_per_expansion=1.975279 stage2_migrations=1976 home_match_rate=0.823272 stage2_final_edges=452159 stage2_cross_edges_stage1_home=99246 stage2_cross_edges_final_home=54923 cross_edge_reduction_ratio=0.446597 failed=0 rpc_timeouts=0 reverse_aggregate_batches=0 reverse_aggregate_logical_requests=0 reverse_aggregate_ops=0 avg_reverse_aggregate_logicals=0.000000 avg_reverse_aggregate_ops=0.000000 max_backlog=5130 admission_window=65536 completion_outstanding=5642 completion_incomplete=5386 completed_behind_hole=256 completion_logical_full_failures=0 completion_physical_full_failures=0 pressure_yields=325357 stage2_batches=1434 avg_stage2_batch_size=7.975593 packing_target_batch=8 packing_admit_queue_avg=2467.027197 packing_admit_queue_max=5127 packing_batch_1_7=13 packing_batch_8=1421 packing_assembly_batches=1434 packing_assembly_wait_ms=7331983.924049 packing_arrival_interval_us=2028 packing_waited_batches=13 packing_wait_ms=207.189000 packing_target_flushes=1421 packing_deadline_flushes=13 packing_cleanup_flushes=0 stage2_phase_search_attempts=1404 stage2_phase_search_task_attempts=11197 stage2_phase_search_elapsed_ms=766364.925765 avg_stage2_phase_search_us_per_task=68443.772954 stage2_phase_freeze_prune_attempts=2725 stage2_phase_freeze_prune_task_attempts=21761 stage2_phase_freeze_prune_elapsed_ms=51830.124933 avg_stage2_phase_freeze_prune_us_per_task=2381.789667 stage2_phase_reverse_prepare_attempts=1402 stage2_phase_reverse_prepare_task_attempts=11181 stage2_phase_reverse_prepare_elapsed_ms=139246.798341 avg_stage2_phase_reverse_prepare_us_per_task=12453.876965 stage2_phase_placement_authority_attempts=1402 stage2_phase_placement_authority_task_attempts=11181 stage2_phase_placement_authority_elapsed_ms=41341.985269 avg_stage2_phase_placement_authority_us_per_task=3697.521265 stage2_phase_completion_handoff_attempts=1402 stage2_phase_completion_handoff_task_attempts=11181 stage2_phase_completion_handoff_elapsed_ms=3.206156 avg_stage2_phase_completion_handoff_us_per_task=0.286750 stage2_phase_finalize_attempts=1402 stage2_phase_finalize_task_attempts=11181 stage2_phase_finalize_elapsed_ms=16.082595 avg_stage2_phase_finalize_us_per_task=1.438386 maintenance_worker_idle_waits=247424 maintenance_worker_idle_ms=172576.053246 maintenance_lost_wake_avoided=39102 maintenance_targeted_wakes=626972 maintenance_generic_wakes=9459 maintenance_broadcast_wakes=0 maintenance_context_slots_scanned=2402016 maintenance_ready_notifications=309677 maintenance_ready_stale_notifications=21 maintenance_ready_tickets_drained=242330 maintenance_ready_overflow_scans=0 maintenance_ready_fallback_scans=150315 stage2_search_lane_lease_limit=32 stage2_search_lane_lease_peak=24 stage2_search_lane_lease_blocked=0 maintenance_worker_observed_idle_ratio=0.538967 maintenance_worker_observed_busy_ratio=0.461033 physical_stage1_items=16580 physical_stage1_total_ns=72637283726 physical_stage1_search_ns=66051980008 physical_stage1_prune_ns=4765957093 physical_stage1_allocate_write_ns=1338350466 physical_stage1_backlink_ns=295429405 physical_stage1_candidates=2121984 physical_stage1_remote_frontier_items=10811106 physical_stage1_neighbors=638156 peer_stage1_enqueued=15160 peer_stage1_processed=15159 peer_stage1_items=26520 avg_peer_stage1_items=1.749456 peer_stage1_rate_per_sec=662.589922 peer_stage1_max_queue=45 peer_stage1_active_workers=2 peer_stage2_home_enqueued=56102 peer_stage2_home_processed=56101 peer_stage2_home_items=5192137 avg_peer_stage2_home_items=92.549812 peer_stage2_home_max_queue=20 peer_stage2_home_response_queue_drops=0 peer_stage2_home_response_send_wait_ms=1567.225365 avg_peer_stage2_home_queue_wait_us=90.340717 avg_peer_stage2_home_execution_us=113.863486 peer_stage1_release_deferred_batches=20 peer_stage1_release_deferred_items=35 peer_stage1_duplicate_retry_responses=0 peer_stage1_admission_retry_responses=0 peer_stage1_retry_response_drops=0 peer_stage1_admission_waiters=0 peer_stage1_admission_waiter_items=0 peer_stage1_admission_owned_items=0 peer_stage1_admission_wake_coverage=0 peer_stage1_admission_parked=0 peer_stage1_admission_woken=0 peer_stage1_admission_reparked=0 peer_stage1_max_admission_waiters=0 peer_stage1_duplicate_coalesced=5 peer_reverse_enqueued=4395 peer_reverse_processed=4395 peer_reverse_remaining=0 peer_reverse_items_enqueued=62756 peer_reverse_items_processed=62756 peer_reverse_rate_per_sec=1567.929606 peer_reverse_failed=3 peer_reverse_max_queue=23 reclaim_pending=29 reclaim_reused=1947 dynamic_high_watermark=26355129296 stage2_remaining=5130 cleanup_remaining=0 active_contexts=32 active_context_limit=32 repair_remaining=0 remaining=5386
[STATUS]: storage-owner maintenance observation: enqueued=19409 stage2_enqueued=19409 cleanup_enqueued=0 stage2_tasks_done=12157 stage2_finalized_live=12157 cleanup_processed=0 stale=0 stage2_completion_ratio=0.626359 live_stage2_completion_ratio=0.626359 avg_stage2_delay_ms=6192.622088 p99_stage2_delay_upper_ms=16000.000000 p99_stage2_delay_over_30s=false stage2_delay_histogram=0,0,0,0,0,0,7,16,72,94,233,561,1580,1442,4937,3215,0,0 max_stage2_delay_ms=13187.773229 compaction_batch_target=32 compaction_max_delay_ms=25.000000 stage2_rate_per_sec=270.003582 stage1_search_budget_exhausted=0 stage2_search_budget_exhausted=0 stage2_continuations=12413 stage2_remote_frontier_items=8152777 avg_stage2_remote_frontier=656.793442 stage2_remote_expansions=356039 avg_stage2_remote_expansions=28.682752 stage2_scored_candidates=17980678 avg_stage2_scored_candidates=1448.536051 stage2_graph_read_waves=93246 avg_stage2_expansions_per_graph_wave=3.818276 stage2_graph_unique_reads=375423 stage2_graph_prefetch_issued=247194 stage2_graph_prefetch_hits=231014 stage2_graph_prefetch_wasted=15529 stage2_graph_prefetch_promotion_ratio=0.937013 stage2_graph_issue_width_current=16 stage2_vector_read_waves=137469 avg_stage2_scores_per_vector_wave=130.798056 stage2_vector_unique_reads=9429929 stage2_home_rpc_batches=120625 stage2_home_rpc_items=8328708 avg_stage2_home_rpc_batch=69.046284 stage2_home_score_rpc_batches=32767 stage2_home_score_rpc_items=7953286 stage2_home_score_rpc_queries=147735 stage2_home_score_rpc_request_bytes=249798504 stage2_home_score_rpc_response_bytes=255893176 avg_stage2_home_score_queries_per_rpc=4.508652 avg_stage2_home_score_rpc_batch=242.722434 stage2_home_scored_neighbors=16504782 home_scores_per_expansion=1.981674 stage2_migrations=2157 home_match_rate=0.822571 stage2_final_edges=492655 stage2_cross_edges_stage1_home=108487 stage2_cross_edges_final_home=59794 cross_edge_reduction_ratio=0.448837 failed=0 rpc_timeouts=0 reverse_aggregate_batches=0 reverse_aggregate_logical_requests=0 reverse_aggregate_ops=0 avg_reverse_aggregate_logicals=0.000000 avg_reverse_aggregate_ops=0.000000 max_backlog=7006 admission_window=65536 completion_outstanding=7444 completion_incomplete=7252 completed_behind_hole=192 completion_logical_full_failures=0 completion_physical_full_failures=0 pressure_yields=365003 stage2_batches=1556 avg_stage2_batch_size=7.977506 packing_target_batch=8 packing_admit_queue_avg=2748.060411 packing_admit_queue_max=7006 packing_batch_1_7=13 packing_batch_8=1543 packing_assembly_batches=1556 packing_assembly_wait_ms=8644095.298006 packing_arrival_interval_us=2594 packing_waited_batches=13 packing_wait_ms=207.189000 packing_target_flushes=1543 packing_deadline_flushes=13 packing_cleanup_flushes=0 stage2_phase_search_attempts=1534 stage2_phase_search_task_attempts=12237 stage2_phase_search_elapsed_ms=897542.519257 avg_stage2_phase_search_us_per_task=73346.614306 stage2_phase_freeze_prune_attempts=2901 stage2_phase_freeze_prune_task_attempts=23169 stage2_phase_freeze_prune_elapsed_ms=61477.067011 avg_stage2_phase_freeze_prune_us_per_task=2653.419095 stage2_phase_reverse_prepare_attempts=1526 stage2_phase_reverse_prepare_task_attempts=12173 stage2_phase_reverse_prepare_elapsed_ms=157701.820698 avg_stage2_phase_reverse_prepare_us_per_task=12955.049757 stage2_phase_placement_authority_attempts=1524 stage2_phase_placement_authority_task_attempts=12157 stage2_phase_placement_authority_elapsed_ms=48117.458887 avg_stage2_phase_placement_authority_us_per_task=3958.004350 stage2_phase_completion_handoff_attempts=1524 stage2_phase_completion_handoff_task_attempts=12157 stage2_phase_completion_handoff_elapsed_ms=3.576890 avg_stage2_phase_completion_handoff_us_per_task=0.294225 stage2_phase_finalize_attempts=1524 stage2_phase_finalize_task_attempts=12157 stage2_phase_finalize_elapsed_ms=17.887509 avg_stage2_phase_finalize_us_per_task=1.471375 maintenance_worker_idle_waits=277376 maintenance_worker_idle_ms=189715.759320 maintenance_lost_wake_avoided=42654 maintenance_targeted_wakes=682316 maintenance_generic_wakes=11088 maintenance_broadcast_wakes=0 maintenance_context_slots_scanned=2641440 maintenance_ready_notifications=339295 maintenance_ready_stale_notifications=26 maintenance_ready_tickets_drained=266764 maintenance_ready_overflow_scans=0 maintenance_ready_fallback_scans=165207 stage2_search_lane_lease_limit=32 stage2_search_lane_lease_peak=24 stage2_search_lane_lease_blocked=0 maintenance_worker_observed_idle_ratio=0.526692 maintenance_worker_observed_busy_ratio=0.473308 physical_stage1_items=19426 physical_stage1_total_ns=85130388788 physical_stage1_search_ns=77374610478 physical_stage1_prune_ns=5570732204 physical_stage1_allocate_write_ns=1623924730 physical_stage1_backlink_ns=344244309 physical_stage1_candidates=2486197 physical_stage1_remote_frontier_items=12636446 physical_stage1_neighbors=747643 peer_stage1_enqueued=17843 peer_stage1_processed=17839 peer_stage1_items=31094 avg_peer_stage1_items=1.743035 peer_stage1_rate_per_sec=690.589074 peer_stage1_max_queue=45 peer_stage1_active_workers=3 peer_stage2_home_enqueued=61834 peer_stage2_home_processed=61834 peer_stage2_home_items=5738819 avg_peer_stage2_home_items=92.810088 peer_stage2_home_max_queue=20 peer_stage2_home_response_queue_drops=0 peer_stage2_home_response_send_wait_ms=1774.643572 avg_peer_stage2_home_queue_wait_us=91.703481 avg_peer_stage2_home_execution_us=113.112543 peer_stage1_release_deferred_batches=25 peer_stage1_release_deferred_items=42 peer_stage1_duplicate_retry_responses=0 peer_stage1_admission_retry_responses=0 peer_stage1_retry_response_drops=0 peer_stage1_admission_waiters=0 peer_stage1_admission_waiter_items=0 peer_stage1_admission_owned_items=0 peer_stage1_admission_wake_coverage=0 peer_stage1_admission_parked=0 peer_stage1_admission_woken=0 peer_stage1_admission_reparked=0 peer_stage1_max_admission_waiters=0 peer_stage1_duplicate_coalesced=6 peer_reverse_enqueued=4837 peer_reverse_processed=4836 peer_reverse_remaining=1 peer_reverse_items_enqueued=69572 peer_reverse_items_processed=69496 peer_reverse_rate_per_sec=1543.486792 peer_reverse_failed=3 peer_reverse_max_queue=23 reclaim_pending=26 reclaim_reused=2131 dynamic_high_watermark=26358742544 stage2_remaining=6996 cleanup_remaining=0 active_contexts=32 active_context_limit=32 repair_remaining=0 remaining=7252
[STATUS]: storage-owner maintenance observation: enqueued=22240 stage2_enqueued=22240 cleanup_enqueued=0 stage2_tasks_done=13165 stage2_finalized_live=13165 cleanup_processed=0 stale=0 stage2_completion_ratio=0.591951 live_stage2_completion_ratio=0.591951 avg_stage2_delay_ms=6815.068392 p99_stage2_delay_upper_ms=16000.000000 p99_stage2_delay_over_30s=false stage2_delay_histogram=0,0,0,0,0,0,7,16,72,94,233,561,1580,1442,4937,4207,16,0 max_stage2_delay_ms=16303.473985 compaction_batch_target=32 compaction_max_delay_ms=25.000000 stage2_rate_per_sec=263.148663 stage1_search_budget_exhausted=0 stage2_search_budget_exhausted=0 stage2_continuations=13421 stage2_remote_frontier_items=8789428 avg_stage2_remote_frontier=654.901125 stage2_remote_expansions=384916 avg_stage2_remote_expansions=28.680128 stage2_scored_candidates=19409698 avg_stage2_scored_candidates=1446.218464 stage2_graph_read_waves=101092 avg_stage2_expansions_per_graph_wave=3.807581 stage2_graph_unique_reads=405814 stage2_graph_prefetch_issued=266494 stage2_graph_prefetch_hits=248964 stage2_graph_prefetch_wasted=16945 stage2_graph_prefetch_promotion_ratio=0.936275 stage2_graph_issue_width_current=16 stage2_vector_read_waves=148396 avg_stage2_scores_per_vector_wave=130.796639 stage2_vector_unique_reads=10169493 stage2_home_rpc_batches=130336 stage2_home_rpc_items=8985449 avg_stage2_home_rpc_batch=68.940653 stage2_home_score_rpc_batches=35376 stage2_home_score_rpc_items=8579635 stage2_home_score_rpc_queries=159501 stage2_home_score_rpc_request_bytes=269515904 stage2_home_score_rpc_response_bytes=276045984 avg_stage2_home_score_queries_per_rpc=4.508735 avg_stage2_home_score_rpc_batch=242.526996 stage2_home_scored_neighbors=17820730 home_scores_per_expansion=1.983288 stage2_migrations=2347 home_match_rate=0.821724 stage2_final_edges=534028 stage2_cross_edges_stage1_home=117544 stage2_cross_edges_final_home=64796 cross_edge_reduction_ratio=0.448751 failed=0 rpc_timeouts=0 reverse_aggregate_batches=0 reverse_aggregate_logical_requests=0 reverse_aggregate_ops=0 avg_reverse_aggregate_logicals=0.000000 avg_reverse_aggregate_ops=0.000000 max_backlog=8827 admission_window=65536 completion_outstanding=9299 completion_incomplete=9075 completed_behind_hole=224 completion_logical_full_failures=0 completion_physical_full_failures=0 pressure_yields=402210 stage2_batches=1682 avg_stage2_batch_size=7.979191 packing_target_batch=8 packing_admit_queue_avg=3130.293103 packing_admit_queue_max=8827 packing_batch_1_7=13 packing_batch_8=1669 packing_assembly_batches=1682 packing_assembly_wait_ms=10392071.949148 packing_arrival_interval_us=4610 packing_waited_batches=13 packing_wait_ms=207.189000 packing_target_flushes=1669 packing_deadline_flushes=13 packing_cleanup_flushes=0 stage2_phase_search_attempts=1659 stage2_phase_search_task_attempts=13237 stage2_phase_search_elapsed_ms=1020597.032104 avg_stage2_phase_search_us_per_task=77101.838189 stage2_phase_freeze_prune_attempts=3081 stage2_phase_freeze_prune_task_attempts=24609 stage2_phase_freeze_prune_elapsed_ms=71924.557433 avg_stage2_phase_freeze_prune_us_per_task=2922.693219 stage2_phase_reverse_prepare_attempts=1651 stage2_phase_reverse_prepare_task_attempts=13173 stage2_phase_reverse_prepare_elapsed_ms=173918.401618 avg_stage2_phase_reverse_prepare_us_per_task=13202.641890 stage2_phase_placement_authority_attempts=1650 stage2_phase_placement_authority_task_attempts=13165 stage2_phase_placement_authority_elapsed_ms=54430.029048 avg_stage2_phase_placement_authority_us_per_task=4134.449605 stage2_phase_completion_handoff_attempts=1650 stage2_phase_completion_handoff_task_attempts=13165 stage2_phase_completion_handoff_elapsed_ms=3.952454 avg_stage2_phase_completion_handoff_us_per_task=0.300224 stage2_phase_finalize_attempts=1650 stage2_phase_finalize_task_attempts=13165 stage2_phase_finalize_elapsed_ms=19.790861 avg_stage2_phase_finalize_us_per_task=1.503294 maintenance_worker_idle_waits=305792 maintenance_worker_idle_ms=206032.139992 maintenance_lost_wake_avoided=46056 maintenance_targeted_wakes=735440 maintenance_generic_wakes=12734 maintenance_broadcast_wakes=0 maintenance_context_slots_scanned=2877504 maintenance_ready_notifications=366760 maintenance_ready_stale_notifications=32 maintenance_ready_tickets_drained=289204 maintenance_ready_overflow_scans=0 maintenance_ready_fallback_scans=179931 stage2_search_lane_lease_limit=32 stage2_search_lane_lease_peak=24 stage2_search_lane_lease_blocked=0 maintenance_worker_observed_idle_ratio=0.514784 maintenance_worker_observed_busy_ratio=0.485216 physical_stage1_items=22254 physical_stage1_total_ns=97439097997 physical_stage1_search_ns=88538251458 physical_stage1_prune_ns=6396119661 physical_stage1_allocate_write_ns=1864370564 physical_stage1_backlink_ns=392483338 physical_stage1_candidates=2848049 physical_stage1_remote_frontier_items=14481287 physical_stage1_neighbors=856664 peer_stage1_enqueued=20501 peer_stage1_processed=20501 peer_stage1_items=35618 avg_peer_stage1_items=1.737379 peer_stage1_rate_per_sec=711.950557 peer_stage1_max_queue=45 peer_stage1_active_workers=0 peer_stage2_home_enqueued=67553 peer_stage2_home_processed=67553 peer_stage2_home_items=6270101 avg_peer_stage2_home_items=92.817506 peer_stage2_home_max_queue=20 peer_stage2_home_response_queue_drops=0 peer_stage2_home_response_send_wait_ms=1929.942199 avg_peer_stage2_home_queue_wait_us=93.211552 avg_peer_stage2_home_execution_us=112.534289 peer_stage1_release_deferred_batches=29 peer_stage1_release_deferred_items=46 peer_stage1_duplicate_retry_responses=0 peer_stage1_admission_retry_responses=0 peer_stage1_retry_response_drops=0 peer_stage1_admission_waiters=0 peer_stage1_admission_waiter_items=0 peer_stage1_admission_owned_items=0 peer_stage1_admission_wake_coverage=0 peer_stage1_admission_parked=0 peer_stage1_admission_woken=0 peer_stage1_admission_reparked=0 peer_stage1_max_admission_waiters=0 peer_stage1_duplicate_coalesced=6 peer_reverse_enqueued=5299 peer_reverse_processed=5298 peer_reverse_remaining=1 peer_reverse_items_enqueued=76446 peer_reverse_items_processed=76439 peer_reverse_rate_per_sec=1527.901303 peer_reverse_failed=3 peer_reverse_max_queue=23 reclaim_pending=28 reclaim_reused=2319 dynamic_high_watermark=26362315616 stage2_remaining=8819 cleanup_remaining=0 active_contexts=32 active_context_limit=32 repair_remaining=0 remaining=9075
[STATUS]: storage-owner maintenance observation: enqueued=25030 stage2_enqueued=25030 cleanup_enqueued=0 stage2_tasks_done=14253 stage2_finalized_live=14253 cleanup_processed=0 stale=0 stage2_completion_ratio=0.569437 live_stage2_completion_ratio=0.569437 avg_stage2_delay_ms=7626.943427 p99_stage2_delay_upper_ms=30000.000000 p99_stage2_delay_over_30s=false stage2_delay_histogram=0,0,0,0,0,0,7,16,72,94,233,561,1580,1442,4937,4266,1045,0 max_stage2_delay_ms=19283.399629 compaction_batch_target=32 compaction_max_delay_ms=25.000000 stage2_rate_per_sec=259.007569 stage1_search_budget_exhausted=0 stage2_search_budget_exhausted=0 stage2_continuations=14509 stage2_remote_frontier_items=9487699 avg_stage2_remote_frontier=653.918189 stage2_remote_expansions=415522 avg_stage2_remote_expansions=28.638914 stage2_scored_candidates=20964672 avg_stage2_scored_candidates=1444.942587 stage2_graph_read_waves=109347 avg_stage2_expansions_per_graph_wave=3.800031 stage2_graph_unique_reads=438332 stage2_graph_prefetch_issued=287873 stage2_graph_prefetch_hits=268880 stage2_graph_prefetch_wasted=18362 stage2_graph_prefetch_promotion_ratio=0.936075 stage2_graph_issue_width_current=16 stage2_vector_read_waves=160645 avg_stage2_scores_per_vector_wave=130.503109 stage2_vector_unique_reads=10981968 stage2_home_rpc_batches=140474 stage2_home_rpc_items=9701355 avg_stage2_home_rpc_batch=69.061570 stage2_home_score_rpc_batches=38239 stage2_home_score_rpc_items=9263023 stage2_home_score_rpc_queries=172161 stage2_home_score_rpc_request_bytes=291037896 stage2_home_score_rpc_response_bytes=298042592 avg_stage2_home_score_queries_per_rpc=4.502236 avg_stage2_home_score_rpc_batch=242.240200 stage2_home_scored_neighbors=19245311 home_scores_per_expansion=1.983776 stage2_migrations=2536 home_match_rate=0.822073 stage2_final_edges=578477 stage2_cross_edges_stage1_home=126960 stage2_cross_edges_final_home=70328 cross_edge_reduction_ratio=0.446062 failed=0 rpc_timeouts=0 reverse_aggregate_batches=0 reverse_aggregate_logical_requests=0 reverse_aggregate_ops=0 avg_reverse_aggregate_logicals=0.000000 avg_reverse_aggregate_ops=0.000000 max_backlog=10521 admission_window=65536 completion_outstanding=11009 completion_incomplete=10777 completed_behind_hole=232 completion_logical_full_failures=0 completion_physical_full_failures=0 pressure_yields=442076 stage2_batches=1818 avg_stage2_batch_size=7.980748 packing_target_batch=8 packing_admit_queue_avg=3615.978548 packing_admit_queue_max=10492 packing_batch_1_7=13 packing_batch_8=1805 packing_assembly_batches=1818 packing_assembly_wait_ms=12705928.726316 packing_arrival_interval_us=1787 packing_waited_batches=13 packing_wait_ms=207.189000 packing_target_flushes=1805 packing_deadline_flushes=13 packing_cleanup_flushes=0 stage2_phase_search_attempts=1794 stage2_phase_search_task_attempts=14317 stage2_phase_search_elapsed_ms=1146750.988467 avg_stage2_phase_search_us_per_task=80097.156420 stage2_phase_freeze_prune_attempts=3260 stage2_phase_freeze_prune_task_attempts=26041 stage2_phase_freeze_prune_elapsed_ms=80679.912235 avg_stage2_phase_freeze_prune_us_per_task=3098.187943 stage2_phase_reverse_prepare_attempts=1788 stage2_phase_reverse_prepare_task_attempts=14269 stage2_phase_reverse_prepare_elapsed_ms=194643.752450 avg_stage2_phase_reverse_prepare_us_per_task=13641.022668 stage2_phase_placement_authority_attempts=1786 stage2_phase_placement_authority_task_attempts=14253 stage2_phase_placement_authority_elapsed_ms=61414.168283 avg_stage2_phase_placement_authority_us_per_task=4308.859067 stage2_phase_completion_handoff_attempts=1786 stage2_phase_completion_handoff_task_attempts=14253 stage2_phase_completion_handoff_elapsed_ms=4.350848 avg_stage2_phase_completion_handoff_us_per_task=0.305258 stage2_phase_finalize_attempts=1786 stage2_phase_finalize_task_attempts=14253 stage2_phase_finalize_elapsed_ms=21.766239 avg_stage2_phase_finalize_us_per_task=1.527134 maintenance_worker_idle_waits=335744 maintenance_worker_idle_ms=223059.012831 maintenance_lost_wake_avoided=49659 maintenance_targeted_wakes=791744 maintenance_generic_wakes=14326 maintenance_broadcast_wakes=0 maintenance_context_slots_scanned=3131136 maintenance_ready_notifications=395764 maintenance_ready_stale_notifications=35 maintenance_ready_tickets_drained=313138 maintenance_ready_overflow_scans=0 maintenance_ready_fallback_scans=195797 stage2_search_lane_lease_limit=32 stage2_search_lane_lease_peak=24 stage2_search_lane_lease_blocked=0 maintenance_worker_observed_idle_ratio=0.506683 maintenance_worker_observed_busy_ratio=0.493317 physical_stage1_items=25047 physical_stage1_total_ns=109756630570 physical_stage1_search_ns=99726255472 physical_stage1_prune_ns=7193409484 physical_stage1_allocate_write_ns=2113230205 physical_stage1_backlink_ns=445076424 physical_stage1_candidates=3205437 physical_stage1_remote_frontier_items=16345945 physical_stage1_neighbors=965879 peer_stage1_enqueued=23117 peer_stage1_processed=23116 peer_stage1_items=40145 avg_peer_stage1_items=1.736676 peer_stage1_rate_per_sec=729.520722 peer_stage1_max_queue=45 peer_stage1_active_workers=2 peer_stage2_home_enqueued=73779 peer_stage2_home_processed=73778 peer_stage2_home_items=6861591 avg_peer_stage2_home_items=93.003212 peer_stage2_home_max_queue=20 peer_stage2_home_response_queue_drops=0 peer_stage2_home_response_send_wait_ms=2065.653590 avg_peer_stage2_home_queue_wait_us=94.612257 avg_peer_stage2_home_execution_us=111.874518 peer_stage1_release_deferred_batches=33 peer_stage1_release_deferred_items=50 peer_stage1_duplicate_retry_responses=0 peer_stage1_admission_retry_responses=0 peer_stage1_retry_response_drops=0 peer_stage1_admission_waiters=0 peer_stage1_admission_waiter_items=0 peer_stage1_admission_owned_items=0 peer_stage1_admission_wake_coverage=0 peer_stage1_admission_parked=0 peer_stage1_admission_woken=0 peer_stage1_admission_reparked=0 peer_stage1_max_admission_waiters=0 peer_stage1_duplicate_coalesced=6 peer_reverse_enqueued=5796 peer_reverse_processed=5796 peer_reverse_remaining=0 peer_reverse_items_enqueued=83356 peer_reverse_items_processed=83356 peer_reverse_rate_per_sec=1514.757237 peer_reverse_failed=3 peer_reverse_max_queue=23 reclaim_pending=34 reclaim_reused=2502 dynamic_high_watermark=26365848512 stage2_remaining=10521 cleanup_remaining=0 active_contexts=32 active_context_limit=32 repair_remaining=0 remaining=10777
[STATUS]: storage-owner maintenance observation: enqueued=27861 stage2_enqueued=27861 cleanup_enqueued=0 stage2_tasks_done=15237 stage2_finalized_live=15237 cleanup_processed=0 stale=0 stage2_completion_ratio=0.546894 live_stage2_completion_ratio=0.546894 avg_stage2_delay_ms=8466.315963 p99_stage2_delay_upper_ms=30000.000000 p99_stage2_delay_over_30s=false stage2_delay_histogram=0,0,0,0,0,0,7,16,72,94,233,561,1580,1442,4937,4266,2029,0 max_stage2_delay_ms=22970.107643 compaction_batch_target=32 compaction_max_delay_ms=25.000000 stage2_rate_per_sec=253.826085 stage1_search_budget_exhausted=0 stage2_search_budget_exhausted=0 stage2_continuations=15493 stage2_remote_frontier_items=10134945 avg_stage2_remote_frontier=654.162848 stage2_remote_expansions=444707 avg_stage2_remote_expansions=28.703737 stage2_scored_candidates=22361233 avg_stage2_scored_candidates=1443.312012 stage2_graph_read_waves=116314 avg_stage2_expansions_per_graph_wave=3.823332 stage2_graph_unique_reads=466544 stage2_graph_prefetch_issued=306583 stage2_graph_prefetch_hits=286409 stage2_graph_prefetch_wasted=19609 stage2_graph_prefetch_promotion_ratio=0.935922 stage2_graph_issue_width_current=16 stage2_vector_read_waves=171956 avg_stage2_scores_per_vector_wave=130.040435 stage2_vector_unique_reads=11725807 stage2_home_rpc_batches=149688 stage2_home_rpc_items=10349085 avg_stage2_home_rpc_batch=69.137706 stage2_home_score_rpc_batches=40846 stage2_home_score_rpc_items=9882541 stage2_home_score_rpc_queries=183463 stage2_home_score_rpc_request_bytes=310430040 stage2_home_score_rpc_response_bytes=317978568 avg_stage2_home_score_queries_per_rpc=4.491578 avg_stage2_home_score_rpc_batch=241.946359 stage2_home_scored_neighbors=20517576 home_scores_per_expansion=1.982550 stage2_migrations=2725 home_match_rate=0.821159 stage2_final_edges=618818 stage2_cross_edges_stage1_home=136895 stage2_cross_edges_final_home=75936 cross_edge_reduction_ratio=0.445297 failed=0 rpc_timeouts=0 reverse_aggregate_batches=0 reverse_aggregate_logical_requests=0 reverse_aggregate_ops=0 avg_reverse_aggregate_logicals=0.000000 avg_reverse_aggregate_ops=0.000000 max_backlog=12383 admission_window=65536 completion_outstanding=12880 completion_incomplete=12624 completed_behind_hole=256 completion_logical_full_failures=0 completion_physical_full_failures=0 pressure_yields=479724 stage2_batches=1941 avg_stage2_batch_size=7.981968 packing_target_batch=8 packing_admit_queue_avg=4108.387944 packing_admit_queue_max=12383 packing_batch_1_7=13 packing_batch_8=1928 packing_assembly_batches=1941 packing_assembly_wait_ms=15188540.375008 packing_arrival_interval_us=2249 packing_waited_batches=13 packing_wait_ms=207.189000 packing_target_flushes=1928 packing_deadline_flushes=13 packing_cleanup_flushes=0 stage2_phase_search_attempts=1914 stage2_phase_search_task_attempts=15277 stage2_phase_search_elapsed_ms=1264807.059490 avg_stage2_phase_search_us_per_task=82791.586011 stage2_phase_freeze_prune_attempts=3445 stage2_phase_freeze_prune_task_attempts=27521 stage2_phase_freeze_prune_elapsed_ms=89669.094998 avg_stage2_phase_freeze_prune_us_per_task=3258.206279 stage2_phase_reverse_prepare_attempts=1910 stage2_phase_reverse_prepare_task_attempts=15245 stage2_phase_reverse_prepare_elapsed_ms=220251.368762 avg_stage2_phase_reverse_prepare_us_per_task=14447.449574 stage2_phase_placement_authority_attempts=1909 stage2_phase_placement_authority_task_attempts=15237 stage2_phase_placement_authority_elapsed_ms=68284.968475 avg_stage2_phase_placement_authority_us_per_task=4481.523166 stage2_phase_completion_handoff_attempts=1909 stage2_phase_completion_handoff_task_attempts=15237 stage2_phase_completion_handoff_elapsed_ms=4.752024 avg_stage2_phase_completion_handoff_us_per_task=0.311874 stage2_phase_finalize_attempts=1909 stage2_phase_finalize_task_attempts=15237 stage2_phase_finalize_elapsed_ms=23.680721 avg_stage2_phase_finalize_us_per_task=1.554159 maintenance_worker_idle_waits=364032 maintenance_worker_idle_ms=239728.740587 maintenance_lost_wake_avoided=53229 maintenance_targeted_wakes=845704 maintenance_generic_wakes=15917 maintenance_broadcast_wakes=0 maintenance_context_slots_scanned=3379120 maintenance_ready_notifications=422290 maintenance_ready_stale_notifications=39 maintenance_ready_tickets_drained=334641 maintenance_ready_overflow_scans=0 maintenance_ready_fallback_scans=211332 stage2_search_lane_lease_limit=32 stage2_search_lane_lease_peak=24 stage2_search_lane_lease_blocked=0 maintenance_worker_observed_idle_ratio=0.499191 maintenance_worker_observed_busy_ratio=0.500809 physical_stage1_items=27870 physical_stage1_total_ns=122131491014 physical_stage1_search_ns=110985321492 physical_stage1_prune_ns=8010241983 physical_stage1_allocate_write_ns=2322492098 physical_stage1_backlink_ns=500612366 physical_stage1_candidates=3566624 physical_stage1_remote_frontier_items=18199826 physical_stage1_neighbors=1075872 peer_stage1_enqueued=25702 peer_stage1_processed=25672 peer_stage1_items=44634 avg_peer_stage1_items=1.738626 peer_stage1_rate_per_sec=743.537013 peer_stage1_max_queue=45 peer_stage1_active_workers=3 peer_stage2_home_enqueued=79498 peer_stage2_home_processed=79498 peer_stage2_home_items=7380463 avg_peer_stage2_home_items=92.838348 peer_stage2_home_max_queue=20 peer_stage2_home_response_queue_drops=0 peer_stage2_home_response_send_wait_ms=2288.416180 avg_peer_stage2_home_queue_wait_us=95.521976 avg_peer_stage2_home_execution_us=110.797541 peer_stage1_release_deferred_batches=36 peer_stage1_release_deferred_items=57 peer_stage1_duplicate_retry_responses=0 peer_stage1_admission_retry_responses=0 peer_stage1_retry_response_drops=0 peer_stage1_admission_waiters=0 peer_stage1_admission_waiter_items=0 peer_stage1_admission_owned_items=0 peer_stage1_admission_wake_coverage=0 peer_stage1_admission_parked=0 peer_stage1_admission_woken=0 peer_stage1_admission_reparked=0 peer_stage1_max_admission_waiters=0 peer_stage1_duplicate_coalesced=6 peer_reverse_enqueued=6241 peer_reverse_processed=6241 peer_reverse_remaining=0 peer_reverse_items_enqueued=89187 peer_reverse_items_processed=89187 peer_reverse_rate_per_sec=1485.724684 peer_reverse_failed=4 peer_reverse_max_queue=23 reclaim_pending=45 reclaim_reused=2680 dynamic_high_watermark=26369412512 stage2_remaining=12368 cleanup_remaining=0 active_contexts=32 active_context_limit=32 repair_remaining=0 remaining=12624
[STATUS]: storage-owner maintenance observation: enqueued=30618 stage2_enqueued=30618 cleanup_enqueued=0 stage2_tasks_done=16349 stage2_finalized_live=16349 cleanup_processed=0 stale=0 stage2_completion_ratio=0.533967 live_stage2_completion_ratio=0.533967 avg_stage2_delay_ms=9520.671168 p99_stage2_delay_upper_ms=30000.000000 p99_stage2_delay_over_30s=false stage2_delay_histogram=0,0,0,0,0,0,7,16,72,94,233,561,1580,1442,4937,4266,3141,0 max_stage2_delay_ms=25667.796957 compaction_batch_target=32 compaction_max_delay_ms=25.000000 stage2_rate_per_sec=251.409595 stage1_search_budget_exhausted=0 stage2_search_budget_exhausted=0 stage2_continuations=16605 stage2_remote_frontier_items=10829668 avg_stage2_remote_frontier=652.193195 stage2_remote_expansions=473115 avg_stage2_remote_expansions=28.492322 stage2_scored_candidates=23870109 avg_stage2_scored_candidates=1437.525384 stage2_graph_read_waves=124286 avg_stage2_expansions_per_graph_wave=3.806664 stage2_graph_unique_reads=497433 stage2_graph_prefetch_issued=326862 stage2_graph_prefetch_hits=305337 stage2_graph_prefetch_wasted=20842 stage2_graph_prefetch_promotion_ratio=0.936103 stage2_graph_issue_width_current=16 stage2_vector_read_waves=184413 avg_stage2_scores_per_vector_wave=129.438321 stage2_vector_unique_reads=12541914 stage2_home_rpc_batches=159644 stage2_home_rpc_items=11067700 avg_stage2_home_rpc_batch=69.327378 stage2_home_score_rpc_batches=43754 stage2_home_score_rpc_items=10570267 stage2_home_score_rpc_queries=196443 stage2_home_score_rpc_request_bytes=332192800 stage2_home_score_rpc_response_bytes=340117280 avg_stage2_home_score_queries_per_rpc=4.489715 avg_stage2_home_score_rpc_batch=241.584015 stage2_home_scored_neighbors=21898148 home_scores_per_expansion=1.978564 stage2_migrations=2891 home_match_rate=0.823170 stage2_final_edges=663256 stage2_cross_edges_stage1_home=145652 stage2_cross_edges_final_home=80842 cross_edge_reduction_ratio=0.444965 failed=0 rpc_timeouts=0 reverse_aggregate_batches=0 reverse_aggregate_logical_requests=0 reverse_aggregate_ops=0 avg_reverse_aggregate_logicals=0.000000 avg_reverse_aggregate_ops=0.000000 max_backlog=14013 admission_window=65536 completion_outstanding=14493 completion_incomplete=14269 completed_behind_hole=224 completion_logical_full_failures=0 completion_physical_full_failures=0 pressure_yields=520387 stage2_batches=2080 avg_stage2_batch_size=7.983173 packing_target_batch=8 packing_admit_queue_avg=4721.240385 packing_admit_queue_max=13989 packing_batch_1_7=13 packing_batch_8=2067 packing_assembly_batches=2080 packing_assembly_wait_ms=18459430.120107 packing_arrival_interval_us=2460 packing_waited_batches=13 packing_wait_ms=207.189000 packing_target_flushes=2067 packing_deadline_flushes=13 packing_cleanup_flushes=0 stage2_phase_search_attempts=2053 stage2_phase_search_task_attempts=16389 stage2_phase_search_elapsed_ms=1385865.971814 avg_stage2_phase_search_us_per_task=84560.740241 stage2_phase_freeze_prune_attempts=3635 stage2_phase_freeze_prune_task_attempts=29041 stage2_phase_freeze_prune_elapsed_ms=98490.943950 avg_stage2_phase_freeze_prune_us_per_task=3391.444646 stage2_phase_reverse_prepare_attempts=2049 stage2_phase_reverse_prepare_task_attempts=16357 stage2_phase_reverse_prepare_elapsed_ms=241100.356031 avg_stage2_phase_reverse_prepare_us_per_task=14739.888490 stage2_phase_placement_authority_attempts=2048 stage2_phase_placement_authority_task_attempts=16349 stage2_phase_placement_authority_elapsed_ms=74888.916102 avg_stage2_phase_placement_authority_us_per_task=4580.642003 stage2_phase_completion_handoff_attempts=2048 stage2_phase_completion_handoff_task_attempts=16349 stage2_phase_completion_handoff_elapsed_ms=5.169833 avg_stage2_phase_completion_handoff_us_per_task=0.316217 stage2_phase_finalize_attempts=2048 stage2_phase_finalize_task_attempts=16349 stage2_phase_finalize_elapsed_ms=25.593835 avg_stage2_phase_finalize_us_per_task=1.565468 maintenance_worker_idle_waits=394688 maintenance_worker_idle_ms=257504.234340 maintenance_lost_wake_avoided=57229 maintenance_targeted_wakes=903758 maintenance_generic_wakes=17491 maintenance_broadcast_wakes=0 maintenance_context_slots_scanned=3645968 maintenance_ready_notifications=451203 maintenance_ready_stale_notifications=46 maintenance_ready_tickets_drained=358564 maintenance_ready_overflow_scans=0 maintenance_ready_fallback_scans=228020 stage2_search_lane_lease_limit=32 stage2_search_lane_lease_peak=24 stage2_search_lane_lease_blocked=0 maintenance_worker_observed_idle_ratio=0.494977 maintenance_worker_observed_busy_ratio=0.505023 physical_stage1_items=30638 physical_stage1_total_ns=134308838703 physical_stage1_search_ns=122040999875 physical_stage1_prune_ns=8815648697 physical_stage1_allocate_write_ns=2553224210 physical_stage1_backlink_ns=555129161 physical_stage1_candidates=3920745 physical_stage1_remote_frontier_items=19994106 physical_stage1_neighbors=1183217 peer_stage1_enqueued=28216 peer_stage1_processed=28214 peer_stage1_items=49053 avg_peer_stage1_items=1.738605 peer_stage1_rate_per_sec=754.321050 peer_stage1_max_queue=45 peer_stage1_active_workers=2 peer_stage2_home_enqueued=85470 peer_stage2_home_processed=85470 peer_stage2_home_items=7937604 avg_peer_stage2_home_items=92.870060 peer_stage2_home_max_queue=24 peer_stage2_home_response_queue_drops=0 peer_stage2_home_response_send_wait_ms=2448.947103 avg_peer_stage2_home_queue_wait_us=97.359630 avg_peer_stage2_home_execution_us=110.412174 peer_stage1_release_deferred_batches=38 peer_stage1_release_deferred_items=61 peer_stage1_duplicate_retry_responses=0 peer_stage1_admission_retry_responses=0 peer_stage1_retry_response_drops=0 peer_stage1_admission_waiters=0 peer_stage1_admission_waiter_items=0 peer_stage1_admission_owned_items=0 peer_stage1_admission_wake_coverage=0 peer_stage1_admission_parked=0 peer_stage1_admission_woken=0 peer_stage1_admission_reparked=0 peer_stage1_max_admission_waiters=0 peer_stage1_duplicate_coalesced=7 peer_reverse_enqueued=6715 peer_reverse_processed=6715 peer_reverse_remaining=0 peer_reverse_items_enqueued=96180 peer_reverse_items_processed=96180 peer_reverse_rate_per_sec=1479.024699 peer_reverse_failed=4 peer_reverse_max_queue=23 reclaim_pending=27 reclaim_reused=2864 dynamic_high_watermark=26372906528 stage2_remaining=14013 cleanup_remaining=0 active_contexts=32 active_context_limit=32 repair_remaining=0 remaining=14269
[STATUS]: storage-owner maintenance observation: enqueued=33456 stage2_enqueued=33456 cleanup_enqueued=0 stage2_tasks_done=17469 stage2_finalized_live=17469 cleanup_processed=0 stale=0 stage2_completion_ratio=0.522148 live_stage2_completion_ratio=0.522148 avg_stage2_delay_ms=10631.443859 p99_stage2_delay_upper_ms=30000.000000 p99_stage2_delay_over_30s=false stage2_delay_histogram=0,0,0,0,0,0,7,16,72,94,233,561,1580,1442,4937,4266,4261,0 max_stage2_delay_ms=28904.149092 compaction_batch_target=32 compaction_max_delay_ms=25.000000 stage2_rate_per_sec=249.445161 stage1_search_budget_exhausted=0 stage2_search_budget_exhausted=0 stage2_continuations=17725 stage2_remote_frontier_items=11538544 avg_stage2_remote_frontier=650.975684 stage2_remote_expansions=504665 avg_stage2_remote_expansions=28.471932 stage2_scored_candidates=25420963 avg_stage2_scored_candidates=1434.186911 stage2_graph_read_waves=132486 avg_stage2_expansions_per_graph_wave=3.809195 stage2_graph_unique_reads=530273 stage2_graph_prefetch_issued=348438 stage2_graph_prefetch_hits=325587 stage2_graph_prefetch_wasted=22192 stage2_graph_prefetch_promotion_ratio=0.936189 stage2_graph_issue_width_current=16 stage2_vector_read_waves=197473 avg_stage2_scores_per_vector_wave=128.731335 stage2_vector_unique_reads=13361238 stage2_home_rpc_batches=170150 stage2_home_rpc_items=11785784 avg_stage2_home_rpc_batch=69.267023 stage2_home_score_rpc_batches=46656 stage2_home_score_rpc_items=11255511 stage2_home_score_rpc_queries=209223 stage2_home_score_rpc_request_bytes=353793592 stage2_home_score_rpc_response_bytes=362173536 avg_stage2_home_score_queries_per_rpc=4.484375 avg_stage2_home_score_rpc_batch=241.244663 stage2_home_scored_neighbors=23314694 home_scores_per_expansion=1.978205 stage2_migrations=3072 home_match_rate=0.824146 stage2_final_edges=708635 stage2_cross_edges_stage1_home=155124 stage2_cross_edges_final_home=86432 cross_edge_reduction_ratio=0.442820 failed=0 rpc_timeouts=0 reverse_aggregate_batches=0 reverse_aggregate_logical_requests=0 reverse_aggregate_ops=0 avg_reverse_aggregate_logicals=0.000000 avg_reverse_aggregate_ops=0.000000 max_backlog=15739 admission_window=65536 completion_outstanding=16315 completion_incomplete=15987 completed_behind_hole=328 completion_logical_full_failures=0 completion_physical_full_failures=0 pressure_yields=562255 stage2_batches=2220 avg_stage2_batch_size=7.984234 packing_target_batch=8 packing_admit_queue_avg=5359.902252 packing_admit_queue_max=15739 packing_batch_1_7=13 packing_batch_8=2207 packing_assembly_batches=2220 packing_assembly_wait_ms=22154936.769495 packing_arrival_interval_us=3448 packing_waited_batches=13 packing_wait_ms=207.189000 packing_target_flushes=2207 packing_deadline_flushes=13 packing_cleanup_flushes=0 stage2_phase_search_attempts=2195 stage2_phase_search_task_attempts=17525 stage2_phase_search_elapsed_ms=1512741.507531 avg_stage2_phase_search_us_per_task=86319.058918 stage2_phase_freeze_prune_attempts=3824 stage2_phase_freeze_prune_task_attempts=30553 stage2_phase_freeze_prune_elapsed_ms=107059.629240 avg_stage2_phase_freeze_prune_us_per_task=3504.062751 stage2_phase_reverse_prepare_attempts=2190 stage2_phase_reverse_prepare_task_attempts=17485 stage2_phase_reverse_prepare_elapsed_ms=258369.212553 avg_stage2_phase_reverse_prepare_us_per_task=14776.620678 stage2_phase_placement_authority_attempts=2188 stage2_phase_placement_authority_task_attempts=17469 stage2_phase_placement_authority_elapsed_ms=81911.357285 avg_stage2_phase_placement_authority_us_per_task=4688.955137 stage2_phase_completion_handoff_attempts=2188 stage2_phase_completion_handoff_task_attempts=17469 stage2_phase_completion_handoff_elapsed_ms=5.579621 avg_stage2_phase_completion_handoff_us_per_task=0.319401 stage2_phase_finalize_attempts=2188 stage2_phase_finalize_task_attempts=17469 stage2_phase_finalize_elapsed_ms=27.548039 avg_stage2_phase_finalize_us_per_task=1.576967 maintenance_worker_idle_waits=425920 maintenance_worker_idle_ms=275027.931300 maintenance_lost_wake_avoided=60879 maintenance_targeted_wakes=962054 maintenance_generic_wakes=19131 maintenance_broadcast_wakes=0 maintenance_context_slots_scanned=3910112 maintenance_ready_notifications=481468 maintenance_ready_stale_notifications=50 maintenance_ready_tickets_drained=383538 maintenance_ready_overflow_scans=0 maintenance_ready_fallback_scans=244498 stage2_search_lane_lease_limit=32 stage2_search_lane_lease_peak=24 stage2_search_lane_lease_blocked=0 maintenance_worker_observed_idle_ratio=0.490901 maintenance_worker_observed_busy_ratio=0.509099 physical_stage1_items=33478 physical_stage1_total_ns=146650451399 physical_stage1_search_ns=133301915682 physical_stage1_prune_ns=9620023597 physical_stage1_allocate_write_ns=2746477737 physical_stage1_backlink_ns=607117729 physical_stage1_candidates=4283987 physical_stage1_remote_frontier_items=21839419 physical_stage1_neighbors=1291921 peer_stage1_enqueued=30865 peer_stage1_processed=30860 peer_stage1_items=53615 avg_peer_stage1_items=1.737362 peer_stage1_rate_per_sec=765.584883 peer_stage1_max_queue=45 peer_stage1_active_workers=3 peer_stage2_home_enqueued=91172 peer_stage2_home_processed=91172 peer_stage2_home_items=8502818 avg_peer_stage2_home_items=93.261286 peer_stage2_home_max_queue=24 peer_stage2_home_response_queue_drops=0 peer_stage2_home_response_send_wait_ms=2579.862367 avg_peer_stage2_home_queue_wait_us=97.333230 avg_peer_stage2_home_execution_us=110.186987 peer_stage1_release_deferred_batches=42 peer_stage1_release_deferred_items=67 peer_stage1_duplicate_retry_responses=0 peer_stage1_admission_retry_responses=0 peer_stage1_retry_response_drops=0 peer_stage1_admission_waiters=0 peer_stage1_admission_waiter_items=0 peer_stage1_admission_owned_items=0 peer_stage1_admission_wake_coverage=0 peer_stage1_admission_parked=0 peer_stage1_admission_woken=0 peer_stage1_admission_reparked=0 peer_stage1_max_admission_waiters=0 peer_stage1_duplicate_coalesced=7 peer_reverse_enqueued=7193 peer_reverse_processed=7192 peer_reverse_remaining=1 peer_reverse_items_enqueued=102435 peer_reverse_items_processed=102377 peer_reverse_rate_per_sec=1461.872304 peer_reverse_failed=4 peer_reverse_max_queue=23 reclaim_pending=44 reclaim_reused=3028 dynamic_high_watermark=26376517184 stage2_remaining=15731 cleanup_remaining=0 active_contexts=32 active_context_limit=32 repair_remaining=0 remaining=15987
[STATUS]: storage-owner maintenance observation: enqueued=36267 stage2_enqueued=36267 cleanup_enqueued=0 stage2_tasks_done=18557 stage2_finalized_live=18557 cleanup_processed=0 stale=0 stage2_completion_ratio=0.511677 live_stage2_completion_ratio=0.511677 avg_stage2_delay_ms=11758.225585 p99_stage2_delay_upper_ms=30000.000000 p99_stage2_delay_over_30s=true stage2_delay_histogram=0,0,0,0,0,0,7,16,72,94,233,561,1580,1442,4937,4266,4861,488 max_stage2_delay_ms=31849.652692 compaction_batch_target=32 compaction_max_delay_ms=25.000000 stage2_rate_per_sec=247.322329 stage1_search_budget_exhausted=0 stage2_search_budget_exhausted=0 stage2_continuations=18813 stage2_remote_frontier_items=12236460 avg_stage2_remote_frontier=650.425769 stage2_remote_expansions=535667 avg_stage2_remote_expansions=28.473237 stage2_scored_candidates=26995381 avg_stage2_scored_candidates=1434.932281 stage2_graph_read_waves=140817 avg_stage2_expansions_per_graph_wave=3.803994 stage2_graph_unique_reads=562917 stage2_graph_prefetch_issued=369917 stage2_graph_prefetch_hits=345800 stage2_graph_prefetch_wasted=23531 stage2_graph_prefetch_promotion_ratio=0.936288 stage2_graph_issue_width_current=16 stage2_vector_read_waves=210480 avg_stage2_scores_per_vector_wave=128.256276 stage2_vector_unique_reads=14183660 stage2_home_rpc_batches=180645 stage2_home_rpc_items=12511572 avg_stage2_home_rpc_batch=69.260550 stage2_home_score_rpc_batches=49563 stage2_home_score_rpc_items=11948655 stage2_home_score_rpc_queries=222074 stage2_home_score_rpc_request_bytes=375603096 stage2_home_score_rpc_response_bytes=384481672 avg_stage2_home_score_queries_per_rpc=4.480641 avg_stage2_home_score_rpc_batch=241.080140 stage2_home_scored_neighbors=24759984 home_scores_per_expansion=1.978967 stage2_migrations=3254 home_match_rate=0.824648 stage2_final_edges=752230 stage2_cross_edges_stage1_home=164448 stage2_cross_edges_final_home=91688 cross_edge_reduction_ratio=0.442450 failed=0 rpc_timeouts=0 reverse_aggregate_batches=0 reverse_aggregate_logical_requests=0 reverse_aggregate_ops=0 avg_reverse_aggregate_logicals=0.000000 avg_reverse_aggregate_ops=0.000000 max_backlog=17459 admission_window=65536 completion_outstanding=18174 completion_incomplete=17710 completed_behind_hole=464 completion_logical_full_failures=0 completion_physical_full_failures=0 pressure_yields=603142 stage2_batches=2356 avg_stage2_batch_size=7.985144 packing_target_batch=8 packing_admit_queue_avg=6005.869270 packing_admit_queue_max=17459 packing_batch_1_7=13 packing_batch_8=2343 packing_assembly_batches=2356 packing_assembly_wait_ms=26155399.316214 packing_arrival_interval_us=2187 packing_waited_batches=13 packing_wait_ms=207.189000 packing_target_flushes=2343 packing_deadline_flushes=13 packing_cleanup_flushes=0 stage2_phase_search_attempts=2334 stage2_phase_search_task_attempts=18637 stage2_phase_search_elapsed_ms=1639155.010648 avg_stage2_phase_search_us_per_task=87951.655881 stage2_phase_freeze_prune_attempts=4023 stage2_phase_freeze_prune_task_attempts=32145 stage2_phase_freeze_prune_elapsed_ms=115751.743484 avg_stage2_phase_freeze_prune_us_per_task=3600.925291 stage2_phase_reverse_prepare_attempts=2325 stage2_phase_reverse_prepare_task_attempts=18565 stage2_phase_reverse_prepare_elapsed_ms=277977.944561 avg_stage2_phase_reverse_prepare_us_per_task=14973.226209 stage2_phase_placement_authority_attempts=2324 stage2_phase_placement_authority_task_attempts=18557 stage2_phase_placement_authority_elapsed_ms=88283.432505 avg_stage2_phase_placement_authority_us_per_task=4757.419438 stage2_phase_completion_handoff_attempts=2324 stage2_phase_completion_handoff_task_attempts=18557 stage2_phase_completion_handoff_elapsed_ms=6.025111 avg_stage2_phase_completion_handoff_us_per_task=0.324681 stage2_phase_finalize_attempts=2324 stage2_phase_finalize_task_attempts=18557 stage2_phase_finalize_elapsed_ms=29.492655 avg_stage2_phase_finalize_us_per_task=1.589301 maintenance_worker_idle_waits=456128 maintenance_worker_idle_ms=292817.281747 maintenance_lost_wake_avoided=64219 maintenance_targeted_wakes=1017854 maintenance_generic_wakes=20730 maintenance_broadcast_wakes=0 maintenance_context_slots_scanned=4150288 maintenance_ready_notifications=511550 maintenance_ready_stale_notifications=52 maintenance_ready_tickets_drained=408394 maintenance_ready_overflow_scans=0 maintenance_ready_fallback_scans=259474 stage2_search_lane_lease_limit=32 stage2_search_lane_lease_peak=24 stage2_search_lane_lease_blocked=0 maintenance_worker_observed_idle_ratio=0.487823 maintenance_worker_observed_busy_ratio=0.512177 physical_stage1_items=36280 physical_stage1_total_ns=159147522215 physical_stage1_search_ns=144647728254 physical_stage1_prune_ns=10434585423 physical_stage1_allocate_write_ns=3003028514 physical_stage1_backlink_ns=656333657 physical_stage1_candidates=4642313 physical_stage1_remote_frontier_items=23667947 physical_stage1_neighbors=1401127 peer_stage1_enqueued=33432 peer_stage1_processed=33429 peer_stage1_items=58094 avg_peer_stage1_items=1.737832 peer_stage1_rate_per_sec=774.260030 peer_stage1_max_queue=45 peer_stage1_active_workers=3 peer_stage2_home_enqueued=96624 peer_stage2_home_processed=96624 peer_stage2_home_items=9012465 avg_peer_stage2_home_items=93.273566 peer_stage2_home_max_queue=24 peer_stage2_home_response_queue_drops=0 peer_stage2_home_response_send_wait_ms=2747.433718 avg_peer_stage2_home_queue_wait_us=97.233501 avg_peer_stage2_home_execution_us=109.613816 peer_stage1_release_deferred_batches=46 peer_stage1_release_deferred_items=77 peer_stage1_duplicate_retry_responses=0 peer_stage1_admission_retry_responses=0 peer_stage1_retry_response_drops=0 peer_stage1_admission_waiters=0 peer_stage1_admission_waiter_items=0 peer_stage1_admission_owned_items=0 peer_stage1_admission_wake_coverage=0 peer_stage1_admission_parked=0 peer_stage1_admission_woken=0 peer_stage1_admission_reparked=0 peer_stage1_max_admission_waiters=0 peer_stage1_duplicate_coalesced=8 peer_reverse_enqueued=7641 peer_reverse_processed=7640 peer_reverse_remaining=1 peer_reverse_items_enqueued=108340 peer_reverse_items_processed=108313 peer_reverse_rate_per_sec=1443.564338 peer_reverse_failed=5 peer_reverse_max_queue=23 reclaim_pending=65 reclaim_reused=3189 dynamic_high_watermark=26380066928 stage2_remaining=17454 cleanup_remaining=0 active_contexts=32 active_context_limit=32 repair_remaining=0 remaining=17710
[STATUS]: storage-owner maintenance observation: enqueued=39130 stage2_enqueued=39130 cleanup_enqueued=0 stage2_tasks_done=19541 stage2_finalized_live=19541 cleanup_processed=0 stale=0 stage2_completion_ratio=0.499387 live_stage2_completion_ratio=0.499387 avg_stage2_delay_ms=12829.354712 p99_stage2_delay_upper_ms=30000.000000 p99_stage2_delay_over_30s=true stage2_delay_histogram=0,0,0,0,0,0,7,16,72,94,233,561,1580,1442,4937,4266,4861,1472 max_stage2_delay_ms=35249.779735 compaction_batch_target=32 compaction_max_delay_ms=25.000000 stage2_rate_per_sec=244.165278 stage1_search_budget_exhausted=0 stage2_search_budget_exhausted=0 stage2_continuations=19797 stage2_remote_frontier_items=12878729 avg_stage2_remote_frontier=650.539425 stage2_remote_expansions=564185 avg_stage2_remote_expansions=28.498510 stage2_scored_candidates=28387039 avg_stage2_scored_candidates=1433.906097 stage2_graph_read_waves=148423 avg_stage2_expansions_per_graph_wave=3.801197 stage2_graph_unique_reads=591949 stage2_graph_prefetch_issued=388868 stage2_graph_prefetch_hits=363403 stage2_graph_prefetch_wasted=24818 stage2_graph_prefetch_promotion_ratio=0.936072 stage2_graph_issue_width_current=16 stage2_vector_read_waves=221500 avg_stage2_scores_per_vector_wave=128.158190 stage2_vector_unique_reads=14910899 stage2_home_rpc_batches=189658 stage2_home_rpc_items=13157222 avg_stage2_home_rpc_batch=69.373409 stage2_home_score_rpc_batches=52175 stage2_home_score_rpc_items=12565273 stage2_home_score_rpc_queries=233623 stage2_home_score_rpc_request_bytes=395105800 stage2_home_score_rpc_response_bytes=404333656 avg_stage2_home_score_queries_per_rpc=4.477681 avg_stage2_home_score_rpc_batch=240.829382 stage2_home_scored_neighbors=26041018 home_scores_per_expansion=1.979219 stage2_migrations=3425 home_match_rate=0.824727 stage2_final_edges=792321 stage2_cross_edges_stage1_home=173130 stage2_cross_edges_final_home=96585 cross_edge_reduction_ratio=0.442124 failed=0 rpc_timeouts=0 reverse_aggregate_batches=0 reverse_aggregate_logical_requests=0 reverse_aggregate_ops=0 avg_reverse_aggregate_logicals=0.000000 avg_reverse_aggregate_ops=0.000000 max_backlog=19341 admission_window=65536 completion_outstanding=19765 completion_incomplete=19589 completed_behind_hole=176 completion_logical_full_failures=0 completion_physical_full_failures=0 pressure_yields=640227 stage2_batches=2479 avg_stage2_batch_size=7.985881 packing_target_batch=8 packing_admit_queue_avg=6618.110528 packing_admit_queue_max=19341 packing_batch_1_7=13 packing_batch_8=2466 packing_assembly_batches=2479 packing_assembly_wait_ms=30166760.300031 packing_arrival_interval_us=1340 packing_waited_batches=13 packing_wait_ms=207.189000 packing_target_flushes=2466 packing_deadline_flushes=13 packing_cleanup_flushes=0 stage2_phase_search_attempts=2456 stage2_phase_search_task_attempts=19613 stage2_phase_search_elapsed_ms=1756314.235980 avg_stage2_phase_search_us_per_task=89548.474786 stage2_phase_freeze_prune_attempts=4204 stage2_phase_freeze_prune_task_attempts=33593 stage2_phase_freeze_prune_elapsed_ms=124985.845336 avg_stage2_phase_freeze_prune_us_per_task=3720.591949 stage2_phase_reverse_prepare_attempts=2449 stage2_phase_reverse_prepare_task_attempts=19557 stage2_phase_reverse_prepare_elapsed_ms=301636.933582 avg_stage2_phase_reverse_prepare_us_per_task=15423.476688 stage2_phase_placement_authority_attempts=2447 stage2_phase_placement_authority_task_attempts=19541 stage2_phase_placement_authority_elapsed_ms=94916.874121 avg_stage2_phase_placement_authority_us_per_task=4857.319181 stage2_phase_completion_handoff_attempts=2447 stage2_phase_completion_handoff_task_attempts=19541 stage2_phase_completion_handoff_elapsed_ms=6.389673 avg_stage2_phase_completion_handoff_us_per_task=0.326988 stage2_phase_finalize_attempts=2447 stage2_phase_finalize_task_attempts=19541 stage2_phase_finalize_elapsed_ms=31.418485 avg_stage2_phase_finalize_us_per_task=1.607824 maintenance_worker_idle_waits=484416 maintenance_worker_idle_ms=310015.637801 maintenance_lost_wake_avoided=67765 maintenance_targeted_wakes=1071837 maintenance_generic_wakes=22345 maintenance_broadcast_wakes=0 maintenance_context_slots_scanned=4395536 maintenance_ready_notifications=538245 maintenance_ready_stale_notifications=57 maintenance_ready_tickets_drained=430131 maintenance_ready_overflow_scans=0 maintenance_ready_fallback_scans=274797 stage2_search_lane_lease_limit=32 stage2_search_lane_lease_peak=24 stage2_search_lane_lease_blocked=0 maintenance_worker_observed_idle_ratio=0.484207 maintenance_worker_observed_busy_ratio=0.515793 physical_stage1_items=39138 physical_stage1_total_ns=171711201998 physical_stage1_search_ns=155998890213 physical_stage1_prune_ns=11276618462 physical_stage1_allocate_write_ns=3286921126 physical_stage1_backlink_ns=708370722 physical_stage1_candidates=5007836 physical_stage1_remote_frontier_items=25477941 physical_stage1_neighbors=1511479 peer_stage1_enqueued=35993 peer_stage1_processed=35971 peer_stage1_items=62534 avg_peer_stage1_items=1.738456 peer_stage1_rate_per_sec=781.363876 peer_stage1_max_queue=45 peer_stage1_active_workers=3 peer_stage2_home_enqueued=102471 peer_stage2_home_processed=102471 peer_stage2_home_items=9586966 avg_peer_stage2_home_items=93.557846 peer_stage2_home_max_queue=24 peer_stage2_home_response_queue_drops=0 peer_stage2_home_response_send_wait_ms=2967.207686 avg_peer_stage2_home_queue_wait_us=98.641834 avg_peer_stage2_home_execution_us=109.265743 peer_stage1_release_deferred_batches=49 peer_stage1_release_deferred_items=84 peer_stage1_duplicate_retry_responses=0 peer_stage1_admission_retry_responses=0 peer_stage1_retry_response_drops=0 peer_stage1_admission_waiters=0 peer_stage1_admission_waiter_items=0 peer_stage1_admission_owned_items=0 peer_stage1_admission_wake_coverage=0 peer_stage1_admission_parked=0 peer_stage1_admission_woken=0 peer_stage1_admission_reparked=0 peer_stage1_max_admission_waiters=0 peer_stage1_duplicate_coalesced=10 peer_reverse_enqueued=8087 peer_reverse_processed=8087 peer_reverse_remaining=0 peer_reverse_items_enqueued=114622 peer_reverse_items_processed=114622 peer_reverse_rate_per_sec=1432.204724 peer_reverse_failed=5 peer_reverse_max_queue=23 reclaim_pending=18 reclaim_reused=3407 dynamic_high_watermark=26383617968 stage2_remaining=19333 cleanup_remaining=0 active_contexts=32 active_context_limit=32 repair_remaining=0 remaining=19589
[STATUS]: storage-owner maintenance observation: enqueued=41981 stage2_enqueued=41981 cleanup_enqueued=0 stage2_tasks_done=20637 stage2_finalized_live=20637 cleanup_processed=0 stale=0 stage2_completion_ratio=0.491580 live_stage2_completion_ratio=0.491580 avg_stage2_delay_ms=14075.810622 p99_stage2_delay_upper_ms=30000.000000 p99_stage2_delay_over_30s=true stage2_delay_histogram=0,0,0,0,0,0,7,16,72,94,233,561,1580,1442,4937,4266,4861,2568 max_stage2_delay_ms=38721.115431 compaction_batch_target=32 compaction_max_delay_ms=25.000000 stage2_rate_per_sec=242.697229 stage1_search_budget_exhausted=0 stage2_search_budget_exhausted=0 stage2_continuations=20893 stage2_remote_frontier_items=13585344 avg_stage2_remote_frontier=650.234241 stage2_remote_expansions=594027 avg_stage2_remote_expansions=28.431867 stage2_scored_candidates=29947490 avg_stage2_scored_candidates=1433.374336 stage2_graph_read_waves=156275 avg_stage2_expansions_per_graph_wave=3.801165 stage2_graph_unique_reads=624199 stage2_graph_prefetch_issued=410157 stage2_graph_prefetch_hits=383180 stage2_graph_prefetch_wasted=26153 stage2_graph_prefetch_promotion_ratio=0.936108 stage2_graph_issue_width_current=16 stage2_vector_read_waves=234098 avg_stage2_scores_per_vector_wave=127.927150 stage2_vector_unique_reads=15733199 stage2_home_rpc_batches=199962 stage2_home_rpc_items=13885130 avg_stage2_home_rpc_batch=69.438843 stage2_home_score_rpc_batches=55101 stage2_home_score_rpc_items=13260933 stage2_home_score_rpc_queries=246312 stage2_home_score_rpc_request_bytes=416906192 stage2_home_score_rpc_response_bytes=426722624 avg_stage2_home_score_queries_per_rpc=4.470191 avg_stage2_home_score_rpc_batch=240.665923 stage2_home_scored_neighbors=27474709 home_scores_per_expansion=1.978715 stage2_migrations=3612 home_match_rate=0.824975 stage2_final_edges=836616 stage2_cross_edges_stage1_home=182536 stage2_cross_edges_final_home=101861 cross_edge_reduction_ratio=0.441968 failed=0 rpc_timeouts=0 reverse_aggregate_batches=0 reverse_aggregate_logical_requests=0 reverse_aggregate_ops=0 avg_reverse_aggregate_logicals=0.000000 avg_reverse_aggregate_ops=0.000000 max_backlog=21088 admission_window=65536 completion_outstanding=21568 completion_incomplete=21344 completed_behind_hole=224 completion_logical_full_failures=0 completion_physical_full_failures=0 pressure_yields=679984 stage2_batches=2616 avg_stage2_batch_size=7.986621 packing_target_batch=8 packing_admit_queue_avg=7330.627294 packing_admit_queue_max=21077 packing_batch_1_7=13 packing_batch_8=2603 packing_assembly_batches=2616 packing_assembly_wait_ms=35078532.756164 packing_arrival_interval_us=1944 packing_waited_batches=13 packing_wait_ms=207.189000 packing_target_flushes=2603 packing_deadline_flushes=13 packing_cleanup_flushes=0 stage2_phase_search_attempts=2588 stage2_phase_search_task_attempts=20669 stage2_phase_search_elapsed_ms=1877379.321512 avg_stage2_phase_search_us_per_task=90830.679835 stage2_phase_freeze_prune_attempts=4414 stage2_phase_freeze_prune_task_attempts=35273 stage2_phase_freeze_prune_elapsed_ms=133201.329416 avg_stage2_phase_freeze_prune_us_per_task=3776.297151 stage2_phase_reverse_prepare_attempts=2585 stage2_phase_reverse_prepare_task_attempts=20645 stage2_phase_reverse_prepare_elapsed_ms=323682.007956 avg_stage2_phase_reverse_prepare_us_per_task=15678.469748 stage2_phase_placement_authority_attempts=2584 stage2_phase_placement_authority_task_attempts=20637 stage2_phase_placement_authority_elapsed_ms=102369.944956 avg_stage2_phase_placement_authority_us_per_task=4960.505159 stage2_phase_completion_handoff_attempts=2584 stage2_phase_completion_handoff_task_attempts=20637 stage2_phase_completion_handoff_elapsed_ms=6.793344 avg_stage2_phase_completion_handoff_us_per_task=0.329183 stage2_phase_finalize_attempts=2584 stage2_phase_finalize_task_attempts=20637 stage2_phase_finalize_elapsed_ms=33.423419 avg_stage2_phase_finalize_us_per_task=1.619587 maintenance_worker_idle_waits=513920 maintenance_worker_idle_ms=327163.350020 maintenance_lost_wake_avoided=71024 maintenance_targeted_wakes=1126759 maintenance_generic_wakes=23976 maintenance_broadcast_wakes=0 maintenance_context_slots_scanned=4633056 maintenance_ready_notifications=567774 maintenance_ready_stale_notifications=62 maintenance_ready_tickets_drained=454266 maintenance_ready_overflow_scans=0 maintenance_ready_fallback_scans=289673 stage2_search_lane_lease_limit=32 stage2_search_lane_lease_peak=24 stage2_search_lane_lease_blocked=0 maintenance_worker_observed_idle_ratio=0.480942 maintenance_worker_observed_busy_ratio=0.519058 physical_stage1_items=41995 physical_stage1_total_ns=184322358322 physical_stage1_search_ns=167452849999 physical_stage1_prune_ns=12112300675 physical_stage1_allocate_write_ns=3526953255 physical_stage1_backlink_ns=758079180 physical_stage1_candidates=5373254 physical_stage1_remote_frontier_items=27423143 physical_stage1_neighbors=1622208 peer_stage1_enqueued=38651 peer_stage1_processed=38629 peer_stage1_items=67138 avg_peer_stage1_items=1.738021 peer_stage1_rate_per_sec=789.562755 peer_stage1_max_queue=45 peer_stage1_active_workers=3 peer_stage2_home_enqueued=108227 peer_stage2_home_processed=108227 peer_stage2_home_items=10145729 avg_peer_stage2_home_items=93.744897 peer_stage2_home_max_queue=24 peer_stage2_home_response_queue_drops=0 peer_stage2_home_response_send_wait_ms=3163.311616 avg_peer_stage2_home_queue_wait_us=99.102752 avg_peer_stage2_home_execution_us=109.034918 peer_stage1_release_deferred_batches=52 peer_stage1_release_deferred_items=89 peer_stage1_duplicate_retry_responses=0 peer_stage1_admission_retry_responses=0 peer_stage1_retry_response_drops=0 peer_stage1_admission_waiters=0 peer_stage1_admission_waiter_items=0 peer_stage1_admission_owned_items=0 peer_stage1_admission_wake_coverage=0 peer_stage1_admission_parked=0 peer_stage1_admission_woken=0 peer_stage1_admission_reparked=0 peer_stage1_max_admission_waiters=0 peer_stage1_duplicate_coalesced=10 peer_reverse_enqueued=8548 peer_reverse_processed=8546 peer_reverse_remaining=2 peer_reverse_items_enqueued=121336 peer_reverse_items_processed=121201 peer_reverse_rate_per_sec=1425.359640 peer_reverse_failed=7 peer_reverse_max_queue=23 reclaim_pending=27 reclaim_reused=3585 dynamic_high_watermark=26387229920 stage2_remaining=21088 cleanup_remaining=0 active_contexts=32 active_context_limit=32 repair_remaining=0 remaining=21344
[STATUS]: storage-owner maintenance observation: enqueued=44732 stage2_enqueued=44732 cleanup_enqueued=0 stage2_tasks_done=21661 stage2_finalized_live=21661 cleanup_processed=0 stale=0 stage2_completion_ratio=0.484239 live_stage2_completion_ratio=0.484239 avg_stage2_delay_ms=15274.613229 p99_stage2_delay_upper_ms=30000.000000 p99_stage2_delay_over_30s=true stage2_delay_histogram=0,0,0,0,0,0,7,16,72,94,233,561,1580,1442,4937,4266,4861,3592 max_stage2_delay_ms=41347.774415 compaction_batch_target=32 compaction_max_delay_ms=25.000000 stage2_rate_per_sec=240.592365 stage1_search_budget_exhausted=0 stage2_search_budget_exhausted=0 stage2_continuations=21917 stage2_remote_frontier_items=14254445 avg_stage2_remote_frontier=650.383036 stage2_remote_expansions=625397 avg_stage2_remote_expansions=28.534790 stage2_scored_candidates=31478640 avg_stage2_scored_candidates=1436.265912 stage2_graph_read_waves=164350 avg_stage2_expansions_per_graph_wave=3.805275 stage2_graph_unique_reads=657763 stage2_graph_prefetch_issued=432560 stage2_graph_prefetch_hits=404454 stage2_graph_prefetch_wasted=27497 stage2_graph_prefetch_promotion_ratio=0.936342 stage2_graph_issue_width_current=16 stage2_vector_read_waves=246483 avg_stage2_scores_per_vector_wave=127.711201 stage2_vector_unique_reads=16511882 stage2_home_rpc_batches=209944 stage2_home_rpc_items=14570730 avg_stage2_home_rpc_batch=69.402936 stage2_home_score_rpc_batches=57838 stage2_home_score_rpc_items=13912967 stage2_home_score_rpc_queries=258435 stage2_home_score_rpc_request_bytes=437480536 stage2_home_score_rpc_response_bytes=447712288 avg_stage2_home_score_queries_per_rpc=4.468256 avg_stage2_home_score_rpc_batch=240.550624 stage2_home_scored_neighbors=28878839 home_scores_per_expansion=1.981976 stage2_migrations=3801 home_match_rate=0.824523 stage2_final_edges=878304 stage2_cross_edges_stage1_home=191853 stage2_cross_edges_final_home=106790 cross_edge_reduction_ratio=0.443376 failed=0 rpc_timeouts=0 reverse_aggregate_batches=0 reverse_aggregate_logical_requests=0 reverse_aggregate_ops=0 avg_reverse_aggregate_logicals=0.000000 avg_reverse_aggregate_ops=0.000000 max_backlog=22823 admission_window=65536 completion_outstanding=23207 completion_incomplete=23071 completed_behind_hole=136 completion_logical_full_failures=0 completion_physical_full_failures=0 pressure_yields=719567 stage2_batches=2744 avg_stage2_batch_size=7.987245 packing_target_batch=8 packing_admit_queue_avg=8014.924927 packing_admit_queue_max=22823 packing_batch_1_7=13 packing_batch_8=2731 packing_assembly_batches=2744 packing_assembly_wait_ms=40067679.923597 packing_arrival_interval_us=2060 packing_waited_batches=13 packing_wait_ms=207.189000 packing_target_flushes=2731 packing_deadline_flushes=13 packing_cleanup_flushes=0 stage2_phase_search_attempts=2720 stage2_phase_search_task_attempts=21725 stage2_phase_search_elapsed_ms=2004089.133726 avg_stage2_phase_search_us_per_task=92248.061391 stage2_phase_freeze_prune_attempts=4592 stage2_phase_freeze_prune_task_attempts=36697 stage2_phase_freeze_prune_elapsed_ms=142339.082961 avg_stage2_phase_freeze_prune_us_per_task=3878.766192 stage2_phase_reverse_prepare_attempts=2713 stage2_phase_reverse_prepare_task_attempts=21669 stage2_phase_reverse_prepare_elapsed_ms=340259.827119 avg_stage2_phase_reverse_prepare_us_per_task=15702.608663 stage2_phase_placement_authority_attempts=2712 stage2_phase_placement_authority_task_attempts=21661 stage2_phase_placement_authority_elapsed_ms=109216.289552 avg_stage2_phase_placement_authority_us_per_task=5042.070521 stage2_phase_completion_handoff_attempts=2712 stage2_phase_completion_handoff_task_attempts=21661 stage2_phase_completion_handoff_elapsed_ms=7.167486 avg_stage2_phase_completion_handoff_us_per_task=0.330894 stage2_phase_finalize_attempts=2712 stage2_phase_finalize_task_attempts=21661 stage2_phase_finalize_elapsed_ms=35.278874 avg_stage2_phase_finalize_us_per_task=1.628682 maintenance_worker_idle_waits=543296 maintenance_worker_idle_ms=344178.001606 maintenance_lost_wake_avoided=74327 maintenance_targeted_wakes=1182128 maintenance_generic_wakes=25563 maintenance_broadcast_wakes=0 maintenance_context_slots_scanned=4870928 maintenance_ready_notifications=597109 maintenance_ready_stale_notifications=67 maintenance_ready_tickets_drained=478375 maintenance_ready_overflow_scans=0 maintenance_ready_fallback_scans=304526 stage2_search_lane_lease_limit=32 stage2_search_lane_lease_peak=24 stage2_search_lane_lease_blocked=0 maintenance_worker_observed_idle_ratio=0.477855 maintenance_worker_observed_busy_ratio=0.522145 physical_stage1_items=44744 physical_stage1_total_ns=196542778499 physical_stage1_search_ns=178533432362 physical_stage1_prune_ns=12898989847 physical_stage1_allocate_write_ns=3800303737 physical_stage1_backlink_ns=807447450 physical_stage1_candidates=5724810 physical_stage1_remote_frontier_items=29305455 physical_stage1_neighbors=1729873 peer_stage1_enqueued=41223 peer_stage1_processed=41221 peer_stage1_items=71568 avg_peer_stage1_items=1.736202 peer_stage1_rate_per_sec=794.917797 peer_stage1_max_queue=45 peer_stage1_active_workers=2 peer_stage2_home_enqueued=114575 peer_stage2_home_processed=114575 peer_stage2_home_items=10722769 avg_peer_stage2_home_items=93.587336 peer_stage2_home_max_queue=24 peer_stage2_home_response_queue_drops=0 peer_stage2_home_response_send_wait_ms=3319.136171 avg_peer_stage2_home_queue_wait_us=100.365696 avg_peer_stage2_home_execution_us=108.766730 peer_stage1_release_deferred_batches=58 peer_stage1_release_deferred_items=95 peer_stage1_duplicate_retry_responses=0 peer_stage1_admission_retry_responses=0 peer_stage1_retry_response_drops=0 peer_stage1_admission_waiters=0 peer_stage1_admission_waiter_items=0 peer_stage1_admission_owned_items=0 peer_stage1_admission_wake_coverage=0 peer_stage1_admission_parked=0 peer_stage1_admission_woken=0 peer_stage1_admission_reparked=0 peer_stage1_max_admission_waiters=0 peer_stage1_duplicate_coalesced=11 peer_reverse_enqueued=9024 peer_reverse_processed=9023 peer_reverse_remaining=1 peer_reverse_items_enqueued=128229 peer_reverse_items_processed=128176 peer_reverse_rate_per_sec=1423.672362 peer_reverse_failed=8 peer_reverse_max_queue=23 reclaim_pending=29 reclaim_reused=3772 dynamic_high_watermark=26390710976 stage2_remaining=22815 cleanup_remaining=0 active_contexts=32 active_context_limit=32 repair_remaining=0 remaining=23071
[STATUS]: storage-owner maintenance observation: enqueued=47665 stage2_enqueued=47665 cleanup_enqueued=0 stage2_tasks_done=22661 stage2_finalized_live=22661 cleanup_processed=0 stale=0 stage2_completion_ratio=0.475422 live_stage2_completion_ratio=0.475422 avg_stage2_delay_ms=16473.681780 p99_stage2_delay_upper_ms=30000.000000 p99_stage2_delay_over_30s=true stage2_delay_histogram=0,0,0,0,0,0,7,16,72,94,233,561,1580,1442,4937,4266,4861,4592 max_stage2_delay_ms=44170.392377 compaction_batch_target=32 compaction_max_delay_ms=25.000000 stage2_rate_per_sec=238.455594 stage1_search_budget_exhausted=0 stage2_search_budget_exhausted=0 stage2_continuations=22917 stage2_remote_frontier_items=14908768 avg_stage2_remote_frontier=650.554959 stage2_remote_expansions=656005 avg_stage2_remote_expansions=28.625256 stage2_scored_candidates=32921057 avg_stage2_scored_candidates=1436.534320 stage2_graph_read_waves=172391 avg_stage2_expansions_per_graph_wave=3.805332 stage2_graph_unique_reads=688612 stage2_graph_prefetch_issued=452858 stage2_graph_prefetch_hits=423600 stage2_graph_prefetch_wasted=28757 stage2_graph_prefetch_promotion_ratio=0.936429 stage2_graph_issue_width_current=16 stage2_vector_read_waves=258523 avg_stage2_scores_per_vector_wave=127.342855 stage2_vector_unique_reads=17264876 stage2_home_rpc_batches=219389 stage2_home_rpc_items=15239997 avg_stage2_home_rpc_batch=69.465639 stage2_home_score_rpc_batches=60543 stage2_home_score_rpc_items=14551385 stage2_home_score_rpc_queries=270374 stage2_home_score_rpc_request_bytes=457670824 stage2_home_score_rpc_response_bytes=468266728 avg_stage2_home_score_queries_per_rpc=4.465818 avg_stage2_home_score_rpc_batch=240.347935 stage2_home_scored_neighbors=30206602 home_scores_per_expansion=1.982061 stage2_migrations=3991 home_match_rate=0.823882 stage2_final_edges=918414 stage2_cross_edges_stage1_home=200738 stage2_cross_edges_final_home=111571 cross_edge_reduction_ratio=0.444196 failed=0 rpc_timeouts=0 reverse_aggregate_batches=0 reverse_aggregate_logical_requests=0 reverse_aggregate_ops=0 avg_reverse_aggregate_logicals=0.000000 avg_reverse_aggregate_ops=0.000000 max_backlog=24748 admission_window=65536 completion_outstanding=25164 completion_incomplete=25004 completed_behind_hole=160 completion_logical_full_failures=0 completion_physical_full_failures=0 pressure_yields=758976 stage2_batches=2869 avg_stage2_batch_size=7.987801 packing_target_batch=8 packing_admit_queue_avg=8696.738236 packing_admit_queue_max=24745 packing_batch_1_7=13 packing_batch_8=2856 packing_assembly_batches=2869 packing_assembly_wait_ms=45319196.279409 packing_arrival_interval_us=1744 packing_waited_batches=13 packing_wait_ms=207.189000 packing_target_flushes=2856 packing_deadline_flushes=13 packing_cleanup_flushes=0 stage2_phase_search_attempts=2847 stage2_phase_search_task_attempts=22741 stage2_phase_search_elapsed_ms=2128642.563139 avg_stage2_phase_search_us_per_task=93603.736121 stage2_phase_freeze_prune_attempts=4757 stage2_phase_freeze_prune_task_attempts=38017 stage2_phase_freeze_prune_elapsed_ms=150627.061714 avg_stage2_phase_freeze_prune_us_per_task=3962.097528 stage2_phase_reverse_prepare_attempts=2840 stage2_phase_reverse_prepare_task_attempts=22685 stage2_phase_reverse_prepare_elapsed_ms=358136.759025 avg_stage2_phase_reverse_prepare_us_per_task=15787.381927 stage2_phase_placement_authority_attempts=2837 stage2_phase_placement_authority_task_attempts=22661 stage2_phase_placement_authority_elapsed_ms=116217.564078 avg_stage2_phase_placement_authority_us_per_task=5128.527606 stage2_phase_completion_handoff_attempts=2837 stage2_phase_completion_handoff_task_attempts=22661 stage2_phase_completion_handoff_elapsed_ms=7.574138 avg_stage2_phase_completion_handoff_us_per_task=0.334237 stage2_phase_finalize_attempts=2837 stage2_phase_finalize_task_attempts=22661 stage2_phase_finalize_elapsed_ms=37.100814 avg_stage2_phase_finalize_us_per_task=1.637210 maintenance_worker_idle_waits=572864 maintenance_worker_idle_ms=361089.649875 maintenance_lost_wake_avoided=77777 maintenance_targeted_wakes=1238379 maintenance_generic_wakes=27216 maintenance_broadcast_wakes=0 maintenance_context_slots_scanned=5123632 maintenance_ready_notifications=625482 maintenance_ready_stale_notifications=69 maintenance_ready_tickets_drained=501700 maintenance_ready_overflow_scans=0 maintenance_ready_fallback_scans=320335 stage2_search_lane_lease_limit=32 stage2_search_lane_lease_peak=24 stage2_search_lane_lease_blocked=0 maintenance_worker_observed_idle_ratio=0.474956 maintenance_worker_observed_busy_ratio=0.525044 physical_stage1_items=47686 physical_stage1_total_ns=209368524122 physical_stage1_search_ns=190182627847 physical_stage1_prune_ns=13733036498 physical_stage1_allocate_write_ns=4053184043 physical_stage1_backlink_ns=864727416 physical_stage1_candidates=6101045 physical_stage1_remote_frontier_items=31164259 physical_stage1_neighbors=1843093 peer_stage1_enqueued=43887 peer_stage1_processed=43882 peer_stage1_items=76258 avg_peer_stage1_items=1.737797 peer_stage1_rate_per_sec=802.442375 peer_stage1_max_queue=45 peer_stage1_active_workers=3 peer_stage2_home_enqueued=120894 peer_stage2_home_processed=120894 peer_stage2_home_items=11337803 avg_peer_stage2_home_items=93.783008 peer_stage2_home_max_queue=24 peer_stage2_home_response_queue_drops=0 peer_stage2_home_response_send_wait_ms=3515.311046 avg_peer_stage2_home_queue_wait_us=103.115433 avg_peer_stage2_home_execution_us=108.646912 peer_stage1_release_deferred_batches=60 peer_stage1_release_deferred_items=97 peer_stage1_duplicate_retry_responses=0 peer_stage1_admission_retry_responses=0 peer_stage1_retry_response_drops=0 peer_stage1_admission_waiters=0 peer_stage1_admission_waiter_items=0 peer_stage1_admission_owned_items=0 peer_stage1_admission_wake_coverage=0 peer_stage1_admission_parked=0 peer_stage1_admission_woken=0 peer_stage1_admission_reparked=0 peer_stage1_max_admission_waiters=0 peer_stage1_duplicate_coalesced=11 peer_reverse_enqueued=9534 peer_reverse_processed=9534 peer_reverse_remaining=0 peer_reverse_items_enqueued=136187 peer_reverse_items_processed=136187 peer_reverse_rate_per_sec=1433.059085 peer_reverse_failed=8 peer_reverse_max_queue=23 reclaim_pending=17 reclaim_reused=3974 dynamic_high_watermark=26394429200 stage2_remaining=24748 cleanup_remaining=0 active_contexts=32 active_context_limit=32 repair_remaining=0 remaining=25004
[STATUS]: storage-owner maintenance observation: enqueued=50421 stage2_enqueued=50421 cleanup_enqueued=0 stage2_tasks_done=23781 stage2_finalized_live=23781 cleanup_processed=0 stale=0 stage2_completion_ratio=0.471649 live_stage2_completion_ratio=0.471649 avg_stage2_delay_ms=17851.911393 p99_stage2_delay_upper_ms=30000.000000 p99_stage2_delay_over_30s=true stage2_delay_histogram=0,0,0,0,0,0,7,16,72,94,233,561,1580,1442,4937,4266,4861,5712 max_stage2_delay_ms=47464.637353 compaction_batch_target=32 compaction_max_delay_ms=25.000000 stage2_rate_per_sec=237.731302 stage1_search_budget_exhausted=0 stage2_search_budget_exhausted=0 stage2_continuations=24037 stage2_remote_frontier_items=15671412 avg_stage2_remote_frontier=651.970379 stage2_remote_expansions=684975 avg_stage2_remote_expansions=28.496693 stage2_scored_candidates=34574544 avg_stage2_scored_candidates=1438.388484 stage2_graph_read_waves=180459 avg_stage2_expansions_per_graph_wave=3.795738 stage2_graph_unique_reads=720984 stage2_graph_prefetch_issued=474448 stage2_graph_prefetch_hits=443526 stage2_graph_prefetch_wasted=30074 stage2_graph_prefetch_promotion_ratio=0.936499 stage2_graph_issue_width_current=16 stage2_vector_read_waves=271274 avg_stage2_scores_per_vector_wave=127.452480 stage2_vector_unique_reads=18156923 stage2_home_rpc_batches=229678 stage2_home_rpc_items=16018965 avg_stage2_home_rpc_batch=69.745317 stage2_home_score_rpc_batches=63709 stage2_home_score_rpc_items=15297981 stage2_home_score_rpc_queries=284323 stage2_home_score_rpc_request_bytes=481236432 stage2_home_score_rpc_response_bytes=492299912 avg_stage2_home_score_queries_per_rpc=4.462839 avg_stage2_home_score_rpc_batch=240.122761 stage2_home_scored_neighbors=31715021 home_scores_per_expansion=1.979842 stage2_migrations=4173 home_match_rate=0.824524 stage2_final_edges=964325 stage2_cross_edges_stage1_home=210516 stage2_cross_edges_final_home=117156 cross_edge_reduction_ratio=0.443482 failed=0 rpc_timeouts=0 reverse_aggregate_batches=0 reverse_aggregate_logical_requests=0 reverse_aggregate_ops=0 avg_reverse_aggregate_logicals=0.000000 avg_reverse_aggregate_ops=0.000000 max_backlog=26389 admission_window=65536 completion_outstanding=26920 completion_incomplete=26640 completed_behind_hole=280 completion_logical_full_failures=0 completion_physical_full_failures=0 pressure_yields=803014 stage2_batches=3009 avg_stage2_batch_size=7.988368 packing_target_batch=8 packing_admit_queue_avg=9483.182120 packing_admit_queue_max=26389 packing_batch_1_7=13 packing_batch_8=2996 packing_assembly_batches=3009 packing_assembly_wait_ms=51661118.773521 packing_arrival_interval_us=2585 packing_waited_batches=13 packing_wait_ms=207.189000 packing_target_flushes=2996 packing_deadline_flushes=13 packing_cleanup_flushes=0 stage2_phase_search_attempts=2979 stage2_phase_search_task_attempts=23797 stage2_phase_search_elapsed_ms=2249445.549776 avg_stage2_phase_search_us_per_task=94526.433995 stage2_phase_freeze_prune_attempts=4941 stage2_phase_freeze_prune_task_attempts=39489 stage2_phase_freeze_prune_elapsed_ms=159034.895123 avg_stage2_phase_freeze_prune_us_per_task=4027.321409 stage2_phase_reverse_prepare_attempts=2977 stage2_phase_reverse_prepare_task_attempts=23781 stage2_phase_reverse_prepare_elapsed_ms=378855.633740 avg_stage2_phase_reverse_prepare_us_per_task=15931.021981 stage2_phase_placement_authority_attempts=2977 stage2_phase_placement_authority_task_attempts=23781 stage2_phase_placement_authority_elapsed_ms=123376.740175 avg_stage2_phase_placement_authority_us_per_task=5188.038357 stage2_phase_completion_handoff_attempts=2977 stage2_phase_completion_handoff_task_attempts=23781 stage2_phase_completion_handoff_elapsed_ms=7.968551 avg_stage2_phase_completion_handoff_us_per_task=0.335081 stage2_phase_finalize_attempts=2977 stage2_phase_finalize_task_attempts=23781 stage2_phase_finalize_elapsed_ms=39.091591 avg_stage2_phase_finalize_us_per_task=1.643816 maintenance_worker_idle_waits=606656 maintenance_worker_idle_ms=378409.873520 maintenance_lost_wake_avoided=82840 maintenance_targeted_wakes=1303672 maintenance_generic_wakes=28817 maintenance_broadcast_wakes=0 maintenance_context_slots_scanned=5439856 maintenance_ready_notifications=654887 maintenance_ready_stale_notifications=79 maintenance_ready_tickets_drained=526057 maintenance_ready_overflow_scans=0 maintenance_ready_fallback_scans=340231 stage2_search_lane_lease_limit=32 stage2_search_lane_lease_peak=24 stage2_search_lane_lease_blocked=0 maintenance_worker_observed_idle_ratio=0.472856 maintenance_worker_observed_busy_ratio=0.527144 physical_stage1_items=50436 physical_stage1_total_ns=221343221103 physical_stage1_search_ns=201091320192 physical_stage1_prune_ns=14517997803 physical_stage1_allocate_write_ns=4255145100 physical_stage1_backlink_ns=913581800 physical_stage1_candidates=6452623 physical_stage1_remote_frontier_items=32965333 physical_stage1_neighbors=1949469 peer_stage1_enqueued=46553 peer_stage1_processed=46530 peer_stage1_items=80640 avg_peer_stage1_items=1.733075 peer_stage1_rate_per_sec=806.133139 peer_stage1_max_queue=45 peer_stage1_active_workers=3 peer_stage2_home_enqueued=127320 peer_stage2_home_processed=127320 peer_stage2_home_items=11923646 avg_peer_stage2_home_items=93.651005 peer_stage2_home_max_queue=24 peer_stage2_home_response_queue_drops=0 peer_stage2_home_response_send_wait_ms=3682.038483 avg_peer_stage2_home_queue_wait_us=103.318631 avg_peer_stage2_home_execution_us=108.324639 peer_stage1_release_deferred_batches=64 peer_stage1_release_deferred_items=105 peer_stage1_duplicate_retry_responses=0 peer_stage1_admission_retry_responses=0 peer_stage1_retry_response_drops=0 peer_stage1_admission_waiters=0 peer_stage1_admission_waiter_items=0 peer_stage1_admission_owned_items=0 peer_stage1_admission_wake_coverage=0 peer_stage1_admission_parked=0 peer_stage1_admission_woken=0 peer_stage1_admission_reparked=0 peer_stage1_max_admission_waiters=0 peer_stage1_duplicate_coalesced=12 peer_reverse_enqueued=10017 peer_reverse_processed=10016 peer_reverse_remaining=1 peer_reverse_items_enqueued=143209 peer_reverse_items_processed=143182 peer_reverse_rate_per_sec=1431.346170 peer_reverse_failed=8 peer_reverse_max_queue=23 reclaim_pending=31 reclaim_reused=4142 dynamic_high_watermark=26397940064 stage2_remaining=26384 cleanup_remaining=0 active_contexts=32 active_context_limit=32 repair_remaining=0 remaining=26640
[STATUS]: storage-owner maintenance observation: enqueued=53214 stage2_enqueued=53214 cleanup_enqueued=0 stage2_tasks_done=24901 stage2_finalized_live=24901 cleanup_processed=0 stale=0 stage2_completion_ratio=0.467941 live_stage2_completion_ratio=0.467941 avg_stage2_delay_ms=19241.433993 p99_stage2_delay_upper_ms=30000.000000 p99_stage2_delay_over_30s=true stage2_delay_histogram=0,0,0,0,0,0,7,16,72,94,233,561,1580,1442,4937,4266,4861,6832 max_stage2_delay_ms=50391.590699 compaction_batch_target=32 compaction_max_delay_ms=25.000000 stage2_rate_per_sec=237.073692 stage1_search_budget_exhausted=0 stage2_search_budget_exhausted=0 stage2_continuations=25157 stage2_remote_frontier_items=16412964 avg_stage2_remote_frontier=652.421354 stage2_remote_expansions=718894 avg_stage2_remote_expansions=28.576301 stage2_scored_candidates=36243910 avg_stage2_scored_candidates=1440.708749 stage2_graph_read_waves=188634 avg_stage2_expansions_per_graph_wave=3.811052 stage2_graph_unique_reads=755093 stage2_graph_prefetch_issued=497485 stage2_graph_prefetch_hits=465328 stage2_graph_prefetch_wasted=31435 stage2_graph_prefetch_promotion_ratio=0.936720 stage2_graph_issue_width_current=16 stage2_vector_read_waves=284469 avg_stage2_scores_per_vector_wave=127.408997 stage2_vector_unique_reads=19018863 stage2_home_rpc_batches=239987 stage2_home_rpc_items=16772855 avg_stage2_home_rpc_batch=69.890682 stage2_home_score_rpc_batches=66759 stage2_home_score_rpc_items=16017763 stage2_home_score_rpc_queries=297689 stage2_home_score_rpc_request_bytes=503924632 stage2_home_score_rpc_response_bytes=515470200 avg_stage2_home_score_queries_per_rpc=4.459159 avg_stage2_home_score_rpc_batch=239.934136 stage2_home_scored_neighbors=33242232 home_scores_per_expansion=1.981907 stage2_migrations=4364 home_match_rate=0.824746 stage2_final_edges=1010492 stage2_cross_edges_stage1_home=220946 stage2_cross_edges_final_home=123143 cross_edge_reduction_ratio=0.442656 failed=0 rpc_timeouts=0 reverse_aggregate_batches=0 reverse_aggregate_logical_requests=0 reverse_aggregate_ops=0 avg_reverse_aggregate_logicals=0.000000 avg_reverse_aggregate_ops=0.000000 max_backlog=28057 admission_window=65536 completion_outstanding=28529 completion_incomplete=28313 completed_behind_hole=216 completion_logical_full_failures=0 completion_physical_full_failures=0 pressure_yields=846006 stage2_batches=3149 avg_stage2_batch_size=7.988885 packing_target_batch=8 packing_admit_queue_avg=10271.815179 packing_admit_queue_max=28053 packing_batch_1_7=13 packing_batch_8=3136 packing_assembly_batches=3149 packing_assembly_wait_ms=58424153.596863 packing_arrival_interval_us=2981 packing_waited_batches=13 packing_wait_ms=207.189000 packing_target_flushes=3136 packing_deadline_flushes=13 packing_cleanup_flushes=0 stage2_phase_search_attempts=3123 stage2_phase_search_task_attempts=24949 stage2_phase_search_elapsed_ms=2373138.374445 avg_stage2_phase_search_us_per_task=95119.578919 stage2_phase_freeze_prune_attempts=5140 stage2_phase_freeze_prune_task_attempts=41081 stage2_phase_freeze_prune_elapsed_ms=166974.935694 avg_stage2_phase_freeze_prune_us_per_task=4064.529483 stage2_phase_reverse_prepare_attempts=3118 stage2_phase_reverse_prepare_task_attempts=24909 stage2_phase_reverse_prepare_elapsed_ms=400140.907493 avg_stage2_phase_reverse_prepare_us_per_task=16064.109659 stage2_phase_placement_authority_attempts=3117 stage2_phase_placement_authority_task_attempts=24901 stage2_phase_placement_authority_elapsed_ms=130066.591376 avg_stage2_phase_placement_authority_us_per_task=5223.348114 stage2_phase_completion_handoff_attempts=3117 stage2_phase_completion_handoff_task_attempts=24901 stage2_phase_completion_handoff_elapsed_ms=8.366485 avg_stage2_phase_completion_handoff_us_per_task=0.335990 stage2_phase_finalize_attempts=3117 stage2_phase_finalize_task_attempts=24901 stage2_phase_finalize_elapsed_ms=41.049731 avg_stage2_phase_finalize_us_per_task=1.648517 maintenance_worker_idle_waits=638976 maintenance_worker_idle_ms=396083.835075 maintenance_lost_wake_avoided=86988 maintenance_targeted_wakes=1366364 maintenance_generic_wakes=30423 maintenance_broadcast_wakes=0 maintenance_context_slots_scanned=5733632 maintenance_ready_notifications=685561 maintenance_ready_stale_notifications=84 maintenance_ready_tickets_drained=551099 maintenance_ready_overflow_scans=0 maintenance_ready_fallback_scans=358513 stage2_search_lane_lease_limit=32 stage2_search_lane_lease_peak=24 stage2_search_lane_lease_blocked=0 maintenance_worker_observed_idle_ratio=0.471372 maintenance_worker_observed_busy_ratio=0.528628 physical_stage1_items=53231 physical_stage1_total_ns=233532844950 physical_stage1_search_ns=212189006458 physical_stage1_prune_ns=15319255059 physical_stage1_allocate_write_ns=4462067016 physical_stage1_backlink_ns=966196037 physical_stage1_candidates=6810011 physical_stage1_remote_frontier_items=34811779 physical_stage1_neighbors=2056787 peer_stage1_enqueued=49166 peer_stage1_processed=49157 peer_stage1_items=85187 avg_peer_stage1_items=1.732958 peer_stage1_rate_per_sec=811.035565 peer_stage1_max_queue=45 peer_stage1_active_workers=3 peer_stage2_home_enqueued=133478 peer_stage2_home_processed=133478 peer_stage2_home_items=12500907 avg_peer_stage2_home_items=93.655187 peer_stage2_home_max_queue=24 peer_stage2_home_response_queue_drops=0 peer_stage2_home_response_send_wait_ms=3874.317148 avg_peer_stage2_home_queue_wait_us=104.251990 avg_peer_stage2_home_execution_us=108.192739 peer_stage1_release_deferred_batches=68 peer_stage1_release_deferred_items=115 peer_stage1_duplicate_retry_responses=0 peer_stage1_admission_retry_responses=0 peer_stage1_retry_response_drops=0 peer_stage1_admission_waiters=0 peer_stage1_admission_waiter_items=0 peer_stage1_admission_owned_items=0 peer_stage1_admission_wake_coverage=0 peer_stage1_admission_parked=0 peer_stage1_admission_woken=0 peer_stage1_admission_reparked=0 peer_stage1_max_admission_waiters=0 peer_stage1_duplicate_coalesced=13 peer_reverse_enqueued=10513 peer_reverse_processed=10508 peer_reverse_remaining=5 peer_reverse_items_enqueued=149961 peer_reverse_items_processed=149860 peer_reverse_rate_per_sec=1426.764528 peer_reverse_failed=8 peer_reverse_max_queue=23 reclaim_pending=23 reclaim_reused=4341 dynamic_high_watermark=26401466480 stage2_remaining=28057 cleanup_remaining=0 active_contexts=32 active_context_limit=32 repair_remaining=0 remaining=28313
[STATUS]: storage-owner maintenance observation: enqueued=55987 stage2_enqueued=55987 cleanup_enqueued=0 stage2_tasks_done=26029 stage2_finalized_live=26029 cleanup_processed=0 stale=0 stage2_completion_ratio=0.464911 live_stage2_completion_ratio=0.464911 avg_stage2_delay_ms=20654.935190 p99_stage2_delay_upper_ms=30000.000000 p99_stage2_delay_over_30s=true stage2_delay_histogram=0,0,0,0,0,0,7,16,72,94,233,561,1580,1442,4937,4266,4861,7960 max_stage2_delay_ms=53775.166855 compaction_batch_target=32 compaction_max_delay_ms=25.000000 stage2_rate_per_sec=236.551933 stage1_search_budget_exhausted=0 stage2_search_budget_exhausted=0 stage2_continuations=26277 stage2_remote_frontier_items=17147879 avg_stage2_remote_frontier=652.581307 stage2_remote_expansions=750968 avg_stage2_remote_expansions=28.578909 stage2_scored_candidates=37843636 avg_stage2_scored_candidates=1440.180995 stage2_graph_read_waves=196442 avg_stage2_expansions_per_graph_wave=3.822848 stage2_graph_unique_reads=787224 stage2_graph_prefetch_issued=519310 stage2_graph_prefetch_hits=485917 stage2_graph_prefetch_wasted=32769 stage2_graph_prefetch_promotion_ratio=0.936823 stage2_graph_issue_width_current=16 stage2_vector_read_waves=297802 avg_stage2_scores_per_vector_wave=127.076500 stage2_vector_unique_reads=19887153 stage2_home_rpc_batches=250376 stage2_home_rpc_items=17531312 avg_stage2_home_rpc_batch=70.019938 stage2_home_score_rpc_batches=69853 stage2_home_score_rpc_items=16744088 stage2_home_score_rpc_queries=311324 stage2_home_score_rpc_request_bytes=526829040 stage2_home_score_rpc_response_bytes=538847080 avg_stage2_home_score_queries_per_rpc=4.456845 avg_stage2_home_score_rpc_batch=239.704637 stage2_home_scored_neighbors=34699824 home_scores_per_expansion=1.979306 stage2_migrations=4546 home_match_rate=0.825349 stage2_final_edges=1056788 stage2_cross_edges_stage1_home=230869 stage2_cross_edges_final_home=129013 cross_edge_reduction_ratio=0.441185 failed=0 rpc_timeouts=0 reverse_aggregate_batches=0 reverse_aggregate_logical_requests=0 reverse_aggregate_ops=0 avg_reverse_aggregate_logicals=0.000000 avg_reverse_aggregate_ops=0.000000 max_backlog=29710 admission_window=65536 completion_outstanding=30334 completion_incomplete=29958 completed_behind_hole=376 completion_logical_full_failures=0 completion_physical_full_failures=0 pressure_yields=888061 stage2_batches=3289 avg_stage2_batch_size=7.989358 packing_target_batch=8 packing_admit_queue_avg=11067.506233 packing_admit_queue_max=29656 packing_batch_1_7=13 packing_batch_8=3276 packing_assembly_batches=3289 packing_assembly_wait_ms=65620404.866005 packing_arrival_interval_us=2098 packing_waited_batches=13 packing_wait_ms=207.189000 packing_target_flushes=3276 packing_deadline_flushes=13 packing_cleanup_flushes=0 stage2_phase_search_attempts=3268 stage2_phase_search_task_attempts=26109 stage2_phase_search_elapsed_ms=2496780.470874 avg_stage2_phase_search_us_per_task=95629.111451 stage2_phase_freeze_prune_attempts=5354 stage2_phase_freeze_prune_task_attempts=42793 stage2_phase_freeze_prune_elapsed_ms=175851.852983 avg_stage2_phase_freeze_prune_us_per_task=4109.360245 stage2_phase_reverse_prepare_attempts=3261 stage2_phase_reverse_prepare_task_attempts=26053 stage2_phase_reverse_prepare_elapsed_ms=425250.278732 avg_stage2_phase_reverse_prepare_us_per_task=16322.507148 stage2_phase_placement_authority_attempts=3258 stage2_phase_placement_authority_task_attempts=26029 stage2_phase_placement_authority_elapsed_ms=137270.526200 avg_stage2_phase_placement_authority_us_per_task=5273.753360 stage2_phase_completion_handoff_attempts=3258 stage2_phase_completion_handoff_task_attempts=26029 stage2_phase_completion_handoff_elapsed_ms=8.781033 avg_stage2_phase_completion_handoff_us_per_task=0.337356 stage2_phase_finalize_attempts=3258 stage2_phase_finalize_task_attempts=26029 stage2_phase_finalize_elapsed_ms=43.061842 avg_stage2_phase_finalize_us_per_task=1.654379 maintenance_worker_idle_waits=670336 maintenance_worker_idle_ms=412131.421861 maintenance_lost_wake_avoided=90993 maintenance_targeted_wakes=1427835 maintenance_generic_wakes=32014 maintenance_broadcast_wakes=0 maintenance_context_slots_scanned=6010368 maintenance_ready_notifications=715893 maintenance_ready_stale_notifications=89 maintenance_ready_tickets_drained=575777 maintenance_ready_overflow_scans=0 maintenance_ready_fallback_scans=375737 stage2_search_lane_lease_limit=32 stage2_search_lane_lease_peak=24 stage2_search_lane_lease_blocked=0 maintenance_worker_observed_idle_ratio=0.468182 maintenance_worker_observed_busy_ratio=0.531818 physical_stage1_items=56005 physical_stage1_total_ns=245732796832 physical_stage1_search_ns=223299187447 physical_stage1_prune_ns=16120435280 physical_stage1_allocate_write_ns=4666111236 physical_stage1_backlink_ns=1019934984 physical_stage1_candidates=7164731 physical_stage1_remote_frontier_items=36649837 physical_stage1_neighbors=2164915 peer_stage1_enqueued=51805 peer_stage1_processed=51800 peer_stage1_items=89644 avg_peer_stage1_items=1.730579 peer_stage1_rate_per_sec=814.685984 peer_stage1_max_queue=45 peer_stage1_active_workers=3 peer_stage2_home_enqueued=139077 peer_stage2_home_processed=139077 peer_stage2_home_items=13017981 avg_peer_stage2_home_items=93.602688 peer_stage2_home_max_queue=24 peer_stage2_home_response_queue_drops=0 peer_stage2_home_response_send_wait_ms=3992.134395 avg_peer_stage2_home_queue_wait_us=103.732416 avg_peer_stage2_home_execution_us=108.096212 peer_stage1_release_deferred_batches=72 peer_stage1_release_deferred_items=123 peer_stage1_duplicate_retry_responses=0 peer_stage1_admission_retry_responses=0 peer_stage1_retry_response_drops=0 peer_stage1_admission_waiters=0 peer_stage1_admission_waiter_items=0 peer_stage1_admission_owned_items=0 peer_stage1_admission_wake_coverage=0 peer_stage1_admission_parked=0 peer_stage1_admission_woken=0 peer_stage1_admission_reparked=0 peer_stage1_max_admission_waiters=0 peer_stage1_duplicate_coalesced=14 peer_reverse_enqueued=10966 peer_reverse_processed=10966 peer_reverse_remaining=0 peer_reverse_items_enqueued=156609 peer_reverse_items_processed=156609 peer_reverse_rate_per_sec=1423.264884 peer_reverse_failed=8 peer_reverse_max_queue=23 reclaim_pending=39 reclaim_reused=4507 dynamic_high_watermark=26404994192 stage2_remaining=29710 cleanup_remaining=0 active_contexts=32 active_context_limit=32 repair_remaining=0 remaining=29958
[STATUS]: storage-owner maintenance observation: enqueued=58749 stage2_enqueued=58749 cleanup_enqueued=0 stage2_tasks_done=27101 stage2_finalized_live=27101 cleanup_processed=0 stale=0 stage2_completion_ratio=0.461301 live_stage2_completion_ratio=0.461301 avg_stage2_delay_ms=21996.240665 p99_stage2_delay_upper_ms=30000.000000 p99_stage2_delay_over_30s=true stage2_delay_histogram=0,0,0,0,0,0,7,16,72,94,233,561,1580,1442,4937,4266,4861,9032 max_stage2_delay_ms=56377.363449 compaction_batch_target=32 compaction_max_delay_ms=25.000000 stage2_rate_per_sec=235.589050 stage1_search_budget_exhausted=0 stage2_search_budget_exhausted=0 stage2_continuations=27357 stage2_remote_frontier_items=17873504 avg_stage2_remote_frontier=653.342984 stage2_remote_expansions=782353 avg_stage2_remote_expansions=28.597909 stage2_scored_candidates=39480394 avg_stage2_scored_candidates=1443.155097 stage2_graph_read_waves=204925 avg_stage2_expansions_per_graph_wave=3.817753 stage2_graph_unique_reads=821277 stage2_graph_prefetch_issued=541890 stage2_graph_prefetch_hits=507172 stage2_graph_prefetch_wasted=34119 stage2_graph_prefetch_promotion_ratio=0.936967 stage2_graph_issue_width_current=16 stage2_vector_read_waves=310827 avg_stage2_scores_per_vector_wave=127.017260 stage2_vector_unique_reads=20721584 stage2_home_rpc_batches=261245 stage2_home_rpc_items=18269653 avg_stage2_home_rpc_batch=69.933025 stage2_home_score_rpc_batches=72836 stage2_home_score_rpc_items=17448377 stage2_home_score_rpc_queries=324542 stage2_home_score_rpc_request_bytes=549069520 stage2_home_score_rpc_response_bytes=561517232 avg_stage2_home_score_queries_per_rpc=4.455791 avg_stage2_home_score_rpc_batch=239.557046 stage2_home_scored_neighbors=36205929 home_scores_per_expansion=1.981752 stage2_migrations=4744 home_match_rate=0.824951 stage2_final_edges=1100561 stage2_cross_edges_stage1_home=240663 stage2_cross_edges_final_home=134247 cross_edge_reduction_ratio=0.442178 failed=0 rpc_timeouts=0 reverse_aggregate_batches=0 reverse_aggregate_logical_requests=0 reverse_aggregate_ops=0 avg_reverse_aggregate_logicals=0.000000 avg_reverse_aggregate_ops=0.000000 max_backlog=31392 admission_window=65536 completion_outstanding=31816 completion_incomplete=31648 completed_behind_hole=168 completion_logical_full_failures=0 completion_physical_full_failures=0 pressure_yields=928944 stage2_batches=3424 avg_stage2_batch_size=7.989778 packing_target_batch=8 packing_admit_queue_avg=11831.532126 packing_admit_queue_max=31388 packing_batch_1_7=13 packing_batch_8=3411 packing_assembly_batches=3424 packing_assembly_wait_ms=72925201.508419 packing_arrival_interval_us=2302 packing_waited_batches=13 packing_wait_ms=207.189000 packing_target_flushes=3411 packing_deadline_flushes=13 packing_cleanup_flushes=0 stage2_phase_search_attempts=3402 stage2_phase_search_task_attempts=27181 stage2_phase_search_elapsed_ms=2612446.688809 avg_stage2_phase_search_us_per_task=96112.971885 stage2_phase_freeze_prune_attempts=5550 stage2_phase_freeze_prune_task_attempts=44361 stage2_phase_freeze_prune_elapsed_ms=184040.007333 avg_stage2_phase_freeze_prune_us_per_task=4148.689329 stage2_phase_reverse_prepare_attempts=3395 stage2_phase_reverse_prepare_task_attempts=27125 stage2_phase_reverse_prepare_elapsed_ms=448099.526127 avg_stage2_phase_reverse_prepare_us_per_task=16519.798198 stage2_phase_placement_authority_attempts=3392 stage2_phase_placement_authority_task_attempts=27101 stage2_phase_placement_authority_elapsed_ms=144399.643079 avg_stage2_phase_placement_authority_us_per_task=5328.203501 stage2_phase_completion_handoff_attempts=3392 stage2_phase_completion_handoff_task_attempts=27101 stage2_phase_completion_handoff_elapsed_ms=9.169864 avg_stage2_phase_completion_handoff_us_per_task=0.338359 stage2_phase_finalize_attempts=3392 stage2_phase_finalize_task_attempts=27101 stage2_phase_finalize_elapsed_ms=44.963835 avg_stage2_phase_finalize_us_per_task=1.659121 maintenance_worker_idle_waits=700608 maintenance_worker_idle_ms=429310.035292 maintenance_lost_wake_avoided=94263 maintenance_targeted_wakes=1483835 maintenance_generic_wakes=33592 maintenance_broadcast_wakes=0 maintenance_context_slots_scanned=6246032 maintenance_ready_notifications=746540 maintenance_ready_stale_notifications=91 maintenance_ready_tickets_drained=601017 maintenance_ready_overflow_scans=0 maintenance_ready_fallback_scans=390570 stage2_search_lane_lease_limit=32 stage2_search_lane_lease_peak=24 stage2_search_lane_lease_blocked=0 maintenance_worker_observed_idle_ratio=0.466499 maintenance_worker_observed_busy_ratio=0.533501 physical_stage1_items=58771 physical_stage1_total_ns=258021356118 physical_stage1_search_ns=234461056822 physical_stage1_prune_ns=16917949534 physical_stage1_allocate_write_ns=4912133868 physical_stage1_backlink_ns=1072207100 physical_stage1_candidates=7518383 physical_stage1_remote_frontier_items=38450579 physical_stage1_neighbors=2272123 peer_stage1_enqueued=54390 peer_stage1_processed=54388 peer_stage1_items=94019 avg_peer_stage1_items=1.728672 peer_stage1_rate_per_sec=817.307366 peer_stage1_max_queue=45 peer_stage1_active_workers=2 peer_stage2_home_enqueued=145026 peer_stage2_home_processed=145026 peer_stage2_home_items=13581560 avg_peer_stage2_home_items=93.649139 peer_stage2_home_max_queue=24 peer_stage2_home_response_queue_drops=0 peer_stage2_home_response_send_wait_ms=4165.900672 avg_peer_stage2_home_queue_wait_us=103.824307 avg_peer_stage2_home_execution_us=108.009679 peer_stage1_release_deferred_batches=77 peer_stage1_release_deferred_items=131 peer_stage1_duplicate_retry_responses=0 peer_stage1_admission_retry_responses=0 peer_stage1_retry_response_drops=0 peer_stage1_admission_waiters=0 peer_stage1_admission_waiter_items=0 peer_stage1_admission_owned_items=0 peer_stage1_admission_wake_coverage=0 peer_stage1_admission_parked=0 peer_stage1_admission_woken=0 peer_stage1_admission_reparked=0 peer_stage1_max_admission_waiters=0 peer_stage1_duplicate_coalesced=16 peer_reverse_enqueued=11458 peer_reverse_processed=11457 peer_reverse_remaining=1 peer_reverse_items_enqueued=163518 peer_reverse_items_processed=163512 peer_reverse_rate_per_sec=1421.410162 peer_reverse_failed=8 peer_reverse_max_queue=23 reclaim_pending=20 reclaim_reused=4724 dynamic_high_watermark=26408462288 stage2_remaining=31392 cleanup_remaining=0 active_contexts=32 active_context_limit=32 repair_remaining=0 remaining=31648
[STATUS]: storage-owner maintenance observation: enqueued=61619 stage2_enqueued=61619 cleanup_enqueued=0 stage2_tasks_done=28285 stage2_finalized_live=28285 cleanup_processed=0 stale=0 stage2_completion_ratio=0.459030 live_stage2_completion_ratio=0.459030 avg_stage2_delay_ms=23488.928985 p99_stage2_delay_upper_ms=30000.000000 p99_stage2_delay_over_30s=true stage2_delay_histogram=0,0,0,0,0,0,7,16,72,94,233,561,1580,1442,4937,4266,4861,10216 max_stage2_delay_ms=59677.007358 compaction_batch_target=32 compaction_max_delay_ms=25.000000 stage2_rate_per_sec=235.638900 stage1_search_budget_exhausted=0 stage2_search_budget_exhausted=0 stage2_continuations=28541 stage2_remote_frontier_items=18622716 avg_stage2_remote_frontier=652.489962 stage2_remote_expansions=815555 avg_stage2_remote_expansions=28.574857 stage2_scored_candidates=41081024 avg_stage2_scored_candidates=1439.368768 stage2_graph_read_waves=213373 avg_stage2_expansions_per_graph_wave=3.822203 stage2_graph_unique_reads=854179 stage2_graph_prefetch_issued=563271 stage2_graph_prefetch_hits=527052 stage2_graph_prefetch_wasted=35509 stage2_graph_prefetch_promotion_ratio=0.936880 stage2_graph_issue_width_current=16 stage2_vector_read_waves=323483 avg_stage2_scores_per_vector_wave=126.995929 stage2_vector_unique_reads=21583378 stage2_home_rpc_batches=271983 stage2_home_rpc_items=19037326 avg_stage2_home_rpc_batch=69.994544 stage2_home_score_rpc_batches=75960 stage2_home_score_rpc_items=18183147 stage2_home_score_rpc_queries=338376 stage2_home_score_rpc_request_bytes=572292496 stage2_home_score_rpc_response_bytes=585169016 avg_stage2_home_score_queries_per_rpc=4.454660 avg_stage2_home_score_rpc_batch=239.377923 stage2_home_scored_neighbors=37679373 home_scores_per_expansion=1.979237 stage2_migrations=4946 home_match_rate=0.825137 stage2_final_edges=1148500 stage2_cross_edges_stage1_home=250918 stage2_cross_edges_final_home=139840 cross_edge_reduction_ratio=0.442686 failed=0 rpc_timeouts=0 reverse_aggregate_batches=0 reverse_aggregate_logical_requests=0 reverse_aggregate_ops=0 avg_reverse_aggregate_logicals=0.000000 avg_reverse_aggregate_ops=0.000000 max_backlog=33080 admission_window=65536 completion_outstanding=33550 completion_incomplete=33334 completed_behind_hole=216 completion_logical_full_failures=0 completion_physical_full_failures=0 pressure_yields=969908 stage2_batches=3572 avg_stage2_batch_size=7.990202 packing_target_batch=8 packing_admit_queue_avg=12673.668533 packing_admit_queue_max=33080 packing_batch_1_7=13 packing_batch_8=3559 packing_assembly_batches=3572 packing_assembly_wait_ms=81396799.125808 packing_arrival_interval_us=3195 packing_waited_batches=13 packing_wait_ms=207.189000 packing_target_flushes=3559 packing_deadline_flushes=13 packing_cleanup_flushes=0 stage2_phase_search_attempts=3548 stage2_phase_search_task_attempts=28349 stage2_phase_search_elapsed_ms=2735616.795203 avg_stage2_phase_search_us_per_task=96497.823387 stage2_phase_freeze_prune_attempts=5757 stage2_phase_freeze_prune_task_attempts=46017 stage2_phase_freeze_prune_elapsed_ms=192729.061522 avg_stage2_phase_freeze_prune_us_per_task=4188.214389 stage2_phase_reverse_prepare_attempts=3541 stage2_phase_reverse_prepare_task_attempts=28293 stage2_phase_reverse_prepare_elapsed_ms=471032.442657 avg_stage2_phase_reverse_prepare_us_per_task=16648.373897 stage2_phase_placement_authority_attempts=3540 stage2_phase_placement_authority_task_attempts=28285 stage2_phase_placement_authority_elapsed_ms=151165.043728 avg_stage2_phase_placement_authority_us_per_task=5344.353676 stage2_phase_completion_handoff_attempts=3540 stage2_phase_completion_handoff_task_attempts=28285 stage2_phase_completion_handoff_elapsed_ms=9.612232 avg_stage2_phase_completion_handoff_us_per_task=0.339835 stage2_phase_finalize_attempts=3540 stage2_phase_finalize_task_attempts=28285 stage2_phase_finalize_elapsed_ms=47.139213 avg_stage2_phase_finalize_us_per_task=1.666580 maintenance_worker_idle_waits=731328 maintenance_worker_idle_ms=446544.251437 maintenance_lost_wake_avoided=97759 maintenance_targeted_wakes=1541439 maintenance_generic_wakes=35221 maintenance_broadcast_wakes=0 maintenance_context_slots_scanned=6496208 maintenance_ready_notifications=777407 maintenance_ready_stale_notifications=94 maintenance_ready_tickets_drained=626045 maintenance_ready_overflow_scans=0 maintenance_ready_fallback_scans=406134 stage2_search_lane_lease_limit=32 stage2_search_lane_lease_peak=24 stage2_search_lane_lease_blocked=0 maintenance_worker_observed_idle_ratio=0.465013 maintenance_worker_observed_busy_ratio=0.534987 physical_stage1_items=61634 physical_stage1_total_ns=270483634228 physical_stage1_search_ns=245765386434 physical_stage1_prune_ns=17727856106 physical_stage1_allocate_write_ns=5173570231 physical_stage1_backlink_ns=1127162038 physical_stage1_candidates=7884310 physical_stage1_remote_frontier_items=40294389 physical_stage1_neighbors=2382173 peer_stage1_enqueued=57080 peer_stage1_processed=57070 peer_stage1_items=98656 avg_peer_stage1_items=1.728684 peer_stage1_rate_per_sec=821.891156 peer_stage1_max_queue=45 peer_stage1_active_workers=3 peer_stage2_home_enqueued=151117 peer_stage2_home_processed=151117 peer_stage2_home_items=14141659 avg_peer_stage2_home_items=93.580861 peer_stage2_home_max_queue=24 peer_stage2_home_response_queue_drops=0 peer_stage2_home_response_send_wait_ms=4294.773267 avg_peer_stage2_home_queue_wait_us=103.507426 avg_peer_stage2_home_execution_us=107.743073 peer_stage1_release_deferred_batches=81 peer_stage1_release_deferred_items=135 peer_stage1_duplicate_retry_responses=0 peer_stage1_admission_retry_responses=0 peer_stage1_retry_response_drops=0 peer_stage1_admission_waiters=0 peer_stage1_admission_waiter_items=0 peer_stage1_admission_owned_items=0 peer_stage1_admission_wake_coverage=0 peer_stage1_admission_parked=0 peer_stage1_admission_woken=0 peer_stage1_admission_reparked=0 peer_stage1_max_admission_waiters=0 peer_stage1_duplicate_coalesced=18 peer_reverse_enqueued=11911 peer_reverse_processed=11911 peer_reverse_remaining=0 peer_reverse_items_enqueued=170052 peer_reverse_items_processed=170052 peer_reverse_rate_per_sec=1416.682562 peer_reverse_failed=8 peer_reverse_max_queue=23 reclaim_pending=27 reclaim_reused=4919 dynamic_high_watermark=26412075536 stage2_remaining=33078 cleanup_remaining=0 active_contexts=32 active_context_limit=32 repair_remaining=0 remaining=33334
[STATUS]: storage-owner maintenance observation: enqueued=64402 stage2_enqueued=64402 cleanup_enqueued=0 stage2_tasks_done=29469 stage2_finalized_live=29469 cleanup_processed=0 stale=0 stage2_completion_ratio=0.457579 live_stage2_completion_ratio=0.457579 avg_stage2_delay_ms=24983.377526 p99_stage2_delay_upper_ms=30000.000000 p99_stage2_delay_over_30s=true stage2_delay_histogram=0,0,0,0,0,0,7,16,72,94,233,561,1580,1442,4937,4266,4861,11400 max_stage2_delay_ms=62336.876646 compaction_batch_target=32 compaction_max_delay_ms=25.000000 stage2_rate_per_sec=235.685305 stage1_search_budget_exhausted=0 stage2_search_budget_exhausted=0 stage2_continuations=29725 stage2_remote_frontier_items=19379489 avg_stage2_remote_frontier=651.959260 stage2_remote_expansions=847307 avg_stage2_remote_expansions=28.504861 stage2_scored_candidates=42748458 avg_stage2_scored_candidates=1438.131472 stage2_graph_read_waves=222039 avg_stage2_expansions_per_graph_wave=3.816028 stage2_graph_unique_reads=888765 stage2_graph_prefetch_issued=585799 stage2_graph_prefetch_hits=548343 stage2_graph_prefetch_wasted=36923 stage2_graph_prefetch_promotion_ratio=0.936912 stage2_graph_issue_width_current=16 stage2_vector_read_waves=336876 avg_stage2_scores_per_vector_wave=126.896716 stage2_vector_unique_reads=22457301 stage2_home_rpc_batches=282930 stage2_home_rpc_items=19810654 avg_stage2_home_rpc_batch=70.019630 stage2_home_score_rpc_batches=79132 stage2_home_score_rpc_items=18921910 stage2_home_score_rpc_queries=352379 stage2_home_score_rpc_request_bytes=595700288 stage2_home_score_rpc_response_bytes=608953160 avg_stage2_home_score_queries_per_rpc=4.453053 avg_stage2_home_score_rpc_batch=239.118309 stage2_home_scored_neighbors=39211556 home_scores_per_expansion=1.979317 stage2_migrations=5145 home_match_rate=0.825410 stage2_final_edges=1197670 stage2_cross_edges_stage1_home=261406 stage2_cross_edges_final_home=145819 cross_edge_reduction_ratio=0.442174 failed=0 rpc_timeouts=0 reverse_aggregate_batches=0 reverse_aggregate_logical_requests=0 reverse_aggregate_ops=0 avg_reverse_aggregate_logicals=0.000000 avg_reverse_aggregate_ops=0.000000 max_backlog=34677 admission_window=65536 completion_outstanding=35213 completion_incomplete=34933 completed_behind_hole=280 completion_logical_full_failures=0 completion_physical_full_failures=0 pressure_yields=1012445 stage2_batches=3720 avg_stage2_batch_size=7.990591 packing_target_batch=8 packing_admit_queue_avg=13516.356720 packing_admit_queue_max=34676 packing_batch_1_7=13 packing_batch_8=3707 packing_assembly_batches=3720 packing_assembly_wait_ms=90311295.168148 packing_arrival_interval_us=2618 packing_waited_batches=13 packing_wait_ms=207.189000 packing_target_flushes=3707 packing_deadline_flushes=13 packing_cleanup_flushes=0 stage2_phase_search_attempts=3692 stage2_phase_search_task_attempts=29501 stage2_phase_search_elapsed_ms=2857691.252626 avg_stage2_phase_search_us_per_task=96867.606272 stage2_phase_freeze_prune_attempts=5956 stage2_phase_freeze_prune_task_attempts=47609 stage2_phase_freeze_prune_elapsed_ms=201079.238751 avg_stage2_phase_freeze_prune_us_per_task=4223.555184 stage2_phase_reverse_prepare_attempts=3688 stage2_phase_reverse_prepare_task_attempts=29469 stage2_phase_reverse_prepare_elapsed_ms=490075.653997 avg_stage2_phase_reverse_prepare_us_per_task=16630.209848 stage2_phase_placement_authority_attempts=3688 stage2_phase_placement_authority_task_attempts=29469 stage2_phase_placement_authority_elapsed_ms=157953.241326 avg_stage2_phase_placement_authority_us_per_task=5359.979685 stage2_phase_completion_handoff_attempts=3688 stage2_phase_completion_handoff_task_attempts=29469 stage2_phase_completion_handoff_elapsed_ms=10.048326 avg_stage2_phase_completion_handoff_us_per_task=0.340980 stage2_phase_finalize_attempts=3688 stage2_phase_finalize_task_attempts=29469 stage2_phase_finalize_elapsed_ms=49.277758 avg_stage2_phase_finalize_us_per_task=1.672190 maintenance_worker_idle_waits=763200 maintenance_worker_idle_ms=463948.904980 maintenance_lost_wake_avoided=101607 maintenance_targeted_wakes=1601386 maintenance_generic_wakes=36827 maintenance_broadcast_wakes=0 maintenance_context_slots_scanned=6760320 maintenance_ready_notifications=808799 maintenance_ready_stale_notifications=98 maintenance_ready_tickets_drained=651863 maintenance_ready_overflow_scans=0 maintenance_ready_fallback_scans=422699 stage2_search_lane_lease_limit=32 stage2_search_lane_lease_peak=24 stage2_search_lane_lease_blocked=0 maintenance_worker_observed_idle_ratio=0.463818 maintenance_worker_observed_busy_ratio=0.536182 physical_stage1_items=64418 physical_stage1_total_ns=282766431617 physical_stage1_search_ns=256916041979 physical_stage1_prune_ns=18528925115 physical_stage1_allocate_write_ns=5420886436 physical_stage1_backlink_ns=1179654879 physical_stage1_candidates=8240158 physical_stage1_remote_frontier_items=42039513 physical_stage1_neighbors=2490228 peer_stage1_enqueued=59728 peer_stage1_processed=59720 peer_stage1_items=103147 avg_peer_stage1_items=1.727177 peer_stage1_rate_per_sec=824.942555 peer_stage1_max_queue=45 peer_stage1_active_workers=3 peer_stage2_home_enqueued=156737 peer_stage2_home_processed=156737 peer_stage2_home_items=14698455 avg_peer_stage2_home_items=93.777825 peer_stage2_home_max_queue=24 peer_stage2_home_response_queue_drops=0 peer_stage2_home_response_send_wait_ms=4470.545484 avg_peer_stage2_home_queue_wait_us=102.901677 avg_peer_stage2_home_execution_us=107.915599 peer_stage1_release_deferred_batches=84 peer_stage1_release_deferred_items=139 peer_stage1_duplicate_retry_responses=0 peer_stage1_admission_retry_responses=0 peer_stage1_retry_response_drops=0 peer_stage1_admission_waiters=0 peer_stage1_admission_waiter_items=0 peer_stage1_admission_owned_items=0 peer_stage1_admission_wake_coverage=0 peer_stage1_admission_parked=0 peer_stage1_admission_woken=0 peer_stage1_admission_reparked=0 peer_stage1_max_admission_waiters=0 peer_stage1_duplicate_coalesced=18 peer_reverse_enqueued=12400 peer_reverse_processed=12398 peer_reverse_remaining=2 peer_reverse_items_enqueued=176641 peer_reverse_items_processed=176587 peer_reverse_rate_per_sec=1412.296343 peer_reverse_failed=8 peer_reverse_max_queue=23 reclaim_pending=47 reclaim_reused=5098 dynamic_high_watermark=26415608432 stage2_remaining=34677 cleanup_remaining=0 active_contexts=32 active_context_limit=32 repair_remaining=0 remaining=34933
[STATUS]: storage-owner maintenance observation: enqueued=67302 stage2_enqueued=67302 cleanup_enqueued=0 stage2_tasks_done=30453 stage2_finalized_live=30453 cleanup_processed=0 stale=0 stage2_completion_ratio=0.452483 live_stage2_completion_ratio=0.452483 avg_stage2_delay_ms=26237.627073 p99_stage2_delay_upper_ms=30000.000000 p99_stage2_delay_over_30s=true stage2_delay_histogram=0,0,0,0,0,0,7,16,72,94,233,561,1580,1442,4937,4266,4861,12384 max_stage2_delay_ms=65989.680019 compaction_batch_target=32 compaction_max_delay_ms=25.000000 stage2_rate_per_sec=234.190040 stage1_search_budget_exhausted=0 stage2_search_budget_exhausted=0 stage2_continuations=30709 stage2_remote_frontier_items=20040515 avg_stage2_remote_frontier=652.594191 stage2_remote_expansions=876306 avg_stage2_remote_expansions=28.535804 stage2_scored_candidates=44149494 avg_stage2_scored_candidates=1437.672800 stage2_graph_read_waves=228992 avg_stage2_expansions_per_graph_wave=3.826797 stage2_graph_unique_reads=918178 stage2_graph_prefetch_issued=605836 stage2_graph_prefetch_hits=567228 stage2_graph_prefetch_wasted=38018 stage2_graph_prefetch_promotion_ratio=0.937186 stage2_graph_issue_width_current=16 stage2_vector_read_waves=347593 avg_stage2_scores_per_vector_wave=127.014911 stage2_vector_unique_reads=23197834 stage2_home_rpc_batches=291611 stage2_home_rpc_items=20469360 avg_stage2_home_rpc_batch=70.194060 stage2_home_score_rpc_batches=81812 stage2_home_score_rpc_items=19551238 stage2_home_score_rpc_queries=364484 stage2_home_score_rpc_request_bytes=615717744 stage2_home_score_rpc_response_bytes=629214104 avg_stage2_home_score_queries_per_rpc=4.455141 avg_stage2_home_score_rpc_batch=238.977632 stage2_home_scored_neighbors=40502568 home_scores_per_expansion=1.978692 stage2_migrations=5317 home_match_rate=0.825403 stage2_final_edges=1237482 stage2_cross_edges_stage1_home=270212 stage2_cross_edges_final_home=150867 cross_edge_reduction_ratio=0.441672 failed=0 rpc_timeouts=0 reverse_aggregate_batches=0 reverse_aggregate_logical_requests=0 reverse_aggregate_ops=0 avg_reverse_aggregate_logicals=0.000000 avg_reverse_aggregate_ops=0.000000 max_backlog=36593 admission_window=65536 completion_outstanding=37033 completion_incomplete=36849 completed_behind_hole=184 completion_logical_full_failures=0 completion_physical_full_failures=0 pressure_yields=1047864 stage2_batches=3843 avg_stage2_batch_size=7.990893 packing_target_batch=8 packing_admit_queue_avg=14225.141556 packing_admit_queue_max=36583 packing_batch_1_7=13 packing_batch_8=3830 packing_assembly_batches=3843 packing_assembly_wait_ms=98101667.850961 packing_arrival_interval_us=2573 packing_waited_batches=13 packing_wait_ms=207.189000 packing_target_flushes=3830 packing_deadline_flushes=13 packing_cleanup_flushes=0 stage2_phase_search_attempts=3815 stage2_phase_search_task_attempts=30485 stage2_phase_search_elapsed_ms=2984834.846825 avg_stage2_phase_search_us_per_task=97911.590842 stage2_phase_freeze_prune_attempts=6142 stage2_phase_freeze_prune_task_attempts=49097 stage2_phase_freeze_prune_elapsed_ms=209773.707891 avg_stage2_phase_freeze_prune_us_per_task=4272.638000 stage2_phase_reverse_prepare_attempts=3811 stage2_phase_reverse_prepare_task_attempts=30453 stage2_phase_reverse_prepare_elapsed_ms=507737.176169 avg_stage2_phase_reverse_prepare_us_per_task=16672.813062 stage2_phase_placement_authority_attempts=3811 stage2_phase_placement_authority_task_attempts=30453 stage2_phase_placement_authority_elapsed_ms=164644.719971 avg_stage2_phase_placement_authority_us_per_task=5406.518897 stage2_phase_completion_handoff_attempts=3811 stage2_phase_completion_handoff_task_attempts=30453 stage2_phase_completion_handoff_elapsed_ms=10.428512 avg_stage2_phase_completion_handoff_us_per_task=0.342446 stage2_phase_finalize_attempts=3811 stage2_phase_finalize_task_attempts=30453 stage2_phase_finalize_elapsed_ms=51.071029 avg_stage2_phase_finalize_us_per_task=1.677044 maintenance_worker_idle_waits=789952 maintenance_worker_idle_ms=481169.471149 maintenance_lost_wake_avoided=104828 maintenance_targeted_wakes=1652545 maintenance_generic_wakes=38491 maintenance_broadcast_wakes=0 maintenance_context_slots_scanned=6992912 maintenance_ready_notifications=834710 maintenance_ready_stale_notifications=102 maintenance_ready_tickets_drained=672722 maintenance_ready_overflow_scans=0 maintenance_ready_fallback_scans=437219 stage2_search_lane_lease_limit=32 stage2_search_lane_lease_peak=24 stage2_search_lane_lease_blocked=0 maintenance_worker_observed_idle_ratio=0.462537 maintenance_worker_observed_busy_ratio=0.537463 physical_stage1_items=67317 physical_stage1_total_ns=295563405463 physical_stage1_search_ns=268510085398 physical_stage1_prune_ns=19376198265 physical_stage1_allocate_write_ns=5688322900 physical_stage1_backlink_ns=1235947454 physical_stage1_candidates=8610702 physical_stage1_remote_frontier_items=43908538 physical_stage1_neighbors=2602552 peer_stage1_enqueued=62323 peer_stage1_processed=62309 peer_stage1_items=107720 avg_peer_stage1_items=1.728803 peer_stage1_rate_per_sec=828.389686 peer_stage1_max_queue=46 peer_stage1_active_workers=3 peer_stage2_home_enqueued=162910 peer_stage2_home_processed=162910 peer_stage2_home_items=15295311 avg_peer_stage2_home_items=93.888104 peer_stage2_home_max_queue=24 peer_stage2_home_response_queue_drops=0 peer_stage2_home_response_send_wait_ms=4702.462865 avg_peer_stage2_home_queue_wait_us=104.220494 avg_peer_stage2_home_execution_us=107.878256 peer_stage1_release_deferred_batches=85 peer_stage1_release_deferred_items=140 peer_stage1_duplicate_retry_responses=0 peer_stage1_admission_retry_responses=0 peer_stage1_retry_response_drops=0 peer_stage1_admission_waiters=0 peer_stage1_admission_waiter_items=0 peer_stage1_admission_owned_items=0 peer_stage1_admission_wake_coverage=0 peer_stage1_admission_parked=0 peer_stage1_admission_woken=0 peer_stage1_admission_reparked=0 peer_stage1_max_admission_waiters=0 peer_stage1_duplicate_coalesced=18 peer_reverse_enqueued=12894 peer_reverse_processed=12891 peer_reverse_remaining=3 peer_reverse_items_enqueued=183772 peer_reverse_items_processed=183738 peer_reverse_rate_per_sec=1412.984256 peer_reverse_failed=8 peer_reverse_max_queue=23 reclaim_pending=30 reclaim_reused=5287 dynamic_high_watermark=26419285184 stage2_remaining=36593 cleanup_remaining=0 active_contexts=32 active_context_limit=32 repair_remaining=0 remaining=36849
[STATUS]: storage-owner maintenance observation: enqueued=70238 stage2_enqueued=70238 cleanup_enqueued=0 stage2_tasks_done=31389 stage2_finalized_live=31389 cleanup_processed=0 stale=0 stage2_completion_ratio=0.446895 live_stage2_completion_ratio=0.446895 avg_stage2_delay_ms=27447.485012 p99_stage2_delay_upper_ms=30000.000000 p99_stage2_delay_over_30s=true stage2_delay_histogram=0,0,0,0,0,0,7,16,72,94,233,561,1580,1442,4937,4266,4861,13320 max_stage2_delay_ms=68652.484348 compaction_batch_target=32 compaction_max_delay_ms=25.000000 stage2_rate_per_sec=232.448702 stage1_search_budget_exhausted=0 stage2_search_budget_exhausted=0 stage2_continuations=31645 stage2_remote_frontier_items=20653027 avg_stage2_remote_frontier=652.647401 stage2_remote_expansions=905586 avg_stage2_remote_expansions=28.617033 stage2_scored_candidates=45560190 avg_stage2_scored_candidates=1439.727919 stage2_graph_read_waves=236649 avg_stage2_expansions_per_graph_wave=3.826705 stage2_graph_unique_reads=948287 stage2_graph_prefetch_issued=625603 stage2_graph_prefetch_hits=585561 stage2_graph_prefetch_wasted=39335 stage2_graph_prefetch_promotion_ratio=0.937054 stage2_graph_issue_width_current=16 stage2_vector_read_waves=359077 avg_stage2_scores_per_vector_wave=126.881393 stage2_vector_unique_reads=23935656 stage2_home_rpc_batches=301179 stage2_home_rpc_items=21123245 avg_stage2_home_rpc_batch=70.135185 stage2_home_score_rpc_batches=84511 stage2_home_score_rpc_items=20174959 stage2_home_score_rpc_queries=376364 stage2_home_score_rpc_request_bytes=635532368 stage2_home_score_rpc_response_bytes=649298352 avg_stage2_home_score_queries_per_rpc=4.453432 avg_stage2_home_score_rpc_batch=238.725835 stage2_home_scored_neighbors=41798083 home_scores_per_expansion=1.978772 stage2_migrations=5489 home_match_rate=0.825130 stage2_final_edges=1275628 stage2_cross_edges_stage1_home=278659 stage2_cross_edges_final_home=155539 cross_edge_reduction_ratio=0.441830 failed=0 rpc_timeouts=0 reverse_aggregate_batches=0 reverse_aggregate_logical_requests=0 reverse_aggregate_ops=0 avg_reverse_aggregate_logicals=0.000000 avg_reverse_aggregate_ops=0.000000 max_backlog=38593 admission_window=65536 completion_outstanding=39073 completion_incomplete=38849 completed_behind_hole=224 completion_logical_full_failures=0 completion_physical_full_failures=0 pressure_yields=1085500 stage2_batches=3960 avg_stage2_batch_size=7.991162 packing_target_batch=8 packing_admit_queue_avg=14913.913131 packing_admit_queue_max=38573 packing_batch_1_7=13 packing_batch_8=3947 packing_assembly_batches=3960 packing_assembly_wait_ms=105866331.132173 packing_arrival_interval_us=1810 packing_waited_batches=13 packing_wait_ms=207.189000 packing_target_flushes=3947 packing_deadline_flushes=13 packing_cleanup_flushes=0 stage2_phase_search_attempts=3937 stage2_phase_search_task_attempts=31461 stage2_phase_search_elapsed_ms=3110500.569283 avg_stage2_phase_search_us_per_task=98868.458386 stage2_phase_freeze_prune_attempts=6325 stage2_phase_freeze_prune_task_attempts=50561 stage2_phase_freeze_prune_elapsed_ms=218064.141209 avg_stage2_phase_freeze_prune_us_per_task=4312.892174 stage2_phase_reverse_prepare_attempts=3930 stage2_phase_reverse_prepare_task_attempts=31405 stage2_phase_reverse_prepare_elapsed_ms=526227.892383 avg_stage2_phase_reverse_prepare_us_per_task=16756.181894 stage2_phase_placement_authority_attempts=3928 stage2_phase_placement_authority_task_attempts=31389 stage2_phase_placement_authority_elapsed_ms=171015.977028 avg_stage2_phase_placement_authority_us_per_task=5448.277327 stage2_phase_completion_handoff_attempts=3928 stage2_phase_completion_handoff_task_attempts=31389 stage2_phase_completion_handoff_elapsed_ms=10.820378 avg_stage2_phase_completion_handoff_us_per_task=0.344719 stage2_phase_finalize_attempts=3928 stage2_phase_finalize_task_attempts=31389 stage2_phase_finalize_elapsed_ms=52.828429 avg_stage2_phase_finalize_us_per_task=1.683024 maintenance_worker_idle_waits=818368 maintenance_worker_idle_ms=499087.761361 maintenance_lost_wake_avoided=108084 maintenance_targeted_wakes=1705222 maintenance_generic_wakes=40161 maintenance_broadcast_wakes=0 maintenance_context_slots_scanned=7228144 maintenance_ready_notifications=862268 maintenance_ready_stale_notifications=106 maintenance_ready_tickets_drained=695199 maintenance_ready_overflow_scans=0 maintenance_ready_fallback_scans=451903 stage2_search_lane_lease_limit=32 stage2_search_lane_lease_peak=24 stage2_search_lane_lease_blocked=0 maintenance_worker_observed_idle_ratio=0.461994 maintenance_worker_observed_busy_ratio=0.538006 physical_stage1_items=70248 physical_stage1_total_ns=308315618863 physical_stage1_search_ns=280063843414 physical_stage1_prune_ns=20231737580 physical_stage1_allocate_write_ns=5937152209 physical_stage1_backlink_ns=1297747369 physical_stage1_candidates=8985287 physical_stage1_remote_frontier_items=45721376 physical_stage1_neighbors=2716291 peer_stage1_enqueued=65019 peer_stage1_processed=64997 peer_stage1_items=112400 avg_peer_stage1_items=1.729311 peer_stage1_rate_per_sec=832.369114 peer_stage1_max_queue=46 peer_stage1_active_workers=3 peer_stage2_home_enqueued=168622 peer_stage2_home_processed=168622 peer_stage2_home_items=15836777 avg_peer_stage2_home_items=93.918807 peer_stage2_home_max_queue=24 peer_stage2_home_response_queue_drops=0 peer_stage2_home_response_send_wait_ms=4903.988124 avg_peer_stage2_home_queue_wait_us=104.131365 avg_peer_stage2_home_execution_us=107.686013 peer_stage1_release_deferred_batches=86 peer_stage1_release_deferred_items=141 peer_stage1_duplicate_retry_responses=0 peer_stage1_admission_retry_responses=0 peer_stage1_retry_response_drops=0 peer_stage1_admission_waiters=0 peer_stage1_admission_waiter_items=0 peer_stage1_admission_owned_items=0 peer_stage1_admission_wake_coverage=0 peer_stage1_admission_parked=0 peer_stage1_admission_woken=0 peer_stage1_admission_reparked=0 peer_stage1_max_admission_waiters=0 peer_stage1_duplicate_coalesced=18 peer_reverse_enqueued=13348 peer_reverse_processed=13347 peer_reverse_remaining=1 peer_reverse_items_enqueued=190354 peer_reverse_items_processed=190346 peer_reverse_rate_per_sec=1409.591916 peer_reverse_failed=8 peer_reverse_max_queue=23 reclaim_pending=31 reclaim_reused=5458 dynamic_high_watermark=26423017664 stage2_remaining=38593 cleanup_remaining=0 active_contexts=32 active_context_limit=32 repair_remaining=0 remaining=38849
[STATUS]: storage-owner maintenance observation: enqueued=73140 stage2_enqueued=73140 cleanup_enqueued=0 stage2_tasks_done=32493 stage2_finalized_live=32493 cleanup_processed=0 stale=0 stage2_completion_ratio=0.444258 live_stage2_completion_ratio=0.444258 avg_stage2_delay_ms=28900.351400 p99_stage2_delay_upper_ms=30000.000000 p99_stage2_delay_over_30s=true stage2_delay_histogram=0,0,0,0,0,0,7,16,72,94,233,561,1580,1442,4937,4266,4861,14424 max_stage2_delay_ms=72013.089370 compaction_batch_target=32 compaction_max_delay_ms=25.000000 stage2_rate_per_sec=232.032717 stage1_search_budget_exhausted=0 stage2_search_budget_exhausted=0 stage2_continuations=32749 stage2_remote_frontier_items=21376815 avg_stage2_remote_frontier=652.747107 stage2_remote_expansions=937985 avg_stage2_remote_expansions=28.641638 stage2_scored_candidates=47127290 avg_stage2_scored_candidates=1439.045162 stage2_graph_read_waves=244574 avg_stage2_expansions_per_graph_wave=3.835179 stage2_graph_unique_reads=981828 stage2_graph_prefetch_issued=647985 stage2_graph_prefetch_hits=606624 stage2_graph_prefetch_wasted=40719 stage2_graph_prefetch_promotion_ratio=0.937098 stage2_graph_issue_width_current=16 stage2_vector_read_waves=371325 avg_stage2_scores_per_vector_wave=126.916556 stage2_vector_unique_reads=24747348 stage2_home_rpc_batches=311647 stage2_home_rpc_items=21852713 avg_stage2_home_rpc_batch=70.120081 stage2_home_score_rpc_batches=87461 stage2_home_score_rpc_items=20870885 stage2_home_score_rpc_queries=389502 stage2_home_score_rpc_request_bytes=657523088 stage2_home_score_rpc_response_bytes=671697904 avg_stage2_home_score_queries_per_rpc=4.453436 avg_stage2_home_score_rpc_batch=238.630761 stage2_home_scored_neighbors=43249021 home_scores_per_expansion=1.979114 stage2_migrations=5689 home_match_rate=0.824916 stage2_final_edges=1320369 stage2_cross_edges_stage1_home=288688 stage2_cross_edges_final_home=161204 cross_edge_reduction_ratio=0.441598 failed=0 rpc_timeouts=0 reverse_aggregate_batches=0 reverse_aggregate_logical_requests=0 reverse_aggregate_ops=0 avg_reverse_aggregate_logicals=0.000000 avg_reverse_aggregate_ops=0.000000 max_backlog=40391 admission_window=65536 completion_outstanding=40847 completion_incomplete=40647 completed_behind_hole=200 completion_logical_full_failures=0 completion_physical_full_failures=0 pressure_yields=1123065 stage2_batches=4098 avg_stage2_batch_size=7.991459 packing_target_batch=8 packing_admit_queue_avg=15743.632260 packing_admit_queue_max=40380 packing_batch_1_7=13 packing_batch_8=4085 packing_assembly_batches=4098 packing_assembly_wait_ms=115497447.963963 packing_arrival_interval_us=1574 packing_waited_batches=13 packing_wait_ms=207.189000 packing_target_flushes=4085 packing_deadline_flushes=13 packing_cleanup_flushes=0 stage2_phase_search_attempts=4075 stage2_phase_search_task_attempts=32565 stage2_phase_search_elapsed_ms=3232923.901528 avg_stage2_phase_search_us_per_task=99276.029526 stage2_phase_freeze_prune_attempts=6512 stage2_phase_freeze_prune_task_attempts=52057 stage2_phase_freeze_prune_elapsed_ms=227315.310869 avg_stage2_phase_freeze_prune_us_per_task=4366.661753 stage2_phase_reverse_prepare_attempts=4066 stage2_phase_reverse_prepare_task_attempts=32493 stage2_phase_reverse_prepare_elapsed_ms=548070.697890 avg_stage2_phase_reverse_prepare_us_per_task=16867.346748 stage2_phase_placement_authority_attempts=4066 stage2_phase_placement_authority_task_attempts=32493 stage2_phase_placement_authority_elapsed_ms=178359.344680 avg_stage2_phase_placement_authority_us_per_task=5489.162117 stage2_phase_completion_handoff_attempts=4066 stage2_phase_completion_handoff_task_attempts=32493 stage2_phase_completion_handoff_elapsed_ms=11.331501 avg_stage2_phase_completion_handoff_us_per_task=0.348737 stage2_phase_finalize_attempts=4066 stage2_phase_finalize_task_attempts=32493 stage2_phase_finalize_elapsed_ms=54.837575 avg_stage2_phase_finalize_us_per_task=1.687673 maintenance_worker_idle_waits=845952 maintenance_worker_idle_ms=516076.824417 maintenance_lost_wake_avoided=110785 maintenance_targeted_wakes=1755935 maintenance_generic_wakes=41811 maintenance_broadcast_wakes=0 maintenance_context_slots_scanned=7423504 maintenance_ready_notifications=891743 maintenance_ready_stale_notifications=108 maintenance_ready_tickets_drained=719229 maintenance_ready_overflow_scans=0 maintenance_ready_fallback_scans=464129 stage2_search_lane_lease_limit=32 stage2_search_lane_lease_peak=24 stage2_search_lane_lease_blocked=0 maintenance_worker_observed_idle_ratio=0.460663 maintenance_worker_observed_busy_ratio=0.539337 physical_stage1_items=73152 physical_stage1_total_ns=321110313365 physical_stage1_search_ns=291683639943 physical_stage1_prune_ns=21065358756 physical_stage1_allocate_write_ns=6192560739 physical_stage1_backlink_ns=1349166565 physical_stage1_candidates=9356243 physical_stage1_remote_frontier_items=47659692 physical_stage1_neighbors=2827870 peer_stage1_enqueued=67702 peer_stage1_processed=67678 peer_stage1_items=117083 avg_peer_stage1_items=1.730001 peer_stage1_rate_per_sec=836.090440 peer_stage1_max_queue=46 peer_stage1_active_workers=3 peer_stage2_home_enqueued=174358 peer_stage2_home_processed=174358 peer_stage2_home_items=16360658 avg_peer_stage2_home_items=93.833710 peer_stage2_home_max_queue=24 peer_stage2_home_response_queue_drops=0 peer_stage2_home_response_send_wait_ms=5095.647201 avg_peer_stage2_home_queue_wait_us=104.061418 avg_peer_stage2_home_execution_us=107.512975 peer_stage1_release_deferred_batches=88 peer_stage1_release_deferred_items=146 peer_stage1_duplicate_retry_responses=0 peer_stage1_admission_retry_responses=0 peer_stage1_retry_response_drops=0 peer_stage1_admission_waiters=0 peer_stage1_admission_waiter_items=0 peer_stage1_admission_owned_items=0 peer_stage1_admission_wake_coverage=0 peer_stage1_admission_parked=0 peer_stage1_admission_woken=0 peer_stage1_admission_reparked=0 peer_stage1_max_admission_waiters=0 peer_stage1_duplicate_coalesced=18 peer_reverse_enqueued=13791 peer_reverse_processed=13791 peer_reverse_remaining=0 peer_reverse_items_enqueued=196518 peer_reverse_items_processed=196518 peer_reverse_rate_per_sec=1403.336274 peer_reverse_failed=8 peer_reverse_max_queue=23 reclaim_pending=21 reclaim_reused=5668 dynamic_high_watermark=26426647760 stage2_remaining=40391 cleanup_remaining=0 active_contexts=32 active_context_limit=32 repair_remaining=0 remaining=40647
[STATUS]: storage-owner maintenance observation: enqueued=75955 stage2_enqueued=75955 cleanup_enqueued=0 stage2_tasks_done=33549 stage2_finalized_live=33549 cleanup_processed=0 stale=0 stage2_completion_ratio=0.441696 live_stage2_completion_ratio=0.441696 avg_stage2_delay_ms=30298.597305 p99_stage2_delay_upper_ms=30000.000000 p99_stage2_delay_over_30s=true stage2_delay_histogram=0,0,0,0,0,0,7,16,72,94,233,561,1580,1442,4937,4266,4861,15480 max_stage2_delay_ms=75006.486413 compaction_batch_target=32 compaction_max_delay_ms=25.000000 stage2_rate_per_sec=231.314470 stage1_search_budget_exhausted=0 stage2_search_budget_exhausted=0 stage2_continuations=33805 stage2_remote_frontier_items=22067785 avg_stage2_remote_frontier=652.796480 stage2_remote_expansions=969072 avg_stage2_remote_expansions=28.666529 stage2_scored_candidates=48668952 avg_stage2_scored_candidates=1439.696850 stage2_graph_read_waves=253019 avg_stage2_expansions_per_graph_wave=3.830036 stage2_graph_unique_reads=1014531 stage2_graph_prefetch_issued=669503 stage2_graph_prefetch_hits=626903 stage2_graph_prefetch_wasted=42088 stage2_graph_prefetch_promotion_ratio=0.937087 stage2_graph_issue_width_current=16 stage2_vector_read_waves=384026 avg_stage2_scores_per_vector_wave=126.733482 stage2_vector_unique_reads=25555432 stage2_home_rpc_batches=322102 stage2_home_rpc_items=22562266 avg_stage2_home_rpc_batch=70.046960 stage2_home_score_rpc_batches=90355 stage2_home_score_rpc_items=21547735 stage2_home_score_rpc_queries=402094 stage2_home_score_rpc_request_bytes=678866280 stage2_home_score_rpc_response_bytes=693487128 avg_stage2_home_score_queries_per_rpc=4.450158 avg_stage2_home_score_rpc_batch=238.478612 stage2_home_scored_neighbors=44660390 home_scores_per_expansion=1.979428 stage2_migrations=5867 home_match_rate=0.825121 stage2_final_edges=1362967 stage2_cross_edges_stage1_home=297618 stage2_cross_edges_final_home=166093 cross_edge_reduction_ratio=0.441926 failed=0 rpc_timeouts=0 reverse_aggregate_batches=0 reverse_aggregate_logical_requests=0 reverse_aggregate_ops=0 avg_reverse_aggregate_logicals=0.000000 avg_reverse_aggregate_ops=0.000000 max_backlog=42150 admission_window=65536 completion_outstanding=42598 completion_incomplete=42406 completed_behind_hole=192 completion_logical_full_failures=0 completion_physical_full_failures=0 pressure_yields=1163339 stage2_batches=4230 avg_stage2_batch_size=7.991726 packing_target_batch=8 packing_admit_queue_avg=16542.044444 packing_admit_queue_max=42114 packing_batch_1_7=13 packing_batch_8=4217 packing_assembly_batches=4230 packing_assembly_wait_ms=125117849.406888 packing_arrival_interval_us=2158 packing_waited_batches=13 packing_wait_ms=207.189000 packing_target_flushes=4217 packing_deadline_flushes=13 packing_cleanup_flushes=0 stage2_phase_search_attempts=4211 stage2_phase_search_task_attempts=33653 stage2_phase_search_elapsed_ms=3355346.012345 avg_stage2_phase_search_us_per_task=99704.216930 stage2_phase_freeze_prune_attempts=6694 stage2_phase_freeze_prune_task_attempts=53513 stage2_phase_freeze_prune_elapsed_ms=236204.998344 avg_stage2_phase_freeze_prune_us_per_task=4413.974144 stage2_phase_reverse_prepare_attempts=4201 stage2_phase_reverse_prepare_task_attempts=33573 stage2_phase_reverse_prepare_elapsed_ms=567600.910812 avg_stage2_phase_reverse_prepare_us_per_task=16906.469806 stage2_phase_placement_authority_attempts=4198 stage2_phase_placement_authority_task_attempts=33549 stage2_phase_placement_authority_elapsed_ms=185341.599061 avg_stage2_phase_placement_authority_us_per_task=5524.504428 stage2_phase_completion_handoff_attempts=4198 stage2_phase_completion_handoff_task_attempts=33549 stage2_phase_completion_handoff_elapsed_ms=11.791636 avg_stage2_phase_completion_handoff_us_per_task=0.351475 stage2_phase_finalize_attempts=4198 stage2_phase_finalize_task_attempts=33549 stage2_phase_finalize_elapsed_ms=56.804111 avg_stage2_phase_finalize_us_per_task=1.693169 maintenance_worker_idle_waits=876096 maintenance_worker_idle_ms=532621.841457 maintenance_lost_wake_avoided=114392 maintenance_targeted_wakes=1812457 maintenance_generic_wakes=43438 maintenance_broadcast_wakes=0 maintenance_context_slots_scanned=7670192 maintenance_ready_notifications=921687 maintenance_ready_stale_notifications=111 maintenance_ready_tickets_drained=743854 maintenance_ready_overflow_scans=0 maintenance_ready_fallback_scans=479455 stage2_search_lane_lease_limit=32 stage2_search_lane_lease_peak=24 stage2_search_lane_lease_blocked=0 maintenance_worker_observed_idle_ratio=0.459042 maintenance_worker_observed_busy_ratio=0.540958 physical_stage1_items=75971 physical_stage1_total_ns=333485269817 physical_stage1_search_ns=302974318819 physical_stage1_prune_ns=21861795718 physical_stage1_allocate_write_ns=6395416573 physical_stage1_backlink_ns=1402370603 physical_stage1_candidates=9716419 physical_stage1_remote_frontier_items=49523791 physical_stage1_neighbors=2936712 peer_stage1_enqueued=70373 peer_stage1_processed=70361 peer_stage1_items=121647 avg_peer_stage1_items=1.728898 peer_stage1_rate_per_sec=838.734728 peer_stage1_max_queue=46 peer_stage1_active_workers=3 peer_stage2_home_enqueued=180121 peer_stage2_home_processed=180121 peer_stage2_home_items=16895482 avg_peer_stage2_home_items=93.800734 peer_stage2_home_max_queue=24 peer_stage2_home_response_queue_drops=0 peer_stage2_home_response_send_wait_ms=5201.014694 avg_peer_stage2_home_queue_wait_us=104.206335 avg_peer_stage2_home_execution_us=107.382191 peer_stage1_release_deferred_batches=90 peer_stage1_release_deferred_items=152 peer_stage1_duplicate_retry_responses=0 peer_stage1_admission_retry_responses=0 peer_stage1_retry_response_drops=0 peer_stage1_admission_waiters=0 peer_stage1_admission_waiter_items=0 peer_stage1_admission_owned_items=0 peer_stage1_admission_wake_coverage=0 peer_stage1_admission_parked=0 peer_stage1_admission_woken=0 peer_stage1_admission_reparked=0 peer_stage1_max_admission_waiters=0 peer_stage1_duplicate_coalesced=18 peer_reverse_enqueued=14253 peer_reverse_processed=14250 peer_reverse_remaining=3 peer_reverse_items_enqueued=202848 peer_reverse_items_processed=202808 peer_reverse_rate_per_sec=1398.325587 peer_reverse_failed=8 peer_reverse_max_queue=23 reclaim_pending=20 reclaim_reused=5847 dynamic_high_watermark=26430224720 stage2_remaining=42150 cleanup_remaining=0 active_contexts=32 active_context_limit=32 repair_remaining=0 remaining=42406
[STATUS]: storage-owner maintenance observation: enqueued=76237 stage2_enqueued=76237 cleanup_enqueued=0 stage2_tasks_done=42061 stage2_finalized_live=42061 cleanup_processed=0 stale=0 stage2_completion_ratio=0.551714 live_stage2_completion_ratio=0.551714 avg_stage2_delay_ms=38333.024431 p99_stage2_delay_upper_ms=30000.000000 p99_stage2_delay_over_30s=true stage2_delay_histogram=0,0,0,0,0,0,7,16,72,94,233,561,1580,1442,4937,4266,4861,23992 max_stage2_delay_ms=75653.728234 compaction_batch_target=32 compaction_max_delay_ms=25.000000 stage2_rate_per_sec=280.338642 stage1_search_budget_exhausted=0 stage2_search_budget_exhausted=0 stage2_continuations=42309 stage2_remote_frontier_items=27655260 avg_stage2_remote_frontier=653.649578 stage2_remote_expansions=1215467 avg_stage2_remote_expansions=28.728332 stage2_scored_candidates=61018933 avg_stage2_scored_candidates=1442.221111 stage2_graph_read_waves=319346 avg_stage2_expansions_per_graph_wave=3.806113 stage2_graph_unique_reads=1272797 stage2_graph_prefetch_issued=839153 stage2_graph_prefetch_hits=785524 stage2_graph_prefetch_wasted=52975 stage2_graph_prefetch_promotion_ratio=0.936822 stage2_graph_issue_width_current=16 stage2_vector_read_waves=486054 avg_stage2_scores_per_vector_wave=125.539411 stage2_vector_unique_reads=32011756 stage2_home_rpc_batches=407341 stage2_home_rpc_items=28275566 avg_stage2_home_rpc_batch=69.414977 stage2_home_score_rpc_batches=113969 stage2_home_score_rpc_items=27002769 stage2_home_score_rpc_queries=504059 stage2_home_score_rpc_request_bytes=851267360 stage2_home_score_rpc_response_bytes=869129296 avg_stage2_home_score_queries_per_rpc=4.422773 avg_stage2_home_score_rpc_batch=236.930823 stage2_home_scored_neighbors=56008115 home_scores_per_expansion=1.980796 stage2_migrations=7393 home_match_rate=0.824231 stage2_final_edges=1710420 stage2_cross_edges_stage1_home=374180 stage2_cross_edges_final_home=207501 cross_edge_reduction_ratio=0.445451 failed=0 rpc_timeouts=0 reverse_aggregate_batches=0 reverse_aggregate_logical_requests=0 reverse_aggregate_ops=0 avg_reverse_aggregate_logicals=0.000000 avg_reverse_aggregate_ops=0.000000 max_backlog=42311 admission_window=65536 completion_outstanding=34312 completion_incomplete=34176 completed_behind_hole=136 completion_logical_full_failures=0 completion_physical_full_failures=0 pressure_yields=1357640 stage2_batches=5293 avg_stage2_batch_size=7.993387 packing_target_batch=8 packing_admit_queue_avg=20887.958625 packing_admit_queue_max=42311 packing_batch_1_7=13 packing_batch_8=5280 packing_assembly_batches=5293 packing_assembly_wait_ms=199060945.901657 packing_arrival_interval_us=1515 packing_waited_batches=13 packing_wait_ms=207.189000 packing_target_flushes=5280 packing_deadline_flushes=13 packing_cleanup_flushes=0 stage2_phase_search_attempts=5268 stage2_phase_search_task_attempts=42109 stage2_phase_search_elapsed_ms=3482505.574542 avg_stage2_phase_search_us_per_task=82702.167578 stage2_phase_freeze_prune_attempts=9393 stage2_phase_freeze_prune_task_attempts=75105 stage2_phase_freeze_prune_elapsed_ms=243319.892207 avg_stage2_phase_freeze_prune_us_per_task=3239.729608 stage2_phase_reverse_prepare_attempts=5263 stage2_phase_reverse_prepare_task_attempts=42069 stage2_phase_reverse_prepare_elapsed_ms=598369.126249 avg_stage2_phase_reverse_prepare_us_per_task=14223.516752 stage2_phase_placement_authority_attempts=5262 stage2_phase_placement_authority_task_attempts=42061 stage2_phase_placement_authority_elapsed_ms=189305.212007 avg_stage2_phase_placement_authority_us_per_task=4500.730178 stage2_phase_completion_handoff_attempts=5262 stage2_phase_completion_handoff_task_attempts=42061 stage2_phase_completion_handoff_elapsed_ms=13.289465 avg_stage2_phase_completion_handoff_us_per_task=0.315957 stage2_phase_finalize_attempts=5262 stage2_phase_finalize_task_attempts=42061 stage2_phase_finalize_elapsed_ms=66.640869 avg_stage2_phase_finalize_us_per_task=1.584386 maintenance_worker_idle_waits=1006144 maintenance_worker_idle_ms=539553.803816 maintenance_lost_wake_avoided=145396 maintenance_targeted_wakes=2311940 maintenance_generic_wakes=43599 maintenance_broadcast_wakes=0 maintenance_context_slots_scanned=9059152 maintenance_ready_notifications=1173959 maintenance_ready_stale_notifications=111 maintenance_ready_tickets_drained=932814 maintenance_ready_overflow_scans=0 maintenance_ready_fallback_scans=566379 stage2_search_lane_lease_limit=32 stage2_search_lane_lease_peak=26 stage2_search_lane_lease_blocked=0 maintenance_worker_observed_idle_ratio=0.449519 maintenance_worker_observed_busy_ratio=0.550481 physical_stage1_items=76237 physical_stage1_total_ns=334626188847 physical_stage1_search_ns=304022013500 physical_stage1_prune_ns=21932667458 physical_stage1_allocate_write_ns=6410001964 physical_stage1_backlink_ns=1407165606 physical_stage1_candidates=9750353 physical_stage1_remote_frontier_items=49733211 physical_stage1_neighbors=2946530 peer_stage1_enqueued=70627 peer_stage1_processed=70627 peer_stage1_items=122094 avg_peer_stage1_items=1.728716 peer_stage1_rate_per_sec=813.762539 peer_stage1_max_queue=46 peer_stage1_active_workers=1 peer_stage2_home_enqueued=232825 peer_stage2_home_processed=232823 peer_stage2_home_items=21659706 avg_peer_stage2_home_items=93.030783 peer_stage2_home_max_queue=24 peer_stage2_home_response_queue_drops=0 peer_stage2_home_response_send_wait_ms=5672.396975 avg_peer_stage2_home_queue_wait_us=85.140150 avg_peer_stage2_home_execution_us=112.338635 peer_stage1_release_deferred_batches=90 peer_stage1_release_deferred_items=152 peer_stage1_duplicate_retry_responses=0 peer_stage1_admission_retry_responses=0 peer_stage1_retry_response_drops=0 peer_stage1_admission_waiters=0 peer_stage1_admission_waiter_items=0 peer_stage1_admission_owned_items=0 peer_stage1_admission_wake_coverage=0 peer_stage1_admission_parked=0 peer_stage1_admission_woken=0 peer_stage1_admission_reparked=0 peer_stage1_max_admission_waiters=0 peer_stage1_duplicate_coalesced=18 peer_reverse_enqueued=18288 peer_reverse_processed=18288 peer_reverse_remaining=0 peer_reverse_items_enqueued=260936 peer_reverse_items_processed=260936 peer_reverse_rate_per_sec=1739.151326 peer_reverse_failed=9 peer_reverse_max_queue=23 reclaim_pending=534 reclaim_reused=6859 dynamic_high_watermark=26430588896 stage2_remaining=33928 cleanup_remaining=0 active_contexts=31 active_context_limit=32 repair_remaining=0 remaining=34176
[STATUS]: storage-owner maintenance observation: enqueued=76237 stage2_enqueued=76237 cleanup_enqueued=0 stage2_tasks_done=51941 stage2_finalized_live=51941 cleanup_processed=0 stale=0 stage2_completion_ratio=0.681310 live_stage2_completion_ratio=0.681310 avg_stage2_delay_ms=42197.383861 p99_stage2_delay_upper_ms=30000.000000 p99_stage2_delay_over_30s=true stage2_delay_histogram=0,0,0,0,0,0,7,16,72,94,233,561,1580,1442,4937,4266,4861,33872 max_stage2_delay_ms=75653.728234 compaction_batch_target=32 compaction_max_delay_ms=25.000000 stage2_rate_per_sec=335.024527 stage1_search_budget_exhausted=0 stage2_search_budget_exhausted=0 stage2_continuations=52197 stage2_remote_frontier_items=34123754 avg_stage2_remote_frontier=653.749334 stage2_remote_expansions=1501853 avg_stage2_remote_expansions=28.772784 stage2_scored_candidates=75412525 avg_stage2_scored_candidates=1444.767420 stage2_graph_read_waves=394576 avg_stage2_expansions_per_graph_wave=3.806245 stage2_graph_unique_reads=1572196 stage2_graph_prefetch_issued=1036723 stage2_graph_prefetch_hits=970448 stage2_graph_prefetch_wasted=65624 stage2_graph_prefetch_promotion_ratio=0.936661 stage2_graph_issue_width_current=16 stage2_vector_read_waves=605833 avg_stage2_scores_per_vector_wave=124.477414 stage2_vector_unique_reads=39510985 stage2_home_rpc_batches=504116 stage2_home_rpc_items=34903715 avg_stage2_home_rpc_batch=69.237467 stage2_home_score_rpc_batches=142003 stage2_home_score_rpc_items=33331519 stage2_home_score_rpc_queries=623147 stage2_home_score_rpc_request_bytes=1052207304 stage2_home_score_rpc_response_bytes=1072990992 avg_stage2_home_score_queries_per_rpc=4.388266 avg_stage2_home_score_rpc_batch=234.724048 stage2_home_scored_neighbors=69229983 home_scores_per_expansion=1.983456 stage2_migrations=9148 home_match_rate=0.823877 stage2_final_edges=2112277 stage2_cross_edges_stage1_home=463433 stage2_cross_edges_final_home=256779 cross_edge_reduction_ratio=0.445920 failed=0 rpc_timeouts=0 reverse_aggregate_batches=0 reverse_aggregate_logical_requests=0 reverse_aggregate_ops=0 avg_reverse_aggregate_logicals=0.000000 avg_reverse_aggregate_ops=0.000000 max_backlog=42311 admission_window=65536 completion_outstanding=24472 completion_incomplete=24296 completed_behind_hole=176 completion_logical_full_failures=0 completion_physical_full_failures=0 pressure_yields=1598376 stage2_batches=6529 avg_stage2_batch_size=7.994639 packing_target_batch=8 packing_admit_queue_avg=22421.371267 packing_admit_queue_max=42311 packing_batch_1_7=13 packing_batch_8=6516 packing_assembly_batches=6529 packing_assembly_wait_ms=271003817.705949 packing_arrival_interval_us=1515 packing_waited_batches=13 packing_wait_ms=207.189000 packing_target_flushes=6516 packing_deadline_flushes=13 packing_cleanup_flushes=0 stage2_phase_search_attempts=6500 stage2_phase_search_task_attempts=51965 stage2_phase_search_elapsed_ms=3599077.151702 avg_stage2_phase_search_us_per_task=69259.639213 stage2_phase_freeze_prune_attempts=12357 stage2_phase_freeze_prune_task_attempts=98817 stage2_phase_freeze_prune_elapsed_ms=250032.241207 avg_stage2_phase_freeze_prune_us_per_task=2530.255333 stage2_phase_reverse_prepare_attempts=6497 stage2_phase_reverse_prepare_task_attempts=51941 stage2_phase_reverse_prepare_elapsed_ms=628126.452820 avg_stage2_phase_reverse_prepare_us_per_task=12093.075852 stage2_phase_placement_authority_attempts=6497 stage2_phase_placement_authority_task_attempts=51941 stage2_phase_placement_authority_elapsed_ms=192795.330363 avg_stage2_phase_placement_authority_us_per_task=3711.813988 stage2_phase_completion_handoff_attempts=6497 stage2_phase_completion_handoff_task_attempts=51941 stage2_phase_completion_handoff_elapsed_ms=14.889630 avg_stage2_phase_completion_handoff_us_per_task=0.286664 stage2_phase_finalize_attempts=6497 stage2_phase_finalize_task_attempts=51941 stage2_phase_finalize_elapsed_ms=77.492532 avg_stage2_phase_finalize_us_per_task=1.491934 maintenance_worker_idle_waits=1170112 maintenance_worker_idle_ms=545948.659488 maintenance_lost_wake_avoided=184993 maintenance_targeted_wakes=2906731 maintenance_generic_wakes=43599 maintenance_broadcast_wakes=0 maintenance_context_slots_scanned=10844112 maintenance_ready_notifications=1465819 maintenance_ready_stale_notifications=111 maintenance_ready_tickets_drained=1152514 maintenance_ready_overflow_scans=0 maintenance_ready_fallback_scans=677945 stage2_search_lane_lease_limit=32 stage2_search_lane_lease_peak=26 stage2_search_lane_lease_blocked=0 maintenance_worker_observed_idle_ratio=0.440178 maintenance_worker_observed_busy_ratio=0.559822 physical_stage1_items=76237 physical_stage1_total_ns=334626188847 physical_stage1_search_ns=304022013500 physical_stage1_prune_ns=21932667458 physical_stage1_allocate_write_ns=6410001964 physical_stage1_backlink_ns=1407165606 physical_stage1_candidates=9750353 physical_stage1_remote_frontier_items=49733211 physical_stage1_neighbors=2946530 peer_stage1_enqueued=70627 peer_stage1_processed=70627 peer_stage1_items=122094 avg_peer_stage1_items=1.728716 peer_stage1_rate_per_sec=787.518235 peer_stage1_max_queue=46 peer_stage1_active_workers=3 peer_stage2_home_enqueued=294869 peer_stage2_home_processed=294866 peer_stage2_home_items=27187426 avg_peer_stage2_home_items=92.202648 peer_stage2_home_max_queue=24 peer_stage2_home_response_queue_drops=0 peer_stage2_home_response_send_wait_ms=6198.845693 avg_peer_stage2_home_queue_wait_us=71.265544 avg_peer_stage2_home_execution_us=115.522459 peer_stage1_release_deferred_batches=90 peer_stage1_release_deferred_items=152 peer_stage1_duplicate_retry_responses=0 peer_stage1_admission_retry_responses=0 peer_stage1_retry_response_drops=0 peer_stage1_admission_waiters=0 peer_stage1_admission_waiter_items=0 peer_stage1_admission_owned_items=0 peer_stage1_admission_wake_coverage=0 peer_stage1_admission_parked=0 peer_stage1_admission_woken=0 peer_stage1_admission_reparked=0 peer_stage1_max_admission_waiters=0 peer_stage1_duplicate_coalesced=18 peer_reverse_enqueued=23128 peer_reverse_processed=23127 peer_reverse_remaining=1 peer_reverse_items_enqueued=329418 peer_reverse_items_processed=329411 peer_reverse_rate_per_sec=2124.733150 peer_reverse_failed=10 peer_reverse_max_queue=23 reclaim_pending=1081 reclaim_reused=8067 dynamic_high_watermark=26430588896 stage2_remaining=24040 cleanup_remaining=0 active_contexts=32 active_context_limit=32 repair_remaining=0 remaining=24296
[STATUS]: storage-owner maintenance observation: enqueued=76237 stage2_enqueued=76237 cleanup_enqueued=0 stage2_tasks_done=63965 stage2_finalized_live=63965 cleanup_processed=0 stale=0 stage2_completion_ratio=0.839028 live_stage2_completion_ratio=0.839028 avg_stage2_delay_ms=42583.091972 p99_stage2_delay_upper_ms=30000.000000 p99_stage2_delay_over_30s=true stage2_delay_histogram=0,0,0,0,0,0,7,16,72,94,233,561,1580,1442,4937,4266,4861,45896 max_stage2_delay_ms=75653.728234 compaction_batch_target=32 compaction_max_delay_ms=25.000000 stage2_rate_per_sec=399.690168 stage1_search_budget_exhausted=0 stage2_search_budget_exhausted=0 stage2_continuations=64221 stage2_remote_frontier_items=41917369 avg_stage2_remote_frontier=652.705019 stage2_remote_expansions=1844648 avg_stage2_remote_expansions=28.723439 stage2_scored_candidates=92640202 avg_stage2_scored_candidates=1442.521948 stage2_graph_read_waves=483967 avg_stage2_expansions_per_graph_wave=3.811516 stage2_graph_unique_reads=1928621 stage2_graph_prefetch_issued=1273101 stage2_graph_prefetch_hits=1192024 stage2_graph_prefetch_wasted=80459 stage2_graph_prefetch_promotion_ratio=0.936770 stage2_graph_issue_width_current=16 stage2_vector_read_waves=750626 avg_stage2_scores_per_vector_wave=123.417257 stage2_vector_unique_reads=48546381 stage2_home_rpc_batches=622566 stage2_home_rpc_items=42873358 avg_stage2_home_rpc_batch=68.865563 stage2_home_score_rpc_batches=176377 stage2_home_score_rpc_items=40944741 stage2_home_score_rpc_queries=767657 stage2_home_score_rpc_request_bytes=1294788360 stage2_home_score_rpc_response_bytes=1318295040 avg_stage2_home_score_queries_per_rpc=4.352365 avg_stage2_home_score_rpc_batch=232.143312 stage2_home_scored_neighbors=85035962 home_scores_per_expansion=1.983422 stage2_migrations=11201 home_match_rate=0.824889 stage2_final_edges=2602880 stage2_cross_edges_stage1_home=569369 stage2_cross_edges_final_home=317436 cross_edge_reduction_ratio=0.442478 failed=0 rpc_timeouts=0 reverse_aggregate_batches=0 reverse_aggregate_logical_requests=0 reverse_aggregate_ops=0 avg_reverse_aggregate_logicals=0.000000 avg_reverse_aggregate_ops=0.000000 max_backlog=42311 admission_window=65536 completion_outstanding=12488 completion_incomplete=12272 completed_behind_hole=216 completion_logical_full_failures=0 completion_physical_full_failures=0 pressure_yields=1856603 stage2_batches=8032 avg_stage2_batch_size=7.995642 packing_target_batch=8 packing_admit_queue_avg=21600.003611 packing_admit_queue_max=42311 packing_batch_1_7=13 packing_batch_8=8019 packing_assembly_batches=8032 packing_assembly_wait_ms=336833415.156452 packing_arrival_interval_us=1515 packing_waited_batches=13 packing_wait_ms=207.189000 packing_target_flushes=8019 packing_deadline_flushes=13 packing_cleanup_flushes=0 stage2_phase_search_attempts=8006 stage2_phase_search_task_attempts=64013 stage2_phase_search_elapsed_ms=3720467.658141 avg_stage2_phase_search_us_per_task=58120.501432 stage2_phase_freeze_prune_attempts=16097 stage2_phase_freeze_prune_task_attempts=128737 stage2_phase_freeze_prune_elapsed_ms=256996.208401 avg_stage2_phase_freeze_prune_us_per_task=1996.288623 stage2_phase_reverse_prepare_attempts=8000 stage2_phase_reverse_prepare_task_attempts=63965 stage2_phase_reverse_prepare_elapsed_ms=654885.646348 avg_stage2_phase_reverse_prepare_us_per_task=10238.187233 stage2_phase_placement_authority_attempts=8000 stage2_phase_placement_authority_task_attempts=63965 stage2_phase_placement_authority_elapsed_ms=195111.755157 avg_stage2_phase_placement_authority_us_per_task=3050.289301 stage2_phase_completion_handoff_attempts=8000 stage2_phase_completion_handoff_task_attempts=63965 stage2_phase_completion_handoff_elapsed_ms=16.633897 avg_stage2_phase_completion_handoff_us_per_task=0.260047 stage2_phase_finalize_attempts=8000 stage2_phase_finalize_task_attempts=63965 stage2_phase_finalize_elapsed_ms=88.799914 avg_stage2_phase_finalize_us_per_task=1.388258 maintenance_worker_idle_waits=1341760 maintenance_worker_idle_ms=551662.278510 maintenance_lost_wake_avoided=228753 maintenance_targeted_wakes=3616889 maintenance_generic_wakes=43599 maintenance_broadcast_wakes=0 maintenance_context_slots_scanned=12837264 maintenance_ready_notifications=1816016 maintenance_ready_stale_notifications=112 maintenance_ready_tickets_drained=1413411 maintenance_ready_overflow_scans=0 maintenance_ready_fallback_scans=802587 stage2_search_lane_lease_limit=32 stage2_search_lane_lease_peak=26 stage2_search_lane_lease_blocked=0 maintenance_worker_observed_idle_ratio=0.430888 maintenance_worker_observed_busy_ratio=0.569112 physical_stage1_items=76237 physical_stage1_total_ns=334626188847 physical_stage1_search_ns=304022013500 physical_stage1_prune_ns=21932667458 physical_stage1_allocate_write_ns=6410001964 physical_stage1_backlink_ns=1407165606 physical_stage1_candidates=9750353 physical_stage1_remote_frontier_items=49733211 physical_stage1_neighbors=2946530 peer_stage1_enqueued=70627 peer_stage1_processed=70627 peer_stage1_items=122094 avg_peer_stage1_items=1.728716 peer_stage1_rate_per_sec=762.913647 peer_stage1_max_queue=46 peer_stage1_active_workers=0 peer_stage2_home_enqueued=343019 peer_stage2_home_processed=343019 peer_stage2_home_items=31361144 avg_peer_stage2_home_items=91.426842 peer_stage2_home_max_queue=24 peer_stage2_home_response_queue_drops=0 peer_stage2_home_response_send_wait_ms=6603.662957 avg_peer_stage2_home_queue_wait_us=64.191019 avg_peer_stage2_home_execution_us=116.832181 peer_stage1_release_deferred_batches=90 peer_stage1_release_deferred_items=152 peer_stage1_duplicate_retry_responses=0 peer_stage1_admission_retry_responses=0 peer_stage1_retry_response_drops=0 peer_stage1_admission_waiters=0 peer_stage1_admission_waiter_items=0 peer_stage1_admission_owned_items=0 peer_stage1_admission_wake_coverage=0 peer_stage1_admission_parked=0 peer_stage1_admission_woken=0 peer_stage1_admission_reparked=0 peer_stage1_max_admission_waiters=0 peer_stage1_duplicate_coalesced=18 peer_reverse_enqueued=26818 peer_reverse_processed=26817 peer_reverse_remaining=1 peer_reverse_items_enqueued=382326 peer_reverse_items_processed=382298 peer_reverse_rate_per_sec=2388.818135 peer_reverse_failed=12 peer_reverse_max_queue=23 reclaim_pending=2173 reclaim_reused=9028 dynamic_high_watermark=26430588896 stage2_remaining=12016 cleanup_remaining=0 active_contexts=32 active_context_limit=32 repair_remaining=0 remaining=12272
[STATUS]: storage-owner maintenance observation: enqueued=76237 stage2_enqueued=76237 cleanup_enqueued=0 stage2_tasks_done=76237 stage2_finalized_live=76237 cleanup_processed=0 stale=0 stage2_completion_ratio=1.000000 live_stage2_completion_ratio=1.000000 avg_stage2_delay_ms=40132.452835 p99_stage2_delay_upper_ms=30000.000000 p99_stage2_delay_over_30s=true stage2_delay_histogram=0,0,0,0,0,0,7,16,72,94,233,561,1580,1442,4937,4266,12830,50199 max_stage2_delay_ms=75653.728234 compaction_batch_target=32 compaction_max_delay_ms=25.000000 stage2_rate_per_sec=461.940153 stage1_search_budget_exhausted=0 stage2_search_budget_exhausted=0 stage2_continuations=76237 stage2_remote_frontier_items=49733211 avg_stage2_remote_frontier=652.350053 stage2_remote_expansions=2199777 avg_stage2_remote_expansions=28.854454 stage2_scored_candidates=110258242 avg_stage2_scored_candidates=1446.256306 stage2_graph_read_waves=580295 avg_stage2_expansions_per_graph_wave=3.790791 stage2_graph_unique_reads=2296061 stage2_graph_prefetch_issued=1513089 stage2_graph_prefetch_hits=1416805 stage2_graph_prefetch_wasted=96284 stage2_graph_prefetch_promotion_ratio=0.936366 stage2_graph_issue_width_current=16 stage2_vector_read_waves=902387 avg_stage2_scores_per_vector_wave=122.185096 stage2_vector_unique_reads=57687249 stage2_home_rpc_batches=754367 stage2_home_rpc_items=50896732 avg_stage2_home_rpc_batch=67.469457 stage2_home_score_rpc_batches=211408 stage2_home_score_rpc_items=48600671 stage2_home_score_rpc_queries=912852 stage2_home_score_rpc_request_bytes=1538004744 stage2_home_score_rpc_response_bytes=1564929496 avg_stage2_home_score_queries_per_rpc=4.317963 avg_stage2_home_score_rpc_batch=229.890406 stage2_home_scored_neighbors=101167825 home_scores_per_expansion=1.987708 stage2_migrations=13391 home_match_rate=0.824350 stage2_final_edges=3101349 stage2_cross_edges_stage1_home=680111 stage2_cross_edges_final_home=377665 cross_edge_reduction_ratio=0.444701 failed=0 rpc_timeouts=0 reverse_aggregate_batches=0 reverse_aggregate_logical_requests=0 reverse_aggregate_ops=0 avg_reverse_aggregate_logicals=0.000000 avg_reverse_aggregate_ops=0.000000 max_backlog=42311 admission_window=65536 completion_outstanding=0 completion_incomplete=0 completed_behind_hole=0 completion_logical_full_failures=0 completion_physical_full_failures=0 pressure_yields=2065679 stage2_batches=9534 avg_stage2_batch_size=7.996329 packing_target_batch=8 packing_admit_queue_avg=19144.247220 packing_admit_queue_max=42311 packing_batch_1_7=13 packing_batch_8=9521 packing_assembly_batches=9534 packing_assembly_wait_ms=377541248.437833 packing_arrival_interval_us=1515 packing_waited_batches=13 packing_wait_ms=207.189000 packing_target_flushes=9521 packing_deadline_flushes=13 packing_cleanup_flushes=0 stage2_phase_search_attempts=9534 stage2_phase_search_task_attempts=76237 stage2_phase_search_elapsed_ms=3819578.656747 avg_stage2_phase_search_us_per_task=50101.376717 stage2_phase_freeze_prune_attempts=20308 stage2_phase_freeze_prune_task_attempts=162425 stage2_phase_freeze_prune_elapsed_ms=262783.070601 avg_stage2_phase_freeze_prune_us_per_task=1617.873299 stage2_phase_reverse_prepare_attempts=9534 stage2_phase_reverse_prepare_task_attempts=76237 stage2_phase_reverse_prepare_elapsed_ms=677426.196553 avg_stage2_phase_reverse_prepare_us_per_task=8885.792942 stage2_phase_placement_authority_attempts=9534 stage2_phase_placement_authority_task_attempts=76237 stage2_phase_placement_authority_elapsed_ms=196462.029119 avg_stage2_phase_placement_authority_us_per_task=2576.990557 stage2_phase_completion_handoff_attempts=9534 stage2_phase_completion_handoff_task_attempts=76237 stage2_phase_completion_handoff_elapsed_ms=18.255416 avg_stage2_phase_completion_handoff_us_per_task=0.239456 stage2_phase_finalize_attempts=9534 stage2_phase_finalize_task_attempts=76237 stage2_phase_finalize_elapsed_ms=99.301841 avg_stage2_phase_finalize_us_per_task=1.302541 maintenance_worker_idle_waits=1472640 maintenance_worker_idle_ms=559603.903446 maintenance_lost_wake_avoided=257022 maintenance_targeted_wakes=4279752 maintenance_generic_wakes=43599 maintenance_broadcast_wakes=0 maintenance_context_slots_scanned=14221600 maintenance_ready_notifications=2186692 maintenance_ready_stale_notifications=112 maintenance_ready_tickets_drained=1686255 maintenance_ready_overflow_scans=0 maintenance_ready_fallback_scans=889149 stage2_search_lane_lease_limit=32 stage2_search_lane_lease_peak=26 stage2_search_lane_lease_blocked=0 maintenance_worker_observed_idle_ratio=0.423849 maintenance_worker_observed_busy_ratio=0.576151 physical_stage1_items=76237 physical_stage1_total_ns=334626188847 physical_stage1_search_ns=304022013500 physical_stage1_prune_ns=21932667458 physical_stage1_allocate_write_ns=6410001964 physical_stage1_backlink_ns=1407165606 physical_stage1_candidates=9750353 physical_stage1_remote_frontier_items=49733211 physical_stage1_neighbors=2946530 peer_stage1_enqueued=70627 peer_stage1_processed=70627 peer_stage1_items=122094 avg_peer_stage1_items=1.728716 peer_stage1_rate_per_sec=739.799849 peer_stage1_max_queue=46 peer_stage1_active_workers=0 peer_stage2_home_enqueued=346986 peer_stage2_home_processed=346986 peer_stage2_home_items=31641889 avg_peer_stage2_home_items=91.190679 peer_stage2_home_max_queue=24 peer_stage2_home_response_queue_drops=0 peer_stage2_home_response_send_wait_ms=6640.449485 avg_peer_stage2_home_queue_wait_us=63.617066 avg_peer_stage2_home_execution_us=116.741483 peer_stage1_release_deferred_batches=90 peer_stage1_release_deferred_items=152 peer_stage1_duplicate_retry_responses=0 peer_stage1_admission_retry_responses=0 peer_stage1_retry_response_drops=0 peer_stage1_admission_waiters=0 peer_stage1_admission_waiter_items=0 peer_stage1_admission_owned_items=0 peer_stage1_admission_wake_coverage=0 peer_stage1_admission_parked=0 peer_stage1_admission_woken=0 peer_stage1_admission_reparked=0 peer_stage1_max_admission_waiters=0 peer_stage1_duplicate_coalesced=18 peer_reverse_enqueued=27175 peer_reverse_processed=27175 peer_reverse_remaining=0 peer_reverse_items_enqueued=386462 peer_reverse_items_processed=386462 peer_reverse_rate_per_sec=2341.675506 peer_reverse_failed=12 peer_reverse_max_queue=23 reclaim_pending=4291 reclaim_reused=9100 dynamic_high_watermark=26430588896 stage2_remaining=0 cleanup_remaining=0 active_contexts=0 active_context_limit=32 repair_remaining=0 remaining=0
[STATUS]: storage-owner maintenance observation: enqueued=76237 stage2_enqueued=76237 cleanup_enqueued=0 stage2_tasks_done=76237 stage2_finalized_live=76237 cleanup_processed=0 stale=0 stage2_completion_ratio=1.000000 live_stage2_completion_ratio=1.000000 avg_stage2_delay_ms=40132.452835 p99_stage2_delay_upper_ms=30000.000000 p99_stage2_delay_over_30s=true stage2_delay_histogram=0,0,0,0,0,0,7,16,72,94,233,561,1580,1442,4937,4266,12830,50199 max_stage2_delay_ms=75653.728234 compaction_batch_target=32 compaction_max_delay_ms=25.000000 stage2_rate_per_sec=448.355158 stage1_search_budget_exhausted=0 stage2_search_budget_exhausted=0 stage2_continuations=76237 stage2_remote_frontier_items=49733211 avg_stage2_remote_frontier=652.350053 stage2_remote_expansions=2199777 avg_stage2_remote_expansions=28.854454 stage2_scored_candidates=110258242 avg_stage2_scored_candidates=1446.256306 stage2_graph_read_waves=580295 avg_stage2_expansions_per_graph_wave=3.790791 stage2_graph_unique_reads=2296061 stage2_graph_prefetch_issued=1513089 stage2_graph_prefetch_hits=1416805 stage2_graph_prefetch_wasted=96284 stage2_graph_prefetch_promotion_ratio=0.936366 stage2_graph_issue_width_current=16 stage2_vector_read_waves=902387 avg_stage2_scores_per_vector_wave=122.185096 stage2_vector_unique_reads=57687249 stage2_home_rpc_batches=754367 stage2_home_rpc_items=50896732 avg_stage2_home_rpc_batch=67.469457 stage2_home_score_rpc_batches=211408 stage2_home_score_rpc_items=48600671 stage2_home_score_rpc_queries=912852 stage2_home_score_rpc_request_bytes=1538004744 stage2_home_score_rpc_response_bytes=1564929496 avg_stage2_home_score_queries_per_rpc=4.317963 avg_stage2_home_score_rpc_batch=229.890406 stage2_home_scored_neighbors=101167825 home_scores_per_expansion=1.987708 stage2_migrations=13391 home_match_rate=0.824350 stage2_final_edges=3101349 stage2_cross_edges_stage1_home=680111 stage2_cross_edges_final_home=377665 cross_edge_reduction_ratio=0.444701 failed=0 rpc_timeouts=0 reverse_aggregate_batches=0 reverse_aggregate_logical_requests=0 reverse_aggregate_ops=0 avg_reverse_aggregate_logicals=0.000000 avg_reverse_aggregate_ops=0.000000 max_backlog=42311 admission_window=65536 completion_outstanding=0 completion_incomplete=0 completed_behind_hole=0 completion_logical_full_failures=0 completion_physical_full_failures=0 pressure_yields=2065679 stage2_batches=9534 avg_stage2_batch_size=7.996329 packing_target_batch=8 packing_admit_queue_avg=19144.247220 packing_admit_queue_max=42311 packing_batch_1_7=13 packing_batch_8=9521 packing_assembly_batches=9534 packing_assembly_wait_ms=377541248.437833 packing_arrival_interval_us=1515 packing_waited_batches=13 packing_wait_ms=207.189000 packing_target_flushes=9521 packing_deadline_flushes=13 packing_cleanup_flushes=0 stage2_phase_search_attempts=9534 stage2_phase_search_task_attempts=76237 stage2_phase_search_elapsed_ms=3819578.656747 avg_stage2_phase_search_us_per_task=50101.376717 stage2_phase_freeze_prune_attempts=20308 stage2_phase_freeze_prune_task_attempts=162425 stage2_phase_freeze_prune_elapsed_ms=262783.070601 avg_stage2_phase_freeze_prune_us_per_task=1617.873299 stage2_phase_reverse_prepare_attempts=9534 stage2_phase_reverse_prepare_task_attempts=76237 stage2_phase_reverse_prepare_elapsed_ms=677426.196553 avg_stage2_phase_reverse_prepare_us_per_task=8885.792942 stage2_phase_placement_authority_attempts=9534 stage2_phase_placement_authority_task_attempts=76237 stage2_phase_placement_authority_elapsed_ms=196462.029119 avg_stage2_phase_placement_authority_us_per_task=2576.990557 stage2_phase_completion_handoff_attempts=9534 stage2_phase_completion_handoff_task_attempts=76237 stage2_phase_completion_handoff_elapsed_ms=18.255416 avg_stage2_phase_completion_handoff_us_per_task=0.239456 stage2_phase_finalize_attempts=9534 stage2_phase_finalize_task_attempts=76237 stage2_phase_finalize_elapsed_ms=99.301841 avg_stage2_phase_finalize_us_per_task=1.302541 maintenance_worker_idle_waits=1476608 maintenance_worker_idle_ms=599516.970844 maintenance_lost_wake_avoided=257022 maintenance_targeted_wakes=4279752 maintenance_generic_wakes=43599 maintenance_broadcast_wakes=0 maintenance_context_slots_scanned=14285088 maintenance_ready_notifications=2186692 maintenance_ready_stale_notifications=112 maintenance_ready_tickets_drained=1686255 maintenance_ready_overflow_scans=0 maintenance_ready_fallback_scans=893125 stage2_search_lane_lease_limit=32 stage2_search_lane_lease_peak=26 stage2_search_lane_lease_blocked=0 maintenance_worker_observed_idle_ratio=0.440725 maintenance_worker_observed_busy_ratio=0.559275 physical_stage1_items=76237 physical_stage1_total_ns=334626188847 physical_stage1_search_ns=304022013500 physical_stage1_prune_ns=21932667458 physical_stage1_allocate_write_ns=6410001964 physical_stage1_backlink_ns=1407165606 physical_stage1_candidates=9750353 physical_stage1_remote_frontier_items=49733211 physical_stage1_neighbors=2946530 peer_stage1_enqueued=70627 peer_stage1_processed=70627 peer_stage1_items=122094 avg_peer_stage1_items=1.728716 peer_stage1_rate_per_sec=718.043400 peer_stage1_max_queue=46 peer_stage1_active_workers=0 peer_stage2_home_enqueued=346986 peer_stage2_home_processed=346986 peer_stage2_home_items=31641889 avg_peer_stage2_home_items=91.190679 peer_stage2_home_max_queue=24 peer_stage2_home_response_queue_drops=0 peer_stage2_home_response_send_wait_ms=6640.449485 avg_peer_stage2_home_queue_wait_us=63.617066 avg_peer_stage2_home_execution_us=116.741483 peer_stage1_release_deferred_batches=90 peer_stage1_release_deferred_items=152 peer_stage1_duplicate_retry_responses=0 peer_stage1_admission_retry_responses=0 peer_stage1_retry_response_drops=0 peer_stage1_admission_waiters=0 peer_stage1_admission_waiter_items=0 peer_stage1_admission_owned_items=0 peer_stage1_admission_wake_coverage=0 peer_stage1_admission_parked=0 peer_stage1_admission_woken=0 peer_stage1_admission_reparked=0 peer_stage1_max_admission_waiters=0 peer_stage1_duplicate_coalesced=18 peer_reverse_enqueued=27175 peer_reverse_processed=27175 peer_reverse_remaining=0 peer_reverse_items_enqueued=386462 peer_reverse_items_processed=386462 peer_reverse_rate_per_sec=2272.810198 peer_reverse_failed=12 peer_reverse_max_queue=23 reclaim_pending=4291 reclaim_reused=9100 dynamic_high_watermark=26430588896 stage2_remaining=0 cleanup_remaining=0 active_contexts=0 active_context_limit=32 repair_remaining=0 remaining=0
[STATUS]: storage-owner maintenance observation: enqueued=76237 stage2_enqueued=76237 cleanup_enqueued=0 stage2_tasks_done=76237 stage2_finalized_live=76237 cleanup_processed=0 stale=0 stage2_completion_ratio=1.000000 live_stage2_completion_ratio=1.000000 avg_stage2_delay_ms=40132.452835 p99_stage2_delay_upper_ms=30000.000000 p99_stage2_delay_over_30s=true stage2_delay_histogram=0,0,0,0,0,0,7,16,72,94,233,561,1580,1442,4937,4266,12830,50199 max_stage2_delay_ms=75653.728234 compaction_batch_target=32 compaction_max_delay_ms=25.000000 stage2_rate_per_sec=435.547661 stage1_search_budget_exhausted=0 stage2_search_budget_exhausted=0 stage2_continuations=76237 stage2_remote_frontier_items=49733211 avg_stage2_remote_frontier=652.350053 stage2_remote_expansions=2199777 avg_stage2_remote_expansions=28.854454 stage2_scored_candidates=110258242 avg_stage2_scored_candidates=1446.256306 stage2_graph_read_waves=580295 avg_stage2_expansions_per_graph_wave=3.790791 stage2_graph_unique_reads=2296061 stage2_graph_prefetch_issued=1513089 stage2_graph_prefetch_hits=1416805 stage2_graph_prefetch_wasted=96284 stage2_graph_prefetch_promotion_ratio=0.936366 stage2_graph_issue_width_current=16 stage2_vector_read_waves=902387 avg_stage2_scores_per_vector_wave=122.185096 stage2_vector_unique_reads=57687249 stage2_home_rpc_batches=754367 stage2_home_rpc_items=50896732 avg_stage2_home_rpc_batch=67.469457 stage2_home_score_rpc_batches=211408 stage2_home_score_rpc_items=48600671 stage2_home_score_rpc_queries=912852 stage2_home_score_rpc_request_bytes=1538004744 stage2_home_score_rpc_response_bytes=1564929496 avg_stage2_home_score_queries_per_rpc=4.317963 avg_stage2_home_score_rpc_batch=229.890406 stage2_home_scored_neighbors=101167825 home_scores_per_expansion=1.987708 stage2_migrations=13391 home_match_rate=0.824350 stage2_final_edges=3101349 stage2_cross_edges_stage1_home=680111 stage2_cross_edges_final_home=377665 cross_edge_reduction_ratio=0.444701 failed=0 rpc_timeouts=0 reverse_aggregate_batches=0 reverse_aggregate_logical_requests=0 reverse_aggregate_ops=0 avg_reverse_aggregate_logicals=0.000000 avg_reverse_aggregate_ops=0.000000 max_backlog=42311 admission_window=65536 completion_outstanding=0 completion_incomplete=0 completed_behind_hole=0 completion_logical_full_failures=0 completion_physical_full_failures=0 pressure_yields=2065679 stage2_batches=9534 avg_stage2_batch_size=7.996329 packing_target_batch=8 packing_admit_queue_avg=19144.247220 packing_admit_queue_max=42311 packing_batch_1_7=13 packing_batch_8=9521 packing_assembly_batches=9534 packing_assembly_wait_ms=377541248.437833 packing_arrival_interval_us=1515 packing_waited_batches=13 packing_wait_ms=207.189000 packing_target_flushes=9521 packing_deadline_flushes=13 packing_cleanup_flushes=0 stage2_phase_search_attempts=9534 stage2_phase_search_task_attempts=76237 stage2_phase_search_elapsed_ms=3819578.656747 avg_stage2_phase_search_us_per_task=50101.376717 stage2_phase_freeze_prune_attempts=20308 stage2_phase_freeze_prune_task_attempts=162425 stage2_phase_freeze_prune_elapsed_ms=262783.070601 avg_stage2_phase_freeze_prune_us_per_task=1617.873299 stage2_phase_reverse_prepare_attempts=9534 stage2_phase_reverse_prepare_task_attempts=76237 stage2_phase_reverse_prepare_elapsed_ms=677426.196553 avg_stage2_phase_reverse_prepare_us_per_task=8885.792942 stage2_phase_placement_authority_attempts=9534 stage2_phase_placement_authority_task_attempts=76237 stage2_phase_placement_authority_elapsed_ms=196462.029119 avg_stage2_phase_placement_authority_us_per_task=2576.990557 stage2_phase_completion_handoff_attempts=9534 stage2_phase_completion_handoff_task_attempts=76237 stage2_phase_completion_handoff_elapsed_ms=18.255416 avg_stage2_phase_completion_handoff_us_per_task=0.239456 stage2_phase_finalize_attempts=9534 stage2_phase_finalize_task_attempts=76237 stage2_phase_finalize_elapsed_ms=99.301841 avg_stage2_phase_finalize_us_per_task=1.302541 maintenance_worker_idle_waits=1480704 maintenance_worker_idle_ms=640717.239581 maintenance_lost_wake_avoided=257022 maintenance_targeted_wakes=4279752 maintenance_generic_wakes=43599 maintenance_broadcast_wakes=0 maintenance_context_slots_scanned=14350624 maintenance_ready_notifications=2186692 maintenance_ready_stale_notifications=112 maintenance_ready_tickets_drained=1686255 maintenance_ready_overflow_scans=0 maintenance_ready_fallback_scans=897101 stage2_search_lane_lease_limit=32 stage2_search_lane_lease_peak=26 stage2_search_lane_lease_blocked=0 maintenance_worker_observed_idle_ratio=0.457558 maintenance_worker_observed_busy_ratio=0.542442 physical_stage1_items=76237 physical_stage1_total_ns=334626188847 physical_stage1_search_ns=304022013500 physical_stage1_prune_ns=21932667458 physical_stage1_allocate_write_ns=6410001964 physical_stage1_backlink_ns=1407165606 physical_stage1_candidates=9750353 physical_stage1_remote_frontier_items=49733211 physical_stage1_neighbors=2946530 peer_stage1_enqueued=70627 peer_stage1_processed=70627 peer_stage1_items=122094 avg_peer_stage1_items=1.728716 peer_stage1_rate_per_sec=697.532119 peer_stage1_max_queue=46 peer_stage1_active_workers=0 peer_stage2_home_enqueued=346986 peer_stage2_home_processed=346986 peer_stage2_home_items=31641889 avg_peer_stage2_home_items=91.190679 peer_stage2_home_max_queue=24 peer_stage2_home_response_queue_drops=0 peer_stage2_home_response_send_wait_ms=6640.449485 avg_peer_stage2_home_queue_wait_us=63.617066 avg_peer_stage2_home_execution_us=116.741483 peer_stage1_release_deferred_batches=90 peer_stage1_release_deferred_items=152 peer_stage1_duplicate_retry_responses=0 peer_stage1_admission_retry_responses=0 peer_stage1_retry_response_drops=0 peer_stage1_admission_waiters=0 peer_stage1_admission_waiter_items=0 peer_stage1_admission_owned_items=0 peer_stage1_admission_wake_coverage=0 peer_stage1_admission_parked=0 peer_stage1_admission_woken=0 peer_stage1_admission_reparked=0 peer_stage1_max_admission_waiters=0 peer_stage1_duplicate_coalesced=18 peer_reverse_enqueued=27175 peer_reverse_processed=27175 peer_reverse_remaining=0 peer_reverse_items_enqueued=386462 peer_reverse_items_processed=386462 peer_reverse_rate_per_sec=2207.886200 peer_reverse_failed=12 peer_reverse_max_queue=23 reclaim_pending=4291 reclaim_reused=9100 dynamic_high_watermark=26430588896 stage2_remaining=0 cleanup_remaining=0 active_contexts=0 active_context_limit=32 repair_remaining=0 remaining=0
[STATUS]: storage-owner maintenance observation: enqueued=76237 stage2_enqueued=76237 cleanup_enqueued=0 stage2_tasks_done=76237 stage2_finalized_live=76237 cleanup_processed=0 stale=0 stage2_completion_ratio=1.000000 live_stage2_completion_ratio=1.000000 avg_stage2_delay_ms=40132.452835 p99_stage2_delay_upper_ms=30000.000000 p99_stage2_delay_over_30s=true stage2_delay_histogram=0,0,0,0,0,0,7,16,72,94,233,561,1580,1442,4937,4266,12830,50199 max_stage2_delay_ms=75653.728234 compaction_batch_target=32 compaction_max_delay_ms=25.000000 stage2_rate_per_sec=423.450263 stage1_search_budget_exhausted=0 stage2_search_budget_exhausted=0 stage2_continuations=76237 stage2_remote_frontier_items=49733211 avg_stage2_remote_frontier=652.350053 stage2_remote_expansions=2199777 avg_stage2_remote_expansions=28.854454 stage2_scored_candidates=110258242 avg_stage2_scored_candidates=1446.256306 stage2_graph_read_waves=580295 avg_stage2_expansions_per_graph_wave=3.790791 stage2_graph_unique_reads=2296061 stage2_graph_prefetch_issued=1513089 stage2_graph_prefetch_hits=1416805 stage2_graph_prefetch_wasted=96284 stage2_graph_prefetch_promotion_ratio=0.936366 stage2_graph_issue_width_current=16 stage2_vector_read_waves=902387 avg_stage2_scores_per_vector_wave=122.185096 stage2_vector_unique_reads=57687249 stage2_home_rpc_batches=754367 stage2_home_rpc_items=50896732 avg_stage2_home_rpc_batch=67.469457 stage2_home_score_rpc_batches=211408 stage2_home_score_rpc_items=48600671 stage2_home_score_rpc_queries=912852 stage2_home_score_rpc_request_bytes=1538004744 stage2_home_score_rpc_response_bytes=1564929496 avg_stage2_home_score_queries_per_rpc=4.317963 avg_stage2_home_score_rpc_batch=229.890406 stage2_home_scored_neighbors=101167825 home_scores_per_expansion=1.987708 stage2_migrations=13391 home_match_rate=0.824350 stage2_final_edges=3101349 stage2_cross_edges_stage1_home=680111 stage2_cross_edges_final_home=377665 cross_edge_reduction_ratio=0.444701 failed=0 rpc_timeouts=0 reverse_aggregate_batches=0 reverse_aggregate_logical_requests=0 reverse_aggregate_ops=0 avg_reverse_aggregate_logicals=0.000000 avg_reverse_aggregate_ops=0.000000 max_backlog=42311 admission_window=65536 completion_outstanding=0 completion_incomplete=0 completed_behind_hole=0 completion_logical_full_failures=0 completion_physical_full_failures=0 pressure_yields=2065679 stage2_batches=9534 avg_stage2_batch_size=7.996329 packing_target_batch=8 packing_admit_queue_avg=19144.247220 packing_admit_queue_max=42311 packing_batch_1_7=13 packing_batch_8=9521 packing_assembly_batches=9534 packing_assembly_wait_ms=377541248.437833 packing_arrival_interval_us=1515 packing_waited_batches=13 packing_wait_ms=207.189000 packing_target_flushes=9521 packing_deadline_flushes=13 packing_cleanup_flushes=0 stage2_phase_search_attempts=9534 stage2_phase_search_task_attempts=76237 stage2_phase_search_elapsed_ms=3819578.656747 avg_stage2_phase_search_us_per_task=50101.376717 stage2_phase_freeze_prune_attempts=20308 stage2_phase_freeze_prune_task_attempts=162425 stage2_phase_freeze_prune_elapsed_ms=262783.070601 avg_stage2_phase_freeze_prune_us_per_task=1617.873299 stage2_phase_reverse_prepare_attempts=9534 stage2_phase_reverse_prepare_task_attempts=76237 stage2_phase_reverse_prepare_elapsed_ms=677426.196553 avg_stage2_phase_reverse_prepare_us_per_task=8885.792942 stage2_phase_placement_authority_attempts=9534 stage2_phase_placement_authority_task_attempts=76237 stage2_phase_placement_authority_elapsed_ms=196462.029119 avg_stage2_phase_placement_authority_us_per_task=2576.990557 stage2_phase_completion_handoff_attempts=9534 stage2_phase_completion_handoff_task_attempts=76237 stage2_phase_completion_handoff_elapsed_ms=18.255416 avg_stage2_phase_completion_handoff_us_per_task=0.239456 stage2_phase_finalize_attempts=9534 stage2_phase_finalize_task_attempts=76237 stage2_phase_finalize_elapsed_ms=99.301841 avg_stage2_phase_finalize_us_per_task=1.302541 maintenance_worker_idle_waits=1484608 maintenance_worker_idle_ms=679986.389682 maintenance_lost_wake_avoided=257022 maintenance_targeted_wakes=4279752 maintenance_generic_wakes=43599 maintenance_broadcast_wakes=0 maintenance_context_slots_scanned=14413088 maintenance_ready_notifications=2186692 maintenance_ready_stale_notifications=112 maintenance_ready_tickets_drained=1686255 maintenance_ready_overflow_scans=0 maintenance_ready_fallback_scans=901075 stage2_search_lane_lease_limit=32 stage2_search_lane_lease_peak=26 stage2_search_lane_lease_blocked=0 maintenance_worker_observed_idle_ratio=0.472114 maintenance_worker_observed_busy_ratio=0.527886 physical_stage1_items=76237 physical_stage1_total_ns=334626188847 physical_stage1_search_ns=304022013500 physical_stage1_prune_ns=21932667458 physical_stage1_allocate_write_ns=6410001964 physical_stage1_backlink_ns=1407165606 physical_stage1_candidates=9750353 physical_stage1_remote_frontier_items=49733211 physical_stage1_neighbors=2946530 peer_stage1_enqueued=70627 peer_stage1_processed=70627 peer_stage1_items=122094 avg_peer_stage1_items=1.728716 peer_stage1_rate_per_sec=678.158065 peer_stage1_max_queue=46 peer_stage1_active_workers=0 peer_stage2_home_enqueued=346986 peer_stage2_home_processed=346986 peer_stage2_home_items=31641889 avg_peer_stage2_home_items=91.190679 peer_stage2_home_max_queue=24 peer_stage2_home_response_queue_drops=0 peer_stage2_home_response_send_wait_ms=6640.449485 avg_peer_stage2_home_queue_wait_us=63.617066 avg_peer_stage2_home_execution_us=116.741483 peer_stage1_release_deferred_batches=90 peer_stage1_release_deferred_items=152 peer_stage1_duplicate_retry_responses=0 peer_stage1_admission_retry_responses=0 peer_stage1_retry_response_drops=0 peer_stage1_admission_waiters=0 peer_stage1_admission_waiter_items=0 peer_stage1_admission_owned_items=0 peer_stage1_admission_wake_coverage=0 peer_stage1_admission_parked=0 peer_stage1_admission_woken=0 peer_stage1_admission_reparked=0 peer_stage1_max_admission_waiters=0 peer_stage1_duplicate_coalesced=18 peer_reverse_enqueued=27175 peer_reverse_processed=27175 peer_reverse_remaining=0 peer_reverse_items_enqueued=386462 peer_reverse_items_processed=386462 peer_reverse_rate_per_sec=2146.561845 peer_reverse_failed=12 peer_reverse_max_queue=23 reclaim_pending=4291 reclaim_reused=9100 dynamic_high_watermark=26430588896 stage2_remaining=0 cleanup_remaining=0 active_contexts=0 active_context_limit=32 repair_remaining=0 remaining=0
[STATUS]: storage-owner maintenance observation: enqueued=76237 stage2_enqueued=76237 cleanup_enqueued=0 stage2_tasks_done=76237 stage2_finalized_live=76237 cleanup_processed=0 stale=0 stage2_completion_ratio=1.000000 live_stage2_completion_ratio=1.000000 avg_stage2_delay_ms=40132.452835 p99_stage2_delay_upper_ms=30000.000000 p99_stage2_delay_over_30s=true stage2_delay_histogram=0,0,0,0,0,0,7,16,72,94,233,561,1580,1442,4937,4266,12830,50199 max_stage2_delay_ms=75653.728234 compaction_batch_target=32 compaction_max_delay_ms=25.000000 stage2_rate_per_sec=412.002866 stage1_search_budget_exhausted=0 stage2_search_budget_exhausted=0 stage2_continuations=76237 stage2_remote_frontier_items=49733211 avg_stage2_remote_frontier=652.350053 stage2_remote_expansions=2199777 avg_stage2_remote_expansions=28.854454 stage2_scored_candidates=110258242 avg_stage2_scored_candidates=1446.256306 stage2_graph_read_waves=580295 avg_stage2_expansions_per_graph_wave=3.790791 stage2_graph_unique_reads=2296061 stage2_graph_prefetch_issued=1513089 stage2_graph_prefetch_hits=1416805 stage2_graph_prefetch_wasted=96284 stage2_graph_prefetch_promotion_ratio=0.936366 stage2_graph_issue_width_current=16 stage2_vector_read_waves=902387 avg_stage2_scores_per_vector_wave=122.185096 stage2_vector_unique_reads=57687249 stage2_home_rpc_batches=754367 stage2_home_rpc_items=50896732 avg_stage2_home_rpc_batch=67.469457 stage2_home_score_rpc_batches=211408 stage2_home_score_rpc_items=48600671 stage2_home_score_rpc_queries=912852 stage2_home_score_rpc_request_bytes=1538004744 stage2_home_score_rpc_response_bytes=1564929496 avg_stage2_home_score_queries_per_rpc=4.317963 avg_stage2_home_score_rpc_batch=229.890406 stage2_home_scored_neighbors=101167825 home_scores_per_expansion=1.987708 stage2_migrations=13391 home_match_rate=0.824350 stage2_final_edges=3101349 stage2_cross_edges_stage1_home=680111 stage2_cross_edges_final_home=377665 cross_edge_reduction_ratio=0.444701 failed=0 rpc_timeouts=0 reverse_aggregate_batches=0 reverse_aggregate_logical_requests=0 reverse_aggregate_ops=0 avg_reverse_aggregate_logicals=0.000000 avg_reverse_aggregate_ops=0.000000 max_backlog=42311 admission_window=65536 completion_outstanding=0 completion_incomplete=0 completed_behind_hole=0 completion_logical_full_failures=0 completion_physical_full_failures=0 pressure_yields=2065679 stage2_batches=9534 avg_stage2_batch_size=7.996329 packing_target_batch=8 packing_admit_queue_avg=19144.247220 packing_admit_queue_max=42311 packing_batch_1_7=13 packing_batch_8=9521 packing_assembly_batches=9534 packing_assembly_wait_ms=377541248.437833 packing_arrival_interval_us=1515 packing_waited_batches=13 packing_wait_ms=207.189000 packing_target_flushes=9521 packing_deadline_flushes=13 packing_cleanup_flushes=0 stage2_phase_search_attempts=9534 stage2_phase_search_task_attempts=76237 stage2_phase_search_elapsed_ms=3819578.656747 avg_stage2_phase_search_us_per_task=50101.376717 stage2_phase_freeze_prune_attempts=20308 stage2_phase_freeze_prune_task_attempts=162425 stage2_phase_freeze_prune_elapsed_ms=262783.070601 avg_stage2_phase_freeze_prune_us_per_task=1617.873299 stage2_phase_reverse_prepare_attempts=9534 stage2_phase_reverse_prepare_task_attempts=76237 stage2_phase_reverse_prepare_elapsed_ms=677426.196553 avg_stage2_phase_reverse_prepare_us_per_task=8885.792942 stage2_phase_placement_authority_attempts=9534 stage2_phase_placement_authority_task_attempts=76237 stage2_phase_placement_authority_elapsed_ms=196462.029119 avg_stage2_phase_placement_authority_us_per_task=2576.990557 stage2_phase_completion_handoff_attempts=9534 stage2_phase_completion_handoff_task_attempts=76237 stage2_phase_completion_handoff_elapsed_ms=18.255416 avg_stage2_phase_completion_handoff_us_per_task=0.239456 stage2_phase_finalize_attempts=9534 stage2_phase_finalize_task_attempts=76237 stage2_phase_finalize_elapsed_ms=99.301841 avg_stage2_phase_finalize_us_per_task=1.302541 maintenance_worker_idle_waits=1488512 maintenance_worker_idle_ms=719256.325219 maintenance_lost_wake_avoided=257022 maintenance_targeted_wakes=4279752 maintenance_generic_wakes=43599 maintenance_broadcast_wakes=0 maintenance_context_slots_scanned=14475552 maintenance_ready_notifications=2186692 maintenance_ready_stale_notifications=112 maintenance_ready_tickets_drained=1686255 maintenance_ready_overflow_scans=0 maintenance_ready_fallback_scans=905052 stage2_search_lane_lease_limit=32 stage2_search_lane_lease_peak=26 stage2_search_lane_lease_blocked=0 maintenance_worker_observed_idle_ratio=0.485879 maintenance_worker_observed_busy_ratio=0.514121 physical_stage1_items=76237 physical_stage1_total_ns=334626188847 physical_stage1_search_ns=304022013500 physical_stage1_prune_ns=21932667458 physical_stage1_allocate_write_ns=6410001964 physical_stage1_backlink_ns=1407165606 physical_stage1_candidates=9750353 physical_stage1_remote_frontier_items=49733211 physical_stage1_neighbors=2946530 peer_stage1_enqueued=70627 peer_stage1_processed=70627 peer_stage1_items=122094 avg_peer_stage1_items=1.728716 peer_stage1_rate_per_sec=659.824993 peer_stage1_max_queue=46 peer_stage1_active_workers=0 peer_stage2_home_enqueued=346986 peer_stage2_home_processed=346986 peer_stage2_home_items=31641889 avg_peer_stage2_home_items=91.190679 peer_stage2_home_max_queue=24 peer_stage2_home_response_queue_drops=0 peer_stage2_home_response_send_wait_ms=6640.449485 avg_peer_stage2_home_queue_wait_us=63.617066 avg_peer_stage2_home_execution_us=116.741483 peer_stage1_release_deferred_batches=90 peer_stage1_release_deferred_items=152 peer_stage1_duplicate_retry_responses=0 peer_stage1_admission_retry_responses=0 peer_stage1_retry_response_drops=0 peer_stage1_admission_waiters=0 peer_stage1_admission_waiter_items=0 peer_stage1_admission_owned_items=0 peer_stage1_admission_wake_coverage=0 peer_stage1_admission_parked=0 peer_stage1_admission_woken=0 peer_stage1_admission_reparked=0 peer_stage1_max_admission_waiters=0 peer_stage1_duplicate_coalesced=18 peer_reverse_enqueued=27175 peer_reverse_processed=27175 peer_reverse_remaining=0 peer_reverse_items_enqueued=386462 peer_reverse_items_processed=386462 peer_reverse_rate_per_sec=2088.532494 peer_reverse_failed=12 peer_reverse_max_queue=23 reclaim_pending=4291 reclaim_reused=9100 dynamic_high_watermark=26430588896 stage2_remaining=0 cleanup_remaining=0 active_contexts=0 active_context_limit=32 repair_remaining=0 remaining=0
