============================================================
                        SERVER
============================================================
num clients:                  1
TCP port:                     1237
QP handshake timeout (ms):    10000
IB device:                    <auto>
IB port:                      1
max outstanding CQEs:         64
max send work requests:       4096
max receive work requests:    4096
============================================================
index prefix:                     "/data/xjs/index/dvstor_deep100m/index/deep100m_R96_bw128_metis_pmd32_pq32_schema16"
storage shard:                    "/data/xjs/index/dvstor_deep100m/index/deep100m_R96_bw128_metis_pmd32_pq32_schema16_node4_of5.dat"
storage id:                       3
base vectors:                     100000000
vector ID namespace [0,N):        4294967295
registered memory GiB:            30
====================================================================
1 device(s) found
Selected device: ibp86s0
Selected port state: 4, lid: 8, active_mtu: 5
interleaved policy
num_cores: 112
physical cores per socket: 28
hyperthreading enabled
local process CPU partition: rank 3/5 logical_cpus=22
pairing: 88653 -- 15192
[STATUS]: loaded index metadata from /data/xjs/index/dvstor_deep100m/index/deep100m_R96_bw128_metis_pmd32_pq32_schema16 (layout=plain, vector_data_type=float32)
[STATUS]: storage-owner stage2 candidate width L=128 per shard
allocation size: 32212254720
allocated ALIGNED MEM (no hugepage) at 137526671048768 with buffer size 32212254720
[STATUS]: loading index (25063375680 Bytes) from /data/xjs/index/dvstor_deep100m/index/deep100m_R96_bw128_metis_pmd32_pq32_schema16_node4_of5.dat
[STATUS]: loaded GPU PQ codes (642650656 Bytes) at remote offset 25063379776
[STATUS]: storage-owner idmap loaded entries=20000000 format=owner_sharded_v2_bound immutable_base=true dynamic_shards=256 dynamic_reserved=65536
[STATUS]: compensated physical centroid restored on shard 3: vectors=20082833 entries=4
[STATUS]: register memory and distribute access token
[STATUS]: connect QPs of compute threads
[STATUS]: reserving 64 GPU/bootstrap QPs per compute node
pairing: 88659 -- 15197
pairing: 88663 -- 15202
pairing: 88668 -- 15207
pairing: 88673 -- 15212
pairing: 88678 -- 15217
pairing: 88683 -- 15222
pairing: 88688 -- 15227
pairing: 88693 -- 15232
pairing: 88698 -- 15237
pairing: 88703 -- 15242
pairing: 88708 -- 15247
pairing: 88713 -- 15252
pairing: 88718 -- 15257
pairing: 88723 -- 15262
pairing: 88728 -- 15267
pairing: 88733 -- 15272
pairing: 88738 -- 15277
pairing: 88743 -- 15282
pairing: 88748 -- 15287
pairing: 88753 -- 15292
pairing: 88758 -- 15297
pairing: 88763 -- 15302
pairing: 88768 -- 15307
pairing: 88773 -- 15312
pairing: 88778 -- 15317
pairing: 88783 -- 15322
pairing: 88788 -- 15327
pairing: 88793 -- 15332
pairing: 88798 -- 15337
pairing: 88803 -- 15342
pairing: 88808 -- 15347
pairing: 88813 -- 15352
pairing: 88818 -- 15450
pairing: 88913 -- 15451
pairing: 88914 -- 15452
pairing: 88915 -- 15453
pairing: 88916 -- 15454
pairing: 88917 -- 15455
pairing: 88918 -- 15456
pairing: 88919 -- 15457
pairing: 88920 -- 15458
pairing: 88921 -- 15459
pairing: 88922 -- 15460
pairing: 88923 -- 15461
pairing: 88924 -- 15462
pairing: 88925 -- 15463
pairing: 88926 -- 15464
pairing: 88927 -- 15465
pairing: 88928 -- 15466
pairing: 88929 -- 15467
pairing: 88930 -- 15468
pairing: 88931 -- 15469
pairing: 88932 -- 15470
pairing: 88933 -- 15471
pairing: 88934 -- 15472
pairing: 88935 -- 15473
pairing: 88936 -- 15474
pairing: 88937 -- 15475
pairing: 88938 -- 15476
pairing: 88939 -- 15477
pairing: 88940 -- 15478
pairing: 88941 -- 15479
pairing: 88942 -- 15480
pairing: 88943 -- 15481
[STATUS]: waiting for compute-node startup barrier
1 device(s) found
Selected device: ibp86s0
Selected port state: 4, lid: 8, active_mtu: 5
pairing: 88978 -- 88981
pairing: 88982 -- 88989
pairing: 88990 -- 88997
pairing: 88998 -- 89005
pairing: 89006 -- 89013
pairing: 89014 -- 89021
pairing: 89022 -- 89029
pairing: 89030 -- 89037
pairing: 89038 -- 89034
pairing: 89041 -- 89040
pairing: 89044 -- 89047
pairing: 89050 -- 89053
pairing: 89056 -- 89059
pairing: 89062 -- 89065
pairing: 89068 -- 89071
pairing: 89074 -- 89077
pairing: 89079 -- 89087
pairing: 89089 -- 89090
pairing: 89092 -- 89094
pairing: 89096 -- 89099
pairing: 89100 -- 89103
pairing: 89104 -- 89106
pairing: 89109 -- 89110
pairing: 89112 -- 89114
pairing: 89116 -- 89120
pairing: 89122 -- 89121
pairing: 89124 -- 89123
pairing: 89125 -- 89126
pairing: 89128 -- 89127
pairing: 89130 -- 89129
pairing: 89131 -- 89132
pairing: 89133 -- 89134
[STATUS]: storage-owner peer RDMA QPs per peer: 8
[STATUS]: storage-owner peer QP0 reserved for RPC; data RDMA uses QP1..7
allocated ALIGNED MEM (no hugepage) at 137525603598400 with buffer size 67108864
allocated ALIGNED MEM (no hugepage) at 137525559558208 with buffer size 42327360
[STATUS]: storage-owner peer RPC receive slots per peer: 64 (requested=64)
[STATUS]: storage-owner peer RPC concurrent sends per peer: 16
[STATUS]: storage-owner peer RPC send credits: Stage1/graph are split at depth >= 2; responses use a dedicated sync buffer
[STATUS]: storage-owner peer async response capacity: 32768
[STATUS]: storage-owner Stage2 home RPC combining: enabled logical_capacity=18432 aggregate_capacity=4608 byte_budget=33658928
allocated ALIGNED MEM (no hugepage) at 137525838753856 with buffer size 241664
allocated ALIGNED MEM (no hugepage) at 137525834481728 with buffer size 212992
allocated ALIGNED MEM (no hugepage) at 137525830877248 with buffer size 212992
[STATUS]: storage-owner peer reverse-update workers: 2
[STATUS]: storage-owner peer Stage1 workers: 3; Stage2-home workers: 1 (one reserved; shared lanes borrow authoritative work only)
[STATUS]: storage-owner physical control workers: cleanup=1 placement=1 (separate blocking domains)
[STATUS]: storage-owner peer progress threads: cq=1 response_dispatch=1
[STATUS]: storage-owner Stage1 artifact capacity: 67584 (64-way, per shard=1056) cleanup replay per shard=2048 active migration receipts=131072
[STATUS]: storage-owner peer reverse-update tuning: queue_depth=65536 coalesce_max=256
allocated ALIGNED MEM (no hugepage) at 137525822943296 with buffer size 855296
allocated ALIGNED MEM (no hugepage) at 137525822087232 with buffer size 855296
allocated ALIGNED MEM (no hugepage) at 137525818748992 with buffer size 855296
allocated ALIGNED MEM (no hugepage) at 137525817692224 with buffer size 855296
allocated ALIGNED MEM (no hugepage) at 137525814353984 with buffer size 855296
allocated ALIGNED MEM (no hugepage) at 137525810360384 with buffer size 855296
allocated ALIGNED MEM (no hugepage) at 137525809504320 with buffer size 855296
allocated ALIGNED MEM (no hugepage) at 137525806166080 with buffer size 855296
[STATUS]: storage-owner peer scratch: snapshot_slot=448 graph_slot=832 batch=256 lane_peak_rdma_wrs=56 lane_useful_wave_rdma_wrs=56 global_read_window=224 search_lanes_global=32 search_lanes_credit_derived=16 search_lane_lease_cap=32 search_lanes_physical_per_worker=4 ready_context_runtime_epoch=1 bytes_per_lane=213824 bytes_total=6842368
[STATUS]: storage-owner maintenance workers: 8 (configured=8, admission_baseline_workers=2, context_limit=32, semantic_execution_batch=8, work_conserving=true)
[STATUS]: storage-owner stage2 reverse outbox descriptors: 128 aggregates=128 wire_max_ops=3072 (shared per-peer work-conserving aggregation)
[STATUS]: storage-owner maintenance tuning: protocol=centroid-home-two-stage compaction_batch_target=32 packing_policy=deterministic_b8 packing_tail_wait_us=arrival_adaptive_capped_25000 packing_context_limit=8 backlog_limit=65536 admission_credit=bounded_accepted_backlog admission_window=65536 physical_completion_capacity=65536
[STATUS]: storage-owner peer RDMA read credits: per_data_qp=8 data_qps_per_peer=7 per_peer=56 global=224 shared_cq_read_budget=8095 ordered_snapshot_pairs_per_chain=4 (requested_per_data_qp=16)
[STATUS]: storage-owner online insert tuning: construction_beam=128 snapshot_batch=256 protocol=centroid-home-two-stage
[STATUS]: storage-owner stage1=physical-home local search and backlinks; stage2=generation-fenced home expand+score continuation
[STATUS]: storage-owner responses=foreground direct post; completion=repost by service poller
[STATUS]: storage-owner foreground pipeline: coordinators=12 cpu_lanes=3 (assigned_cpus=22, rpc_parallelism=16)
[STATUS]: storage-owner CPU plan: foreground_cpu=3 foreground_coordinators=12 maintenance=8 peer_stage1=4 (split into isolated Stage1/Stage2-home domains) peer_reverse=2 peer_cleanup=1 peer_placement=1 peer_progress=2 foreground_progress=1
[STATUS]: storage-owner insert runtime enabled on shard 3
[STATUS]: storage-owner maintenance observation: enqueued=1420 stage2_enqueued=1420 cleanup_enqueued=0 stage2_tasks_done=798 stage2_finalized_live=798 cleanup_processed=0 stale=0 stage2_completion_ratio=0.561972 live_stage2_completion_ratio=0.561972 avg_stage2_delay_ms=779.826461 p99_stage2_delay_upper_ms=2000.000000 p99_stage2_delay_over_30s=false stage2_delay_histogram=0,0,0,0,0,0,11,57,83,69,324,254,0,0,0,0,0,0 max_stage2_delay_ms=1984.569559 compaction_batch_target=32 compaction_max_delay_ms=25.000000 stage2_rate_per_sec=79.557531 stage1_search_budget_exhausted=0 stage2_search_budget_exhausted=0 stage2_continuations=1054 stage2_remote_frontier_items=442803 avg_stage2_remote_frontier=420.116698 stage2_remote_expansions=13975 avg_stage2_remote_expansions=13.259013 stage2_scored_candidates=862685 avg_stage2_scored_candidates=818.486717 stage2_graph_read_waves=4826 avg_stage2_expansions_per_graph_wave=2.895773 stage2_graph_unique_reads=17994 stage2_graph_prefetch_issued=11791 stage2_graph_prefetch_hits=10616 stage2_graph_prefetch_wasted=571 stage2_graph_prefetch_promotion_ratio=0.948959 stage2_graph_issue_width_current=16 stage2_vector_read_waves=5620 avg_stage2_scores_per_vector_wave=153.502669 stage2_vector_unique_reads=465475 stage2_home_rpc_batches=5944 stage2_home_rpc_items=437286 avg_stage2_home_rpc_batch=73.567631 stage2_home_score_rpc_batches=1773 stage2_home_score_rpc_items=419292 stage2_home_score_rpc_queries=7197 stage2_home_score_rpc_request_bytes=12927144 stage2_home_score_rpc_response_bytes=13491336 avg_stage2_home_score_queries_per_rpc=4.059222 avg_stage2_home_score_rpc_batch=236.487310 stage2_home_scored_neighbors=816498 home_scores_per_expansion=1.867194 stage2_migrations=89 home_match_rate=0.888471 stage2_final_edges=28312 stage2_cross_edges_stage1_home=4420 stage2_cross_edges_final_home=2270 cross_edge_reduction_ratio=0.486425 failed=0 rpc_timeouts=0 reverse_aggregate_batches=0 reverse_aggregate_logical_requests=0 reverse_aggregate_ops=0 avg_reverse_aggregate_logicals=0.000000 avg_reverse_aggregate_ops=0.000000 max_backlog=372 admission_window=65536 completion_outstanding=966 completion_incomplete=622 completed_behind_hole=344 completion_logical_full_failures=0 completion_physical_full_failures=0 pressure_yields=15537 stage2_batches=136 avg_stage2_batch_size=7.750000 packing_target_batch=8 packing_admit_queue_avg=141.477941 packing_admit_queue_max=372 packing_batch_1_7=12 packing_batch_8=124 packing_assembly_batches=136 packing_assembly_wait_ms=40652.834891 packing_arrival_interval_us=2516 packing_waited_batches=12 packing_wait_ms=209.642000 packing_target_flushes=124 packing_deadline_flushes=12 packing_cleanup_flushes=0 stage2_phase_search_attempts=109 stage2_phase_search_task_attempts=838 stage2_phase_search_elapsed_ms=44407.587825 avg_stage2_phase_search_us_per_task=52992.348240 stage2_phase_freeze_prune_attempts=116 stage2_phase_freeze_prune_task_attempts=884 stage2_phase_freeze_prune_elapsed_ms=4535.752331 avg_stage2_phase_freeze_prune_us_per_task=5130.941551 stage2_phase_reverse_prepare_attempts=104 stage2_phase_reverse_prepare_task_attempts=798 stage2_phase_reverse_prepare_elapsed_ms=7982.393812 avg_stage2_phase_reverse_prepare_us_per_task=10002.999764 stage2_phase_placement_authority_attempts=104 stage2_phase_placement_authority_task_attempts=798 stage2_phase_placement_authority_elapsed_ms=4331.466553 avg_stage2_phase_placement_authority_us_per_task=5427.902949 stage2_phase_completion_handoff_attempts=104 stage2_phase_completion_handoff_task_attempts=798 stage2_phase_completion_handoff_elapsed_ms=0.280100 avg_stage2_phase_completion_handoff_us_per_task=0.351003 stage2_phase_finalize_attempts=104 stage2_phase_finalize_task_attempts=798 stage2_phase_finalize_elapsed_ms=1.089746 avg_stage2_phase_finalize_us_per_task=1.365596 maintenance_worker_idle_waits=19456 maintenance_worker_idle_ms=67779.104061 maintenance_lost_wake_avoided=919 maintenance_targeted_wakes=20716 maintenance_generic_wakes=815 maintenance_broadcast_wakes=0 maintenance_context_slots_scanned=159952 maintenance_ready_notifications=14537 maintenance_ready_stale_notifications=8 maintenance_ready_tickets_drained=12178 maintenance_ready_overflow_scans=0 maintenance_ready_fallback_scans=10052 stage2_search_lane_lease_limit=32 stage2_search_lane_lease_peak=16 stage2_search_lane_lease_blocked=0 maintenance_worker_observed_idle_ratio=0.844664 maintenance_worker_observed_busy_ratio=0.155336 physical_stage1_items=1433 physical_stage1_total_ns=6353535845 physical_stage1_search_ns=5811249372 physical_stage1_prune_ns=381276047 physical_stage1_allocate_write_ns=118508929 physical_stage1_backlink_ns=25417612 physical_stage1_candidates=183378 physical_stage1_remote_frontier_items=622169 physical_stage1_neighbors=46292 peer_stage1_enqueued=1339 peer_stage1_processed=1339 peer_stage1_items=2292 avg_peer_stage1_items=1.711725 peer_stage1_rate_per_sec=228.503584 peer_stage1_max_queue=23 peer_stage1_active_workers=0 peer_stage2_home_enqueued=4222 peer_stage2_home_processed=4222 peer_stage2_home_items=427473 avg_peer_stage2_home_items=101.248934 peer_stage2_home_max_queue=21 peer_stage2_home_response_queue_drops=0 peer_stage2_home_response_send_wait_ms=200.640472 avg_peer_stage2_home_queue_wait_us=128.096110 avg_peer_stage2_home_execution_us=120.675940 peer_stage1_release_deferred_batches=5 peer_stage1_release_deferred_items=8 peer_stage1_duplicate_retry_responses=0 peer_stage1_admission_retry_responses=0 peer_stage1_retry_response_drops=0 peer_stage1_admission_waiters=0 peer_stage1_admission_waiter_items=0 peer_stage1_admission_owned_items=0 peer_stage1_admission_wake_coverage=0 peer_stage1_admission_parked=0 peer_stage1_admission_woken=0 peer_stage1_admission_reparked=0 peer_stage1_max_admission_waiters=0 peer_stage1_duplicate_coalesced=2 peer_reverse_enqueued=239 peer_reverse_processed=239 peer_reverse_remaining=0 peer_reverse_items_enqueued=3464 peer_reverse_items_processed=3464 peer_reverse_rate_per_sec=345.347476 peer_reverse_failed=0 peer_reverse_max_queue=6 reclaim_pending=27 reclaim_reused=62 dynamic_high_watermark=25707897216 stage2_remaining=366 cleanup_remaining=0 active_contexts=32 active_context_limit=32 repair_remaining=0 remaining=622
[STATUS]: storage-owner maintenance observation: enqueued=3981 stage2_enqueued=3981 cleanup_enqueued=0 stage2_tasks_done=2054 stage2_finalized_live=2054 cleanup_processed=0 stale=0 stage2_completion_ratio=0.515951 live_stage2_completion_ratio=0.515951 avg_stage2_delay_ms=1881.165243 p99_stage2_delay_upper_ms=5000.000000 p99_stage2_delay_over_30s=false stage2_delay_histogram=0,0,0,0,0,0,11,57,83,69,340,565,860,69,0,0,0,0 max_stage2_delay_ms=4753.216310 compaction_batch_target=32 compaction_max_delay_ms=25.000000 stage2_rate_per_sec=136.622109 stage1_search_budget_exhausted=0 stage2_search_budget_exhausted=0 stage2_continuations=2310 stage2_remote_frontier_items=1009830 avg_stage2_remote_frontier=437.155844 stage2_remote_expansions=39945 avg_stage2_remote_expansions=17.292208 stage2_scored_candidates=2017466 avg_stage2_scored_candidates=873.361905 stage2_graph_read_waves=12522 avg_stage2_expansions_per_graph_wave=3.189986 stage2_graph_unique_reads=43915 stage2_graph_prefetch_issued=27688 stage2_graph_prefetch_hits=25684 stage2_graph_prefetch_wasted=1758 stage2_graph_prefetch_promotion_ratio=0.935938 stage2_graph_issue_width_current=16 stage2_vector_read_waves=13952 avg_stage2_scores_per_vector_wave=144.600487 stage2_vector_unique_reads=1050840 stage2_home_rpc_batches=14697 stage2_home_rpc_items=987547 avg_stage2_home_rpc_batch=67.193781 stage2_home_score_rpc_batches=4021 stage2_home_score_rpc_items=943632 stage2_home_score_rpc_queries=16832 stage2_home_score_rpc_request_bytes=29351088 stage2_home_score_rpc_response_bytes=30368400 avg_stage2_home_score_queries_per_rpc=4.186023 avg_stage2_home_score_rpc_batch=234.675951 stage2_home_scored_neighbors=1910293 home_scores_per_expansion=1.934382 stage2_migrations=253 home_match_rate=0.876826 stage2_final_edges=73151 stage2_cross_edges_stage1_home=12726 stage2_cross_edges_final_home=6500 cross_edge_reduction_ratio=0.489235 failed=0 rpc_timeouts=0 reverse_aggregate_batches=0 reverse_aggregate_logical_requests=0 reverse_aggregate_ops=0 avg_reverse_aggregate_logicals=0.000000 avg_reverse_aggregate_ops=0.000000 max_backlog=1719 admission_window=65536 completion_outstanding=2287 completion_incomplete=1927 completed_behind_hole=360 completion_logical_full_failures=0 completion_physical_full_failures=0 pressure_yields=41626 stage2_batches=293 avg_stage2_batch_size=7.883959 packing_target_batch=8 packing_admit_queue_avg=626.952218 packing_admit_queue_max=1719 packing_batch_1_7=12 packing_batch_8=281 packing_assembly_batches=293 packing_assembly_wait_ms=365578.920927 packing_arrival_interval_us=2245 packing_waited_batches=12 packing_wait_ms=209.642000 packing_target_flushes=281 packing_deadline_flushes=12 packing_cleanup_flushes=0 stage2_phase_search_attempts=268 stage2_phase_search_task_attempts=2110 stage2_phase_search_elapsed_ms=158491.767319 avg_stage2_phase_search_us_per_task=75114.581668 stage2_phase_freeze_prune_attempts=283 stage2_phase_freeze_prune_task_attempts=2220 stage2_phase_freeze_prune_elapsed_ms=13037.180209 avg_stage2_phase_freeze_prune_us_per_task=5872.603698 stage2_phase_reverse_prepare_attempts=262 stage2_phase_reverse_prepare_task_attempts=2062 stage2_phase_reverse_prepare_elapsed_ms=32918.543257 avg_stage2_phase_reverse_prepare_us_per_task=15964.375973 stage2_phase_placement_authority_attempts=261 stage2_phase_placement_authority_task_attempts=2054 stage2_phase_placement_authority_elapsed_ms=15931.146871 avg_stage2_phase_placement_authority_us_per_task=7756.157191 stage2_phase_completion_handoff_attempts=261 stage2_phase_completion_handoff_task_attempts=2054 stage2_phase_completion_handoff_elapsed_ms=0.749930 avg_stage2_phase_completion_handoff_us_per_task=0.365107 stage2_phase_finalize_attempts=261 stage2_phase_finalize_task_attempts=2054 stage2_phase_finalize_elapsed_ms=3.032711 avg_stage2_phase_finalize_us_per_task=1.476490 maintenance_worker_idle_waits=38976 maintenance_worker_idle_ms=83225.243410 maintenance_lost_wake_avoided=2203 maintenance_targeted_wakes=52177 maintenance_generic_wakes=2332 maintenance_broadcast_wakes=0 maintenance_context_slots_scanned=257024 maintenance_ready_notifications=37321 maintenance_ready_stale_notifications=12 maintenance_ready_tickets_drained=30951 maintenance_ready_overflow_scans=0 maintenance_ready_fallback_scans=16135 stage2_search_lane_lease_limit=32 stage2_search_lane_lease_peak=19 stage2_search_lane_lease_blocked=0 maintenance_worker_observed_idle_ratio=0.691967 maintenance_worker_observed_busy_ratio=0.308033 physical_stage1_items=4006 physical_stage1_total_ns=17320071081 physical_stage1_search_ns=15780982645 physical_stage1_prune_ns=1015062011 physical_stage1_allocate_write_ns=394584902 physical_stage1_backlink_ns=78698510 physical_stage1_candidates=512487 physical_stage1_remote_frontier_items=1772830 physical_stage1_neighbors=129363 peer_stage1_enqueued=3820 peer_stage1_processed=3818 peer_stage1_items=6400 avg_peer_stage1_items=1.676270 peer_stage1_rate_per_sec=425.696932 peer_stage1_max_queue=24 peer_stage1_active_workers=2 peer_stage2_home_enqueued=10605 peer_stage2_home_processed=10605 peer_stage2_home_items=993282 avg_peer_stage2_home_items=93.661669 peer_stage2_home_max_queue=21 peer_stage2_home_response_queue_drops=0 peer_stage2_home_response_send_wait_ms=352.335316 avg_peer_stage2_home_queue_wait_us=115.027529 avg_peer_stage2_home_execution_us=117.293471 peer_stage1_release_deferred_batches=14 peer_stage1_release_deferred_items=26 peer_stage1_duplicate_retry_responses=0 peer_stage1_admission_retry_responses=0 peer_stage1_retry_response_drops=0 peer_stage1_admission_waiters=0 peer_stage1_admission_waiter_items=0 peer_stage1_admission_owned_items=0 peer_stage1_admission_wake_coverage=0 peer_stage1_admission_parked=0 peer_stage1_admission_woken=0 peer_stage1_admission_reparked=0 peer_stage1_max_admission_waiters=0 peer_stage1_duplicate_coalesced=4 peer_reverse_enqueued=712 peer_reverse_processed=712 peer_reverse_remaining=0 peer_reverse_items_enqueued=10962 peer_reverse_items_processed=10962 peer_reverse_rate_per_sec=729.139027 peer_reverse_failed=0 peer_reverse_max_queue=7 reclaim_pending=32 reclaim_reused=221 dynamic_high_watermark=25711194240 stage2_remaining=1671 cleanup_remaining=0 active_contexts=32 active_context_limit=32 repair_remaining=0 remaining=1927
[STATUS]: storage-owner maintenance observation: enqueued=6694 stage2_enqueued=6694 cleanup_enqueued=0 stage2_tasks_done=3382 stage2_finalized_live=3382 cleanup_processed=0 stale=0 stage2_completion_ratio=0.505229 live_stage2_completion_ratio=0.505229 avg_stage2_delay_ms=3062.299704 p99_stage2_delay_upper_ms=8000.000000 p99_stage2_delay_over_30s=false stage2_delay_histogram=0,0,0,0,0,0,11,57,83,69,340,565,1020,659,578,0,0,0 max_stage2_delay_ms=7157.107418 compaction_batch_target=32 compaction_max_delay_ms=25.000000 stage2_rate_per_sec=168.811191 stage1_search_budget_exhausted=0 stage2_search_budget_exhausted=0 stage2_continuations=3638 stage2_remote_frontier_items=1619653 avg_stage2_remote_frontier=445.204233 stage2_remote_expansions=65564 avg_stage2_remote_expansions=18.021990 stage2_scored_candidates=3316935 avg_stage2_scored_candidates=911.746839 stage2_graph_read_waves=20200 avg_stage2_expansions_per_graph_wave=3.245743 stage2_graph_unique_reads=71578 stage2_graph_prefetch_issued=45411 stage2_graph_prefetch_hits=41878 stage2_graph_prefetch_wasted=2923 stage2_graph_prefetch_promotion_ratio=0.934756 stage2_graph_issue_width_current=16 stage2_vector_read_waves=22349 avg_stage2_scores_per_vector_wave=148.415365 stage2_vector_unique_reads=1733300 stage2_home_rpc_batches=23668 stage2_home_rpc_items=1623772 avg_stage2_home_rpc_batch=68.606219 stage2_home_score_rpc_batches=6630 stage2_home_score_rpc_items=1552235 stage2_home_score_rpc_queries=27864 stage2_home_score_rpc_request_bytes=48409208 stage2_home_score_rpc_response_bytes=49964136 avg_stage2_home_score_queries_per_rpc=4.202715 avg_stage2_home_score_rpc_batch=234.122926 stage2_home_scored_neighbors=3135966 home_scores_per_expansion=1.931285 stage2_migrations=426 home_match_rate=0.874039 stage2_final_edges=121344 stage2_cross_edges_stage1_home=21664 stage2_cross_edges_final_home=10916 cross_edge_reduction_ratio=0.496123 failed=0 rpc_timeouts=0 reverse_aggregate_batches=0 reverse_aggregate_logical_requests=0 reverse_aggregate_ops=0 avg_reverse_aggregate_logicals=0.000000 avg_reverse_aggregate_ops=0.000000 max_backlog=3056 admission_window=65536 completion_outstanding=3696 completion_incomplete=3312 completed_behind_hole=384 completion_logical_full_failures=0 completion_physical_full_failures=0 pressure_yields=68298 stage2_batches=459 avg_stage2_batch_size=7.925926 packing_target_batch=8 packing_admit_queue_avg=1243.836601 packing_admit_queue_max=3053 packing_batch_1_7=12 packing_batch_8=447 packing_assembly_batches=459 packing_assembly_wait_ms=1095662.678882 packing_arrival_interval_us=2034 packing_waited_batches=12 packing_wait_ms=209.642000 packing_target_flushes=447 packing_deadline_flushes=12 packing_cleanup_flushes=0 stage2_phase_search_attempts=432 stage2_phase_search_task_attempts=3422 stage2_phase_search_elapsed_ms=271097.124737 avg_stage2_phase_search_us_per_task=79221.836568 stage2_phase_freeze_prune_attempts=469 stage2_phase_freeze_prune_task_attempts=3708 stage2_phase_freeze_prune_elapsed_ms=22257.611864 avg_stage2_phase_freeze_prune_us_per_task=6002.592196 stage2_phase_reverse_prepare_attempts=429 stage2_phase_reverse_prepare_task_attempts=3398 stage2_phase_reverse_prepare_elapsed_ms=55564.915375 avg_stage2_phase_reverse_prepare_us_per_task=16352.241134 stage2_phase_placement_authority_attempts=427 stage2_phase_placement_authority_task_attempts=3382 stage2_phase_placement_authority_elapsed_ms=25066.146102 avg_stage2_phase_placement_authority_us_per_task=7411.633975 stage2_phase_completion_handoff_attempts=427 stage2_phase_completion_handoff_task_attempts=3382 stage2_phase_completion_handoff_elapsed_ms=1.268032 avg_stage2_phase_completion_handoff_us_per_task=0.374936 stage2_phase_finalize_attempts=427 stage2_phase_finalize_task_attempts=3382 stage2_phase_finalize_elapsed_ms=5.134024 avg_stage2_phase_finalize_us_per_task=1.518044 maintenance_worker_idle_waits=59136 maintenance_worker_idle_ms=99101.894611 maintenance_lost_wake_avoided=3601 maintenance_targeted_wakes=86117 maintenance_generic_wakes=3898 maintenance_broadcast_wakes=0 maintenance_context_slots_scanned=366384 maintenance_ready_notifications=60555 maintenance_ready_stale_notifications=20 maintenance_ready_tickets_drained=49848 maintenance_ready_overflow_scans=0 maintenance_ready_fallback_scans=22971 stage2_search_lane_lease_limit=32 stage2_search_lane_lease_peak=19 stage2_search_lane_lease_blocked=0 maintenance_worker_observed_idle_ratio=0.618329 maintenance_worker_observed_busy_ratio=0.381671 physical_stage1_items=6706 physical_stage1_total_ns=28827455267 physical_stage1_search_ns=26363018119 physical_stage1_prune_ns=1669949744 physical_stage1_allocate_write_ns=590459278 physical_stage1_backlink_ns=124054175 physical_stage1_candidates=857605 physical_stage1_remote_frontier_items=3064080 physical_stage1_neighbors=217479 peer_stage1_enqueued=6357 peer_stage1_processed=6348 peer_stage1_items=10694 avg_peer_stage1_items=1.684625 peer_stage1_rate_per_sec=533.786774 peer_stage1_max_queue=24 peer_stage1_active_workers=3 peer_stage2_home_enqueued=17986 peer_stage2_home_processed=17980 peer_stage2_home_items=1627071 avg_peer_stage2_home_items=90.493382 peer_stage2_home_max_queue=21 peer_stage2_home_response_queue_drops=0 peer_stage2_home_response_send_wait_ms=658.621431 avg_peer_stage2_home_queue_wait_us=130.719016 avg_peer_stage2_home_execution_us=116.722932 peer_stage1_release_deferred_batches=21 peer_stage1_release_deferred_items=36 peer_stage1_duplicate_retry_responses=0 peer_stage1_admission_retry_responses=0 peer_stage1_retry_response_drops=0 peer_stage1_admission_waiters=0 peer_stage1_admission_waiter_items=0 peer_stage1_admission_owned_items=0 peer_stage1_admission_wake_coverage=0 peer_stage1_admission_parked=0 peer_stage1_admission_woken=0 peer_stage1_admission_reparked=0 peer_stage1_max_admission_waiters=0 peer_stage1_duplicate_coalesced=5 peer_reverse_enqueued=1193 peer_reverse_processed=1190 peer_reverse_remaining=3 peer_reverse_items_enqueued=19064 peer_reverse_items_processed=18967 peer_reverse_rate_per_sec=946.730293 peer_reverse_failed=0 peer_reverse_max_queue=12 reclaim_pending=33 reclaim_reused=393 dynamic_high_watermark=25714646784 stage2_remaining=3056 cleanup_remaining=0 active_contexts=32 active_context_limit=32 repair_remaining=0 remaining=3312
[STATUS]: storage-owner maintenance observation: enqueued=7856 stage2_enqueued=7856 cleanup_enqueued=0 stage2_tasks_done=7856 stage2_finalized_live=7856 cleanup_processed=0 stale=0 stage2_completion_ratio=1.000000 live_stage2_completion_ratio=1.000000 avg_stage2_delay_ms=4044.348466 p99_stage2_delay_upper_ms=8000.000000 p99_stage2_delay_over_30s=false stage2_delay_histogram=0,0,0,0,0,0,11,57,83,69,340,807,2330,1398,2745,16,0,0 max_stage2_delay_ms=8039.069425 compaction_batch_target=32 compaction_max_delay_ms=25.000000 stage2_rate_per_sec=313.792701 stage1_search_budget_exhausted=0 stage2_search_budget_exhausted=0 stage2_continuations=7856 stage2_remote_frontier_items=3593556 avg_stage2_remote_frontier=457.428208 stage2_remote_expansions=155726 avg_stage2_remote_expansions=19.822556 stage2_scored_candidates=7595131 avg_stage2_scored_candidates=966.793661 stage2_graph_read_waves=45339 avg_stage2_expansions_per_graph_wave=3.434703 stage2_graph_unique_reads=162324 stage2_graph_prefetch_issued=104155 stage2_graph_prefetch_hits=97557 stage2_graph_prefetch_wasted=6598 stage2_graph_prefetch_promotion_ratio=0.936652 stage2_graph_issue_width_current=16 stage2_vector_read_waves=52224 avg_stage2_scores_per_vector_wave=145.433728 stage2_vector_unique_reads=3887024 stage2_home_rpc_batches=54804 stage2_home_rpc_items=3624935 avg_stage2_home_rpc_batch=66.143621 stage2_home_score_rpc_batches=14828 stage2_home_score_rpc_items=3462611 stage2_home_score_rpc_queries=63683 stage2_home_score_rpc_request_bytes=108551304 stage2_home_score_rpc_response_bytes=111464040 avg_stage2_home_score_queries_per_rpc=4.294780 avg_stage2_home_score_rpc_batch=233.518411 stage2_home_scored_neighbors=7170642 home_scores_per_expansion=1.978144 stage2_migrations=1034 home_match_rate=0.868381 stage2_final_edges=283235 stage2_cross_edges_stage1_home=52582 stage2_cross_edges_final_home=26461 cross_edge_reduction_ratio=0.496767 failed=0 rpc_timeouts=0 reverse_aggregate_batches=0 reverse_aggregate_logical_requests=0 reverse_aggregate_ops=0 avg_reverse_aggregate_logicals=0.000000 avg_reverse_aggregate_ops=0.000000 max_backlog=3638 admission_window=65536 completion_outstanding=0 completion_incomplete=0 completed_behind_hole=0 completion_logical_full_failures=0 completion_physical_full_failures=0 pressure_yields=127719 stage2_batches=987 avg_stage2_batch_size=7.959473 packing_target_batch=8 packing_admit_queue_avg=1663.334347 packing_admit_queue_max=3638 packing_batch_1_7=13 packing_batch_8=974 packing_assembly_batches=987 packing_assembly_wait_ms=3464664.483942 packing_arrival_interval_us=4574 packing_waited_batches=13 packing_wait_ms=234.642000 packing_target_flushes=974 packing_deadline_flushes=13 packing_cleanup_flushes=0 stage2_phase_search_attempts=987 stage2_phase_search_task_attempts=7856 stage2_phase_search_elapsed_ms=373822.166428 avg_stage2_phase_search_us_per_task=47584.287987 stage2_phase_freeze_prune_attempts=1255 stage2_phase_freeze_prune_task_attempts=9984 stage2_phase_freeze_prune_elapsed_ms=28742.886465 avg_stage2_phase_freeze_prune_us_per_task=2878.894878 stage2_phase_reverse_prepare_attempts=987 stage2_phase_reverse_prepare_task_attempts=7856 stage2_phase_reverse_prepare_elapsed_ms=74151.919265 avg_stage2_phase_reverse_prepare_us_per_task=9438.889927 stage2_phase_placement_authority_attempts=987 stage2_phase_placement_authority_task_attempts=7856 stage2_phase_placement_authority_elapsed_ms=31189.471424 avg_stage2_phase_placement_authority_us_per_task=3970.146566 stage2_phase_completion_handoff_attempts=987 stage2_phase_completion_handoff_task_attempts=7856 stage2_phase_completion_handoff_elapsed_ms=2.141845 avg_stage2_phase_completion_handoff_us_per_task=0.272638 stage2_phase_finalize_attempts=987 stage2_phase_finalize_task_attempts=7856 stage2_phase_finalize_elapsed_ms=9.919686 avg_stage2_phase_finalize_us_per_task=1.262689 maintenance_worker_idle_waits=102464 maintenance_worker_idle_ms=115422.729297 maintenance_lost_wake_avoided=9921 maintenance_targeted_wakes=211107 maintenance_generic_wakes=4572 maintenance_broadcast_wakes=0 maintenance_context_slots_scanned=653312 maintenance_ready_notifications=141454 maintenance_ready_stale_notifications=24 maintenance_ready_tickets_drained=111869 maintenance_ready_overflow_scans=0 maintenance_ready_fallback_scans=41036 stage2_search_lane_lease_limit=32 stage2_search_lane_lease_peak=22 stage2_search_lane_lease_blocked=0 maintenance_worker_observed_idle_ratio=0.576292 maintenance_worker_observed_busy_ratio=0.423708 physical_stage1_items=7856 physical_stage1_total_ns=33709539862 physical_stage1_search_ns=30818962514 physical_stage1_prune_ns=1962875961 physical_stage1_allocate_write_ns=691484795 physical_stage1_backlink_ns=143715282 physical_stage1_candidates=1004473 physical_stage1_remote_frontier_items=3593556 physical_stage1_neighbors=255816 peer_stage1_enqueued=7426 peer_stage1_processed=7426 peer_stage1_items=12518 avg_peer_stage1_items=1.685699 peer_stage1_rate_per_sec=500.007259 peer_stage1_max_queue=25 peer_stage1_active_workers=1 peer_stage2_home_enqueued=53208 peer_stage2_home_processed=53207 peer_stage2_home_items=4437292 avg_peer_stage2_home_items=83.396771 peer_stage2_home_max_queue=34 peer_stage2_home_response_queue_drops=0 peer_stage2_home_response_send_wait_ms=1325.404342 avg_peer_stage2_home_queue_wait_us=67.915622 avg_peer_stage2_home_execution_us=121.165703 peer_stage1_release_deferred_batches=22 peer_stage1_release_deferred_items=37 peer_stage1_duplicate_retry_responses=0 peer_stage1_admission_retry_responses=0 peer_stage1_retry_response_drops=0 peer_stage1_admission_waiters=0 peer_stage1_admission_waiter_items=0 peer_stage1_admission_owned_items=0 peer_stage1_admission_wake_coverage=0 peer_stage1_admission_parked=0 peer_stage1_admission_woken=0 peer_stage1_admission_reparked=0 peer_stage1_max_admission_waiters=0 peer_stage1_duplicate_coalesced=5 peer_reverse_enqueued=3393 peer_reverse_processed=3392 peer_reverse_remaining=1 peer_reverse_items_enqueued=57374 peer_reverse_items_processed=57344 peer_reverse_rate_per_sec=2290.494990 peer_reverse_failed=2 peer_reverse_max_queue=15 reclaim_pending=0 reclaim_reused=1034 dynamic_high_watermark=25716190320 stage2_remaining=0 cleanup_remaining=0 active_contexts=0 active_context_limit=32 repair_remaining=0 remaining=0
[STATUS]: storage-owner maintenance observation: enqueued=10188 stage2_enqueued=10188 cleanup_enqueued=0 stage2_tasks_done=9150 stage2_finalized_live=9150 cleanup_processed=0 stale=0 stage2_completion_ratio=0.898115 live_stage2_completion_ratio=0.898115 avg_stage2_delay_ms=3649.310685 p99_stage2_delay_upper_ms=8000.000000 p99_stage2_delay_over_30s=false stage2_delay_histogram=0,0,0,0,0,0,27,82,159,191,623,1413,2496,1398,2745,16,0,0 max_stage2_delay_ms=8039.069425 compaction_batch_target=32 compaction_max_delay_ms=25.000000 stage2_rate_per_sec=304.633205 stage1_search_budget_exhausted=0 stage2_search_budget_exhausted=0 stage2_continuations=9390 stage2_remote_frontier_items=4271918 avg_stage2_remote_frontier=454.943344 stage2_remote_expansions=179611 avg_stage2_remote_expansions=19.127902 stage2_scored_candidates=8896768 avg_stage2_scored_candidates=947.472630 stage2_graph_read_waves=52588 avg_stage2_expansions_per_graph_wave=3.415437 stage2_graph_unique_reads=189039 stage2_graph_prefetch_issued=121492 stage2_graph_prefetch_hits=113571 stage2_graph_prefetch_wasted=7527 stage2_graph_prefetch_promotion_ratio=0.937844 stage2_graph_issue_width_current=16 stage2_vector_read_waves=61078 avg_stage2_scores_per_vector_wave=145.662399 stage2_vector_unique_reads=4592437 stage2_home_rpc_batches=64171 stage2_home_rpc_items=4284575 avg_stage2_home_rpc_batch=66.768088 stage2_home_score_rpc_batches=17588 stage2_home_score_rpc_items=4095536 stage2_home_score_rpc_queries=75639 stage2_home_score_rpc_request_bytes=128547960 stage2_home_score_rpc_response_bytes=131846088 avg_stage2_home_score_queries_per_rpc=4.300603 avg_stage2_home_score_rpc_batch=232.859677 stage2_home_scored_neighbors=8399817 home_scores_per_expansion=1.960478 stage2_migrations=1170 home_match_rate=0.872131 stage2_final_edges=328925 stage2_cross_edges_stage1_home=59878 stage2_cross_edges_final_home=30551 cross_edge_reduction_ratio=0.489779 failed=0 rpc_timeouts=0 reverse_aggregate_batches=0 reverse_aggregate_logical_requests=0 reverse_aggregate_ops=0 avg_reverse_aggregate_logicals=0.000000 avg_reverse_aggregate_ops=0.000000 max_backlog=3638 admission_window=65536 completion_outstanding=1342 completion_incomplete=1038 completed_behind_hole=304 completion_logical_full_failures=0 completion_physical_full_failures=0 pressure_yields=152136 stage2_batches=1183 avg_stage2_batch_size=7.937447 packing_target_batch=8 packing_admit_queue_avg=1442.215554 packing_admit_queue_max=3638 packing_batch_1_7=26 packing_batch_8=1157 packing_assembly_batches=1183 packing_assembly_wait_ms=3593284.845754 packing_arrival_interval_us=2070 packing_waited_batches=26 packing_wait_ms=463.923000 packing_target_flushes=1157 packing_deadline_flushes=26 packing_cleanup_flushes=0 stage2_phase_search_attempts=1162 stage2_phase_search_task_attempts=9222 stage2_phase_search_elapsed_ms=462687.251018 avg_stage2_phase_search_us_per_task=50172.115704 stage2_phase_freeze_prune_attempts=1448 stage2_phase_freeze_prune_task_attempts=11492 stage2_phase_freeze_prune_elapsed_ms=36288.332080 avg_stage2_phase_freeze_prune_us_per_task=3157.703801 stage2_phase_reverse_prepare_attempts=1158 stage2_phase_reverse_prepare_task_attempts=9190 stage2_phase_reverse_prepare_elapsed_ms=94673.162639 avg_stage2_phase_reverse_prepare_us_per_task=10301.758720 stage2_phase_placement_authority_attempts=1153 stage2_phase_placement_authority_task_attempts=9150 stage2_phase_placement_authority_elapsed_ms=39509.433376 avg_stage2_phase_placement_authority_us_per_task=4317.970861 stage2_phase_completion_handoff_attempts=1153 stage2_phase_completion_handoff_task_attempts=9150 stage2_phase_completion_handoff_elapsed_ms=2.622145 avg_stage2_phase_completion_handoff_us_per_task=0.286573 stage2_phase_finalize_attempts=1153 stage2_phase_finalize_task_attempts=9150 stage2_phase_finalize_elapsed_ms=11.908568 avg_stage2_phase_finalize_us_per_task=1.301483 maintenance_worker_idle_waits=122688 maintenance_worker_idle_ms=135989.434235 maintenance_lost_wake_avoided=11317 maintenance_targeted_wakes=243639 maintenance_generic_wakes=5919 maintenance_broadcast_wakes=0 maintenance_context_slots_scanned=761264 maintenance_ready_notifications=164656 maintenance_ready_stale_notifications=26 maintenance_ready_tickets_drained=130992 maintenance_ready_overflow_scans=0 maintenance_ready_fallback_scans=47687 stage2_search_lane_lease_limit=32 stage2_search_lane_lease_peak=22 stage2_search_lane_lease_blocked=0 maintenance_worker_observed_idle_ratio=0.565941 maintenance_worker_observed_busy_ratio=0.434059 physical_stage1_items=10199 physical_stage1_total_ns=43781937079 physical_stage1_search_ns=39991707717 physical_stage1_prune_ns=2547389941 physical_stage1_allocate_write_ns=936397089 physical_stage1_backlink_ns=187859892 physical_stage1_candidates=1304299 physical_stage1_remote_frontier_items=4644825 physical_stage1_neighbors=331538 peer_stage1_enqueued=9660 peer_stage1_processed=9630 peer_stage1_items=16238 avg_peer_stage1_items=1.686189 peer_stage1_rate_per_sec=540.615735 peer_stage1_max_queue=27 peer_stage1_active_workers=3 peer_stage2_home_enqueued=61788 peer_stage2_home_processed=61787 peer_stage2_home_items=5216663 avg_peer_stage2_home_items=84.429783 peer_stage2_home_max_queue=34 peer_stage2_home_response_queue_drops=0 peer_stage2_home_response_send_wait_ms=1491.318664 avg_peer_stage2_home_queue_wait_us=69.355725 avg_peer_stage2_home_execution_us=120.696484 peer_stage1_release_deferred_batches=26 peer_stage1_release_deferred_items=45 peer_stage1_duplicate_retry_responses=0 peer_stage1_admission_retry_responses=0 peer_stage1_retry_response_drops=0 peer_stage1_admission_waiters=0 peer_stage1_admission_waiter_items=0 peer_stage1_admission_owned_items=0 peer_stage1_admission_wake_coverage=0 peer_stage1_admission_parked=0 peer_stage1_admission_woken=0 peer_stage1_admission_reparked=0 peer_stage1_max_admission_waiters=0 peer_stage1_duplicate_coalesced=6 peer_reverse_enqueued=3914 peer_reverse_processed=3914 peer_reverse_remaining=0 peer_reverse_items_enqueued=66525 peer_reverse_items_processed=66525 peer_reverse_rate_per_sec=2214.833219 peer_reverse_failed=2 peer_reverse_max_queue=15 reclaim_pending=19 reclaim_reused=1151 dynamic_high_watermark=25719263136 stage2_remaining=798 cleanup_remaining=0 active_contexts=30 active_context_limit=32 repair_remaining=0 remaining=1038
[STATUS]: storage-owner maintenance observation: enqueued=12840 stage2_enqueued=12840 cleanup_enqueued=0 stage2_tasks_done=10454 stage2_finalized_live=10454 cleanup_processed=0 stale=0 stage2_completion_ratio=0.814174 live_stage2_completion_ratio=0.814174 avg_stage2_delay_ms=3623.253559 p99_stage2_delay_upper_ms=8000.000000 p99_stage2_delay_over_30s=false stage2_delay_histogram=0,0,0,0,0,0,27,82,159,191,623,1429,3504,1670,2753,16,0,0 max_stage2_delay_ms=8039.069425 compaction_batch_target=32 compaction_max_delay_ms=25.000000 stage2_rate_per_sec=298.376939 stage1_search_budget_exhausted=0 stage2_search_budget_exhausted=0 stage2_continuations=10702 stage2_remote_frontier_items=4884087 avg_stage2_remote_frontier=456.371426 stage2_remote_expansions=205357 avg_stage2_remote_expansions=19.188656 stage2_scored_candidates=10201616 avg_stage2_scored_candidates=953.243880 stage2_graph_read_waves=60430 avg_stage2_expansions_per_graph_wave=3.398262 stage2_graph_unique_reads=217366 stage2_graph_prefetch_issued=139738 stage2_graph_prefetch_hits=130527 stage2_graph_prefetch_wasted=8616 stage2_graph_prefetch_promotion_ratio=0.938078 stage2_graph_issue_width_current=16 stage2_vector_read_waves=70320 avg_stage2_scores_per_vector_wave=145.074175 stage2_vector_unique_reads=5266982 stage2_home_rpc_batches=73320 stage2_home_rpc_items=4916032 avg_stage2_home_rpc_batch=67.048991 stage2_home_score_rpc_batches=20172 stage2_home_score_rpc_items=4698706 stage2_home_score_rpc_queries=86607 stage2_home_score_rpc_request_bytes=147414512 stage2_home_score_rpc_response_bytes=151263072 avg_stage2_home_score_queries_per_rpc=4.293427 avg_stage2_home_score_rpc_batch=232.932084 stage2_home_scored_neighbors=9634016 home_scores_per_expansion=1.959714 stage2_migrations=1345 home_match_rate=0.871341 stage2_final_edges=375507 stage2_cross_edges_stage1_home=68323 stage2_cross_edges_final_home=34932 cross_edge_reduction_ratio=0.488723 failed=0 rpc_timeouts=0 reverse_aggregate_batches=0 reverse_aggregate_logical_requests=0 reverse_aggregate_ops=0 avg_reverse_aggregate_logicals=0.000000 avg_reverse_aggregate_ops=0.000000 max_backlog=3638 admission_window=65536 completion_outstanding=2762 completion_incomplete=2386 completed_behind_hole=376 completion_logical_full_failures=0 completion_physical_full_failures=0 pressure_yields=180582 stage2_batches=1347 avg_stage2_batch_size=7.945063 packing_target_batch=8 packing_admit_queue_avg=1452.319970 packing_admit_queue_max=3638 packing_batch_1_7=26 packing_batch_8=1321 packing_assembly_batches=1347 packing_assembly_wait_ms=4074163.565972 packing_arrival_interval_us=2323 packing_waited_batches=26 packing_wait_ms=463.923000 packing_target_flushes=1321 packing_deadline_flushes=26 packing_cleanup_flushes=0 stage2_phase_search_attempts=1320 stage2_phase_search_task_attempts=10486 stage2_phase_search_elapsed_ms=566293.546656 avg_stage2_phase_search_us_per_task=54004.725029 stage2_phase_freeze_prune_attempts=1632 stage2_phase_freeze_prune_task_attempts=12964 stage2_phase_freeze_prune_elapsed_ms=44387.951854 avg_stage2_phase_freeze_prune_us_per_task=3423.939514 stage2_phase_reverse_prepare_attempts=1318 stage2_phase_reverse_prepare_task_attempts=10470 stage2_phase_reverse_prepare_elapsed_ms=122116.509525 avg_stage2_phase_reverse_prepare_us_per_task=11663.467958 stage2_phase_placement_authority_attempts=1316 stage2_phase_placement_authority_task_attempts=10454 stage2_phase_placement_authority_elapsed_ms=50034.011078 avg_stage2_phase_placement_authority_us_per_task=4786.111639 stage2_phase_completion_handoff_attempts=1316 stage2_phase_completion_handoff_task_attempts=10454 stage2_phase_completion_handoff_elapsed_ms=3.113000 avg_stage2_phase_completion_handoff_us_per_task=0.297781 stage2_phase_finalize_attempts=1316 stage2_phase_finalize_task_attempts=10454 stage2_phase_finalize_elapsed_ms=13.966767 avg_stage2_phase_finalize_us_per_task=1.336021 maintenance_worker_idle_waits=143936 maintenance_worker_idle_ms=151617.199920 maintenance_lost_wake_avoided=12800 maintenance_targeted_wakes=278841 maintenance_generic_wakes=7484 maintenance_broadcast_wakes=0 maintenance_context_slots_scanned=875152 maintenance_ready_notifications=188922 maintenance_ready_stale_notifications=33 maintenance_ready_tickets_drained=150860 maintenance_ready_overflow_scans=0 maintenance_ready_fallback_scans=54796 stage2_search_lane_lease_limit=32 stage2_search_lane_lease_peak=22 stage2_search_lane_lease_blocked=0 maintenance_worker_observed_idle_ratio=0.540930 maintenance_worker_observed_busy_ratio=0.459070 physical_stage1_items=12856 physical_stage1_total_ns=54842373500 physical_stage1_search_ns=50149276587 physical_stage1_prune_ns=3187656381 physical_stage1_allocate_write_ns=1116730383 physical_stage1_backlink_ns=238182680 physical_stage1_candidates=1643816 physical_stage1_remote_frontier_items=5882834 physical_stage1_neighbors=417694 peer_stage1_enqueued=12208 peer_stage1_processed=12193 peer_stage1_items=20493 avg_peer_stage1_items=1.680718 peer_stage1_rate_per_sec=584.908993 peer_stage1_max_queue=33 peer_stage1_active_workers=3 peer_stage2_home_enqueued=69166 peer_stage2_home_processed=69166 peer_stage2_home_items=5849374 avg_peer_stage2_home_items=84.570078 peer_stage2_home_max_queue=34 peer_stage2_home_response_queue_drops=0 peer_stage2_home_response_send_wait_ms=1675.547020 avg_peer_stage2_home_queue_wait_us=74.430197 avg_peer_stage2_home_execution_us=119.382786 peer_stage1_release_deferred_batches=31 peer_stage1_release_deferred_items=52 peer_stage1_duplicate_retry_responses=0 peer_stage1_admission_retry_responses=0 peer_stage1_retry_response_drops=0 peer_stage1_admission_waiters=0 peer_stage1_admission_waiter_items=0 peer_stage1_admission_owned_items=0 peer_stage1_admission_wake_coverage=0 peer_stage1_admission_parked=0 peer_stage1_admission_woken=0 peer_stage1_admission_reparked=0 peer_stage1_max_admission_waiters=0 peer_stage1_duplicate_coalesced=8 peer_reverse_enqueued=4409 peer_reverse_processed=4398 peer_reverse_remaining=11 peer_reverse_items_enqueued=74557 peer_reverse_items_processed=74372 peer_reverse_rate_per_sec=2122.717594 peer_reverse_failed=2 peer_reverse_max_queue=15 reclaim_pending=33 reclaim_reused=1312 dynamic_high_watermark=25722672912 stage2_remaining=2138 cleanup_remaining=0 active_contexts=31 active_context_limit=32 repair_remaining=0 remaining=2386
[STATUS]: storage-owner maintenance observation: enqueued=15401 stage2_enqueued=15401 cleanup_enqueued=0 stage2_tasks_done=11606 stage2_finalized_live=11606 cleanup_processed=0 stale=0 stage2_completion_ratio=0.753587 live_stage2_completion_ratio=0.753587 avg_stage2_delay_ms=3869.851622 p99_stage2_delay_upper_ms=8000.000000 p99_stage2_delay_over_30s=false stage2_delay_histogram=0,0,0,0,0,0,27,82,159,191,623,1429,3504,1814,3761,16,0,0 max_stage2_delay_ms=8039.069425 compaction_batch_target=32 compaction_max_delay_ms=25.000000 stage2_rate_per_sec=289.882778 stage1_search_budget_exhausted=0 stage2_search_budget_exhausted=0 stage2_continuations=11862 stage2_remote_frontier_items=5383002 avg_stage2_remote_frontier=453.802226 stage2_remote_expansions=231598 avg_stage2_remote_expansions=19.524364 stage2_scored_candidates=11342871 avg_stage2_scored_candidates=956.235964 stage2_graph_read_waves=68233 avg_stage2_expansions_per_graph_wave=3.394223 stage2_graph_unique_reads=244066 stage2_graph_prefetch_issued=156444 stage2_graph_prefetch_hits=146240 stage2_graph_prefetch_wasted=9762 stage2_graph_prefetch_promotion_ratio=0.937424 stage2_graph_issue_width_current=16 stage2_vector_read_waves=78065 avg_stage2_scores_per_vector_wave=145.300339 stage2_vector_unique_reads=5801822 stage2_home_rpc_batches=81630 stage2_home_rpc_items=5421247 avg_stage2_home_rpc_batch=66.412434 stage2_home_score_rpc_batches=22256 stage2_home_score_rpc_items=5177182 stage2_home_score_rpc_queries=95479 stage2_home_score_rpc_request_bytes=162439136 stage2_home_score_rpc_response_bytes=166667864 avg_stage2_home_score_queries_per_rpc=4.290034 avg_stage2_home_score_rpc_batch=232.619608 stage2_home_scored_neighbors=10718126 home_scores_per_expansion=1.977059 stage2_migrations=1526 home_match_rate=0.868516 stage2_final_edges=416606 stage2_cross_edges_stage1_home=77009 stage2_cross_edges_final_home=38833 cross_edge_reduction_ratio=0.495734 failed=0 rpc_timeouts=0 reverse_aggregate_batches=0 reverse_aggregate_logical_requests=0 reverse_aggregate_ops=0 avg_reverse_aggregate_logicals=0.000000 avg_reverse_aggregate_ops=0.000000 max_backlog=3638 admission_window=65536 completion_outstanding=4115 completion_incomplete=3795 completed_behind_hole=320 completion_logical_full_failures=0 completion_physical_full_failures=0 pressure_yields=205254 stage2_batches=1492 avg_stage2_batch_size=7.950402 packing_target_batch=8 packing_admit_queue_avg=1596.609249 packing_admit_queue_max=3638 packing_batch_1_7=26 packing_batch_8=1466 packing_assembly_batches=1492 packing_assembly_wait_ms=4889999.131302 packing_arrival_interval_us=2521 packing_waited_batches=26 packing_wait_ms=463.923000 packing_target_flushes=1466 packing_deadline_flushes=26 packing_cleanup_flushes=0 stage2_phase_search_attempts=1467 stage2_phase_search_task_attempts=11662 stage2_phase_search_elapsed_ms=676451.520073 avg_stage2_phase_search_us_per_task=58004.760768 stage2_phase_freeze_prune_attempts=1798 stage2_phase_freeze_prune_task_attempts=14292 stage2_phase_freeze_prune_elapsed_ms=52442.990344 avg_stage2_phase_freeze_prune_us_per_task=3669.394790 stage2_phase_reverse_prepare_attempts=1461 stage2_phase_reverse_prepare_task_attempts=11614 stage2_phase_reverse_prepare_elapsed_ms=149344.821562 avg_stage2_phase_reverse_prepare_us_per_task=12859.034059 stage2_phase_placement_authority_attempts=1460 stage2_phase_placement_authority_task_attempts=11606 stage2_phase_placement_authority_elapsed_ms=61344.526648 avg_stage2_phase_placement_authority_us_per_task=5285.587338 stage2_phase_completion_handoff_attempts=1460 stage2_phase_completion_handoff_task_attempts=11606 stage2_phase_completion_handoff_elapsed_ms=3.544706 avg_stage2_phase_completion_handoff_us_per_task=0.305420 stage2_phase_finalize_attempts=1460 stage2_phase_finalize_task_attempts=11606 stage2_phase_finalize_elapsed_ms=15.828029 avg_stage2_phase_finalize_us_per_task=1.363780 maintenance_worker_idle_waits=162368 maintenance_worker_idle_ms=166766.747742 maintenance_lost_wake_avoided=14006 maintenance_targeted_wakes=310182 maintenance_generic_wakes=8983 maintenance_broadcast_wakes=0 maintenance_context_slots_scanned=966048 maintenance_ready_notifications=211174 maintenance_ready_stale_notifications=37 maintenance_ready_tickets_drained=168721 maintenance_ready_overflow_scans=0 maintenance_ready_fallback_scans=60497 stage2_search_lane_lease_limit=32 stage2_search_lane_lease_peak=22 stage2_search_lane_lease_blocked=0 maintenance_worker_observed_idle_ratio=0.520666 maintenance_worker_observed_busy_ratio=0.479334 physical_stage1_items=15416 physical_stage1_total_ns=65640909472 physical_stage1_search_ns=60027326060 physical_stage1_prune_ns=3815309923 physical_stage1_allocate_write_ns=1337988383 physical_stage1_backlink_ns=281765583 physical_stage1_candidates=1970148 physical_stage1_remote_frontier_items=7023382 physical_stage1_neighbors=501516 peer_stage1_enqueued=14658 peer_stage1_processed=14652 peer_stage1_items=24616 avg_peer_stage1_items=1.680044 peer_stage1_rate_per_sec=614.833230 peer_stage1_max_queue=33 peer_stage1_active_workers=3 peer_stage2_home_enqueued=76349 peer_stage2_home_processed=76349 peer_stage2_home_items=6492254 avg_peer_stage2_home_items=85.033910 peer_stage2_home_max_queue=34 peer_stage2_home_response_queue_drops=0 peer_stage2_home_response_send_wait_ms=1902.103517 avg_peer_stage2_home_queue_wait_us=78.091451 avg_peer_stage2_home_execution_us=118.387705 peer_stage1_release_deferred_batches=39 peer_stage1_release_deferred_items=67 peer_stage1_duplicate_retry_responses=0 peer_stage1_admission_retry_responses=0 peer_stage1_retry_response_drops=0 peer_stage1_admission_waiters=0 peer_stage1_admission_waiter_items=0 peer_stage1_admission_owned_items=0 peer_stage1_admission_wake_coverage=0 peer_stage1_admission_parked=0 peer_stage1_admission_woken=0 peer_stage1_admission_reparked=0 peer_stage1_max_admission_waiters=0 peer_stage1_duplicate_coalesced=11 peer_reverse_enqueued=4867 peer_reverse_processed=4867 peer_reverse_remaining=0 peer_reverse_items_enqueued=81814 peer_reverse_items_processed=81814 peer_reverse_rate_per_sec=2043.466279 peer_reverse_failed=2 peer_reverse_max_queue=15 reclaim_pending=39 reclaim_reused=1487 dynamic_high_watermark=25725897360 stage2_remaining=3539 cleanup_remaining=0 active_contexts=32 active_context_limit=32 repair_remaining=0 remaining=3795
[STATUS]: storage-owner maintenance observation: enqueued=18017 stage2_enqueued=18017 cleanup_enqueued=0 stage2_tasks_done=12806 stage2_finalized_live=12806 cleanup_processed=0 stale=0 stage2_completion_ratio=0.710773 live_stage2_completion_ratio=0.710773 avg_stage2_delay_ms=4317.551350 p99_stage2_delay_upper_ms=16000.000000 p99_stage2_delay_over_30s=false stage2_delay_histogram=0,0,0,0,0,0,27,82,159,191,623,1429,3504,1814,4026,951,0,0 max_stage2_delay_ms=10793.049699 compaction_batch_target=32 compaction_max_delay_ms=25.000000 stage2_rate_per_sec=284.344506 stage1_search_budget_exhausted=0 stage2_search_budget_exhausted=0 stage2_continuations=13062 stage2_remote_frontier_items=5977040 avg_stage2_remote_frontier=457.589956 stage2_remote_expansions=257359 avg_stage2_remote_expansions=19.702879 stage2_scored_candidates=12613903 avg_stage2_scored_candidates=965.694610 stage2_graph_read_waves=75646 avg_stage2_expansions_per_graph_wave=3.402149 stage2_graph_unique_reads=271341 stage2_graph_prefetch_issued=173580 stage2_graph_prefetch_hits=162095 stage2_graph_prefetch_wasted=10925 stage2_graph_prefetch_promotion_ratio=0.936857 stage2_graph_issue_width_current=16 stage2_vector_read_waves=86446 avg_stage2_scores_per_vector_wave=145.916561 stage2_vector_unique_reads=6434943 stage2_home_rpc_batches=90049 stage2_home_rpc_items=6023355 avg_stage2_home_rpc_batch=66.889749 stage2_home_score_rpc_batches=24711 stage2_home_score_rpc_items=5752014 stage2_home_score_rpc_queries=106112 stage2_home_score_rpc_request_bytes=180535720 stage2_home_score_rpc_response_bytes=185177320 avg_stage2_home_score_queries_per_rpc=4.294120 avg_stage2_home_score_rpc_batch=232.771397 stage2_home_scored_neighbors=11930837 home_scores_per_expansion=1.980763 stage2_migrations=1699 home_match_rate=0.867328 stage2_final_edges=460936 stage2_cross_edges_stage1_home=85700 stage2_cross_edges_final_home=42864 cross_edge_reduction_ratio=0.499837 failed=0 rpc_timeouts=0 reverse_aggregate_batches=0 reverse_aggregate_logical_requests=0 reverse_aggregate_ops=0 avg_reverse_aggregate_logicals=0.000000 avg_reverse_aggregate_ops=0.000000 max_backlog=4959 admission_window=65536 completion_outstanding=5419 completion_incomplete=5211 completed_behind_hole=208 completion_logical_full_failures=0 completion_physical_full_failures=0 pressure_yields=230989 stage2_batches=1642 avg_stage2_batch_size=7.954933 packing_target_batch=8 packing_admit_queue_avg=1833.445189 packing_admit_queue_max=4959 packing_batch_1_7=26 packing_batch_8=1616 packing_assembly_batches=1642 packing_assembly_wait_ms=6115963.534354 packing_arrival_interval_us=1866 packing_waited_batches=26 packing_wait_ms=463.923000 packing_target_flushes=1616 packing_deadline_flushes=26 packing_cleanup_flushes=0 stage2_phase_search_attempts=1618 stage2_phase_search_task_attempts=12870 stage2_phase_search_elapsed_ms=794492.677234 avg_stage2_phase_search_us_per_task=61732.142753 stage2_phase_freeze_prune_attempts=1971 stage2_phase_freeze_prune_task_attempts=15676 stage2_phase_freeze_prune_elapsed_ms=61417.755278 avg_stage2_phase_freeze_prune_us_per_task=3917.948155 stage2_phase_reverse_prepare_attempts=1611 stage2_phase_reverse_prepare_task_attempts=12814 stage2_phase_reverse_prepare_elapsed_ms=169157.124986 avg_stage2_phase_reverse_prepare_us_per_task=13200.961838 stage2_phase_placement_authority_attempts=1610 stage2_phase_placement_authority_task_attempts=12806 stage2_phase_placement_authority_elapsed_ms=70875.148575 avg_stage2_phase_placement_authority_us_per_task=5534.526673 stage2_phase_completion_handoff_attempts=1610 stage2_phase_completion_handoff_task_attempts=12806 stage2_phase_completion_handoff_elapsed_ms=3.988454 avg_stage2_phase_completion_handoff_us_per_task=0.311452 stage2_phase_finalize_attempts=1610 stage2_phase_finalize_task_attempts=12806 stage2_phase_finalize_elapsed_ms=17.800549 avg_stage2_phase_finalize_us_per_task=1.390016 maintenance_worker_idle_waits=181696 maintenance_worker_idle_ms=182331.564142 maintenance_lost_wake_avoided=15247 maintenance_targeted_wakes=343001 maintenance_generic_wakes=10527 maintenance_broadcast_wakes=0 maintenance_context_slots_scanned=1065008 maintenance_ready_notifications=234212 maintenance_ready_stale_notifications=43 maintenance_ready_tickets_drained=187288 maintenance_ready_overflow_scans=0 maintenance_ready_fallback_scans=66643 stage2_search_lane_lease_limit=32 stage2_search_lane_lease_peak=22 stage2_search_lane_lease_blocked=0 maintenance_worker_observed_idle_ratio=0.506061 maintenance_worker_observed_busy_ratio=0.493939 physical_stage1_items=18032 physical_stage1_total_ns=76939094136 physical_stage1_search_ns=70380075481 physical_stage1_prune_ns=4466119755 physical_stage1_allocate_write_ns=1557698688 physical_stage1_backlink_ns=328600807 physical_stage1_candidates=2303602 physical_stage1_remote_frontier_items=8228442 physical_stage1_neighbors=589161 peer_stage1_enqueued=17159 peer_stage1_processed=17157 peer_stage1_items=28756 avg_peer_stage1_items=1.676051 peer_stage1_rate_per_sec=638.498408 peer_stage1_max_queue=33 peer_stage1_active_workers=2 peer_stage2_home_enqueued=84255 peer_stage2_home_processed=84255 peer_stage2_home_items=7127098 avg_peer_stage2_home_items=84.589615 peer_stage2_home_max_queue=34 peer_stage2_home_response_queue_drops=0 peer_stage2_home_response_send_wait_ms=2089.058722 avg_peer_stage2_home_queue_wait_us=82.345080 avg_peer_stage2_home_execution_us=117.493759 peer_stage1_release_deferred_batches=45 peer_stage1_release_deferred_items=75 peer_stage1_duplicate_retry_responses=0 peer_stage1_admission_retry_responses=0 peer_stage1_retry_response_drops=0 peer_stage1_admission_waiters=0 peer_stage1_admission_waiter_items=0 peer_stage1_admission_owned_items=0 peer_stage1_admission_wake_coverage=0 peer_stage1_admission_parked=0 peer_stage1_admission_woken=0 peer_stage1_admission_reparked=0 peer_stage1_max_admission_waiters=0 peer_stage1_duplicate_coalesced=13 peer_reverse_enqueued=5382 peer_reverse_processed=5382 peer_reverse_remaining=0 peer_reverse_items_enqueued=90444 peer_reverse_items_processed=90444 peer_reverse_rate_per_sec=2008.219156 peer_reverse_failed=2 peer_reverse_max_queue=15 reclaim_pending=19 reclaim_reused=1680 dynamic_high_watermark=25729230672 stage2_remaining=4955 cleanup_remaining=0 active_contexts=32 active_context_limit=32 repair_remaining=0 remaining=5211
[STATUS]: storage-owner maintenance observation: enqueued=20708 stage2_enqueued=20708 cleanup_enqueued=0 stage2_tasks_done=14118 stage2_finalized_live=14118 cleanup_processed=0 stale=0 stage2_completion_ratio=0.681766 live_stage2_completion_ratio=0.681766 avg_stage2_delay_ms=4956.615058 p99_stage2_delay_upper_ms=16000.000000 p99_stage2_delay_over_30s=false stage2_delay_histogram=0,0,0,0,0,0,27,82,159,191,623,1429,3504,1814,4026,2263,0,0 max_stage2_delay_ms=13237.707841 compaction_batch_target=32 compaction_max_delay_ms=25.000000 stage2_rate_per_sec=282.132492 stage1_search_budget_exhausted=0 stage2_search_budget_exhausted=0 stage2_continuations=14374 stage2_remote_frontier_items=6562111 avg_stage2_remote_frontier=456.526437 stage2_remote_expansions=285160 avg_stage2_remote_expansions=19.838597 stage2_scored_candidates=13903470 avg_stage2_scored_candidates=967.265201 stage2_graph_read_waves=83574 avg_stage2_expansions_per_graph_wave=3.412066 stage2_graph_unique_reads=299919 stage2_graph_prefetch_issued=191964 stage2_graph_prefetch_hits=179479 stage2_graph_prefetch_wasted=12119 stage2_graph_prefetch_promotion_ratio=0.936748 stage2_graph_issue_width_current=16 stage2_vector_read_waves=95273 avg_stage2_scores_per_vector_wave=145.932951 stage2_vector_unique_reads=7063709 stage2_home_rpc_batches=98922 stage2_home_rpc_items=6615756 avg_stage2_home_rpc_batch=66.878510 stage2_home_score_rpc_batches=27161 stage2_home_score_rpc_items=6315837 stage2_home_score_rpc_queries=116835 stage2_home_score_rpc_request_bytes=198357656 stage2_home_score_rpc_response_bytes=203331904 avg_stage2_home_score_queries_per_rpc=4.301572 avg_stage2_home_score_rpc_batch=232.533301 stage2_home_scored_neighbors=13155572 home_scores_per_expansion=1.988521 stage2_migrations=1879 home_match_rate=0.866907 stage2_final_edges=509293 stage2_cross_edges_stage1_home=94923 stage2_cross_edges_final_home=47351 cross_edge_reduction_ratio=0.501164 failed=0 rpc_timeouts=0 reverse_aggregate_batches=0 reverse_aggregate_logical_requests=0 reverse_aggregate_ops=0 avg_reverse_aggregate_logicals=0.000000 avg_reverse_aggregate_ops=0.000000 max_backlog=6334 admission_window=65536 completion_outstanding=7030 completion_incomplete=6590 completed_behind_hole=440 completion_logical_full_failures=0 completion_physical_full_failures=0 pressure_yields=258151 stage2_batches=1806 avg_stage2_batch_size=7.959025 packing_target_batch=8 packing_admit_queue_avg=2173.937984 packing_admit_queue_max=6331 packing_batch_1_7=26 packing_batch_8=1780 packing_assembly_batches=1806 packing_assembly_wait_ms=7874601.052501 packing_arrival_interval_us=2732 packing_waited_batches=26 packing_wait_ms=463.923000 packing_target_flushes=1780 packing_deadline_flushes=26 packing_cleanup_flushes=0 stage2_phase_search_attempts=1784 stage2_phase_search_task_attempts=14198 stage2_phase_search_elapsed_ms=917341.606720 avg_stage2_phase_search_us_per_task=64610.621688 stage2_phase_freeze_prune_attempts=2169 stage2_phase_freeze_prune_task_attempts=17260 stage2_phase_freeze_prune_elapsed_ms=71496.372539 avg_stage2_phase_freeze_prune_us_per_task=4142.315906 stage2_phase_reverse_prepare_attempts=1777 stage2_phase_reverse_prepare_task_attempts=14142 stage2_phase_reverse_prepare_elapsed_ms=188640.533026 avg_stage2_phase_reverse_prepare_us_per_task=13339.027933 stage2_phase_placement_authority_attempts=1774 stage2_phase_placement_authority_task_attempts=14118 stage2_phase_placement_authority_elapsed_ms=78875.176648 avg_stage2_phase_placement_authority_us_per_task=5586.852008 stage2_phase_completion_handoff_attempts=1774 stage2_phase_completion_handoff_task_attempts=14118 stage2_phase_completion_handoff_elapsed_ms=4.463978 avg_stage2_phase_completion_handoff_us_per_task=0.316191 stage2_phase_finalize_attempts=1774 stage2_phase_finalize_task_attempts=14118 stage2_phase_finalize_elapsed_ms=19.851076 avg_stage2_phase_finalize_us_per_task=1.406083 maintenance_worker_idle_waits=201984 maintenance_worker_idle_ms=197686.563173 maintenance_lost_wake_avoided=16678 maintenance_targeted_wakes=378182 maintenance_generic_wakes=12078 maintenance_broadcast_wakes=0 maintenance_context_slots_scanned=1172432 maintenance_ready_notifications=258652 maintenance_ready_stale_notifications=46 maintenance_ready_tickets_drained=206785 maintenance_ready_overflow_scans=0 maintenance_ready_fallback_scans=73340 stage2_search_lane_lease_limit=32 stage2_search_lane_lease_peak=22 stage2_search_lane_lease_blocked=0 maintenance_worker_observed_idle_ratio=0.493818 maintenance_worker_observed_busy_ratio=0.506182 physical_stage1_items=20716 physical_stage1_total_ns=88115817699 physical_stage1_search_ns=80628829647 physical_stage1_prune_ns=5116726680 physical_stage1_allocate_write_ns=1758138974 physical_stage1_backlink_ns=376763137 physical_stage1_candidates=2645465 physical_stage1_remote_frontier_items=9435386 physical_stage1_neighbors=676373 peer_stage1_enqueued=19705 peer_stage1_processed=19696 peer_stage1_items=33046 avg_peer_stage1_items=1.677803 peer_stage1_rate_per_sec=660.387473 peer_stage1_max_queue=33 peer_stage1_active_workers=3 peer_stage2_home_enqueued=91656 peer_stage2_home_processed=91656 peer_stage2_home_items=7735934 avg_peer_stage2_home_items=84.401829 peer_stage2_home_max_queue=34 peer_stage2_home_response_queue_drops=0 peer_stage2_home_response_send_wait_ms=2296.779865 avg_peer_stage2_home_queue_wait_us=84.268209 avg_peer_stage2_home_execution_us=116.698352 peer_stage1_release_deferred_batches=56 peer_stage1_release_deferred_items=96 peer_stage1_duplicate_retry_responses=0 peer_stage1_admission_retry_responses=0 peer_stage1_retry_response_drops=0 peer_stage1_admission_waiters=0 peer_stage1_admission_waiter_items=0 peer_stage1_admission_owned_items=0 peer_stage1_admission_wake_coverage=0 peer_stage1_admission_parked=0 peer_stage1_admission_woken=0 peer_stage1_admission_reparked=0 peer_stage1_max_admission_waiters=0 peer_stage1_duplicate_coalesced=14 peer_reverse_enqueued=5874 peer_reverse_processed=5872 peer_reverse_remaining=2 peer_reverse_items_enqueued=98498 peer_reverse_items_processed=98486 peer_reverse_rate_per_sec=1968.132924 peer_reverse_failed=2 peer_reverse_max_queue=15 reclaim_pending=45 reclaim_reused=1834 dynamic_high_watermark=25732702656 stage2_remaining=6334 cleanup_remaining=0 active_contexts=32 active_context_limit=32 repair_remaining=0 remaining=6590
[STATUS]: storage-owner maintenance observation: enqueued=23219 stage2_enqueued=23219 cleanup_enqueued=0 stage2_tasks_done=15550 stage2_finalized_live=15550 cleanup_processed=0 stale=0 stage2_completion_ratio=0.669710 live_stage2_completion_ratio=0.669710 avg_stage2_delay_ms=5753.326788 p99_stage2_delay_upper_ms=16000.000000 p99_stage2_delay_over_30s=false stage2_delay_histogram=0,0,0,0,0,0,27,82,159,191,623,1429,3504,1814,4026,3695,0,0 max_stage2_delay_ms=15370.434251 compaction_batch_target=32 compaction_max_delay_ms=25.000000 stage2_rate_per_sec=282.519287 stage1_search_budget_exhausted=0 stage2_search_budget_exhausted=0 stage2_continuations=15798 stage2_remote_frontier_items=7198092 avg_stage2_remote_frontier=455.633118 stage2_remote_expansions=313416 avg_stage2_remote_expansions=19.838967 stage2_scored_candidates=15274490 avg_stage2_scored_candidates=966.862261 stage2_graph_read_waves=93017 avg_stage2_expansions_per_graph_wave=3.369449 stage2_graph_unique_reads=329967 stage2_graph_prefetch_issued=209133 stage2_graph_prefetch_hits=194961 stage2_graph_prefetch_wasted=13669 stage2_graph_prefetch_promotion_ratio=0.934482 stage2_graph_issue_width_current=16 stage2_vector_read_waves=103966 avg_stage2_scores_per_vector_wave=146.918127 stage2_vector_unique_reads=7747689 stage2_home_rpc_batches=108765 stage2_home_rpc_items=7255652 avg_stage2_home_rpc_batch=66.709438 stage2_home_score_rpc_batches=29820 stage2_home_score_rpc_items=6925685 stage2_home_score_rpc_queries=128342 stage2_home_score_rpc_request_bytes=217652584 stage2_home_score_rpc_response_bytes=222974512 avg_stage2_home_score_queries_per_rpc=4.303890 avg_stage2_home_score_rpc_batch=232.249665 stage2_home_scored_neighbors=14452359 home_scores_per_expansion=1.991876 stage2_migrations=2070 home_match_rate=0.866881 stage2_final_edges=561472 stage2_cross_edges_stage1_home=104777 stage2_cross_edges_final_home=51631 cross_edge_reduction_ratio=0.507230 failed=0 rpc_timeouts=0 reverse_aggregate_batches=0 reverse_aggregate_logical_requests=0 reverse_aggregate_ops=0 avg_reverse_aggregate_logicals=0.000000 avg_reverse_aggregate_ops=0.000000 max_backlog=7444 admission_window=65536 completion_outstanding=8173 completion_incomplete=7669 completed_behind_hole=504 completion_logical_full_failures=0 completion_physical_full_failures=0 pressure_yields=286878 stage2_batches=1984 avg_stage2_batch_size=7.962702 packing_target_batch=8 packing_admit_queue_avg=2596.429435 packing_admit_queue_max=7444 packing_batch_1_7=26 packing_batch_8=1958 packing_assembly_batches=1984 packing_assembly_wait_ms=10206638.275535 packing_arrival_interval_us=2647 packing_waited_batches=26 packing_wait_ms=463.923000 packing_target_flushes=1958 packing_deadline_flushes=26 packing_cleanup_flushes=0 stage2_phase_search_attempts=1959 stage2_phase_search_task_attempts=15598 stage2_phase_search_elapsed_ms=1035305.825381 avg_stage2_phase_search_us_per_task=66374.267559 stage2_phase_freeze_prune_attempts=2387 stage2_phase_freeze_prune_task_attempts=19004 stage2_phase_freeze_prune_elapsed_ms=79985.875610 avg_stage2_phase_freeze_prune_us_per_task=4208.896843 stage2_phase_reverse_prepare_attempts=1954 stage2_phase_reverse_prepare_task_attempts=15558 stage2_phase_reverse_prepare_elapsed_ms=209677.737796 avg_stage2_phase_reverse_prepare_us_per_task=13477.165304 stage2_phase_placement_authority_attempts=1953 stage2_phase_placement_authority_task_attempts=15550 stage2_phase_placement_authority_elapsed_ms=88038.131171 avg_stage2_phase_placement_authority_us_per_task=5661.616152 stage2_phase_completion_handoff_attempts=1953 stage2_phase_completion_handoff_task_attempts=15550 stage2_phase_completion_handoff_elapsed_ms=4.982293 avg_stage2_phase_completion_handoff_us_per_task=0.320405 stage2_phase_finalize_attempts=1953 stage2_phase_finalize_task_attempts=15550 stage2_phase_finalize_elapsed_ms=22.100185 avg_stage2_phase_finalize_us_per_task=1.421234 maintenance_worker_idle_waits=223744 maintenance_worker_idle_ms=214715.791720 maintenance_lost_wake_avoided=18264 maintenance_targeted_wakes=415339 maintenance_generic_wakes=13602 maintenance_broadcast_wakes=0 maintenance_context_slots_scanned=1282192 maintenance_ready_notifications=285126 maintenance_ready_stale_notifications=50 maintenance_ready_tickets_drained=228107 maintenance_ready_overflow_scans=0 maintenance_ready_fallback_scans=80196 stage2_search_lane_lease_limit=32 stage2_search_lane_lease_peak=22 stage2_search_lane_lease_blocked=0 maintenance_worker_observed_idle_ratio=0.487631 maintenance_worker_observed_busy_ratio=0.512369 physical_stage1_items=23239 physical_stage1_total_ns=98950297257 physical_stage1_search_ns=90502318123 physical_stage1_prune_ns=5745484607 physical_stage1_allocate_write_ns=2016901975 physical_stage1_backlink_ns=423406114 physical_stage1_candidates=2966357 physical_stage1_remote_frontier_items=10578642 physical_stage1_neighbors=760025 peer_stage1_enqueued=22212 peer_stage1_processed=22209 peer_stage1_items=37059 avg_peer_stage1_items=1.668648 peer_stage1_rate_per_sec=673.304324 peer_stage1_max_queue=33 peer_stage1_active_workers=3 peer_stage2_home_enqueued=99237 peer_stage2_home_processed=99237 peer_stage2_home_items=8400695 avg_peer_stage2_home_items=84.652851 peer_stage2_home_max_queue=34 peer_stage2_home_response_queue_drops=0 peer_stage2_home_response_send_wait_ms=2496.302204 avg_peer_stage2_home_queue_wait_us=86.064360 avg_peer_stage2_home_execution_us=116.356415 peer_stage1_release_deferred_batches=62 peer_stage1_release_deferred_items=107 peer_stage1_duplicate_retry_responses=0 peer_stage1_admission_retry_responses=0 peer_stage1_retry_response_drops=0 peer_stage1_admission_waiters=0 peer_stage1_admission_waiter_items=0 peer_stage1_admission_owned_items=0 peer_stage1_admission_wake_coverage=0 peer_stage1_admission_parked=0 peer_stage1_admission_woken=0 peer_stage1_admission_reparked=0 peer_stage1_max_admission_waiters=0 peer_stage1_duplicate_coalesced=15 peer_reverse_enqueued=6392 peer_reverse_processed=6389 peer_reverse_remaining=3 peer_reverse_items_enqueued=106579 peer_reverse_items_processed=106498 peer_reverse_rate_per_sec=1934.902829 peer_reverse_failed=2 peer_reverse_max_queue=15 reclaim_pending=55 reclaim_reused=2015 dynamic_high_watermark=25735908960 stage2_remaining=7421 cleanup_remaining=0 active_contexts=31 active_context_limit=32 repair_remaining=0 remaining=7669
[STATUS]: storage-owner maintenance observation: enqueued=25953 stage2_enqueued=25948 cleanup_enqueued=0 stage2_tasks_done=16822 stage2_finalized_live=16822 cleanup_processed=0 stale=0 stage2_completion_ratio=0.648297 live_stage2_completion_ratio=0.648297 avg_stage2_delay_ms=6515.533017 p99_stage2_delay_upper_ms=30000.000000 p99_stage2_delay_over_30s=false stage2_delay_histogram=0,0,0,0,0,0,27,82,159,191,623,1429,3504,1814,4026,4444,523,0 max_stage2_delay_ms=17796.109875 compaction_batch_target=32 compaction_max_delay_ms=25.000000 stage2_rate_per_sec=280.177379 stage1_search_budget_exhausted=0 stage2_search_budget_exhausted=0 stage2_continuations=17070 stage2_remote_frontier_items=7774336 avg_stage2_remote_frontier=455.438547 stage2_remote_expansions=337950 avg_stage2_remote_expansions=19.797891 stage2_scored_candidates=16479324 avg_stage2_scored_candidates=965.396837 stage2_graph_read_waves=100231 avg_stage2_expansions_per_graph_wave=3.371711 stage2_graph_unique_reads=355322 stage2_graph_prefetch_issued=225541 stage2_graph_prefetch_hits=210271 stage2_graph_prefetch_wasted=14763 stage2_graph_prefetch_promotion_ratio=0.934397 stage2_graph_issue_width_current=16 stage2_vector_read_waves=112100 avg_stage2_scores_per_vector_wave=147.005566 stage2_vector_unique_reads=8378317 stage2_home_rpc_batches=117377 stage2_home_rpc_items=7843850 avg_stage2_home_rpc_batch=66.826124 stage2_home_score_rpc_batches=32252 stage2_home_score_rpc_items=7488529 stage2_home_score_rpc_queries=138757 stage2_home_score_rpc_request_bytes=235355616 stage2_home_score_rpc_response_bytes=241098192 avg_stage2_home_score_queries_per_rpc=4.302276 avg_stage2_home_score_rpc_batch=232.188050 stage2_home_scored_neighbors=15589346 home_scores_per_expansion=1.987461 stage2_migrations=2231 home_match_rate=0.867376 stage2_final_edges=607987 stage2_cross_edges_stage1_home=112923 stage2_cross_edges_final_home=55857 cross_edge_reduction_ratio=0.505353 failed=0 rpc_timeouts=0 reverse_aggregate_batches=0 reverse_aggregate_logical_requests=0 reverse_aggregate_ops=0 avg_reverse_aggregate_logicals=0.000000 avg_reverse_aggregate_ops=0.000000 max_backlog=8879 admission_window=65536 completion_outstanding=9279 completion_incomplete=9127 completed_behind_hole=152 completion_logical_full_failures=0 completion_physical_full_failures=0 pressure_yields=312602 stage2_batches=2143 avg_stage2_batch_size=7.965469 packing_target_batch=8 packing_admit_queue_avg=3001.727485 packing_admit_queue_max=8845 packing_batch_1_7=26 packing_batch_8=2117 packing_assembly_batches=2143 packing_assembly_wait_ms=12642210.495310 packing_arrival_interval_us=2226 packing_waited_batches=26 packing_wait_ms=463.923000 packing_target_flushes=2117 packing_deadline_flushes=26 packing_cleanup_flushes=0 stage2_phase_search_attempts=2117 stage2_phase_search_task_attempts=16862 stage2_phase_search_elapsed_ms=1145592.527389 avg_stage2_phase_search_us_per_task=67939.303012 stage2_phase_freeze_prune_attempts=2581 stage2_phase_freeze_prune_task_attempts=20556 stage2_phase_freeze_prune_elapsed_ms=88605.993656 avg_stage2_phase_freeze_prune_us_per_task=4310.468654 stage2_phase_reverse_prepare_attempts=2113 stage2_phase_reverse_prepare_task_attempts=16830 stage2_phase_reverse_prepare_elapsed_ms=236132.005863 avg_stage2_phase_reverse_prepare_us_per_task=14030.422214 stage2_phase_placement_authority_attempts=2112 stage2_phase_placement_authority_task_attempts=16822 stage2_phase_placement_authority_elapsed_ms=98579.683710 avg_stage2_phase_placement_authority_us_per_task=5860.164291 stage2_phase_completion_handoff_attempts=2112 stage2_phase_completion_handoff_task_attempts=16822 stage2_phase_completion_handoff_elapsed_ms=5.441957 avg_stage2_phase_completion_handoff_us_per_task=0.323502 stage2_phase_finalize_attempts=2112 stage2_phase_finalize_task_attempts=16822 stage2_phase_finalize_elapsed_ms=24.138253 avg_stage2_phase_finalize_us_per_task=1.434922 maintenance_worker_idle_waits=242880 maintenance_worker_idle_ms=229301.722515 maintenance_lost_wake_avoided=19645 maintenance_targeted_wakes=447936 maintenance_generic_wakes=15198 maintenance_broadcast_wakes=0 maintenance_context_slots_scanned=1389200 maintenance_ready_notifications=307604 maintenance_ready_stale_notifications=59 maintenance_ready_tickets_drained=246034 maintenance_ready_overflow_scans=0 maintenance_ready_fallback_scans=86921 stage2_search_lane_lease_limit=32 stage2_search_lane_lease_peak=22 stage2_search_lane_lease_blocked=0 maintenance_worker_observed_idle_ratio=0.477389 maintenance_worker_observed_busy_ratio=0.522611 physical_stage1_items=25966 physical_stage1_total_ns=110573008718 physical_stage1_search_ns=101156759164 physical_stage1_prune_ns=6402259897 physical_stage1_allocate_write_ns=2246187814 physical_stage1_backlink_ns=476242525 physical_stage1_candidates=3312907 physical_stage1_remote_frontier_items=11791112 physical_stage1_neighbors=849553 peer_stage1_enqueued=24802 peer_stage1_processed=24799 peer_stage1_items=41348 avg_peer_stage1_items=1.667325 peer_stage1_rate_per_sec=688.668069 peer_stage1_max_queue=34 peer_stage1_active_workers=3 peer_stage2_home_enqueued=106391 peer_stage2_home_processed=106387 peer_stage2_home_items=9009272 avg_peer_stage2_home_items=84.683956 peer_stage2_home_max_queue=34 peer_stage2_home_response_queue_drops=0 peer_stage2_home_response_send_wait_ms=2729.640172 avg_peer_stage2_home_queue_wait_us=88.362419 avg_peer_stage2_home_execution_us=115.893652 peer_stage1_release_deferred_batches=68 peer_stage1_release_deferred_items=116 peer_stage1_duplicate_retry_responses=0 peer_stage1_admission_retry_responses=0 peer_stage1_retry_response_drops=0 peer_stage1_admission_waiters=0 peer_stage1_admission_waiter_items=0 peer_stage1_admission_owned_items=0 peer_stage1_admission_wake_coverage=0 peer_stage1_admission_parked=0 peer_stage1_admission_woken=0 peer_stage1_admission_reparked=0 peer_stage1_max_admission_waiters=0 peer_stage1_duplicate_coalesced=15 peer_reverse_enqueued=6890 peer_reverse_processed=6890 peer_reverse_remaining=0 peer_reverse_items_enqueued=114959 peer_reverse_items_processed=114959 peer_reverse_rate_per_sec=1914.689769 peer_reverse_failed=2 peer_reverse_max_queue=15 reclaim_pending=14 reclaim_reused=2217 dynamic_high_watermark=25739378352 stage2_remaining=8878 cleanup_remaining=0 active_contexts=31 active_context_limit=32 repair_remaining=0 remaining=9127
[STATUS]: storage-owner maintenance observation: enqueued=28553 stage2_enqueued=28553 cleanup_enqueued=0 stage2_tasks_done=18230 stage2_finalized_live=18230 cleanup_processed=0 stale=0 stage2_completion_ratio=0.638462 live_stage2_completion_ratio=0.638462 avg_stage2_delay_ms=7435.745048 p99_stage2_delay_upper_ms=30000.000000 p99_stage2_delay_over_30s=false stage2_delay_histogram=0,0,0,0,0,0,27,82,159,191,623,1429,3504,1814,4026,4444,1931,0 max_stage2_delay_ms=20392.897461 compaction_batch_target=32 compaction_max_delay_ms=25.000000 stage2_rate_per_sec=280.282460 stage1_search_budget_exhausted=0 stage2_search_budget_exhausted=0 stage2_continuations=18486 stage2_remote_frontier_items=8418472 avg_stage2_remote_frontier=455.397165 stage2_remote_expansions=364258 avg_stage2_remote_expansions=19.704533 stage2_scored_candidates=17795810 avg_stage2_scored_candidates=962.664178 stage2_graph_read_waves=108203 avg_stage2_expansions_per_graph_wave=3.366432 stage2_graph_unique_reads=382873 stage2_graph_prefetch_issued=242746 stage2_graph_prefetch_hits=226356 stage2_graph_prefetch_wasted=15923 stage2_graph_prefetch_promotion_ratio=0.934278 stage2_graph_issue_width_current=16 stage2_vector_read_waves=121563 avg_stage2_scores_per_vector_wave=146.391665 stage2_vector_unique_reads=9061105 stage2_home_rpc_batches=126697 stage2_home_rpc_items=8479393 avg_stage2_home_rpc_batch=66.926549 stage2_home_score_rpc_batches=34885 stage2_home_score_rpc_items=8096520 stage2_home_score_rpc_queries=150081 stage2_home_score_rpc_request_bytes=254467304 stage2_home_score_rpc_response_bytes=260670888 avg_stage2_home_score_queries_per_rpc=4.302164 avg_stage2_home_score_rpc_batch=232.091730 stage2_home_scored_neighbors=16831214 home_scores_per_expansion=1.984955 stage2_migrations=2390 home_match_rate=0.868897 stage2_final_edges=659742 stage2_cross_edges_stage1_home=121860 stage2_cross_edges_final_home=60528 cross_edge_reduction_ratio=0.503299 failed=0 rpc_timeouts=0 reverse_aggregate_batches=0 reverse_aggregate_logical_requests=0 reverse_aggregate_ops=0 avg_reverse_aggregate_logicals=0.000000 avg_reverse_aggregate_ops=0.000000 max_backlog=10080 admission_window=65536 completion_outstanding=10739 completion_incomplete=10323 completed_behind_hole=416 completion_logical_full_failures=0 completion_physical_full_failures=0 pressure_yields=341305 stage2_batches=2320 avg_stage2_batch_size=7.968103 packing_target_batch=8 packing_admit_queue_avg=3498.388793 packing_admit_queue_max=10080 packing_batch_1_7=26 packing_batch_8=2294 packing_assembly_batches=2320 packing_assembly_wait_ms=15825772.761179 packing_arrival_interval_us=2308 packing_waited_batches=26 packing_wait_ms=463.923000 packing_target_flushes=2294 packing_deadline_flushes=26 packing_cleanup_flushes=0 stage2_phase_search_attempts=2293 stage2_phase_search_task_attempts=18270 stage2_phase_search_elapsed_ms=1263343.061741 avg_stage2_phase_search_us_per_task=69148.498180 stage2_phase_freeze_prune_attempts=2785 stage2_phase_freeze_prune_task_attempts=22188 stage2_phase_freeze_prune_elapsed_ms=97840.009612 avg_stage2_phase_freeze_prune_us_per_task=4409.591203 stage2_phase_reverse_prepare_attempts=2289 stage2_phase_reverse_prepare_task_attempts=18238 stage2_phase_reverse_prepare_elapsed_ms=258867.412104 avg_stage2_phase_reverse_prepare_us_per_task=14193.848673 stage2_phase_placement_authority_attempts=2288 stage2_phase_placement_authority_task_attempts=18230 stage2_phase_placement_authority_elapsed_ms=107834.892645 avg_stage2_phase_placement_authority_us_per_task=5915.243700 stage2_phase_completion_handoff_attempts=2288 stage2_phase_completion_handoff_task_attempts=18230 stage2_phase_completion_handoff_elapsed_ms=5.947233 avg_stage2_phase_completion_handoff_us_per_task=0.326233 stage2_phase_finalize_attempts=2288 stage2_phase_finalize_task_attempts=18230 stage2_phase_finalize_elapsed_ms=26.210065 avg_stage2_phase_finalize_us_per_task=1.437744 maintenance_worker_idle_waits=264192 maintenance_worker_idle_ms=245222.909712 maintenance_lost_wake_avoided=21044 maintenance_targeted_wakes=483062 maintenance_generic_wakes=16732 maintenance_broadcast_wakes=0 maintenance_context_slots_scanned=1496736 maintenance_ready_notifications=332776 maintenance_ready_stale_notifications=64 maintenance_ready_tickets_drained=266408 maintenance_ready_overflow_scans=0 maintenance_ready_fallback_scans=93633 stage2_search_lane_lease_limit=32 stage2_search_lane_lease_peak=22 stage2_search_lane_lease_blocked=0 maintenance_worker_observed_idle_ratio=0.471281 maintenance_worker_observed_busy_ratio=0.528719 physical_stage1_items=28568 physical_stage1_total_ns=121766085481 physical_stage1_search_ns=111408578084 physical_stage1_prune_ns=7039547208 physical_stage1_allocate_write_ns=2476199593 physical_stage1_backlink_ns=521862204 physical_stage1_candidates=3643588 physical_stage1_remote_frontier_items=12950430 physical_stage1_neighbors=934110 peer_stage1_enqueued=27304 peer_stage1_processed=27303 peer_stage1_items=45486 avg_peer_stage1_items=1.665971 peer_stage1_rate_per_sec=699.337795 peer_stage1_max_queue=34 peer_stage1_active_workers=1 peer_stage2_home_enqueued=113818 peer_stage2_home_processed=113818 peer_stage2_home_items=9647717 avg_peer_stage2_home_items=84.764422 peer_stage2_home_max_queue=34 peer_stage2_home_response_queue_drops=0 peer_stage2_home_response_send_wait_ms=2942.531112 avg_peer_stage2_home_queue_wait_us=89.652684 avg_peer_stage2_home_execution_us=115.504309 peer_stage1_release_deferred_batches=76 peer_stage1_release_deferred_items=131 peer_stage1_duplicate_retry_responses=0 peer_stage1_admission_retry_responses=0 peer_stage1_retry_response_drops=0 peer_stage1_admission_waiters=0 peer_stage1_admission_waiter_items=0 peer_stage1_admission_owned_items=0 peer_stage1_admission_wake_coverage=0 peer_stage1_admission_parked=0 peer_stage1_admission_woken=0 peer_stage1_admission_reparked=0 peer_stage1_max_admission_waiters=0 peer_stage1_duplicate_coalesced=15 peer_reverse_enqueued=7390 peer_reverse_processed=7390 peer_reverse_remaining=0 peer_reverse_items_enqueued=122774 peer_reverse_items_processed=122774 peer_reverse_rate_per_sec=1887.624728 peer_reverse_failed=2 peer_reverse_max_queue=15 reclaim_pending=36 reclaim_reused=2354 dynamic_high_watermark=25742733696 stage2_remaining=10067 cleanup_remaining=0 active_contexts=32 active_context_limit=32 repair_remaining=0 remaining=10323
[STATUS]: storage-owner maintenance observation: enqueued=31184 stage2_enqueued=31184 cleanup_enqueued=0 stage2_tasks_done=19678 stage2_finalized_live=19678 cleanup_processed=0 stale=0 stage2_completion_ratio=0.631029 live_stage2_completion_ratio=0.631029 avg_stage2_delay_ms=8417.528044 p99_stage2_delay_upper_ms=30000.000000 p99_stage2_delay_over_30s=false stage2_delay_histogram=0,0,0,0,0,0,27,82,159,191,623,1429,3504,1814,4026,4444,3379,0 max_stage2_delay_ms=22720.566456 compaction_batch_target=32 compaction_max_delay_ms=25.000000 stage2_rate_per_sec=280.946683 stage1_search_budget_exhausted=0 stage2_search_budget_exhausted=0 stage2_continuations=19934 stage2_remote_frontier_items=9078719 avg_stage2_remote_frontier=455.438898 stage2_remote_expansions=392753 avg_stage2_remote_expansions=19.702669 stage2_scored_candidates=19207880 avg_stage2_scored_candidates=963.573794 stage2_graph_read_waves=116187 avg_stage2_expansions_per_graph_wave=3.380352 stage2_graph_unique_reads=412663 stage2_graph_prefetch_issued=261814 stage2_graph_prefetch_hits=244202 stage2_graph_prefetch_wasted=17076 stage2_graph_prefetch_promotion_ratio=0.934644 stage2_graph_issue_width_current=16 stage2_vector_read_waves=131897 avg_stage2_scores_per_vector_wave=145.627876 stage2_vector_unique_reads=9780738 stage2_home_rpc_batches=136316 stage2_home_rpc_items=9145364 avg_stage2_home_rpc_batch=67.089439 stage2_home_score_rpc_batches=37683 stage2_home_score_rpc_items=8732701 stage2_home_score_rpc_queries=162191 stage2_home_score_rpc_request_bytes=274607648 stage2_home_score_rpc_response_bytes=281160032 avg_stage2_home_score_queries_per_rpc=4.304089 avg_stage2_home_score_rpc_batch=231.741130 stage2_home_scored_neighbors=18159543 home_scores_per_expansion=1.985656 stage2_migrations=2579 home_match_rate=0.868940 stage2_final_edges=711300 stage2_cross_edges_stage1_home=131448 stage2_cross_edges_final_home=65138 cross_edge_reduction_ratio=0.504458 failed=0 rpc_timeouts=0 reverse_aggregate_batches=0 reverse_aggregate_logical_requests=0 reverse_aggregate_ops=0 avg_reverse_aggregate_logicals=0.000000 avg_reverse_aggregate_ops=0.000000 max_backlog=11276 admission_window=65536 completion_outstanding=11826 completion_incomplete=11506 completed_behind_hole=320 completion_logical_full_failures=0 completion_physical_full_failures=0 pressure_yields=371564 stage2_batches=2501 avg_stage2_batch_size=7.970412 packing_target_batch=8 packing_admit_queue_avg=4019.016793 packing_admit_queue_max=11276 packing_batch_1_7=26 packing_batch_8=2475 packing_assembly_batches=2501 packing_assembly_wait_ms=19501636.201927 packing_arrival_interval_us=1651 packing_waited_batches=26 packing_wait_ms=463.923000 packing_target_flushes=2475 packing_deadline_flushes=26 packing_cleanup_flushes=0 stage2_phase_search_attempts=2472 stage2_phase_search_task_attempts=19702 stage2_phase_search_elapsed_ms=1382539.467414 avg_stage2_phase_search_us_per_task=70172.544280 stage2_phase_freeze_prune_attempts=3000 stage2_phase_freeze_prune_task_attempts=23908 stage2_phase_freeze_prune_elapsed_ms=107119.757389 avg_stage2_phase_freeze_prune_us_per_task=4480.498469 stage2_phase_reverse_prepare_attempts=2469 stage2_phase_reverse_prepare_task_attempts=19678 stage2_phase_reverse_prepare_elapsed_ms=280417.541071 avg_stage2_phase_reverse_prepare_us_per_task=14250.306996 stage2_phase_placement_authority_attempts=2469 stage2_phase_placement_authority_task_attempts=19678 stage2_phase_placement_authority_elapsed_ms=117079.607026 avg_stage2_phase_placement_authority_us_per_task=5949.771675 stage2_phase_completion_handoff_attempts=2469 stage2_phase_completion_handoff_task_attempts=19678 stage2_phase_completion_handoff_elapsed_ms=6.452814 avg_stage2_phase_completion_handoff_us_per_task=0.327920 stage2_phase_finalize_attempts=2469 stage2_phase_finalize_task_attempts=19678 stage2_phase_finalize_elapsed_ms=28.491230 avg_stage2_phase_finalize_us_per_task=1.447872 maintenance_worker_idle_waits=286144 maintenance_worker_idle_ms=260419.418675 maintenance_lost_wake_avoided=22511 maintenance_targeted_wakes=521169 maintenance_generic_wakes=18286 maintenance_broadcast_wakes=0 maintenance_context_slots_scanned=1610288 maintenance_ready_notifications=359336 maintenance_ready_stale_notifications=69 maintenance_ready_tickets_drained=287676 maintenance_ready_overflow_scans=0 maintenance_ready_fallback_scans=100728 stage2_search_lane_lease_limit=32 stage2_search_lane_lease_peak=22 stage2_search_lane_lease_blocked=0 maintenance_worker_observed_idle_ratio=0.464757 maintenance_worker_observed_busy_ratio=0.535243 physical_stage1_items=31196 physical_stage1_total_ns=132795299843 physical_stage1_search_ns=121538039520 physical_stage1_prune_ns=7659692438 physical_stage1_allocate_write_ns=2678972298 physical_stage1_backlink_ns=570329274 physical_stage1_candidates=3976184 physical_stage1_remote_frontier_items=14082725 physical_stage1_neighbors=1017594 peer_stage1_enqueued=29849 peer_stage1_processed=29840 peer_stage1_items=49636 avg_peer_stage1_items=1.663405 peer_stage1_rate_per_sec=708.662951 peer_stage1_max_queue=34 peer_stage1_active_workers=3 peer_stage2_home_enqueued=121224 peer_stage2_home_processed=121224 peer_stage2_home_items=10270832 avg_peer_stage2_home_items=84.726061 peer_stage2_home_max_queue=34 peer_stage2_home_response_queue_drops=0 peer_stage2_home_response_send_wait_ms=3188.703057 avg_peer_stage2_home_queue_wait_us=91.433047 avg_peer_stage2_home_execution_us=115.056878 peer_stage1_release_deferred_batches=86 peer_stage1_release_deferred_items=143 peer_stage1_duplicate_retry_responses=0 peer_stage1_admission_retry_responses=0 peer_stage1_retry_response_drops=0 peer_stage1_admission_waiters=0 peer_stage1_admission_waiter_items=0 peer_stage1_admission_owned_items=0 peer_stage1_admission_wake_coverage=0 peer_stage1_admission_parked=0 peer_stage1_admission_woken=0 peer_stage1_admission_reparked=0 peer_stage1_max_admission_waiters=0 peer_stage1_duplicate_coalesced=17 peer_reverse_enqueued=7889 peer_reverse_processed=7889 peer_reverse_remaining=0 peer_reverse_items_enqueued=130282 peer_reverse_items_processed=130282 peer_reverse_rate_per_sec=1860.061781 peer_reverse_failed=2 peer_reverse_max_queue=15 reclaim_pending=29 reclaim_reused=2550 dynamic_high_watermark=25746052752 stage2_remaining=11250 cleanup_remaining=0 active_contexts=32 active_context_limit=32 repair_remaining=0 remaining=11506
[STATUS]: storage-owner maintenance observation: enqueued=33720 stage2_enqueued=33719 cleanup_enqueued=0 stage2_tasks_done=20974 stage2_finalized_live=20974 cleanup_processed=0 stale=0 stage2_completion_ratio=0.622023 live_stage2_completion_ratio=0.622023 avg_stage2_delay_ms=9326.710613 p99_stage2_delay_upper_ms=30000.000000 p99_stage2_delay_over_30s=false stage2_delay_histogram=0,0,0,0,0,0,27,82,159,191,623,1429,3504,1814,4026,4444,4675,0 max_stage2_delay_ms=25026.513901 compaction_batch_target=32 compaction_max_delay_ms=25.000000 stage2_rate_per_sec=279.497727 stage1_search_budget_exhausted=0 stage2_search_budget_exhausted=0 stage2_continuations=21230 stage2_remote_frontier_items=9650826 avg_stage2_remote_frontier=454.584362 stage2_remote_expansions=419939 avg_stage2_remote_expansions=19.780452 stage2_scored_candidates=20497509 avg_stage2_scored_candidates=965.497362 stage2_graph_read_waves=124756 avg_stage2_expansions_per_graph_wave=3.366083 stage2_graph_unique_reads=440821 stage2_graph_prefetch_issued=279062 stage2_graph_prefetch_hits=260172 stage2_graph_prefetch_wasted=18404 stage2_graph_prefetch_promotion_ratio=0.933935 stage2_graph_issue_width_current=16 stage2_vector_read_waves=141486 avg_stage2_scores_per_vector_wave=144.873055 stage2_vector_unique_reads=10423772 stage2_home_rpc_batches=145611 stage2_home_rpc_items=9739900 avg_stage2_home_rpc_batch=66.889864 stage2_home_score_rpc_batches=40159 stage2_home_score_rpc_items=9299080 stage2_home_score_rpc_queries=172796 stage2_home_score_rpc_request_bytes=292468784 stage2_home_score_rpc_response_bytes=299399256 avg_stage2_home_score_queries_per_rpc=4.302796 avg_stage2_home_score_rpc_batch=231.556563 stage2_home_scored_neighbors=19372507 home_scores_per_expansion=1.988984 stage2_migrations=2744 home_match_rate=0.869171 stage2_final_edges=757904 stage2_cross_edges_stage1_home=140064 stage2_cross_edges_final_home=69541 cross_edge_reduction_ratio=0.503506 failed=0 rpc_timeouts=0 reverse_aggregate_batches=0 reverse_aggregate_logical_requests=0 reverse_aggregate_ops=0 avg_reverse_aggregate_logicals=0.000000 avg_reverse_aggregate_ops=0.000000 max_backlog=12490 admission_window=65536 completion_outstanding=13010 completion_incomplete=12746 completed_behind_hole=264 completion_logical_full_failures=0 completion_physical_full_failures=0 pressure_yields=401239 stage2_batches=2663 avg_stage2_batch_size=7.972212 packing_target_batch=8 packing_admit_queue_avg=4493.178746 packing_admit_queue_max=12489 packing_batch_1_7=26 packing_batch_8=2637 packing_assembly_batches=2663 packing_assembly_wait_ms=23174174.752394 packing_arrival_interval_us=3758 packing_waited_batches=26 packing_wait_ms=463.923000 packing_target_flushes=2637 packing_deadline_flushes=26 packing_cleanup_flushes=0 stage2_phase_search_attempts=2640 stage2_phase_search_task_attempts=21046 stage2_phase_search_elapsed_ms=1499403.778123 avg_stage2_phase_search_us_per_task=71244.121359 stage2_phase_freeze_prune_attempts=3205 stage2_phase_freeze_prune_task_attempts=25548 stage2_phase_freeze_prune_elapsed_ms=115599.316112 avg_stage2_phase_freeze_prune_us_per_task=4524.789264 stage2_phase_reverse_prepare_attempts=2631 stage2_phase_reverse_prepare_task_attempts=20974 stage2_phase_reverse_prepare_elapsed_ms=299803.354814 avg_stage2_phase_reverse_prepare_us_per_task=14294.047622 stage2_phase_placement_authority_attempts=2631 stage2_phase_placement_authority_task_attempts=20974 stage2_phase_placement_authority_elapsed_ms=125749.847118 avg_stage2_phase_placement_authority_us_per_task=5995.510972 stage2_phase_completion_handoff_attempts=2631 stage2_phase_completion_handoff_task_attempts=20974 stage2_phase_completion_handoff_elapsed_ms=6.911557 avg_stage2_phase_completion_handoff_us_per_task=0.329530 stage2_phase_finalize_attempts=2631 stage2_phase_finalize_task_attempts=20974 stage2_phase_finalize_elapsed_ms=30.549947 avg_stage2_phase_finalize_us_per_task=1.456563 maintenance_worker_idle_waits=308224 maintenance_worker_idle_ms=277085.864197 maintenance_lost_wake_avoided=24036 maintenance_targeted_wakes=558671 maintenance_generic_wakes=19799 maintenance_broadcast_wakes=0 maintenance_context_slots_scanned=1725504 maintenance_ready_notifications=385342 maintenance_ready_stale_notifications=78 maintenance_ready_tickets_drained=308678 maintenance_ready_overflow_scans=0 maintenance_ready_fallback_scans=107912 stage2_search_lane_lease_limit=32 stage2_search_lane_lease_peak=22 stage2_search_lane_lease_blocked=0 maintenance_worker_observed_idle_ratio=0.461553 maintenance_worker_observed_busy_ratio=0.538447 physical_stage1_items=33738 physical_stage1_total_ns=143619394627 physical_stage1_search_ns=131434021972 physical_stage1_prune_ns=8296224156 physical_stage1_allocate_write_ns=2894820857 physical_stage1_backlink_ns=617928976 physical_stage1_candidates=4298264 physical_stage1_remote_frontier_items=15236660 physical_stage1_neighbors=1100808 peer_stage1_enqueued=32350 peer_stage1_processed=32348 peer_stage1_items=53691 avg_peer_stage1_items=1.659793 peer_stage1_rate_per_sec=715.481666 peer_stage1_max_queue=34 peer_stage1_active_workers=3 peer_stage2_home_enqueued=129149 peer_stage2_home_processed=129147 peer_stage2_home_items=10920484 avg_peer_stage2_home_items=84.558557 peer_stage2_home_max_queue=34 peer_stage2_home_response_queue_drops=0 peer_stage2_home_response_send_wait_ms=3457.154636 avg_peer_stage2_home_queue_wait_us=92.177958 avg_peer_stage2_home_execution_us=114.632630 peer_stage1_release_deferred_batches=96 peer_stage1_release_deferred_items=161 peer_stage1_duplicate_retry_responses=0 peer_stage1_admission_retry_responses=0 peer_stage1_retry_response_drops=0 peer_stage1_admission_waiters=0 peer_stage1_admission_waiter_items=0 peer_stage1_admission_owned_items=0 peer_stage1_admission_wake_coverage=0 peer_stage1_admission_parked=0 peer_stage1_admission_woken=0 peer_stage1_admission_reparked=0 peer_stage1_max_admission_waiters=0 peer_stage1_duplicate_coalesced=21 peer_reverse_enqueued=8416 peer_reverse_processed=8416 peer_reverse_remaining=0 peer_reverse_items_enqueued=138684 peer_reverse_items_processed=138684 peer_reverse_rate_per_sec=1848.091102 peer_reverse_failed=2 peer_reverse_max_queue=15 reclaim_pending=22 reclaim_reused=2722 dynamic_high_watermark=25749308304 stage2_remaining=12489 cleanup_remaining=0 active_contexts=32 active_context_limit=32 repair_remaining=0 remaining=12746
[STATUS]: storage-owner maintenance observation: enqueued=36309 stage2_enqueued=36309 cleanup_enqueued=0 stage2_tasks_done=22406 stage2_finalized_live=22406 cleanup_processed=0 stale=0 stage2_completion_ratio=0.617092 live_stage2_completion_ratio=0.617092 avg_stage2_delay_ms=10372.016461 p99_stage2_delay_upper_ms=30000.000000 p99_stage2_delay_over_30s=false stage2_delay_histogram=0,0,0,0,0,0,27,82,159,191,623,1429,3504,1814,4026,4444,6107,0 max_stage2_delay_ms=27344.272067 compaction_batch_target=32 compaction_max_delay_ms=25.000000 stage2_rate_per_sec=279.927924 stage1_search_budget_exhausted=0 stage2_search_budget_exhausted=0 stage2_continuations=22646 stage2_remote_frontier_items=10294830 avg_stage2_remote_frontier=454.598163 stage2_remote_expansions=447137 avg_stage2_remote_expansions=19.744635 stage2_scored_candidates=21800957 avg_stage2_scored_candidates=962.684668 stage2_graph_read_waves=132980 avg_stage2_expansions_per_graph_wave=3.362438 stage2_graph_unique_reads=468695 stage2_graph_prefetch_issued=296233 stage2_graph_prefetch_hits=276050 stage2_graph_prefetch_wasted=19839 stage2_graph_prefetch_promotion_ratio=0.932951 stage2_graph_issue_width_current=16 stage2_vector_read_waves=150522 avg_stage2_scores_per_vector_wave=144.835685 stage2_vector_unique_reads=11099867 stage2_home_rpc_batches=155488 stage2_home_rpc_items=10374799 avg_stage2_home_rpc_batch=66.724114 stage2_home_score_rpc_batches=42809 stage2_home_score_rpc_items=9906104 stage2_home_score_rpc_queries=184319 stage2_home_score_rpc_request_bytes=311654312 stage2_home_score_rpc_response_bytes=318945648 avg_stage2_home_score_queries_per_rpc=4.305613 avg_stage2_home_score_rpc_batch=231.402369 stage2_home_scored_neighbors=20606815 home_scores_per_expansion=1.986238 stage2_migrations=2913 home_match_rate=0.869990 stage2_final_edges=810142 stage2_cross_edges_stage1_home=149071 stage2_cross_edges_final_home=73952 cross_edge_reduction_ratio=0.503914 failed=0 rpc_timeouts=0 reverse_aggregate_batches=0 reverse_aggregate_logical_requests=0 reverse_aggregate_ops=0 avg_reverse_aggregate_logicals=0.000000 avg_reverse_aggregate_ops=0.000000 max_backlog=13685 admission_window=65536 completion_outstanding=14103 completion_incomplete=13903 completed_behind_hole=200 completion_logical_full_failures=0 completion_physical_full_failures=0 pressure_yields=428979 stage2_batches=2840 avg_stage2_batch_size=7.973944 packing_target_batch=8 packing_admit_queue_avg=5032.619366 packing_admit_queue_max=13685 packing_batch_1_7=26 packing_batch_8=2814 packing_assembly_batches=2840 packing_assembly_wait_ms=27629766.942320 packing_arrival_interval_us=1999 packing_waited_batches=26 packing_wait_ms=463.923000 packing_target_flushes=2814 packing_deadline_flushes=26 packing_cleanup_flushes=0 stage2_phase_search_attempts=2818 stage2_phase_search_task_attempts=22470 stage2_phase_search_elapsed_ms=1615768.282994 avg_stage2_phase_search_us_per_task=71907.800756 stage2_phase_freeze_prune_attempts=3410 stage2_phase_freeze_prune_task_attempts=27188 stage2_phase_freeze_prune_elapsed_ms=124660.097594 avg_stage2_phase_freeze_prune_us_per_task=4585.114668 stage2_phase_reverse_prepare_attempts=2816 stage2_phase_reverse_prepare_task_attempts=22454 stage2_phase_reverse_prepare_elapsed_ms=327764.807179 avg_stage2_phase_reverse_prepare_us_per_task=14597.167862 stage2_phase_placement_authority_attempts=2810 stage2_phase_placement_authority_task_attempts=22406 stage2_phase_placement_authority_elapsed_ms=136282.485889 avg_stage2_phase_placement_authority_us_per_task=6082.410332 stage2_phase_completion_handoff_attempts=2810 stage2_phase_completion_handoff_task_attempts=22406 stage2_phase_completion_handoff_elapsed_ms=7.435945 avg_stage2_phase_completion_handoff_us_per_task=0.331873 stage2_phase_finalize_attempts=2810 stage2_phase_finalize_task_attempts=22406 stage2_phase_finalize_elapsed_ms=32.826044 avg_stage2_phase_finalize_us_per_task=1.465056 maintenance_worker_idle_waits=328832 maintenance_worker_idle_ms=292094.621127 maintenance_lost_wake_avoided=25291 maintenance_targeted_wakes=592429 maintenance_generic_wakes=21336 maintenance_broadcast_wakes=0 maintenance_context_slots_scanned=1819168 maintenance_ready_notifications=410720 maintenance_ready_stale_notifications=84 maintenance_ready_tickets_drained=328963 maintenance_ready_overflow_scans=0 maintenance_ready_fallback_scans=113782 stage2_search_lane_lease_limit=32 stage2_search_lane_lease_peak=22 stage2_search_lane_lease_blocked=0 maintenance_worker_observed_idle_ratio=0.456158 maintenance_worker_observed_busy_ratio=0.543842 physical_stage1_items=36328 physical_stage1_total_ns=154614387544 physical_stage1_search_ns=141506367638 physical_stage1_prune_ns=8939967931 physical_stage1_allocate_write_ns=3096473156 physical_stage1_backlink_ns=666856188 physical_stage1_candidates=4625842 physical_stage1_remote_frontier_items=16406344 physical_stage1_neighbors=1185945 peer_stage1_enqueued=34874 peer_stage1_processed=34867 peer_stage1_items=57845 avg_peer_stage1_items=1.659019 peer_stage1_rate_per_sec=722.682797 peer_stage1_max_queue=34 peer_stage1_active_workers=3 peer_stage2_home_enqueued=136237 peer_stage2_home_processed=136237 peer_stage2_home_items=11543341 avg_peer_stage2_home_items=84.729853 peer_stage2_home_max_queue=34 peer_stage2_home_response_queue_drops=0 peer_stage2_home_response_send_wait_ms=3587.148942 avg_peer_stage2_home_queue_wait_us=92.104900 avg_peer_stage2_home_execution_us=114.593529 peer_stage1_release_deferred_batches=105 peer_stage1_release_deferred_items=173 peer_stage1_duplicate_retry_responses=0 peer_stage1_admission_retry_responses=0 peer_stage1_retry_response_drops=0 peer_stage1_admission_waiters=0 peer_stage1_admission_waiter_items=0 peer_stage1_admission_owned_items=0 peer_stage1_admission_wake_coverage=0 peer_stage1_admission_parked=0 peer_stage1_admission_woken=0 peer_stage1_admission_reparked=0 peer_stage1_max_admission_waiters=0 peer_stage1_duplicate_coalesced=22 peer_reverse_enqueued=8893 peer_reverse_processed=8892 peer_reverse_remaining=1 peer_reverse_items_enqueued=146681 peer_reverse_items_processed=146575 peer_reverse_rate_per_sec=1831.225359 peer_reverse_failed=4 peer_reverse_max_queue=15 reclaim_pending=7 reclaim_reused=2906 dynamic_high_watermark=25752607920 stage2_remaining=13663 cleanup_remaining=0 active_contexts=30 active_context_limit=32 repair_remaining=0 remaining=13903
[STATUS]: storage-owner maintenance observation: enqueued=39089 stage2_enqueued=39087 cleanup_enqueued=0 stage2_tasks_done=23678 stage2_finalized_live=23678 cleanup_processed=0 stale=0 stage2_completion_ratio=0.605777 live_stage2_completion_ratio=0.605777 avg_stage2_delay_ms=11310.120454 p99_stage2_delay_upper_ms=30000.000000 p99_stage2_delay_over_30s=false stage2_delay_histogram=0,0,0,0,0,0,27,82,159,191,623,1429,3504,1814,4026,4444,7379,0 max_stage2_delay_ms=29687.785514 compaction_batch_target=32 compaction_max_delay_ms=25.000000 stage2_rate_per_sec=278.420542 stage1_search_budget_exhausted=0 stage2_search_budget_exhausted=0 stage2_continuations=23934 stage2_remote_frontier_items=10911874 avg_stage2_remote_frontier=455.915183 stage2_remote_expansions=471580 avg_stage2_remote_expansions=19.703351 stage2_scored_candidates=23114433 avg_stage2_scored_candidates=965.757207 stage2_graph_read_waves=140388 avg_stage2_expansions_per_graph_wave=3.359119 stage2_graph_unique_reads=495864 stage2_graph_prefetch_issued=313781 stage2_graph_prefetch_hits=292451 stage2_graph_prefetch_wasted=20870 stage2_graph_prefetch_promotion_ratio=0.933391 stage2_graph_issue_width_current=16 stage2_vector_read_waves=160131 avg_stage2_scores_per_vector_wave=144.347022 stage2_vector_unique_reads=11776628 stage2_home_rpc_batches=164075 stage2_home_rpc_items=10997013 avg_stage2_home_rpc_batch=67.024306 stage2_home_score_rpc_batches=45405 stage2_home_score_rpc_items=10501149 stage2_home_score_rpc_queries=195339 stage2_home_score_rpc_request_bytes=330411592 stage2_home_score_rpc_response_bytes=338110840 avg_stage2_home_score_queries_per_rpc=4.302147 avg_stage2_home_score_rpc_batch=231.277370 stage2_home_scored_neighbors=21838526 home_scores_per_expansion=1.985860 stage2_migrations=3064 home_match_rate=0.870597 stage2_final_edges=857088 stage2_cross_edges_stage1_home=157559 stage2_cross_edges_final_home=78488 cross_edge_reduction_ratio=0.501850 failed=0 rpc_timeouts=0 reverse_aggregate_batches=0 reverse_aggregate_logical_requests=0 reverse_aggregate_ops=0 avg_reverse_aggregate_logicals=0.000000 avg_reverse_aggregate_ops=0.000000 max_backlog=15171 admission_window=65536 completion_outstanding=15891 completion_incomplete=15411 completed_behind_hole=480 completion_logical_full_failures=0 completion_physical_full_failures=0 pressure_yields=458327 stage2_batches=3001 avg_stage2_batch_size=7.975342 packing_target_batch=8 packing_admit_queue_avg=5534.354548 packing_admit_queue_max=15171 packing_batch_1_7=26 packing_batch_8=2975 packing_assembly_batches=3001 packing_assembly_wait_ms=32031694.618431 packing_arrival_interval_us=1940 packing_waited_batches=26 packing_wait_ms=463.923000 packing_target_flushes=2975 packing_deadline_flushes=26 packing_cleanup_flushes=0 stage2_phase_search_attempts=2979 stage2_phase_search_task_attempts=23758 stage2_phase_search_elapsed_ms=1725125.557771 avg_stage2_phase_search_us_per_task=72612.406674 stage2_phase_freeze_prune_attempts=3632 stage2_phase_freeze_prune_task_attempts=28964 stage2_phase_freeze_prune_elapsed_ms=133884.922406 avg_stage2_phase_freeze_prune_us_per_task=4622.459688 stage2_phase_reverse_prepare_attempts=2970 stage2_phase_reverse_prepare_task_attempts=23686 stage2_phase_reverse_prepare_elapsed_ms=350501.876622 avg_stage2_phase_reverse_prepare_us_per_task=14797.850064 stage2_phase_placement_authority_attempts=2969 stage2_phase_placement_authority_task_attempts=23678 stage2_phase_placement_authority_elapsed_ms=144859.129268 avg_stage2_phase_placement_authority_us_per_task=6117.878591 stage2_phase_completion_handoff_attempts=2969 stage2_phase_completion_handoff_task_attempts=23678 stage2_phase_completion_handoff_elapsed_ms=7.874280 avg_stage2_phase_completion_handoff_us_per_task=0.332557 stage2_phase_finalize_attempts=2969 stage2_phase_finalize_task_attempts=23678 stage2_phase_finalize_elapsed_ms=34.735393 avg_stage2_phase_finalize_us_per_task=1.466990 maintenance_worker_idle_waits=350272 maintenance_worker_idle_ms=307432.130471 maintenance_lost_wake_avoided=26890 maintenance_targeted_wakes=629791 maintenance_generic_wakes=22978 maintenance_broadcast_wakes=0 maintenance_context_slots_scanned=1946496 maintenance_ready_notifications=435392 maintenance_ready_stale_notifications=93 maintenance_ready_tickets_drained=348718 maintenance_ready_overflow_scans=0 maintenance_ready_fallback_scans=121813 stage2_search_lane_lease_limit=32 stage2_search_lane_lease_peak=23 stage2_search_lane_lease_blocked=0 maintenance_worker_observed_idle_ratio=0.451872 maintenance_worker_observed_busy_ratio=0.548128 physical_stage1_items=39097 physical_stage1_total_ns=165968012403 physical_stage1_search_ns=151937284895 physical_stage1_prune_ns=9598056205 physical_stage1_allocate_write_ns=3278021268 physical_stage1_backlink_ns=718325162 physical_stage1_candidates=4975626 physical_stage1_remote_frontier_items=17634385 physical_stage1_neighbors=1274824 peer_stage1_enqueued=37558 peer_stage1_processed=37558 peer_stage1_items=62314 avg_peer_stage1_items=1.659141 peer_stage1_rate_per_sec=732.726482 peer_stage1_max_queue=34 peer_stage1_active_workers=0 peer_stage2_home_enqueued=143805 peer_stage2_home_processed=143805 peer_stage2_home_items=12176991 avg_peer_stage2_home_items=84.677104 peer_stage2_home_max_queue=34 peer_stage2_home_response_queue_drops=0 peer_stage2_home_response_send_wait_ms=3770.562826 avg_peer_stage2_home_queue_wait_us=95.507741 avg_peer_stage2_home_execution_us=114.474832 peer_stage1_release_deferred_batches=110 peer_stage1_release_deferred_items=181 peer_stage1_duplicate_retry_responses=0 peer_stage1_admission_retry_responses=0 peer_stage1_retry_response_drops=0 peer_stage1_admission_waiters=0 peer_stage1_admission_waiter_items=0 peer_stage1_admission_owned_items=0 peer_stage1_admission_wake_coverage=0 peer_stage1_admission_parked=0 peer_stage1_admission_woken=0 peer_stage1_admission_reparked=0 peer_stage1_max_admission_waiters=0 peer_stage1_duplicate_coalesced=24 peer_reverse_enqueued=9383 peer_reverse_processed=9383 peer_reverse_remaining=0 peer_reverse_items_enqueued=154875 peer_reverse_items_processed=154875 peer_reverse_rate_per_sec=1821.115863 peer_reverse_failed=4 peer_reverse_max_queue=15 reclaim_pending=43 reclaim_reused=3021 dynamic_high_watermark=25756226352 stage2_remaining=15153 cleanup_remaining=0 active_contexts=32 active_context_limit=32 repair_remaining=0 remaining=15411
[STATUS]: storage-owner maintenance observation: enqueued=41715 stage2_enqueued=41714 cleanup_enqueued=0 stage2_tasks_done=25094 stage2_finalized_live=25094 cleanup_processed=0 stale=0 stage2_completion_ratio=0.601573 live_stage2_completion_ratio=0.601573 avg_stage2_delay_ms=12371.816856 p99_stage2_delay_upper_ms=30000.000000 p99_stage2_delay_over_30s=true stage2_delay_histogram=0,0,0,0,0,0,27,82,159,191,623,1429,3504,1814,4026,4444,8060,735 max_stage2_delay_ms=32460.431608 compaction_batch_target=32 compaction_max_delay_ms=25.000000 stage2_rate_per_sec=278.685876 stage1_search_budget_exhausted=0 stage2_search_budget_exhausted=0 stage2_continuations=25350 stage2_remote_frontier_items=11518014 avg_stage2_remote_frontier=454.359527 stage2_remote_expansions=497598 avg_stage2_remote_expansions=19.629112 stage2_scored_candidates=24404863 avg_stage2_scored_candidates=962.716489 stage2_graph_read_waves=148392 avg_stage2_expansions_per_graph_wave=3.353267 stage2_graph_unique_reads=523415 stage2_graph_prefetch_issued=330654 stage2_graph_prefetch_hits=308009 stage2_graph_prefetch_wasted=22070 stage2_graph_prefetch_promotion_ratio=0.933137 stage2_graph_issue_width_current=16 stage2_vector_read_waves=168699 avg_stage2_scores_per_vector_wave=144.665131 stage2_vector_unique_reads=12436179 stage2_home_rpc_batches=172899 stage2_home_rpc_items=11617887 avg_stage2_home_rpc_batch=67.194645 stage2_home_score_rpc_batches=48029 stage2_home_score_rpc_items=11094475 stage2_home_score_rpc_queries=206541 stage2_home_score_rpc_request_bytes=349157208 stage2_home_score_rpc_response_bytes=357219912 avg_stage2_home_score_queries_per_rpc=4.300339 avg_stage2_home_score_rpc_batch=230.995336 stage2_home_scored_neighbors=23062695 home_scores_per_expansion=1.985102 stage2_migrations=3234 home_match_rate=0.871125 stage2_final_edges=908314 stage2_cross_edges_stage1_home=166281 stage2_cross_edges_final_home=82578 cross_edge_reduction_ratio=0.503383 failed=0 rpc_timeouts=0 reverse_aggregate_batches=0 reverse_aggregate_logical_requests=0 reverse_aggregate_ops=0 avg_reverse_aggregate_logicals=0.000000 avg_reverse_aggregate_ops=0.000000 max_backlog=16364 admission_window=65536 completion_outstanding=17028 completion_incomplete=16620 completed_behind_hole=408 completion_logical_full_failures=0 completion_physical_full_failures=0 pressure_yields=484658 stage2_batches=3178 avg_stage2_batch_size=7.976715 packing_target_batch=8 packing_admit_queue_avg=6098.941158 packing_admit_queue_max=16336 packing_batch_1_7=26 packing_batch_8=3152 packing_assembly_batches=3178 packing_assembly_wait_ms=37284109.505679 packing_arrival_interval_us=2575 packing_waited_batches=26 packing_wait_ms=463.923000 packing_target_flushes=3152 packing_deadline_flushes=26 packing_cleanup_flushes=0 stage2_phase_search_attempts=3154 stage2_phase_search_task_attempts=25158 stage2_phase_search_elapsed_ms=1838288.741841 avg_stage2_phase_search_us_per_task=73069.748861 stage2_phase_freeze_prune_attempts=3856 stage2_phase_freeze_prune_task_attempts=30756 stage2_phase_freeze_prune_elapsed_ms=142864.164762 avg_stage2_phase_freeze_prune_us_per_task=4645.082740 stage2_phase_reverse_prepare_attempts=3150 stage2_phase_reverse_prepare_task_attempts=25126 stage2_phase_reverse_prepare_elapsed_ms=371949.452841 avg_stage2_phase_reverse_prepare_us_per_task=14803.369133 stage2_phase_placement_authority_attempts=3146 stage2_phase_placement_authority_task_attempts=25094 stage2_phase_placement_authority_elapsed_ms=153055.349521 avg_stage2_phase_placement_authority_us_per_task=6099.280685 stage2_phase_completion_handoff_attempts=3146 stage2_phase_completion_handoff_task_attempts=25094 stage2_phase_completion_handoff_elapsed_ms=8.382584 avg_stage2_phase_completion_handoff_us_per_task=0.334047 stage2_phase_finalize_attempts=3146 stage2_phase_finalize_task_attempts=25094 stage2_phase_finalize_elapsed_ms=37.026383 avg_stage2_phase_finalize_us_per_task=1.475507 maintenance_worker_idle_waits=370048 maintenance_worker_idle_ms=323986.553428 maintenance_lost_wake_avoided=28167 maintenance_targeted_wakes=663964 maintenance_generic_wakes=24542 maintenance_broadcast_wakes=0 maintenance_context_slots_scanned=2047088 maintenance_ready_notifications=459933 maintenance_ready_stale_notifications=102 maintenance_ready_tickets_drained=368025 maintenance_ready_overflow_scans=0 maintenance_ready_fallback_scans=128031 stage2_search_lane_lease_limit=32 stage2_search_lane_lease_peak=23 stage2_search_lane_lease_blocked=0 maintenance_worker_observed_idle_ratio=0.449761 maintenance_worker_observed_busy_ratio=0.550239 physical_stage1_items=41729 physical_stage1_total_ns=177308340172 physical_stage1_search_ns=162328203296 physical_stage1_prune_ns=10247130867 physical_stage1_allocate_write_ns=3504082263 physical_stage1_backlink_ns=763988276 physical_stage1_candidates=5308706 physical_stage1_remote_frontier_items=18884578 physical_stage1_neighbors=1361488 peer_stage1_enqueued=40111 peer_stage1_processed=40108 peer_stage1_items=66519 avg_peer_stage1_items=1.658497 peer_stage1_rate_per_sec=738.738574 peer_stage1_max_queue=39 peer_stage1_active_workers=3 peer_stage2_home_enqueued=151294 peer_stage2_home_processed=151294 peer_stage2_home_items=12809250 avg_peer_stage2_home_items=84.664626 peer_stage2_home_max_queue=34 peer_stage2_home_response_queue_drops=0 peer_stage2_home_response_send_wait_ms=4053.076593 avg_peer_stage2_home_queue_wait_us=98.110094 avg_peer_stage2_home_execution_us=114.286917 peer_stage1_release_deferred_batches=114 peer_stage1_release_deferred_items=186 peer_stage1_duplicate_retry_responses=0 peer_stage1_admission_retry_responses=0 peer_stage1_retry_response_drops=0 peer_stage1_admission_waiters=0 peer_stage1_admission_waiter_items=0 peer_stage1_admission_owned_items=0 peer_stage1_admission_wake_coverage=0 peer_stage1_admission_parked=0 peer_stage1_admission_woken=0 peer_stage1_admission_reparked=0 peer_stage1_max_admission_waiters=0 peer_stage1_duplicate_coalesced=24 peer_reverse_enqueued=9893 peer_reverse_processed=9889 peer_reverse_remaining=4 peer_reverse_items_enqueued=163131 peer_reverse_items_processed=163011 peer_reverse_rate_per_sec=1810.347626 peer_reverse_failed=4 peer_reverse_max_queue=15 reclaim_pending=31 reclaim_reused=3203 dynamic_high_watermark=25759586880 stage2_remaining=16364 cleanup_remaining=0 active_contexts=32 active_context_limit=32 repair_remaining=0 remaining=16620
[STATUS]: storage-owner maintenance observation: enqueued=44376 stage2_enqueued=44375 cleanup_enqueued=0 stage2_tasks_done=26542 stage2_finalized_live=26542 cleanup_processed=0 stale=0 stage2_completion_ratio=0.598130 live_stage2_completion_ratio=0.598130 avg_stage2_delay_ms=13483.073626 p99_stage2_delay_upper_ms=30000.000000 p99_stage2_delay_over_30s=true stage2_delay_histogram=0,0,0,0,0,0,27,82,159,191,623,1429,3504,1814,4026,4444,8060,2183 max_stage2_delay_ms=34708.726442 compaction_batch_target=32 compaction_max_delay_ms=25.000000 stage2_rate_per_sec=279.259636 stage1_search_budget_exhausted=0 stage2_search_budget_exhausted=0 stage2_continuations=26798 stage2_remote_frontier_items=12161967 avg_stage2_remote_frontier=453.838607 stage2_remote_expansions=524776 avg_stage2_remote_expansions=19.582655 stage2_scored_candidates=25688284 avg_stage2_scored_candidates=958.589596 stage2_graph_read_waves=156237 avg_stage2_expansions_per_graph_wave=3.358846 stage2_graph_unique_reads=550622 stage2_graph_prefetch_issued=347967 stage2_graph_prefetch_hits=324227 stage2_graph_prefetch_wasted=23307 stage2_graph_prefetch_promotion_ratio=0.932936 stage2_graph_issue_width_current=16 stage2_vector_read_waves=177863 avg_stage2_scores_per_vector_wave=144.427363 stage2_vector_unique_reads=13106515 stage2_home_rpc_batches=181860 stage2_home_rpc_items=12244046 avg_stage2_home_rpc_batch=67.326768 stage2_home_score_rpc_batches=50634 stage2_home_score_rpc_items=11693426 stage2_home_score_rpc_queries=217920 stage2_home_score_rpc_request_bytes=368101848 stage2_home_score_rpc_response_bytes=376506416 avg_stage2_home_score_queries_per_rpc=4.303827 avg_stage2_home_score_rpc_batch=230.940198 stage2_home_scored_neighbors=24274652 home_scores_per_expansion=1.982568 stage2_migrations=3408 home_match_rate=0.871600 stage2_final_edges=960408 stage2_cross_edges_stage1_home=175658 stage2_cross_edges_final_home=87365 cross_edge_reduction_ratio=0.502641 failed=0 rpc_timeouts=0 reverse_aggregate_batches=0 reverse_aggregate_logical_requests=0 reverse_aggregate_ops=0 avg_reverse_aggregate_logicals=0.000000 avg_reverse_aggregate_ops=0.000000 max_backlog=17602 admission_window=65536 completion_outstanding=18282 completion_incomplete=17834 completed_behind_hole=448 completion_logical_full_failures=0 completion_physical_full_failures=0 pressure_yields=512798 stage2_batches=3359 avg_stage2_batch_size=7.977970 packing_target_batch=8 packing_admit_queue_avg=6686.994344 packing_admit_queue_max=17602 packing_batch_1_7=26 packing_batch_8=3333 packing_assembly_batches=3359 packing_assembly_wait_ms=43125535.347264 packing_arrival_interval_us=3945 packing_waited_batches=26 packing_wait_ms=463.923000 packing_target_flushes=3333 packing_deadline_flushes=26 packing_cleanup_flushes=0 stage2_phase_search_attempts=3333 stage2_phase_search_task_attempts=26590 stage2_phase_search_elapsed_ms=1964665.826800 avg_stage2_phase_search_us_per_task=73887.394765 stage2_phase_freeze_prune_attempts=4062 stage2_phase_freeze_prune_task_attempts=32404 stage2_phase_freeze_prune_elapsed_ms=152049.060068 avg_stage2_phase_freeze_prune_us_per_task=4692.292929 stage2_phase_reverse_prepare_attempts=3329 stage2_phase_reverse_prepare_task_attempts=26558 stage2_phase_reverse_prepare_elapsed_ms=393666.492408 avg_stage2_phase_reverse_prepare_us_per_task=14822.896770 stage2_phase_placement_authority_attempts=3327 stage2_phase_placement_authority_task_attempts=26542 stage2_phase_placement_authority_elapsed_ms=162130.720563 avg_stage2_phase_placement_authority_us_per_task=6108.459067 stage2_phase_completion_handoff_attempts=3327 stage2_phase_completion_handoff_task_attempts=26542 stage2_phase_completion_handoff_elapsed_ms=8.884795 avg_stage2_phase_completion_handoff_us_per_task=0.334745 stage2_phase_finalize_attempts=3327 stage2_phase_finalize_task_attempts=26542 stage2_phase_finalize_elapsed_ms=39.320183 avg_stage2_phase_finalize_us_per_task=1.481433 maintenance_worker_idle_waits=390976 maintenance_worker_idle_ms=339593.220009 maintenance_lost_wake_avoided=29616 maintenance_targeted_wakes=699488 maintenance_generic_wakes=26133 maintenance_broadcast_wakes=0 maintenance_context_slots_scanned=2157904 maintenance_ready_notifications=484758 maintenance_ready_stale_notifications=112 maintenance_ready_tickets_drained=387727 maintenance_ready_overflow_scans=0 maintenance_ready_fallback_scans=134945 stage2_search_lane_lease_limit=32 stage2_search_lane_lease_peak=23 stage2_search_lane_lease_blocked=0 maintenance_worker_observed_idle_ratio=0.446626 maintenance_worker_observed_busy_ratio=0.553374 physical_stage1_items=44391 physical_stage1_total_ns=188411710537 physical_stage1_search_ns=172509590502 physical_stage1_prune_ns=10895846317 physical_stage1_allocate_write_ns=3700983995 physical_stage1_backlink_ns=812053219 physical_stage1_candidates=5644148 physical_stage1_remote_frontier_items=20070487 physical_stage1_neighbors=1447530 peer_stage1_enqueued=42689 peer_stage1_processed=42683 peer_stage1_items=70765 avg_peer_stage1_items=1.657920 peer_stage1_rate_per_sec=744.548569 peer_stage1_max_queue=39 peer_stage1_active_workers=3 peer_stage2_home_enqueued=158625 peer_stage2_home_processed=158625 peer_stage2_home_items=13443240 avg_peer_stage2_home_items=84.748558 peer_stage2_home_max_queue=34 peer_stage2_home_response_queue_drops=0 peer_stage2_home_response_send_wait_ms=4226.801238 avg_peer_stage2_home_queue_wait_us=98.915560 avg_peer_stage2_home_execution_us=114.246969 peer_stage1_release_deferred_batches=120 peer_stage1_release_deferred_items=196 peer_stage1_duplicate_retry_responses=0 peer_stage1_admission_retry_responses=0 peer_stage1_retry_response_drops=0 peer_stage1_admission_waiters=0 peer_stage1_admission_waiter_items=0 peer_stage1_admission_owned_items=0 peer_stage1_admission_wake_coverage=0 peer_stage1_admission_parked=0 peer_stage1_admission_woken=0 peer_stage1_admission_reparked=0 peer_stage1_max_admission_waiters=0 peer_stage1_duplicate_coalesced=24 peer_reverse_enqueued=10413 peer_reverse_processed=10409 peer_reverse_remaining=4 peer_reverse_items_enqueued=172086 peer_reverse_items_processed=171975 peer_reverse_rate_per_sec=1809.421892 peer_reverse_failed=4 peer_reverse_max_queue=15 reclaim_pending=46 reclaim_reused=3362 dynamic_high_watermark=25763035536 stage2_remaining=17577 cleanup_remaining=0 active_contexts=32 active_context_limit=32 repair_remaining=0 remaining=17834
[STATUS]: storage-owner maintenance observation: enqueued=47001 stage2_enqueued=47001 cleanup_enqueued=0 stage2_tasks_done=27982 stage2_finalized_live=27982 cleanup_processed=0 stale=0 stage2_completion_ratio=0.595349 live_stage2_completion_ratio=0.595349 avg_stage2_delay_ms=14590.921370 p99_stage2_delay_upper_ms=30000.000000 p99_stage2_delay_over_30s=true stage2_delay_histogram=0,0,0,0,0,0,27,82,159,191,623,1429,3504,1814,4026,4444,8060,3623 max_stage2_delay_ms=36727.391040 compaction_batch_target=32 compaction_max_delay_ms=25.000000 stage2_rate_per_sec=279.695217 stage1_search_budget_exhausted=0 stage2_search_budget_exhausted=0 stage2_continuations=28230 stage2_remote_frontier_items=12809058 avg_stage2_remote_frontier=453.739214 stage2_remote_expansions=553742 avg_stage2_remote_expansions=19.615374 stage2_scored_candidates=27054588 avg_stage2_scored_candidates=958.363018 stage2_graph_read_waves=164825 avg_stage2_expansions_per_graph_wave=3.359575 stage2_graph_unique_reads=580514 stage2_graph_prefetch_issued=366729 stage2_graph_prefetch_hits=341713 stage2_graph_prefetch_wasted=24595 stage2_graph_prefetch_promotion_ratio=0.932857 stage2_graph_issue_width_current=16 stage2_vector_read_waves=187757 avg_stage2_scores_per_vector_wave=144.093632 stage2_vector_unique_reads=13811460 stage2_home_rpc_batches=192024 stage2_home_rpc_items=12898365 avg_stage2_home_rpc_batch=67.170588 stage2_home_score_rpc_batches=53354 stage2_home_score_rpc_items=12317851 stage2_home_score_rpc_queries=229582 stage2_home_score_rpc_request_bytes=387789496 stage2_home_score_rpc_response_bytes=396615216 avg_stage2_home_score_queries_per_rpc=4.302995 avg_stage2_home_score_rpc_batch=230.870244 stage2_home_scored_neighbors=25560372 home_scores_per_expansion=1.981675 stage2_migrations=3583 home_match_rate=0.871953 stage2_final_edges=1012165 stage2_cross_edges_stage1_home=184471 stage2_cross_edges_final_home=91874 cross_edge_reduction_ratio=0.501960 failed=0 rpc_timeouts=0 reverse_aggregate_batches=0 reverse_aggregate_logical_requests=0 reverse_aggregate_ops=0 avg_reverse_aggregate_logicals=0.000000 avg_reverse_aggregate_ops=0.000000 max_backlog=18775 admission_window=65536 completion_outstanding=19467 completion_incomplete=19019 completed_behind_hole=448 completion_logical_full_failures=0 completion_physical_full_failures=0 pressure_yields=542750 stage2_batches=3538 avg_stage2_batch_size=7.979084 packing_target_batch=8 packing_admit_queue_avg=7268.916054 packing_admit_queue_max=18775 packing_batch_1_7=26 packing_batch_8=3512 packing_assembly_batches=3538 packing_assembly_wait_ms=49309905.126820 packing_arrival_interval_us=2410 packing_waited_batches=26 packing_wait_ms=463.923000 packing_target_flushes=3512 packing_deadline_flushes=26 packing_cleanup_flushes=0 stage2_phase_search_attempts=3515 stage2_phase_search_task_attempts=28046 stage2_phase_search_elapsed_ms=2081686.956470 avg_stage2_phase_search_us_per_task=74224.023264 stage2_phase_freeze_prune_attempts=4281 stage2_phase_freeze_prune_task_attempts=34156 stage2_phase_freeze_prune_elapsed_ms=160595.966074 avg_stage2_phase_freeze_prune_us_per_task=4701.837630 stage2_phase_reverse_prepare_attempts=3508 stage2_phase_reverse_prepare_task_attempts=27990 stage2_phase_reverse_prepare_elapsed_ms=416513.783120 avg_stage2_phase_reverse_prepare_us_per_task=14880.806828 stage2_phase_placement_authority_attempts=3507 stage2_phase_placement_authority_task_attempts=27982 stage2_phase_placement_authority_elapsed_ms=170962.239809 avg_stage2_phase_placement_authority_us_per_task=6109.721957 stage2_phase_completion_handoff_attempts=3507 stage2_phase_completion_handoff_task_attempts=27982 stage2_phase_completion_handoff_elapsed_ms=9.406458 avg_stage2_phase_completion_handoff_us_per_task=0.336161 stage2_phase_finalize_attempts=3507 stage2_phase_finalize_task_attempts=27982 stage2_phase_finalize_elapsed_ms=41.531239 avg_stage2_phase_finalize_us_per_task=1.484213 maintenance_worker_idle_waits=413056 maintenance_worker_idle_ms=355744.947296 maintenance_lost_wake_avoided=31063 maintenance_targeted_wakes=737255 maintenance_generic_wakes=27691 maintenance_broadcast_wakes=0 maintenance_context_slots_scanned=2266368 maintenance_ready_notifications=511830 maintenance_ready_stale_notifications=120 maintenance_ready_tickets_drained=409287 maintenance_ready_overflow_scans=0 maintenance_ready_fallback_scans=141705 stage2_search_lane_lease_limit=32 stage2_search_lane_lease_peak=23 stage2_search_lane_lease_blocked=0 maintenance_worker_observed_idle_ratio=0.444483 maintenance_worker_observed_busy_ratio=0.555517 physical_stage1_items=47014 physical_stage1_total_ns=199492654269 physical_stage1_search_ns=182640976423 physical_stage1_prune_ns=11535927683 physical_stage1_allocate_write_ns=3932619198 physical_stage1_backlink_ns=861267191 physical_stage1_candidates=5974795 physical_stage1_remote_frontier_items=21239670 physical_stage1_neighbors=1533067 peer_stage1_enqueued=45314 peer_stage1_processed=45292 peer_stage1_items=75021 avg_peer_stage1_items=1.656385 peer_stage1_rate_per_sec=749.875451 peer_stage1_max_queue=39 peer_stage1_active_workers=3 peer_stage2_home_enqueued=166198 peer_stage2_home_processed=166198 peer_stage2_home_items=14130093 avg_peer_stage2_home_items=85.019633 peer_stage2_home_max_queue=34 peer_stage2_home_response_queue_drops=0 peer_stage2_home_response_send_wait_ms=4456.011918 avg_peer_stage2_home_queue_wait_us=99.702315 avg_peer_stage2_home_execution_us=114.313399 peer_stage1_release_deferred_batches=131 peer_stage1_release_deferred_items=212 peer_stage1_duplicate_retry_responses=0 peer_stage1_admission_retry_responses=0 peer_stage1_retry_response_drops=0 peer_stage1_admission_waiters=0 peer_stage1_admission_waiter_items=0 peer_stage1_admission_owned_items=0 peer_stage1_admission_wake_coverage=0 peer_stage1_admission_parked=0 peer_stage1_admission_woken=0 peer_stage1_admission_reparked=0 peer_stage1_max_admission_waiters=0 peer_stage1_duplicate_coalesced=26 peer_reverse_enqueued=10903 peer_reverse_processed=10901 peer_reverse_remaining=2 peer_reverse_items_enqueued=180460 peer_reverse_items_processed=180364 peer_reverse_rate_per_sec=1802.835683 peer_reverse_failed=5 peer_reverse_max_queue=15 reclaim_pending=42 reclaim_reused=3541 dynamic_high_watermark=25766374032 stage2_remaining=18771 cleanup_remaining=0 active_contexts=31 active_context_limit=32 repair_remaining=0 remaining=19019
[STATUS]: storage-owner maintenance observation: enqueued=49632 stage2_enqueued=49632 cleanup_enqueued=0 stage2_tasks_done=29326 stage2_finalized_live=29326 cleanup_processed=0 stale=0 stage2_completion_ratio=0.590869 live_stage2_completion_ratio=0.590869 avg_stage2_delay_ms=15633.470810 p99_stage2_delay_upper_ms=30000.000000 p99_stage2_delay_over_30s=true stage2_delay_histogram=0,0,0,0,0,0,27,82,159,191,623,1429,3504,1814,4026,4444,8060,4967 max_stage2_delay_ms=38990.869856 compaction_batch_target=32 compaction_max_delay_ms=25.000000 stage2_rate_per_sec=279.175020 stage1_search_budget_exhausted=0 stage2_search_budget_exhausted=0 stage2_continuations=29582 stage2_remote_frontier_items=13401863 avg_stage2_remote_frontier=453.041140 stage2_remote_expansions=582828 avg_stage2_remote_expansions=19.702116 stage2_scored_candidates=28375516 avg_stage2_scored_candidates=959.215604 stage2_graph_read_waves=173876 avg_stage2_expansions_per_graph_wave=3.351975 stage2_graph_unique_reads=611036 stage2_graph_prefetch_issued=385323 stage2_graph_prefetch_hits=358885 stage2_graph_prefetch_wasted=26016 stage2_graph_prefetch_promotion_ratio=0.932409 stage2_graph_issue_width_current=16 stage2_vector_read_waves=197595 avg_stage2_scores_per_vector_wave=143.604423 stage2_vector_unique_reads=14468438 stage2_home_rpc_batches=201610 stage2_home_rpc_items=13511808 avg_stage2_home_rpc_batch=67.019533 stage2_home_score_rpc_batches=55888 stage2_home_score_rpc_items=12900772 stage2_home_score_rpc_queries=240413 stage2_home_score_rpc_request_bytes=406158488 stage2_home_score_rpc_response_bytes=415387792 avg_stage2_home_score_queries_per_rpc=4.301693 avg_stage2_home_score_rpc_batch=230.832594 stage2_home_scored_neighbors=26807191 home_scores_per_expansion=1.983983 stage2_migrations=3778 home_match_rate=0.871172 stage2_final_edges=1059913 stage2_cross_edges_stage1_home=193871 stage2_cross_edges_final_home=95856 cross_edge_reduction_ratio=0.505568 failed=0 rpc_timeouts=0 reverse_aggregate_batches=0 reverse_aggregate_logical_requests=0 reverse_aggregate_ops=0 avg_reverse_aggregate_logicals=0.000000 avg_reverse_aggregate_ops=0.000000 max_backlog=20058 admission_window=65536 completion_outstanding=20618 completion_incomplete=20306 completed_behind_hole=312 completion_logical_full_failures=0 completion_physical_full_failures=0 pressure_yields=573203 stage2_batches=3707 avg_stage2_batch_size=7.980038 packing_target_batch=8 packing_admit_queue_avg=7821.664419 packing_admit_queue_max=20058 packing_batch_1_7=26 packing_batch_8=3681 packing_assembly_batches=3707 packing_assembly_wait_ms=55536524.486448 packing_arrival_interval_us=1765 packing_waited_batches=26 packing_wait_ms=463.923000 packing_target_flushes=3681 packing_deadline_flushes=26 packing_cleanup_flushes=0 stage2_phase_search_attempts=3687 stage2_phase_search_task_attempts=29422 stage2_phase_search_elapsed_ms=2200353.414586 avg_stage2_phase_search_us_per_task=74785.990571 stage2_phase_freeze_prune_attempts=4498 stage2_phase_freeze_prune_task_attempts=35892 stage2_phase_freeze_prune_elapsed_ms=169392.576397 avg_stage2_phase_freeze_prune_us_per_task=4719.507868 stage2_phase_reverse_prepare_attempts=3676 stage2_phase_reverse_prepare_task_attempts=29334 stage2_phase_reverse_prepare_elapsed_ms=437899.451377 avg_stage2_phase_reverse_prepare_us_per_task=14928.051114 stage2_phase_placement_authority_attempts=3675 stage2_phase_placement_authority_task_attempts=29326 stage2_phase_placement_authority_elapsed_ms=180658.117279 avg_stage2_phase_placement_authority_us_per_task=6160.339538 stage2_phase_completion_handoff_attempts=3675 stage2_phase_completion_handoff_task_attempts=29326 stage2_phase_completion_handoff_elapsed_ms=10.008124 avg_stage2_phase_completion_handoff_us_per_task=0.341271 stage2_phase_finalize_attempts=3675 stage2_phase_finalize_task_attempts=29326 stage2_phase_finalize_elapsed_ms=43.832130 avg_stage2_phase_finalize_us_per_task=1.494651 maintenance_worker_idle_waits=435648 maintenance_worker_idle_ms=371412.020616 maintenance_lost_wake_avoided=32686 maintenance_targeted_wakes=776147 maintenance_generic_wakes=29239 maintenance_broadcast_wakes=0 maintenance_context_slots_scanned=2386176 maintenance_ready_notifications=538824 maintenance_ready_stale_notifications=128 maintenance_ready_tickets_drained=430930 maintenance_ready_overflow_scans=0 maintenance_ready_fallback_scans=149210 stage2_search_lane_lease_limit=32 stage2_search_lane_lease_peak=23 stage2_search_lane_lease_blocked=0 maintenance_worker_observed_idle_ratio=0.441967 maintenance_worker_observed_busy_ratio=0.558033 physical_stage1_items=49641 physical_stage1_total_ns=210807947682 physical_stage1_search_ns=192980098804 physical_stage1_prune_ns=12191685693 physical_stage1_allocate_write_ns=4174967523 physical_stage1_backlink_ns=910575090 physical_stage1_candidates=6305955 physical_stage1_remote_frontier_items=22448856 physical_stage1_neighbors=1618415 peer_stage1_enqueued=47858 peer_stage1_processed=47856 peer_stage1_items=79270 avg_peer_stage1_items=1.656428 peer_stage1_rate_per_sec=754.627425 peer_stage1_max_queue=39 peer_stage1_active_workers=2 peer_stage2_home_enqueued=174375 peer_stage2_home_processed=174375 peer_stage2_home_items=14816501 avg_peer_stage2_home_items=84.969181 peer_stage2_home_max_queue=34 peer_stage2_home_response_queue_drops=0 peer_stage2_home_response_send_wait_ms=4711.040081 avg_peer_stage2_home_queue_wait_us=101.000477 avg_peer_stage2_home_execution_us=114.195160 peer_stage1_release_deferred_batches=134 peer_stage1_release_deferred_items=215 peer_stage1_duplicate_retry_responses=0 peer_stage1_admission_retry_responses=0 peer_stage1_retry_response_drops=0 peer_stage1_admission_waiters=0 peer_stage1_admission_waiter_items=0 peer_stage1_admission_owned_items=0 peer_stage1_admission_wake_coverage=0 peer_stage1_admission_parked=0 peer_stage1_admission_woken=0 peer_stage1_admission_reparked=0 peer_stage1_max_admission_waiters=0 peer_stage1_duplicate_coalesced=26 peer_reverse_enqueued=11449 peer_reverse_processed=11448 peer_reverse_remaining=1 peer_reverse_items_enqueued=189860 peer_reverse_items_processed=189839 peer_reverse_rate_per_sec=1807.212258 peer_reverse_failed=8 peer_reverse_max_queue=15 reclaim_pending=36 reclaim_reused=3742 dynamic_high_watermark=25769729376 stage2_remaining=20050 cleanup_remaining=0 active_contexts=32 active_context_limit=32 repair_remaining=0 remaining=20306
[STATUS]: storage-owner maintenance observation: enqueued=52134 stage2_enqueued=52134 cleanup_enqueued=0 stage2_tasks_done=30670 stage2_finalized_live=30670 cleanup_processed=0 stale=0 stage2_completion_ratio=0.588292 live_stage2_completion_ratio=0.588292 avg_stage2_delay_ms=16687.779009 p99_stage2_delay_upper_ms=30000.000000 p99_stage2_delay_over_30s=true stage2_delay_histogram=0,0,0,0,0,0,27,82,159,191,623,1429,3504,1814,4026,4444,8060,6311 max_stage2_delay_ms=41340.486286 compaction_batch_target=32 compaction_max_delay_ms=25.000000 stage2_rate_per_sec=278.703362 stage1_search_budget_exhausted=0 stage2_search_budget_exhausted=0 stage2_continuations=30918 stage2_remote_frontier_items=13975427 avg_stage2_remote_frontier=452.015881 stage2_remote_expansions=609112 avg_stage2_remote_expansions=19.700886 stage2_scored_candidates=29651642 avg_stage2_scored_candidates=959.041400 stage2_graph_read_waves=182573 avg_stage2_expansions_per_graph_wave=3.336265 stage2_graph_unique_reads=639305 stage2_graph_prefetch_issued=402430 stage2_graph_prefetch_hits=374676 stage2_graph_prefetch_wasted=27302 stage2_graph_prefetch_promotion_ratio=0.932081 stage2_graph_issue_width_current=16 stage2_vector_read_waves=206211 avg_stage2_scores_per_vector_wave=143.792727 stage2_vector_unique_reads=15096553 stage2_home_rpc_batches=210835 stage2_home_rpc_items=14096965 avg_stage2_home_rpc_batch=66.862547 stage2_home_score_rpc_batches=58320 stage2_home_score_rpc_items=13457662 stage2_home_score_rpc_queries=251017 stage2_home_score_rpc_request_bytes=423794760 stage2_home_score_rpc_response_bytes=433321320 avg_stage2_home_score_queries_per_rpc=4.304132 avg_stage2_home_score_rpc_batch=230.755521 stage2_home_scored_neighbors=28012025 home_scores_per_expansion=1.987096 stage2_migrations=3945 home_match_rate=0.871373 stage2_final_edges=1107497 stage2_cross_edges_stage1_home=203018 stage2_cross_edges_final_home=100310 cross_edge_reduction_ratio=0.505906 failed=0 rpc_timeouts=0 reverse_aggregate_batches=0 reverse_aggregate_logical_requests=0 reverse_aggregate_ops=0 avg_reverse_aggregate_logicals=0.000000 avg_reverse_aggregate_ops=0.000000 max_backlog=21216 admission_window=65536 completion_outstanding=21816 completion_incomplete=21464 completed_behind_hole=352 completion_logical_full_failures=0 completion_physical_full_failures=0 pressure_yields=600920 stage2_batches=3874 avg_stage2_batch_size=7.980898 packing_target_batch=8 packing_admit_queue_avg=8371.817243 packing_admit_queue_max=21169 packing_batch_1_7=26 packing_batch_8=3848 packing_assembly_batches=3874 packing_assembly_wait_ms=62088608.336131 packing_arrival_interval_us=3524 packing_waited_batches=26 packing_wait_ms=463.923000 packing_target_flushes=3848 packing_deadline_flushes=26 packing_cleanup_flushes=0 stage2_phase_search_attempts=3856 stage2_phase_search_task_attempts=30774 stage2_phase_search_elapsed_ms=2312780.884203 avg_stage2_phase_search_us_per_task=75153.729908 stage2_phase_freeze_prune_attempts=4716 stage2_phase_freeze_prune_task_attempts=37636 stage2_phase_freeze_prune_elapsed_ms=177779.196097 avg_stage2_phase_freeze_prune_us_per_task=4723.647468 stage2_phase_reverse_prepare_attempts=3846 stage2_phase_reverse_prepare_task_attempts=30694 stage2_phase_reverse_prepare_elapsed_ms=459469.278047 avg_stage2_phase_reverse_prepare_us_per_task=14969.351601 stage2_phase_placement_authority_attempts=3843 stage2_phase_placement_authority_task_attempts=30670 stage2_phase_placement_authority_elapsed_ms=189935.086323 avg_stage2_phase_placement_authority_us_per_task=6192.862286 stage2_phase_completion_handoff_attempts=3843 stage2_phase_completion_handoff_task_attempts=30670 stage2_phase_completion_handoff_elapsed_ms=10.567632 avg_stage2_phase_completion_handoff_us_per_task=0.344559 stage2_phase_finalize_attempts=3843 stage2_phase_finalize_task_attempts=30670 stage2_phase_finalize_elapsed_ms=45.996844 avg_stage2_phase_finalize_us_per_task=1.499734 maintenance_worker_idle_waits=456448 maintenance_worker_idle_ms=387351.536304 maintenance_lost_wake_avoided=34125 maintenance_targeted_wakes=812398 maintenance_generic_wakes=30747 maintenance_broadcast_wakes=0 maintenance_context_slots_scanned=2496064 maintenance_ready_notifications=564093 maintenance_ready_stale_notifications=133 maintenance_ready_tickets_drained=451073 maintenance_ready_overflow_scans=0 maintenance_ready_fallback_scans=156050 stage2_search_lane_lease_limit=32 stage2_search_lane_lease_peak=23 stage2_search_lane_lease_blocked=0 maintenance_worker_observed_idle_ratio=0.439991 maintenance_worker_observed_busy_ratio=0.560009 physical_stage1_items=52151 physical_stage1_total_ns=221330359921 physical_stage1_search_ns=202639645103 physical_stage1_prune_ns=12796941103 physical_stage1_allocate_write_ns=4360660416 physical_stage1_backlink_ns=955191133 physical_stage1_candidates=6621373 physical_stage1_remote_frontier_items=23586443 physical_stage1_neighbors=1699538 peer_stage1_enqueued=50351 peer_stage1_processed=50348 peer_stage1_items=83292 avg_peer_stage1_items=1.654326 peer_stage1_rate_per_sec=756.888180 peer_stage1_max_queue=39 peer_stage1_active_workers=3 peer_stage2_home_enqueued=182117 peer_stage2_home_processed=182117 peer_stage2_home_items=15480230 avg_peer_stage2_home_items=85.001565 peer_stage2_home_max_queue=34 peer_stage2_home_response_queue_drops=0 peer_stage2_home_response_send_wait_ms=4987.250322 avg_peer_stage2_home_queue_wait_us=101.495152 avg_peer_stage2_home_execution_us=114.042972 peer_stage1_release_deferred_batches=146 peer_stage1_release_deferred_items=236 peer_stage1_duplicate_retry_responses=0 peer_stage1_admission_retry_responses=0 peer_stage1_retry_response_drops=0 peer_stage1_admission_waiters=0 peer_stage1_admission_waiter_items=0 peer_stage1_admission_owned_items=0 peer_stage1_admission_wake_coverage=0 peer_stage1_admission_parked=0 peer_stage1_admission_woken=0 peer_stage1_admission_reparked=0 peer_stage1_max_admission_waiters=0 peer_stage1_duplicate_coalesced=27 peer_reverse_enqueued=11977 peer_reverse_processed=11976 peer_reverse_remaining=1 peer_reverse_items_enqueued=198339 peer_reverse_items_processed=198308 peer_reverse_rate_per_sec=1802.057594 peer_reverse_failed=8 peer_reverse_max_queue=15 reclaim_pending=26 reclaim_reused=3919 dynamic_high_watermark=25772940864 stage2_remaining=21216 cleanup_remaining=0 active_contexts=31 active_context_limit=32 repair_remaining=0 remaining=21464
[STATUS]: storage-owner maintenance observation: enqueued=54725 stage2_enqueued=54725 cleanup_enqueued=0 stage2_tasks_done=32062 stage2_finalized_live=32062 cleanup_processed=0 stale=0 stage2_completion_ratio=0.585875 live_stage2_completion_ratio=0.585875 avg_stage2_delay_ms=17786.981029 p99_stage2_delay_upper_ms=30000.000000 p99_stage2_delay_over_30s=true stage2_delay_histogram=0,0,0,0,0,0,27,82,159,191,623,1429,3504,1814,4026,4444,8060,7703 max_stage2_delay_ms=43451.708426 compaction_batch_target=32 compaction_max_delay_ms=25.000000 stage2_rate_per_sec=278.687657 stage1_search_budget_exhausted=0 stage2_search_budget_exhausted=0 stage2_continuations=32318 stage2_remote_frontier_items=14587959 avg_stage2_remote_frontier=451.388050 stage2_remote_expansions=637033 avg_stage2_remote_expansions=19.711399 stage2_scored_candidates=30967429 avg_stage2_scored_candidates=958.209945 stage2_graph_read_waves=191105 avg_stage2_expansions_per_graph_wave=3.333419 stage2_graph_unique_reads=668587 stage2_graph_prefetch_issued=420722 stage2_graph_prefetch_hits=391814 stage2_graph_prefetch_wasted=28522 stage2_graph_prefetch_promotion_ratio=0.932145 stage2_graph_issue_width_current=16 stage2_vector_read_waves=215296 avg_stage2_scores_per_vector_wave=143.836527 stage2_vector_unique_reads=15755028 stage2_home_rpc_batches=220450 stage2_home_rpc_items=14711197 avg_stage2_home_rpc_batch=66.732579 stage2_home_score_rpc_batches=60882 stage2_home_score_rpc_items=14042617 stage2_home_score_rpc_queries=261786 stage2_home_score_rpc_request_bytes=442144704 stage2_home_score_rpc_response_bytes=452154440 avg_stage2_home_score_queries_per_rpc=4.299892 avg_stage2_home_score_rpc_batch=230.653017 stage2_home_scored_neighbors=29254231 home_scores_per_expansion=1.988569 stage2_migrations=4128 home_match_rate=0.871249 stage2_final_edges=1157778 stage2_cross_edges_stage1_home=211974 stage2_cross_edges_final_home=104531 cross_edge_reduction_ratio=0.506869 failed=0 rpc_timeouts=0 reverse_aggregate_batches=0 reverse_aggregate_logical_requests=0 reverse_aggregate_ops=0 avg_reverse_aggregate_logicals=0.000000 avg_reverse_aggregate_ops=0.000000 max_backlog=22407 admission_window=65536 completion_outstanding=22983 completion_incomplete=22663 completed_behind_hole=320 completion_logical_full_failures=0 completion_physical_full_failures=0 pressure_yields=629290 stage2_batches=4049 avg_stage2_batch_size=7.981724 packing_target_batch=8 packing_admit_queue_avg=8950.661151 packing_admit_queue_max=22404 packing_batch_1_7=26 packing_batch_8=4023 packing_assembly_batches=4049 packing_assembly_wait_ms=69349643.074267 packing_arrival_interval_us=2357 packing_waited_batches=26 packing_wait_ms=463.923000 packing_target_flushes=4023 packing_deadline_flushes=26 packing_cleanup_flushes=0 stage2_phase_search_attempts=4031 stage2_phase_search_task_attempts=32174 stage2_phase_search_elapsed_ms=2427285.782079 avg_stage2_phase_search_us_per_task=75442.462301 stage2_phase_freeze_prune_attempts=4935 stage2_phase_freeze_prune_task_attempts=39388 stage2_phase_freeze_prune_elapsed_ms=186659.697237 avg_stage2_phase_freeze_prune_us_per_task=4738.999117 stage2_phase_reverse_prepare_attempts=4021 stage2_phase_reverse_prepare_task_attempts=32094 stage2_phase_reverse_prepare_elapsed_ms=483429.994137 avg_stage2_phase_reverse_prepare_us_per_task=15062.939931 stage2_phase_placement_authority_attempts=4017 stage2_phase_placement_authority_task_attempts=32062 stage2_phase_placement_authority_elapsed_ms=200145.615203 avg_stage2_phase_placement_authority_us_per_task=6242.455717 stage2_phase_completion_handoff_attempts=4017 stage2_phase_completion_handoff_task_attempts=32062 stage2_phase_completion_handoff_elapsed_ms=11.066728 avg_stage2_phase_completion_handoff_us_per_task=0.345166 stage2_phase_finalize_attempts=4017 stage2_phase_finalize_task_attempts=32062 stage2_phase_finalize_elapsed_ms=48.221620 avg_stage2_phase_finalize_us_per_task=1.504012 maintenance_worker_idle_waits=477632 maintenance_worker_idle_ms=402231.028159 maintenance_lost_wake_avoided=35611 maintenance_targeted_wakes=849872 maintenance_generic_wakes=32285 maintenance_broadcast_wakes=0 maintenance_context_slots_scanned=2608336 maintenance_ready_notifications=589965 maintenance_ready_stale_notifications=139 maintenance_ready_tickets_drained=471522 maintenance_ready_overflow_scans=0 maintenance_ready_fallback_scans=163091 stage2_search_lane_lease_limit=32 stage2_search_lane_lease_peak=23 stage2_search_lane_lease_blocked=0 maintenance_worker_observed_idle_ratio=0.437031 maintenance_worker_observed_busy_ratio=0.562969 physical_stage1_items=54735 physical_stage1_total_ns=232148794985 physical_stage1_search_ns=212571848295 physical_stage1_prune_ns=13415753282 physical_stage1_allocate_write_ns=4551956475 physical_stage1_backlink_ns=1003144900 physical_stage1_candidates=6945987 physical_stage1_remote_frontier_items=24787064 physical_stage1_neighbors=1783257 peer_stage1_enqueued=52893 peer_stage1_processed=52890 peer_stage1_items=87507 avg_peer_stage1_items=1.654509 peer_stage1_rate_per_sec=760.623817 peer_stage1_max_queue=39 peer_stage1_active_workers=3 peer_stage2_home_enqueued=189603 peer_stage2_home_processed=189601 peer_stage2_home_items=16129441 avg_peer_stage2_home_items=85.070443 peer_stage2_home_max_queue=34 peer_stage2_home_response_queue_drops=0 peer_stage2_home_response_send_wait_ms=5205.895058 avg_peer_stage2_home_queue_wait_us=102.480345 avg_peer_stage2_home_execution_us=114.005199 peer_stage1_release_deferred_batches=151 peer_stage1_release_deferred_items=244 peer_stage1_duplicate_retry_responses=0 peer_stage1_admission_retry_responses=0 peer_stage1_retry_response_drops=0 peer_stage1_admission_waiters=0 peer_stage1_admission_waiter_items=0 peer_stage1_admission_owned_items=0 peer_stage1_admission_wake_coverage=0 peer_stage1_admission_parked=0 peer_stage1_admission_woken=0 peer_stage1_admission_reparked=0 peer_stage1_max_admission_waiters=0 peer_stage1_duplicate_coalesced=28 peer_reverse_enqueued=12482 peer_reverse_processed=12480 peer_reverse_remaining=2 peer_reverse_items_enqueued=207113 peer_reverse_items_processed=207015 peer_reverse_rate_per_sec=1799.405070 peer_reverse_failed=8 peer_reverse_max_queue=17 reclaim_pending=23 reclaim_reused=4105 dynamic_high_watermark=25776246960 stage2_remaining=22407 cleanup_remaining=0 active_contexts=32 active_context_limit=32 repair_remaining=0 remaining=22663
[STATUS]: storage-owner maintenance observation: enqueued=57334 stage2_enqueued=57334 cleanup_enqueued=0 stage2_tasks_done=33422 stage2_finalized_live=33422 cleanup_processed=0 stale=0 stage2_completion_ratio=0.582935 live_stage2_completion_ratio=0.582935 avg_stage2_delay_ms=18865.862337 p99_stage2_delay_upper_ms=30000.000000 p99_stage2_delay_over_30s=true stage2_delay_histogram=0,0,0,0,0,0,27,82,159,191,623,1429,3504,1814,4026,4444,8060,9063 max_stage2_delay_ms=45972.585089 compaction_batch_target=32 compaction_max_delay_ms=25.000000 stage2_rate_per_sec=278.407165 stage1_search_budget_exhausted=0 stage2_search_budget_exhausted=0 stage2_continuations=33670 stage2_remote_frontier_items=15208218 avg_stage2_remote_frontier=451.684526 stage2_remote_expansions=663944 avg_stage2_remote_expansions=19.719157 stage2_scored_candidates=32268840 avg_stage2_scored_candidates=958.385506 stage2_graph_read_waves=199265 avg_stage2_expansions_per_graph_wave=3.331965 stage2_graph_unique_reads=696804 stage2_graph_prefetch_issued=438556 stage2_graph_prefetch_hits=408195 stage2_graph_prefetch_wasted=29797 stage2_graph_prefetch_promotion_ratio=0.931969 stage2_graph_issue_width_current=16 stage2_vector_read_waves=224585 avg_stage2_scores_per_vector_wave=143.682080 stage2_vector_unique_reads=16425780 stage2_home_rpc_batches=229624 stage2_home_rpc_items=15339101 avg_stage2_home_rpc_batch=66.800949 stage2_home_score_rpc_batches=63485 stage2_home_score_rpc_items=14642327 stage2_home_score_rpc_queries=272492 stage2_home_score_rpc_request_bytes=460851520 stage2_home_score_rpc_response_bytes=471462576 avg_stage2_home_score_queries_per_rpc=4.292227 avg_stage2_home_score_rpc_batch=230.642309 stage2_home_scored_neighbors=30484499 home_scores_per_expansion=1.987372 stage2_migrations=4307 home_match_rate=0.871133 stage2_final_edges=1207048 stage2_cross_edges_stage1_home=221340 stage2_cross_edges_final_home=109099 cross_edge_reduction_ratio=0.507098 failed=0 rpc_timeouts=0 reverse_aggregate_batches=0 reverse_aggregate_logical_requests=0 reverse_aggregate_ops=0 avg_reverse_aggregate_logicals=0.000000 avg_reverse_aggregate_ops=0.000000 max_backlog=23664 admission_window=65536 completion_outstanding=24152 completion_incomplete=23912 completed_behind_hole=240 completion_logical_full_failures=0 completion_physical_full_failures=0 pressure_yields=657752 stage2_batches=4218 avg_stage2_batch_size=7.982456 packing_target_batch=8 packing_admit_queue_avg=9513.271219 packing_admit_queue_max=23618 packing_batch_1_7=26 packing_batch_8=4192 packing_assembly_batches=4218 packing_assembly_wait_ms=76751688.760331 packing_arrival_interval_us=2670 packing_waited_batches=26 packing_wait_ms=463.923000 packing_target_flushes=4192 packing_deadline_flushes=26 packing_cleanup_flushes=0 stage2_phase_search_attempts=4198 stage2_phase_search_task_attempts=33510 stage2_phase_search_elapsed_ms=2542564.564851 avg_stage2_phase_search_us_per_task=75874.800503 stage2_phase_freeze_prune_attempts=5149 stage2_phase_freeze_prune_task_attempts=41100 stage2_phase_freeze_prune_elapsed_ms=194981.684312 avg_stage2_phase_freeze_prune_us_per_task=4744.079910 stage2_phase_reverse_prepare_attempts=4190 stage2_phase_reverse_prepare_task_attempts=33446 stage2_phase_reverse_prepare_elapsed_ms=506893.538869 avg_stage2_phase_reverse_prepare_us_per_task=15155.580305 stage2_phase_placement_authority_attempts=4187 stage2_phase_placement_authority_task_attempts=33422 stage2_phase_placement_authority_elapsed_ms=210247.551187 avg_stage2_phase_placement_authority_us_per_task=6290.693291 stage2_phase_completion_handoff_attempts=4187 stage2_phase_completion_handoff_task_attempts=33422 stage2_phase_completion_handoff_elapsed_ms=11.606646 avg_stage2_phase_completion_handoff_us_per_task=0.347276 stage2_phase_finalize_attempts=4187 stage2_phase_finalize_task_attempts=33422 stage2_phase_finalize_elapsed_ms=50.470745 avg_stage2_phase_finalize_us_per_task=1.510105 maintenance_worker_idle_waits=498752 maintenance_worker_idle_ms=418075.950505 maintenance_lost_wake_avoided=37058 maintenance_targeted_wakes=886043 maintenance_generic_wakes=33812 maintenance_broadcast_wakes=0 maintenance_context_slots_scanned=2718960 maintenance_ready_notifications=615352 maintenance_ready_stale_notifications=144 maintenance_ready_tickets_drained=491862 maintenance_ready_overflow_scans=0 maintenance_ready_fallback_scans=170033 stage2_search_lane_lease_limit=32 stage2_search_lane_lease_peak=23 stage2_search_lane_lease_blocked=0 maintenance_worker_observed_idle_ratio=0.435325 maintenance_worker_observed_busy_ratio=0.564675 physical_stage1_items=57348 physical_stage1_total_ns=243254079423 physical_stage1_search_ns=222748386451 physical_stage1_prune_ns=14053333734 physical_stage1_allocate_write_ns=4769245481 physical_stage1_backlink_ns=1049011961 physical_stage1_candidates=7274574 physical_stage1_remote_frontier_items=25967582 physical_stage1_neighbors=1868166 peer_stage1_enqueued=55402 peer_stage1_processed=55396 peer_stage1_items=91719 avg_peer_stage1_items=1.655697 peer_stage1_rate_per_sec=764.024499 peer_stage1_max_queue=39 peer_stage1_active_workers=3 peer_stage2_home_enqueued=197437 peer_stage2_home_processed=197437 peer_stage2_home_items=16795083 avg_peer_stage2_home_items=85.065530 peer_stage2_home_max_queue=34 peer_stage2_home_response_queue_drops=0 peer_stage2_home_response_send_wait_ms=5457.341337 avg_peer_stage2_home_queue_wait_us=102.403814 avg_peer_stage2_home_execution_us=113.737006 peer_stage1_release_deferred_batches=159 peer_stage1_release_deferred_items=261 peer_stage1_duplicate_retry_responses=0 peer_stage1_admission_retry_responses=0 peer_stage1_retry_response_drops=0 peer_stage1_admission_waiters=0 peer_stage1_admission_waiter_items=0 peer_stage1_admission_owned_items=0 peer_stage1_admission_wake_coverage=0 peer_stage1_admission_parked=0 peer_stage1_admission_woken=0 peer_stage1_admission_reparked=0 peer_stage1_max_admission_waiters=0 peer_stage1_duplicate_coalesced=28 peer_reverse_enqueued=12998 peer_reverse_processed=12996 peer_reverse_remaining=2 peer_reverse_items_enqueued=215181 peer_reverse_items_processed=215168 peer_reverse_rate_per_sec=1792.361707 peer_reverse_failed=9 peer_reverse_max_queue=17 reclaim_pending=26 reclaim_reused=4281 dynamic_high_watermark=25779578976 stage2_remaining=23664 cleanup_remaining=0 active_contexts=31 active_context_limit=32 repair_remaining=0 remaining=23912
[STATUS]: storage-owner maintenance observation: enqueued=60012 stage2_enqueued=60012 cleanup_enqueued=0 stage2_tasks_done=34766 stage2_finalized_live=34766 cleanup_processed=0 stale=0 stage2_completion_ratio=0.579317 live_stage2_completion_ratio=0.579317 avg_stage2_delay_ms=19945.704217 p99_stage2_delay_upper_ms=30000.000000 p99_stage2_delay_over_30s=true stage2_delay_histogram=0,0,0,0,0,0,27,82,159,191,623,1429,3504,1814,4026,4444,8060,10407 max_stage2_delay_ms=48998.127729 compaction_batch_target=32 compaction_max_delay_ms=25.000000 stage2_rate_per_sec=278.023015 stage1_search_budget_exhausted=0 stage2_search_budget_exhausted=0 stage2_continuations=35022 stage2_remote_frontier_items=15807008 avg_stage2_remote_frontier=451.345097 stage2_remote_expansions=690418 avg_stage2_remote_expansions=19.713837 stage2_scored_candidates=33535990 avg_stage2_scored_candidates=957.569242 stage2_graph_read_waves=206909 avg_stage2_expansions_per_graph_wave=3.336820 stage2_graph_unique_reads=724320 stage2_graph_prefetch_issued=456072 stage2_graph_prefetch_hits=424562 stage2_graph_prefetch_wasted=30983 stage2_graph_prefetch_promotion_ratio=0.931987 stage2_graph_issue_width_current=16 stage2_vector_read_waves=232844 avg_stage2_scores_per_vector_wave=144.027718 stage2_vector_unique_reads=17065238 stage2_home_rpc_batches=237890 stage2_home_rpc_items=15939539 avg_stage2_home_rpc_batch=67.003821 stage2_home_score_rpc_batches=65972 stage2_home_score_rpc_items=15215221 stage2_home_score_rpc_queries=283044 stage2_home_score_rpc_request_bytes=478830480 stage2_home_score_rpc_response_bytes=489907184 avg_stage2_home_score_queries_per_rpc=4.290366 avg_stage2_home_score_rpc_batch=230.631495 stage2_home_scored_neighbors=31685374 home_scores_per_expansion=1.987848 stage2_migrations=4480 home_match_rate=0.871138 stage2_final_edges=1255550 stage2_cross_edges_stage1_home=230062 stage2_cross_edges_final_home=113206 cross_edge_reduction_ratio=0.507933 failed=0 rpc_timeouts=0 reverse_aggregate_batches=0 reverse_aggregate_logical_requests=0 reverse_aggregate_ops=0 avg_reverse_aggregate_logicals=0.000000 avg_reverse_aggregate_ops=0.000000 max_backlog=24990 admission_window=65536 completion_outstanding=25494 completion_incomplete=25246 completed_behind_hole=248 completion_logical_full_failures=0 completion_physical_full_failures=0 pressure_yields=684747 stage2_batches=4387 avg_stage2_batch_size=7.983132 packing_target_batch=8 packing_admit_queue_avg=10083.140187 packing_admit_queue_max=24970 packing_batch_1_7=26 packing_batch_8=4361 packing_assembly_batches=4387 packing_assembly_wait_ms=84581611.519864 packing_arrival_interval_us=1467 packing_waited_batches=26 packing_wait_ms=463.923000 packing_target_flushes=4361 packing_deadline_flushes=26 packing_cleanup_flushes=0 stage2_phase_search_attempts=4362 stage2_phase_search_task_attempts=34822 stage2_phase_search_elapsed_ms=2661104.688117 avg_stage2_phase_search_us_per_task=76420.213891 stage2_phase_freeze_prune_attempts=5359 stage2_phase_freeze_prune_task_attempts=42780 stage2_phase_freeze_prune_elapsed_ms=203736.577571 avg_stage2_phase_freeze_prune_us_per_task=4762.425843 stage2_phase_reverse_prepare_attempts=4357 stage2_phase_reverse_prepare_task_attempts=34782 stage2_phase_reverse_prepare_elapsed_ms=528618.292236 avg_stage2_phase_reverse_prepare_us_per_task=15198.041868 stage2_phase_placement_authority_attempts=4355 stage2_phase_placement_authority_task_attempts=34766 stage2_phase_placement_authority_elapsed_ms=218528.632796 avg_stage2_phase_placement_authority_us_per_task=6285.699614 stage2_phase_completion_handoff_attempts=4355 stage2_phase_completion_handoff_task_attempts=34766 stage2_phase_completion_handoff_elapsed_ms=12.106150 avg_stage2_phase_completion_handoff_us_per_task=0.348218 stage2_phase_finalize_attempts=4355 stage2_phase_finalize_task_attempts=34766 stage2_phase_finalize_elapsed_ms=52.743428 avg_stage2_phase_finalize_us_per_task=1.517098 maintenance_worker_idle_waits=519232 maintenance_worker_idle_ms=434202.702060 maintenance_lost_wake_avoided=38681 maintenance_targeted_wakes=923002 maintenance_generic_wakes=35415 maintenance_broadcast_wakes=0 maintenance_context_slots_scanned=2844272 maintenance_ready_notifications=639144 maintenance_ready_stale_notifications=151 maintenance_ready_tickets_drained=510510 maintenance_ready_overflow_scans=0 maintenance_ready_fallback_scans=177862 stage2_search_lane_lease_limit=32 stage2_search_lane_lease_peak=23 stage2_search_lane_lease_blocked=0 maintenance_worker_observed_idle_ratio=0.434039 maintenance_worker_observed_busy_ratio=0.565961 physical_stage1_items=60023 physical_stage1_total_ns=254737044228 physical_stage1_search_ns=233257095987 physical_stage1_prune_ns=14704213327 physical_stage1_allocate_write_ns=5015940338 physical_stage1_backlink_ns=1097182892 physical_stage1_candidates=7610430 physical_stage1_remote_frontier_items=27231070 physical_stage1_neighbors=1956371 peer_stage1_enqueued=57975 peer_stage1_processed=57972 peer_stage1_items=95900 avg_peer_stage1_items=1.654247 peer_stage1_rate_per_sec=766.910404 peer_stage1_max_queue=39 peer_stage1_active_workers=3 peer_stage2_home_enqueued=205684 peer_stage2_home_processed=205684 peer_stage2_home_items=17511002 avg_peer_stage2_home_items=85.135460 peer_stage2_home_max_queue=34 peer_stage2_home_response_queue_drops=0 peer_stage2_home_response_send_wait_ms=5767.951625 avg_peer_stage2_home_queue_wait_us=104.791117 avg_peer_stage2_home_execution_us=113.672757 peer_stage1_release_deferred_batches=161 peer_stage1_release_deferred_items=263 peer_stage1_duplicate_retry_responses=0 peer_stage1_admission_retry_responses=0 peer_stage1_retry_response_drops=0 peer_stage1_admission_waiters=0 peer_stage1_admission_waiter_items=0 peer_stage1_admission_owned_items=0 peer_stage1_admission_wake_coverage=0 peer_stage1_admission_parked=0 peer_stage1_admission_woken=0 peer_stage1_admission_reparked=0 peer_stage1_max_admission_waiters=0 peer_stage1_duplicate_coalesced=28 peer_reverse_enqueued=13561 peer_reverse_processed=13561 peer_reverse_remaining=0 peer_reverse_items_enqueued=224263 peer_reverse_items_processed=224263 peer_reverse_rate_per_sec=1793.426778 peer_reverse_failed=10 peer_reverse_max_queue=17 reclaim_pending=20 reclaim_reused=4460 dynamic_high_watermark=25783012080 stage2_remaining=24990 cleanup_remaining=0 active_contexts=32 active_context_limit=32 repair_remaining=0 remaining=25246
[STATUS]: storage-owner maintenance observation: enqueued=62714 stage2_enqueued=62714 cleanup_enqueued=0 stage2_tasks_done=36134 stage2_finalized_live=36134 cleanup_processed=0 stale=0 stage2_completion_ratio=0.576171 live_stage2_completion_ratio=0.576171 avg_stage2_delay_ms=21050.859538 p99_stage2_delay_upper_ms=30000.000000 p99_stage2_delay_over_30s=true stage2_delay_histogram=0,0,0,0,0,0,27,82,159,191,623,1429,3504,1814,4026,4444,8060,11775 max_stage2_delay_ms=50673.823166 compaction_batch_target=32 compaction_max_delay_ms=25.000000 stage2_rate_per_sec=277.852791 stage1_search_budget_exhausted=0 stage2_search_budget_exhausted=0 stage2_continuations=36390 stage2_remote_frontier_items=16439114 avg_stage2_remote_frontier=451.748118 stage2_remote_expansions=718234 avg_stage2_remote_expansions=19.737126 stage2_scored_candidates=34900984 avg_stage2_scored_candidates=959.081726 stage2_graph_read_waves=214804 avg_stage2_expansions_per_graph_wave=3.343671 stage2_graph_unique_reads=753875 stage2_graph_prefetch_issued=475222 stage2_graph_prefetch_hits=442527 stage2_graph_prefetch_wasted=32221 stage2_graph_prefetch_promotion_ratio=0.932130 stage2_graph_issue_width_current=16 stage2_vector_read_waves=242297 avg_stage2_scores_per_vector_wave=144.042163 stage2_vector_unique_reads=17740612 stage2_home_rpc_batches=246873 stage2_home_rpc_items=16571450 avg_stage2_home_rpc_batch=67.125405 stage2_home_score_rpc_batches=68598 stage2_home_score_rpc_items=15817577 stage2_home_score_rpc_queries=293853 stage2_home_score_rpc_request_bytes=497672784 stage2_home_score_rpc_response_bytes=509304816 avg_stage2_home_score_queries_per_rpc=4.283696 avg_stage2_home_score_rpc_batch=230.583647 stage2_home_scored_neighbors=32976907 home_scores_per_expansion=1.989983 stage2_migrations=4674 home_match_rate=0.870648 stage2_final_edges=1305985 stage2_cross_edges_stage1_home=239973 stage2_cross_edges_final_home=117787 cross_edge_reduction_ratio=0.509166 failed=0 rpc_timeouts=0 reverse_aggregate_batches=0 reverse_aggregate_logical_requests=0 reverse_aggregate_ops=0 avg_reverse_aggregate_logicals=0.000000 avg_reverse_aggregate_ops=0.000000 max_backlog=26335 admission_window=65536 completion_outstanding=26876 completion_incomplete=26580 completed_behind_hole=296 completion_logical_full_failures=0 completion_physical_full_failures=0 pressure_yields=713458 stage2_batches=4558 avg_stage2_batch_size=7.983765 packing_target_batch=8 packing_admit_queue_avg=10666.267442 packing_admit_queue_max=26335 packing_batch_1_7=26 packing_batch_8=4532 packing_assembly_batches=4558 packing_assembly_wait_ms=92900849.019288 packing_arrival_interval_us=2145 packing_waited_batches=26 packing_wait_ms=463.923000 packing_target_flushes=4532 packing_deadline_flushes=26 packing_cleanup_flushes=0 stage2_phase_search_attempts=4533 stage2_phase_search_task_attempts=36190 stage2_phase_search_elapsed_ms=2778202.005723 avg_stage2_phase_search_us_per_task=76767.118147 stage2_phase_freeze_prune_attempts=5582 stage2_phase_freeze_prune_task_attempts=44564 stage2_phase_freeze_prune_elapsed_ms=213665.746188 avg_stage2_phase_freeze_prune_us_per_task=4794.581864 stage2_phase_reverse_prepare_attempts=4527 stage2_phase_reverse_prepare_task_attempts=36142 stage2_phase_reverse_prepare_elapsed_ms=548263.474185 avg_stage2_phase_reverse_prepare_us_per_task=15169.704891 stage2_phase_placement_authority_attempts=4526 stage2_phase_placement_authority_task_attempts=36134 stage2_phase_placement_authority_elapsed_ms=226622.523376 avg_stage2_phase_placement_authority_us_per_task=6271.725338 stage2_phase_completion_handoff_attempts=4526 stage2_phase_completion_handoff_task_attempts=36134 stage2_phase_completion_handoff_elapsed_ms=12.595849 avg_stage2_phase_completion_handoff_us_per_task=0.348587 stage2_phase_finalize_attempts=4526 stage2_phase_finalize_task_attempts=36134 stage2_phase_finalize_elapsed_ms=54.978589 avg_stage2_phase_finalize_us_per_task=1.521520 maintenance_worker_idle_waits=540416 maintenance_worker_idle_ms=449407.695977 maintenance_lost_wake_avoided=40127 maintenance_targeted_wakes=960970 maintenance_generic_wakes=36996 maintenance_broadcast_wakes=0 maintenance_context_slots_scanned=2961424 maintenance_ready_notifications=664653 maintenance_ready_stale_notifications=158 maintenance_ready_tickets_drained=530513 maintenance_ready_overflow_scans=0 maintenance_ready_fallback_scans=185191 stage2_search_lane_lease_limit=32 stage2_search_lane_lease_peak=23 stage2_search_lane_lease_blocked=0 maintenance_worker_observed_idle_ratio=0.431966 maintenance_worker_observed_busy_ratio=0.568034 physical_stage1_items=62727 physical_stage1_total_ns=265999199375 physical_stage1_search_ns=243572246685 physical_stage1_prune_ns=15358043185 physical_stage1_allocate_write_ns=5229992999 physical_stage1_backlink_ns=1147493160 physical_stage1_candidates=7950459 physical_stage1_remote_frontier_items=28381492 physical_stage1_neighbors=2044019 peer_stage1_enqueued=60546 peer_stage1_processed=60542 peer_stage1_items=100206 avg_peer_stage1_items=1.655148 peer_stage1_rate_per_sec=770.535141 peer_stage1_max_queue=39 peer_stage1_active_workers=3 peer_stage2_home_enqueued=212661 peer_stage2_home_processed=212660 peer_stage2_home_items=18146240 avg_peer_stage2_home_items=85.329822 peer_stage2_home_max_queue=34 peer_stage2_home_response_queue_drops=0 peer_stage2_home_response_send_wait_ms=5909.999826 avg_peer_stage2_home_queue_wait_us=105.907715 avg_peer_stage2_home_execution_us=113.750298 peer_stage1_release_deferred_batches=164 peer_stage1_release_deferred_items=266 peer_stage1_duplicate_retry_responses=0 peer_stage1_admission_retry_responses=0 peer_stage1_retry_response_drops=0 peer_stage1_admission_waiters=0 peer_stage1_admission_waiter_items=0 peer_stage1_admission_owned_items=0 peer_stage1_admission_wake_coverage=0 peer_stage1_admission_parked=0 peer_stage1_admission_woken=0 peer_stage1_admission_reparked=0 peer_stage1_max_admission_waiters=0 peer_stage1_duplicate_coalesced=28 peer_reverse_enqueued=14068 peer_reverse_processed=14068 peer_reverse_remaining=0 peer_reverse_items_enqueued=232346 peer_reverse_items_processed=232346 peer_reverse_rate_per_sec=1786.627126 peer_reverse_failed=10 peer_reverse_max_queue=17 reclaim_pending=27 reclaim_reused=4647 dynamic_high_watermark=25786443888 stage2_remaining=26324 cleanup_remaining=0 active_contexts=32 active_context_limit=32 repair_remaining=0 remaining=26580
[STATUS]: storage-owner maintenance observation: enqueued=65411 stage2_enqueued=65411 cleanup_enqueued=0 stage2_tasks_done=37478 stage2_finalized_live=37478 cleanup_processed=0 stale=0 stage2_completion_ratio=0.572962 live_stage2_completion_ratio=0.572962 avg_stage2_delay_ms=22145.950205 p99_stage2_delay_upper_ms=30000.000000 p99_stage2_delay_over_30s=true stage2_delay_histogram=0,0,0,0,0,0,27,82,159,191,623,1429,3504,1814,4026,4444,8060,13119 max_stage2_delay_ms=53103.637487 compaction_batch_target=32 compaction_max_delay_ms=25.000000 stage2_rate_per_sec=277.516160 stage1_search_budget_exhausted=0 stage2_search_budget_exhausted=0 stage2_continuations=37734 stage2_remote_frontier_items=17040850 avg_stage2_remote_frontier=451.604654 stage2_remote_expansions=745284 avg_stage2_remote_expansions=19.750994 stage2_scored_candidates=36182221 avg_stage2_scored_candidates=958.875841 stage2_graph_read_waves=222533 avg_stage2_expansions_per_graph_wave=3.349094 stage2_graph_unique_reads=781150 stage2_graph_prefetch_issued=492431 stage2_graph_prefetch_hits=458475 stage2_graph_prefetch_wasted=33447 stage2_graph_prefetch_promotion_ratio=0.932008 stage2_graph_issue_width_current=16 stage2_vector_read_waves=251032 avg_stage2_scores_per_vector_wave=144.133899 stage2_vector_unique_reads=18393849 stage2_home_rpc_batches=255832 stage2_home_rpc_items=17181565 avg_stage2_home_rpc_batch=67.159562 stage2_home_score_rpc_batches=71164 stage2_home_score_rpc_items=16400415 stage2_home_score_rpc_queries=304272 stage2_home_score_rpc_request_bytes=515892656 stage2_home_score_rpc_response_bytes=528075256 avg_stage2_home_score_queries_per_rpc=4.275645 avg_stage2_home_score_rpc_batch=230.459432 stage2_home_scored_neighbors=34187685 home_scores_per_expansion=1.989789 stage2_migrations=4844 home_match_rate=0.870751 stage2_final_edges=1355162 stage2_cross_edges_stage1_home=248889 stage2_cross_edges_final_home=122333 cross_edge_reduction_ratio=0.508484 failed=0 rpc_timeouts=0 reverse_aggregate_batches=0 reverse_aggregate_logical_requests=0 reverse_aggregate_ops=0 avg_reverse_aggregate_logicals=0.000000 avg_reverse_aggregate_ops=0.000000 max_backlog=27678 admission_window=65536 completion_outstanding=28365 completion_incomplete=27933 completed_behind_hole=432 completion_logical_full_failures=0 completion_physical_full_failures=0 pressure_yields=740115 stage2_batches=4726 avg_stage2_batch_size=7.984342 packing_target_batch=8 packing_admit_queue_avg=11248.012484 packing_admit_queue_max=27678 packing_batch_1_7=26 packing_batch_8=4700 packing_assembly_batches=4726 packing_assembly_wait_ms=101494741.319388 packing_arrival_interval_us=2655 packing_waited_batches=26 packing_wait_ms=463.923000 packing_target_flushes=4700 packing_deadline_flushes=26 packing_cleanup_flushes=0 stage2_phase_search_attempts=4706 stage2_phase_search_task_attempts=37574 stage2_phase_search_elapsed_ms=2899413.296795 avg_stage2_phase_search_us_per_task=77165.414829 stage2_phase_freeze_prune_attempts=5794 stage2_phase_freeze_prune_task_attempts=46260 stage2_phase_freeze_prune_elapsed_ms=223169.075236 avg_stage2_phase_freeze_prune_us_per_task=4824.234225 stage2_phase_reverse_prepare_attempts=4700 stage2_phase_reverse_prepare_task_attempts=37526 stage2_phase_reverse_prepare_elapsed_ms=570693.310310 avg_stage2_phase_reverse_prepare_us_per_task=15207.944100 stage2_phase_placement_authority_attempts=4694 stage2_phase_placement_authority_task_attempts=37478 stage2_phase_placement_authority_elapsed_ms=235165.221018 avg_stage2_phase_placement_authority_us_per_task=6274.753749 stage2_phase_completion_handoff_attempts=4694 stage2_phase_completion_handoff_task_attempts=37478 stage2_phase_completion_handoff_elapsed_ms=13.077280 avg_stage2_phase_completion_handoff_us_per_task=0.348932 stage2_phase_finalize_attempts=4694 stage2_phase_finalize_task_attempts=37478 stage2_phase_finalize_elapsed_ms=57.063784 avg_stage2_phase_finalize_us_per_task=1.522594 maintenance_worker_idle_waits=560320 maintenance_worker_idle_ms=465133.611570 maintenance_lost_wake_avoided=41499 maintenance_targeted_wakes=996142 maintenance_generic_wakes=38572 maintenance_broadcast_wakes=0 maintenance_context_slots_scanned=3069232 maintenance_ready_notifications=688989 maintenance_ready_stale_notifications=161 maintenance_ready_tickets_drained=549703 maintenance_ready_overflow_scans=0 maintenance_ready_fallback_scans=191919 stage2_search_lane_lease_limit=32 stage2_search_lane_lease_peak=23 stage2_search_lane_lease_blocked=0 maintenance_worker_observed_idle_ratio=0.430526 maintenance_worker_observed_busy_ratio=0.569474 physical_stage1_items=65426 physical_stage1_total_ns=277401183420 physical_stage1_search_ns=254049674172 physical_stage1_prune_ns=16011689270 physical_stage1_allocate_write_ns=5423765457 physical_stage1_backlink_ns=1195742428 physical_stage1_candidates=8289993 physical_stage1_remote_frontier_items=29637583 physical_stage1_neighbors=2132988 peer_stage1_enqueued=63128 peer_stage1_processed=63126 peer_stage1_items=104549 avg_peer_stage1_items=1.656196 peer_stage1_rate_per_sec=774.161827 peer_stage1_max_queue=39 peer_stage1_active_workers=2 peer_stage2_home_enqueued=219623 peer_stage2_home_processed=219623 peer_stage2_home_items=18734698 avg_peer_stage2_home_items=85.303898 peer_stage2_home_max_queue=34 peer_stage2_home_response_queue_drops=0 peer_stage2_home_response_send_wait_ms=6123.100199 avg_peer_stage2_home_queue_wait_us=105.822117 avg_peer_stage2_home_execution_us=113.595906 peer_stage1_release_deferred_batches=169 peer_stage1_release_deferred_items=272 peer_stage1_duplicate_retry_responses=0 peer_stage1_admission_retry_responses=0 peer_stage1_retry_response_drops=0 peer_stage1_admission_waiters=0 peer_stage1_admission_waiter_items=0 peer_stage1_admission_owned_items=0 peer_stage1_admission_wake_coverage=0 peer_stage1_admission_parked=0 peer_stage1_admission_woken=0 peer_stage1_admission_reparked=0 peer_stage1_max_admission_waiters=0 peer_stage1_duplicate_coalesced=28 peer_reverse_enqueued=14537 peer_reverse_processed=14537 peer_reverse_remaining=0 peer_reverse_items_enqueued=239775 peer_reverse_items_processed=239775 peer_reverse_rate_per_sec=1775.479939 peer_reverse_failed=10 peer_reverse_max_queue=17 reclaim_pending=36 reclaim_reused=4808 dynamic_high_watermark=25789900320 stage2_remaining=27677 cleanup_remaining=0 active_contexts=32 active_context_limit=32 repair_remaining=0 remaining=27933
[STATUS]: storage-owner maintenance observation: enqueued=68055 stage2_enqueued=68055 cleanup_enqueued=0 stage2_tasks_done=38742 stage2_finalized_live=38742 cleanup_processed=0 stale=0 stage2_completion_ratio=0.569275 live_stage2_completion_ratio=0.569275 avg_stage2_delay_ms=23196.823518 p99_stage2_delay_upper_ms=30000.000000 p99_stage2_delay_over_30s=true stage2_delay_histogram=0,0,0,0,0,0,27,82,159,191,623,1429,3504,1814,4026,4444,8060,14383 max_stage2_delay_ms=56511.156122 compaction_batch_target=32 compaction_max_delay_ms=25.000000 stage2_rate_per_sec=276.627943 stage1_search_budget_exhausted=0 stage2_search_budget_exhausted=0 stage2_continuations=38998 stage2_remote_frontier_items=17586328 avg_stage2_remote_frontier=450.954613 stage2_remote_expansions=771411 avg_stage2_remote_expansions=19.780784 stage2_scored_candidates=37400469 avg_stage2_scored_candidates=959.035566 stage2_graph_read_waves=230390 avg_stage2_expansions_per_graph_wave=3.348283 stage2_graph_unique_reads=809640 stage2_graph_prefetch_issued=510288 stage2_graph_prefetch_hits=475087 stage2_graph_prefetch_wasted=34649 stage2_graph_prefetch_promotion_ratio=0.932026 stage2_graph_issue_width_current=16 stage2_vector_read_waves=259683 avg_stage2_scores_per_vector_wave=144.023556 stage2_vector_unique_reads=18988907 stage2_home_rpc_batches=264726 stage2_home_rpc_items=17738919 avg_stage2_home_rpc_batch=67.008601 stage2_home_score_rpc_batches=73505 stage2_home_score_rpc_items=16929288 stage2_home_score_rpc_queries=314016 stage2_home_score_rpc_request_bytes=532550720 stage2_home_score_rpc_response_bytes=545109216 avg_stage2_home_score_queries_per_rpc=4.272036 avg_stage2_home_score_rpc_batch=230.314781 stage2_home_scored_neighbors=35339803 home_scores_per_expansion=1.992219 stage2_migrations=5022 home_match_rate=0.870373 stage2_final_edges=1399709 stage2_cross_edges_stage1_home=257341 stage2_cross_edges_final_home=126123 cross_edge_reduction_ratio=0.509899 failed=0 rpc_timeouts=0 reverse_aggregate_batches=0 reverse_aggregate_logical_requests=0 reverse_aggregate_ops=0 avg_reverse_aggregate_logicals=0.000000 avg_reverse_aggregate_ops=0.000000 max_backlog=29057 admission_window=65536 completion_outstanding=29577 completion_incomplete=29313 completed_behind_hole=264 completion_logical_full_failures=0 completion_physical_full_failures=0 pressure_yields=767025 stage2_batches=4884 avg_stage2_batch_size=7.984848 packing_target_batch=8 packing_admit_queue_avg=11803.707002 packing_admit_queue_max=29053 packing_batch_1_7=26 packing_batch_8=4858 packing_assembly_batches=4884 packing_assembly_wait_ms=110010699.389846 packing_arrival_interval_us=1752 packing_waited_batches=26 packing_wait_ms=463.923000 packing_target_flushes=4858 packing_deadline_flushes=26 packing_cleanup_flushes=0 stage2_phase_search_attempts=4860 stage2_phase_search_task_attempts=38806 stage2_phase_search_elapsed_ms=3013147.836130 avg_stage2_phase_search_us_per_task=77646.442203 stage2_phase_freeze_prune_attempts=5986 stage2_phase_freeze_prune_task_attempts=47796 stage2_phase_freeze_prune_elapsed_ms=232227.104414 avg_stage2_phase_freeze_prune_us_per_task=4858.714211 stage2_phase_reverse_prepare_attempts=4855 stage2_phase_reverse_prepare_task_attempts=38766 stage2_phase_reverse_prepare_elapsed_ms=590932.709688 avg_stage2_phase_reverse_prepare_us_per_task=15243.582255 stage2_phase_placement_authority_attempts=4852 stage2_phase_placement_authority_task_attempts=38742 stage2_phase_placement_authority_elapsed_ms=244932.197298 avg_stage2_phase_placement_authority_us_per_task=6322.136113 stage2_phase_completion_handoff_attempts=4852 stage2_phase_completion_handoff_task_attempts=38742 stage2_phase_completion_handoff_elapsed_ms=13.525191 avg_stage2_phase_completion_handoff_us_per_task=0.349109 stage2_phase_finalize_attempts=4852 stage2_phase_finalize_task_attempts=38742 stage2_phase_finalize_elapsed_ms=59.132862 avg_stage2_phase_finalize_us_per_task=1.526324 maintenance_worker_idle_waits=580544 maintenance_worker_idle_ms=480590.118826 maintenance_lost_wake_avoided=42889 maintenance_targeted_wakes=1030459 maintenance_generic_wakes=40136 maintenance_broadcast_wakes=0 maintenance_context_slots_scanned=3177200 maintenance_ready_notifications=713144 maintenance_ready_stale_notifications=165 maintenance_ready_tickets_drained=569038 maintenance_ready_overflow_scans=0 maintenance_ready_fallback_scans=198662 stage2_search_lane_lease_limit=32 stage2_search_lane_lease_peak=23 stage2_search_lane_lease_blocked=0 maintenance_worker_observed_idle_ratio=0.428942 maintenance_worker_observed_busy_ratio=0.571058 physical_stage1_items=68065 physical_stage1_total_ns=288327557421 physical_stage1_search_ns=264096537062 physical_stage1_prune_ns=16640452340 physical_stage1_allocate_write_ns=5594417075 physical_stage1_backlink_ns=1244961465 physical_stage1_candidates=8621647 physical_stage1_remote_frontier_items=30856337 physical_stage1_neighbors=2217890 peer_stage1_enqueued=65680 peer_stage1_processed=65663 peer_stage1_items=108734 avg_peer_stage1_items=1.655940 peer_stage1_rate_per_sec=776.389003 peer_stage1_max_queue=39 peer_stage1_active_workers=3 peer_stage2_home_enqueued=226746 peer_stage2_home_processed=226746 peer_stage2_home_items=19361688 avg_peer_stage2_home_items=85.389326 peer_stage2_home_max_queue=34 peer_stage2_home_response_queue_drops=0 peer_stage2_home_response_send_wait_ms=6373.845794 avg_peer_stage2_home_queue_wait_us=106.698972 avg_peer_stage2_home_execution_us=113.506856 peer_stage1_release_deferred_batches=172 peer_stage1_release_deferred_items=277 peer_stage1_duplicate_retry_responses=0 peer_stage1_admission_retry_responses=0 peer_stage1_retry_response_drops=0 peer_stage1_admission_waiters=0 peer_stage1_admission_waiter_items=0 peer_stage1_admission_owned_items=0 peer_stage1_admission_wake_coverage=0 peer_stage1_admission_parked=0 peer_stage1_admission_woken=0 peer_stage1_admission_reparked=0 peer_stage1_max_admission_waiters=0 peer_stage1_duplicate_coalesced=29 peer_reverse_enqueued=15036 peer_reverse_processed=15035 peer_reverse_remaining=1 peer_reverse_items_enqueued=247793 peer_reverse_items_processed=247705 peer_reverse_rate_per_sec=1768.678039 peer_reverse_failed=11 peer_reverse_max_queue=17 reclaim_pending=24 reclaim_reused=4998 dynamic_high_watermark=25793253072 stage2_remaining=29057 cleanup_remaining=0 active_contexts=32 active_context_limit=32 repair_remaining=0 remaining=29313
[STATUS]: storage-owner maintenance observation: enqueued=70685 stage2_enqueued=70685 cleanup_enqueued=0 stage2_tasks_done=40070 stage2_finalized_live=40070 cleanup_processed=0 stale=0 stage2_completion_ratio=0.566881 live_stage2_completion_ratio=0.566881 avg_stage2_delay_ms=24312.702090 p99_stage2_delay_upper_ms=30000.000000 p99_stage2_delay_over_30s=true stage2_delay_histogram=0,0,0,0,0,0,27,82,159,191,623,1429,3504,1814,4026,4444,8060,15711 max_stage2_delay_ms=58774.215985 compaction_batch_target=32 compaction_max_delay_ms=25.000000 stage2_rate_per_sec=276.247674 stage1_search_budget_exhausted=0 stage2_search_budget_exhausted=0 stage2_continuations=40326 stage2_remote_frontier_items=18204955 avg_stage2_remote_frontier=451.444601 stage2_remote_expansions=798511 avg_stage2_remote_expansions=19.801394 stage2_scored_candidates=38687047 avg_stage2_scored_candidates=959.357412 stage2_graph_read_waves=237999 avg_stage2_expansions_per_graph_wave=3.355102 stage2_graph_unique_reads=837520 stage2_graph_prefetch_issued=528587 stage2_graph_prefetch_hits=492275 stage2_graph_prefetch_wasted=35796 stage2_graph_prefetch_promotion_ratio=0.932214 stage2_graph_issue_width_current=16 stage2_vector_read_waves=268730 avg_stage2_scores_per_vector_wave=143.962516 stage2_vector_unique_reads=19642755 stage2_home_rpc_batches=273556 stage2_home_rpc_items=18350746 avg_stage2_home_rpc_batch=67.082228 stage2_home_score_rpc_batches=76052 stage2_home_score_rpc_items=17513226 stage2_home_score_rpc_queries=324436 stage2_home_score_rpc_request_bytes=550810072 stage2_home_score_rpc_response_bytes=563914288 avg_stage2_home_score_queries_per_rpc=4.265976 avg_stage2_home_score_rpc_batch=230.279624 stage2_home_scored_neighbors=36556189 home_scores_per_expansion=1.992082 stage2_migrations=5203 home_match_rate=0.870152 stage2_final_edges=1446778 stage2_cross_edges_stage1_home=266275 stage2_cross_edges_final_home=130441 cross_edge_reduction_ratio=0.510127 failed=0 rpc_timeouts=0 reverse_aggregate_batches=0 reverse_aggregate_logical_requests=0 reverse_aggregate_ops=0 avg_reverse_aggregate_logicals=0.000000 avg_reverse_aggregate_ops=0.000000 max_backlog=30364 admission_window=65536 completion_outstanding=30959 completion_incomplete=30615 completed_behind_hole=344 completion_logical_full_failures=0 completion_physical_full_failures=0 pressure_yields=794677 stage2_batches=5050 avg_stage2_batch_size=7.985347 packing_target_batch=8 packing_admit_queue_avg=12392.978020 packing_admit_queue_max=30364 packing_batch_1_7=26 packing_batch_8=5024 packing_assembly_batches=5050 packing_assembly_wait_ms=119370954.194975 packing_arrival_interval_us=3312 packing_waited_batches=26 packing_wait_ms=463.923000 packing_target_flushes=5024 packing_deadline_flushes=26 packing_cleanup_flushes=0 stage2_phase_search_attempts=5025 stage2_phase_search_task_attempts=40126 stage2_phase_search_elapsed_ms=3134019.642225 avg_stage2_phase_search_us_per_task=78104.462000 stage2_phase_freeze_prune_attempts=6178 stage2_phase_freeze_prune_task_attempts=49332 stage2_phase_freeze_prune_elapsed_ms=241807.863408 avg_stage2_phase_freeze_prune_us_per_task=4901.643222 stage2_phase_reverse_prepare_attempts=5019 stage2_phase_reverse_prepare_task_attempts=40078 stage2_phase_reverse_prepare_elapsed_ms=612475.373818 avg_stage2_phase_reverse_prepare_us_per_task=15282.084281 stage2_phase_placement_authority_attempts=5018 stage2_phase_placement_authority_task_attempts=40070 stage2_phase_placement_authority_elapsed_ms=254036.462133 avg_stage2_phase_placement_authority_us_per_task=6339.816874 stage2_phase_completion_handoff_attempts=5018 stage2_phase_completion_handoff_task_attempts=40070 stage2_phase_completion_handoff_elapsed_ms=14.009737 avg_stage2_phase_completion_handoff_us_per_task=0.349632 stage2_phase_finalize_attempts=5018 stage2_phase_finalize_task_attempts=40070 stage2_phase_finalize_elapsed_ms=61.241535 avg_stage2_phase_finalize_us_per_task=1.528364 maintenance_worker_idle_waits=601088 maintenance_worker_idle_ms=495635.619643 maintenance_lost_wake_avoided=44372 maintenance_targeted_wakes=1066001 maintenance_generic_wakes=41667 maintenance_broadcast_wakes=0 maintenance_context_slots_scanned=3290624 maintenance_ready_notifications=737454 maintenance_ready_stale_notifications=166 maintenance_ready_tickets_drained=588438 maintenance_ready_overflow_scans=0 maintenance_ready_fallback_scans=205718 stage2_search_lane_lease_limit=32 stage2_search_lane_lease_peak=23 stage2_search_lane_lease_blocked=0 maintenance_worker_observed_idle_ratio=0.427122 maintenance_worker_observed_busy_ratio=0.572878 physical_stage1_items=70710 physical_stage1_total_ns=299346208615 physical_stage1_search_ns=274175638832 physical_stage1_prune_ns=17289896623 physical_stage1_allocate_write_ns=5798300782 physical_stage1_backlink_ns=1302806768 physical_stage1_candidates=8952459 physical_stage1_remote_frontier_items=32077400 physical_stage1_neighbors=2305153 peer_stage1_enqueued=68188 peer_stage1_processed=68181 peer_stage1_items=112958 avg_peer_stage1_items=1.656737 peer_stage1_rate_per_sec=778.746812 peer_stage1_max_queue=39 peer_stage1_active_workers=3 peer_stage2_home_enqueued=233941 peer_stage2_home_processed=233941 peer_stage2_home_items=19978895 avg_peer_stage2_home_items=85.401426 peer_stage2_home_max_queue=34 peer_stage2_home_response_queue_drops=0 peer_stage2_home_response_send_wait_ms=6562.552034 avg_peer_stage2_home_queue_wait_us=106.703312 avg_peer_stage2_home_execution_us=113.399491 peer_stage1_release_deferred_batches=180 peer_stage1_release_deferred_items=287 peer_stage1_duplicate_retry_responses=0 peer_stage1_admission_retry_responses=0 peer_stage1_retry_response_drops=0 peer_stage1_admission_waiters=0 peer_stage1_admission_waiter_items=0 peer_stage1_admission_owned_items=0 peer_stage1_admission_wake_coverage=0 peer_stage1_admission_parked=0 peer_stage1_admission_woken=0 peer_stage1_admission_reparked=0 peer_stage1_max_admission_waiters=0 peer_stage1_duplicate_coalesced=29 peer_reverse_enqueued=15517 peer_reverse_processed=15516 peer_reverse_remaining=1 peer_reverse_items_enqueued=255484 peer_reverse_items_processed=255473 peer_reverse_rate_per_sec=1761.263339 peer_reverse_failed=11 peer_reverse_max_queue=17 reclaim_pending=38 reclaim_reused=5165 dynamic_high_watermark=25796635632 stage2_remaining=30359 cleanup_remaining=0 active_contexts=32 active_context_limit=32 repair_remaining=0 remaining=30615
[STATUS]: storage-owner maintenance observation: enqueued=70957 stage2_enqueued=70957 cleanup_enqueued=0 stage2_tasks_done=50382 stage2_finalized_live=50382 cleanup_processed=0 stale=0 stage2_completion_ratio=0.710036 live_stage2_completion_ratio=0.710036 avg_stage2_delay_ms=29797.985140 p99_stage2_delay_upper_ms=30000.000000 p99_stage2_delay_over_30s=true stage2_delay_histogram=0,0,0,0,0,0,27,82,159,191,623,1429,3504,1814,4026,4444,8060,26023 max_stage2_delay_ms=59155.148202 compaction_batch_target=32 compaction_max_delay_ms=25.000000 stage2_rate_per_sec=335.765751 stage1_search_budget_exhausted=0 stage2_search_budget_exhausted=0 stage2_continuations=50638 stage2_remote_frontier_items=22906465 avg_stage2_remote_frontier=452.357222 stage2_remote_expansions=1006121 avg_stage2_remote_expansions=19.868893 stage2_scored_candidates=48723249 avg_stage2_scored_candidates=962.187468 stage2_graph_read_waves=299338 avg_stage2_expansions_per_graph_wave=3.361154 stage2_graph_unique_reads=1053086 stage2_graph_prefetch_issued=664851 stage2_graph_prefetch_hits=619450 stage2_graph_prefetch_wasted=44983 stage2_graph_prefetch_promotion_ratio=0.932299 stage2_graph_issue_width_current=16 stage2_vector_read_waves=340215 avg_stage2_scores_per_vector_wave=143.213112 stage2_vector_unique_reads=24747475 stage2_home_rpc_batches=349573 stage2_home_rpc_items=23101765 avg_stage2_home_rpc_batch=66.085667 stage2_home_score_rpc_batches=96249 stage2_home_score_rpc_items=22048679 stage2_home_score_rpc_queries=405417 stage2_home_score_rpc_request_bytes=692565688 stage2_home_score_rpc_response_bytes=709980760 avg_stage2_home_score_queries_per_rpc=4.212168 avg_stage2_home_score_rpc_batch=229.079564 stage2_home_scored_neighbors=46022584 home_scores_per_expansion=1.992167 stage2_migrations=6583 home_match_rate=0.869338 stage2_final_edges=1818914 stage2_cross_edges_stage1_home=335550 stage2_cross_edges_final_home=164557 cross_edge_reduction_ratio=0.509590 failed=0 rpc_timeouts=0 reverse_aggregate_batches=0 reverse_aggregate_logical_requests=0 reverse_aggregate_ops=0 avg_reverse_aggregate_logicals=0.000000 avg_reverse_aggregate_ops=0.000000 max_backlog=30526 admission_window=65536 completion_outstanding=20799 completion_incomplete=20575 completed_behind_hole=224 completion_logical_full_failures=0 completion_physical_full_failures=0 pressure_yields=936967 stage2_batches=6339 avg_stage2_batch_size=7.988326 packing_target_batch=8 packing_admit_queue_avg=15053.725982 packing_admit_queue_max=30526 packing_batch_1_7=26 packing_batch_8=6313 packing_assembly_batches=6339 packing_assembly_wait_ms=184639018.284788 packing_arrival_interval_us=1565 packing_waited_batches=26 packing_wait_ms=463.923000 packing_target_flushes=6313 packing_deadline_flushes=26 packing_cleanup_flushes=0 stage2_phase_search_attempts=6315 stage2_phase_search_task_attempts=50446 stage2_phase_search_elapsed_ms=3250717.081751 avg_stage2_phase_search_us_per_task=64439.540930 stage2_phase_freeze_prune_attempts=8768 stage2_phase_freeze_prune_task_attempts=70052 stage2_phase_freeze_prune_elapsed_ms=248988.814941 avg_stage2_phase_freeze_prune_us_per_task=3554.342702 stage2_phase_reverse_prepare_attempts=6308 stage2_phase_reverse_prepare_task_attempts=50390 stage2_phase_reverse_prepare_elapsed_ms=646559.257587 avg_stage2_phase_reverse_prepare_us_per_task=12831.102552 stage2_phase_placement_authority_attempts=6307 stage2_phase_placement_authority_task_attempts=50382 stage2_phase_placement_authority_elapsed_ms=259674.038486 avg_stage2_phase_placement_authority_us_per_task=5154.103420 stage2_phase_completion_handoff_attempts=6307 stage2_phase_completion_handoff_task_attempts=50382 stage2_phase_completion_handoff_elapsed_ms=15.819175 avg_stage2_phase_completion_handoff_us_per_task=0.313985 stage2_phase_finalize_attempts=6307 stage2_phase_finalize_task_attempts=50382 stage2_phase_finalize_elapsed_ms=71.528690 avg_stage2_phase_finalize_us_per_task=1.419727 maintenance_worker_idle_waits=697216 maintenance_worker_idle_ms=502971.851744 maintenance_lost_wake_avoided=60659 maintenance_targeted_wakes=1376208 maintenance_generic_wakes=41824 maintenance_broadcast_wakes=0 maintenance_context_slots_scanned=3893008 maintenance_ready_notifications=940479 maintenance_ready_stale_notifications=166 maintenance_ready_tickets_drained=737736 maintenance_ready_overflow_scans=0 maintenance_ready_fallback_scans=243398 stage2_search_lane_lease_limit=32 stage2_search_lane_lease_peak=23 stage2_search_lane_lease_blocked=0 maintenance_worker_observed_idle_ratio=0.419001 maintenance_worker_observed_busy_ratio=0.580999 physical_stage1_items=70957 physical_stage1_total_ns=300406939513 physical_stage1_search_ns=275149020725 physical_stage1_prune_ns=17349018185 physical_stage1_allocate_write_ns=5819793146 physical_stage1_backlink_ns=1306988371 physical_stage1_candidates=8983582 physical_stage1_remote_frontier_items=32192265 physical_stage1_neighbors=2313376 peer_stage1_enqueued=68427 peer_stage1_processed=68427 peer_stage1_items=113378 avg_peer_stage1_items=1.656919 peer_stage1_rate_per_sec=755.596230 peer_stage1_max_queue=39 peer_stage1_active_workers=0 peer_stage2_home_enqueued=302505 peer_stage2_home_processed=302505 peer_stage2_home_items=25518056 avg_peer_stage2_home_items=84.355816 peer_stage2_home_max_queue=34 peer_stage2_home_response_queue_drops=0 peer_stage2_home_response_send_wait_ms=7144.479257 avg_peer_stage2_home_queue_wait_us=88.067581 avg_peer_stage2_home_execution_us=115.622313 peer_stage1_release_deferred_batches=180 peer_stage1_release_deferred_items=287 peer_stage1_duplicate_retry_responses=0 peer_stage1_admission_retry_responses=0 peer_stage1_retry_response_drops=0 peer_stage1_admission_waiters=0 peer_stage1_admission_waiter_items=0 peer_stage1_admission_owned_items=0 peer_stage1_admission_wake_coverage=0 peer_stage1_admission_parked=0 peer_stage1_admission_woken=0 peer_stage1_admission_reparked=0 peer_stage1_max_admission_waiters=0 peer_stage1_duplicate_coalesced=29 peer_reverse_enqueued=19892 peer_reverse_processed=19890 peer_reverse_remaining=2 peer_reverse_items_enqueued=326561 peer_reverse_items_processed=326463 peer_reverse_rate_per_sec=2175.679692 peer_reverse_failed=15 peer_reverse_max_queue=17 reclaim_pending=214 reclaim_reused=6369 dynamic_high_watermark=25796970000 stage2_remaining=20319 cleanup_remaining=0 active_contexts=32 active_context_limit=32 repair_remaining=0 remaining=20575
[STATUS]: storage-owner maintenance observation: enqueued=70957 stage2_enqueued=70957 cleanup_enqueued=0 stage2_tasks_done=62078 stage2_finalized_live=62078 cleanup_processed=0 stale=0 stage2_completion_ratio=0.874868 live_stage2_completion_ratio=0.874868 avg_stage2_delay_ms=30745.100462 p99_stage2_delay_upper_ms=30000.000000 p99_stage2_delay_over_30s=true stage2_delay_histogram=0,0,0,0,0,0,27,82,159,191,623,1429,3504,1814,4026,4444,10621,35158 max_stage2_delay_ms=59155.148202 compaction_batch_target=32 compaction_max_delay_ms=25.000000 stage2_rate_per_sec=400.371379 stage1_search_budget_exhausted=0 stage2_search_budget_exhausted=0 stage2_continuations=62334 stage2_remote_frontier_items=28211853 avg_stage2_remote_frontier=452.591732 stage2_remote_expansions=1243710 avg_stage2_remote_expansions=19.952353 stage2_scored_candidates=60130822 avg_stage2_scored_candidates=964.655276 stage2_graph_read_waves=369030 avg_stage2_expansions_per_graph_wave=3.370214 stage2_graph_unique_reads=1300687 stage2_graph_prefetch_issued=822559 stage2_graph_prefetch_hits=766722 stage2_graph_prefetch_wasted=55447 stage2_graph_prefetch_promotion_ratio=0.932560 stage2_graph_issue_width_current=16 stage2_vector_read_waves=422287 avg_stage2_scores_per_vector_wave=142.393259 stage2_vector_unique_reads=30494240 stage2_home_rpc_batches=436539 stage2_home_rpc_items=28450134 avg_stage2_home_rpc_batch=65.172033 stage2_home_score_rpc_batches=119028 stage2_home_score_rpc_items=27149447 stage2_home_score_rpc_queries=494900 stage2_home_score_rpc_request_bytes=851368528 stage2_home_score_rpc_response_bytes=874248880 avg_stage2_home_score_queries_per_rpc=4.157845 avg_stage2_home_score_rpc_batch=228.092945 stage2_home_scored_neighbors=56783902 home_scores_per_expansion=1.995910 stage2_migrations=8161 home_match_rate=0.868536 stage2_final_edges=2239939 stage2_cross_edges_stage1_home=414808 stage2_cross_edges_final_home=203055 cross_edge_reduction_ratio=0.510484 failed=0 rpc_timeouts=0 reverse_aggregate_batches=0 reverse_aggregate_logical_requests=0 reverse_aggregate_ops=0 avg_reverse_aggregate_logicals=0.000000 avg_reverse_aggregate_ops=0.000000 max_backlog=30526 admission_window=65536 completion_outstanding=9199 completion_incomplete=8879 completed_behind_hole=320 completion_logical_full_failures=0 completion_physical_full_failures=0 pressure_yields=1103545 stage2_batches=7801 avg_stage2_batch_size=7.990514 packing_target_batch=8 packing_admit_queue_avg=14945.265863 packing_admit_queue_max=30526 packing_batch_1_7=26 packing_batch_8=7775 packing_assembly_batches=7801 packing_assembly_wait_ms=234850870.397610 packing_arrival_interval_us=1565 packing_waited_batches=26 packing_wait_ms=463.923000 packing_target_flushes=7775 packing_deadline_flushes=26 packing_cleanup_flushes=0 stage2_phase_search_attempts=7780 stage2_phase_search_task_attempts=62166 stage2_phase_search_elapsed_ms=3356194.661645 avg_stage2_phase_search_us_per_task=53987.624451 stage2_phase_freeze_prune_attempts=11741 stage2_phase_freeze_prune_task_attempts=93836 stage2_phase_freeze_prune_elapsed_ms=255716.240561 avg_stage2_phase_freeze_prune_us_per_task=2725.140038 stage2_phase_reverse_prepare_attempts=7770 stage2_phase_reverse_prepare_task_attempts=62086 stage2_phase_reverse_prepare_elapsed_ms=679928.260797 avg_stage2_phase_reverse_prepare_us_per_task=10951.394208 stage2_phase_placement_authority_attempts=7769 stage2_phase_placement_authority_task_attempts=62078 stage2_phase_placement_authority_elapsed_ms=265238.412712 avg_stage2_phase_placement_authority_us_per_task=4272.663628 stage2_phase_completion_handoff_attempts=7769 stage2_phase_completion_handoff_task_attempts=62078 stage2_phase_completion_handoff_elapsed_ms=17.707954 avg_stage2_phase_completion_handoff_us_per_task=0.285253 stage2_phase_finalize_attempts=7769 stage2_phase_finalize_task_attempts=62078 stage2_phase_finalize_elapsed_ms=82.731777 avg_stage2_phase_finalize_us_per_task=1.332707 maintenance_worker_idle_waits=809472 maintenance_worker_idle_ms=509617.779527 maintenance_lost_wake_avoided=79106 maintenance_targeted_wakes=1735834 maintenance_generic_wakes=41824 maintenance_broadcast_wakes=0 maintenance_context_slots_scanned=4576336 maintenance_ready_notifications=1173597 maintenance_ready_stale_notifications=166 maintenance_ready_tickets_drained=908824 maintenance_ready_overflow_scans=0 maintenance_ready_fallback_scans=286135 stage2_search_lane_lease_limit=32 stage2_search_lane_lease_peak=23 stage2_search_lane_lease_blocked=0 maintenance_worker_observed_idle_ratio=0.410847 maintenance_worker_observed_busy_ratio=0.589153 physical_stage1_items=70957 physical_stage1_total_ns=300406939513 physical_stage1_search_ns=275149020725 physical_stage1_prune_ns=17349018185 physical_stage1_allocate_write_ns=5819793146 physical_stage1_backlink_ns=1306988371 physical_stage1_candidates=8983582 physical_stage1_remote_frontier_items=32192265 physical_stage1_neighbors=2313376 peer_stage1_enqueued=68427 peer_stage1_processed=68427 peer_stage1_items=113378 avg_peer_stage1_items=1.656919 peer_stage1_rate_per_sec=731.230166 peer_stage1_max_queue=39 peer_stage1_active_workers=2 peer_stage2_home_enqueued=381210 peer_stage2_home_processed=381206 peer_stage2_home_items=32040927 avg_peer_stage2_home_items=84.051476 peer_stage2_home_max_queue=34 peer_stage2_home_response_queue_drops=0 peer_stage2_home_response_send_wait_ms=7778.007496 avg_peer_stage2_home_queue_wait_us=75.173729 avg_peer_stage2_home_execution_us=117.781475 peer_stage1_release_deferred_batches=180 peer_stage1_release_deferred_items=287 peer_stage1_duplicate_retry_responses=0 peer_stage1_admission_retry_responses=0 peer_stage1_retry_response_drops=0 peer_stage1_admission_waiters=0 peer_stage1_admission_waiter_items=0 peer_stage1_admission_owned_items=0 peer_stage1_admission_wake_coverage=0 peer_stage1_admission_parked=0 peer_stage1_admission_woken=0 peer_stage1_admission_reparked=0 peer_stage1_max_admission_waiters=0 peer_stage1_duplicate_coalesced=29 peer_reverse_enqueued=25090 peer_reverse_processed=25089 peer_reverse_remaining=1 peer_reverse_items_enqueued=412331 peer_reverse_items_processed=412259 peer_reverse_rate_per_sec=2658.859892 peer_reverse_failed=18 peer_reverse_max_queue=22 reclaim_pending=333 reclaim_reused=7828 dynamic_high_watermark=25796970000 stage2_remaining=8623 cleanup_remaining=0 active_contexts=32 active_context_limit=32 repair_remaining=0 remaining=8879
[STATUS]: storage-owner maintenance observation: enqueued=70957 stage2_enqueued=70957 cleanup_enqueued=0 stage2_tasks_done=70957 stage2_finalized_live=70957 cleanup_processed=0 stale=0 stage2_completion_ratio=1.000000 live_stage2_completion_ratio=1.000000 avg_stage2_delay_ms=29345.403424 p99_stage2_delay_upper_ms=30000.000000 p99_stage2_delay_over_30s=true stage2_delay_histogram=0,0,0,0,0,0,27,82,159,191,623,1429,3504,1814,4026,6552,17392,35158 max_stage2_delay_ms=59155.148202 compaction_batch_target=32 compaction_max_delay_ms=25.000000 stage2_rate_per_sec=443.336253 stage1_search_budget_exhausted=0 stage2_search_budget_exhausted=0 stage2_continuations=70957 stage2_remote_frontier_items=32192265 avg_stage2_remote_frontier=453.686951 stage2_remote_expansions=1424334 avg_stage2_remote_expansions=20.073199 stage2_scored_candidates=68691597 avg_stage2_scored_candidates=968.073580 stage2_graph_read_waves=420095 avg_stage2_expansions_per_graph_wave=3.390505 stage2_graph_unique_reads=1487591 stage2_graph_prefetch_issued=943376 stage2_graph_prefetch_hits=880119 stage2_graph_prefetch_wasted=63257 stage2_graph_prefetch_promotion_ratio=0.932946 stage2_graph_issue_width_current=16 stage2_vector_read_waves=483226 avg_stage2_scores_per_vector_wave=142.152113 stage2_vector_unique_reads=34809926 stage2_home_rpc_batches=500410 stage2_home_rpc_items=32485844 avg_stage2_home_rpc_batch=64.918455 stage2_home_score_rpc_batches=136168 stage2_home_score_rpc_items=30998253 stage2_home_score_rpc_queries=562424 stage2_home_score_rpc_request_bytes=971281296 stage2_home_score_rpc_response_bytes=998203688 avg_stage2_home_score_queries_per_rpc=4.130368 avg_stage2_home_score_rpc_batch=227.647120 stage2_home_scored_neighbors=64877261 home_scores_per_expansion=1.997093 stage2_migrations=9354 home_match_rate=0.868174 stage2_final_edges=2562672 stage2_cross_edges_stage1_home=476270 stage2_cross_edges_final_home=233167 cross_edge_reduction_ratio=0.510431 failed=0 rpc_timeouts=0 reverse_aggregate_batches=0 reverse_aggregate_logical_requests=0 reverse_aggregate_ops=0 avg_reverse_aggregate_logicals=0.000000 avg_reverse_aggregate_ops=0.000000 max_backlog=30526 admission_window=65536 completion_outstanding=0 completion_incomplete=0 completed_behind_hole=0 completion_logical_full_failures=0 completion_physical_full_failures=0 pressure_yields=1220790 stage2_batches=8879 avg_stage2_batch_size=7.991553 packing_target_batch=8 packing_admit_queue_avg=13654.644555 packing_admit_queue_max=30526 packing_batch_1_7=27 packing_batch_8=8852 packing_assembly_batches=8879 packing_assembly_wait_ms=255636900.026155 packing_arrival_interval_us=1565 packing_waited_batches=27 packing_wait_ms=474.878000 packing_target_flushes=8852 packing_deadline_flushes=27 packing_cleanup_flushes=0 stage2_phase_search_attempts=8879 stage2_phase_search_task_attempts=70957 stage2_phase_search_elapsed_ms=3424573.820704 avg_stage2_phase_search_us_per_task=48262.663595 stage2_phase_freeze_prune_attempts=14072 stage2_phase_freeze_prune_task_attempts=112483 stage2_phase_freeze_prune_elapsed_ms=260400.115733 avg_stage2_phase_freeze_prune_us_per_task=2315.017520 stage2_phase_reverse_prepare_attempts=8879 stage2_phase_reverse_prepare_task_attempts=70957 stage2_phase_reverse_prepare_elapsed_ms=700420.948529 avg_stage2_phase_reverse_prepare_us_per_task=9871.062031 stage2_phase_placement_authority_attempts=8879 stage2_phase_placement_authority_task_attempts=70957 stage2_phase_placement_authority_elapsed_ms=267376.866634 avg_stage2_phase_placement_authority_us_per_task=3768.153482 stage2_phase_completion_handoff_attempts=8879 stage2_phase_completion_handoff_task_attempts=70957 stage2_phase_completion_handoff_elapsed_ms=18.967574 avg_stage2_phase_completion_handoff_us_per_task=0.267311 stage2_phase_finalize_attempts=8879 stage2_phase_finalize_task_attempts=70957 stage2_phase_finalize_elapsed_ms=90.426244 avg_stage2_phase_finalize_us_per_task=1.274381 maintenance_worker_idle_waits=891136 maintenance_worker_idle_ms=525543.477732 maintenance_lost_wake_avoided=93071 maintenance_targeted_wakes=2010349 maintenance_generic_wakes=41824 maintenance_broadcast_wakes=0 maintenance_context_slots_scanned=5116624 maintenance_ready_notifications=1347478 maintenance_ready_stale_notifications=167 maintenance_ready_tickets_drained=1034881 maintenance_ready_overflow_scans=0 maintenance_ready_fallback_scans=320100 stage2_search_lane_lease_limit=32 stage2_search_lane_lease_peak=23 stage2_search_lane_lease_blocked=0 maintenance_worker_observed_idle_ratio=0.410447 maintenance_worker_observed_busy_ratio=0.589553 physical_stage1_items=70957 physical_stage1_total_ns=300406939513 physical_stage1_search_ns=275149020725 physical_stage1_prune_ns=17349018185 physical_stage1_allocate_write_ns=5819793146 physical_stage1_backlink_ns=1306988371 physical_stage1_candidates=8983582 physical_stage1_remote_frontier_items=32192265 physical_stage1_neighbors=2313376 peer_stage1_enqueued=68427 peer_stage1_processed=68427 peer_stage1_items=113378 avg_peer_stage1_items=1.656919 peer_stage1_rate_per_sec=708.380818 peer_stage1_max_queue=39 peer_stage1_active_workers=1 peer_stage2_home_enqueued=460201 peer_stage2_home_processed=460199 peer_stage2_home_items=38427331 avg_peer_stage2_home_items=83.501553 peer_stage2_home_max_queue=34 peer_stage2_home_response_queue_drops=0 peer_stage2_home_response_send_wait_ms=8324.944722 avg_peer_stage2_home_queue_wait_us=65.954070 avg_peer_stage2_home_execution_us=118.220091 peer_stage1_release_deferred_batches=180 peer_stage1_release_deferred_items=287 peer_stage1_duplicate_retry_responses=0 peer_stage1_admission_retry_responses=0 peer_stage1_retry_response_drops=0 peer_stage1_admission_waiters=0 peer_stage1_admission_waiter_items=0 peer_stage1_admission_owned_items=0 peer_stage1_admission_wake_coverage=0 peer_stage1_admission_parked=0 peer_stage1_admission_woken=0 peer_stage1_admission_reparked=0 peer_stage1_max_admission_waiters=0 peer_stage1_duplicate_coalesced=29 peer_reverse_enqueued=29881 peer_reverse_processed=29880 peer_reverse_remaining=1 peer_reverse_items_enqueued=495698 peer_reverse_items_processed=495668 peer_reverse_rate_per_sec=3096.912127 peer_reverse_failed=27 peer_reverse_max_queue=22 reclaim_pending=85 reclaim_reused=9269 dynamic_high_watermark=25796970000 stage2_remaining=0 cleanup_remaining=0 active_contexts=0 active_context_limit=32 repair_remaining=0 remaining=0
[STATUS]: storage-owner maintenance observation: enqueued=70957 stage2_enqueued=70957 cleanup_enqueued=0 stage2_tasks_done=70957 stage2_finalized_live=70957 cleanup_processed=0 stale=0 stage2_completion_ratio=1.000000 live_stage2_completion_ratio=1.000000 avg_stage2_delay_ms=29345.403424 p99_stage2_delay_upper_ms=30000.000000 p99_stage2_delay_over_30s=true stage2_delay_histogram=0,0,0,0,0,0,27,82,159,191,623,1429,3504,1814,4026,6552,17392,35158 max_stage2_delay_ms=59155.148202 compaction_batch_target=32 compaction_max_delay_ms=25.000000 stage2_rate_per_sec=429.900268 stage1_search_budget_exhausted=0 stage2_search_budget_exhausted=0 stage2_continuations=70957 stage2_remote_frontier_items=32192265 avg_stage2_remote_frontier=453.686951 stage2_remote_expansions=1424334 avg_stage2_remote_expansions=20.073199 stage2_scored_candidates=68691597 avg_stage2_scored_candidates=968.073580 stage2_graph_read_waves=420095 avg_stage2_expansions_per_graph_wave=3.390505 stage2_graph_unique_reads=1487591 stage2_graph_prefetch_issued=943376 stage2_graph_prefetch_hits=880119 stage2_graph_prefetch_wasted=63257 stage2_graph_prefetch_promotion_ratio=0.932946 stage2_graph_issue_width_current=16 stage2_vector_read_waves=483226 avg_stage2_scores_per_vector_wave=142.152113 stage2_vector_unique_reads=34809926 stage2_home_rpc_batches=500410 stage2_home_rpc_items=32485844 avg_stage2_home_rpc_batch=64.918455 stage2_home_score_rpc_batches=136168 stage2_home_score_rpc_items=30998253 stage2_home_score_rpc_queries=562424 stage2_home_score_rpc_request_bytes=971281296 stage2_home_score_rpc_response_bytes=998203688 avg_stage2_home_score_queries_per_rpc=4.130368 avg_stage2_home_score_rpc_batch=227.647120 stage2_home_scored_neighbors=64877261 home_scores_per_expansion=1.997093 stage2_migrations=9354 home_match_rate=0.868174 stage2_final_edges=2562672 stage2_cross_edges_stage1_home=476270 stage2_cross_edges_final_home=233167 cross_edge_reduction_ratio=0.510431 failed=0 rpc_timeouts=0 reverse_aggregate_batches=0 reverse_aggregate_logical_requests=0 reverse_aggregate_ops=0 avg_reverse_aggregate_logicals=0.000000 avg_reverse_aggregate_ops=0.000000 max_backlog=30526 admission_window=65536 completion_outstanding=0 completion_incomplete=0 completed_behind_hole=0 completion_logical_full_failures=0 completion_physical_full_failures=0 pressure_yields=1220790 stage2_batches=8879 avg_stage2_batch_size=7.991553 packing_target_batch=8 packing_admit_queue_avg=13654.644555 packing_admit_queue_max=30526 packing_batch_1_7=27 packing_batch_8=8852 packing_assembly_batches=8879 packing_assembly_wait_ms=255636900.026155 packing_arrival_interval_us=1565 packing_waited_batches=27 packing_wait_ms=474.878000 packing_target_flushes=8852 packing_deadline_flushes=27 packing_cleanup_flushes=0 stage2_phase_search_attempts=8879 stage2_phase_search_task_attempts=70957 stage2_phase_search_elapsed_ms=3424573.820704 avg_stage2_phase_search_us_per_task=48262.663595 stage2_phase_freeze_prune_attempts=14072 stage2_phase_freeze_prune_task_attempts=112483 stage2_phase_freeze_prune_elapsed_ms=260400.115733 avg_stage2_phase_freeze_prune_us_per_task=2315.017520 stage2_phase_reverse_prepare_attempts=8879 stage2_phase_reverse_prepare_task_attempts=70957 stage2_phase_reverse_prepare_elapsed_ms=700420.948529 avg_stage2_phase_reverse_prepare_us_per_task=9871.062031 stage2_phase_placement_authority_attempts=8879 stage2_phase_placement_authority_task_attempts=70957 stage2_phase_placement_authority_elapsed_ms=267376.866634 avg_stage2_phase_placement_authority_us_per_task=3768.153482 stage2_phase_completion_handoff_attempts=8879 stage2_phase_completion_handoff_task_attempts=70957 stage2_phase_completion_handoff_elapsed_ms=18.967574 avg_stage2_phase_completion_handoff_us_per_task=0.267311 stage2_phase_finalize_attempts=8879 stage2_phase_finalize_task_attempts=70957 stage2_phase_finalize_elapsed_ms=90.426244 avg_stage2_phase_finalize_us_per_task=1.274381 maintenance_worker_idle_waits=895104 maintenance_worker_idle_ms=565468.401187 maintenance_lost_wake_avoided=93071 maintenance_targeted_wakes=2010349 maintenance_generic_wakes=41824 maintenance_broadcast_wakes=0 maintenance_context_slots_scanned=5180112 maintenance_ready_notifications=1347478 maintenance_ready_stale_notifications=167 maintenance_ready_tickets_drained=1034881 maintenance_ready_overflow_scans=0 maintenance_ready_fallback_scans=324076 stage2_search_lane_lease_limit=32 stage2_search_lane_lease_peak=23 stage2_search_lane_lease_blocked=0 maintenance_worker_observed_idle_ratio=0.428244 maintenance_worker_observed_busy_ratio=0.571756 physical_stage1_items=70957 physical_stage1_total_ns=300406939513 physical_stage1_search_ns=275149020725 physical_stage1_prune_ns=17349018185 physical_stage1_allocate_write_ns=5819793146 physical_stage1_backlink_ns=1306988371 physical_stage1_candidates=8983582 physical_stage1_remote_frontier_items=32192265 physical_stage1_neighbors=2313376 peer_stage1_enqueued=68427 peer_stage1_processed=68427 peer_stage1_items=113378 avg_peer_stage1_items=1.656919 peer_stage1_rate_per_sec=686.912251 peer_stage1_max_queue=39 peer_stage1_active_workers=0 peer_stage2_home_enqueued=513775 peer_stage2_home_processed=513775 peer_stage2_home_items=42542709 avg_peer_stage2_home_items=82.804163 peer_stage2_home_max_queue=34 peer_stage2_home_response_queue_drops=0 peer_stage2_home_response_send_wait_ms=8638.531186 avg_peer_stage2_home_queue_wait_us=61.367024 avg_peer_stage2_home_execution_us=118.149145 peer_stage1_release_deferred_batches=180 peer_stage1_release_deferred_items=287 peer_stage1_duplicate_retry_responses=0 peer_stage1_admission_retry_responses=0 peer_stage1_retry_response_drops=0 peer_stage1_admission_waiters=0 peer_stage1_admission_waiter_items=0 peer_stage1_admission_owned_items=0 peer_stage1_admission_wake_coverage=0 peer_stage1_admission_parked=0 peer_stage1_admission_woken=0 peer_stage1_admission_reparked=0 peer_stage1_max_admission_waiters=0 peer_stage1_duplicate_coalesced=29 peer_reverse_enqueued=32572 peer_reverse_processed=32572 peer_reverse_remaining=0 peer_reverse_items_enqueued=551955 peer_reverse_items_processed=551955 peer_reverse_rate_per_sec=3344.076027 peer_reverse_failed=30 peer_reverse_max_queue=22 reclaim_pending=0 reclaim_reused=9354 dynamic_high_watermark=25798216752 stage2_remaining=0 cleanup_remaining=0 active_contexts=0 active_context_limit=32 repair_remaining=0 remaining=0
[STATUS]: storage-owner maintenance observation: enqueued=70957 stage2_enqueued=70957 cleanup_enqueued=0 stage2_tasks_done=70957 stage2_finalized_live=70957 cleanup_processed=0 stale=0 stage2_completion_ratio=1.000000 live_stage2_completion_ratio=1.000000 avg_stage2_delay_ms=29345.403424 p99_stage2_delay_upper_ms=30000.000000 p99_stage2_delay_over_30s=true stage2_delay_histogram=0,0,0,0,0,0,27,82,159,191,623,1429,3504,1814,4026,6552,17392,35158 max_stage2_delay_ms=59155.148202 compaction_batch_target=32 compaction_max_delay_ms=25.000000 stage2_rate_per_sec=417.259413 stage1_search_budget_exhausted=0 stage2_search_budget_exhausted=0 stage2_continuations=70957 stage2_remote_frontier_items=32192265 avg_stage2_remote_frontier=453.686951 stage2_remote_expansions=1424334 avg_stage2_remote_expansions=20.073199 stage2_scored_candidates=68691597 avg_stage2_scored_candidates=968.073580 stage2_graph_read_waves=420095 avg_stage2_expansions_per_graph_wave=3.390505 stage2_graph_unique_reads=1487591 stage2_graph_prefetch_issued=943376 stage2_graph_prefetch_hits=880119 stage2_graph_prefetch_wasted=63257 stage2_graph_prefetch_promotion_ratio=0.932946 stage2_graph_issue_width_current=16 stage2_vector_read_waves=483226 avg_stage2_scores_per_vector_wave=142.152113 stage2_vector_unique_reads=34809926 stage2_home_rpc_batches=500410 stage2_home_rpc_items=32485844 avg_stage2_home_rpc_batch=64.918455 stage2_home_score_rpc_batches=136168 stage2_home_score_rpc_items=30998253 stage2_home_score_rpc_queries=562424 stage2_home_score_rpc_request_bytes=971281296 stage2_home_score_rpc_response_bytes=998203688 avg_stage2_home_score_queries_per_rpc=4.130368 avg_stage2_home_score_rpc_batch=227.647120 stage2_home_scored_neighbors=64877261 home_scores_per_expansion=1.997093 stage2_migrations=9354 home_match_rate=0.868174 stage2_final_edges=2562672 stage2_cross_edges_stage1_home=476270 stage2_cross_edges_final_home=233167 cross_edge_reduction_ratio=0.510431 failed=0 rpc_timeouts=0 reverse_aggregate_batches=0 reverse_aggregate_logical_requests=0 reverse_aggregate_ops=0 avg_reverse_aggregate_logicals=0.000000 avg_reverse_aggregate_ops=0.000000 max_backlog=30526 admission_window=65536 completion_outstanding=0 completion_incomplete=0 completed_behind_hole=0 completion_logical_full_failures=0 completion_physical_full_failures=0 pressure_yields=1220790 stage2_batches=8879 avg_stage2_batch_size=7.991553 packing_target_batch=8 packing_admit_queue_avg=13654.644555 packing_admit_queue_max=30526 packing_batch_1_7=27 packing_batch_8=8852 packing_assembly_batches=8879 packing_assembly_wait_ms=255636900.026155 packing_arrival_interval_us=1565 packing_waited_batches=27 packing_wait_ms=474.878000 packing_target_flushes=8852 packing_deadline_flushes=27 packing_cleanup_flushes=0 stage2_phase_search_attempts=8879 stage2_phase_search_task_attempts=70957 stage2_phase_search_elapsed_ms=3424573.820704 avg_stage2_phase_search_us_per_task=48262.663595 stage2_phase_freeze_prune_attempts=14072 stage2_phase_freeze_prune_task_attempts=112483 stage2_phase_freeze_prune_elapsed_ms=260400.115733 avg_stage2_phase_freeze_prune_us_per_task=2315.017520 stage2_phase_reverse_prepare_attempts=8879 stage2_phase_reverse_prepare_task_attempts=70957 stage2_phase_reverse_prepare_elapsed_ms=700420.948529 avg_stage2_phase_reverse_prepare_us_per_task=9871.062031 stage2_phase_placement_authority_attempts=8879 stage2_phase_placement_authority_task_attempts=70957 stage2_phase_placement_authority_elapsed_ms=267376.866634 avg_stage2_phase_placement_authority_us_per_task=3768.153482 stage2_phase_completion_handoff_attempts=8879 stage2_phase_completion_handoff_task_attempts=70957 stage2_phase_completion_handoff_elapsed_ms=18.967574 avg_stage2_phase_completion_handoff_us_per_task=0.267311 stage2_phase_finalize_attempts=8879 stage2_phase_finalize_task_attempts=70957 stage2_phase_finalize_elapsed_ms=90.426244 avg_stage2_phase_finalize_us_per_task=1.274381 maintenance_worker_idle_waits=899136 maintenance_worker_idle_ms=606027.902283 maintenance_lost_wake_avoided=93071 maintenance_targeted_wakes=2010349 maintenance_generic_wakes=41824 maintenance_broadcast_wakes=0 maintenance_context_slots_scanned=5244624 maintenance_ready_notifications=1347478 maintenance_ready_stale_notifications=167 maintenance_ready_tickets_drained=1034881 maintenance_ready_overflow_scans=0 maintenance_ready_fallback_scans=328051 stage2_search_lane_lease_limit=32 stage2_search_lane_lease_peak=23 stage2_search_lane_lease_blocked=0 maintenance_worker_observed_idle_ratio=0.445465 maintenance_worker_observed_busy_ratio=0.554535 physical_stage1_items=70957 physical_stage1_total_ns=300406939513 physical_stage1_search_ns=275149020725 physical_stage1_prune_ns=17349018185 physical_stage1_allocate_write_ns=5819793146 physical_stage1_backlink_ns=1306988371 physical_stage1_candidates=8983582 physical_stage1_remote_frontier_items=32192265 physical_stage1_neighbors=2313376 peer_stage1_enqueued=68427 peer_stage1_processed=68427 peer_stage1_items=113378 avg_peer_stage1_items=1.656919 peer_stage1_rate_per_sec=666.714175 peer_stage1_max_queue=39 peer_stage1_active_workers=0 peer_stage2_home_enqueued=513775 peer_stage2_home_processed=513775 peer_stage2_home_items=42542709 avg_peer_stage2_home_items=82.804163 peer_stage2_home_max_queue=34 peer_stage2_home_response_queue_drops=0 peer_stage2_home_response_send_wait_ms=8638.531186 avg_peer_stage2_home_queue_wait_us=61.367024 avg_peer_stage2_home_execution_us=118.149145 peer_stage1_release_deferred_batches=180 peer_stage1_release_deferred_items=287 peer_stage1_duplicate_retry_responses=0 peer_stage1_admission_retry_responses=0 peer_stage1_retry_response_drops=0 peer_stage1_admission_waiters=0 peer_stage1_admission_waiter_items=0 peer_stage1_admission_owned_items=0 peer_stage1_admission_wake_coverage=0 peer_stage1_admission_parked=0 peer_stage1_admission_woken=0 peer_stage1_admission_reparked=0 peer_stage1_max_admission_waiters=0 peer_stage1_duplicate_coalesced=29 peer_reverse_enqueued=32572 peer_reverse_processed=32572 peer_reverse_remaining=0 peer_reverse_items_enqueued=551955 peer_reverse_items_processed=551955 peer_reverse_rate_per_sec=3245.746287 peer_reverse_failed=30 peer_reverse_max_queue=22 reclaim_pending=0 reclaim_reused=9354 dynamic_high_watermark=25798216752 stage2_remaining=0 cleanup_remaining=0 active_contexts=0 active_context_limit=32 repair_remaining=0 remaining=0
[STATUS]: storage-owner maintenance observation: enqueued=70957 stage2_enqueued=70957 cleanup_enqueued=0 stage2_tasks_done=70957 stage2_finalized_live=70957 cleanup_processed=0 stale=0 stage2_completion_ratio=1.000000 live_stage2_completion_ratio=1.000000 avg_stage2_delay_ms=29345.403424 p99_stage2_delay_upper_ms=30000.000000 p99_stage2_delay_over_30s=true stage2_delay_histogram=0,0,0,0,0,0,27,82,159,191,623,1429,3504,1814,4026,6552,17392,35158 max_stage2_delay_ms=59155.148202 compaction_batch_target=32 compaction_max_delay_ms=25.000000 stage2_rate_per_sec=405.335684 stage1_search_budget_exhausted=0 stage2_search_budget_exhausted=0 stage2_continuations=70957 stage2_remote_frontier_items=32192265 avg_stage2_remote_frontier=453.686951 stage2_remote_expansions=1424334 avg_stage2_remote_expansions=20.073199 stage2_scored_candidates=68691597 avg_stage2_scored_candidates=968.073580 stage2_graph_read_waves=420095 avg_stage2_expansions_per_graph_wave=3.390505 stage2_graph_unique_reads=1487591 stage2_graph_prefetch_issued=943376 stage2_graph_prefetch_hits=880119 stage2_graph_prefetch_wasted=63257 stage2_graph_prefetch_promotion_ratio=0.932946 stage2_graph_issue_width_current=16 stage2_vector_read_waves=483226 avg_stage2_scores_per_vector_wave=142.152113 stage2_vector_unique_reads=34809926 stage2_home_rpc_batches=500410 stage2_home_rpc_items=32485844 avg_stage2_home_rpc_batch=64.918455 stage2_home_score_rpc_batches=136168 stage2_home_score_rpc_items=30998253 stage2_home_score_rpc_queries=562424 stage2_home_score_rpc_request_bytes=971281296 stage2_home_score_rpc_response_bytes=998203688 avg_stage2_home_score_queries_per_rpc=4.130368 avg_stage2_home_score_rpc_batch=227.647120 stage2_home_scored_neighbors=64877261 home_scores_per_expansion=1.997093 stage2_migrations=9354 home_match_rate=0.868174 stage2_final_edges=2562672 stage2_cross_edges_stage1_home=476270 stage2_cross_edges_final_home=233167 cross_edge_reduction_ratio=0.510431 failed=0 rpc_timeouts=0 reverse_aggregate_batches=0 reverse_aggregate_logical_requests=0 reverse_aggregate_ops=0 avg_reverse_aggregate_logicals=0.000000 avg_reverse_aggregate_ops=0.000000 max_backlog=30526 admission_window=65536 completion_outstanding=0 completion_incomplete=0 completed_behind_hole=0 completion_logical_full_failures=0 completion_physical_full_failures=0 pressure_yields=1220790 stage2_batches=8879 avg_stage2_batch_size=7.991553 packing_target_batch=8 packing_admit_queue_avg=13654.644555 packing_admit_queue_max=30526 packing_batch_1_7=27 packing_batch_8=8852 packing_assembly_batches=8879 packing_assembly_wait_ms=255636900.026155 packing_arrival_interval_us=1565 packing_waited_batches=27 packing_wait_ms=474.878000 packing_target_flushes=8852 packing_deadline_flushes=27 packing_cleanup_flushes=0 stage2_phase_search_attempts=8879 stage2_phase_search_task_attempts=70957 stage2_phase_search_elapsed_ms=3424573.820704 avg_stage2_phase_search_us_per_task=48262.663595 stage2_phase_freeze_prune_attempts=14072 stage2_phase_freeze_prune_task_attempts=112483 stage2_phase_freeze_prune_elapsed_ms=260400.115733 avg_stage2_phase_freeze_prune_us_per_task=2315.017520 stage2_phase_reverse_prepare_attempts=8879 stage2_phase_reverse_prepare_task_attempts=70957 stage2_phase_reverse_prepare_elapsed_ms=700420.948529 avg_stage2_phase_reverse_prepare_us_per_task=9871.062031 stage2_phase_placement_authority_attempts=8879 stage2_phase_placement_authority_task_attempts=70957 stage2_phase_placement_authority_elapsed_ms=267376.866634 avg_stage2_phase_placement_authority_us_per_task=3768.153482 stage2_phase_completion_handoff_attempts=8879 stage2_phase_completion_handoff_task_attempts=70957 stage2_phase_completion_handoff_elapsed_ms=18.967574 avg_stage2_phase_completion_handoff_us_per_task=0.267311 stage2_phase_finalize_attempts=8879 stage2_phase_finalize_task_attempts=70957 stage2_phase_finalize_elapsed_ms=90.426244 avg_stage2_phase_finalize_us_per_task=1.274381 maintenance_worker_idle_waits=903232 maintenance_worker_idle_ms=647231.593827 maintenance_lost_wake_avoided=93071 maintenance_targeted_wakes=2010349 maintenance_generic_wakes=41824 maintenance_broadcast_wakes=0 maintenance_context_slots_scanned=5310160 maintenance_ready_notifications=1347478 maintenance_ready_stale_notifications=167 maintenance_ready_tickets_drained=1034881 maintenance_ready_overflow_scans=0 maintenance_ready_fallback_scans=332027 stage2_search_lane_lease_limit=32 stage2_search_lane_lease_peak=23 stage2_search_lane_lease_blocked=0 maintenance_worker_observed_idle_ratio=0.462157 maintenance_worker_observed_busy_ratio=0.537843 physical_stage1_items=70957 physical_stage1_total_ns=300406939513 physical_stage1_search_ns=275149020725 physical_stage1_prune_ns=17349018185 physical_stage1_allocate_write_ns=5819793146 physical_stage1_backlink_ns=1306988371 physical_stage1_candidates=8983582 physical_stage1_remote_frontier_items=32192265 physical_stage1_neighbors=2313376 peer_stage1_enqueued=68427 peer_stage1_processed=68427 peer_stage1_items=113378 avg_peer_stage1_items=1.656919 peer_stage1_rate_per_sec=647.661952 peer_stage1_max_queue=39 peer_stage1_active_workers=0 peer_stage2_home_enqueued=513775 peer_stage2_home_processed=513775 peer_stage2_home_items=42542709 avg_peer_stage2_home_items=82.804163 peer_stage2_home_max_queue=34 peer_stage2_home_response_queue_drops=0 peer_stage2_home_response_send_wait_ms=8638.531186 avg_peer_stage2_home_queue_wait_us=61.367024 avg_peer_stage2_home_execution_us=118.149145 peer_stage1_release_deferred_batches=180 peer_stage1_release_deferred_items=287 peer_stage1_duplicate_retry_responses=0 peer_stage1_admission_retry_responses=0 peer_stage1_retry_response_drops=0 peer_stage1_admission_waiters=0 peer_stage1_admission_waiter_items=0 peer_stage1_admission_owned_items=0 peer_stage1_admission_wake_coverage=0 peer_stage1_admission_parked=0 peer_stage1_admission_woken=0 peer_stage1_admission_reparked=0 peer_stage1_max_admission_waiters=0 peer_stage1_duplicate_coalesced=29 peer_reverse_enqueued=32572 peer_reverse_processed=32572 peer_reverse_remaining=0 peer_reverse_items_enqueued=551955 peer_reverse_items_processed=551955 peer_reverse_rate_per_sec=3152.994875 peer_reverse_failed=30 peer_reverse_max_queue=22 reclaim_pending=0 reclaim_reused=9354 dynamic_high_watermark=25798216752 stage2_remaining=0 cleanup_remaining=0 active_contexts=0 active_context_limit=32 repair_remaining=0 remaining=0
[STATUS]: storage-owner maintenance observation: enqueued=70957 stage2_enqueued=70957 cleanup_enqueued=0 stage2_tasks_done=70957 stage2_finalized_live=70957 cleanup_processed=0 stale=0 stage2_completion_ratio=1.000000 live_stage2_completion_ratio=1.000000 avg_stage2_delay_ms=29345.403424 p99_stage2_delay_upper_ms=30000.000000 p99_stage2_delay_over_30s=true stage2_delay_histogram=0,0,0,0,0,0,27,82,159,191,623,1429,3504,1814,4026,6552,17392,35158 max_stage2_delay_ms=59155.148202 compaction_batch_target=32 compaction_max_delay_ms=25.000000 stage2_rate_per_sec=394.079893 stage1_search_budget_exhausted=0 stage2_search_budget_exhausted=0 stage2_continuations=70957 stage2_remote_frontier_items=32192265 avg_stage2_remote_frontier=453.686951 stage2_remote_expansions=1424334 avg_stage2_remote_expansions=20.073199 stage2_scored_candidates=68691597 avg_stage2_scored_candidates=968.073580 stage2_graph_read_waves=420095 avg_stage2_expansions_per_graph_wave=3.390505 stage2_graph_unique_reads=1487591 stage2_graph_prefetch_issued=943376 stage2_graph_prefetch_hits=880119 stage2_graph_prefetch_wasted=63257 stage2_graph_prefetch_promotion_ratio=0.932946 stage2_graph_issue_width_current=16 stage2_vector_read_waves=483226 avg_stage2_scores_per_vector_wave=142.152113 stage2_vector_unique_reads=34809926 stage2_home_rpc_batches=500410 stage2_home_rpc_items=32485844 avg_stage2_home_rpc_batch=64.918455 stage2_home_score_rpc_batches=136168 stage2_home_score_rpc_items=30998253 stage2_home_score_rpc_queries=562424 stage2_home_score_rpc_request_bytes=971281296 stage2_home_score_rpc_response_bytes=998203688 avg_stage2_home_score_queries_per_rpc=4.130368 avg_stage2_home_score_rpc_batch=227.647120 stage2_home_scored_neighbors=64877261 home_scores_per_expansion=1.997093 stage2_migrations=9354 home_match_rate=0.868174 stage2_final_edges=2562672 stage2_cross_edges_stage1_home=476270 stage2_cross_edges_final_home=233167 cross_edge_reduction_ratio=0.510431 failed=0 rpc_timeouts=0 reverse_aggregate_batches=0 reverse_aggregate_logical_requests=0 reverse_aggregate_ops=0 avg_reverse_aggregate_logicals=0.000000 avg_reverse_aggregate_ops=0.000000 max_backlog=30526 admission_window=65536 completion_outstanding=0 completion_incomplete=0 completed_behind_hole=0 completion_logical_full_failures=0 completion_physical_full_failures=0 pressure_yields=1220790 stage2_batches=8879 avg_stage2_batch_size=7.991553 packing_target_batch=8 packing_admit_queue_avg=13654.644555 packing_admit_queue_max=30526 packing_batch_1_7=27 packing_batch_8=8852 packing_assembly_batches=8879 packing_assembly_wait_ms=255636900.026155 packing_arrival_interval_us=1565 packing_waited_batches=27 packing_wait_ms=474.878000 packing_target_flushes=8852 packing_deadline_flushes=27 packing_cleanup_flushes=0 stage2_phase_search_attempts=8879 stage2_phase_search_task_attempts=70957 stage2_phase_search_elapsed_ms=3424573.820704 avg_stage2_phase_search_us_per_task=48262.663595 stage2_phase_freeze_prune_attempts=14072 stage2_phase_freeze_prune_task_attempts=112483 stage2_phase_freeze_prune_elapsed_ms=260400.115733 avg_stage2_phase_freeze_prune_us_per_task=2315.017520 stage2_phase_reverse_prepare_attempts=8879 stage2_phase_reverse_prepare_task_attempts=70957 stage2_phase_reverse_prepare_elapsed_ms=700420.948529 avg_stage2_phase_reverse_prepare_us_per_task=9871.062031 stage2_phase_placement_authority_attempts=8879 stage2_phase_placement_authority_task_attempts=70957 stage2_phase_placement_authority_elapsed_ms=267376.866634 avg_stage2_phase_placement_authority_us_per_task=3768.153482 stage2_phase_completion_handoff_attempts=8879 stage2_phase_completion_handoff_task_attempts=70957 stage2_phase_completion_handoff_elapsed_ms=18.967574 avg_stage2_phase_completion_handoff_us_per_task=0.267311 stage2_phase_finalize_attempts=8879 stage2_phase_finalize_task_attempts=70957 stage2_phase_finalize_elapsed_ms=90.426244 avg_stage2_phase_finalize_us_per_task=1.274381 maintenance_worker_idle_waits=907008 maintenance_worker_idle_ms=685215.286024 maintenance_lost_wake_avoided=93071 maintenance_targeted_wakes=2010349 maintenance_generic_wakes=41824 maintenance_broadcast_wakes=0 maintenance_context_slots_scanned=5370576 maintenance_ready_notifications=1347478 maintenance_ready_stale_notifications=167 maintenance_ready_tickets_drained=1034881 maintenance_ready_overflow_scans=0 maintenance_ready_fallback_scans=336004 stage2_search_lane_lease_limit=32 stage2_search_lane_lease_peak=23 stage2_search_lane_lease_blocked=0 maintenance_worker_observed_idle_ratio=0.475692 maintenance_worker_observed_busy_ratio=0.524308 physical_stage1_items=70957 physical_stage1_total_ns=300406939513 physical_stage1_search_ns=275149020725 physical_stage1_prune_ns=17349018185 physical_stage1_allocate_write_ns=5819793146 physical_stage1_backlink_ns=1306988371 physical_stage1_candidates=8983582 physical_stage1_remote_frontier_items=32192265 physical_stage1_neighbors=2313376 peer_stage1_enqueued=68427 peer_stage1_processed=68427 peer_stage1_items=113378 avg_peer_stage1_items=1.656919 peer_stage1_rate_per_sec=629.676989 peer_stage1_max_queue=39 peer_stage1_active_workers=0 peer_stage2_home_enqueued=513775 peer_stage2_home_processed=513775 peer_stage2_home_items=42542709 avg_peer_stage2_home_items=82.804163 peer_stage2_home_max_queue=34 peer_stage2_home_response_queue_drops=0 peer_stage2_home_response_send_wait_ms=8638.531186 avg_peer_stage2_home_queue_wait_us=61.367024 avg_peer_stage2_home_execution_us=118.149145 peer_stage1_release_deferred_batches=180 peer_stage1_release_deferred_items=287 peer_stage1_duplicate_retry_responses=0 peer_stage1_admission_retry_responses=0 peer_stage1_retry_response_drops=0 peer_stage1_admission_waiters=0 peer_stage1_admission_waiter_items=0 peer_stage1_admission_owned_items=0 peer_stage1_admission_wake_coverage=0 peer_stage1_admission_parked=0 peer_stage1_admission_woken=0 peer_stage1_admission_reparked=0 peer_stage1_max_admission_waiters=0 peer_stage1_duplicate_coalesced=29 peer_reverse_enqueued=32572 peer_reverse_processed=32572 peer_reverse_remaining=0 peer_reverse_items_enqueued=551955 peer_reverse_items_processed=551955 peer_reverse_rate_per_sec=3065.439175 peer_reverse_failed=30 peer_reverse_max_queue=22 reclaim_pending=0 reclaim_reused=9354 dynamic_high_watermark=25798216752 stage2_remaining=0 cleanup_remaining=0 active_contexts=0 active_context_limit=32 repair_remaining=0 remaining=0
[STATUS]: storage-owner maintenance observation: enqueued=70957 stage2_enqueued=70957 cleanup_enqueued=0 stage2_tasks_done=70957 stage2_finalized_live=70957 cleanup_processed=0 stale=0 stage2_completion_ratio=1.000000 live_stage2_completion_ratio=1.000000 avg_stage2_delay_ms=29345.403424 p99_stage2_delay_upper_ms=30000.000000 p99_stage2_delay_over_30s=true stage2_delay_histogram=0,0,0,0,0,0,27,82,159,191,623,1429,3504,1814,4026,6552,17392,35158 max_stage2_delay_ms=59155.148202 compaction_batch_target=32 compaction_max_delay_ms=25.000000 stage2_rate_per_sec=383.427287 stage1_search_budget_exhausted=0 stage2_search_budget_exhausted=0 stage2_continuations=70957 stage2_remote_frontier_items=32192265 avg_stage2_remote_frontier=453.686951 stage2_remote_expansions=1424334 avg_stage2_remote_expansions=20.073199 stage2_scored_candidates=68691597 avg_stage2_scored_candidates=968.073580 stage2_graph_read_waves=420095 avg_stage2_expansions_per_graph_wave=3.390505 stage2_graph_unique_reads=1487591 stage2_graph_prefetch_issued=943376 stage2_graph_prefetch_hits=880119 stage2_graph_prefetch_wasted=63257 stage2_graph_prefetch_promotion_ratio=0.932946 stage2_graph_issue_width_current=16 stage2_vector_read_waves=483226 avg_stage2_scores_per_vector_wave=142.152113 stage2_vector_unique_reads=34809926 stage2_home_rpc_batches=500410 stage2_home_rpc_items=32485844 avg_stage2_home_rpc_batch=64.918455 stage2_home_score_rpc_batches=136168 stage2_home_score_rpc_items=30998253 stage2_home_score_rpc_queries=562424 stage2_home_score_rpc_request_bytes=971281296 stage2_home_score_rpc_response_bytes=998203688 avg_stage2_home_score_queries_per_rpc=4.130368 avg_stage2_home_score_rpc_batch=227.647120 stage2_home_scored_neighbors=64877261 home_scores_per_expansion=1.997093 stage2_migrations=9354 home_match_rate=0.868174 stage2_final_edges=2562672 stage2_cross_edges_stage1_home=476270 stage2_cross_edges_final_home=233167 cross_edge_reduction_ratio=0.510431 failed=0 rpc_timeouts=0 reverse_aggregate_batches=0 reverse_aggregate_logical_requests=0 reverse_aggregate_ops=0 avg_reverse_aggregate_logicals=0.000000 avg_reverse_aggregate_ops=0.000000 max_backlog=30526 admission_window=65536 completion_outstanding=0 completion_incomplete=0 completed_behind_hole=0 completion_logical_full_failures=0 completion_physical_full_failures=0 pressure_yields=1220790 stage2_batches=8879 avg_stage2_batch_size=7.991553 packing_target_batch=8 packing_admit_queue_avg=13654.644555 packing_admit_queue_max=30526 packing_batch_1_7=27 packing_batch_8=8852 packing_assembly_batches=8879 packing_assembly_wait_ms=255636900.026155 packing_arrival_interval_us=1565 packing_waited_batches=27 packing_wait_ms=474.878000 packing_target_flushes=8852 packing_deadline_flushes=27 packing_cleanup_flushes=0 stage2_phase_search_attempts=8879 stage2_phase_search_task_attempts=70957 stage2_phase_search_elapsed_ms=3424573.820704 avg_stage2_phase_search_us_per_task=48262.663595 stage2_phase_freeze_prune_attempts=14072 stage2_phase_freeze_prune_task_attempts=112483 stage2_phase_freeze_prune_elapsed_ms=260400.115733 avg_stage2_phase_freeze_prune_us_per_task=2315.017520 stage2_phase_reverse_prepare_attempts=8879 stage2_phase_reverse_prepare_task_attempts=70957 stage2_phase_reverse_prepare_elapsed_ms=700420.948529 avg_stage2_phase_reverse_prepare_us_per_task=9871.062031 stage2_phase_placement_authority_attempts=8879 stage2_phase_placement_authority_task_attempts=70957 stage2_phase_placement_authority_elapsed_ms=267376.866634 avg_stage2_phase_placement_authority_us_per_task=3768.153482 stage2_phase_completion_handoff_attempts=8879 stage2_phase_completion_handoff_task_attempts=70957 stage2_phase_completion_handoff_elapsed_ms=18.967574 avg_stage2_phase_completion_handoff_us_per_task=0.267311 stage2_phase_finalize_attempts=8879 stage2_phase_finalize_task_attempts=70957 stage2_phase_finalize_elapsed_ms=90.426244 avg_stage2_phase_finalize_us_per_task=1.274381 maintenance_worker_idle_waits=911104 maintenance_worker_idle_ms=726425.228296 maintenance_lost_wake_avoided=93071 maintenance_targeted_wakes=2010349 maintenance_generic_wakes=41824 maintenance_broadcast_wakes=0 maintenance_context_slots_scanned=5436112 maintenance_ready_notifications=1347478 maintenance_ready_stale_notifications=167 maintenance_ready_tickets_drained=1034881 maintenance_ready_overflow_scans=0 maintenance_ready_fallback_scans=339980 stage2_search_lane_lease_limit=32 stage2_search_lane_lease_peak=23 stage2_search_lane_lease_blocked=0 maintenance_worker_observed_idle_ratio=0.490669 maintenance_worker_observed_busy_ratio=0.509331 physical_stage1_items=70957 physical_stage1_total_ns=300406939513 physical_stage1_search_ns=275149020725 physical_stage1_prune_ns=17349018185 physical_stage1_allocate_write_ns=5819793146 physical_stage1_backlink_ns=1306988371 physical_stage1_candidates=8983582 physical_stage1_remote_frontier_items=32192265 physical_stage1_neighbors=2313376 peer_stage1_enqueued=68427 peer_stage1_processed=68427 peer_stage1_items=113378 avg_peer_stage1_items=1.656919 peer_stage1_rate_per_sec=612.655819 peer_stage1_max_queue=39 peer_stage1_active_workers=0 peer_stage2_home_enqueued=513775 peer_stage2_home_processed=513775 peer_stage2_home_items=42542709 avg_peer_stage2_home_items=82.804163 peer_stage2_home_max_queue=34 peer_stage2_home_response_queue_drops=0 peer_stage2_home_response_send_wait_ms=8638.531186 avg_peer_stage2_home_queue_wait_us=61.367024 avg_peer_stage2_home_execution_us=118.149145 peer_stage1_release_deferred_batches=180 peer_stage1_release_deferred_items=287 peer_stage1_duplicate_retry_responses=0 peer_stage1_admission_retry_responses=0 peer_stage1_retry_response_drops=0 peer_stage1_admission_waiters=0 peer_stage1_admission_waiter_items=0 peer_stage1_admission_owned_items=0 peer_stage1_admission_wake_coverage=0 peer_stage1_admission_parked=0 peer_stage1_admission_woken=0 peer_stage1_admission_reparked=0 peer_stage1_max_admission_waiters=0 peer_stage1_duplicate_coalesced=29 peer_reverse_enqueued=32572 peer_reverse_processed=32572 peer_reverse_remaining=0 peer_reverse_items_enqueued=551955 peer_reverse_items_processed=551955 peer_reverse_rate_per_sec=2982.575478 peer_reverse_failed=30 peer_reverse_max_queue=22 reclaim_pending=0 reclaim_reused=9354 dynamic_high_watermark=25798216752 stage2_remaining=0 cleanup_remaining=0 active_contexts=0 active_context_limit=32 repair_remaining=0 remaining=0
