============================================================
                        SERVER
============================================================
num clients:                  1
TCP port:                     1237
QP handshake timeout (ms):    10000
IB device:                    <auto>
IB port:                      1
max outstanding CQEs:         64
max send work requests:       4096
max receive work requests:    4096
============================================================
index prefix:                     "/data/xjs/index/dvstor_spacev100m/index/spacev100m_R96_bw128_balanced_pmd32_pq20_schema16"
storage shard:                    "/data/xjs/index/dvstor_spacev100m/index/spacev100m_R96_bw128_balanced_pmd32_pq20_schema16_node4_of5.dat"
storage id:                       3
base vectors:                     100000000
vector ID namespace [0,N):        4294967295
registered memory GiB:            22
====================================================================
1 device(s) found
Selected device: ibp86s0
Selected port state: 4, lid: 8, active_mtu: 5
interleaved policy
num_cores: 112
physical cores per socket: 28
hyperthreading enabled
local process CPU partition: rank 3/5 logical_cpus=22
pairing: 75073 -- 6092
[STATUS]: loaded index metadata from /data/xjs/index/dvstor_spacev100m/index/spacev100m_R96_bw128_balanced_pmd32_pq20_schema16 (layout=plain, vector_data_type=int8)
[STATUS]: storage-owner stage2 candidate width L=128 per shard
allocation size: 23622320128
allocated ALIGNED MEM (no hugepage) at 126601568190528 with buffer size 23622320128
[STATUS]: loading index (19200000128 Bytes) from /data/xjs/index/dvstor_spacev100m/index/spacev100m_R96_bw128_balanced_pmd32_pq20_schema16_node4_of5.dat
[STATUS]: loaded GPU PQ codes (400000000 Bytes) at remote offset 19200004224
[STATUS]: storage-owner idmap loaded entries=20000000 format=owner_sharded_v2_bound immutable_base=true dynamic_shards=256 dynamic_reserved=65536
[STATUS]: compensated physical centroid restored on shard 3: vectors=20000000 entries=4
[STATUS]: register memory and distribute access token
[STATUS]: connect QPs of compute threads
[STATUS]: reserving 64 GPU/bootstrap QPs per compute node
pairing: 75079 -- 6097
pairing: 75083 -- 6102
pairing: 75088 -- 6107
pairing: 75093 -- 6112
pairing: 75098 -- 6117
pairing: 75103 -- 6122
pairing: 75108 -- 6127
pairing: 75113 -- 6132
pairing: 75118 -- 6137
pairing: 75123 -- 6142
pairing: 75128 -- 6147
pairing: 75133 -- 6152
pairing: 75138 -- 6157
pairing: 75143 -- 6162
pairing: 75148 -- 6167
pairing: 75153 -- 6172
pairing: 75158 -- 6177
pairing: 75163 -- 6182
pairing: 75168 -- 6187
pairing: 75173 -- 6192
pairing: 75178 -- 6197
pairing: 75183 -- 6202
pairing: 75188 -- 6207
pairing: 75193 -- 6212
pairing: 75198 -- 6217
pairing: 75203 -- 6222
pairing: 75208 -- 6227
pairing: 75213 -- 6232
pairing: 75218 -- 6237
pairing: 75223 -- 6242
pairing: 75228 -- 6247
pairing: 75235 -- 6252
pairing: 75238 -- 6350
pairing: 75333 -- 6351
pairing: 75334 -- 6352
pairing: 75335 -- 6353
pairing: 75336 -- 6354
pairing: 75337 -- 6355
pairing: 75338 -- 6356
pairing: 75339 -- 6357
pairing: 75340 -- 6358
pairing: 75341 -- 6359
pairing: 75342 -- 6360
pairing: 75343 -- 6361
pairing: 75344 -- 6362
pairing: 75345 -- 6363
pairing: 75346 -- 6364
pairing: 75347 -- 6365
pairing: 75348 -- 6366
pairing: 75349 -- 6367
pairing: 75350 -- 6368
pairing: 75351 -- 6369
pairing: 75352 -- 6370
pairing: 75353 -- 6371
pairing: 75354 -- 6372
pairing: 75355 -- 6373
pairing: 75356 -- 6374
pairing: 75357 -- 6375
pairing: 75358 -- 6376
pairing: 75359 -- 6377
pairing: 75360 -- 6378
pairing: 75361 -- 6379
pairing: 75362 -- 6380
pairing: 75363 -- 6381
[STATUS]: waiting for compute-node startup barrier
1 device(s) found
Selected device: ibp86s0
Selected port state: 4, lid: 8, active_mtu: 5
pairing: 75398 -- 75403
pairing: 75404 -- 75410
pairing: 75413 -- 75418
pairing: 75421 -- 75426
pairing: 75429 -- 75434
pairing: 75437 -- 75442
pairing: 75445 -- 75450
pairing: 75453 -- 75458
pairing: 75461 -- 75463
pairing: 75466 -- 75469
pairing: 75472 -- 75475
pairing: 75478 -- 75481
pairing: 75484 -- 75487
pairing: 75489 -- 75493
pairing: 75495 -- 75499
pairing: 75502 -- 75505
pairing: 75508 -- 75504
pairing: 75510 -- 75512
pairing: 75515 -- 75517
pairing: 75518 -- 75520
pairing: 75523 -- 75524
pairing: 75526 -- 75528
pairing: 75531 -- 75532
pairing: 75534 -- 75537
pairing: 75539 -- 75540
pairing: 75542 -- 75541
pairing: 75543 -- 75544
pairing: 75545 -- 75546
pairing: 75548 -- 75547
pairing: 75549 -- 75550
pairing: 75551 -- 75552
pairing: 75553 -- 75554
[STATUS]: storage-owner peer RDMA QPs per peer: 8
[STATUS]: storage-owner peer QP0 reserved for RPC; data RDMA uses QP1..7
allocated ALIGNED MEM (no hugepage) at 126600500740160 with buffer size 67108864
allocated ALIGNED MEM (no hugepage) at 126600460894272 with buffer size 39839040
[STATUS]: storage-owner peer RPC receive slots per peer: 64 (requested=64)
[STATUS]: storage-owner peer RPC concurrent sends per peer: 16
[STATUS]: storage-owner peer RPC send credits: Stage1/graph are split at depth >= 2; responses use a dedicated sync buffer
[STATUS]: storage-owner peer async response capacity: 32768
[STATUS]: storage-owner Stage2 home RPC combining: enabled logical_capacity=18432 aggregate_capacity=4608 byte_budget=33586224
allocated ALIGNED MEM (no hugepage) at 100135958070784 with buffer size 96256
allocated ALIGNED MEM (no hugepage) at 126600735723584 with buffer size 212992
allocated ALIGNED MEM (no hugepage) at 126600732053568 with buffer size 212992
[STATUS]: storage-owner peer reverse-update workers: 2
[STATUS]: storage-owner peer Stage1 workers: 3; Stage2-home workers: 1 (one reserved; shared lanes borrow authoritative work only)
[STATUS]: storage-owner physical control workers: cleanup=1 placement=1 (separate blocking domains)
[STATUS]: storage-owner peer progress threads: cq=1 response_dispatch=1
[STATUS]: storage-owner Stage1 artifact capacity: 67584 (64-way, per shard=1056) cleanup replay per shard=2048 active migration receipts=131072
[STATUS]: storage-owner peer reverse-update tuning: queue_depth=65536 coalesce_max=256
allocated ALIGNED MEM (no hugepage) at 126600723226688 with buffer size 855296
allocated ALIGNED MEM (no hugepage) at 126600719884352 with buffer size 855296
allocated ALIGNED MEM (no hugepage) at 126600715890752 with buffer size 855296
allocated ALIGNED MEM (no hugepage) at 126600715034688 with buffer size 855296
allocated ALIGNED MEM (no hugepage) at 126600711696448 with buffer size 855296
allocated ALIGNED MEM (no hugepage) at 126600710840384 with buffer size 855296
allocated ALIGNED MEM (no hugepage) at 126600707502144 with buffer size 855296
allocated ALIGNED MEM (no hugepage) at 126600706646080 with buffer size 855296
[STATUS]: storage-owner peer scratch: snapshot_slot=192 graph_slot=832 batch=256 lane_peak_rdma_wrs=56 lane_useful_wave_rdma_wrs=56 global_read_window=224 search_lanes_global=32 search_lanes_credit_derived=16 search_lane_lease_cap=32 search_lanes_physical_per_worker=4 ready_context_runtime_epoch=1 bytes_per_lane=213824 bytes_total=6842368
[STATUS]: storage-owner maintenance workers: 8 (configured=8, admission_baseline_workers=2, context_limit=32, semantic_execution_batch=8, work_conserving=true)
[STATUS]: storage-owner stage2 reverse outbox descriptors: 128 aggregates=128 wire_max_ops=3072 (shared per-peer work-conserving aggregation)
[STATUS]: storage-owner maintenance tuning: protocol=centroid-home-two-stage compaction_batch_target=32 packing_policy=deterministic_b8 packing_tail_wait_us=arrival_adaptive_capped_25000 packing_context_limit=8 backlog_limit=65536 admission_credit=bounded_accepted_backlog admission_window=65536 physical_completion_capacity=65536
[STATUS]: storage-owner peer RDMA read credits: per_data_qp=8 data_qps_per_peer=7 per_peer=56 global=224 shared_cq_read_budget=8095 ordered_snapshot_pairs_per_chain=4 (requested_per_data_qp=16)
[STATUS]: storage-owner online insert tuning: construction_beam=128 snapshot_batch=256 protocol=centroid-home-two-stage
[STATUS]: storage-owner stage1=physical-home local search and backlinks; stage2=generation-fenced home expand+score continuation
[STATUS]: storage-owner responses=foreground direct post; completion=repost by service poller
[STATUS]: storage-owner foreground pipeline: coordinators=12 cpu_lanes=3 (assigned_cpus=22, rpc_parallelism=16)
[STATUS]: storage-owner CPU plan: foreground_cpu=3 foreground_coordinators=12 maintenance=8 peer_stage1=4 (split into isolated Stage1/Stage2-home domains) peer_reverse=2 peer_cleanup=1 peer_placement=1 peer_progress=2 foreground_progress=1
[STATUS]: storage-owner insert runtime enabled on shard 3
[STATUS]: storage-owner maintenance observation: enqueued=249 stage2_enqueued=249 cleanup_enqueued=0 stage2_tasks_done=220 stage2_finalized_live=220 cleanup_processed=0 stale=0 stage2_completion_ratio=0.883534 live_stage2_completion_ratio=0.883534 avg_stage2_delay_ms=250.966909 p99_stage2_delay_upper_ms=1000.000000 p99_stage2_delay_over_30s=false stage2_delay_histogram=0,0,0,0,0,0,24,47,35,106,8,0,0,0,0,0,0,0 max_stage2_delay_ms=534.839497 compaction_batch_target=32 compaction_max_delay_ms=25.000000 stage2_rate_per_sec=43.812079 stage1_search_budget_exhausted=0 stage2_search_budget_exhausted=0 stage2_continuations=244 stage2_remote_frontier_items=1366517 avg_stage2_remote_frontier=5600.479508 stage2_remote_expansions=25411 avg_stage2_remote_expansions=104.143443 stage2_scored_candidates=1964812 avg_stage2_scored_candidates=8052.508197 stage2_graph_read_waves=5471 avg_stage2_expansions_per_graph_wave=4.644672 stage2_graph_unique_reads=26541 stage2_graph_prefetch_issued=17999 stage2_graph_prefetch_hits=17244 stage2_graph_prefetch_wasted=669 stage2_graph_prefetch_promotion_ratio=0.962653 stage2_graph_issue_width_current=16 stage2_vector_read_waves=9864 avg_stage2_scores_per_vector_wave=199.190187 stage2_vector_unique_reads=1806578 stage2_home_rpc_batches=12678 stage2_home_rpc_items=1358053 avg_stage2_home_rpc_batch=107.118867 stage2_home_score_rpc_batches=5251 stage2_home_score_rpc_items=1331512 stage2_home_score_rpc_queries=24459 stage2_home_score_rpc_request_bytes=34654116 stage2_home_score_rpc_response_bytes=42818560 avg_stage2_home_score_queries_per_rpc=4.657970 avg_stage2_home_score_rpc_batch=253.573034 stage2_home_scored_neighbors=1489683 home_scores_per_expansion=1.096926 stage2_migrations=208 home_match_rate=0.054545 stage2_final_edges=7663 stage2_cross_edges_stage1_home=6653 stage2_cross_edges_final_home=5382 cross_edge_reduction_ratio=0.191042 failed=0 rpc_timeouts=0 reverse_aggregate_batches=0 reverse_aggregate_logical_requests=0 reverse_aggregate_ops=0 avg_reverse_aggregate_logicals=0.000000 avg_reverse_aggregate_ops=0.000000 max_backlog=8 admission_window=65536 completion_outstanding=29 completion_incomplete=29 completed_behind_hole=0 completion_logical_full_failures=0 completion_physical_full_failures=0 pressure_yields=485 stage2_batches=70 avg_stage2_batch_size=3.485714 packing_target_batch=8 packing_admit_queue_avg=3.485714 packing_admit_queue_max=8 packing_batch_1_7=64 packing_batch_8=6 packing_assembly_batches=70 packing_assembly_wait_ms=1689.764739 packing_arrival_interval_us=5310 packing_waited_batches=64 packing_wait_ms=1592.395000 packing_target_flushes=6 packing_deadline_flushes=64 packing_cleanup_flushes=0 stage2_phase_search_attempts=66 stage2_phase_search_task_attempts=224 stage2_phase_search_elapsed_ms=9319.800214 avg_stage2_phase_search_us_per_task=41606.250955 stage2_phase_freeze_prune_attempts=66 stage2_phase_freeze_prune_task_attempts=224 stage2_phase_freeze_prune_elapsed_ms=244.972396 avg_stage2_phase_freeze_prune_us_per_task=1093.626768 stage2_phase_reverse_prepare_attempts=65 stage2_phase_reverse_prepare_task_attempts=220 stage2_phase_reverse_prepare_elapsed_ms=677.098000 avg_stage2_phase_reverse_prepare_us_per_task=3077.718182 stage2_phase_placement_authority_attempts=65 stage2_phase_placement_authority_task_attempts=220 stage2_phase_placement_authority_elapsed_ms=146.279900 avg_stage2_phase_placement_authority_us_per_task=664.908636 stage2_phase_completion_handoff_attempts=65 stage2_phase_completion_handoff_task_attempts=220 stage2_phase_completion_handoff_elapsed_ms=0.103700 avg_stage2_phase_completion_handoff_us_per_task=0.471364 stage2_phase_finalize_attempts=65 stage2_phase_finalize_task_attempts=220 stage2_phase_finalize_elapsed_ms=0.383919 avg_stage2_phase_finalize_us_per_task=1.745086 maintenance_worker_idle_waits=21056 maintenance_worker_idle_ms=35034.942359 maintenance_lost_wake_avoided=3370 maintenance_targeted_wakes=47958 maintenance_generic_wakes=249 maintenance_broadcast_wakes=0 maintenance_context_slots_scanned=172416 maintenance_ready_notifications=22989 maintenance_ready_stale_notifications=0 maintenance_ready_tickets_drained=18530 maintenance_ready_overflow_scans=0 maintenance_ready_fallback_scans=10968 stage2_search_lane_lease_limit=32 stage2_search_lane_lease_peak=10 stage2_search_lane_lease_blocked=0 maintenance_worker_observed_idle_ratio=0.872133 maintenance_worker_observed_busy_ratio=0.127867 physical_stage1_items=249 physical_stage1_total_ns=1313932642 physical_stage1_search_ns=1244396488 physical_stage1_prune_ns=43423489 physical_stage1_allocate_write_ns=19329904 physical_stage1_backlink_ns=6029131 physical_stage1_candidates=31868 physical_stage1_remote_frontier_items=1399296 physical_stage1_neighbors=8578 peer_stage1_enqueued=408 peer_stage1_processed=408 peer_stage1_items=396 avg_peer_stage1_items=0.970588 peer_stage1_rate_per_sec=78.861742 peer_stage1_max_queue=21 peer_stage1_active_workers=0 peer_stage2_home_enqueued=17222 peer_stage2_home_processed=17222 peer_stage2_home_items=1935389 avg_peer_stage2_home_items=112.378876 peer_stage2_home_max_queue=17 peer_stage2_home_response_queue_drops=0 peer_stage2_home_response_send_wait_ms=126.679944 avg_peer_stage2_home_queue_wait_us=51.214491 avg_peer_stage2_home_execution_us=60.435520 peer_stage1_release_deferred_batches=13 peer_stage1_release_deferred_items=13 peer_stage1_duplicate_retry_responses=0 peer_stage1_admission_retry_responses=0 peer_stage1_retry_response_drops=0 peer_stage1_admission_waiters=0 peer_stage1_admission_waiter_items=0 peer_stage1_admission_owned_items=0 peer_stage1_admission_wake_coverage=0 peer_stage1_admission_parked=0 peer_stage1_admission_woken=0 peer_stage1_admission_reparked=0 peer_stage1_max_admission_waiters=0 peer_stage1_duplicate_coalesced=2 peer_reverse_enqueued=470 peer_reverse_processed=470 peer_reverse_remaining=0 peer_reverse_items_enqueued=9613 peer_reverse_items_processed=9613 peer_reverse_rate_per_sec=1914.388696 peer_reverse_failed=13 peer_reverse_max_queue=18 reclaim_pending=0 reclaim_reused=208 dynamic_high_watermark=19600283040 stage2_remaining=5 cleanup_remaining=0 active_contexts=5 active_context_limit=32 repair_remaining=0 remaining=29
[STATUS]: storage-owner maintenance observation: enqueued=1407 stage2_enqueued=1407 cleanup_enqueued=0 stage2_tasks_done=1337 stage2_finalized_live=1337 cleanup_processed=0 stale=0 stage2_completion_ratio=0.950249 live_stage2_completion_ratio=0.950249 avg_stage2_delay_ms=236.440768 p99_stage2_delay_upper_ms=1000.000000 p99_stage2_delay_over_30s=false stage2_delay_histogram=0,0,0,0,0,0,46,193,569,512,17,0,0,0,0,0,0,0 max_stage2_delay_ms=534.839497 compaction_batch_target=32 compaction_max_delay_ms=25.000000 stage2_rate_per_sec=133.409282 stage1_search_budget_exhausted=0 stage2_search_budget_exhausted=0 stage2_continuations=1404 stage2_remote_frontier_items=8042741 avg_stage2_remote_frontier=5728.448006 stage2_remote_expansions=151227 avg_stage2_remote_expansions=107.711538 stage2_scored_candidates=11797441 avg_stage2_scored_candidates=8402.735755 stage2_graph_read_waves=26982 avg_stage2_expansions_per_graph_wave=5.604736 stage2_graph_unique_reads=156117 stage2_graph_prefetch_issued=110857 stage2_graph_prefetch_hits=107425 stage2_graph_prefetch_wasted=3234 stage2_graph_prefetch_promotion_ratio=0.970775 stage2_graph_issue_width_current=16 stage2_vector_read_waves=48882 avg_stage2_scores_per_vector_wave=241.345301 stage2_vector_unique_reads=10826624 stage2_home_rpc_batches=70168 stage2_home_rpc_items=8119541 avg_stage2_home_rpc_batch=115.715725 stage2_home_score_rpc_batches=31563 stage2_home_score_rpc_items=7963424 stage2_home_score_rpc_queries=196649 stage2_home_score_rpc_request_bytes=212302680 stage2_home_score_rpc_response_bytes=256096144 avg_stage2_home_score_queries_per_rpc=6.230365 avg_stage2_home_score_rpc_batch=252.302506 stage2_home_scored_neighbors=8933720 home_scores_per_expansion=1.100274 stage2_migrations=1237 home_match_rate=0.074794 stage2_final_edges=52449 stage2_cross_edges_stage1_home=45126 stage2_cross_edges_final_home=37062 cross_edge_reduction_ratio=0.178700 failed=0 rpc_timeouts=0 reverse_aggregate_batches=0 reverse_aggregate_logical_requests=0 reverse_aggregate_ops=0 avg_reverse_aggregate_logicals=0.000000 avg_reverse_aggregate_ops=0.000000 max_backlog=8 admission_window=65536 completion_outstanding=83 completion_incomplete=70 completed_behind_hole=13 completion_logical_full_failures=0 completion_physical_full_failures=0 pressure_yields=1592 stage2_batches=258 avg_stage2_batch_size=5.441860 packing_target_batch=8 packing_admit_queue_avg=5.441860 packing_admit_queue_max=8 packing_batch_1_7=187 packing_batch_8=71 packing_assembly_batches=258 packing_assembly_wait_ms=5661.598445 packing_arrival_interval_us=2624 packing_waited_batches=187 packing_wait_ms=4417.231000 packing_target_flushes=71 packing_deadline_flushes=187 packing_cleanup_flushes=0 stage2_phase_search_attempts=250 stage2_phase_search_task_attempts=1345 stage2_phase_search_elapsed_ms=41788.996726 avg_stage2_phase_search_us_per_task=31069.886042 stage2_phase_freeze_prune_attempts=253 stage2_phase_freeze_prune_task_attempts=1364 stage2_phase_freeze_prune_elapsed_ms=899.194742 avg_stage2_phase_freeze_prune_us_per_task=659.233682 stage2_phase_reverse_prepare_attempts=249 stage2_phase_reverse_prepare_task_attempts=1337 stage2_phase_reverse_prepare_elapsed_ms=2689.321434 avg_stage2_phase_reverse_prepare_us_per_task=2011.459562 stage2_phase_placement_authority_attempts=249 stage2_phase_placement_authority_task_attempts=1337 stage2_phase_placement_authority_elapsed_ms=453.638489 avg_stage2_phase_placement_authority_us_per_task=339.295803 stage2_phase_completion_handoff_attempts=249 stage2_phase_completion_handoff_task_attempts=1337 stage2_phase_completion_handoff_elapsed_ms=0.362101 avg_stage2_phase_completion_handoff_us_per_task=0.270831 stage2_phase_finalize_attempts=249 stage2_phase_finalize_task_attempts=1337 stage2_phase_finalize_elapsed_ms=1.814445 avg_stage2_phase_finalize_us_per_task=1.357102 maintenance_worker_idle_waits=97600 maintenance_worker_idle_ms=58381.754295 maintenance_lost_wake_avoided=28531 maintenance_targeted_wakes=352081 maintenance_generic_wakes=1407 maintenance_broadcast_wakes=0 maintenance_context_slots_scanned=963920 maintenance_ready_notifications=120500 maintenance_ready_stale_notifications=0 maintenance_ready_tickets_drained=92109 maintenance_ready_overflow_scans=0 maintenance_ready_fallback_scans=60408 stage2_search_lane_lease_limit=32 stage2_search_lane_lease_peak=16 stage2_search_lane_lease_blocked=0 maintenance_worker_observed_idle_ratio=0.728185 maintenance_worker_observed_busy_ratio=0.271815 physical_stage1_items=1407 physical_stage1_total_ns=6685674790 physical_stage1_search_ns=6286412412 physical_stage1_prune_ns=259493956 physical_stage1_allocate_write_ns=102426997 physical_stage1_backlink_ns=33071999 physical_stage1_candidates=180046 physical_stage1_remote_frontier_items=8059094 physical_stage1_neighbors=54389 peer_stage1_enqueued=2315 peer_stage1_processed=2312 peer_stage1_items=2260 avg_peer_stage1_items=0.977509 peer_stage1_rate_per_sec=225.508584 peer_stage1_max_queue=21 peer_stage1_active_workers=3 peer_stage2_home_enqueued=35714 peer_stage2_home_processed=35714 peer_stage2_home_items=3850677 avg_peer_stage2_home_items=107.819819 peer_stage2_home_max_queue=17 peer_stage2_home_response_queue_drops=0 peer_stage2_home_response_send_wait_ms=255.573315 avg_peer_stage2_home_queue_wait_us=31.614656 avg_peer_stage2_home_execution_us=54.644687 peer_stage1_release_deferred_batches=54 peer_stage1_release_deferred_items=54 peer_stage1_duplicate_retry_responses=0 peer_stage1_admission_retry_responses=0 peer_stage1_retry_response_drops=0 peer_stage1_admission_waiters=0 peer_stage1_admission_waiter_items=0 peer_stage1_admission_owned_items=0 peer_stage1_admission_wake_coverage=0 peer_stage1_admission_parked=0 peer_stage1_admission_woken=0 peer_stage1_admission_reparked=0 peer_stage1_max_admission_waiters=0 peer_stage1_duplicate_coalesced=2 peer_reverse_enqueued=1076 peer_reverse_processed=1076 peer_reverse_remaining=0 peer_reverse_items_enqueued=21248 peer_reverse_items_processed=21248 peer_reverse_rate_per_sec=2120.179816 peer_reverse_failed=28 peer_reverse_max_queue=18 reclaim_pending=62 reclaim_reused=1175 dynamic_high_watermark=19600725472 stage2_remaining=3 cleanup_remaining=0 active_contexts=9 active_context_limit=32 repair_remaining=0 remaining=70
[STATUS]: storage-owner maintenance observation: enqueued=2935 stage2_enqueued=2935 cleanup_enqueued=0 stage2_tasks_done=2867 stage2_finalized_live=2867 cleanup_processed=0 stale=0 stage2_completion_ratio=0.976831 live_stage2_completion_ratio=0.976831 avg_stage2_delay_ms=237.732018 p99_stage2_delay_upper_ms=512.000000 p99_stage2_delay_over_30s=false stage2_delay_histogram=0,0,0,0,0,0,48,259,1450,1093,17,0,0,0,0,0,0,0 max_stage2_delay_ms=534.839497 compaction_batch_target=32 compaction_max_delay_ms=25.000000 stage2_rate_per_sec=190.856013 stage1_search_budget_exhausted=0 stage2_search_budget_exhausted=0 stage2_continuations=2929 stage2_remote_frontier_items=16880001 avg_stage2_remote_frontier=5763.059406 stage2_remote_expansions=323229 avg_stage2_remote_expansions=110.354729 stage2_scored_candidates=25070012 avg_stage2_scored_candidates=8559.239331 stage2_graph_read_waves=59622 avg_stage2_expansions_per_graph_wave=5.421304 stage2_graph_unique_reads=332431 stage2_graph_prefetch_issued=236025 stage2_graph_prefetch_hits=228699 stage2_graph_prefetch_wasted=6886 stage2_graph_prefetch_promotion_ratio=0.970771 stage2_graph_issue_width_current=16 stage2_vector_read_waves=112464 avg_stage2_scores_per_vector_wave=222.915884 stage2_vector_unique_reads=23002718 stage2_home_rpc_batches=150825 stage2_home_rpc_items=17263708 avg_stage2_home_rpc_batch=114.461847 stage2_home_score_rpc_batches=67872 stage2_home_score_rpc_items=16931277 stage2_home_score_rpc_queries=442544 stage2_home_score_rpc_request_bytes=453866928 stage2_home_score_rpc_response_bytes=544536808 avg_stage2_home_score_queries_per_rpc=6.520273 avg_stage2_home_score_rpc_batch=249.458937 stage2_home_scored_neighbors=18998100 home_scores_per_expansion=1.100465 stage2_migrations=2650 home_match_rate=0.075689 stage2_final_edges=113956 stage2_cross_edges_stage1_home=98273 stage2_cross_edges_final_home=80498 cross_edge_reduction_ratio=0.180874 failed=0 rpc_timeouts=0 reverse_aggregate_batches=0 reverse_aggregate_logical_requests=0 reverse_aggregate_ops=0 avg_reverse_aggregate_logicals=0.000000 avg_reverse_aggregate_ops=0.000000 max_backlog=8 admission_window=65536 completion_outstanding=68 completion_incomplete=68 completed_behind_hole=0 completion_logical_full_failures=0 completion_physical_full_failures=0 pressure_yields=2240 stage2_batches=476 avg_stage2_batch_size=6.153361 packing_target_batch=8 packing_admit_queue_avg=6.153361 packing_admit_queue_max=8 packing_batch_1_7=306 packing_batch_8=170 packing_assembly_batches=476 packing_assembly_wait_ms=10011.749642 packing_arrival_interval_us=3079 packing_waited_batches=306 packing_wait_ms=6969.876000 packing_target_flushes=170 packing_deadline_flushes=306 packing_cleanup_flushes=0 stage2_phase_search_attempts=468 stage2_phase_search_task_attempts=2874 stage2_phase_search_elapsed_ms=85033.162556 avg_stage2_phase_search_us_per_task=29587.043339 stage2_phase_freeze_prune_attempts=476 stage2_phase_freeze_prune_task_attempts=2930 stage2_phase_freeze_prune_elapsed_ms=1743.751864 avg_stage2_phase_freeze_prune_us_per_task=595.137155 stage2_phase_reverse_prepare_attempts=467 stage2_phase_reverse_prepare_task_attempts=2867 stage2_phase_reverse_prepare_elapsed_ms=5403.004069 avg_stage2_phase_reverse_prepare_us_per_task=1884.549728 stage2_phase_placement_authority_attempts=467 stage2_phase_placement_authority_task_attempts=2867 stage2_phase_placement_authority_elapsed_ms=780.649844 avg_stage2_phase_placement_authority_us_per_task=272.288052 stage2_phase_completion_handoff_attempts=467 stage2_phase_completion_handoff_task_attempts=2867 stage2_phase_completion_handoff_elapsed_ms=0.666294 avg_stage2_phase_completion_handoff_us_per_task=0.232401 stage2_phase_finalize_attempts=467 stage2_phase_finalize_task_attempts=2867 stage2_phase_finalize_elapsed_ms=3.711740 avg_stage2_phase_finalize_us_per_task=1.294642 maintenance_worker_idle_waits=210368 maintenance_worker_idle_ms=73695.622040 maintenance_lost_wake_avoided=66311 maintenance_targeted_wakes=785138 maintenance_generic_wakes=2935 maintenance_broadcast_wakes=0 maintenance_context_slots_scanned=2218736 maintenance_ready_notifications=266155 maintenance_ready_stale_notifications=0 maintenance_ready_tickets_drained=205945 maintenance_ready_overflow_scans=0 maintenance_ready_fallback_scans=138826 stage2_search_lane_lease_limit=32 stage2_search_lane_lease_peak=16 stage2_search_lane_lease_blocked=0 maintenance_worker_observed_idle_ratio=0.613239 maintenance_worker_observed_busy_ratio=0.386761 physical_stage1_items=2935 physical_stage1_total_ns=13825708939 physical_stage1_search_ns=12985047496 physical_stage1_prune_ns=546813031 physical_stage1_allocate_write_ns=210630110 physical_stage1_backlink_ns=74552521 physical_stage1_candidates=375573 physical_stage1_remote_frontier_items=16918318 physical_stage1_neighbors=114704 peer_stage1_enqueued=4790 peer_stage1_processed=4790 peer_stage1_items=4686 avg_peer_stage1_items=0.978288 peer_stage1_rate_per_sec=311.946731 peer_stage1_max_queue=21 peer_stage1_active_workers=1 peer_stage2_home_enqueued=49981 peer_stage2_home_processed=49979 peer_stage2_home_items=5267739 avg_peer_stage2_home_items=105.399048 peer_stage2_home_max_queue=17 peer_stage2_home_response_queue_drops=0 peer_stage2_home_response_send_wait_ms=360.230828 avg_peer_stage2_home_queue_wait_us=26.344098 avg_peer_stage2_home_execution_us=52.114822 peer_stage1_release_deferred_batches=106 peer_stage1_release_deferred_items=106 peer_stage1_duplicate_retry_responses=0 peer_stage1_admission_retry_responses=0 peer_stage1_retry_response_drops=0 peer_stage1_admission_waiters=0 peer_stage1_admission_waiter_items=0 peer_stage1_admission_owned_items=0 peer_stage1_admission_wake_coverage=0 peer_stage1_admission_parked=0 peer_stage1_admission_woken=0 peer_stage1_admission_reparked=0 peer_stage1_max_admission_waiters=0 peer_stage1_duplicate_coalesced=2 peer_reverse_enqueued=1593 peer_reverse_processed=1593 peer_reverse_remaining=0 peer_reverse_items_enqueued=30282 peer_reverse_items_processed=30282 peer_reverse_rate_per_sec=2015.870875 peer_reverse_failed=41 peer_reverse_max_queue=18 reclaim_pending=27 reclaim_reused=2623 dynamic_high_watermark=19600981408 stage2_remaining=6 cleanup_remaining=0 active_contexts=9 active_context_limit=32 repair_remaining=0 remaining=68
[STATUS]: storage-owner maintenance observation: enqueued=4447 stage2_enqueued=4447 cleanup_enqueued=0 stage2_tasks_done=4388 stage2_finalized_live=4388 cleanup_processed=0 stale=0 stage2_completion_ratio=0.986733 live_stage2_completion_ratio=0.986733 avg_stage2_delay_ms=225.486202 p99_stage2_delay_upper_ms=512.000000 p99_stage2_delay_over_30s=false stage2_delay_histogram=0,0,0,0,0,0,48,426,2527,1370,17,0,0,0,0,0,0,0 max_stage2_delay_ms=534.839497 compaction_batch_target=32 compaction_max_delay_ms=25.000000 stage2_rate_per_sec=219.160632 stage1_search_budget_exhausted=0 stage2_search_budget_exhausted=0 stage2_continuations=4447 stage2_remote_frontier_items=24959031 avg_stage2_remote_frontier=5612.554756 stage2_remote_expansions=493879 avg_stage2_remote_expansions=111.058916 stage2_scored_candidates=36990105 avg_stage2_scored_candidates=8317.990780 stage2_graph_read_waves=90038 avg_stage2_expansions_per_graph_wave=5.485228 stage2_graph_unique_reads=504168 stage2_graph_prefetch_issued=360346 stage2_graph_prefetch_hits=350119 stage2_graph_prefetch_wasted=10084 stage2_graph_prefetch_promotion_ratio=0.972005 stage2_graph_issue_width_current=16 stage2_vector_read_waves=174199 avg_stage2_scores_per_vector_wave=212.343957 stage2_vector_unique_reads=33950309 stage2_home_rpc_batches=225175 stage2_home_rpc_items=25517546 avg_stage2_home_rpc_batch=113.323175 stage2_home_score_rpc_batches=100753 stage2_home_score_rpc_items=25013378 stage2_home_score_rpc_queries=663490 stage2_home_score_rpc_request_bytes=671514128 stage2_home_score_rpc_response_bytes=804496544 avg_stage2_home_score_queries_per_rpc=6.585313 avg_stage2_home_score_rpc_batch=248.264349 stage2_home_scored_neighbors=28051715 home_scores_per_expansion=1.099311 stage2_migrations=4033 home_match_rate=0.080902 stage2_final_edges=173294 stage2_cross_edges_stage1_home=148983 stage2_cross_edges_final_home=122453 cross_edge_reduction_ratio=0.178074 failed=0 rpc_timeouts=0 reverse_aggregate_batches=0 reverse_aggregate_logical_requests=0 reverse_aggregate_ops=0 avg_reverse_aggregate_logicals=0.000000 avg_reverse_aggregate_ops=0.000000 max_backlog=8 admission_window=65536 completion_outstanding=59 completion_incomplete=59 completed_behind_hole=0 completion_logical_full_failures=0 completion_physical_full_failures=0 pressure_yields=2476 stage2_batches=694 avg_stage2_batch_size=6.407781 packing_target_batch=8 packing_admit_queue_avg=6.407781 packing_admit_queue_max=8 packing_batch_1_7=424 packing_batch_8=270 packing_assembly_batches=694 packing_assembly_wait_ms=14401.281939 packing_arrival_interval_us=2748 packing_waited_batches=424 packing_wait_ms=9580.796000 packing_target_flushes=270 packing_deadline_flushes=424 packing_cleanup_flushes=0 stage2_phase_search_attempts=688 stage2_phase_search_task_attempts=4401 stage2_phase_search_elapsed_ms=121437.813271 avg_stage2_phase_search_us_per_task=27593.231827 stage2_phase_freeze_prune_attempts=697 stage2_phase_freeze_prune_task_attempts=4465 stage2_phase_freeze_prune_elapsed_ms=2529.850347 avg_stage2_phase_freeze_prune_us_per_task=566.595822 stage2_phase_reverse_prepare_attempts=686 stage2_phase_reverse_prepare_task_attempts=4388 stage2_phase_reverse_prepare_elapsed_ms=7571.909764 avg_stage2_phase_reverse_prepare_us_per_task=1725.594750 stage2_phase_placement_authority_attempts=686 stage2_phase_placement_authority_task_attempts=4388 stage2_phase_placement_authority_elapsed_ms=1068.378118 avg_stage2_phase_placement_authority_us_per_task=243.477237 stage2_phase_completion_handoff_attempts=686 stage2_phase_completion_handoff_task_attempts=4388 stage2_phase_completion_handoff_elapsed_ms=0.967708 avg_stage2_phase_completion_handoff_us_per_task=0.220535 stage2_phase_finalize_attempts=686 stage2_phase_finalize_task_attempts=4388 stage2_phase_finalize_elapsed_ms=5.498457 avg_stage2_phase_finalize_us_per_task=1.253067 maintenance_worker_idle_waits=311232 maintenance_worker_idle_ms=92615.669050 maintenance_lost_wake_avoided=91958 maintenance_targeted_wakes=1107170 maintenance_generic_wakes=4447 maintenance_broadcast_wakes=0 maintenance_context_slots_scanned=3147104 maintenance_ready_notifications=403583 maintenance_ready_stale_notifications=0 maintenance_ready_tickets_drained=315355 maintenance_ready_overflow_scans=0 maintenance_ready_fallback_scans=196808 stage2_search_lane_lease_limit=32 stage2_search_lane_lease_peak=16 stage2_search_lane_lease_blocked=0 maintenance_worker_observed_idle_ratio=0.578216 maintenance_worker_observed_busy_ratio=0.421784 physical_stage1_items=4447 physical_stage1_total_ns=20279022821 physical_stage1_search_ns=19015915577 physical_stage1_prune_ns=821323096 physical_stage1_allocate_write_ns=316374174 physical_stage1_backlink_ns=112097688 physical_stage1_candidates=569046 physical_stage1_remote_frontier_items=24959031 physical_stage1_neighbors=173414 peer_stage1_enqueued=7244 peer_stage1_processed=7243 peer_stage1_items=7078 avg_peer_stage1_items=0.977219 peer_stage1_rate_per_sec=353.513892 peer_stage1_max_queue=21 peer_stage1_active_workers=1 peer_stage2_home_enqueued=64043 peer_stage2_home_processed=64043 peer_stage2_home_items=6631173 avg_peer_stage2_home_items=103.542511 peer_stage2_home_max_queue=17 peer_stage2_home_response_queue_drops=0 peer_stage2_home_response_send_wait_ms=471.764649 avg_peer_stage2_home_queue_wait_us=23.367145 avg_peer_stage2_home_execution_us=50.577262 peer_stage1_release_deferred_batches=172 peer_stage1_release_deferred_items=172 peer_stage1_duplicate_retry_responses=0 peer_stage1_admission_retry_responses=0 peer_stage1_retry_response_drops=0 peer_stage1_admission_waiters=0 peer_stage1_admission_waiter_items=0 peer_stage1_admission_owned_items=0 peer_stage1_admission_wake_coverage=0 peer_stage1_admission_parked=0 peer_stage1_admission_woken=0 peer_stage1_admission_reparked=0 peer_stage1_max_admission_waiters=0 peer_stage1_duplicate_coalesced=2 peer_reverse_enqueued=2144 peer_reverse_processed=2144 peer_reverse_remaining=0 peer_reverse_items_enqueued=39277 peer_reverse_items_processed=39277 peer_reverse_rate_per_sec=1961.707421 peer_reverse_failed=52 peer_reverse_max_queue=18 reclaim_pending=18 reclaim_reused=4015 dynamic_high_watermark=19601291904 stage2_remaining=0 cleanup_remaining=0 active_contexts=8 active_context_limit=32 repair_remaining=0 remaining=59
[STATUS]: storage-owner maintenance observation: enqueued=5993 stage2_enqueued=5993 cleanup_enqueued=0 stage2_tasks_done=5903 stage2_finalized_live=5903 cleanup_processed=0 stale=0 stage2_completion_ratio=0.984982 live_stage2_completion_ratio=0.984982 avg_stage2_delay_ms=221.975285 p99_stage2_delay_upper_ms=512.000000 p99_stage2_delay_over_30s=false stage2_delay_histogram=0,0,0,0,0,0,48,537,3596,1705,17,0,0,0,0,0,0,0 max_stage2_delay_ms=534.839497 compaction_batch_target=32 compaction_max_delay_ms=25.000000 stage2_rate_per_sec=235.913866 stage1_search_budget_exhausted=0 stage2_search_budget_exhausted=0 stage2_continuations=5986 stage2_remote_frontier_items=32935770 avg_stage2_remote_frontier=5502.133311 stage2_remote_expansions=662660 avg_stage2_remote_expansions=110.701637 stage2_scored_candidates=48767504 avg_stage2_scored_candidates=8146.926829 stage2_graph_read_waves=121624 avg_stage2_expansions_per_graph_wave=5.448431 stage2_graph_unique_reads=680225 stage2_graph_prefetch_issued=488009 stage2_graph_prefetch_hits=474324 stage2_graph_prefetch_wasted=13140 stage2_graph_prefetch_promotion_ratio=0.973044 stage2_graph_issue_width_current=16 stage2_vector_read_waves=240880 avg_stage2_scores_per_vector_wave=202.455596 stage2_vector_unique_reads=44793433 stage2_home_rpc_batches=300699 stage2_home_rpc_items=33788883 avg_stage2_home_rpc_batch=112.367793 stage2_home_score_rpc_batches=133983 stage2_home_score_rpc_items=33108672 stage2_home_score_rpc_queries=887265 stage2_home_score_rpc_request_bytes=889789812 stage2_home_score_rpc_response_bytes=1064901136 avg_stage2_home_score_queries_per_rpc=6.622221 avg_stage2_home_score_rpc_batch=247.110992 stage2_home_scored_neighbors=37080956 home_scores_per_expansion=1.097431 stage2_migrations=5422 home_match_rate=0.081484 stage2_final_edges=229591 stage2_cross_edges_stage1_home=197070 stage2_cross_edges_final_home=162149 cross_edge_reduction_ratio=0.177201 failed=0 rpc_timeouts=0 reverse_aggregate_batches=0 reverse_aggregate_logical_requests=0 reverse_aggregate_ops=0 avg_reverse_aggregate_logicals=0.000000 avg_reverse_aggregate_ops=0.000000 max_backlog=13 admission_window=65536 completion_outstanding=105 completion_incomplete=90 completed_behind_hole=15 completion_logical_full_failures=0 completion_physical_full_failures=0 pressure_yields=3765 stage2_batches=913 avg_stage2_batch_size=6.556407 packing_target_batch=8 packing_admit_queue_avg=6.561884 packing_admit_queue_max=13 packing_batch_1_7=541 packing_batch_8=372 packing_assembly_batches=913 packing_assembly_wait_ms=18717.325189 packing_arrival_interval_us=3212 packing_waited_batches=541 packing_wait_ms=12047.464000 packing_target_flushes=372 packing_deadline_flushes=541 packing_cleanup_flushes=0 stage2_phase_search_attempts=902 stage2_phase_search_task_attempts=5909 stage2_phase_search_elapsed_ms=158838.330622 avg_stage2_phase_search_us_per_task=26880.746424 stage2_phase_freeze_prune_attempts=925 stage2_phase_freeze_prune_task_attempts=6073 stage2_phase_freeze_prune_elapsed_ms=3374.310915 avg_stage2_phase_freeze_prune_us_per_task=555.625048 stage2_phase_reverse_prepare_attempts=901 stage2_phase_reverse_prepare_task_attempts=5903 stage2_phase_reverse_prepare_elapsed_ms=9952.604204 avg_stage2_phase_reverse_prepare_us_per_task=1686.024768 stage2_phase_placement_authority_attempts=901 stage2_phase_placement_authority_task_attempts=5903 stage2_phase_placement_authority_elapsed_ms=1452.258654 avg_stage2_phase_placement_authority_us_per_task=246.020439 stage2_phase_completion_handoff_attempts=901 stage2_phase_completion_handoff_task_attempts=5903 stage2_phase_completion_handoff_elapsed_ms=1.257625 avg_stage2_phase_completion_handoff_us_per_task=0.213048 stage2_phase_finalize_attempts=901 stage2_phase_finalize_task_attempts=5903 stage2_phase_finalize_elapsed_ms=7.290866 avg_stage2_phase_finalize_us_per_task=1.235112 maintenance_worker_idle_waits=412352 maintenance_worker_idle_ms=111646.179130 maintenance_lost_wake_avoided=116650 maintenance_targeted_wakes=1433870 maintenance_generic_wakes=5993 maintenance_broadcast_wakes=0 maintenance_context_slots_scanned=4082192 maintenance_ready_notifications=547297 maintenance_ready_stale_notifications=0 maintenance_ready_tickets_drained=430291 maintenance_ready_overflow_scans=0 maintenance_ready_fallback_scans=255315 stage2_search_lane_lease_limit=32 stage2_search_lane_lease_peak=16 stage2_search_lane_lease_blocked=0 maintenance_worker_observed_idle_ratio=0.557744 maintenance_worker_observed_busy_ratio=0.442256 physical_stage1_items=5993 physical_stage1_total_ns=26779803293 physical_stage1_search_ns=25089714461 physical_stage1_prune_ns=1102428066 physical_stage1_allocate_write_ns=421264650 physical_stage1_backlink_ns=148137022 physical_stage1_candidates=766855 physical_stage1_remote_frontier_items=32977552 physical_stage1_neighbors=231391 peer_stage1_enqueued=9797 peer_stage1_processed=9795 peer_stage1_items=9554 avg_peer_stage1_items=0.975396 peer_stage1_rate_per_sec=381.826373 peer_stage1_max_queue=21 peer_stage1_active_workers=2 peer_stage2_home_enqueued=77623 peer_stage2_home_processed=77623 peer_stage2_home_items=7930704 avg_peer_stage2_home_items=102.169512 peer_stage2_home_max_queue=17 peer_stage2_home_response_queue_drops=0 peer_stage2_home_response_send_wait_ms=578.874837 avg_peer_stage2_home_queue_wait_us=21.570829 avg_peer_stage2_home_execution_us=49.423637 peer_stage1_release_deferred_batches=253 peer_stage1_release_deferred_items=253 peer_stage1_duplicate_retry_responses=0 peer_stage1_admission_retry_responses=0 peer_stage1_retry_response_drops=0 peer_stage1_admission_waiters=0 peer_stage1_admission_waiter_items=0 peer_stage1_admission_owned_items=0 peer_stage1_admission_wake_coverage=0 peer_stage1_admission_parked=0 peer_stage1_admission_woken=0 peer_stage1_admission_reparked=0 peer_stage1_max_admission_waiters=0 peer_stage1_duplicate_coalesced=2 peer_reverse_enqueued=2685 peer_reverse_processed=2685 peer_reverse_remaining=0 peer_reverse_items_enqueued=48201 peer_reverse_items_processed=48201 peer_reverse_rate_per_sec=1926.356812 peer_reverse_failed=65 peer_reverse_max_queue=18 reclaim_pending=45 reclaim_reused=5377 dynamic_high_watermark=19601675808 stage2_remaining=7 cleanup_remaining=0 active_contexts=12 active_context_limit=32 repair_remaining=0 remaining=90
[STATUS]: storage-owner maintenance observation: enqueued=6686 stage2_enqueued=6686 cleanup_enqueued=0 stage2_tasks_done=6686 stage2_finalized_live=6686 cleanup_processed=0 stale=0 stage2_completion_ratio=1.000000 live_stage2_completion_ratio=1.000000 avg_stage2_delay_ms=220.472651 p99_stage2_delay_upper_ms=512.000000 p99_stage2_delay_over_30s=false stage2_delay_histogram=0,0,0,0,0,0,50,625,4106,1888,17,0,0,0,0,0,0,0 max_stage2_delay_ms=534.839497 compaction_batch_target=32 compaction_max_delay_ms=25.000000 stage2_rate_per_sec=222.701828 stage1_search_budget_exhausted=0 stage2_search_budget_exhausted=0 stage2_continuations=6686 stage2_remote_frontier_items=36520528 avg_stage2_remote_frontier=5462.238708 stage2_remote_expansions=749733 avg_stage2_remote_expansions=112.134759 stage2_scored_candidates=54212467 avg_stage2_scored_candidates=8108.355818 stage2_graph_read_waves=137582 avg_stage2_expansions_per_graph_wave=5.449354 stage2_graph_unique_reads=764514 stage2_graph_prefetch_issued=548471 stage2_graph_prefetch_hits=533690 stage2_graph_prefetch_wasted=14781 stage2_graph_prefetch_promotion_ratio=0.973051 stage2_graph_issue_width_current=16 stage2_vector_read_waves=275389 avg_stage2_scores_per_vector_wave=196.857779 stage2_vector_unique_reads=49785126 stage2_home_rpc_batches=336994 stage2_home_rpc_items=37536796 avg_stage2_home_rpc_batch=111.387134 stage2_home_score_rpc_batches=149279 stage2_home_score_rpc_items=36772282 stage2_home_score_rpc_queries=988853 stage2_home_score_rpc_request_bytes=988612436 stage2_home_score_rpc_response_bytes=1182762640 avg_stage2_home_score_queries_per_rpc=6.624194 avg_stage2_home_score_rpc_batch=246.332585 stage2_home_scored_neighbors=41197350 home_scores_per_expansion=1.097519 stage2_migrations=6129 home_match_rate=0.083308 stage2_final_edges=258999 stage2_cross_edges_stage1_home=222191 stage2_cross_edges_final_home=182891 cross_edge_reduction_ratio=0.176875 failed=0 rpc_timeouts=0 reverse_aggregate_batches=0 reverse_aggregate_logical_requests=0 reverse_aggregate_ops=0 avg_reverse_aggregate_logicals=0.000000 avg_reverse_aggregate_ops=0.000000 max_backlog=13 admission_window=65536 completion_outstanding=0 completion_incomplete=0 completed_behind_hole=0 completion_logical_full_failures=0 completion_physical_full_failures=0 pressure_yields=4380 stage2_batches=1014 avg_stage2_batch_size=6.593688 packing_target_batch=8 packing_admit_queue_avg=6.598619 packing_admit_queue_max=13 packing_batch_1_7=595 packing_batch_8=419 packing_assembly_batches=1014 packing_assembly_wait_ms=20779.929440 packing_arrival_interval_us=3862 packing_waited_batches=595 packing_wait_ms=13256.163000 packing_target_flushes=419 packing_deadline_flushes=595 packing_cleanup_flushes=0 stage2_phase_search_attempts=1014 stage2_phase_search_task_attempts=6686 stage2_phase_search_elapsed_ms=177795.489335 avg_stage2_phase_search_us_per_task=26592.206003 stage2_phase_freeze_prune_attempts=1042 stage2_phase_freeze_prune_task_attempts=6887 stage2_phase_freeze_prune_elapsed_ms=3783.295749 avg_stage2_phase_freeze_prune_us_per_task=549.338718 stage2_phase_reverse_prepare_attempts=1014 stage2_phase_reverse_prepare_task_attempts=6686 stage2_phase_reverse_prepare_elapsed_ms=11157.946492 avg_stage2_phase_reverse_prepare_us_per_task=1668.852302 stage2_phase_placement_authority_attempts=1014 stage2_phase_placement_authority_task_attempts=6686 stage2_phase_placement_authority_elapsed_ms=1626.898269 avg_stage2_phase_placement_authority_us_per_task=243.329086 stage2_phase_completion_handoff_attempts=1014 stage2_phase_completion_handoff_task_attempts=6686 stage2_phase_completion_handoff_elapsed_ms=1.412450 avg_stage2_phase_completion_handoff_us_per_task=0.211255 stage2_phase_finalize_attempts=1014 stage2_phase_finalize_task_attempts=6686 stage2_phase_finalize_elapsed_ms=8.241348 avg_stage2_phase_finalize_us_per_task=1.232628 maintenance_worker_idle_waits=466752 maintenance_worker_idle_ms=140034.126581 maintenance_lost_wake_avoided=128950 maintenance_targeted_wakes=1597073 maintenance_generic_wakes=6686 maintenance_broadcast_wakes=0 maintenance_context_slots_scanned=4601520 maintenance_ready_notifications=619478 maintenance_ready_stale_notifications=0 maintenance_ready_tickets_drained=488725 maintenance_ready_overflow_scans=0 maintenance_ready_fallback_scans=287800 stage2_search_lane_lease_limit=32 stage2_search_lane_lease_peak=16 stage2_search_lane_lease_blocked=0 maintenance_worker_observed_idle_ratio=0.583044 maintenance_worker_observed_busy_ratio=0.416956 physical_stage1_items=6686 physical_stage1_total_ns=29634403131 physical_stage1_search_ns=27750535386 physical_stage1_prune_ns=1228385197 physical_stage1_allocate_write_ns=469000140 physical_stage1_backlink_ns=165913854 physical_stage1_candidates=855531 physical_stage1_remote_frontier_items=36520528 physical_stage1_neighbors=257860 peer_stage1_enqueued=10932 peer_stage1_processed=10932 peer_stage1_items=10666 avg_peer_stage1_items=0.975668 peer_stage1_rate_per_sec=355.270370 peer_stage1_max_queue=21 peer_stage1_active_workers=0 peer_stage2_home_enqueued=84143 peer_stage2_home_processed=84143 peer_stage2_home_items=8542185 avg_peer_stage2_home_items=101.519853 peer_stage2_home_max_queue=17 peer_stage2_home_response_queue_drops=0 peer_stage2_home_response_send_wait_ms=622.840548 avg_peer_stage2_home_queue_wait_us=20.937403 avg_peer_stage2_home_execution_us=48.950689 peer_stage1_release_deferred_batches=280 peer_stage1_release_deferred_items=280 peer_stage1_duplicate_retry_responses=0 peer_stage1_admission_retry_responses=0 peer_stage1_retry_response_drops=0 peer_stage1_admission_waiters=0 peer_stage1_admission_waiter_items=0 peer_stage1_admission_owned_items=0 peer_stage1_admission_wake_coverage=0 peer_stage1_admission_parked=0 peer_stage1_admission_woken=0 peer_stage1_admission_reparked=0 peer_stage1_max_admission_waiters=0 peer_stage1_duplicate_coalesced=2 peer_reverse_enqueued=2939 peer_reverse_processed=2939 peer_reverse_remaining=0 peer_reverse_items_enqueued=52206 peer_reverse_items_processed=52206 peer_reverse_rate_per_sec=1738.912896 peer_reverse_failed=70 peer_reverse_max_queue=18 reclaim_pending=83 reclaim_reused=6046 dynamic_high_watermark=19601785920 stage2_remaining=0 cleanup_remaining=0 active_contexts=0 active_context_limit=32 repair_remaining=0 remaining=0
[STATUS]: storage-owner maintenance observation: enqueued=6686 stage2_enqueued=6686 cleanup_enqueued=0 stage2_tasks_done=6686 stage2_finalized_live=6686 cleanup_processed=0 stale=0 stage2_completion_ratio=1.000000 live_stage2_completion_ratio=1.000000 avg_stage2_delay_ms=220.472651 p99_stage2_delay_upper_ms=512.000000 p99_stage2_delay_over_30s=false stage2_delay_histogram=0,0,0,0,0,0,50,625,4106,1888,17,0,0,0,0,0,0,0 max_stage2_delay_ms=534.839497 compaction_batch_target=32 compaction_max_delay_ms=25.000000 stage2_rate_per_sec=190.904039 stage1_search_budget_exhausted=0 stage2_search_budget_exhausted=0 stage2_continuations=6686 stage2_remote_frontier_items=36520528 avg_stage2_remote_frontier=5462.238708 stage2_remote_expansions=749733 avg_stage2_remote_expansions=112.134759 stage2_scored_candidates=54212467 avg_stage2_scored_candidates=8108.355818 stage2_graph_read_waves=137582 avg_stage2_expansions_per_graph_wave=5.449354 stage2_graph_unique_reads=764514 stage2_graph_prefetch_issued=548471 stage2_graph_prefetch_hits=533690 stage2_graph_prefetch_wasted=14781 stage2_graph_prefetch_promotion_ratio=0.973051 stage2_graph_issue_width_current=16 stage2_vector_read_waves=275389 avg_stage2_scores_per_vector_wave=196.857779 stage2_vector_unique_reads=49785126 stage2_home_rpc_batches=336994 stage2_home_rpc_items=37536796 avg_stage2_home_rpc_batch=111.387134 stage2_home_score_rpc_batches=149279 stage2_home_score_rpc_items=36772282 stage2_home_score_rpc_queries=988853 stage2_home_score_rpc_request_bytes=988612436 stage2_home_score_rpc_response_bytes=1182762640 avg_stage2_home_score_queries_per_rpc=6.624194 avg_stage2_home_score_rpc_batch=246.332585 stage2_home_scored_neighbors=41197350 home_scores_per_expansion=1.097519 stage2_migrations=6129 home_match_rate=0.083308 stage2_final_edges=258999 stage2_cross_edges_stage1_home=222191 stage2_cross_edges_final_home=182891 cross_edge_reduction_ratio=0.176875 failed=0 rpc_timeouts=0 reverse_aggregate_batches=0 reverse_aggregate_logical_requests=0 reverse_aggregate_ops=0 avg_reverse_aggregate_logicals=0.000000 avg_reverse_aggregate_ops=0.000000 max_backlog=13 admission_window=65536 completion_outstanding=0 completion_incomplete=0 completed_behind_hole=0 completion_logical_full_failures=0 completion_physical_full_failures=0 pressure_yields=4380 stage2_batches=1014 avg_stage2_batch_size=6.593688 packing_target_batch=8 packing_admit_queue_avg=6.598619 packing_admit_queue_max=13 packing_batch_1_7=595 packing_batch_8=419 packing_assembly_batches=1014 packing_assembly_wait_ms=20779.929440 packing_arrival_interval_us=3862 packing_waited_batches=595 packing_wait_ms=13256.163000 packing_target_flushes=419 packing_deadline_flushes=595 packing_cleanup_flushes=0 stage2_phase_search_attempts=1014 stage2_phase_search_task_attempts=6686 stage2_phase_search_elapsed_ms=177795.489335 avg_stage2_phase_search_us_per_task=26592.206003 stage2_phase_freeze_prune_attempts=1042 stage2_phase_freeze_prune_task_attempts=6887 stage2_phase_freeze_prune_elapsed_ms=3783.295749 avg_stage2_phase_freeze_prune_us_per_task=549.338718 stage2_phase_reverse_prepare_attempts=1014 stage2_phase_reverse_prepare_task_attempts=6686 stage2_phase_reverse_prepare_elapsed_ms=11157.946492 avg_stage2_phase_reverse_prepare_us_per_task=1668.852302 stage2_phase_placement_authority_attempts=1014 stage2_phase_placement_authority_task_attempts=6686 stage2_phase_placement_authority_elapsed_ms=1626.898269 avg_stage2_phase_placement_authority_us_per_task=243.329086 stage2_phase_completion_handoff_attempts=1014 stage2_phase_completion_handoff_task_attempts=6686 stage2_phase_completion_handoff_elapsed_ms=1.412450 avg_stage2_phase_completion_handoff_us_per_task=0.211255 stage2_phase_finalize_attempts=1014 stage2_phase_finalize_task_attempts=6686 stage2_phase_finalize_elapsed_ms=8.241348 avg_stage2_phase_finalize_us_per_task=1.232628 maintenance_worker_idle_waits=470656 maintenance_worker_idle_ms=179305.721381 maintenance_lost_wake_avoided=128950 maintenance_targeted_wakes=1597073 maintenance_generic_wakes=6686 maintenance_broadcast_wakes=0 maintenance_context_slots_scanned=4663984 maintenance_ready_notifications=619478 maintenance_ready_stale_notifications=0 maintenance_ready_tickets_drained=488725 maintenance_ready_overflow_scans=0 maintenance_ready_fallback_scans=291776 stage2_search_lane_lease_limit=32 stage2_search_lane_lease_peak=16 stage2_search_lane_lease_blocked=0 maintenance_worker_observed_idle_ratio=0.639960 maintenance_worker_observed_busy_ratio=0.360040 physical_stage1_items=6686 physical_stage1_total_ns=29634403131 physical_stage1_search_ns=27750535386 physical_stage1_prune_ns=1228385197 physical_stage1_allocate_write_ns=469000140 physical_stage1_backlink_ns=165913854 physical_stage1_candidates=855531 physical_stage1_remote_frontier_items=36520528 physical_stage1_neighbors=257860 peer_stage1_enqueued=10932 peer_stage1_processed=10932 peer_stage1_items=10666 avg_peer_stage1_items=0.975668 peer_stage1_rate_per_sec=304.544194 peer_stage1_max_queue=21 peer_stage1_active_workers=0 peer_stage2_home_enqueued=84143 peer_stage2_home_processed=84143 peer_stage2_home_items=8542185 avg_peer_stage2_home_items=101.519853 peer_stage2_home_max_queue=17 peer_stage2_home_response_queue_drops=0 peer_stage2_home_response_send_wait_ms=622.840548 avg_peer_stage2_home_queue_wait_us=20.937403 avg_peer_stage2_home_execution_us=48.950689 peer_stage1_release_deferred_batches=280 peer_stage1_release_deferred_items=280 peer_stage1_duplicate_retry_responses=0 peer_stage1_admission_retry_responses=0 peer_stage1_retry_response_drops=0 peer_stage1_admission_waiters=0 peer_stage1_admission_waiter_items=0 peer_stage1_admission_owned_items=0 peer_stage1_admission_wake_coverage=0 peer_stage1_admission_parked=0 peer_stage1_admission_woken=0 peer_stage1_admission_reparked=0 peer_stage1_max_admission_waiters=0 peer_stage1_duplicate_coalesced=2 peer_reverse_enqueued=2939 peer_reverse_processed=2939 peer_reverse_remaining=0 peer_reverse_items_enqueued=52206 peer_reverse_items_processed=52206 peer_reverse_rate_per_sec=1490.627619 peer_reverse_failed=70 peer_reverse_max_queue=18 reclaim_pending=83 reclaim_reused=6046 dynamic_high_watermark=19601785920 stage2_remaining=0 cleanup_remaining=0 active_contexts=0 active_context_limit=32 repair_remaining=0 remaining=0
[STATUS]: storage-owner maintenance observation: enqueued=6686 stage2_enqueued=6686 cleanup_enqueued=0 stage2_tasks_done=6686 stage2_finalized_live=6686 cleanup_processed=0 stale=0 stage2_completion_ratio=1.000000 live_stage2_completion_ratio=1.000000 avg_stage2_delay_ms=220.472651 p99_stage2_delay_upper_ms=512.000000 p99_stage2_delay_over_30s=false stage2_delay_histogram=0,0,0,0,0,0,50,625,4106,1888,17,0,0,0,0,0,0,0 max_stage2_delay_ms=534.839497 compaction_batch_target=32 compaction_max_delay_ms=25.000000 stage2_rate_per_sec=167.051906 stage1_search_budget_exhausted=0 stage2_search_budget_exhausted=0 stage2_continuations=6686 stage2_remote_frontier_items=36520528 avg_stage2_remote_frontier=5462.238708 stage2_remote_expansions=749733 avg_stage2_remote_expansions=112.134759 stage2_scored_candidates=54212467 avg_stage2_scored_candidates=8108.355818 stage2_graph_read_waves=137582 avg_stage2_expansions_per_graph_wave=5.449354 stage2_graph_unique_reads=764514 stage2_graph_prefetch_issued=548471 stage2_graph_prefetch_hits=533690 stage2_graph_prefetch_wasted=14781 stage2_graph_prefetch_promotion_ratio=0.973051 stage2_graph_issue_width_current=16 stage2_vector_read_waves=275389 avg_stage2_scores_per_vector_wave=196.857779 stage2_vector_unique_reads=49785126 stage2_home_rpc_batches=336994 stage2_home_rpc_items=37536796 avg_stage2_home_rpc_batch=111.387134 stage2_home_score_rpc_batches=149279 stage2_home_score_rpc_items=36772282 stage2_home_score_rpc_queries=988853 stage2_home_score_rpc_request_bytes=988612436 stage2_home_score_rpc_response_bytes=1182762640 avg_stage2_home_score_queries_per_rpc=6.624194 avg_stage2_home_score_rpc_batch=246.332585 stage2_home_scored_neighbors=41197350 home_scores_per_expansion=1.097519 stage2_migrations=6129 home_match_rate=0.083308 stage2_final_edges=258999 stage2_cross_edges_stage1_home=222191 stage2_cross_edges_final_home=182891 cross_edge_reduction_ratio=0.176875 failed=0 rpc_timeouts=0 reverse_aggregate_batches=0 reverse_aggregate_logical_requests=0 reverse_aggregate_ops=0 avg_reverse_aggregate_logicals=0.000000 avg_reverse_aggregate_ops=0.000000 max_backlog=13 admission_window=65536 completion_outstanding=0 completion_incomplete=0 completed_behind_hole=0 completion_logical_full_failures=0 completion_physical_full_failures=0 pressure_yields=4380 stage2_batches=1014 avg_stage2_batch_size=6.593688 packing_target_batch=8 packing_admit_queue_avg=6.598619 packing_admit_queue_max=13 packing_batch_1_7=595 packing_batch_8=419 packing_assembly_batches=1014 packing_assembly_wait_ms=20779.929440 packing_arrival_interval_us=3862 packing_waited_batches=595 packing_wait_ms=13256.163000 packing_target_flushes=419 packing_deadline_flushes=595 packing_cleanup_flushes=0 stage2_phase_search_attempts=1014 stage2_phase_search_task_attempts=6686 stage2_phase_search_elapsed_ms=177795.489335 avg_stage2_phase_search_us_per_task=26592.206003 stage2_phase_freeze_prune_attempts=1042 stage2_phase_freeze_prune_task_attempts=6887 stage2_phase_freeze_prune_elapsed_ms=3783.295749 avg_stage2_phase_freeze_prune_us_per_task=549.338718 stage2_phase_reverse_prepare_attempts=1014 stage2_phase_reverse_prepare_task_attempts=6686 stage2_phase_reverse_prepare_elapsed_ms=11157.946492 avg_stage2_phase_reverse_prepare_us_per_task=1668.852302 stage2_phase_placement_authority_attempts=1014 stage2_phase_placement_authority_task_attempts=6686 stage2_phase_placement_authority_elapsed_ms=1626.898269 avg_stage2_phase_placement_authority_us_per_task=243.329086 stage2_phase_completion_handoff_attempts=1014 stage2_phase_completion_handoff_task_attempts=6686 stage2_phase_completion_handoff_elapsed_ms=1.412450 avg_stage2_phase_completion_handoff_us_per_task=0.211255 stage2_phase_finalize_attempts=1014 stage2_phase_finalize_task_attempts=6686 stage2_phase_finalize_elapsed_ms=8.241348 avg_stage2_phase_finalize_us_per_task=1.232628 maintenance_worker_idle_waits=474560 maintenance_worker_idle_ms=218577.006395 maintenance_lost_wake_avoided=128950 maintenance_targeted_wakes=1597073 maintenance_generic_wakes=6686 maintenance_broadcast_wakes=0 maintenance_context_slots_scanned=4726448 maintenance_ready_notifications=619478 maintenance_ready_stale_notifications=0 maintenance_ready_tickets_drained=488725 maintenance_ready_overflow_scans=0 maintenance_ready_fallback_scans=295751 stage2_search_lane_lease_limit=32 stage2_search_lane_lease_peak=16 stage2_search_lane_lease_blocked=0 maintenance_worker_observed_idle_ratio=0.682652 maintenance_worker_observed_busy_ratio=0.317348 physical_stage1_items=6686 physical_stage1_total_ns=29634403131 physical_stage1_search_ns=27750535386 physical_stage1_prune_ns=1228385197 physical_stage1_allocate_write_ns=469000140 physical_stage1_backlink_ns=165913854 physical_stage1_candidates=855531 physical_stage1_remote_frontier_items=36520528 physical_stage1_neighbors=257860 peer_stage1_enqueued=10932 peer_stage1_processed=10932 peer_stage1_items=10666 avg_peer_stage1_items=0.975668 peer_stage1_rate_per_sec=266.493513 peer_stage1_max_queue=21 peer_stage1_active_workers=0 peer_stage2_home_enqueued=84143 peer_stage2_home_processed=84143 peer_stage2_home_items=8542185 avg_peer_stage2_home_items=101.519853 peer_stage2_home_max_queue=17 peer_stage2_home_response_queue_drops=0 peer_stage2_home_response_send_wait_ms=622.840548 avg_peer_stage2_home_queue_wait_us=20.937403 avg_peer_stage2_home_execution_us=48.950689 peer_stage1_release_deferred_batches=280 peer_stage1_release_deferred_items=280 peer_stage1_duplicate_retry_responses=0 peer_stage1_admission_retry_responses=0 peer_stage1_retry_response_drops=0 peer_stage1_admission_waiters=0 peer_stage1_admission_waiter_items=0 peer_stage1_admission_owned_items=0 peer_stage1_admission_wake_coverage=0 peer_stage1_admission_parked=0 peer_stage1_admission_woken=0 peer_stage1_admission_reparked=0 peer_stage1_max_admission_waiters=0 peer_stage1_duplicate_coalesced=2 peer_reverse_enqueued=2939 peer_reverse_processed=2939 peer_reverse_remaining=0 peer_reverse_items_enqueued=52206 peer_reverse_items_processed=52206 peer_reverse_rate_per_sec=1304.384057 peer_reverse_failed=70 peer_reverse_max_queue=18 reclaim_pending=83 reclaim_reused=6046 dynamic_high_watermark=19601785920 stage2_remaining=0 cleanup_remaining=0 active_contexts=0 active_context_limit=32 repair_remaining=0 remaining=0
[STATUS]: storage-owner maintenance observation: enqueued=6686 stage2_enqueued=6686 cleanup_enqueued=0 stage2_tasks_done=6686 stage2_finalized_live=6686 cleanup_processed=0 stale=0 stage2_completion_ratio=1.000000 live_stage2_completion_ratio=1.000000 avg_stage2_delay_ms=220.472651 p99_stage2_delay_upper_ms=512.000000 p99_stage2_delay_over_30s=false stage2_delay_histogram=0,0,0,0,0,0,50,625,4106,1888,17,0,0,0,0,0,0,0 max_stage2_delay_ms=534.839497 compaction_batch_target=32 compaction_max_delay_ms=25.000000 stage2_rate_per_sec=148.499277 stage1_search_budget_exhausted=0 stage2_search_budget_exhausted=0 stage2_continuations=6686 stage2_remote_frontier_items=36520528 avg_stage2_remote_frontier=5462.238708 stage2_remote_expansions=749733 avg_stage2_remote_expansions=112.134759 stage2_scored_candidates=54212467 avg_stage2_scored_candidates=8108.355818 stage2_graph_read_waves=137582 avg_stage2_expansions_per_graph_wave=5.449354 stage2_graph_unique_reads=764514 stage2_graph_prefetch_issued=548471 stage2_graph_prefetch_hits=533690 stage2_graph_prefetch_wasted=14781 stage2_graph_prefetch_promotion_ratio=0.973051 stage2_graph_issue_width_current=16 stage2_vector_read_waves=275389 avg_stage2_scores_per_vector_wave=196.857779 stage2_vector_unique_reads=49785126 stage2_home_rpc_batches=336994 stage2_home_rpc_items=37536796 avg_stage2_home_rpc_batch=111.387134 stage2_home_score_rpc_batches=149279 stage2_home_score_rpc_items=36772282 stage2_home_score_rpc_queries=988853 stage2_home_score_rpc_request_bytes=988612436 stage2_home_score_rpc_response_bytes=1182762640 avg_stage2_home_score_queries_per_rpc=6.624194 avg_stage2_home_score_rpc_batch=246.332585 stage2_home_scored_neighbors=41197350 home_scores_per_expansion=1.097519 stage2_migrations=6129 home_match_rate=0.083308 stage2_final_edges=258999 stage2_cross_edges_stage1_home=222191 stage2_cross_edges_final_home=182891 cross_edge_reduction_ratio=0.176875 failed=0 rpc_timeouts=0 reverse_aggregate_batches=0 reverse_aggregate_logical_requests=0 reverse_aggregate_ops=0 avg_reverse_aggregate_logicals=0.000000 avg_reverse_aggregate_ops=0.000000 max_backlog=13 admission_window=65536 completion_outstanding=0 completion_incomplete=0 completed_behind_hole=0 completion_logical_full_failures=0 completion_physical_full_failures=0 pressure_yields=4380 stage2_batches=1014 avg_stage2_batch_size=6.593688 packing_target_batch=8 packing_admit_queue_avg=6.598619 packing_admit_queue_max=13 packing_batch_1_7=595 packing_batch_8=419 packing_assembly_batches=1014 packing_assembly_wait_ms=20779.929440 packing_arrival_interval_us=3862 packing_waited_batches=595 packing_wait_ms=13256.163000 packing_target_flushes=419 packing_deadline_flushes=595 packing_cleanup_flushes=0 stage2_phase_search_attempts=1014 stage2_phase_search_task_attempts=6686 stage2_phase_search_elapsed_ms=177795.489335 avg_stage2_phase_search_us_per_task=26592.206003 stage2_phase_freeze_prune_attempts=1042 stage2_phase_freeze_prune_task_attempts=6887 stage2_phase_freeze_prune_elapsed_ms=3783.295749 avg_stage2_phase_freeze_prune_us_per_task=549.338718 stage2_phase_reverse_prepare_attempts=1014 stage2_phase_reverse_prepare_task_attempts=6686 stage2_phase_reverse_prepare_elapsed_ms=11157.946492 avg_stage2_phase_reverse_prepare_us_per_task=1668.852302 stage2_phase_placement_authority_attempts=1014 stage2_phase_placement_authority_task_attempts=6686 stage2_phase_placement_authority_elapsed_ms=1626.898269 avg_stage2_phase_placement_authority_us_per_task=243.329086 stage2_phase_completion_handoff_attempts=1014 stage2_phase_completion_handoff_task_attempts=6686 stage2_phase_completion_handoff_elapsed_ms=1.412450 avg_stage2_phase_completion_handoff_us_per_task=0.211255 stage2_phase_finalize_attempts=1014 stage2_phase_finalize_task_attempts=6686 stage2_phase_finalize_elapsed_ms=8.241348 avg_stage2_phase_finalize_us_per_task=1.232628 maintenance_worker_idle_waits=478656 maintenance_worker_idle_ms=259779.866649 maintenance_lost_wake_avoided=128950 maintenance_targeted_wakes=1597073 maintenance_generic_wakes=6686 maintenance_broadcast_wakes=0 maintenance_context_slots_scanned=4791984 maintenance_ready_notifications=619478 maintenance_ready_stale_notifications=0 maintenance_ready_tickets_drained=488725 maintenance_ready_overflow_scans=0 maintenance_ready_fallback_scans=299727 stage2_search_lane_lease_limit=32 stage2_search_lane_lease_peak=16 stage2_search_lane_lease_blocked=0 maintenance_worker_observed_idle_ratio=0.721229 maintenance_worker_observed_busy_ratio=0.278771 physical_stage1_items=6686 physical_stage1_total_ns=29634403131 physical_stage1_search_ns=27750535386 physical_stage1_prune_ns=1228385197 physical_stage1_allocate_write_ns=469000140 physical_stage1_backlink_ns=165913854 physical_stage1_candidates=855531 physical_stage1_remote_frontier_items=36520528 physical_stage1_neighbors=257860 peer_stage1_enqueued=10932 peer_stage1_processed=10932 peer_stage1_items=10666 avg_peer_stage1_items=0.975668 peer_stage1_rate_per_sec=236.896992 peer_stage1_max_queue=21 peer_stage1_active_workers=0 peer_stage2_home_enqueued=84143 peer_stage2_home_processed=84143 peer_stage2_home_items=8542185 avg_peer_stage2_home_items=101.519853 peer_stage2_home_max_queue=17 peer_stage2_home_response_queue_drops=0 peer_stage2_home_response_send_wait_ms=622.840548 avg_peer_stage2_home_queue_wait_us=20.937403 avg_peer_stage2_home_execution_us=48.950689 peer_stage1_release_deferred_batches=280 peer_stage1_release_deferred_items=280 peer_stage1_duplicate_retry_responses=0 peer_stage1_admission_retry_responses=0 peer_stage1_retry_response_drops=0 peer_stage1_admission_waiters=0 peer_stage1_admission_waiter_items=0 peer_stage1_admission_owned_items=0 peer_stage1_admission_wake_coverage=0 peer_stage1_admission_parked=0 peer_stage1_admission_woken=0 peer_stage1_admission_reparked=0 peer_stage1_max_admission_waiters=0 peer_stage1_duplicate_coalesced=2 peer_reverse_enqueued=2939 peer_reverse_processed=2939 peer_reverse_remaining=0 peer_reverse_items_enqueued=52206 peer_reverse_items_processed=52206 peer_reverse_rate_per_sec=1159.520380 peer_reverse_failed=70 peer_reverse_max_queue=18 reclaim_pending=83 reclaim_reused=6046 dynamic_high_watermark=19601785920 stage2_remaining=0 cleanup_remaining=0 active_contexts=0 active_context_limit=32 repair_remaining=0 remaining=0
[STATUS]: storage-owner maintenance observation: enqueued=6686 stage2_enqueued=6686 cleanup_enqueued=0 stage2_tasks_done=6686 stage2_finalized_live=6686 cleanup_processed=0 stale=0 stage2_completion_ratio=1.000000 live_stage2_completion_ratio=1.000000 avg_stage2_delay_ms=220.472651 p99_stage2_delay_upper_ms=512.000000 p99_stage2_delay_over_30s=false stage2_delay_histogram=0,0,0,0,0,0,50,625,4106,1888,17,0,0,0,0,0,0,0 max_stage2_delay_ms=534.839497 compaction_batch_target=32 compaction_max_delay_ms=25.000000 stage2_rate_per_sec=133.645076 stage1_search_budget_exhausted=0 stage2_search_budget_exhausted=0 stage2_continuations=6686 stage2_remote_frontier_items=36520528 avg_stage2_remote_frontier=5462.238708 stage2_remote_expansions=749733 avg_stage2_remote_expansions=112.134759 stage2_scored_candidates=54212467 avg_stage2_scored_candidates=8108.355818 stage2_graph_read_waves=137582 avg_stage2_expansions_per_graph_wave=5.449354 stage2_graph_unique_reads=764514 stage2_graph_prefetch_issued=548471 stage2_graph_prefetch_hits=533690 stage2_graph_prefetch_wasted=14781 stage2_graph_prefetch_promotion_ratio=0.973051 stage2_graph_issue_width_current=16 stage2_vector_read_waves=275389 avg_stage2_scores_per_vector_wave=196.857779 stage2_vector_unique_reads=49785126 stage2_home_rpc_batches=336994 stage2_home_rpc_items=37536796 avg_stage2_home_rpc_batch=111.387134 stage2_home_score_rpc_batches=149279 stage2_home_score_rpc_items=36772282 stage2_home_score_rpc_queries=988853 stage2_home_score_rpc_request_bytes=988612436 stage2_home_score_rpc_response_bytes=1182762640 avg_stage2_home_score_queries_per_rpc=6.624194 avg_stage2_home_score_rpc_batch=246.332585 stage2_home_scored_neighbors=41197350 home_scores_per_expansion=1.097519 stage2_migrations=6129 home_match_rate=0.083308 stage2_final_edges=258999 stage2_cross_edges_stage1_home=222191 stage2_cross_edges_final_home=182891 cross_edge_reduction_ratio=0.176875 failed=0 rpc_timeouts=0 reverse_aggregate_batches=0 reverse_aggregate_logical_requests=0 reverse_aggregate_ops=0 avg_reverse_aggregate_logicals=0.000000 avg_reverse_aggregate_ops=0.000000 max_backlog=13 admission_window=65536 completion_outstanding=0 completion_incomplete=0 completed_behind_hole=0 completion_logical_full_failures=0 completion_physical_full_failures=0 pressure_yields=4380 stage2_batches=1014 avg_stage2_batch_size=6.593688 packing_target_batch=8 packing_admit_queue_avg=6.598619 packing_admit_queue_max=13 packing_batch_1_7=595 packing_batch_8=419 packing_assembly_batches=1014 packing_assembly_wait_ms=20779.929440 packing_arrival_interval_us=3862 packing_waited_batches=595 packing_wait_ms=13256.163000 packing_target_flushes=419 packing_deadline_flushes=595 packing_cleanup_flushes=0 stage2_phase_search_attempts=1014 stage2_phase_search_task_attempts=6686 stage2_phase_search_elapsed_ms=177795.489335 avg_stage2_phase_search_us_per_task=26592.206003 stage2_phase_freeze_prune_attempts=1042 stage2_phase_freeze_prune_task_attempts=6887 stage2_phase_freeze_prune_elapsed_ms=3783.295749 avg_stage2_phase_freeze_prune_us_per_task=549.338718 stage2_phase_reverse_prepare_attempts=1014 stage2_phase_reverse_prepare_task_attempts=6686 stage2_phase_reverse_prepare_elapsed_ms=11157.946492 avg_stage2_phase_reverse_prepare_us_per_task=1668.852302 stage2_phase_placement_authority_attempts=1014 stage2_phase_placement_authority_task_attempts=6686 stage2_phase_placement_authority_elapsed_ms=1626.898269 avg_stage2_phase_placement_authority_us_per_task=243.329086 stage2_phase_completion_handoff_attempts=1014 stage2_phase_completion_handoff_task_attempts=6686 stage2_phase_completion_handoff_elapsed_ms=1.412450 avg_stage2_phase_completion_handoff_us_per_task=0.211255 stage2_phase_finalize_attempts=1014 stage2_phase_finalize_task_attempts=6686 stage2_phase_finalize_elapsed_ms=8.241348 avg_stage2_phase_finalize_us_per_task=1.232628 maintenance_worker_idle_waits=482624 maintenance_worker_idle_ms=299694.702186 maintenance_lost_wake_avoided=128950 maintenance_targeted_wakes=1597073 maintenance_generic_wakes=6686 maintenance_broadcast_wakes=0 maintenance_context_slots_scanned=4855472 maintenance_ready_notifications=619478 maintenance_ready_stale_notifications=0 maintenance_ready_tickets_drained=488725 maintenance_ready_overflow_scans=0 maintenance_ready_fallback_scans=303704 stage2_search_lane_lease_limit=32 stage2_search_lane_lease_peak=16 stage2_search_lane_lease_blocked=0 maintenance_worker_observed_idle_ratio=0.748817 maintenance_worker_observed_busy_ratio=0.251183 physical_stage1_items=6686 physical_stage1_total_ns=29634403131 physical_stage1_search_ns=27750535386 physical_stage1_prune_ns=1228385197 physical_stage1_allocate_write_ns=469000140 physical_stage1_backlink_ns=165913854 physical_stage1_candidates=855531 physical_stage1_remote_frontier_items=36520528 physical_stage1_neighbors=257860 peer_stage1_enqueued=10932 peer_stage1_processed=10932 peer_stage1_items=10666 avg_peer_stage1_items=0.975668 peer_stage1_rate_per_sec=213.200476 peer_stage1_max_queue=21 peer_stage1_active_workers=0 peer_stage2_home_enqueued=84143 peer_stage2_home_processed=84143 peer_stage2_home_items=8542185 avg_peer_stage2_home_items=101.519853 peer_stage2_home_max_queue=17 peer_stage2_home_response_queue_drops=0 peer_stage2_home_response_send_wait_ms=622.840548 avg_peer_stage2_home_queue_wait_us=20.937403 avg_peer_stage2_home_execution_us=48.950689 peer_stage1_release_deferred_batches=280 peer_stage1_release_deferred_items=280 peer_stage1_duplicate_retry_responses=0 peer_stage1_admission_retry_responses=0 peer_stage1_retry_response_drops=0 peer_stage1_admission_waiters=0 peer_stage1_admission_waiter_items=0 peer_stage1_admission_owned_items=0 peer_stage1_admission_wake_coverage=0 peer_stage1_admission_parked=0 peer_stage1_admission_woken=0 peer_stage1_admission_reparked=0 peer_stage1_max_admission_waiters=0 peer_stage1_duplicate_coalesced=2 peer_reverse_enqueued=2939 peer_reverse_processed=2939 peer_reverse_remaining=0 peer_reverse_items_enqueued=52206 peer_reverse_items_processed=52206 peer_reverse_rate_per_sec=1043.534977 peer_reverse_failed=70 peer_reverse_max_queue=18 reclaim_pending=83 reclaim_reused=6046 dynamic_high_watermark=19601785920 stage2_remaining=0 cleanup_remaining=0 active_contexts=0 active_context_limit=32 repair_remaining=0 remaining=0
[STATUS]: storage-owner maintenance observation: enqueued=6686 stage2_enqueued=6686 cleanup_enqueued=0 stage2_tasks_done=6686 stage2_finalized_live=6686 cleanup_processed=0 stale=0 stage2_completion_ratio=1.000000 live_stage2_completion_ratio=1.000000 avg_stage2_delay_ms=220.472651 p99_stage2_delay_upper_ms=512.000000 p99_stage2_delay_over_30s=false stage2_delay_histogram=0,0,0,0,0,0,50,625,4106,1888,17,0,0,0,0,0,0,0 max_stage2_delay_ms=534.839497 compaction_batch_target=32 compaction_max_delay_ms=25.000000 stage2_rate_per_sec=121.501533 stage1_search_budget_exhausted=0 stage2_search_budget_exhausted=0 stage2_continuations=6686 stage2_remote_frontier_items=36520528 avg_stage2_remote_frontier=5462.238708 stage2_remote_expansions=749733 avg_stage2_remote_expansions=112.134759 stage2_scored_candidates=54212467 avg_stage2_scored_candidates=8108.355818 stage2_graph_read_waves=137582 avg_stage2_expansions_per_graph_wave=5.449354 stage2_graph_unique_reads=764514 stage2_graph_prefetch_issued=548471 stage2_graph_prefetch_hits=533690 stage2_graph_prefetch_wasted=14781 stage2_graph_prefetch_promotion_ratio=0.973051 stage2_graph_issue_width_current=16 stage2_vector_read_waves=275389 avg_stage2_scores_per_vector_wave=196.857779 stage2_vector_unique_reads=49785126 stage2_home_rpc_batches=336994 stage2_home_rpc_items=37536796 avg_stage2_home_rpc_batch=111.387134 stage2_home_score_rpc_batches=149279 stage2_home_score_rpc_items=36772282 stage2_home_score_rpc_queries=988853 stage2_home_score_rpc_request_bytes=988612436 stage2_home_score_rpc_response_bytes=1182762640 avg_stage2_home_score_queries_per_rpc=6.624194 avg_stage2_home_score_rpc_batch=246.332585 stage2_home_scored_neighbors=41197350 home_scores_per_expansion=1.097519 stage2_migrations=6129 home_match_rate=0.083308 stage2_final_edges=258999 stage2_cross_edges_stage1_home=222191 stage2_cross_edges_final_home=182891 cross_edge_reduction_ratio=0.176875 failed=0 rpc_timeouts=0 reverse_aggregate_batches=0 reverse_aggregate_logical_requests=0 reverse_aggregate_ops=0 avg_reverse_aggregate_logicals=0.000000 avg_reverse_aggregate_ops=0.000000 max_backlog=13 admission_window=65536 completion_outstanding=0 completion_incomplete=0 completed_behind_hole=0 completion_logical_full_failures=0 completion_physical_full_failures=0 pressure_yields=4380 stage2_batches=1014 avg_stage2_batch_size=6.593688 packing_target_batch=8 packing_admit_queue_avg=6.598619 packing_admit_queue_max=13 packing_batch_1_7=595 packing_batch_8=419 packing_assembly_batches=1014 packing_assembly_wait_ms=20779.929440 packing_arrival_interval_us=3862 packing_waited_batches=595 packing_wait_ms=13256.163000 packing_target_flushes=419 packing_deadline_flushes=595 packing_cleanup_flushes=0 stage2_phase_search_attempts=1014 stage2_phase_search_task_attempts=6686 stage2_phase_search_elapsed_ms=177795.489335 avg_stage2_phase_search_us_per_task=26592.206003 stage2_phase_freeze_prune_attempts=1042 stage2_phase_freeze_prune_task_attempts=6887 stage2_phase_freeze_prune_elapsed_ms=3783.295749 avg_stage2_phase_freeze_prune_us_per_task=549.338718 stage2_phase_reverse_prepare_attempts=1014 stage2_phase_reverse_prepare_task_attempts=6686 stage2_phase_reverse_prepare_elapsed_ms=11157.946492 avg_stage2_phase_reverse_prepare_us_per_task=1668.852302 stage2_phase_placement_authority_attempts=1014 stage2_phase_placement_authority_task_attempts=6686 stage2_phase_placement_authority_elapsed_ms=1626.898269 avg_stage2_phase_placement_authority_us_per_task=243.329086 stage2_phase_completion_handoff_attempts=1014 stage2_phase_completion_handoff_task_attempts=6686 stage2_phase_completion_handoff_elapsed_ms=1.412450 avg_stage2_phase_completion_handoff_us_per_task=0.211255 stage2_phase_finalize_attempts=1014 stage2_phase_finalize_task_attempts=6686 stage2_phase_finalize_elapsed_ms=8.241348 avg_stage2_phase_finalize_us_per_task=1.232628 maintenance_worker_idle_waits=486656 maintenance_worker_idle_ms=340253.590459 maintenance_lost_wake_avoided=128950 maintenance_targeted_wakes=1597073 maintenance_generic_wakes=6686 maintenance_broadcast_wakes=0 maintenance_context_slots_scanned=4919984 maintenance_ready_notifications=619478 maintenance_ready_stale_notifications=0 maintenance_ready_tickets_drained=488725 maintenance_ready_overflow_scans=0 maintenance_ready_fallback_scans=307680 stage2_search_lane_lease_limit=32 stage2_search_lane_lease_peak=16 stage2_search_lane_lease_blocked=0 maintenance_worker_observed_idle_ratio=0.772909 maintenance_worker_observed_busy_ratio=0.227091 physical_stage1_items=6686 physical_stage1_total_ns=29634403131 physical_stage1_search_ns=27750535386 physical_stage1_prune_ns=1228385197 physical_stage1_allocate_write_ns=469000140 physical_stage1_backlink_ns=165913854 physical_stage1_candidates=855531 physical_stage1_remote_frontier_items=36520528 physical_stage1_neighbors=257860 peer_stage1_enqueued=10932 peer_stage1_processed=10932 peer_stage1_items=10666 avg_peer_stage1_items=0.975668 peer_stage1_rate_per_sec=193.828201 peer_stage1_max_queue=21 peer_stage1_active_workers=0 peer_stage2_home_enqueued=84143 peer_stage2_home_processed=84143 peer_stage2_home_items=8542185 avg_peer_stage2_home_items=101.519853 peer_stage2_home_max_queue=17 peer_stage2_home_response_queue_drops=0 peer_stage2_home_response_send_wait_ms=622.840548 avg_peer_stage2_home_queue_wait_us=20.937403 avg_peer_stage2_home_execution_us=48.950689 peer_stage1_release_deferred_batches=280 peer_stage1_release_deferred_items=280 peer_stage1_duplicate_retry_responses=0 peer_stage1_admission_retry_responses=0 peer_stage1_retry_response_drops=0 peer_stage1_admission_waiters=0 peer_stage1_admission_waiter_items=0 peer_stage1_admission_owned_items=0 peer_stage1_admission_wake_coverage=0 peer_stage1_admission_parked=0 peer_stage1_admission_woken=0 peer_stage1_admission_reparked=0 peer_stage1_max_admission_waiters=0 peer_stage1_duplicate_coalesced=2 peer_reverse_enqueued=2939 peer_reverse_processed=2939 peer_reverse_remaining=0 peer_reverse_items_enqueued=52206 peer_reverse_items_processed=52206 peer_reverse_rate_per_sec=948.715082 peer_reverse_failed=70 peer_reverse_max_queue=18 reclaim_pending=83 reclaim_reused=6046 dynamic_high_watermark=19601785920 stage2_remaining=0 cleanup_remaining=0 active_contexts=0 active_context_limit=32 repair_remaining=0 remaining=0
[STATUS]: storage-owner maintenance observation: enqueued=6686 stage2_enqueued=6686 cleanup_enqueued=0 stage2_tasks_done=6686 stage2_finalized_live=6686 cleanup_processed=0 stale=0 stage2_completion_ratio=1.000000 live_stage2_completion_ratio=1.000000 avg_stage2_delay_ms=220.472651 p99_stage2_delay_upper_ms=512.000000 p99_stage2_delay_over_30s=false stage2_delay_histogram=0,0,0,0,0,0,50,625,4106,1888,17,0,0,0,0,0,0,0 max_stage2_delay_ms=534.839497 compaction_batch_target=32 compaction_max_delay_ms=25.000000 stage2_rate_per_sec=111.380543 stage1_search_budget_exhausted=0 stage2_search_budget_exhausted=0 stage2_continuations=6686 stage2_remote_frontier_items=36520528 avg_stage2_remote_frontier=5462.238708 stage2_remote_expansions=749733 avg_stage2_remote_expansions=112.134759 stage2_scored_candidates=54212467 avg_stage2_scored_candidates=8108.355818 stage2_graph_read_waves=137582 avg_stage2_expansions_per_graph_wave=5.449354 stage2_graph_unique_reads=764514 stage2_graph_prefetch_issued=548471 stage2_graph_prefetch_hits=533690 stage2_graph_prefetch_wasted=14781 stage2_graph_prefetch_promotion_ratio=0.973051 stage2_graph_issue_width_current=16 stage2_vector_read_waves=275389 avg_stage2_scores_per_vector_wave=196.857779 stage2_vector_unique_reads=49785126 stage2_home_rpc_batches=336994 stage2_home_rpc_items=37536796 avg_stage2_home_rpc_batch=111.387134 stage2_home_score_rpc_batches=149279 stage2_home_score_rpc_items=36772282 stage2_home_score_rpc_queries=988853 stage2_home_score_rpc_request_bytes=988612436 stage2_home_score_rpc_response_bytes=1182762640 avg_stage2_home_score_queries_per_rpc=6.624194 avg_stage2_home_score_rpc_batch=246.332585 stage2_home_scored_neighbors=41197350 home_scores_per_expansion=1.097519 stage2_migrations=6129 home_match_rate=0.083308 stage2_final_edges=258999 stage2_cross_edges_stage1_home=222191 stage2_cross_edges_final_home=182891 cross_edge_reduction_ratio=0.176875 failed=0 rpc_timeouts=0 reverse_aggregate_batches=0 reverse_aggregate_logical_requests=0 reverse_aggregate_ops=0 avg_reverse_aggregate_logicals=0.000000 avg_reverse_aggregate_ops=0.000000 max_backlog=13 admission_window=65536 completion_outstanding=0 completion_incomplete=0 completed_behind_hole=0 completion_logical_full_failures=0 completion_physical_full_failures=0 pressure_yields=4380 stage2_batches=1014 avg_stage2_batch_size=6.593688 packing_target_batch=8 packing_admit_queue_avg=6.598619 packing_admit_queue_max=13 packing_batch_1_7=595 packing_batch_8=419 packing_assembly_batches=1014 packing_assembly_wait_ms=20779.929440 packing_arrival_interval_us=3862 packing_waited_batches=595 packing_wait_ms=13256.163000 packing_target_flushes=419 packing_deadline_flushes=595 packing_cleanup_flushes=0 stage2_phase_search_attempts=1014 stage2_phase_search_task_attempts=6686 stage2_phase_search_elapsed_ms=177795.489335 avg_stage2_phase_search_us_per_task=26592.206003 stage2_phase_freeze_prune_attempts=1042 stage2_phase_freeze_prune_task_attempts=6887 stage2_phase_freeze_prune_elapsed_ms=3783.295749 avg_stage2_phase_freeze_prune_us_per_task=549.338718 stage2_phase_reverse_prepare_attempts=1014 stage2_phase_reverse_prepare_task_attempts=6686 stage2_phase_reverse_prepare_elapsed_ms=11157.946492 avg_stage2_phase_reverse_prepare_us_per_task=1668.852302 stage2_phase_placement_authority_attempts=1014 stage2_phase_placement_authority_task_attempts=6686 stage2_phase_placement_authority_elapsed_ms=1626.898269 avg_stage2_phase_placement_authority_us_per_task=243.329086 stage2_phase_completion_handoff_attempts=1014 stage2_phase_completion_handoff_task_attempts=6686 stage2_phase_completion_handoff_elapsed_ms=1.412450 avg_stage2_phase_completion_handoff_us_per_task=0.211255 stage2_phase_finalize_attempts=1014 stage2_phase_finalize_task_attempts=6686 stage2_phase_finalize_elapsed_ms=8.241348 avg_stage2_phase_finalize_us_per_task=1.232628 maintenance_worker_idle_waits=490496 maintenance_worker_idle_ms=378880.962076 maintenance_lost_wake_avoided=128950 maintenance_targeted_wakes=1597073 maintenance_generic_wakes=6686 maintenance_broadcast_wakes=0 maintenance_context_slots_scanned=4981424 maintenance_ready_notifications=619478 maintenance_ready_stale_notifications=0 maintenance_ready_tickets_drained=488725 maintenance_ready_overflow_scans=0 maintenance_ready_fallback_scans=311656 stage2_search_lane_lease_limit=32 stage2_search_lane_lease_peak=16 stage2_search_lane_lease_blocked=0 maintenance_worker_observed_idle_ratio=0.788961 maintenance_worker_observed_busy_ratio=0.211039 physical_stage1_items=6686 physical_stage1_total_ns=29634403131 physical_stage1_search_ns=27750535386 physical_stage1_prune_ns=1228385197 physical_stage1_allocate_write_ns=469000140 physical_stage1_backlink_ns=165913854 physical_stage1_candidates=855531 physical_stage1_remote_frontier_items=36520528 physical_stage1_neighbors=257860 peer_stage1_enqueued=10932 peer_stage1_processed=10932 peer_stage1_items=10666 avg_peer_stage1_items=0.975668 peer_stage1_rate_per_sec=177.682451 peer_stage1_max_queue=21 peer_stage1_active_workers=0 peer_stage2_home_enqueued=84143 peer_stage2_home_processed=84143 peer_stage2_home_items=8542185 avg_peer_stage2_home_items=101.519853 peer_stage2_home_max_queue=17 peer_stage2_home_response_queue_drops=0 peer_stage2_home_response_send_wait_ms=622.840548 avg_peer_stage2_home_queue_wait_us=20.937403 avg_peer_stage2_home_execution_us=48.950689 peer_stage1_release_deferred_batches=280 peer_stage1_release_deferred_items=280 peer_stage1_duplicate_retry_responses=0 peer_stage1_admission_retry_responses=0 peer_stage1_retry_response_drops=0 peer_stage1_admission_waiters=0 peer_stage1_admission_waiter_items=0 peer_stage1_admission_owned_items=0 peer_stage1_admission_wake_coverage=0 peer_stage1_admission_parked=0 peer_stage1_admission_woken=0 peer_stage1_admission_reparked=0 peer_stage1_max_admission_waiters=0 peer_stage1_duplicate_coalesced=2 peer_reverse_enqueued=2939 peer_reverse_processed=2939 peer_reverse_remaining=0 peer_reverse_items_enqueued=52206 peer_reverse_items_processed=52206 peer_reverse_rate_per_sec=869.687799 peer_reverse_failed=70 peer_reverse_max_queue=18 reclaim_pending=83 reclaim_reused=6046 dynamic_high_watermark=19601785920 stage2_remaining=0 cleanup_remaining=0 active_contexts=0 active_context_limit=32 repair_remaining=0 remaining=0
[STATUS]: storage-owner maintenance observation: enqueued=6686 stage2_enqueued=6686 cleanup_enqueued=0 stage2_tasks_done=6686 stage2_finalized_live=6686 cleanup_processed=0 stale=0 stage2_completion_ratio=1.000000 live_stage2_completion_ratio=1.000000 avg_stage2_delay_ms=220.472651 p99_stage2_delay_upper_ms=512.000000 p99_stage2_delay_over_30s=false stage2_delay_histogram=0,0,0,0,0,0,50,625,4106,1888,17,0,0,0,0,0,0,0 max_stage2_delay_ms=534.839497 compaction_batch_target=32 compaction_max_delay_ms=25.000000 stage2_rate_per_sec=102.816293 stage1_search_budget_exhausted=0 stage2_search_budget_exhausted=0 stage2_continuations=6686 stage2_remote_frontier_items=36520528 avg_stage2_remote_frontier=5462.238708 stage2_remote_expansions=749733 avg_stage2_remote_expansions=112.134759 stage2_scored_candidates=54212467 avg_stage2_scored_candidates=8108.355818 stage2_graph_read_waves=137582 avg_stage2_expansions_per_graph_wave=5.449354 stage2_graph_unique_reads=764514 stage2_graph_prefetch_issued=548471 stage2_graph_prefetch_hits=533690 stage2_graph_prefetch_wasted=14781 stage2_graph_prefetch_promotion_ratio=0.973051 stage2_graph_issue_width_current=16 stage2_vector_read_waves=275389 avg_stage2_scores_per_vector_wave=196.857779 stage2_vector_unique_reads=49785126 stage2_home_rpc_batches=336994 stage2_home_rpc_items=37536796 avg_stage2_home_rpc_batch=111.387134 stage2_home_score_rpc_batches=149279 stage2_home_score_rpc_items=36772282 stage2_home_score_rpc_queries=988853 stage2_home_score_rpc_request_bytes=988612436 stage2_home_score_rpc_response_bytes=1182762640 avg_stage2_home_score_queries_per_rpc=6.624194 avg_stage2_home_score_rpc_batch=246.332585 stage2_home_scored_neighbors=41197350 home_scores_per_expansion=1.097519 stage2_migrations=6129 home_match_rate=0.083308 stage2_final_edges=258999 stage2_cross_edges_stage1_home=222191 stage2_cross_edges_final_home=182891 cross_edge_reduction_ratio=0.176875 failed=0 rpc_timeouts=0 reverse_aggregate_batches=0 reverse_aggregate_logical_requests=0 reverse_aggregate_ops=0 avg_reverse_aggregate_logicals=0.000000 avg_reverse_aggregate_ops=0.000000 max_backlog=13 admission_window=65536 completion_outstanding=0 completion_incomplete=0 completed_behind_hole=0 completion_logical_full_failures=0 completion_physical_full_failures=0 pressure_yields=4380 stage2_batches=1014 avg_stage2_batch_size=6.593688 packing_target_batch=8 packing_admit_queue_avg=6.598619 packing_admit_queue_max=13 packing_batch_1_7=595 packing_batch_8=419 packing_assembly_batches=1014 packing_assembly_wait_ms=20779.929440 packing_arrival_interval_us=3862 packing_waited_batches=595 packing_wait_ms=13256.163000 packing_target_flushes=419 packing_deadline_flushes=595 packing_cleanup_flushes=0 stage2_phase_search_attempts=1014 stage2_phase_search_task_attempts=6686 stage2_phase_search_elapsed_ms=177795.489335 avg_stage2_phase_search_us_per_task=26592.206003 stage2_phase_freeze_prune_attempts=1042 stage2_phase_freeze_prune_task_attempts=6887 stage2_phase_freeze_prune_elapsed_ms=3783.295749 avg_stage2_phase_freeze_prune_us_per_task=549.338718 stage2_phase_reverse_prepare_attempts=1014 stage2_phase_reverse_prepare_task_attempts=6686 stage2_phase_reverse_prepare_elapsed_ms=11157.946492 avg_stage2_phase_reverse_prepare_us_per_task=1668.852302 stage2_phase_placement_authority_attempts=1014 stage2_phase_placement_authority_task_attempts=6686 stage2_phase_placement_authority_elapsed_ms=1626.898269 avg_stage2_phase_placement_authority_us_per_task=243.329086 stage2_phase_completion_handoff_attempts=1014 stage2_phase_completion_handoff_task_attempts=6686 stage2_phase_completion_handoff_elapsed_ms=1.412450 avg_stage2_phase_completion_handoff_us_per_task=0.211255 stage2_phase_finalize_attempts=1014 stage2_phase_finalize_task_attempts=6686 stage2_phase_finalize_elapsed_ms=8.241348 avg_stage2_phase_finalize_us_per_task=1.232628 maintenance_worker_idle_waits=494528 maintenance_worker_idle_ms=419439.934298 maintenance_lost_wake_avoided=128950 maintenance_targeted_wakes=1597073 maintenance_generic_wakes=6686 maintenance_broadcast_wakes=0 maintenance_context_slots_scanned=5045936 maintenance_ready_notifications=619478 maintenance_ready_stale_notifications=0 maintenance_ready_tickets_drained=488725 maintenance_ready_overflow_scans=0 maintenance_ready_fallback_scans=315632 stage2_search_lane_lease_limit=32 stage2_search_lane_lease_peak=16 stage2_search_lane_lease_blocked=0 maintenance_worker_observed_idle_ratio=0.806260 maintenance_worker_observed_busy_ratio=0.193740 physical_stage1_items=6686 physical_stage1_total_ns=29634403131 physical_stage1_search_ns=27750535386 physical_stage1_prune_ns=1228385197 physical_stage1_allocate_write_ns=469000140 physical_stage1_backlink_ns=165913854 physical_stage1_candidates=855531 physical_stage1_remote_frontier_items=36520528 physical_stage1_neighbors=257860 peer_stage1_enqueued=10932 peer_stage1_processed=10932 peer_stage1_items=10666 avg_peer_stage1_items=0.975668 peer_stage1_rate_per_sec=164.020129 peer_stage1_max_queue=21 peer_stage1_active_workers=0 peer_stage2_home_enqueued=84143 peer_stage2_home_processed=84143 peer_stage2_home_items=8542185 avg_peer_stage2_home_items=101.519853 peer_stage2_home_max_queue=17 peer_stage2_home_response_queue_drops=0 peer_stage2_home_response_send_wait_ms=622.840548 avg_peer_stage2_home_queue_wait_us=20.937403 avg_peer_stage2_home_execution_us=48.950689 peer_stage1_release_deferred_batches=280 peer_stage1_release_deferred_items=280 peer_stage1_duplicate_retry_responses=0 peer_stage1_admission_retry_responses=0 peer_stage1_retry_response_drops=0 peer_stage1_admission_waiters=0 peer_stage1_admission_waiter_items=0 peer_stage1_admission_owned_items=0 peer_stage1_admission_wake_coverage=0 peer_stage1_admission_parked=0 peer_stage1_admission_woken=0 peer_stage1_admission_reparked=0 peer_stage1_max_admission_waiters=0 peer_stage1_duplicate_coalesced=2 peer_reverse_enqueued=2939 peer_reverse_processed=2939 peer_reverse_remaining=0 peer_reverse_items_enqueued=52206 peer_reverse_items_processed=52206 peer_reverse_rate_per_sec=802.815942 peer_reverse_failed=70 peer_reverse_max_queue=18 reclaim_pending=83 reclaim_reused=6046 dynamic_high_watermark=19601785920 stage2_remaining=0 cleanup_remaining=0 active_contexts=0 active_context_limit=32 repair_remaining=0 remaining=0
[STATUS]: storage-owner maintenance observation: enqueued=6686 stage2_enqueued=6686 cleanup_enqueued=0 stage2_tasks_done=6686 stage2_finalized_live=6686 cleanup_processed=0 stale=0 stage2_completion_ratio=1.000000 live_stage2_completion_ratio=1.000000 avg_stage2_delay_ms=220.472651 p99_stage2_delay_upper_ms=512.000000 p99_stage2_delay_over_30s=false stage2_delay_histogram=0,0,0,0,0,0,50,625,4106,1888,17,0,0,0,0,0,0,0 max_stage2_delay_ms=534.839497 compaction_batch_target=32 compaction_max_delay_ms=25.000000 stage2_rate_per_sec=95.474370 stage1_search_budget_exhausted=0 stage2_search_budget_exhausted=0 stage2_continuations=6686 stage2_remote_frontier_items=36520528 avg_stage2_remote_frontier=5462.238708 stage2_remote_expansions=749733 avg_stage2_remote_expansions=112.134759 stage2_scored_candidates=54212467 avg_stage2_scored_candidates=8108.355818 stage2_graph_read_waves=137582 avg_stage2_expansions_per_graph_wave=5.449354 stage2_graph_unique_reads=764514 stage2_graph_prefetch_issued=548471 stage2_graph_prefetch_hits=533690 stage2_graph_prefetch_wasted=14781 stage2_graph_prefetch_promotion_ratio=0.973051 stage2_graph_issue_width_current=16 stage2_vector_read_waves=275389 avg_stage2_scores_per_vector_wave=196.857779 stage2_vector_unique_reads=49785126 stage2_home_rpc_batches=336994 stage2_home_rpc_items=37536796 avg_stage2_home_rpc_batch=111.387134 stage2_home_score_rpc_batches=149279 stage2_home_score_rpc_items=36772282 stage2_home_score_rpc_queries=988853 stage2_home_score_rpc_request_bytes=988612436 stage2_home_score_rpc_response_bytes=1182762640 avg_stage2_home_score_queries_per_rpc=6.624194 avg_stage2_home_score_rpc_batch=246.332585 stage2_home_scored_neighbors=41197350 home_scores_per_expansion=1.097519 stage2_migrations=6129 home_match_rate=0.083308 stage2_final_edges=258999 stage2_cross_edges_stage1_home=222191 stage2_cross_edges_final_home=182891 cross_edge_reduction_ratio=0.176875 failed=0 rpc_timeouts=0 reverse_aggregate_batches=0 reverse_aggregate_logical_requests=0 reverse_aggregate_ops=0 avg_reverse_aggregate_logicals=0.000000 avg_reverse_aggregate_ops=0.000000 max_backlog=13 admission_window=65536 completion_outstanding=0 completion_incomplete=0 completed_behind_hole=0 completion_logical_full_failures=0 completion_physical_full_failures=0 pressure_yields=4380 stage2_batches=1014 avg_stage2_batch_size=6.593688 packing_target_batch=8 packing_admit_queue_avg=6.598619 packing_admit_queue_max=13 packing_batch_1_7=595 packing_batch_8=419 packing_assembly_batches=1014 packing_assembly_wait_ms=20779.929440 packing_arrival_interval_us=3862 packing_waited_batches=595 packing_wait_ms=13256.163000 packing_target_flushes=419 packing_deadline_flushes=595 packing_cleanup_flushes=0 stage2_phase_search_attempts=1014 stage2_phase_search_task_attempts=6686 stage2_phase_search_elapsed_ms=177795.489335 avg_stage2_phase_search_us_per_task=26592.206003 stage2_phase_freeze_prune_attempts=1042 stage2_phase_freeze_prune_task_attempts=6887 stage2_phase_freeze_prune_elapsed_ms=3783.295749 avg_stage2_phase_freeze_prune_us_per_task=549.338718 stage2_phase_reverse_prepare_attempts=1014 stage2_phase_reverse_prepare_task_attempts=6686 stage2_phase_reverse_prepare_elapsed_ms=11157.946492 avg_stage2_phase_reverse_prepare_us_per_task=1668.852302 stage2_phase_placement_authority_attempts=1014 stage2_phase_placement_authority_task_attempts=6686 stage2_phase_placement_authority_elapsed_ms=1626.898269 avg_stage2_phase_placement_authority_us_per_task=243.329086 stage2_phase_completion_handoff_attempts=1014 stage2_phase_completion_handoff_task_attempts=6686 stage2_phase_completion_handoff_elapsed_ms=1.412450 avg_stage2_phase_completion_handoff_us_per_task=0.211255 stage2_phase_finalize_attempts=1014 stage2_phase_finalize_task_attempts=6686 stage2_phase_finalize_elapsed_ms=8.241348 avg_stage2_phase_finalize_us_per_task=1.232628 maintenance_worker_idle_waits=498560 maintenance_worker_idle_ms=459998.579052 maintenance_lost_wake_avoided=128950 maintenance_targeted_wakes=1597073 maintenance_generic_wakes=6686 maintenance_broadcast_wakes=0 maintenance_context_slots_scanned=5110448 maintenance_ready_notifications=619478 maintenance_ready_stale_notifications=0 maintenance_ready_tickets_drained=488725 maintenance_ready_overflow_scans=0 maintenance_ready_fallback_scans=319608 stage2_search_lane_lease_limit=32 stage2_search_lane_lease_peak=16 stage2_search_lane_lease_blocked=0 maintenance_worker_observed_idle_ratio=0.821083 maintenance_worker_observed_busy_ratio=0.178917 physical_stage1_items=6686 physical_stage1_total_ns=29634403131 physical_stage1_search_ns=27750535386 physical_stage1_prune_ns=1228385197 physical_stage1_allocate_write_ns=469000140 physical_stage1_backlink_ns=165913854 physical_stage1_candidates=855531 physical_stage1_remote_frontier_items=36520528 physical_stage1_neighbors=257860 peer_stage1_enqueued=10932 peer_stage1_processed=10932 peer_stage1_items=10666 avg_peer_stage1_items=0.975668 peer_stage1_rate_per_sec=152.307752 peer_stage1_max_queue=21 peer_stage1_active_workers=0 peer_stage2_home_enqueued=84143 peer_stage2_home_processed=84143 peer_stage2_home_items=8542185 avg_peer_stage2_home_items=101.519853 peer_stage2_home_max_queue=17 peer_stage2_home_response_queue_drops=0 peer_stage2_home_response_send_wait_ms=622.840548 avg_peer_stage2_home_queue_wait_us=20.937403 avg_peer_stage2_home_execution_us=48.950689 peer_stage1_release_deferred_batches=280 peer_stage1_release_deferred_items=280 peer_stage1_duplicate_retry_responses=0 peer_stage1_admission_retry_responses=0 peer_stage1_retry_response_drops=0 peer_stage1_admission_waiters=0 peer_stage1_admission_waiter_items=0 peer_stage1_admission_owned_items=0 peer_stage1_admission_wake_coverage=0 peer_stage1_admission_parked=0 peer_stage1_admission_woken=0 peer_stage1_admission_reparked=0 peer_stage1_max_admission_waiters=0 peer_stage1_duplicate_coalesced=2 peer_reverse_enqueued=2939 peer_reverse_processed=2939 peer_reverse_remaining=0 peer_reverse_items_enqueued=52206 peer_reverse_items_processed=52206 peer_reverse_rate_per_sec=745.488327 peer_reverse_failed=70 peer_reverse_max_queue=18 reclaim_pending=83 reclaim_reused=6046 dynamic_high_watermark=19601785920 stage2_remaining=0 cleanup_remaining=0 active_contexts=0 active_context_limit=32 repair_remaining=0 remaining=0
[STATUS]: storage-owner maintenance observation: enqueued=6686 stage2_enqueued=6686 cleanup_enqueued=0 stage2_tasks_done=6686 stage2_finalized_live=6686 cleanup_processed=0 stale=0 stage2_completion_ratio=1.000000 live_stage2_completion_ratio=1.000000 avg_stage2_delay_ms=220.472651 p99_stage2_delay_upper_ms=512.000000 p99_stage2_delay_over_30s=false stage2_delay_histogram=0,0,0,0,0,0,50,625,4106,1888,17,0,0,0,0,0,0,0 max_stage2_delay_ms=534.839497 compaction_batch_target=32 compaction_max_delay_ms=25.000000 stage2_rate_per_sec=89.111447 stage1_search_budget_exhausted=0 stage2_search_budget_exhausted=0 stage2_continuations=6686 stage2_remote_frontier_items=36520528 avg_stage2_remote_frontier=5462.238708 stage2_remote_expansions=749733 avg_stage2_remote_expansions=112.134759 stage2_scored_candidates=54212467 avg_stage2_scored_candidates=8108.355818 stage2_graph_read_waves=137582 avg_stage2_expansions_per_graph_wave=5.449354 stage2_graph_unique_reads=764514 stage2_graph_prefetch_issued=548471 stage2_graph_prefetch_hits=533690 stage2_graph_prefetch_wasted=14781 stage2_graph_prefetch_promotion_ratio=0.973051 stage2_graph_issue_width_current=16 stage2_vector_read_waves=275389 avg_stage2_scores_per_vector_wave=196.857779 stage2_vector_unique_reads=49785126 stage2_home_rpc_batches=336994 stage2_home_rpc_items=37536796 avg_stage2_home_rpc_batch=111.387134 stage2_home_score_rpc_batches=149279 stage2_home_score_rpc_items=36772282 stage2_home_score_rpc_queries=988853 stage2_home_score_rpc_request_bytes=988612436 stage2_home_score_rpc_response_bytes=1182762640 avg_stage2_home_score_queries_per_rpc=6.624194 avg_stage2_home_score_rpc_batch=246.332585 stage2_home_scored_neighbors=41197350 home_scores_per_expansion=1.097519 stage2_migrations=6129 home_match_rate=0.083308 stage2_final_edges=258999 stage2_cross_edges_stage1_home=222191 stage2_cross_edges_final_home=182891 cross_edge_reduction_ratio=0.176875 failed=0 rpc_timeouts=0 reverse_aggregate_batches=0 reverse_aggregate_logical_requests=0 reverse_aggregate_ops=0 avg_reverse_aggregate_logicals=0.000000 avg_reverse_aggregate_ops=0.000000 max_backlog=13 admission_window=65536 completion_outstanding=0 completion_incomplete=0 completed_behind_hole=0 completion_logical_full_failures=0 completion_physical_full_failures=0 pressure_yields=4380 stage2_batches=1014 avg_stage2_batch_size=6.593688 packing_target_batch=8 packing_admit_queue_avg=6.598619 packing_admit_queue_max=13 packing_batch_1_7=595 packing_batch_8=419 packing_assembly_batches=1014 packing_assembly_wait_ms=20779.929440 packing_arrival_interval_us=3862 packing_waited_batches=595 packing_wait_ms=13256.163000 packing_target_flushes=419 packing_deadline_flushes=595 packing_cleanup_flushes=0 stage2_phase_search_attempts=1014 stage2_phase_search_task_attempts=6686 stage2_phase_search_elapsed_ms=177795.489335 avg_stage2_phase_search_us_per_task=26592.206003 stage2_phase_freeze_prune_attempts=1042 stage2_phase_freeze_prune_task_attempts=6887 stage2_phase_freeze_prune_elapsed_ms=3783.295749 avg_stage2_phase_freeze_prune_us_per_task=549.338718 stage2_phase_reverse_prepare_attempts=1014 stage2_phase_reverse_prepare_task_attempts=6686 stage2_phase_reverse_prepare_elapsed_ms=11157.946492 avg_stage2_phase_reverse_prepare_us_per_task=1668.852302 stage2_phase_placement_authority_attempts=1014 stage2_phase_placement_authority_task_attempts=6686 stage2_phase_placement_authority_elapsed_ms=1626.898269 avg_stage2_phase_placement_authority_us_per_task=243.329086 stage2_phase_completion_handoff_attempts=1014 stage2_phase_completion_handoff_task_attempts=6686 stage2_phase_completion_handoff_elapsed_ms=1.412450 avg_stage2_phase_completion_handoff_us_per_task=0.211255 stage2_phase_finalize_attempts=1014 stage2_phase_finalize_task_attempts=6686 stage2_phase_finalize_elapsed_ms=8.241348 avg_stage2_phase_finalize_us_per_task=1.232628 maintenance_worker_idle_waits=502528 maintenance_worker_idle_ms=499912.846961 maintenance_lost_wake_avoided=128950 maintenance_targeted_wakes=1597073 maintenance_generic_wakes=6686 maintenance_broadcast_wakes=0 maintenance_context_slots_scanned=5173936 maintenance_ready_notifications=619478 maintenance_ready_stale_notifications=0 maintenance_ready_tickets_drained=488725 maintenance_ready_overflow_scans=0 maintenance_ready_fallback_scans=323582 stage2_search_lane_lease_limit=32 stage2_search_lane_lease_peak=16 stage2_search_lane_lease_blocked=0 maintenance_worker_observed_idle_ratio=0.832859 maintenance_worker_observed_busy_ratio=0.167141 physical_stage1_items=6686 physical_stage1_total_ns=29634403131 physical_stage1_search_ns=27750535386 physical_stage1_prune_ns=1228385197 physical_stage1_allocate_write_ns=469000140 physical_stage1_backlink_ns=165913854 physical_stage1_candidates=855531 physical_stage1_remote_frontier_items=36520528 physical_stage1_neighbors=257860 peer_stage1_enqueued=10932 peer_stage1_processed=10932 peer_stage1_items=10666 avg_peer_stage1_items=0.975668 peer_stage1_rate_per_sec=142.157148 peer_stage1_max_queue=21 peer_stage1_active_workers=0 peer_stage2_home_enqueued=84143 peer_stage2_home_processed=84143 peer_stage2_home_items=8542185 avg_peer_stage2_home_items=101.519853 peer_stage2_home_max_queue=17 peer_stage2_home_response_queue_drops=0 peer_stage2_home_response_send_wait_ms=622.840548 avg_peer_stage2_home_queue_wait_us=20.937403 avg_peer_stage2_home_execution_us=48.950689 peer_stage1_release_deferred_batches=280 peer_stage1_release_deferred_items=280 peer_stage1_duplicate_retry_responses=0 peer_stage1_admission_retry_responses=0 peer_stage1_retry_response_drops=0 peer_stage1_admission_waiters=0 peer_stage1_admission_waiter_items=0 peer_stage1_admission_owned_items=0 peer_stage1_admission_wake_coverage=0 peer_stage1_admission_parked=0 peer_stage1_admission_woken=0 peer_stage1_admission_reparked=0 peer_stage1_max_admission_waiters=0 peer_stage1_duplicate_coalesced=2 peer_reverse_enqueued=2939 peer_reverse_processed=2939 peer_reverse_remaining=0 peer_reverse_items_enqueued=52206 peer_reverse_items_processed=52206 peer_reverse_rate_per_sec=695.804995 peer_reverse_failed=70 peer_reverse_max_queue=18 reclaim_pending=83 reclaim_reused=6046 dynamic_high_watermark=19601785920 stage2_remaining=0 cleanup_remaining=0 active_contexts=0 active_context_limit=32 repair_remaining=0 remaining=0
[STATUS]: storage-owner maintenance observation: enqueued=6686 stage2_enqueued=6686 cleanup_enqueued=0 stage2_tasks_done=6686 stage2_finalized_live=6686 cleanup_processed=0 stale=0 stage2_completion_ratio=1.000000 live_stage2_completion_ratio=1.000000 avg_stage2_delay_ms=220.472651 p99_stage2_delay_upper_ms=512.000000 p99_stage2_delay_over_30s=false stage2_delay_histogram=0,0,0,0,0,0,50,625,4106,1888,17,0,0,0,0,0,0,0 max_stage2_delay_ms=534.839497 compaction_batch_target=32 compaction_max_delay_ms=25.000000 stage2_rate_per_sec=83.542901 stage1_search_budget_exhausted=0 stage2_search_budget_exhausted=0 stage2_continuations=6686 stage2_remote_frontier_items=36520528 avg_stage2_remote_frontier=5462.238708 stage2_remote_expansions=749733 avg_stage2_remote_expansions=112.134759 stage2_scored_candidates=54212467 avg_stage2_scored_candidates=8108.355818 stage2_graph_read_waves=137582 avg_stage2_expansions_per_graph_wave=5.449354 stage2_graph_unique_reads=764514 stage2_graph_prefetch_issued=548471 stage2_graph_prefetch_hits=533690 stage2_graph_prefetch_wasted=14781 stage2_graph_prefetch_promotion_ratio=0.973051 stage2_graph_issue_width_current=16 stage2_vector_read_waves=275389 avg_stage2_scores_per_vector_wave=196.857779 stage2_vector_unique_reads=49785126 stage2_home_rpc_batches=336994 stage2_home_rpc_items=37536796 avg_stage2_home_rpc_batch=111.387134 stage2_home_score_rpc_batches=149279 stage2_home_score_rpc_items=36772282 stage2_home_score_rpc_queries=988853 stage2_home_score_rpc_request_bytes=988612436 stage2_home_score_rpc_response_bytes=1182762640 avg_stage2_home_score_queries_per_rpc=6.624194 avg_stage2_home_score_rpc_batch=246.332585 stage2_home_scored_neighbors=41197350 home_scores_per_expansion=1.097519 stage2_migrations=6129 home_match_rate=0.083308 stage2_final_edges=258999 stage2_cross_edges_stage1_home=222191 stage2_cross_edges_final_home=182891 cross_edge_reduction_ratio=0.176875 failed=0 rpc_timeouts=0 reverse_aggregate_batches=0 reverse_aggregate_logical_requests=0 reverse_aggregate_ops=0 avg_reverse_aggregate_logicals=0.000000 avg_reverse_aggregate_ops=0.000000 max_backlog=13 admission_window=65536 completion_outstanding=0 completion_incomplete=0 completed_behind_hole=0 completion_logical_full_failures=0 completion_physical_full_failures=0 pressure_yields=4380 stage2_batches=1014 avg_stage2_batch_size=6.593688 packing_target_batch=8 packing_admit_queue_avg=6.598619 packing_admit_queue_max=13 packing_batch_1_7=595 packing_batch_8=419 packing_assembly_batches=1014 packing_assembly_wait_ms=20779.929440 packing_arrival_interval_us=3862 packing_waited_batches=595 packing_wait_ms=13256.163000 packing_target_flushes=419 packing_deadline_flushes=595 packing_cleanup_flushes=0 stage2_phase_search_attempts=1014 stage2_phase_search_task_attempts=6686 stage2_phase_search_elapsed_ms=177795.489335 avg_stage2_phase_search_us_per_task=26592.206003 stage2_phase_freeze_prune_attempts=1042 stage2_phase_freeze_prune_task_attempts=6887 stage2_phase_freeze_prune_elapsed_ms=3783.295749 avg_stage2_phase_freeze_prune_us_per_task=549.338718 stage2_phase_reverse_prepare_attempts=1014 stage2_phase_reverse_prepare_task_attempts=6686 stage2_phase_reverse_prepare_elapsed_ms=11157.946492 avg_stage2_phase_reverse_prepare_us_per_task=1668.852302 stage2_phase_placement_authority_attempts=1014 stage2_phase_placement_authority_task_attempts=6686 stage2_phase_placement_authority_elapsed_ms=1626.898269 avg_stage2_phase_placement_authority_us_per_task=243.329086 stage2_phase_completion_handoff_attempts=1014 stage2_phase_completion_handoff_task_attempts=6686 stage2_phase_completion_handoff_elapsed_ms=1.412450 avg_stage2_phase_completion_handoff_us_per_task=0.211255 stage2_phase_finalize_attempts=1014 stage2_phase_finalize_task_attempts=6686 stage2_phase_finalize_elapsed_ms=8.241348 avg_stage2_phase_finalize_us_per_task=1.232628 maintenance_worker_idle_waits=506368 maintenance_worker_idle_ms=538539.824966 maintenance_lost_wake_avoided=128950 maintenance_targeted_wakes=1597073 maintenance_generic_wakes=6686 maintenance_broadcast_wakes=0 maintenance_context_slots_scanned=5235376 maintenance_ready_notifications=619478 maintenance_ready_stale_notifications=0 maintenance_ready_tickets_drained=488725 maintenance_ready_overflow_scans=0 maintenance_ready_fallback_scans=327558 stage2_search_lane_lease_limit=32 stage2_search_lane_lease_peak=16 stage2_search_lane_lease_blocked=0 maintenance_worker_observed_idle_ratio=0.841145 maintenance_worker_observed_busy_ratio=0.158855 physical_stage1_items=6686 physical_stage1_total_ns=29634403131 physical_stage1_search_ns=27750535386 physical_stage1_prune_ns=1228385197 physical_stage1_allocate_write_ns=469000140 physical_stage1_backlink_ns=165913854 physical_stage1_candidates=855531 physical_stage1_remote_frontier_items=36520528 physical_stage1_neighbors=257860 peer_stage1_enqueued=10932 peer_stage1_processed=10932 peer_stage1_items=10666 avg_peer_stage1_items=0.975668 peer_stage1_rate_per_sec=133.273793 peer_stage1_max_queue=21 peer_stage1_active_workers=0 peer_stage2_home_enqueued=84143 peer_stage2_home_processed=84143 peer_stage2_home_items=8542185 avg_peer_stage2_home_items=101.519853 peer_stage2_home_max_queue=17 peer_stage2_home_response_queue_drops=0 peer_stage2_home_response_send_wait_ms=622.840548 avg_peer_stage2_home_queue_wait_us=20.937403 avg_peer_stage2_home_execution_us=48.950689 peer_stage1_release_deferred_batches=280 peer_stage1_release_deferred_items=280 peer_stage1_duplicate_retry_responses=0 peer_stage1_admission_retry_responses=0 peer_stage1_retry_response_drops=0 peer_stage1_admission_waiters=0 peer_stage1_admission_waiter_items=0 peer_stage1_admission_owned_items=0 peer_stage1_admission_wake_coverage=0 peer_stage1_admission_parked=0 peer_stage1_admission_woken=0 peer_stage1_admission_reparked=0 peer_stage1_max_admission_waiters=0 peer_stage1_duplicate_coalesced=2 peer_reverse_enqueued=2939 peer_reverse_processed=2939 peer_reverse_remaining=0 peer_reverse_items_enqueued=52206 peer_reverse_items_processed=52206 peer_reverse_rate_per_sec=652.324362 peer_reverse_failed=70 peer_reverse_max_queue=18 reclaim_pending=83 reclaim_reused=6046 dynamic_high_watermark=19601785920 stage2_remaining=0 cleanup_remaining=0 active_contexts=0 active_context_limit=32 repair_remaining=0 remaining=0
[STATUS]: storage-owner maintenance observation: enqueued=6686 stage2_enqueued=6686 cleanup_enqueued=0 stage2_tasks_done=6686 stage2_finalized_live=6686 cleanup_processed=0 stale=0 stage2_completion_ratio=1.000000 live_stage2_completion_ratio=1.000000 avg_stage2_delay_ms=220.472651 p99_stage2_delay_upper_ms=512.000000 p99_stage2_delay_over_30s=false stage2_delay_histogram=0,0,0,0,0,0,50,625,4106,1888,17,0,0,0,0,0,0,0 max_stage2_delay_ms=534.839497 compaction_batch_target=32 compaction_max_delay_ms=25.000000 stage2_rate_per_sec=78.628884 stage1_search_budget_exhausted=0 stage2_search_budget_exhausted=0 stage2_continuations=6686 stage2_remote_frontier_items=36520528 avg_stage2_remote_frontier=5462.238708 stage2_remote_expansions=749733 avg_stage2_remote_expansions=112.134759 stage2_scored_candidates=54212467 avg_stage2_scored_candidates=8108.355818 stage2_graph_read_waves=137582 avg_stage2_expansions_per_graph_wave=5.449354 stage2_graph_unique_reads=764514 stage2_graph_prefetch_issued=548471 stage2_graph_prefetch_hits=533690 stage2_graph_prefetch_wasted=14781 stage2_graph_prefetch_promotion_ratio=0.973051 stage2_graph_issue_width_current=16 stage2_vector_read_waves=275389 avg_stage2_scores_per_vector_wave=196.857779 stage2_vector_unique_reads=49785126 stage2_home_rpc_batches=336994 stage2_home_rpc_items=37536796 avg_stage2_home_rpc_batch=111.387134 stage2_home_score_rpc_batches=149279 stage2_home_score_rpc_items=36772282 stage2_home_score_rpc_queries=988853 stage2_home_score_rpc_request_bytes=988612436 stage2_home_score_rpc_response_bytes=1182762640 avg_stage2_home_score_queries_per_rpc=6.624194 avg_stage2_home_score_rpc_batch=246.332585 stage2_home_scored_neighbors=41197350 home_scores_per_expansion=1.097519 stage2_migrations=6129 home_match_rate=0.083308 stage2_final_edges=258999 stage2_cross_edges_stage1_home=222191 stage2_cross_edges_final_home=182891 cross_edge_reduction_ratio=0.176875 failed=0 rpc_timeouts=0 reverse_aggregate_batches=0 reverse_aggregate_logical_requests=0 reverse_aggregate_ops=0 avg_reverse_aggregate_logicals=0.000000 avg_reverse_aggregate_ops=0.000000 max_backlog=13 admission_window=65536 completion_outstanding=0 completion_incomplete=0 completed_behind_hole=0 completion_logical_full_failures=0 completion_physical_full_failures=0 pressure_yields=4380 stage2_batches=1014 avg_stage2_batch_size=6.593688 packing_target_batch=8 packing_admit_queue_avg=6.598619 packing_admit_queue_max=13 packing_batch_1_7=595 packing_batch_8=419 packing_assembly_batches=1014 packing_assembly_wait_ms=20779.929440 packing_arrival_interval_us=3862 packing_waited_batches=595 packing_wait_ms=13256.163000 packing_target_flushes=419 packing_deadline_flushes=595 packing_cleanup_flushes=0 stage2_phase_search_attempts=1014 stage2_phase_search_task_attempts=6686 stage2_phase_search_elapsed_ms=177795.489335 avg_stage2_phase_search_us_per_task=26592.206003 stage2_phase_freeze_prune_attempts=1042 stage2_phase_freeze_prune_task_attempts=6887 stage2_phase_freeze_prune_elapsed_ms=3783.295749 avg_stage2_phase_freeze_prune_us_per_task=549.338718 stage2_phase_reverse_prepare_attempts=1014 stage2_phase_reverse_prepare_task_attempts=6686 stage2_phase_reverse_prepare_elapsed_ms=11157.946492 avg_stage2_phase_reverse_prepare_us_per_task=1668.852302 stage2_phase_placement_authority_attempts=1014 stage2_phase_placement_authority_task_attempts=6686 stage2_phase_placement_authority_elapsed_ms=1626.898269 avg_stage2_phase_placement_authority_us_per_task=243.329086 stage2_phase_completion_handoff_attempts=1014 stage2_phase_completion_handoff_task_attempts=6686 stage2_phase_completion_handoff_elapsed_ms=1.412450 avg_stage2_phase_completion_handoff_us_per_task=0.211255 stage2_phase_finalize_attempts=1014 stage2_phase_finalize_task_attempts=6686 stage2_phase_finalize_elapsed_ms=8.241348 avg_stage2_phase_finalize_us_per_task=1.232628 maintenance_worker_idle_waits=510400 maintenance_worker_idle_ms=579098.566259 maintenance_lost_wake_avoided=128950 maintenance_targeted_wakes=1597073 maintenance_generic_wakes=6686 maintenance_broadcast_wakes=0 maintenance_context_slots_scanned=5299888 maintenance_ready_notifications=619478 maintenance_ready_stale_notifications=0 maintenance_ready_tickets_drained=488725 maintenance_ready_overflow_scans=0 maintenance_ready_fallback_scans=331536 stage2_search_lane_lease_limit=32 stage2_search_lane_lease_peak=16 stage2_search_lane_lease_blocked=0 maintenance_worker_observed_idle_ratio=0.851291 maintenance_worker_observed_busy_ratio=0.148709 physical_stage1_items=6686 physical_stage1_total_ns=29634403131 physical_stage1_search_ns=27750535386 physical_stage1_prune_ns=1228385197 physical_stage1_allocate_write_ns=469000140 physical_stage1_backlink_ns=165913854 physical_stage1_candidates=855531 physical_stage1_remote_frontier_items=36520528 physical_stage1_neighbors=257860 peer_stage1_enqueued=10932 peer_stage1_processed=10932 peer_stage1_items=10666 avg_peer_stage1_items=0.975668 peer_stage1_rate_per_sec=125.434591 peer_stage1_max_queue=21 peer_stage1_active_workers=0 peer_stage2_home_enqueued=84143 peer_stage2_home_processed=84143 peer_stage2_home_items=8542185 avg_peer_stage2_home_items=101.519853 peer_stage2_home_max_queue=17 peer_stage2_home_response_queue_drops=0 peer_stage2_home_response_send_wait_ms=622.840548 avg_peer_stage2_home_queue_wait_us=20.937403 avg_peer_stage2_home_execution_us=48.950689 peer_stage1_release_deferred_batches=280 peer_stage1_release_deferred_items=280 peer_stage1_duplicate_retry_responses=0 peer_stage1_admission_retry_responses=0 peer_stage1_retry_response_drops=0 peer_stage1_admission_waiters=0 peer_stage1_admission_waiter_items=0 peer_stage1_admission_owned_items=0 peer_stage1_admission_wake_coverage=0 peer_stage1_admission_parked=0 peer_stage1_admission_woken=0 peer_stage1_admission_reparked=0 peer_stage1_max_admission_waiters=0 peer_stage1_duplicate_coalesced=2 peer_reverse_enqueued=2939 peer_reverse_processed=2939 peer_reverse_remaining=0 peer_reverse_items_enqueued=52206 peer_reverse_items_processed=52206 peer_reverse_rate_per_sec=613.954460 peer_reverse_failed=70 peer_reverse_max_queue=18 reclaim_pending=83 reclaim_reused=6046 dynamic_high_watermark=19601785920 stage2_remaining=0 cleanup_remaining=0 active_contexts=0 active_context_limit=32 repair_remaining=0 remaining=0
[STATUS]: storage-owner maintenance observation: enqueued=6686 stage2_enqueued=6686 cleanup_enqueued=0 stage2_tasks_done=6686 stage2_finalized_live=6686 cleanup_processed=0 stale=0 stage2_completion_ratio=1.000000 live_stage2_completion_ratio=1.000000 avg_stage2_delay_ms=220.472651 p99_stage2_delay_upper_ms=512.000000 p99_stage2_delay_over_30s=false stage2_delay_histogram=0,0,0,0,0,0,50,625,4106,1888,17,0,0,0,0,0,0,0 max_stage2_delay_ms=534.839497 compaction_batch_target=32 compaction_max_delay_ms=25.000000 stage2_rate_per_sec=74.261025 stage1_search_budget_exhausted=0 stage2_search_budget_exhausted=0 stage2_continuations=6686 stage2_remote_frontier_items=36520528 avg_stage2_remote_frontier=5462.238708 stage2_remote_expansions=749733 avg_stage2_remote_expansions=112.134759 stage2_scored_candidates=54212467 avg_stage2_scored_candidates=8108.355818 stage2_graph_read_waves=137582 avg_stage2_expansions_per_graph_wave=5.449354 stage2_graph_unique_reads=764514 stage2_graph_prefetch_issued=548471 stage2_graph_prefetch_hits=533690 stage2_graph_prefetch_wasted=14781 stage2_graph_prefetch_promotion_ratio=0.973051 stage2_graph_issue_width_current=16 stage2_vector_read_waves=275389 avg_stage2_scores_per_vector_wave=196.857779 stage2_vector_unique_reads=49785126 stage2_home_rpc_batches=336994 stage2_home_rpc_items=37536796 avg_stage2_home_rpc_batch=111.387134 stage2_home_score_rpc_batches=149279 stage2_home_score_rpc_items=36772282 stage2_home_score_rpc_queries=988853 stage2_home_score_rpc_request_bytes=988612436 stage2_home_score_rpc_response_bytes=1182762640 avg_stage2_home_score_queries_per_rpc=6.624194 avg_stage2_home_score_rpc_batch=246.332585 stage2_home_scored_neighbors=41197350 home_scores_per_expansion=1.097519 stage2_migrations=6129 home_match_rate=0.083308 stage2_final_edges=258999 stage2_cross_edges_stage1_home=222191 stage2_cross_edges_final_home=182891 cross_edge_reduction_ratio=0.176875 failed=0 rpc_timeouts=0 reverse_aggregate_batches=0 reverse_aggregate_logical_requests=0 reverse_aggregate_ops=0 avg_reverse_aggregate_logicals=0.000000 avg_reverse_aggregate_ops=0.000000 max_backlog=13 admission_window=65536 completion_outstanding=0 completion_incomplete=0 completed_behind_hole=0 completion_logical_full_failures=0 completion_physical_full_failures=0 pressure_yields=4380 stage2_batches=1014 avg_stage2_batch_size=6.593688 packing_target_batch=8 packing_admit_queue_avg=6.598619 packing_admit_queue_max=13 packing_batch_1_7=595 packing_batch_8=419 packing_assembly_batches=1014 packing_assembly_wait_ms=20779.929440 packing_arrival_interval_us=3862 packing_waited_batches=595 packing_wait_ms=13256.163000 packing_target_flushes=419 packing_deadline_flushes=595 packing_cleanup_flushes=0 stage2_phase_search_attempts=1014 stage2_phase_search_task_attempts=6686 stage2_phase_search_elapsed_ms=177795.489335 avg_stage2_phase_search_us_per_task=26592.206003 stage2_phase_freeze_prune_attempts=1042 stage2_phase_freeze_prune_task_attempts=6887 stage2_phase_freeze_prune_elapsed_ms=3783.295749 avg_stage2_phase_freeze_prune_us_per_task=549.338718 stage2_phase_reverse_prepare_attempts=1014 stage2_phase_reverse_prepare_task_attempts=6686 stage2_phase_reverse_prepare_elapsed_ms=11157.946492 avg_stage2_phase_reverse_prepare_us_per_task=1668.852302 stage2_phase_placement_authority_attempts=1014 stage2_phase_placement_authority_task_attempts=6686 stage2_phase_placement_authority_elapsed_ms=1626.898269 avg_stage2_phase_placement_authority_us_per_task=243.329086 stage2_phase_completion_handoff_attempts=1014 stage2_phase_completion_handoff_task_attempts=6686 stage2_phase_completion_handoff_elapsed_ms=1.412450 avg_stage2_phase_completion_handoff_us_per_task=0.211255 stage2_phase_finalize_attempts=1014 stage2_phase_finalize_task_attempts=6686 stage2_phase_finalize_elapsed_ms=8.241348 avg_stage2_phase_finalize_us_per_task=1.232628 maintenance_worker_idle_waits=514496 maintenance_worker_idle_ms=620300.594605 maintenance_lost_wake_avoided=128950 maintenance_targeted_wakes=1597073 maintenance_generic_wakes=6686 maintenance_broadcast_wakes=0 maintenance_context_slots_scanned=5365424 maintenance_ready_notifications=619478 maintenance_ready_stale_notifications=0 maintenance_ready_tickets_drained=488725 maintenance_ready_overflow_scans=0 maintenance_ready_fallback_scans=335512 stage2_search_lane_lease_limit=32 stage2_search_lane_lease_peak=16 stage2_search_lane_lease_blocked=0 maintenance_worker_observed_idle_ratio=0.861205 maintenance_worker_observed_busy_ratio=0.138795 physical_stage1_items=6686 physical_stage1_total_ns=29634403131 physical_stage1_search_ns=27750535386 physical_stage1_prune_ns=1228385197 physical_stage1_allocate_write_ns=469000140 physical_stage1_backlink_ns=165913854 physical_stage1_candidates=855531 physical_stage1_remote_frontier_items=36520528 physical_stage1_neighbors=257860 peer_stage1_enqueued=10932 peer_stage1_processed=10932 peer_stage1_items=10666 avg_peer_stage1_items=0.975668 peer_stage1_rate_per_sec=118.466661 peer_stage1_max_queue=21 peer_stage1_active_workers=0 peer_stage2_home_enqueued=84143 peer_stage2_home_processed=84143 peer_stage2_home_items=8542185 avg_peer_stage2_home_items=101.519853 peer_stage2_home_max_queue=17 peer_stage2_home_response_queue_drops=0 peer_stage2_home_response_send_wait_ms=622.840548 avg_peer_stage2_home_queue_wait_us=20.937403 avg_peer_stage2_home_execution_us=48.950689 peer_stage1_release_deferred_batches=280 peer_stage1_release_deferred_items=280 peer_stage1_duplicate_retry_responses=0 peer_stage1_admission_retry_responses=0 peer_stage1_retry_response_drops=0 peer_stage1_admission_waiters=0 peer_stage1_admission_waiter_items=0 peer_stage1_admission_owned_items=0 peer_stage1_admission_wake_coverage=0 peer_stage1_admission_parked=0 peer_stage1_admission_woken=0 peer_stage1_admission_reparked=0 peer_stage1_max_admission_waiters=0 peer_stage1_duplicate_coalesced=2 peer_reverse_enqueued=2939 peer_reverse_processed=2939 peer_reverse_remaining=0 peer_reverse_items_enqueued=52206 peer_reverse_items_processed=52206 peer_reverse_rate_per_sec=579.849100 peer_reverse_failed=70 peer_reverse_max_queue=18 reclaim_pending=83 reclaim_reused=6046 dynamic_high_watermark=19601785920 stage2_remaining=0 cleanup_remaining=0 active_contexts=0 active_context_limit=32 repair_remaining=0 remaining=0
[STATUS]: storage-owner maintenance observation: enqueued=6686 stage2_enqueued=6686 cleanup_enqueued=0 stage2_tasks_done=6686 stage2_finalized_live=6686 cleanup_processed=0 stale=0 stage2_completion_ratio=1.000000 live_stage2_completion_ratio=1.000000 avg_stage2_delay_ms=220.472651 p99_stage2_delay_upper_ms=512.000000 p99_stage2_delay_over_30s=false stage2_delay_histogram=0,0,0,0,0,0,50,625,4106,1888,17,0,0,0,0,0,0,0 max_stage2_delay_ms=534.839497 compaction_batch_target=32 compaction_max_delay_ms=25.000000 stage2_rate_per_sec=70.353485 stage1_search_budget_exhausted=0 stage2_search_budget_exhausted=0 stage2_continuations=6686 stage2_remote_frontier_items=36520528 avg_stage2_remote_frontier=5462.238708 stage2_remote_expansions=749733 avg_stage2_remote_expansions=112.134759 stage2_scored_candidates=54212467 avg_stage2_scored_candidates=8108.355818 stage2_graph_read_waves=137582 avg_stage2_expansions_per_graph_wave=5.449354 stage2_graph_unique_reads=764514 stage2_graph_prefetch_issued=548471 stage2_graph_prefetch_hits=533690 stage2_graph_prefetch_wasted=14781 stage2_graph_prefetch_promotion_ratio=0.973051 stage2_graph_issue_width_current=16 stage2_vector_read_waves=275389 avg_stage2_scores_per_vector_wave=196.857779 stage2_vector_unique_reads=49785126 stage2_home_rpc_batches=336994 stage2_home_rpc_items=37536796 avg_stage2_home_rpc_batch=111.387134 stage2_home_score_rpc_batches=149279 stage2_home_score_rpc_items=36772282 stage2_home_score_rpc_queries=988853 stage2_home_score_rpc_request_bytes=988612436 stage2_home_score_rpc_response_bytes=1182762640 avg_stage2_home_score_queries_per_rpc=6.624194 avg_stage2_home_score_rpc_batch=246.332585 stage2_home_scored_neighbors=41197350 home_scores_per_expansion=1.097519 stage2_migrations=6129 home_match_rate=0.083308 stage2_final_edges=258999 stage2_cross_edges_stage1_home=222191 stage2_cross_edges_final_home=182891 cross_edge_reduction_ratio=0.176875 failed=0 rpc_timeouts=0 reverse_aggregate_batches=0 reverse_aggregate_logical_requests=0 reverse_aggregate_ops=0 avg_reverse_aggregate_logicals=0.000000 avg_reverse_aggregate_ops=0.000000 max_backlog=13 admission_window=65536 completion_outstanding=0 completion_incomplete=0 completed_behind_hole=0 completion_logical_full_failures=0 completion_physical_full_failures=0 pressure_yields=4380 stage2_batches=1014 avg_stage2_batch_size=6.593688 packing_target_batch=8 packing_admit_queue_avg=6.598619 packing_admit_queue_max=13 packing_batch_1_7=595 packing_batch_8=419 packing_assembly_batches=1014 packing_assembly_wait_ms=20779.929440 packing_arrival_interval_us=3862 packing_waited_batches=595 packing_wait_ms=13256.163000 packing_target_flushes=419 packing_deadline_flushes=595 packing_cleanup_flushes=0 stage2_phase_search_attempts=1014 stage2_phase_search_task_attempts=6686 stage2_phase_search_elapsed_ms=177795.489335 avg_stage2_phase_search_us_per_task=26592.206003 stage2_phase_freeze_prune_attempts=1042 stage2_phase_freeze_prune_task_attempts=6887 stage2_phase_freeze_prune_elapsed_ms=3783.295749 avg_stage2_phase_freeze_prune_us_per_task=549.338718 stage2_phase_reverse_prepare_attempts=1014 stage2_phase_reverse_prepare_task_attempts=6686 stage2_phase_reverse_prepare_elapsed_ms=11157.946492 avg_stage2_phase_reverse_prepare_us_per_task=1668.852302 stage2_phase_placement_authority_attempts=1014 stage2_phase_placement_authority_task_attempts=6686 stage2_phase_placement_authority_elapsed_ms=1626.898269 avg_stage2_phase_placement_authority_us_per_task=243.329086 stage2_phase_completion_handoff_attempts=1014 stage2_phase_completion_handoff_task_attempts=6686 stage2_phase_completion_handoff_elapsed_ms=1.412450 avg_stage2_phase_completion_handoff_us_per_task=0.211255 stage2_phase_finalize_attempts=1014 stage2_phase_finalize_task_attempts=6686 stage2_phase_finalize_elapsed_ms=8.241348 avg_stage2_phase_finalize_us_per_task=1.232628 maintenance_worker_idle_waits=518400 maintenance_worker_idle_ms=659571.199352 maintenance_lost_wake_avoided=128950 maintenance_targeted_wakes=1597073 maintenance_generic_wakes=6686 maintenance_broadcast_wakes=0 maintenance_context_slots_scanned=5427888 maintenance_ready_notifications=619478 maintenance_ready_stale_notifications=0 maintenance_ready_tickets_drained=488725 maintenance_ready_overflow_scans=0 maintenance_ready_fallback_scans=339487 stage2_search_lane_lease_limit=32 stage2_search_lane_lease_peak=16 stage2_search_lane_lease_blocked=0 maintenance_worker_observed_idle_ratio=0.867543 maintenance_worker_observed_busy_ratio=0.132457 physical_stage1_items=6686 physical_stage1_total_ns=29634403131 physical_stage1_search_ns=27750535386 physical_stage1_prune_ns=1228385197 physical_stage1_allocate_write_ns=469000140 physical_stage1_backlink_ns=165913854 physical_stage1_candidates=855531 physical_stage1_remote_frontier_items=36520528 physical_stage1_neighbors=257860 peer_stage1_enqueued=10932 peer_stage1_processed=10932 peer_stage1_items=10666 avg_peer_stage1_items=0.975668 peer_stage1_rate_per_sec=112.233065 peer_stage1_max_queue=21 peer_stage1_active_workers=0 peer_stage2_home_enqueued=84143 peer_stage2_home_processed=84143 peer_stage2_home_items=8542185 avg_peer_stage2_home_items=101.519853 peer_stage2_home_max_queue=17 peer_stage2_home_response_queue_drops=0 peer_stage2_home_response_send_wait_ms=622.840548 avg_peer_stage2_home_queue_wait_us=20.937403 avg_peer_stage2_home_execution_us=48.950689 peer_stage1_release_deferred_batches=280 peer_stage1_release_deferred_items=280 peer_stage1_duplicate_retry_responses=0 peer_stage1_admission_retry_responses=0 peer_stage1_retry_response_drops=0 peer_stage1_admission_waiters=0 peer_stage1_admission_waiter_items=0 peer_stage1_admission_owned_items=0 peer_stage1_admission_wake_coverage=0 peer_stage1_admission_parked=0 peer_stage1_admission_woken=0 peer_stage1_admission_reparked=0 peer_stage1_max_admission_waiters=0 peer_stage1_duplicate_coalesced=2 peer_reverse_enqueued=2939 peer_reverse_processed=2939 peer_reverse_remaining=0 peer_reverse_items_enqueued=52206 peer_reverse_items_processed=52206 peer_reverse_rate_per_sec=549.338028 peer_reverse_failed=70 peer_reverse_max_queue=18 reclaim_pending=83 reclaim_reused=6046 dynamic_high_watermark=19601785920 stage2_remaining=0 cleanup_remaining=0 active_contexts=0 active_context_limit=32 repair_remaining=0 remaining=0
[STATUS]: storage-owner maintenance observation: enqueued=6686 stage2_enqueued=6686 cleanup_enqueued=0 stage2_tasks_done=6686 stage2_finalized_live=6686 cleanup_processed=0 stale=0 stage2_completion_ratio=1.000000 live_stage2_completion_ratio=1.000000 avg_stage2_delay_ms=220.472651 p99_stage2_delay_upper_ms=512.000000 p99_stage2_delay_over_30s=false stage2_delay_histogram=0,0,0,0,0,0,50,625,4106,1888,17,0,0,0,0,0,0,0 max_stage2_delay_ms=534.839497 compaction_batch_target=32 compaction_max_delay_ms=25.000000 stage2_rate_per_sec=66.836247 stage1_search_budget_exhausted=0 stage2_search_budget_exhausted=0 stage2_continuations=6686 stage2_remote_frontier_items=36520528 avg_stage2_remote_frontier=5462.238708 stage2_remote_expansions=749733 avg_stage2_remote_expansions=112.134759 stage2_scored_candidates=54212467 avg_stage2_scored_candidates=8108.355818 stage2_graph_read_waves=137582 avg_stage2_expansions_per_graph_wave=5.449354 stage2_graph_unique_reads=764514 stage2_graph_prefetch_issued=548471 stage2_graph_prefetch_hits=533690 stage2_graph_prefetch_wasted=14781 stage2_graph_prefetch_promotion_ratio=0.973051 stage2_graph_issue_width_current=16 stage2_vector_read_waves=275389 avg_stage2_scores_per_vector_wave=196.857779 stage2_vector_unique_reads=49785126 stage2_home_rpc_batches=336994 stage2_home_rpc_items=37536796 avg_stage2_home_rpc_batch=111.387134 stage2_home_score_rpc_batches=149279 stage2_home_score_rpc_items=36772282 stage2_home_score_rpc_queries=988853 stage2_home_score_rpc_request_bytes=988612436 stage2_home_score_rpc_response_bytes=1182762640 avg_stage2_home_score_queries_per_rpc=6.624194 avg_stage2_home_score_rpc_batch=246.332585 stage2_home_scored_neighbors=41197350 home_scores_per_expansion=1.097519 stage2_migrations=6129 home_match_rate=0.083308 stage2_final_edges=258999 stage2_cross_edges_stage1_home=222191 stage2_cross_edges_final_home=182891 cross_edge_reduction_ratio=0.176875 failed=0 rpc_timeouts=0 reverse_aggregate_batches=0 reverse_aggregate_logical_requests=0 reverse_aggregate_ops=0 avg_reverse_aggregate_logicals=0.000000 avg_reverse_aggregate_ops=0.000000 max_backlog=13 admission_window=65536 completion_outstanding=0 completion_incomplete=0 completed_behind_hole=0 completion_logical_full_failures=0 completion_physical_full_failures=0 pressure_yields=4380 stage2_batches=1014 avg_stage2_batch_size=6.593688 packing_target_batch=8 packing_admit_queue_avg=6.598619 packing_admit_queue_max=13 packing_batch_1_7=595 packing_batch_8=419 packing_assembly_batches=1014 packing_assembly_wait_ms=20779.929440 packing_arrival_interval_us=3862 packing_waited_batches=595 packing_wait_ms=13256.163000 packing_target_flushes=419 packing_deadline_flushes=595 packing_cleanup_flushes=0 stage2_phase_search_attempts=1014 stage2_phase_search_task_attempts=6686 stage2_phase_search_elapsed_ms=177795.489335 avg_stage2_phase_search_us_per_task=26592.206003 stage2_phase_freeze_prune_attempts=1042 stage2_phase_freeze_prune_task_attempts=6887 stage2_phase_freeze_prune_elapsed_ms=3783.295749 avg_stage2_phase_freeze_prune_us_per_task=549.338718 stage2_phase_reverse_prepare_attempts=1014 stage2_phase_reverse_prepare_task_attempts=6686 stage2_phase_reverse_prepare_elapsed_ms=11157.946492 avg_stage2_phase_reverse_prepare_us_per_task=1668.852302 stage2_phase_placement_authority_attempts=1014 stage2_phase_placement_authority_task_attempts=6686 stage2_phase_placement_authority_elapsed_ms=1626.898269 avg_stage2_phase_placement_authority_us_per_task=243.329086 stage2_phase_completion_handoff_attempts=1014 stage2_phase_completion_handoff_task_attempts=6686 stage2_phase_completion_handoff_elapsed_ms=1.412450 avg_stage2_phase_completion_handoff_us_per_task=0.211255 stage2_phase_finalize_attempts=1014 stage2_phase_finalize_task_attempts=6686 stage2_phase_finalize_elapsed_ms=8.241348 avg_stage2_phase_finalize_us_per_task=1.232628 maintenance_worker_idle_waits=522240 maintenance_worker_idle_ms=698198.332537 maintenance_lost_wake_avoided=128950 maintenance_targeted_wakes=1597073 maintenance_generic_wakes=6686 maintenance_broadcast_wakes=0 maintenance_context_slots_scanned=5489328 maintenance_ready_notifications=619478 maintenance_ready_stale_notifications=0 maintenance_ready_tickets_drained=488725 maintenance_ready_overflow_scans=0 maintenance_ready_fallback_scans=343463 stage2_search_lane_lease_limit=32 stage2_search_lane_lease_peak=16 stage2_search_lane_lease_blocked=0 maintenance_worker_observed_idle_ratio=0.872438 maintenance_worker_observed_busy_ratio=0.127562 physical_stage1_items=6686 physical_stage1_total_ns=29634403131 physical_stage1_search_ns=27750535386 physical_stage1_prune_ns=1228385197 physical_stage1_allocate_write_ns=469000140 physical_stage1_backlink_ns=165913854 physical_stage1_candidates=855531 physical_stage1_remote_frontier_items=36520528 physical_stage1_neighbors=257860 peer_stage1_enqueued=10932 peer_stage1_processed=10932 peer_stage1_items=10666 avg_peer_stage1_items=0.975668 peer_stage1_rate_per_sec=106.622108 peer_stage1_max_queue=21 peer_stage1_active_workers=0 peer_stage2_home_enqueued=84143 peer_stage2_home_processed=84143 peer_stage2_home_items=8542185 avg_peer_stage2_home_items=101.519853 peer_stage2_home_max_queue=17 peer_stage2_home_response_queue_drops=0 peer_stage2_home_response_send_wait_ms=622.840548 avg_peer_stage2_home_queue_wait_us=20.937403 avg_peer_stage2_home_execution_us=48.950689 peer_stage1_release_deferred_batches=280 peer_stage1_release_deferred_items=280 peer_stage1_duplicate_retry_responses=0 peer_stage1_admission_retry_responses=0 peer_stage1_retry_response_drops=0 peer_stage1_admission_waiters=0 peer_stage1_admission_waiter_items=0 peer_stage1_admission_owned_items=0 peer_stage1_admission_wake_coverage=0 peer_stage1_admission_parked=0 peer_stage1_admission_woken=0 peer_stage1_admission_reparked=0 peer_stage1_max_admission_waiters=0 peer_stage1_duplicate_coalesced=2 peer_reverse_enqueued=2939 peer_reverse_processed=2939 peer_reverse_remaining=0 peer_reverse_items_enqueued=52206 peer_reverse_items_processed=52206 peer_reverse_rate_per_sec=521.874533 peer_reverse_failed=70 peer_reverse_max_queue=18 reclaim_pending=83 reclaim_reused=6046 dynamic_high_watermark=19601785920 stage2_remaining=0 cleanup_remaining=0 active_contexts=0 active_context_limit=32 repair_remaining=0 remaining=0
[STATUS]: storage-owner maintenance observation: enqueued=6686 stage2_enqueued=6686 cleanup_enqueued=0 stage2_tasks_done=6686 stage2_finalized_live=6686 cleanup_processed=0 stale=0 stage2_completion_ratio=1.000000 live_stage2_completion_ratio=1.000000 avg_stage2_delay_ms=220.472651 p99_stage2_delay_upper_ms=512.000000 p99_stage2_delay_over_30s=false stage2_delay_histogram=0,0,0,0,0,0,50,625,4106,1888,17,0,0,0,0,0,0,0 max_stage2_delay_ms=534.839497 compaction_batch_target=32 compaction_max_delay_ms=25.000000 stage2_rate_per_sec=63.654560 stage1_search_budget_exhausted=0 stage2_search_budget_exhausted=0 stage2_continuations=6686 stage2_remote_frontier_items=36520528 avg_stage2_remote_frontier=5462.238708 stage2_remote_expansions=749733 avg_stage2_remote_expansions=112.134759 stage2_scored_candidates=54212467 avg_stage2_scored_candidates=8108.355818 stage2_graph_read_waves=137582 avg_stage2_expansions_per_graph_wave=5.449354 stage2_graph_unique_reads=764514 stage2_graph_prefetch_issued=548471 stage2_graph_prefetch_hits=533690 stage2_graph_prefetch_wasted=14781 stage2_graph_prefetch_promotion_ratio=0.973051 stage2_graph_issue_width_current=16 stage2_vector_read_waves=275389 avg_stage2_scores_per_vector_wave=196.857779 stage2_vector_unique_reads=49785126 stage2_home_rpc_batches=336994 stage2_home_rpc_items=37536796 avg_stage2_home_rpc_batch=111.387134 stage2_home_score_rpc_batches=149279 stage2_home_score_rpc_items=36772282 stage2_home_score_rpc_queries=988853 stage2_home_score_rpc_request_bytes=988612436 stage2_home_score_rpc_response_bytes=1182762640 avg_stage2_home_score_queries_per_rpc=6.624194 avg_stage2_home_score_rpc_batch=246.332585 stage2_home_scored_neighbors=41197350 home_scores_per_expansion=1.097519 stage2_migrations=6129 home_match_rate=0.083308 stage2_final_edges=258999 stage2_cross_edges_stage1_home=222191 stage2_cross_edges_final_home=182891 cross_edge_reduction_ratio=0.176875 failed=0 rpc_timeouts=0 reverse_aggregate_batches=0 reverse_aggregate_logical_requests=0 reverse_aggregate_ops=0 avg_reverse_aggregate_logicals=0.000000 avg_reverse_aggregate_ops=0.000000 max_backlog=13 admission_window=65536 completion_outstanding=0 completion_incomplete=0 completed_behind_hole=0 completion_logical_full_failures=0 completion_physical_full_failures=0 pressure_yields=4380 stage2_batches=1014 avg_stage2_batch_size=6.593688 packing_target_batch=8 packing_admit_queue_avg=6.598619 packing_admit_queue_max=13 packing_batch_1_7=595 packing_batch_8=419 packing_assembly_batches=1014 packing_assembly_wait_ms=20779.929440 packing_arrival_interval_us=3862 packing_waited_batches=595 packing_wait_ms=13256.163000 packing_target_flushes=419 packing_deadline_flushes=595 packing_cleanup_flushes=0 stage2_phase_search_attempts=1014 stage2_phase_search_task_attempts=6686 stage2_phase_search_elapsed_ms=177795.489335 avg_stage2_phase_search_us_per_task=26592.206003 stage2_phase_freeze_prune_attempts=1042 stage2_phase_freeze_prune_task_attempts=6887 stage2_phase_freeze_prune_elapsed_ms=3783.295749 avg_stage2_phase_freeze_prune_us_per_task=549.338718 stage2_phase_reverse_prepare_attempts=1014 stage2_phase_reverse_prepare_task_attempts=6686 stage2_phase_reverse_prepare_elapsed_ms=11157.946492 avg_stage2_phase_reverse_prepare_us_per_task=1668.852302 stage2_phase_placement_authority_attempts=1014 stage2_phase_placement_authority_task_attempts=6686 stage2_phase_placement_authority_elapsed_ms=1626.898269 avg_stage2_phase_placement_authority_us_per_task=243.329086 stage2_phase_completion_handoff_attempts=1014 stage2_phase_completion_handoff_task_attempts=6686 stage2_phase_completion_handoff_elapsed_ms=1.412450 avg_stage2_phase_completion_handoff_us_per_task=0.211255 stage2_phase_finalize_attempts=1014 stage2_phase_finalize_task_attempts=6686 stage2_phase_finalize_elapsed_ms=8.241348 avg_stage2_phase_finalize_us_per_task=1.232628 maintenance_worker_idle_waits=526272 maintenance_worker_idle_ms=738756.925273 maintenance_lost_wake_avoided=128950 maintenance_targeted_wakes=1597073 maintenance_generic_wakes=6686 maintenance_broadcast_wakes=0 maintenance_context_slots_scanned=5553840 maintenance_ready_notifications=619478 maintenance_ready_stale_notifications=0 maintenance_ready_tickets_drained=488725 maintenance_ready_overflow_scans=0 maintenance_ready_fallback_scans=347439 stage2_search_lane_lease_limit=32 stage2_search_lane_lease_peak=16 stage2_search_lane_lease_blocked=0 maintenance_worker_observed_idle_ratio=0.879174 maintenance_worker_observed_busy_ratio=0.120826 physical_stage1_items=6686 physical_stage1_total_ns=29634403131 physical_stage1_search_ns=27750535386 physical_stage1_prune_ns=1228385197 physical_stage1_allocate_write_ns=469000140 physical_stage1_backlink_ns=165913854 physical_stage1_candidates=855531 physical_stage1_remote_frontier_items=36520528 physical_stage1_neighbors=257860 peer_stage1_enqueued=10932 peer_stage1_processed=10932 peer_stage1_items=10666 avg_peer_stage1_items=0.975668 peer_stage1_rate_per_sec=101.546445 peer_stage1_max_queue=21 peer_stage1_active_workers=0 peer_stage2_home_enqueued=84143 peer_stage2_home_processed=84143 peer_stage2_home_items=8542185 avg_peer_stage2_home_items=101.519853 peer_stage2_home_max_queue=17 peer_stage2_home_response_queue_drops=0 peer_stage2_home_response_send_wait_ms=622.840548 avg_peer_stage2_home_queue_wait_us=20.937403 avg_peer_stage2_home_execution_us=48.950689 peer_stage1_release_deferred_batches=280 peer_stage1_release_deferred_items=280 peer_stage1_duplicate_retry_responses=0 peer_stage1_admission_retry_responses=0 peer_stage1_retry_response_drops=0 peer_stage1_admission_waiters=0 peer_stage1_admission_waiter_items=0 peer_stage1_admission_owned_items=0 peer_stage1_admission_wake_coverage=0 peer_stage1_admission_parked=0 peer_stage1_admission_woken=0 peer_stage1_admission_reparked=0 peer_stage1_max_admission_waiters=0 peer_stage1_duplicate_coalesced=2 peer_reverse_enqueued=2939 peer_reverse_processed=2939 peer_reverse_remaining=0 peer_reverse_items_enqueued=52206 peer_reverse_items_processed=52206 peer_reverse_rate_per_sec=497.031101 peer_reverse_failed=70 peer_reverse_max_queue=18 reclaim_pending=83 reclaim_reused=6046 dynamic_high_watermark=19601785920 stage2_remaining=0 cleanup_remaining=0 active_contexts=0 active_context_limit=32 repair_remaining=0 remaining=0
[STATUS]: storage-owner maintenance observation: enqueued=6686 stage2_enqueued=6686 cleanup_enqueued=0 stage2_tasks_done=6686 stage2_finalized_live=6686 cleanup_processed=0 stale=0 stage2_completion_ratio=1.000000 live_stage2_completion_ratio=1.000000 avg_stage2_delay_ms=220.472651 p99_stage2_delay_upper_ms=512.000000 p99_stage2_delay_over_30s=false stage2_delay_histogram=0,0,0,0,0,0,50,625,4106,1888,17,0,0,0,0,0,0,0 max_stage2_delay_ms=534.839497 compaction_batch_target=32 compaction_max_delay_ms=25.000000 stage2_rate_per_sec=60.760809 stage1_search_budget_exhausted=0 stage2_search_budget_exhausted=0 stage2_continuations=6686 stage2_remote_frontier_items=36520528 avg_stage2_remote_frontier=5462.238708 stage2_remote_expansions=749733 avg_stage2_remote_expansions=112.134759 stage2_scored_candidates=54212467 avg_stage2_scored_candidates=8108.355818 stage2_graph_read_waves=137582 avg_stage2_expansions_per_graph_wave=5.449354 stage2_graph_unique_reads=764514 stage2_graph_prefetch_issued=548471 stage2_graph_prefetch_hits=533690 stage2_graph_prefetch_wasted=14781 stage2_graph_prefetch_promotion_ratio=0.973051 stage2_graph_issue_width_current=16 stage2_vector_read_waves=275389 avg_stage2_scores_per_vector_wave=196.857779 stage2_vector_unique_reads=49785126 stage2_home_rpc_batches=336994 stage2_home_rpc_items=37536796 avg_stage2_home_rpc_batch=111.387134 stage2_home_score_rpc_batches=149279 stage2_home_score_rpc_items=36772282 stage2_home_score_rpc_queries=988853 stage2_home_score_rpc_request_bytes=988612436 stage2_home_score_rpc_response_bytes=1182762640 avg_stage2_home_score_queries_per_rpc=6.624194 avg_stage2_home_score_rpc_batch=246.332585 stage2_home_scored_neighbors=41197350 home_scores_per_expansion=1.097519 stage2_migrations=6129 home_match_rate=0.083308 stage2_final_edges=258999 stage2_cross_edges_stage1_home=222191 stage2_cross_edges_final_home=182891 cross_edge_reduction_ratio=0.176875 failed=0 rpc_timeouts=0 reverse_aggregate_batches=0 reverse_aggregate_logical_requests=0 reverse_aggregate_ops=0 avg_reverse_aggregate_logicals=0.000000 avg_reverse_aggregate_ops=0.000000 max_backlog=13 admission_window=65536 completion_outstanding=0 completion_incomplete=0 completed_behind_hole=0 completion_logical_full_failures=0 completion_physical_full_failures=0 pressure_yields=4380 stage2_batches=1014 avg_stage2_batch_size=6.593688 packing_target_batch=8 packing_admit_queue_avg=6.598619 packing_admit_queue_max=13 packing_batch_1_7=595 packing_batch_8=419 packing_assembly_batches=1014 packing_assembly_wait_ms=20779.929440 packing_arrival_interval_us=3862 packing_waited_batches=595 packing_wait_ms=13256.163000 packing_target_flushes=419 packing_deadline_flushes=595 packing_cleanup_flushes=0 stage2_phase_search_attempts=1014 stage2_phase_search_task_attempts=6686 stage2_phase_search_elapsed_ms=177795.489335 avg_stage2_phase_search_us_per_task=26592.206003 stage2_phase_freeze_prune_attempts=1042 stage2_phase_freeze_prune_task_attempts=6887 stage2_phase_freeze_prune_elapsed_ms=3783.295749 avg_stage2_phase_freeze_prune_us_per_task=549.338718 stage2_phase_reverse_prepare_attempts=1014 stage2_phase_reverse_prepare_task_attempts=6686 stage2_phase_reverse_prepare_elapsed_ms=11157.946492 avg_stage2_phase_reverse_prepare_us_per_task=1668.852302 stage2_phase_placement_authority_attempts=1014 stage2_phase_placement_authority_task_attempts=6686 stage2_phase_placement_authority_elapsed_ms=1626.898269 avg_stage2_phase_placement_authority_us_per_task=243.329086 stage2_phase_completion_handoff_attempts=1014 stage2_phase_completion_handoff_task_attempts=6686 stage2_phase_completion_handoff_elapsed_ms=1.412450 avg_stage2_phase_completion_handoff_us_per_task=0.211255 stage2_phase_finalize_attempts=1014 stage2_phase_finalize_task_attempts=6686 stage2_phase_finalize_elapsed_ms=8.241348 avg_stage2_phase_finalize_us_per_task=1.232628 maintenance_worker_idle_waits=530368 maintenance_worker_idle_ms=779961.955172 maintenance_lost_wake_avoided=128950 maintenance_targeted_wakes=1597073 maintenance_generic_wakes=6686 maintenance_broadcast_wakes=0 maintenance_context_slots_scanned=5619376 maintenance_ready_notifications=619478 maintenance_ready_stale_notifications=0 maintenance_ready_tickets_drained=488725 maintenance_ready_overflow_scans=0 maintenance_ready_fallback_scans=351415 stage2_search_lane_lease_limit=32 stage2_search_lane_lease_peak=16 stage2_search_lane_lease_blocked=0 maintenance_worker_observed_idle_ratio=0.886014 maintenance_worker_observed_busy_ratio=0.113986 physical_stage1_items=6686 physical_stage1_total_ns=29634403131 physical_stage1_search_ns=27750535386 physical_stage1_prune_ns=1228385197 physical_stage1_allocate_write_ns=469000140 physical_stage1_backlink_ns=165913854 physical_stage1_candidates=855531 physical_stage1_remote_frontier_items=36520528 physical_stage1_neighbors=257860 peer_stage1_enqueued=10932 peer_stage1_processed=10932 peer_stage1_items=10666 avg_peer_stage1_items=0.975668 peer_stage1_rate_per_sec=96.930121 peer_stage1_max_queue=21 peer_stage1_active_workers=0 peer_stage2_home_enqueued=84143 peer_stage2_home_processed=84143 peer_stage2_home_items=8542185 avg_peer_stage2_home_items=101.519853 peer_stage2_home_max_queue=17 peer_stage2_home_response_queue_drops=0 peer_stage2_home_response_send_wait_ms=622.840548 avg_peer_stage2_home_queue_wait_us=20.937403 avg_peer_stage2_home_execution_us=48.950689 peer_stage1_release_deferred_batches=280 peer_stage1_release_deferred_items=280 peer_stage1_duplicate_retry_responses=0 peer_stage1_admission_retry_responses=0 peer_stage1_retry_response_drops=0 peer_stage1_admission_waiters=0 peer_stage1_admission_waiter_items=0 peer_stage1_admission_owned_items=0 peer_stage1_admission_wake_coverage=0 peer_stage1_admission_parked=0 peer_stage1_admission_woken=0 peer_stage1_admission_reparked=0 peer_stage1_max_admission_waiters=0 peer_stage1_duplicate_coalesced=2 peer_reverse_enqueued=2939 peer_reverse_processed=2939 peer_reverse_remaining=0 peer_reverse_items_enqueued=52206 peer_reverse_items_processed=52206 peer_reverse_rate_per_sec=474.435954 peer_reverse_failed=70 peer_reverse_max_queue=18 reclaim_pending=83 reclaim_reused=6046 dynamic_high_watermark=19601785920 stage2_remaining=0 cleanup_remaining=0 active_contexts=0 active_context_limit=32 repair_remaining=0 remaining=0
