============================================================
                        SERVER
============================================================
num clients:                  1
TCP port:                     1236
QP handshake timeout (ms):    10000
IB device:                    <auto>
IB port:                      1
max outstanding CQEs:         64
max send work requests:       4096
max receive work requests:    4096
============================================================
index prefix:                     "/data/xjs/index/dvstor_spacev100m/index/spacev100m_R96_bw128_balanced_pmd32_pq20_schema16"
storage shard:                    "/data/xjs/index/dvstor_spacev100m/index/spacev100m_R96_bw128_balanced_pmd32_pq20_schema16_node3_of5.dat"
storage id:                       2
base vectors:                     100000000
vector ID namespace [0,N):        4294967295
registered memory GiB:            22
====================================================================
1 device(s) found
Selected device: ibp86s0
Selected port state: 4, lid: 8, active_mtu: 5
interleaved policy
num_cores: 112
physical cores per socket: 28
hyperthreading enabled
local process CPU partition: rank 2/5 logical_cpus=22
pairing: 75072 -- 6091
[STATUS]: loaded index metadata from /data/xjs/index/dvstor_spacev100m/index/spacev100m_R96_bw128_balanced_pmd32_pq20_schema16 (layout=plain, vector_data_type=int8)
[STATUS]: storage-owner stage2 candidate width L=128 per shard
allocation size: 23622320128
allocated ALIGNED MEM (no hugepage) at 125696659685440 with buffer size 23622320128
[STATUS]: loading index (19200000128 Bytes) from /data/xjs/index/dvstor_spacev100m/index/spacev100m_R96_bw128_balanced_pmd32_pq20_schema16_node3_of5.dat
[STATUS]: loaded GPU PQ codes (400000000 Bytes) at remote offset 19200004224
[STATUS]: storage-owner idmap loaded entries=20000000 format=owner_sharded_v2_bound immutable_base=true dynamic_shards=256 dynamic_reserved=65536
[STATUS]: compensated physical centroid restored on shard 2: vectors=20000000 entries=4
[STATUS]: register memory and distribute access token
[STATUS]: connect QPs of compute threads
[STATUS]: reserving 64 GPU/bootstrap QPs per compute node
pairing: 75077 -- 6096
pairing: 75082 -- 6101
pairing: 75087 -- 6106
pairing: 75092 -- 6111
pairing: 75097 -- 6116
pairing: 75102 -- 6121
pairing: 75107 -- 6126
pairing: 75112 -- 6131
pairing: 75117 -- 6136
pairing: 75122 -- 6141
pairing: 75127 -- 6146
pairing: 75132 -- 6151
pairing: 75137 -- 6156
pairing: 75142 -- 6161
pairing: 75147 -- 6166
pairing: 75152 -- 6171
pairing: 75157 -- 6176
pairing: 75162 -- 6181
pairing: 75167 -- 6186
pairing: 75172 -- 6191
pairing: 75177 -- 6196
pairing: 75182 -- 6201
pairing: 75187 -- 6206
pairing: 75192 -- 6211
pairing: 75197 -- 6216
pairing: 75202 -- 6221
pairing: 75207 -- 6226
pairing: 75212 -- 6231
pairing: 75217 -- 6236
pairing: 75222 -- 6241
pairing: 75227 -- 6246
pairing: 75232 -- 6251
pairing: 75237 -- 6318
pairing: 75302 -- 6319
pairing: 75303 -- 6320
pairing: 75304 -- 6321
pairing: 75305 -- 6322
pairing: 75306 -- 6323
pairing: 75307 -- 6324
pairing: 75308 -- 6325
pairing: 75309 -- 6326
pairing: 75310 -- 6327
pairing: 75311 -- 6328
pairing: 75312 -- 6329
pairing: 75313 -- 6330
pairing: 75314 -- 6331
pairing: 75315 -- 6332
pairing: 75316 -- 6333
pairing: 75317 -- 6334
pairing: 75318 -- 6335
pairing: 75319 -- 6336
pairing: 75320 -- 6337
pairing: 75321 -- 6338
pairing: 75322 -- 6339
pairing: 75323 -- 6340
pairing: 75324 -- 6341
pairing: 75325 -- 6342
pairing: 75326 -- 6343
pairing: 75327 -- 6344
pairing: 75328 -- 6345
pairing: 75329 -- 6346
pairing: 75330 -- 6347
pairing: 75331 -- 6348
pairing: 75332 -- 6349
[STATUS]: waiting for compute-node startup barrier
1 device(s) found
Selected device: ibp86s0
Selected port state: 4, lid: 8, active_mtu: 5
pairing: 75397 -- 75399
pairing: 75402 -- 75409
pairing: 75411 -- 75416
pairing: 75419 -- 75425
pairing: 75427 -- 75432
pairing: 75435 -- 75440
pairing: 75443 -- 75448
pairing: 75451 -- 75456
pairing: 75459 -- 75455
pairing: 75462 -- 75465
pairing: 75468 -- 75471
pairing: 75474 -- 75477
pairing: 75480 -- 75483
pairing: 75486 -- 75490
pairing: 75492 -- 75496
pairing: 75498 -- 75501
pairing: 75504 -- 75508
pairing: 75511 -- 75509
pairing: 75512 -- 75510
pairing: 75514 -- 75513
pairing: 75517 -- 75515
pairing: 75519 -- 75516
pairing: 75520 -- 75518
pairing: 75522 -- 75521
pairing: 75524 -- 75523
pairing: 75527 -- 75525
pairing: 75528 -- 75526
pairing: 75530 -- 75529
pairing: 75532 -- 75531
pairing: 75535 -- 75533
pairing: 75537 -- 75534
pairing: 75538 -- 75536
[STATUS]: storage-owner peer RDMA QPs per peer: 8
[STATUS]: storage-owner peer QP0 reserved for RPC; data RDMA uses QP1..7
allocated ALIGNED MEM (no hugepage) at 125695592235072 with buffer size 67108864
allocated ALIGNED MEM (no hugepage) at 125695552389184 with buffer size 39839040
[STATUS]: storage-owner peer RPC receive slots per peer: 64 (requested=64)
[STATUS]: storage-owner peer RPC concurrent sends per peer: 16
[STATUS]: storage-owner peer RPC send credits: Stage1/graph are split at depth >= 2; responses use a dedicated sync buffer
[STATUS]: storage-owner peer async response capacity: 32768
[STATUS]: storage-owner Stage2 home RPC combining: enabled logical_capacity=18432 aggregate_capacity=4608 byte_budget=33586224
allocated ALIGNED MEM (no hugepage) at 97173987874304 with buffer size 96256
allocated ALIGNED MEM (no hugepage) at 125695827419200 with buffer size 212992
allocated ALIGNED MEM (no hugepage) at 125695823749184 with buffer size 212992
[STATUS]: storage-owner peer reverse-update workers: 2
[STATUS]: storage-owner peer Stage1 workers: 3; Stage2-home workers: 1 (one reserved; shared lanes borrow authoritative work only)
[STATUS]: storage-owner physical control workers: cleanup=1 placement=1 (separate blocking domains)
[STATUS]: storage-owner peer progress threads: cq=1 response_dispatch=1
[STATUS]: storage-owner Stage1 artifact capacity: 67584 (64-way, per shard=1056) cleanup replay per shard=2048 active migration receipts=131072
[STATUS]: storage-owner peer reverse-update tuning: queue_depth=65536 coalesce_max=256
allocated ALIGNED MEM (no hugepage) at 125695814721600 with buffer size 855296
allocated ALIGNED MEM (no hugepage) at 125695811579968 with buffer size 855296
allocated ALIGNED MEM (no hugepage) at 125695810523200 with buffer size 855296
allocated ALIGNED MEM (no hugepage) at 125695807184960 with buffer size 855296
allocated ALIGNED MEM (no hugepage) at 125695803191360 with buffer size 855296
allocated ALIGNED MEM (no hugepage) at 125695802335296 with buffer size 855296
allocated ALIGNED MEM (no hugepage) at 125695798997056 with buffer size 855296
allocated ALIGNED MEM (no hugepage) at 125695798140992 with buffer size 855296
[STATUS]: storage-owner peer scratch: snapshot_slot=192 graph_slot=832 batch=256 lane_peak_rdma_wrs=56 lane_useful_wave_rdma_wrs=56 global_read_window=224 search_lanes_global=32 search_lanes_credit_derived=16 search_lane_lease_cap=32 search_lanes_physical_per_worker=4 ready_context_runtime_epoch=1 bytes_per_lane=213824 bytes_total=6842368
[STATUS]: storage-owner maintenance workers: 8 (configured=8, admission_baseline_workers=2, context_limit=32, semantic_execution_batch=8, work_conserving=true)
[STATUS]: storage-owner stage2 reverse outbox descriptors: 128 aggregates=128 wire_max_ops=3072 (shared per-peer work-conserving aggregation)
[STATUS]: storage-owner maintenance tuning: protocol=centroid-home-two-stage compaction_batch_target=32 packing_policy=deterministic_b8 packing_tail_wait_us=arrival_adaptive_capped_25000 packing_context_limit=8 backlog_limit=65536 admission_credit=bounded_accepted_backlog admission_window=65536 physical_completion_capacity=65536
[STATUS]: storage-owner peer RDMA read credits: per_data_qp=8 data_qps_per_peer=7 per_peer=56 global=224 shared_cq_read_budget=8095 ordered_snapshot_pairs_per_chain=4 (requested_per_data_qp=16)
[STATUS]: storage-owner online insert tuning: construction_beam=128 snapshot_batch=256 protocol=centroid-home-two-stage
[STATUS]: storage-owner stage1=physical-home local search and backlinks; stage2=generation-fenced home expand+score continuation
[STATUS]: storage-owner responses=foreground direct post; completion=repost by service poller
[STATUS]: storage-owner foreground pipeline: coordinators=12 cpu_lanes=3 (assigned_cpus=22, rpc_parallelism=16)
[STATUS]: storage-owner CPU plan: foreground_cpu=3 foreground_coordinators=12 maintenance=8 peer_stage1=4 (split into isolated Stage1/Stage2-home domains) peer_reverse=2 peer_cleanup=1 peer_placement=1 peer_progress=2 foreground_progress=1
[STATUS]: storage-owner insert runtime enabled on shard 2
[STATUS]: storage-owner maintenance observation: enqueued=558 stage2_enqueued=558 cleanup_enqueued=0 stage2_tasks_done=529 stage2_finalized_live=529 cleanup_processed=0 stale=0 stage2_completion_ratio=0.948029 live_stage2_completion_ratio=0.948029 avg_stage2_delay_ms=308.955953 p99_stage2_delay_upper_ms=1000.000000 p99_stage2_delay_over_30s=false stage2_delay_histogram=0,0,0,0,0,0,1,42,189,215,82,0,0,0,0,0,0,0 max_stage2_delay_ms=681.938560 compaction_batch_target=32 compaction_max_delay_ms=25.000000 stage2_rate_per_sec=105.229747 stage1_search_budget_exhausted=0 stage2_search_budget_exhausted=0 stage2_continuations=556 stage2_remote_frontier_items=3311689 avg_stage2_remote_frontier=5956.275180 stage2_remote_expansions=61393 avg_stage2_remote_expansions=110.419065 stage2_scored_candidates=4888633 avg_stage2_scored_candidates=8792.505396 stage2_graph_read_waves=11386 avg_stage2_expansions_per_graph_wave=5.391973 stage2_graph_unique_reads=63902 stage2_graph_prefetch_issued=43449 stage2_graph_prefetch_hits=41717 stage2_graph_prefetch_wasted=1645 stage2_graph_prefetch_promotion_ratio=0.962064 stage2_graph_issue_width_current=16 stage2_vector_read_waves=18209 avg_stage2_scores_per_vector_wave=268.473447 stage2_vector_unique_reads=4482301 stage2_home_rpc_batches=29985 stage2_home_rpc_items=3348916 avg_stage2_home_rpc_batch=111.686377 stage2_home_score_rpc_batches=12954 stage2_home_score_rpc_items=3285014 stage2_home_score_rpc_queries=77585 stage2_home_score_rpc_request_bytes=87220768 stage2_home_score_rpc_response_bytes=105639336 avg_stage2_home_score_queries_per_rpc=5.989270 avg_stage2_home_score_rpc_batch=253.590706 stage2_home_scored_neighbors=3691175 home_scores_per_expansion=1.102200 stage2_migrations=473 home_match_rate=0.105860 stage2_final_edges=17772 stage2_cross_edges_stage1_home=15147 stage2_cross_edges_final_home=12521 cross_edge_reduction_ratio=0.173368 failed=0 rpc_timeouts=0 reverse_aggregate_batches=0 reverse_aggregate_logical_requests=0 reverse_aggregate_ops=0 avg_reverse_aggregate_logicals=0.000000 avg_reverse_aggregate_ops=0.000000 max_backlog=9 admission_window=65536 completion_outstanding=59 completion_incomplete=29 completed_behind_hole=30 completion_logical_full_failures=0 completion_physical_full_failures=0 pressure_yields=4164 stage2_batches=102 avg_stage2_batch_size=5.450980 packing_target_batch=8 packing_admit_queue_avg=5.460784 packing_admit_queue_max=9 packing_batch_1_7=75 packing_batch_8=27 packing_assembly_batches=102 packing_assembly_wait_ms=2329.917262 packing_arrival_interval_us=6806 packing_waited_batches=75 packing_wait_ms=1804.299000 packing_target_flushes=27 packing_deadline_flushes=75 packing_cleanup_flushes=0 stage2_phase_search_attempts=98 stage2_phase_search_task_attempts=537 stage2_phase_search_elapsed_ms=21843.812033 avg_stage2_phase_search_us_per_task=40677.489819 stage2_phase_freeze_prune_attempts=100 stage2_phase_freeze_prune_task_attempts=548 stage2_phase_freeze_prune_elapsed_ms=476.744171 avg_stage2_phase_freeze_prune_us_per_task=869.971115 stage2_phase_reverse_prepare_attempts=97 stage2_phase_reverse_prepare_task_attempts=529 stage2_phase_reverse_prepare_elapsed_ms=2527.165512 avg_stage2_phase_reverse_prepare_us_per_task=4777.250495 stage2_phase_placement_authority_attempts=97 stage2_phase_placement_authority_task_attempts=529 stage2_phase_placement_authority_elapsed_ms=924.385289 avg_stage2_phase_placement_authority_us_per_task=1747.420206 stage2_phase_completion_handoff_attempts=97 stage2_phase_completion_handoff_task_attempts=529 stage2_phase_completion_handoff_elapsed_ms=0.147402 avg_stage2_phase_completion_handoff_us_per_task=0.278643 stage2_phase_finalize_attempts=97 stage2_phase_finalize_task_attempts=529 stage2_phase_finalize_elapsed_ms=0.783657 avg_stage2_phase_finalize_us_per_task=1.481393 maintenance_worker_idle_waits=44608 maintenance_worker_idle_ms=29330.225452 maintenance_lost_wake_avoided=16474 maintenance_targeted_wakes=174767 maintenance_generic_wakes=558 maintenance_broadcast_wakes=0 maintenance_context_slots_scanned=506848 maintenance_ready_notifications=48749 maintenance_ready_stale_notifications=0 maintenance_ready_tickets_drained=37565 maintenance_ready_overflow_scans=0 maintenance_ready_fallback_scans=31802 stage2_search_lane_lease_limit=32 stage2_search_lane_lease_peak=14 stage2_search_lane_lease_blocked=0 maintenance_worker_observed_idle_ratio=0.729303 maintenance_worker_observed_busy_ratio=0.270697 physical_stage1_items=558 physical_stage1_total_ns=2927364024 physical_stage1_search_ns=2780269685 physical_stage1_prune_ns=93130104 physical_stage1_allocate_write_ns=38241720 physical_stage1_backlink_ns=14095468 physical_stage1_candidates=71412 physical_stage1_remote_frontier_items=3322085 physical_stage1_neighbors=18572 peer_stage1_enqueued=930 peer_stage1_processed=930 peer_stage1_items=901 avg_peer_stage1_items=0.968817 peer_stage1_rate_per_sec=179.228737 peer_stage1_max_queue=5 peer_stage1_active_workers=0 peer_stage2_home_enqueued=12963 peer_stage2_home_processed=12963 peer_stage2_home_items=1439854 avg_peer_stage2_home_items=111.074134 peer_stage2_home_max_queue=18 peer_stage2_home_response_queue_drops=0 peer_stage2_home_response_send_wait_ms=108.708777 avg_peer_stage2_home_queue_wait_us=26.921633 avg_peer_stage2_home_execution_us=57.584830 peer_stage1_release_deferred_batches=31 peer_stage1_release_deferred_items=31 peer_stage1_duplicate_retry_responses=0 peer_stage1_admission_retry_responses=0 peer_stage1_retry_response_drops=0 peer_stage1_admission_waiters=0 peer_stage1_admission_waiter_items=0 peer_stage1_admission_owned_items=0 peer_stage1_admission_wake_coverage=0 peer_stage1_admission_parked=0 peer_stage1_admission_woken=0 peer_stage1_admission_reparked=0 peer_stage1_max_admission_waiters=0 peer_stage1_duplicate_coalesced=1 peer_reverse_enqueued=411 peer_reverse_processed=411 peer_reverse_remaining=0 peer_reverse_items_enqueued=7342 peer_reverse_items_processed=7342 peer_reverse_rate_per_sec=1460.485450 peer_reverse_failed=7 peer_reverse_max_queue=5 reclaim_pending=25 reclaim_reused=448 dynamic_high_watermark=19600307840 stage2_remaining=2 cleanup_remaining=0 active_contexts=5 active_context_limit=32 repair_remaining=0 remaining=29
[STATUS]: storage-owner maintenance observation: enqueued=948 stage2_enqueued=948 cleanup_enqueued=0 stage2_tasks_done=944 stage2_finalized_live=944 cleanup_processed=0 stale=0 stage2_completion_ratio=0.995781 live_stage2_completion_ratio=0.995781 avg_stage2_delay_ms=242.126633 p99_stage2_delay_upper_ms=1000.000000 p99_stage2_delay_over_30s=false stage2_delay_histogram=0,0,0,0,0,0,44,184,356,278,82,0,0,0,0,0,0,0 max_stage2_delay_ms=681.938560 compaction_batch_target=32 compaction_max_delay_ms=25.000000 stage2_rate_per_sec=94.130586 stage1_search_budget_exhausted=0 stage2_search_budget_exhausted=0 stage2_continuations=948 stage2_remote_frontier_items=5561023 avg_stage2_remote_frontier=5866.058017 stage2_remote_expansions=107336 avg_stage2_remote_expansions=113.223629 stage2_scored_candidates=8315990 avg_stage2_scored_candidates=8772.141350 stage2_graph_read_waves=21912 avg_stage2_expansions_per_graph_wave=4.898503 stage2_graph_unique_reads=110204 stage2_graph_prefetch_issued=74469 stage2_graph_prefetch_hits=71601 stage2_graph_prefetch_wasted=2868 stage2_graph_prefetch_promotion_ratio=0.961487 stage2_graph_issue_width_current=16 stage2_vector_read_waves=38507 avg_stage2_scores_per_vector_wave=215.960475 stage2_vector_unique_reads=7623400 stage2_home_rpc_batches=52870 stage2_home_rpc_items=5678877 avg_stage2_home_rpc_batch=107.412086 stage2_home_score_rpc_batches=22130 stage2_home_score_rpc_items=5568673 stage2_home_score_rpc_queries=118680 stage2_home_score_rpc_request_bytes=146577716 stage2_home_score_rpc_response_bytes=179085880 avg_stage2_home_score_queries_per_rpc=5.362856 avg_stage2_home_score_rpc_batch=251.634568 stage2_home_scored_neighbors=6260980 home_scores_per_expansion=1.102503 stage2_migrations=842 home_match_rate=0.108051 stage2_final_edges=33858 stage2_cross_edges_stage1_home=28762 stage2_cross_edges_final_home=23925 cross_edge_reduction_ratio=0.168173 failed=0 rpc_timeouts=0 reverse_aggregate_batches=0 reverse_aggregate_logical_requests=0 reverse_aggregate_ops=0 avg_reverse_aggregate_logicals=0.000000 avg_reverse_aggregate_ops=0.000000 max_backlog=9 admission_window=65536 completion_outstanding=4 completion_incomplete=4 completed_behind_hole=0 completion_logical_full_failures=0 completion_physical_full_failures=0 pressure_yields=4411 stage2_batches=215 avg_stage2_batch_size=4.409302 packing_target_batch=8 packing_admit_queue_avg=4.413953 packing_admit_queue_max=9 packing_batch_1_7=182 packing_batch_8=33 packing_assembly_batches=215 packing_assembly_wait_ms=5142.721418 packing_arrival_interval_us=18121 packing_waited_batches=182 packing_wait_ms=4479.299000 packing_target_flushes=33 packing_deadline_flushes=182 packing_cleanup_flushes=0 stage2_phase_search_attempts=214 stage2_phase_search_task_attempts=944 stage2_phase_search_elapsed_ms=31308.992363 avg_stage2_phase_search_us_per_task=33166.305469 stage2_phase_freeze_prune_attempts=217 stage2_phase_freeze_prune_task_attempts=958 stage2_phase_freeze_prune_elapsed_ms=724.837307 avg_stage2_phase_freeze_prune_us_per_task=756.615143 stage2_phase_reverse_prepare_attempts=214 stage2_phase_reverse_prepare_task_attempts=944 stage2_phase_reverse_prepare_elapsed_ms=3413.336532 avg_stage2_phase_reverse_prepare_us_per_task=3615.822597 stage2_phase_placement_authority_attempts=214 stage2_phase_placement_authority_task_attempts=944 stage2_phase_placement_authority_elapsed_ms=1063.226238 avg_stage2_phase_placement_authority_us_per_task=1126.298981 stage2_phase_completion_handoff_attempts=214 stage2_phase_completion_handoff_task_attempts=944 stage2_phase_completion_handoff_elapsed_ms=0.294582 avg_stage2_phase_completion_handoff_us_per_task=0.312057 stage2_phase_finalize_attempts=214 stage2_phase_finalize_task_attempts=944 stage2_phase_finalize_elapsed_ms=1.353156 avg_stage2_phase_finalize_us_per_task=1.433428 maintenance_worker_idle_waits=79808 maintenance_worker_idle_ms=63206.211464 maintenance_lost_wake_avoided=20883 maintenance_targeted_wakes=241441 maintenance_generic_wakes=948 maintenance_broadcast_wakes=0 maintenance_context_slots_scanned=707296 maintenance_ready_notifications=92761 maintenance_ready_stale_notifications=0 maintenance_ready_tickets_drained=73877 maintenance_ready_overflow_scans=0 maintenance_ready_fallback_scans=44389 stage2_search_lane_lease_limit=32 stage2_search_lane_lease_peak=14 stage2_search_lane_lease_blocked=0 maintenance_worker_observed_idle_ratio=0.787823 maintenance_worker_observed_busy_ratio=0.212177 physical_stage1_items=948 physical_stage1_total_ns=4714965466 physical_stage1_search_ns=4476055334 physical_stage1_prune_ns=153763292 physical_stage1_allocate_write_ns=60609741 physical_stage1_backlink_ns=21928796 physical_stage1_candidates=121310 physical_stage1_remote_frontier_items=5561023 physical_stage1_neighbors=32185 peer_stage1_enqueued=1576 peer_stage1_processed=1576 peer_stage1_items=1538 avg_peer_stage1_items=0.975888 peer_stage1_rate_per_sec=153.361061 peer_stage1_max_queue=5 peer_stage1_active_workers=1 peer_stage2_home_enqueued=39964 peer_stage2_home_processed=39963 peer_stage2_home_items=4454049 avg_peer_stage2_home_items=111.454320 peer_stage2_home_max_queue=18 peer_stage2_home_response_queue_drops=0 peer_stage2_home_response_send_wait_ms=280.221117 avg_peer_stage2_home_queue_wait_us=20.221102 avg_peer_stage2_home_execution_us=52.887324 peer_stage1_release_deferred_batches=40 peer_stage1_release_deferred_items=40 peer_stage1_duplicate_retry_responses=0 peer_stage1_admission_retry_responses=0 peer_stage1_retry_response_drops=0 peer_stage1_admission_waiters=0 peer_stage1_admission_waiter_items=0 peer_stage1_admission_owned_items=0 peer_stage1_admission_wake_coverage=0 peer_stage1_admission_parked=0 peer_stage1_admission_woken=0 peer_stage1_admission_reparked=0 peer_stage1_max_admission_waiters=0 peer_stage1_duplicate_coalesced=1 peer_reverse_enqueued=1173 peer_reverse_processed=1172 peer_reverse_remaining=1 peer_reverse_items_enqueued=26039 peer_reverse_items_processed=25955 peer_reverse_rate_per_sec=2588.092550 peer_reverse_failed=27 peer_reverse_max_queue=5 reclaim_pending=0 reclaim_reused=842 dynamic_high_watermark=19600727456 stage2_remaining=0 cleanup_remaining=0 active_contexts=1 active_context_limit=32 repair_remaining=0 remaining=4
[STATUS]: storage-owner maintenance observation: enqueued=1167 stage2_enqueued=1167 cleanup_enqueued=0 stage2_tasks_done=1166 stage2_finalized_live=1166 cleanup_processed=0 stale=0 stage2_completion_ratio=0.999143 live_stage2_completion_ratio=0.999143 avg_stage2_delay_ms=211.430238 p99_stage2_delay_upper_ms=1000.000000 p99_stage2_delay_over_30s=false stage2_delay_histogram=0,0,0,0,0,0,110,325,371,278,82,0,0,0,0,0,0,0 max_stage2_delay_ms=681.938560 compaction_batch_target=32 compaction_max_delay_ms=25.000000 stage2_rate_per_sec=77.584780 stage1_search_budget_exhausted=0 stage2_search_budget_exhausted=0 stage2_continuations=1166 stage2_remote_frontier_items=6792758 avg_stage2_remote_frontier=5825.692967 stage2_remote_expansions=132339 avg_stage2_remote_expansions=113.498285 stage2_scored_candidates=10210993 avg_stage2_scored_candidates=8757.283877 stage2_graph_read_waves=29530 avg_stage2_expansions_per_graph_wave=4.481510 stage2_graph_unique_reads=135926 stage2_graph_prefetch_issued=91124 stage2_graph_prefetch_hits=87537 stage2_graph_prefetch_wasted=3587 stage2_graph_prefetch_promotion_ratio=0.960636 stage2_graph_issue_width_current=16 stage2_vector_read_waves=55706 avg_stage2_scores_per_vector_wave=183.301494 stage2_vector_unique_reads=9356505 stage2_home_rpc_batches=66590 stage2_home_rpc_items=6946315 avg_stage2_home_rpc_batch=104.314687 stage2_home_score_rpc_batches=27214 stage2_home_score_rpc_items=6810389 stage2_home_score_rpc_queries=132100 stage2_home_score_rpc_request_bytes=177963996 stage2_home_score_rpc_response_bytes=219025928 avg_stage2_home_score_queries_per_rpc=4.854119 avg_stage2_home_score_rpc_batch=250.253142 stage2_home_scored_neighbors=7664560 home_scores_per_expansion=1.103399 stage2_migrations=1042 home_match_rate=0.106346 stage2_final_edges=42775 stage2_cross_edges_stage1_home=36375 stage2_cross_edges_final_home=30236 cross_edge_reduction_ratio=0.168770 failed=0 rpc_timeouts=0 reverse_aggregate_batches=0 reverse_aggregate_logical_requests=0 reverse_aggregate_ops=0 avg_reverse_aggregate_logicals=0.000000 avg_reverse_aggregate_ops=0.000000 max_backlog=9 admission_window=65536 completion_outstanding=1 completion_incomplete=1 completed_behind_hole=0 completion_logical_full_failures=0 completion_physical_full_failures=0 pressure_yields=4413 stage2_batches=317 avg_stage2_batch_size=3.678233 packing_target_batch=8 packing_admit_queue_avg=3.681388 packing_admit_queue_max=9 packing_batch_1_7=284 packing_batch_8=33 packing_assembly_batches=317 packing_assembly_wait_ms=7697.770974 packing_arrival_interval_us=25000 packing_waited_batches=284 packing_wait_ms=7029.299000 packing_target_flushes=33 packing_deadline_flushes=284 packing_cleanup_flushes=0 stage2_phase_search_attempts=317 stage2_phase_search_task_attempts=1166 stage2_phase_search_elapsed_ms=34875.052337 avg_stage2_phase_search_us_per_task=29909.993428 stage2_phase_freeze_prune_attempts=322 stage2_phase_freeze_prune_task_attempts=1186 stage2_phase_freeze_prune_elapsed_ms=859.507997 avg_stage2_phase_freeze_prune_us_per_task=724.711633 stage2_phase_reverse_prepare_attempts=317 stage2_phase_reverse_prepare_task_attempts=1166 stage2_phase_reverse_prepare_elapsed_ms=3881.075056 avg_stage2_phase_reverse_prepare_us_per_task=3328.537784 stage2_phase_placement_authority_attempts=317 stage2_phase_placement_authority_task_attempts=1166 stage2_phase_placement_authority_elapsed_ms=1136.291492 avg_stage2_phase_placement_authority_us_per_task=974.521005 stage2_phase_completion_handoff_attempts=317 stage2_phase_completion_handoff_task_attempts=1166 stage2_phase_completion_handoff_elapsed_ms=0.411187 avg_stage2_phase_completion_handoff_us_per_task=0.352648 stage2_phase_finalize_attempts=317 stage2_phase_finalize_task_attempts=1166 stage2_phase_finalize_elapsed_ms=1.684038 avg_stage2_phase_finalize_us_per_task=1.444286 maintenance_worker_idle_waits=109376 maintenance_worker_idle_ms=100140.043618 maintenance_lost_wake_avoided=22240 maintenance_targeted_wakes=275327 maintenance_generic_wakes=1167 maintenance_broadcast_wakes=0 maintenance_context_slots_scanned=800480 maintenance_ready_notifications=124414 maintenance_ready_stale_notifications=0 maintenance_ready_tickets_drained=101812 maintenance_ready_overflow_scans=0 maintenance_ready_fallback_scans=50284 stage2_search_lane_lease_limit=32 stage2_search_lane_lease_peak=14 stage2_search_lane_lease_blocked=0 maintenance_worker_observed_idle_ratio=0.832906 maintenance_worker_observed_busy_ratio=0.167094 physical_stage1_items=1167 physical_stage1_total_ns=5632502370 physical_stage1_search_ns=5339254341 physical_stage1_prune_ns=191151336 physical_stage1_allocate_write_ns=72343663 physical_stage1_backlink_ns=26486093 physical_stage1_candidates=149337 physical_stage1_remote_frontier_items=6800059 physical_stage1_neighbors=40940 peer_stage1_enqueued=1924 peer_stage1_processed=1924 peer_stage1_items=1882 avg_peer_stage1_items=0.978170 peer_stage1_rate_per_sec=125.226892 peer_stage1_max_queue=5 peer_stage1_active_workers=0 peer_stage2_home_enqueued=71076 peer_stage2_home_processed=71076 peer_stage2_home_items=7819820 avg_peer_stage2_home_items=110.020541 peer_stage2_home_max_queue=18 peer_stage2_home_response_queue_drops=0 peer_stage2_home_response_send_wait_ms=468.228891 avg_peer_stage2_home_queue_wait_us=16.802214 avg_peer_stage2_home_execution_us=50.358874 peer_stage1_release_deferred_batches=44 peer_stage1_release_deferred_items=44 peer_stage1_duplicate_retry_responses=0 peer_stage1_admission_retry_responses=0 peer_stage1_retry_response_drops=0 peer_stage1_admission_waiters=0 peer_stage1_admission_waiter_items=0 peer_stage1_admission_owned_items=0 peer_stage1_admission_wake_coverage=0 peer_stage1_admission_parked=0 peer_stage1_admission_woken=0 peer_stage1_admission_reparked=0 peer_stage1_max_admission_waiters=0 peer_stage1_duplicate_coalesced=1 peer_reverse_enqueued=1952 peer_reverse_processed=1950 peer_reverse_remaining=2 peer_reverse_items_enqueued=47464 peer_reverse_items_processed=47396 peer_reverse_rate_per_sec=3153.694889 peer_reverse_failed=45 peer_reverse_max_queue=5 reclaim_pending=0 reclaim_reused=1042 dynamic_high_watermark=19601238336 stage2_remaining=1 cleanup_remaining=0 active_contexts=0 active_context_limit=32 repair_remaining=0 remaining=1
[STATUS]: storage-owner maintenance observation: enqueued=1498 stage2_enqueued=1498 cleanup_enqueued=0 stage2_tasks_done=1491 stage2_finalized_live=1491 cleanup_processed=0 stale=0 stage2_completion_ratio=0.995327 live_stage2_completion_ratio=0.995327 avg_stage2_delay_ms=186.634945 p99_stage2_delay_upper_ms=1000.000000 p99_stage2_delay_over_30s=false stage2_delay_histogram=0,0,0,0,0,0,168,528,435,278,82,0,0,0,0,0,0,0 max_stage2_delay_ms=681.938560 compaction_batch_target=32 compaction_max_delay_ms=25.000000 stage2_rate_per_sec=74.441915 stage1_search_budget_exhausted=0 stage2_search_budget_exhausted=0 stage2_continuations=1495 stage2_remote_frontier_items=8531875 avg_stage2_remote_frontier=5706.939799 stage2_remote_expansions=168718 avg_stage2_remote_expansions=112.854849 stage2_scored_candidates=12762103 avg_stage2_scored_candidates=8536.523746 stage2_graph_read_waves=38644 avg_stage2_expansions_per_graph_wave=4.365956 stage2_graph_unique_reads=173071 stage2_graph_prefetch_issued=116622 stage2_graph_prefetch_hits=112269 stage2_graph_prefetch_wasted=4353 stage2_graph_prefetch_promotion_ratio=0.962674 stage2_graph_issue_width_current=16 stage2_vector_read_waves=75998 avg_stage2_scores_per_vector_wave=167.926827 stage2_vector_unique_reads=11702491 stage2_home_rpc_batches=84501 stage2_home_rpc_items=8706278 avg_stage2_home_rpc_batch=103.031656 stage2_home_score_rpc_batches=34236 stage2_home_score_rpc_items=8533207 stage2_home_score_rpc_queries=156802 stage2_home_score_rpc_request_bytes=222117292 stage2_home_score_rpc_response_bytes=274439176 avg_stage2_home_score_queries_per_rpc=4.580033 avg_stage2_home_score_rpc_batch=249.246612 stage2_home_scored_neighbors=9592404 home_scores_per_expansion=1.101780 stage2_migrations=1336 home_match_rate=0.103957 stage2_final_edges=55731 stage2_cross_edges_stage1_home=47356 stage2_cross_edges_final_home=39409 cross_edge_reduction_ratio=0.167814 failed=0 rpc_timeouts=0 reverse_aggregate_batches=0 reverse_aggregate_logical_requests=0 reverse_aggregate_ops=0 avg_reverse_aggregate_logicals=0.000000 avg_reverse_aggregate_ops=0.000000 max_backlog=9 admission_window=65536 completion_outstanding=7 completion_incomplete=7 completed_behind_hole=0 completion_logical_full_failures=0 completion_physical_full_failures=0 pressure_yields=4415 stage2_batches=432 avg_stage2_batch_size=3.460648 packing_target_batch=8 packing_admit_queue_avg=3.462963 packing_admit_queue_max=9 packing_batch_1_7=397 packing_batch_8=35 packing_assembly_batches=432 packing_assembly_wait_ms=10574.087193 packing_arrival_interval_us=10744 packing_waited_batches=397 packing_wait_ms=9854.299000 packing_target_flushes=35 packing_deadline_flushes=397 packing_cleanup_flushes=0 stage2_phase_search_attempts=431 stage2_phase_search_task_attempts=1491 stage2_phase_search_elapsed_ms=40237.052896 avg_stage2_phase_search_us_per_task=26986.621661 stage2_phase_freeze_prune_attempts=438 stage2_phase_freeze_prune_task_attempts=1515 stage2_phase_freeze_prune_elapsed_ms=1048.040225 avg_stage2_phase_freeze_prune_us_per_task=691.775726 stage2_phase_reverse_prepare_attempts=431 stage2_phase_reverse_prepare_task_attempts=1491 stage2_phase_reverse_prepare_elapsed_ms=4465.915711 avg_stage2_phase_reverse_prepare_us_per_task=2995.248632 stage2_phase_placement_authority_attempts=431 stage2_phase_placement_authority_task_attempts=1491 stage2_phase_placement_authority_elapsed_ms=1211.014169 avg_stage2_phase_placement_authority_us_per_task=812.216076 stage2_phase_completion_handoff_attempts=431 stage2_phase_completion_handoff_task_attempts=1491 stage2_phase_completion_handoff_elapsed_ms=0.553392 avg_stage2_phase_completion_handoff_us_per_task=0.371155 stage2_phase_finalize_attempts=431 stage2_phase_finalize_task_attempts=1491 stage2_phase_finalize_elapsed_ms=2.120669 avg_stage2_phase_finalize_us_per_task=1.422313 maintenance_worker_idle_waits=142400 maintenance_worker_idle_ms=137428.368487 maintenance_lost_wake_avoided=24228 maintenance_targeted_wakes=319962 maintenance_generic_wakes=1498 maintenance_broadcast_wakes=0 maintenance_context_slots_scanned=917392 maintenance_ready_notifications=163427 maintenance_ready_stale_notifications=0 maintenance_ready_tickets_drained=135443 maintenance_ready_overflow_scans=0 maintenance_ready_fallback_scans=57537 stage2_search_lane_lease_limit=32 stage2_search_lane_lease_peak=14 stage2_search_lane_lease_blocked=0 maintenance_worker_observed_idle_ratio=0.857682 maintenance_worker_observed_busy_ratio=0.142318 physical_stage1_items=1498 physical_stage1_total_ns=7038683018 physical_stage1_search_ns=6663038166 physical_stage1_prune_ns=248372639 physical_stage1_allocate_write_ns=90834756 physical_stage1_backlink_ns=32274960 physical_stage1_candidates=191690 physical_stage1_remote_frontier_items=8547762 physical_stage1_neighbors=53880 peer_stage1_enqueued=2473 peer_stage1_processed=2473 peer_stage1_items=2420 avg_peer_stage1_items=0.978569 peer_stage1_rate_per_sec=120.824570 peer_stage1_max_queue=5 peer_stage1_active_workers=0 peer_stage2_home_enqueued=98999 peer_stage2_home_processed=98999 peer_stage2_home_items=10791460 avg_peer_stage2_home_items=109.005748 peer_stage2_home_max_queue=18 peer_stage2_home_response_queue_drops=0 peer_stage2_home_response_send_wait_ms=668.012430 avg_peer_stage2_home_queue_wait_us=15.644055 avg_peer_stage2_home_execution_us=49.201196 peer_stage1_release_deferred_batches=56 peer_stage1_release_deferred_items=56 peer_stage1_duplicate_retry_responses=0 peer_stage1_admission_retry_responses=0 peer_stage1_retry_response_drops=0 peer_stage1_admission_waiters=0 peer_stage1_admission_waiter_items=0 peer_stage1_admission_owned_items=0 peer_stage1_admission_wake_coverage=0 peer_stage1_admission_parked=0 peer_stage1_admission_woken=0 peer_stage1_admission_reparked=0 peer_stage1_max_admission_waiters=0 peer_stage1_duplicate_coalesced=1 peer_reverse_enqueued=2755 peer_reverse_processed=2753 peer_reverse_remaining=2 peer_reverse_items_enqueued=67101 peer_reverse_items_processed=66988 peer_reverse_rate_per_sec=3344.543923 peer_reverse_failed=64 peer_reverse_max_queue=5 reclaim_pending=0 reclaim_reused=1336 dynamic_high_watermark=19601728384 stage2_remaining=3 cleanup_remaining=0 active_contexts=1 active_context_limit=32 repair_remaining=0 remaining=7
[STATUS]: storage-owner maintenance observation: enqueued=1852 stage2_enqueued=1852 cleanup_enqueued=0 stage2_tasks_done=1850 stage2_finalized_live=1850 cleanup_processed=0 stale=0 stage2_completion_ratio=0.998920 live_stage2_completion_ratio=0.998920 avg_stage2_delay_ms=173.437789 p99_stage2_delay_upper_ms=1000.000000 p99_stage2_delay_over_30s=false stage2_delay_histogram=0,0,0,0,0,0,211,728,551,278,82,0,0,0,0,0,0,0 max_stage2_delay_ms=681.938560 compaction_batch_target=32 compaction_max_delay_ms=25.000000 stage2_rate_per_sec=73.912351 stage1_search_budget_exhausted=0 stage2_search_budget_exhausted=0 stage2_continuations=1850 stage2_remote_frontier_items=10423354 avg_stage2_remote_frontier=5634.245405 stage2_remote_expansions=208858 avg_stage2_remote_expansions=112.896216 stage2_scored_candidates=15586255 avg_stage2_scored_candidates=8425.002703 stage2_graph_read_waves=48489 avg_stage2_expansions_per_graph_wave=4.307327 stage2_graph_unique_reads=214049 stage2_graph_prefetch_issued=144726 stage2_graph_prefetch_hits=139535 stage2_graph_prefetch_wasted=5191 stage2_graph_prefetch_promotion_ratio=0.964132 stage2_graph_issue_width_current=16 stage2_vector_read_waves=98395 avg_stage2_scores_per_vector_wave=158.404949 stage2_vector_unique_reads=14296668 stage2_home_rpc_batches=104280 stage2_home_rpc_items=10644444 avg_stage2_home_rpc_batch=102.075604 stage2_home_score_rpc_batches=42086 stage2_home_score_rpc_items=10430395 stage2_home_score_rpc_queries=188065 stage2_home_score_rpc_request_bytes=271150420 stage2_home_score_rpc_response_bytes=335467184 avg_stage2_home_score_queries_per_rpc=4.468588 avg_stage2_home_score_rpc_batch=247.835266 stage2_home_scored_neighbors=11719465 home_scores_per_expansion=1.100994 stage2_migrations=1661 home_match_rate=0.102162 stage2_final_edges=70072 stage2_cross_edges_stage1_home=59508 stage2_cross_edges_final_home=49568 cross_edge_reduction_ratio=0.167036 failed=0 rpc_timeouts=0 reverse_aggregate_batches=0 reverse_aggregate_logical_requests=0 reverse_aggregate_ops=0 avg_reverse_aggregate_logicals=0.000000 avg_reverse_aggregate_ops=0.000000 max_backlog=9 admission_window=65536 completion_outstanding=2 completion_incomplete=2 completed_behind_hole=0 completion_logical_full_failures=0 completion_physical_full_failures=0 pressure_yields=4423 stage2_batches=540 avg_stage2_batch_size=3.425926 packing_target_batch=8 packing_admit_queue_avg=3.427778 packing_admit_queue_max=9 packing_batch_1_7=501 packing_batch_8=39 packing_assembly_batches=540 packing_assembly_wait_ms=13267.674435 packing_arrival_interval_us=22459 packing_waited_batches=501 packing_wait_ms=12452.431000 packing_target_flushes=39 packing_deadline_flushes=501 packing_cleanup_flushes=0 stage2_phase_search_attempts=540 stage2_phase_search_task_attempts=1850 stage2_phase_search_elapsed_ms=46794.247649 avg_stage2_phase_search_us_per_task=25294.187918 stage2_phase_freeze_prune_attempts=551 stage2_phase_freeze_prune_task_attempts=1893 stage2_phase_freeze_prune_elapsed_ms=1246.718306 avg_stage2_phase_freeze_prune_us_per_task=658.593928 stage2_phase_reverse_prepare_attempts=540 stage2_phase_reverse_prepare_task_attempts=1850 stage2_phase_reverse_prepare_elapsed_ms=5216.799391 avg_stage2_phase_reverse_prepare_us_per_task=2819.891563 stage2_phase_placement_authority_attempts=540 stage2_phase_placement_authority_task_attempts=1850 stage2_phase_placement_authority_elapsed_ms=1335.903086 avg_stage2_phase_placement_authority_us_per_task=722.109776 stage2_phase_completion_handoff_attempts=540 stage2_phase_completion_handoff_task_attempts=1850 stage2_phase_completion_handoff_elapsed_ms=0.687719 avg_stage2_phase_completion_handoff_us_per_task=0.371740 stage2_phase_finalize_attempts=540 stage2_phase_finalize_task_attempts=1850 stage2_phase_finalize_elapsed_ms=2.595558 avg_stage2_phase_finalize_us_per_task=1.403004 maintenance_worker_idle_waits=179648 maintenance_worker_idle_ms=173574.358523 maintenance_lost_wake_avoided=27578 maintenance_targeted_wakes=376131 maintenance_generic_wakes=1852 maintenance_broadcast_wakes=0 maintenance_context_slots_scanned=1081472 maintenance_ready_notifications=206284 maintenance_ready_stale_notifications=0 maintenance_ready_tickets_drained=172262 maintenance_ready_overflow_scans=0 maintenance_ready_fallback_scans=67769 stage2_search_lane_lease_limit=32 stage2_search_lane_lease_peak=14 stage2_search_lane_lease_blocked=0 maintenance_worker_observed_idle_ratio=0.866844 maintenance_worker_observed_busy_ratio=0.133156 physical_stage1_items=1852 physical_stage1_total_ns=8466688596 physical_stage1_search_ns=8001141216 physical_stage1_prune_ns=308761499 physical_stage1_allocate_write_ns=111809689 physical_stage1_backlink_ns=39795589 physical_stage1_candidates=236991 physical_stage1_remote_frontier_items=10433801 physical_stage1_neighbors=67720 peer_stage1_enqueued=3006 peer_stage1_processed=3006 peer_stage1_items=2946 avg_peer_stage1_items=0.980040 peer_stage1_rate_per_sec=117.700425 peer_stage1_max_queue=5 peer_stage1_active_workers=0 peer_stage2_home_enqueued=126504 peer_stage2_home_processed=126504 peer_stage2_home_items=13656778 avg_peer_stage2_home_items=107.955306 peer_stage2_home_max_queue=18 peer_stage2_home_response_queue_drops=0 peer_stage2_home_response_send_wait_ms=835.194879 avg_peer_stage2_home_queue_wait_us=14.998970 avg_peer_stage2_home_execution_us=48.259562 peer_stage1_release_deferred_batches=63 peer_stage1_release_deferred_items=63 peer_stage1_duplicate_retry_responses=0 peer_stage1_admission_retry_responses=0 peer_stage1_retry_response_drops=0 peer_stage1_admission_waiters=0 peer_stage1_admission_waiter_items=0 peer_stage1_admission_owned_items=0 peer_stage1_admission_wake_coverage=0 peer_stage1_admission_parked=0 peer_stage1_admission_woken=0 peer_stage1_admission_reparked=0 peer_stage1_max_admission_waiters=0 peer_stage1_duplicate_coalesced=1 peer_reverse_enqueued=3528 peer_reverse_processed=3528 peer_reverse_remaining=0 peer_reverse_items_enqueued=85102 peer_reverse_items_processed=85102 peer_reverse_rate_per_sec=3400.048068 peer_reverse_failed=78 peer_reverse_max_queue=5 reclaim_pending=0 reclaim_reused=1661 dynamic_high_watermark=19602203552 stage2_remaining=2 cleanup_remaining=0 active_contexts=0 active_context_limit=32 repair_remaining=0 remaining=2
[STATUS]: storage-owner maintenance observation: enqueued=2034 stage2_enqueued=2034 cleanup_enqueued=0 stage2_tasks_done=2034 stage2_finalized_live=2034 cleanup_processed=0 stale=0 stage2_completion_ratio=1.000000 live_stage2_completion_ratio=1.000000 avg_stage2_delay_ms=167.343574 p99_stage2_delay_upper_ms=1000.000000 p99_stage2_delay_over_30s=false stage2_delay_histogram=0,0,0,0,0,0,237,837,600,278,82,0,0,0,0,0,0,0 max_stage2_delay_ms=681.938560 compaction_batch_target=32 compaction_max_delay_ms=25.000000 stage2_rate_per_sec=67.732753 stage1_search_budget_exhausted=0 stage2_search_budget_exhausted=0 stage2_continuations=2034 stage2_remote_frontier_items=11393924 avg_stage2_remote_frontier=5601.732547 stage2_remote_expansions=229372 avg_stage2_remote_expansions=112.768928 stage2_scored_candidates=17038665 avg_stage2_scored_candidates=8376.924779 stage2_graph_read_waves=53611 avg_stage2_expansions_per_graph_wave=4.278450 stage2_graph_unique_reads=234977 stage2_graph_prefetch_issued=159109 stage2_graph_prefetch_hits=153504 stage2_graph_prefetch_wasted=5605 stage2_graph_prefetch_promotion_ratio=0.964773 stage2_graph_issue_width_current=16 stage2_vector_read_waves=110655 avg_stage2_scores_per_vector_wave=153.980073 stage2_vector_unique_reads=15628856 stage2_home_rpc_batches=114456 stage2_home_rpc_items=11632759 avg_stage2_home_rpc_batch=101.635205 stage2_home_score_rpc_batches=46182 stage2_home_score_rpc_items=11397782 stage2_home_score_rpc_queries=203015 stage2_home_score_rpc_request_bytes=296058028 stage2_home_score_rpc_response_bytes=366590504 avg_stage2_home_score_queries_per_rpc=4.395977 avg_stage2_home_score_rpc_batch=246.801394 stage2_home_scored_neighbors=12807002 home_scores_per_expansion=1.100943 stage2_migrations=1825 home_match_rate=0.102753 stage2_final_edges=77473 stage2_cross_edges_stage1_home=65745 stage2_cross_edges_final_home=54838 cross_edge_reduction_ratio=0.165899 failed=0 rpc_timeouts=0 reverse_aggregate_batches=0 reverse_aggregate_logical_requests=0 reverse_aggregate_ops=0 avg_reverse_aggregate_logicals=0.000000 avg_reverse_aggregate_ops=0.000000 max_backlog=9 admission_window=65536 completion_outstanding=0 completion_incomplete=0 completed_behind_hole=0 completion_logical_full_failures=0 completion_physical_full_failures=0 pressure_yields=4423 stage2_batches=599 avg_stage2_batch_size=3.395659 packing_target_batch=8 packing_admit_queue_avg=3.397329 packing_admit_queue_max=9 packing_batch_1_7=559 packing_batch_8=40 packing_assembly_batches=599 packing_assembly_wait_ms=14744.656392 packing_arrival_interval_us=14384 packing_waited_batches=559 packing_wait_ms=13902.431000 packing_target_flushes=40 packing_deadline_flushes=559 packing_cleanup_flushes=0 stage2_phase_search_attempts=599 stage2_phase_search_task_attempts=2034 stage2_phase_search_elapsed_ms=49965.928232 avg_stage2_phase_search_us_per_task=24565.353113 stage2_phase_freeze_prune_attempts=610 stage2_phase_freeze_prune_task_attempts=2077 stage2_phase_freeze_prune_elapsed_ms=1333.520460 avg_stage2_phase_freeze_prune_us_per_task=642.041627 stage2_phase_reverse_prepare_attempts=599 stage2_phase_reverse_prepare_task_attempts=2034 stage2_phase_reverse_prepare_elapsed_ms=5537.803706 avg_stage2_phase_reverse_prepare_us_per_task=2722.617358 stage2_phase_placement_authority_attempts=599 stage2_phase_placement_authority_task_attempts=2034 stage2_phase_placement_authority_elapsed_ms=1377.661913 avg_stage2_phase_placement_authority_us_per_task=677.316575 stage2_phase_completion_handoff_attempts=599 stage2_phase_completion_handoff_task_attempts=2034 stage2_phase_completion_handoff_elapsed_ms=0.764980 avg_stage2_phase_completion_handoff_us_per_task=0.376096 stage2_phase_finalize_attempts=599 stage2_phase_finalize_task_attempts=2034 stage2_phase_finalize_elapsed_ms=2.860561 avg_stage2_phase_finalize_us_per_task=1.406372 maintenance_worker_idle_waits=200256 maintenance_worker_idle_ms=210683.267108 maintenance_lost_wake_avoided=28766 maintenance_targeted_wakes=402439 maintenance_generic_wakes=2034 maintenance_broadcast_wakes=0 maintenance_context_slots_scanned=1177024 maintenance_ready_notifications=229101 maintenance_ready_stale_notifications=0 maintenance_ready_tickets_drained=191958 maintenance_ready_overflow_scans=0 maintenance_ready_fallback_scans=73805 stage2_search_lane_lease_limit=32 stage2_search_lane_lease_peak=14 stage2_search_lane_lease_blocked=0 maintenance_worker_observed_idle_ratio=0.876976 maintenance_worker_observed_busy_ratio=0.123024 physical_stage1_items=2034 physical_stage1_total_ns=9217996996 physical_stage1_search_ns=8706998570 physical_stage1_prune_ns=339638322 physical_stage1_allocate_write_ns=122237617 physical_stage1_backlink_ns=43389898 physical_stage1_candidates=260280 physical_stage1_remote_frontier_items=11393924 physical_stage1_neighbors=74900 peer_stage1_enqueued=3313 peer_stage1_processed=3313 peer_stage1_items=3248 avg_peer_stage1_items=0.980380 peer_stage1_rate_per_sec=108.159283 peer_stage1_max_queue=5 peer_stage1_active_workers=0 peer_stage2_home_enqueued=139508 peer_stage2_home_processed=139508 peer_stage2_home_items=14948228 avg_peer_stage2_home_items=107.149611 peer_stage2_home_max_queue=18 peer_stage2_home_response_queue_drops=0 peer_stage2_home_response_send_wait_ms=915.532336 avg_peer_stage2_home_queue_wait_us=14.744852 avg_peer_stage2_home_execution_us=47.852079 peer_stage1_release_deferred_batches=68 peer_stage1_release_deferred_items=68 peer_stage1_duplicate_retry_responses=0 peer_stage1_admission_retry_responses=0 peer_stage1_retry_response_drops=0 peer_stage1_admission_waiters=0 peer_stage1_admission_waiter_items=0 peer_stage1_admission_owned_items=0 peer_stage1_admission_wake_coverage=0 peer_stage1_admission_parked=0 peer_stage1_admission_woken=0 peer_stage1_admission_reparked=0 peer_stage1_max_admission_waiters=0 peer_stage1_duplicate_coalesced=1 peer_reverse_enqueued=3912 peer_reverse_processed=3912 peer_reverse_remaining=0 peer_reverse_items_enqueued=94055 peer_reverse_items_processed=94055 peer_reverse_rate_per_sec=3132.057078 peer_reverse_failed=86 peer_reverse_max_queue=5 reclaim_pending=0 reclaim_reused=1825 dynamic_high_watermark=19602450560 stage2_remaining=0 cleanup_remaining=0 active_contexts=0 active_context_limit=32 repair_remaining=0 remaining=0
[STATUS]: storage-owner maintenance observation: enqueued=2034 stage2_enqueued=2034 cleanup_enqueued=0 stage2_tasks_done=2034 stage2_finalized_live=2034 cleanup_processed=0 stale=0 stage2_completion_ratio=1.000000 live_stage2_completion_ratio=1.000000 avg_stage2_delay_ms=167.343574 p99_stage2_delay_upper_ms=1000.000000 p99_stage2_delay_over_30s=false stage2_delay_histogram=0,0,0,0,0,0,237,837,600,278,82,0,0,0,0,0,0,0 max_stage2_delay_ms=681.938560 compaction_batch_target=32 compaction_max_delay_ms=25.000000 stage2_rate_per_sec=58.063424 stage1_search_budget_exhausted=0 stage2_search_budget_exhausted=0 stage2_continuations=2034 stage2_remote_frontier_items=11393924 avg_stage2_remote_frontier=5601.732547 stage2_remote_expansions=229372 avg_stage2_remote_expansions=112.768928 stage2_scored_candidates=17038665 avg_stage2_scored_candidates=8376.924779 stage2_graph_read_waves=53611 avg_stage2_expansions_per_graph_wave=4.278450 stage2_graph_unique_reads=234977 stage2_graph_prefetch_issued=159109 stage2_graph_prefetch_hits=153504 stage2_graph_prefetch_wasted=5605 stage2_graph_prefetch_promotion_ratio=0.964773 stage2_graph_issue_width_current=16 stage2_vector_read_waves=110655 avg_stage2_scores_per_vector_wave=153.980073 stage2_vector_unique_reads=15628856 stage2_home_rpc_batches=114456 stage2_home_rpc_items=11632759 avg_stage2_home_rpc_batch=101.635205 stage2_home_score_rpc_batches=46182 stage2_home_score_rpc_items=11397782 stage2_home_score_rpc_queries=203015 stage2_home_score_rpc_request_bytes=296058028 stage2_home_score_rpc_response_bytes=366590504 avg_stage2_home_score_queries_per_rpc=4.395977 avg_stage2_home_score_rpc_batch=246.801394 stage2_home_scored_neighbors=12807002 home_scores_per_expansion=1.100943 stage2_migrations=1825 home_match_rate=0.102753 stage2_final_edges=77473 stage2_cross_edges_stage1_home=65745 stage2_cross_edges_final_home=54838 cross_edge_reduction_ratio=0.165899 failed=0 rpc_timeouts=0 reverse_aggregate_batches=0 reverse_aggregate_logical_requests=0 reverse_aggregate_ops=0 avg_reverse_aggregate_logicals=0.000000 avg_reverse_aggregate_ops=0.000000 max_backlog=9 admission_window=65536 completion_outstanding=0 completion_incomplete=0 completed_behind_hole=0 completion_logical_full_failures=0 completion_physical_full_failures=0 pressure_yields=4423 stage2_batches=599 avg_stage2_batch_size=3.395659 packing_target_batch=8 packing_admit_queue_avg=3.397329 packing_admit_queue_max=9 packing_batch_1_7=559 packing_batch_8=40 packing_assembly_batches=599 packing_assembly_wait_ms=14744.656392 packing_arrival_interval_us=14384 packing_waited_batches=559 packing_wait_ms=13902.431000 packing_target_flushes=40 packing_deadline_flushes=559 packing_cleanup_flushes=0 stage2_phase_search_attempts=599 stage2_phase_search_task_attempts=2034 stage2_phase_search_elapsed_ms=49965.928232 avg_stage2_phase_search_us_per_task=24565.353113 stage2_phase_freeze_prune_attempts=610 stage2_phase_freeze_prune_task_attempts=2077 stage2_phase_freeze_prune_elapsed_ms=1333.520460 avg_stage2_phase_freeze_prune_us_per_task=642.041627 stage2_phase_reverse_prepare_attempts=599 stage2_phase_reverse_prepare_task_attempts=2034 stage2_phase_reverse_prepare_elapsed_ms=5537.803706 avg_stage2_phase_reverse_prepare_us_per_task=2722.617358 stage2_phase_placement_authority_attempts=599 stage2_phase_placement_authority_task_attempts=2034 stage2_phase_placement_authority_elapsed_ms=1377.661913 avg_stage2_phase_placement_authority_us_per_task=677.316575 stage2_phase_completion_handoff_attempts=599 stage2_phase_completion_handoff_task_attempts=2034 stage2_phase_completion_handoff_elapsed_ms=0.764980 avg_stage2_phase_completion_handoff_us_per_task=0.376096 stage2_phase_finalize_attempts=599 stage2_phase_finalize_task_attempts=2034 stage2_phase_finalize_elapsed_ms=2.860561 avg_stage2_phase_finalize_us_per_task=1.406372 maintenance_worker_idle_waits=204224 maintenance_worker_idle_ms=250596.998362 maintenance_lost_wake_avoided=28766 maintenance_targeted_wakes=402439 maintenance_generic_wakes=2034 maintenance_broadcast_wakes=0 maintenance_context_slots_scanned=1240512 maintenance_ready_notifications=229101 maintenance_ready_stale_notifications=0 maintenance_ready_tickets_drained=191958 maintenance_ready_overflow_scans=0 maintenance_ready_fallback_scans=77780 stage2_search_lane_lease_limit=32 stage2_search_lane_lease_peak=14 stage2_search_lane_lease_blocked=0 maintenance_worker_observed_idle_ratio=0.894206 maintenance_worker_observed_busy_ratio=0.105794 physical_stage1_items=2034 physical_stage1_total_ns=9217996996 physical_stage1_search_ns=8706998570 physical_stage1_prune_ns=339638322 physical_stage1_allocate_write_ns=122237617 physical_stage1_backlink_ns=43389898 physical_stage1_candidates=260280 physical_stage1_remote_frontier_items=11393924 physical_stage1_neighbors=74900 peer_stage1_enqueued=3313 peer_stage1_processed=3313 peer_stage1_items=3248 avg_peer_stage1_items=0.980380 peer_stage1_rate_per_sec=92.718781 peer_stage1_max_queue=5 peer_stage1_active_workers=0 peer_stage2_home_enqueued=139508 peer_stage2_home_processed=139508 peer_stage2_home_items=14948228 avg_peer_stage2_home_items=107.149611 peer_stage2_home_max_queue=18 peer_stage2_home_response_queue_drops=0 peer_stage2_home_response_send_wait_ms=915.532336 avg_peer_stage2_home_queue_wait_us=14.744852 avg_peer_stage2_home_execution_us=47.852079 peer_stage1_release_deferred_batches=68 peer_stage1_release_deferred_items=68 peer_stage1_duplicate_retry_responses=0 peer_stage1_admission_retry_responses=0 peer_stage1_retry_response_drops=0 peer_stage1_admission_waiters=0 peer_stage1_admission_waiter_items=0 peer_stage1_admission_owned_items=0 peer_stage1_admission_wake_coverage=0 peer_stage1_admission_parked=0 peer_stage1_admission_woken=0 peer_stage1_admission_reparked=0 peer_stage1_max_admission_waiters=0 peer_stage1_duplicate_coalesced=1 peer_reverse_enqueued=3912 peer_reverse_processed=3912 peer_reverse_remaining=0 peer_reverse_items_enqueued=94055 peer_reverse_items_processed=94055 peer_reverse_rate_per_sec=2684.933799 peer_reverse_failed=86 peer_reverse_max_queue=5 reclaim_pending=0 reclaim_reused=1825 dynamic_high_watermark=19602450560 stage2_remaining=0 cleanup_remaining=0 active_contexts=0 active_context_limit=32 repair_remaining=0 remaining=0
[STATUS]: storage-owner maintenance observation: enqueued=2034 stage2_enqueued=2034 cleanup_enqueued=0 stage2_tasks_done=2034 stage2_finalized_live=2034 cleanup_processed=0 stale=0 stage2_completion_ratio=1.000000 live_stage2_completion_ratio=1.000000 avg_stage2_delay_ms=167.343574 p99_stage2_delay_upper_ms=1000.000000 p99_stage2_delay_over_30s=false stage2_delay_histogram=0,0,0,0,0,0,237,837,600,278,82,0,0,0,0,0,0,0 max_stage2_delay_ms=681.938560 compaction_batch_target=32 compaction_max_delay_ms=25.000000 stage2_rate_per_sec=50.808056 stage1_search_budget_exhausted=0 stage2_search_budget_exhausted=0 stage2_continuations=2034 stage2_remote_frontier_items=11393924 avg_stage2_remote_frontier=5601.732547 stage2_remote_expansions=229372 avg_stage2_remote_expansions=112.768928 stage2_scored_candidates=17038665 avg_stage2_scored_candidates=8376.924779 stage2_graph_read_waves=53611 avg_stage2_expansions_per_graph_wave=4.278450 stage2_graph_unique_reads=234977 stage2_graph_prefetch_issued=159109 stage2_graph_prefetch_hits=153504 stage2_graph_prefetch_wasted=5605 stage2_graph_prefetch_promotion_ratio=0.964773 stage2_graph_issue_width_current=16 stage2_vector_read_waves=110655 avg_stage2_scores_per_vector_wave=153.980073 stage2_vector_unique_reads=15628856 stage2_home_rpc_batches=114456 stage2_home_rpc_items=11632759 avg_stage2_home_rpc_batch=101.635205 stage2_home_score_rpc_batches=46182 stage2_home_score_rpc_items=11397782 stage2_home_score_rpc_queries=203015 stage2_home_score_rpc_request_bytes=296058028 stage2_home_score_rpc_response_bytes=366590504 avg_stage2_home_score_queries_per_rpc=4.395977 avg_stage2_home_score_rpc_batch=246.801394 stage2_home_scored_neighbors=12807002 home_scores_per_expansion=1.100943 stage2_migrations=1825 home_match_rate=0.102753 stage2_final_edges=77473 stage2_cross_edges_stage1_home=65745 stage2_cross_edges_final_home=54838 cross_edge_reduction_ratio=0.165899 failed=0 rpc_timeouts=0 reverse_aggregate_batches=0 reverse_aggregate_logical_requests=0 reverse_aggregate_ops=0 avg_reverse_aggregate_logicals=0.000000 avg_reverse_aggregate_ops=0.000000 max_backlog=9 admission_window=65536 completion_outstanding=0 completion_incomplete=0 completed_behind_hole=0 completion_logical_full_failures=0 completion_physical_full_failures=0 pressure_yields=4423 stage2_batches=599 avg_stage2_batch_size=3.395659 packing_target_batch=8 packing_admit_queue_avg=3.397329 packing_admit_queue_max=9 packing_batch_1_7=559 packing_batch_8=40 packing_assembly_batches=599 packing_assembly_wait_ms=14744.656392 packing_arrival_interval_us=14384 packing_waited_batches=559 packing_wait_ms=13902.431000 packing_target_flushes=40 packing_deadline_flushes=559 packing_cleanup_flushes=0 stage2_phase_search_attempts=599 stage2_phase_search_task_attempts=2034 stage2_phase_search_elapsed_ms=49965.928232 avg_stage2_phase_search_us_per_task=24565.353113 stage2_phase_freeze_prune_attempts=610 stage2_phase_freeze_prune_task_attempts=2077 stage2_phase_freeze_prune_elapsed_ms=1333.520460 avg_stage2_phase_freeze_prune_us_per_task=642.041627 stage2_phase_reverse_prepare_attempts=599 stage2_phase_reverse_prepare_task_attempts=2034 stage2_phase_reverse_prepare_elapsed_ms=5537.803706 avg_stage2_phase_reverse_prepare_us_per_task=2722.617358 stage2_phase_placement_authority_attempts=599 stage2_phase_placement_authority_task_attempts=2034 stage2_phase_placement_authority_elapsed_ms=1377.661913 avg_stage2_phase_placement_authority_us_per_task=677.316575 stage2_phase_completion_handoff_attempts=599 stage2_phase_completion_handoff_task_attempts=2034 stage2_phase_completion_handoff_elapsed_ms=0.764980 avg_stage2_phase_completion_handoff_us_per_task=0.376096 stage2_phase_finalize_attempts=599 stage2_phase_finalize_task_attempts=2034 stage2_phase_finalize_elapsed_ms=2.860561 avg_stage2_phase_finalize_us_per_task=1.406372 maintenance_worker_idle_waits=208128 maintenance_worker_idle_ms=289868.093180 maintenance_lost_wake_avoided=28766 maintenance_targeted_wakes=402439 maintenance_generic_wakes=2034 maintenance_broadcast_wakes=0 maintenance_context_slots_scanned=1302976 maintenance_ready_notifications=229101 maintenance_ready_stale_notifications=0 maintenance_ready_tickets_drained=191958 maintenance_ready_overflow_scans=0 maintenance_ready_fallback_scans=81757 stage2_search_lane_lease_limit=32 stage2_search_lane_lease_peak=14 stage2_search_lane_lease_blocked=0 maintenance_worker_observed_idle_ratio=0.905091 maintenance_worker_observed_busy_ratio=0.094909 physical_stage1_items=2034 physical_stage1_total_ns=9217996996 physical_stage1_search_ns=8706998570 physical_stage1_prune_ns=339638322 physical_stage1_allocate_write_ns=122237617 physical_stage1_backlink_ns=43389898 physical_stage1_candidates=260280 physical_stage1_remote_frontier_items=11393924 physical_stage1_neighbors=74900 peer_stage1_enqueued=3313 peer_stage1_processed=3313 peer_stage1_items=3248 avg_peer_stage1_items=0.980380 peer_stage1_rate_per_sec=81.133022 peer_stage1_max_queue=5 peer_stage1_active_workers=0 peer_stage2_home_enqueued=139508 peer_stage2_home_processed=139508 peer_stage2_home_items=14948228 avg_peer_stage2_home_items=107.149611 peer_stage2_home_max_queue=18 peer_stage2_home_response_queue_drops=0 peer_stage2_home_response_send_wait_ms=915.532336 avg_peer_stage2_home_queue_wait_us=14.744852 avg_peer_stage2_home_execution_us=47.852079 peer_stage1_release_deferred_batches=68 peer_stage1_release_deferred_items=68 peer_stage1_duplicate_retry_responses=0 peer_stage1_admission_retry_responses=0 peer_stage1_retry_response_drops=0 peer_stage1_admission_waiters=0 peer_stage1_admission_waiter_items=0 peer_stage1_admission_owned_items=0 peer_stage1_admission_wake_coverage=0 peer_stage1_admission_parked=0 peer_stage1_admission_woken=0 peer_stage1_admission_reparked=0 peer_stage1_max_admission_waiters=0 peer_stage1_duplicate_coalesced=1 peer_reverse_enqueued=3912 peer_reverse_processed=3912 peer_reverse_remaining=0 peer_reverse_items_enqueued=94055 peer_reverse_items_processed=94055 peer_reverse_rate_per_sec=2349.435460 peer_reverse_failed=86 peer_reverse_max_queue=5 reclaim_pending=0 reclaim_reused=1825 dynamic_high_watermark=19602450560 stage2_remaining=0 cleanup_remaining=0 active_contexts=0 active_context_limit=32 repair_remaining=0 remaining=0
[STATUS]: storage-owner maintenance observation: enqueued=2034 stage2_enqueued=2034 cleanup_enqueued=0 stage2_tasks_done=2034 stage2_finalized_live=2034 cleanup_processed=0 stale=0 stage2_completion_ratio=1.000000 live_stage2_completion_ratio=1.000000 avg_stage2_delay_ms=167.343574 p99_stage2_delay_upper_ms=1000.000000 p99_stage2_delay_over_30s=false stage2_delay_histogram=0,0,0,0,0,0,237,837,600,278,82,0,0,0,0,0,0,0 max_stage2_delay_ms=681.938560 compaction_batch_target=32 compaction_max_delay_ms=25.000000 stage2_rate_per_sec=45.165375 stage1_search_budget_exhausted=0 stage2_search_budget_exhausted=0 stage2_continuations=2034 stage2_remote_frontier_items=11393924 avg_stage2_remote_frontier=5601.732547 stage2_remote_expansions=229372 avg_stage2_remote_expansions=112.768928 stage2_scored_candidates=17038665 avg_stage2_scored_candidates=8376.924779 stage2_graph_read_waves=53611 avg_stage2_expansions_per_graph_wave=4.278450 stage2_graph_unique_reads=234977 stage2_graph_prefetch_issued=159109 stage2_graph_prefetch_hits=153504 stage2_graph_prefetch_wasted=5605 stage2_graph_prefetch_promotion_ratio=0.964773 stage2_graph_issue_width_current=16 stage2_vector_read_waves=110655 avg_stage2_scores_per_vector_wave=153.980073 stage2_vector_unique_reads=15628856 stage2_home_rpc_batches=114456 stage2_home_rpc_items=11632759 avg_stage2_home_rpc_batch=101.635205 stage2_home_score_rpc_batches=46182 stage2_home_score_rpc_items=11397782 stage2_home_score_rpc_queries=203015 stage2_home_score_rpc_request_bytes=296058028 stage2_home_score_rpc_response_bytes=366590504 avg_stage2_home_score_queries_per_rpc=4.395977 avg_stage2_home_score_rpc_batch=246.801394 stage2_home_scored_neighbors=12807002 home_scores_per_expansion=1.100943 stage2_migrations=1825 home_match_rate=0.102753 stage2_final_edges=77473 stage2_cross_edges_stage1_home=65745 stage2_cross_edges_final_home=54838 cross_edge_reduction_ratio=0.165899 failed=0 rpc_timeouts=0 reverse_aggregate_batches=0 reverse_aggregate_logical_requests=0 reverse_aggregate_ops=0 avg_reverse_aggregate_logicals=0.000000 avg_reverse_aggregate_ops=0.000000 max_backlog=9 admission_window=65536 completion_outstanding=0 completion_incomplete=0 completed_behind_hole=0 completion_logical_full_failures=0 completion_physical_full_failures=0 pressure_yields=4423 stage2_batches=599 avg_stage2_batch_size=3.395659 packing_target_batch=8 packing_admit_queue_avg=3.397329 packing_admit_queue_max=9 packing_batch_1_7=559 packing_batch_8=40 packing_assembly_batches=599 packing_assembly_wait_ms=14744.656392 packing_arrival_interval_us=14384 packing_waited_batches=559 packing_wait_ms=13902.431000 packing_target_flushes=40 packing_deadline_flushes=559 packing_cleanup_flushes=0 stage2_phase_search_attempts=599 stage2_phase_search_task_attempts=2034 stage2_phase_search_elapsed_ms=49965.928232 avg_stage2_phase_search_us_per_task=24565.353113 stage2_phase_freeze_prune_attempts=610 stage2_phase_freeze_prune_task_attempts=2077 stage2_phase_freeze_prune_elapsed_ms=1333.520460 avg_stage2_phase_freeze_prune_us_per_task=642.041627 stage2_phase_reverse_prepare_attempts=599 stage2_phase_reverse_prepare_task_attempts=2034 stage2_phase_reverse_prepare_elapsed_ms=5537.803706 avg_stage2_phase_reverse_prepare_us_per_task=2722.617358 stage2_phase_placement_authority_attempts=599 stage2_phase_placement_authority_task_attempts=2034 stage2_phase_placement_authority_elapsed_ms=1377.661913 avg_stage2_phase_placement_authority_us_per_task=677.316575 stage2_phase_completion_handoff_attempts=599 stage2_phase_completion_handoff_task_attempts=2034 stage2_phase_completion_handoff_elapsed_ms=0.764980 avg_stage2_phase_completion_handoff_us_per_task=0.376096 stage2_phase_finalize_attempts=599 stage2_phase_finalize_task_attempts=2034 stage2_phase_finalize_elapsed_ms=2.860561 avg_stage2_phase_finalize_us_per_task=1.406372 maintenance_worker_idle_waits=212160 maintenance_worker_idle_ms=330426.784013 maintenance_lost_wake_avoided=28766 maintenance_targeted_wakes=402439 maintenance_generic_wakes=2034 maintenance_broadcast_wakes=0 maintenance_context_slots_scanned=1367488 maintenance_ready_notifications=229101 maintenance_ready_stale_notifications=0 maintenance_ready_tickets_drained=191958 maintenance_ready_overflow_scans=0 maintenance_ready_fallback_scans=85734 stage2_search_lane_lease_limit=32 stage2_search_lane_lease_peak=14 stage2_search_lane_lease_blocked=0 maintenance_worker_observed_idle_ratio=0.917149 maintenance_worker_observed_busy_ratio=0.082851 physical_stage1_items=2034 physical_stage1_total_ns=9217996996 physical_stage1_search_ns=8706998570 physical_stage1_prune_ns=339638322 physical_stage1_allocate_write_ns=122237617 physical_stage1_backlink_ns=43389898 physical_stage1_candidates=260280 physical_stage1_remote_frontier_items=11393924 physical_stage1_neighbors=74900 peer_stage1_enqueued=3313 peer_stage1_processed=3313 peer_stage1_items=3248 avg_peer_stage1_items=0.980380 peer_stage1_rate_per_sec=72.122486 peer_stage1_max_queue=5 peer_stage1_active_workers=0 peer_stage2_home_enqueued=139508 peer_stage2_home_processed=139508 peer_stage2_home_items=14948228 avg_peer_stage2_home_items=107.149611 peer_stage2_home_max_queue=18 peer_stage2_home_response_queue_drops=0 peer_stage2_home_response_send_wait_ms=915.532336 avg_peer_stage2_home_queue_wait_us=14.744852 avg_peer_stage2_home_execution_us=47.852079 peer_stage1_release_deferred_batches=68 peer_stage1_release_deferred_items=68 peer_stage1_duplicate_retry_responses=0 peer_stage1_admission_retry_responses=0 peer_stage1_retry_response_drops=0 peer_stage1_admission_waiters=0 peer_stage1_admission_waiter_items=0 peer_stage1_admission_owned_items=0 peer_stage1_admission_wake_coverage=0 peer_stage1_admission_parked=0 peer_stage1_admission_woken=0 peer_stage1_admission_reparked=0 peer_stage1_max_admission_waiters=0 peer_stage1_duplicate_coalesced=1 peer_reverse_enqueued=3912 peer_reverse_processed=3912 peer_reverse_remaining=0 peer_reverse_items_enqueued=94055 peer_reverse_items_processed=94055 peer_reverse_rate_per_sec=2088.509992 peer_reverse_failed=86 peer_reverse_max_queue=5 reclaim_pending=0 reclaim_reused=1825 dynamic_high_watermark=19602450560 stage2_remaining=0 cleanup_remaining=0 active_contexts=0 active_context_limit=32 repair_remaining=0 remaining=0
[STATUS]: storage-owner maintenance observation: enqueued=2034 stage2_enqueued=2034 cleanup_enqueued=0 stage2_tasks_done=2034 stage2_finalized_live=2034 cleanup_processed=0 stale=0 stage2_completion_ratio=1.000000 live_stage2_completion_ratio=1.000000 avg_stage2_delay_ms=167.343574 p99_stage2_delay_upper_ms=1000.000000 p99_stage2_delay_over_30s=false stage2_delay_histogram=0,0,0,0,0,0,237,837,600,278,82,0,0,0,0,0,0,0 max_stage2_delay_ms=681.938560 compaction_batch_target=32 compaction_max_delay_ms=25.000000 stage2_rate_per_sec=40.651243 stage1_search_budget_exhausted=0 stage2_search_budget_exhausted=0 stage2_continuations=2034 stage2_remote_frontier_items=11393924 avg_stage2_remote_frontier=5601.732547 stage2_remote_expansions=229372 avg_stage2_remote_expansions=112.768928 stage2_scored_candidates=17038665 avg_stage2_scored_candidates=8376.924779 stage2_graph_read_waves=53611 avg_stage2_expansions_per_graph_wave=4.278450 stage2_graph_unique_reads=234977 stage2_graph_prefetch_issued=159109 stage2_graph_prefetch_hits=153504 stage2_graph_prefetch_wasted=5605 stage2_graph_prefetch_promotion_ratio=0.964773 stage2_graph_issue_width_current=16 stage2_vector_read_waves=110655 avg_stage2_scores_per_vector_wave=153.980073 stage2_vector_unique_reads=15628856 stage2_home_rpc_batches=114456 stage2_home_rpc_items=11632759 avg_stage2_home_rpc_batch=101.635205 stage2_home_score_rpc_batches=46182 stage2_home_score_rpc_items=11397782 stage2_home_score_rpc_queries=203015 stage2_home_score_rpc_request_bytes=296058028 stage2_home_score_rpc_response_bytes=366590504 avg_stage2_home_score_queries_per_rpc=4.395977 avg_stage2_home_score_rpc_batch=246.801394 stage2_home_scored_neighbors=12807002 home_scores_per_expansion=1.100943 stage2_migrations=1825 home_match_rate=0.102753 stage2_final_edges=77473 stage2_cross_edges_stage1_home=65745 stage2_cross_edges_final_home=54838 cross_edge_reduction_ratio=0.165899 failed=0 rpc_timeouts=0 reverse_aggregate_batches=0 reverse_aggregate_logical_requests=0 reverse_aggregate_ops=0 avg_reverse_aggregate_logicals=0.000000 avg_reverse_aggregate_ops=0.000000 max_backlog=9 admission_window=65536 completion_outstanding=0 completion_incomplete=0 completed_behind_hole=0 completion_logical_full_failures=0 completion_physical_full_failures=0 pressure_yields=4423 stage2_batches=599 avg_stage2_batch_size=3.395659 packing_target_batch=8 packing_admit_queue_avg=3.397329 packing_admit_queue_max=9 packing_batch_1_7=559 packing_batch_8=40 packing_assembly_batches=599 packing_assembly_wait_ms=14744.656392 packing_arrival_interval_us=14384 packing_waited_batches=559 packing_wait_ms=13902.431000 packing_target_flushes=40 packing_deadline_flushes=559 packing_cleanup_flushes=0 stage2_phase_search_attempts=599 stage2_phase_search_task_attempts=2034 stage2_phase_search_elapsed_ms=49965.928232 avg_stage2_phase_search_us_per_task=24565.353113 stage2_phase_freeze_prune_attempts=610 stage2_phase_freeze_prune_task_attempts=2077 stage2_phase_freeze_prune_elapsed_ms=1333.520460 avg_stage2_phase_freeze_prune_us_per_task=642.041627 stage2_phase_reverse_prepare_attempts=599 stage2_phase_reverse_prepare_task_attempts=2034 stage2_phase_reverse_prepare_elapsed_ms=5537.803706 avg_stage2_phase_reverse_prepare_us_per_task=2722.617358 stage2_phase_placement_authority_attempts=599 stage2_phase_placement_authority_task_attempts=2034 stage2_phase_placement_authority_elapsed_ms=1377.661913 avg_stage2_phase_placement_authority_us_per_task=677.316575 stage2_phase_completion_handoff_attempts=599 stage2_phase_completion_handoff_task_attempts=2034 stage2_phase_completion_handoff_elapsed_ms=0.764980 avg_stage2_phase_completion_handoff_us_per_task=0.376096 stage2_phase_finalize_attempts=599 stage2_phase_finalize_task_attempts=2034 stage2_phase_finalize_elapsed_ms=2.860561 avg_stage2_phase_finalize_us_per_task=1.406372 maintenance_worker_idle_waits=216192 maintenance_worker_idle_ms=370985.802181 maintenance_lost_wake_avoided=28766 maintenance_targeted_wakes=402439 maintenance_generic_wakes=2034 maintenance_broadcast_wakes=0 maintenance_context_slots_scanned=1432000 maintenance_ready_notifications=229101 maintenance_ready_stale_notifications=0 maintenance_ready_tickets_drained=191958 maintenance_ready_overflow_scans=0 maintenance_ready_fallback_scans=89710 stage2_search_lane_lease_limit=32 stage2_search_lane_lease_peak=14 stage2_search_lane_lease_blocked=0 maintenance_worker_observed_idle_ratio=0.926809 maintenance_worker_observed_busy_ratio=0.073191 physical_stage1_items=2034 physical_stage1_total_ns=9217996996 physical_stage1_search_ns=8706998570 physical_stage1_prune_ns=339638322 physical_stage1_allocate_write_ns=122237617 physical_stage1_backlink_ns=43389898 physical_stage1_candidates=260280 physical_stage1_remote_frontier_items=11393924 physical_stage1_neighbors=74900 peer_stage1_enqueued=3313 peer_stage1_processed=3313 peer_stage1_items=3248 avg_peer_stage1_items=0.980380 peer_stage1_rate_per_sec=64.914079 peer_stage1_max_queue=5 peer_stage1_active_workers=0 peer_stage2_home_enqueued=139508 peer_stage2_home_processed=139508 peer_stage2_home_items=14948228 avg_peer_stage2_home_items=107.149611 peer_stage2_home_max_queue=18 peer_stage2_home_response_queue_drops=0 peer_stage2_home_response_send_wait_ms=915.532336 avg_peer_stage2_home_queue_wait_us=14.744852 avg_peer_stage2_home_execution_us=47.852079 peer_stage1_release_deferred_batches=68 peer_stage1_release_deferred_items=68 peer_stage1_duplicate_retry_responses=0 peer_stage1_admission_retry_responses=0 peer_stage1_retry_response_drops=0 peer_stage1_admission_waiters=0 peer_stage1_admission_waiter_items=0 peer_stage1_admission_owned_items=0 peer_stage1_admission_wake_coverage=0 peer_stage1_admission_parked=0 peer_stage1_admission_woken=0 peer_stage1_admission_reparked=0 peer_stage1_max_admission_waiters=0 peer_stage1_duplicate_coalesced=1 peer_reverse_enqueued=3912 peer_reverse_processed=3912 peer_reverse_remaining=0 peer_reverse_items_enqueued=94055 peer_reverse_items_processed=94055 peer_reverse_rate_per_sec=1879.770214 peer_reverse_failed=86 peer_reverse_max_queue=5 reclaim_pending=0 reclaim_reused=1825 dynamic_high_watermark=19602450560 stage2_remaining=0 cleanup_remaining=0 active_contexts=0 active_context_limit=32 repair_remaining=0 remaining=0
[STATUS]: storage-owner maintenance observation: enqueued=2034 stage2_enqueued=2034 cleanup_enqueued=0 stage2_tasks_done=2034 stage2_finalized_live=2034 cleanup_processed=0 stale=0 stage2_completion_ratio=1.000000 live_stage2_completion_ratio=1.000000 avg_stage2_delay_ms=167.343574 p99_stage2_delay_upper_ms=1000.000000 p99_stage2_delay_over_30s=false stage2_delay_histogram=0,0,0,0,0,0,237,837,600,278,82,0,0,0,0,0,0,0 max_stage2_delay_ms=681.938560 compaction_batch_target=32 compaction_max_delay_ms=25.000000 stage2_rate_per_sec=36.957871 stage1_search_budget_exhausted=0 stage2_search_budget_exhausted=0 stage2_continuations=2034 stage2_remote_frontier_items=11393924 avg_stage2_remote_frontier=5601.732547 stage2_remote_expansions=229372 avg_stage2_remote_expansions=112.768928 stage2_scored_candidates=17038665 avg_stage2_scored_candidates=8376.924779 stage2_graph_read_waves=53611 avg_stage2_expansions_per_graph_wave=4.278450 stage2_graph_unique_reads=234977 stage2_graph_prefetch_issued=159109 stage2_graph_prefetch_hits=153504 stage2_graph_prefetch_wasted=5605 stage2_graph_prefetch_promotion_ratio=0.964773 stage2_graph_issue_width_current=16 stage2_vector_read_waves=110655 avg_stage2_scores_per_vector_wave=153.980073 stage2_vector_unique_reads=15628856 stage2_home_rpc_batches=114456 stage2_home_rpc_items=11632759 avg_stage2_home_rpc_batch=101.635205 stage2_home_score_rpc_batches=46182 stage2_home_score_rpc_items=11397782 stage2_home_score_rpc_queries=203015 stage2_home_score_rpc_request_bytes=296058028 stage2_home_score_rpc_response_bytes=366590504 avg_stage2_home_score_queries_per_rpc=4.395977 avg_stage2_home_score_rpc_batch=246.801394 stage2_home_scored_neighbors=12807002 home_scores_per_expansion=1.100943 stage2_migrations=1825 home_match_rate=0.102753 stage2_final_edges=77473 stage2_cross_edges_stage1_home=65745 stage2_cross_edges_final_home=54838 cross_edge_reduction_ratio=0.165899 failed=0 rpc_timeouts=0 reverse_aggregate_batches=0 reverse_aggregate_logical_requests=0 reverse_aggregate_ops=0 avg_reverse_aggregate_logicals=0.000000 avg_reverse_aggregate_ops=0.000000 max_backlog=9 admission_window=65536 completion_outstanding=0 completion_incomplete=0 completed_behind_hole=0 completion_logical_full_failures=0 completion_physical_full_failures=0 pressure_yields=4423 stage2_batches=599 avg_stage2_batch_size=3.395659 packing_target_batch=8 packing_admit_queue_avg=3.397329 packing_admit_queue_max=9 packing_batch_1_7=559 packing_batch_8=40 packing_assembly_batches=599 packing_assembly_wait_ms=14744.656392 packing_arrival_interval_us=14384 packing_waited_batches=559 packing_wait_ms=13902.431000 packing_target_flushes=40 packing_deadline_flushes=559 packing_cleanup_flushes=0 stage2_phase_search_attempts=599 stage2_phase_search_task_attempts=2034 stage2_phase_search_elapsed_ms=49965.928232 avg_stage2_phase_search_us_per_task=24565.353113 stage2_phase_freeze_prune_attempts=610 stage2_phase_freeze_prune_task_attempts=2077 stage2_phase_freeze_prune_elapsed_ms=1333.520460 avg_stage2_phase_freeze_prune_us_per_task=642.041627 stage2_phase_reverse_prepare_attempts=599 stage2_phase_reverse_prepare_task_attempts=2034 stage2_phase_reverse_prepare_elapsed_ms=5537.803706 avg_stage2_phase_reverse_prepare_us_per_task=2722.617358 stage2_phase_placement_authority_attempts=599 stage2_phase_placement_authority_task_attempts=2034 stage2_phase_placement_authority_elapsed_ms=1377.661913 avg_stage2_phase_placement_authority_us_per_task=677.316575 stage2_phase_completion_handoff_attempts=599 stage2_phase_completion_handoff_task_attempts=2034 stage2_phase_completion_handoff_elapsed_ms=0.764980 avg_stage2_phase_completion_handoff_us_per_task=0.376096 stage2_phase_finalize_attempts=599 stage2_phase_finalize_task_attempts=2034 stage2_phase_finalize_elapsed_ms=2.860561 avg_stage2_phase_finalize_us_per_task=1.406372 maintenance_worker_idle_waits=220224 maintenance_worker_idle_ms=411544.577411 maintenance_lost_wake_avoided=28766 maintenance_targeted_wakes=402439 maintenance_generic_wakes=2034 maintenance_broadcast_wakes=0 maintenance_context_slots_scanned=1496512 maintenance_ready_notifications=229101 maintenance_ready_stale_notifications=0 maintenance_ready_tickets_drained=191958 maintenance_ready_overflow_scans=0 maintenance_ready_fallback_scans=93685 stage2_search_lane_lease_limit=32 stage2_search_lane_lease_peak=14 stage2_search_lane_lease_blocked=0 maintenance_worker_observed_idle_ratio=0.934723 maintenance_worker_observed_busy_ratio=0.065277 physical_stage1_items=2034 physical_stage1_total_ns=9217996996 physical_stage1_search_ns=8706998570 physical_stage1_prune_ns=339638322 physical_stage1_allocate_write_ns=122237617 physical_stage1_backlink_ns=43389898 physical_stage1_candidates=260280 physical_stage1_remote_frontier_items=11393924 physical_stage1_neighbors=74900 peer_stage1_enqueued=3313 peer_stage1_processed=3313 peer_stage1_items=3248 avg_peer_stage1_items=0.980380 peer_stage1_rate_per_sec=59.016305 peer_stage1_max_queue=5 peer_stage1_active_workers=0 peer_stage2_home_enqueued=139508 peer_stage2_home_processed=139508 peer_stage2_home_items=14948228 avg_peer_stage2_home_items=107.149611 peer_stage2_home_max_queue=18 peer_stage2_home_response_queue_drops=0 peer_stage2_home_response_send_wait_ms=915.532336 avg_peer_stage2_home_queue_wait_us=14.744852 avg_peer_stage2_home_execution_us=47.852079 peer_stage1_release_deferred_batches=68 peer_stage1_release_deferred_items=68 peer_stage1_duplicate_retry_responses=0 peer_stage1_admission_retry_responses=0 peer_stage1_retry_response_drops=0 peer_stage1_admission_waiters=0 peer_stage1_admission_waiter_items=0 peer_stage1_admission_owned_items=0 peer_stage1_admission_wake_coverage=0 peer_stage1_admission_parked=0 peer_stage1_admission_woken=0 peer_stage1_admission_reparked=0 peer_stage1_max_admission_waiters=0 peer_stage1_duplicate_coalesced=1 peer_reverse_enqueued=3912 peer_reverse_processed=3912 peer_reverse_remaining=0 peer_reverse_items_enqueued=94055 peer_reverse_items_processed=94055 peer_reverse_rate_per_sec=1708.983563 peer_reverse_failed=86 peer_reverse_max_queue=5 reclaim_pending=0 reclaim_reused=1825 dynamic_high_watermark=19602450560 stage2_remaining=0 cleanup_remaining=0 active_contexts=0 active_context_limit=32 repair_remaining=0 remaining=0
[STATUS]: storage-owner maintenance observation: enqueued=2034 stage2_enqueued=2034 cleanup_enqueued=0 stage2_tasks_done=2034 stage2_finalized_live=2034 cleanup_processed=0 stale=0 stage2_completion_ratio=1.000000 live_stage2_completion_ratio=1.000000 avg_stage2_delay_ms=167.343574 p99_stage2_delay_upper_ms=1000.000000 p99_stage2_delay_over_30s=false stage2_delay_histogram=0,0,0,0,0,0,237,837,600,278,82,0,0,0,0,0,0,0 max_stage2_delay_ms=681.938560 compaction_batch_target=32 compaction_max_delay_ms=25.000000 stage2_rate_per_sec=33.879092 stage1_search_budget_exhausted=0 stage2_search_budget_exhausted=0 stage2_continuations=2034 stage2_remote_frontier_items=11393924 avg_stage2_remote_frontier=5601.732547 stage2_remote_expansions=229372 avg_stage2_remote_expansions=112.768928 stage2_scored_candidates=17038665 avg_stage2_scored_candidates=8376.924779 stage2_graph_read_waves=53611 avg_stage2_expansions_per_graph_wave=4.278450 stage2_graph_unique_reads=234977 stage2_graph_prefetch_issued=159109 stage2_graph_prefetch_hits=153504 stage2_graph_prefetch_wasted=5605 stage2_graph_prefetch_promotion_ratio=0.964773 stage2_graph_issue_width_current=16 stage2_vector_read_waves=110655 avg_stage2_scores_per_vector_wave=153.980073 stage2_vector_unique_reads=15628856 stage2_home_rpc_batches=114456 stage2_home_rpc_items=11632759 avg_stage2_home_rpc_batch=101.635205 stage2_home_score_rpc_batches=46182 stage2_home_score_rpc_items=11397782 stage2_home_score_rpc_queries=203015 stage2_home_score_rpc_request_bytes=296058028 stage2_home_score_rpc_response_bytes=366590504 avg_stage2_home_score_queries_per_rpc=4.395977 avg_stage2_home_score_rpc_batch=246.801394 stage2_home_scored_neighbors=12807002 home_scores_per_expansion=1.100943 stage2_migrations=1825 home_match_rate=0.102753 stage2_final_edges=77473 stage2_cross_edges_stage1_home=65745 stage2_cross_edges_final_home=54838 cross_edge_reduction_ratio=0.165899 failed=0 rpc_timeouts=0 reverse_aggregate_batches=0 reverse_aggregate_logical_requests=0 reverse_aggregate_ops=0 avg_reverse_aggregate_logicals=0.000000 avg_reverse_aggregate_ops=0.000000 max_backlog=9 admission_window=65536 completion_outstanding=0 completion_incomplete=0 completed_behind_hole=0 completion_logical_full_failures=0 completion_physical_full_failures=0 pressure_yields=4423 stage2_batches=599 avg_stage2_batch_size=3.395659 packing_target_batch=8 packing_admit_queue_avg=3.397329 packing_admit_queue_max=9 packing_batch_1_7=559 packing_batch_8=40 packing_assembly_batches=599 packing_assembly_wait_ms=14744.656392 packing_arrival_interval_us=14384 packing_waited_batches=559 packing_wait_ms=13902.431000 packing_target_flushes=40 packing_deadline_flushes=559 packing_cleanup_flushes=0 stage2_phase_search_attempts=599 stage2_phase_search_task_attempts=2034 stage2_phase_search_elapsed_ms=49965.928232 avg_stage2_phase_search_us_per_task=24565.353113 stage2_phase_freeze_prune_attempts=610 stage2_phase_freeze_prune_task_attempts=2077 stage2_phase_freeze_prune_elapsed_ms=1333.520460 avg_stage2_phase_freeze_prune_us_per_task=642.041627 stage2_phase_reverse_prepare_attempts=599 stage2_phase_reverse_prepare_task_attempts=2034 stage2_phase_reverse_prepare_elapsed_ms=5537.803706 avg_stage2_phase_reverse_prepare_us_per_task=2722.617358 stage2_phase_placement_authority_attempts=599 stage2_phase_placement_authority_task_attempts=2034 stage2_phase_placement_authority_elapsed_ms=1377.661913 avg_stage2_phase_placement_authority_us_per_task=677.316575 stage2_phase_completion_handoff_attempts=599 stage2_phase_completion_handoff_task_attempts=2034 stage2_phase_completion_handoff_elapsed_ms=0.764980 avg_stage2_phase_completion_handoff_us_per_task=0.376096 stage2_phase_finalize_attempts=599 stage2_phase_finalize_task_attempts=2034 stage2_phase_finalize_elapsed_ms=2.860561 avg_stage2_phase_finalize_us_per_task=1.406372 maintenance_worker_idle_waits=224000 maintenance_worker_idle_ms=449528.910168 maintenance_lost_wake_avoided=28766 maintenance_targeted_wakes=402439 maintenance_generic_wakes=2034 maintenance_broadcast_wakes=0 maintenance_context_slots_scanned=1556928 maintenance_ready_notifications=229101 maintenance_ready_stale_notifications=0 maintenance_ready_tickets_drained=191958 maintenance_ready_overflow_scans=0 maintenance_ready_fallback_scans=97660 stage2_search_lane_lease_limit=32 stage2_search_lane_lease_peak=14 stage2_search_lane_lease_blocked=0 maintenance_worker_observed_idle_ratio=0.935941 maintenance_worker_observed_busy_ratio=0.064059 physical_stage1_items=2034 physical_stage1_total_ns=9217996996 physical_stage1_search_ns=8706998570 physical_stage1_prune_ns=339638322 physical_stage1_allocate_write_ns=122237617 physical_stage1_backlink_ns=43389898 physical_stage1_candidates=260280 physical_stage1_remote_frontier_items=11393924 physical_stage1_neighbors=74900 peer_stage1_enqueued=3313 peer_stage1_processed=3313 peer_stage1_items=3248 avg_peer_stage1_items=0.980380 peer_stage1_rate_per_sec=54.099946 peer_stage1_max_queue=5 peer_stage1_active_workers=0 peer_stage2_home_enqueued=139508 peer_stage2_home_processed=139508 peer_stage2_home_items=14948228 avg_peer_stage2_home_items=107.149611 peer_stage2_home_max_queue=18 peer_stage2_home_response_queue_drops=0 peer_stage2_home_response_send_wait_ms=915.532336 avg_peer_stage2_home_queue_wait_us=14.744852 avg_peer_stage2_home_execution_us=47.852079 peer_stage1_release_deferred_batches=68 peer_stage1_release_deferred_items=68 peer_stage1_duplicate_retry_responses=0 peer_stage1_admission_retry_responses=0 peer_stage1_retry_response_drops=0 peer_stage1_admission_waiters=0 peer_stage1_admission_waiter_items=0 peer_stage1_admission_owned_items=0 peer_stage1_admission_wake_coverage=0 peer_stage1_admission_parked=0 peer_stage1_admission_woken=0 peer_stage1_admission_reparked=0 peer_stage1_max_admission_waiters=0 peer_stage1_duplicate_coalesced=1 peer_reverse_enqueued=3912 peer_reverse_processed=3912 peer_reverse_remaining=0 peer_reverse_items_enqueued=94055 peer_reverse_items_processed=94055 peer_reverse_rate_per_sec=1566.616500 peer_reverse_failed=86 peer_reverse_max_queue=5 reclaim_pending=0 reclaim_reused=1825 dynamic_high_watermark=19602450560 stage2_remaining=0 cleanup_remaining=0 active_contexts=0 active_context_limit=32 repair_remaining=0 remaining=0
[STATUS]: storage-owner maintenance observation: enqueued=2034 stage2_enqueued=2034 cleanup_enqueued=0 stage2_tasks_done=2034 stage2_finalized_live=2034 cleanup_processed=0 stale=0 stage2_completion_ratio=1.000000 live_stage2_completion_ratio=1.000000 avg_stage2_delay_ms=167.343574 p99_stage2_delay_upper_ms=1000.000000 p99_stage2_delay_over_30s=false stage2_delay_histogram=0,0,0,0,0,0,237,837,600,278,82,0,0,0,0,0,0,0 max_stage2_delay_ms=681.938560 compaction_batch_target=32 compaction_max_delay_ms=25.000000 stage2_rate_per_sec=31.273266 stage1_search_budget_exhausted=0 stage2_search_budget_exhausted=0 stage2_continuations=2034 stage2_remote_frontier_items=11393924 avg_stage2_remote_frontier=5601.732547 stage2_remote_expansions=229372 avg_stage2_remote_expansions=112.768928 stage2_scored_candidates=17038665 avg_stage2_scored_candidates=8376.924779 stage2_graph_read_waves=53611 avg_stage2_expansions_per_graph_wave=4.278450 stage2_graph_unique_reads=234977 stage2_graph_prefetch_issued=159109 stage2_graph_prefetch_hits=153504 stage2_graph_prefetch_wasted=5605 stage2_graph_prefetch_promotion_ratio=0.964773 stage2_graph_issue_width_current=16 stage2_vector_read_waves=110655 avg_stage2_scores_per_vector_wave=153.980073 stage2_vector_unique_reads=15628856 stage2_home_rpc_batches=114456 stage2_home_rpc_items=11632759 avg_stage2_home_rpc_batch=101.635205 stage2_home_score_rpc_batches=46182 stage2_home_score_rpc_items=11397782 stage2_home_score_rpc_queries=203015 stage2_home_score_rpc_request_bytes=296058028 stage2_home_score_rpc_response_bytes=366590504 avg_stage2_home_score_queries_per_rpc=4.395977 avg_stage2_home_score_rpc_batch=246.801394 stage2_home_scored_neighbors=12807002 home_scores_per_expansion=1.100943 stage2_migrations=1825 home_match_rate=0.102753 stage2_final_edges=77473 stage2_cross_edges_stage1_home=65745 stage2_cross_edges_final_home=54838 cross_edge_reduction_ratio=0.165899 failed=0 rpc_timeouts=0 reverse_aggregate_batches=0 reverse_aggregate_logical_requests=0 reverse_aggregate_ops=0 avg_reverse_aggregate_logicals=0.000000 avg_reverse_aggregate_ops=0.000000 max_backlog=9 admission_window=65536 completion_outstanding=0 completion_incomplete=0 completed_behind_hole=0 completion_logical_full_failures=0 completion_physical_full_failures=0 pressure_yields=4423 stage2_batches=599 avg_stage2_batch_size=3.395659 packing_target_batch=8 packing_admit_queue_avg=3.397329 packing_admit_queue_max=9 packing_batch_1_7=559 packing_batch_8=40 packing_assembly_batches=599 packing_assembly_wait_ms=14744.656392 packing_arrival_interval_us=14384 packing_waited_batches=559 packing_wait_ms=13902.431000 packing_target_flushes=40 packing_deadline_flushes=559 packing_cleanup_flushes=0 stage2_phase_search_attempts=599 stage2_phase_search_task_attempts=2034 stage2_phase_search_elapsed_ms=49965.928232 avg_stage2_phase_search_us_per_task=24565.353113 stage2_phase_freeze_prune_attempts=610 stage2_phase_freeze_prune_task_attempts=2077 stage2_phase_freeze_prune_elapsed_ms=1333.520460 avg_stage2_phase_freeze_prune_us_per_task=642.041627 stage2_phase_reverse_prepare_attempts=599 stage2_phase_reverse_prepare_task_attempts=2034 stage2_phase_reverse_prepare_elapsed_ms=5537.803706 avg_stage2_phase_reverse_prepare_us_per_task=2722.617358 stage2_phase_placement_authority_attempts=599 stage2_phase_placement_authority_task_attempts=2034 stage2_phase_placement_authority_elapsed_ms=1377.661913 avg_stage2_phase_placement_authority_us_per_task=677.316575 stage2_phase_completion_handoff_attempts=599 stage2_phase_completion_handoff_task_attempts=2034 stage2_phase_completion_handoff_elapsed_ms=0.764980 avg_stage2_phase_completion_handoff_us_per_task=0.376096 stage2_phase_finalize_attempts=599 stage2_phase_finalize_task_attempts=2034 stage2_phase_finalize_elapsed_ms=2.860561 avg_stage2_phase_finalize_us_per_task=1.406372 maintenance_worker_idle_waits=228096 maintenance_worker_idle_ms=490731.206665 maintenance_lost_wake_avoided=28766 maintenance_targeted_wakes=402439 maintenance_generic_wakes=2034 maintenance_broadcast_wakes=0 maintenance_context_slots_scanned=1622464 maintenance_ready_notifications=229101 maintenance_ready_stale_notifications=0 maintenance_ready_tickets_drained=191958 maintenance_ready_overflow_scans=0 maintenance_ready_fallback_scans=101637 stage2_search_lane_lease_limit=32 stage2_search_lane_lease_peak=14 stage2_search_lane_lease_blocked=0 maintenance_worker_observed_idle_ratio=0.943140 maintenance_worker_observed_busy_ratio=0.056860 physical_stage1_items=2034 physical_stage1_total_ns=9217996996 physical_stage1_search_ns=8706998570 physical_stage1_prune_ns=339638322 physical_stage1_allocate_write_ns=122237617 physical_stage1_backlink_ns=43389898 physical_stage1_candidates=260280 physical_stage1_remote_frontier_items=11393924 physical_stage1_neighbors=74900 peer_stage1_enqueued=3313 peer_stage1_processed=3313 peer_stage1_items=3248 avg_peer_stage1_items=0.980380 peer_stage1_rate_per_sec=49.938825 peer_stage1_max_queue=5 peer_stage1_active_workers=0 peer_stage2_home_enqueued=139508 peer_stage2_home_processed=139508 peer_stage2_home_items=14948228 avg_peer_stage2_home_items=107.149611 peer_stage2_home_max_queue=18 peer_stage2_home_response_queue_drops=0 peer_stage2_home_response_send_wait_ms=915.532336 avg_peer_stage2_home_queue_wait_us=14.744852 avg_peer_stage2_home_execution_us=47.852079 peer_stage1_release_deferred_batches=68 peer_stage1_release_deferred_items=68 peer_stage1_duplicate_retry_responses=0 peer_stage1_admission_retry_responses=0 peer_stage1_retry_response_drops=0 peer_stage1_admission_waiters=0 peer_stage1_admission_waiter_items=0 peer_stage1_admission_owned_items=0 peer_stage1_admission_wake_coverage=0 peer_stage1_admission_parked=0 peer_stage1_admission_woken=0 peer_stage1_admission_reparked=0 peer_stage1_max_admission_waiters=0 peer_stage1_duplicate_coalesced=1 peer_reverse_enqueued=3912 peer_reverse_processed=3912 peer_reverse_remaining=0 peer_reverse_items_enqueued=94055 peer_reverse_items_processed=94055 peer_reverse_rate_per_sec=1446.119501 peer_reverse_failed=86 peer_reverse_max_queue=5 reclaim_pending=0 reclaim_reused=1825 dynamic_high_watermark=19602450560 stage2_remaining=0 cleanup_remaining=0 active_contexts=0 active_context_limit=32 repair_remaining=0 remaining=0
[STATUS]: storage-owner maintenance observation: enqueued=2034 stage2_enqueued=2034 cleanup_enqueued=0 stage2_tasks_done=2034 stage2_finalized_live=2034 cleanup_processed=0 stale=0 stage2_completion_ratio=1.000000 live_stage2_completion_ratio=1.000000 avg_stage2_delay_ms=167.343574 p99_stage2_delay_upper_ms=1000.000000 p99_stage2_delay_over_30s=false stage2_delay_histogram=0,0,0,0,0,0,237,837,600,278,82,0,0,0,0,0,0,0 max_stage2_delay_ms=681.938560 compaction_batch_target=32 compaction_max_delay_ms=25.000000 stage2_rate_per_sec=29.039999 stage1_search_budget_exhausted=0 stage2_search_budget_exhausted=0 stage2_continuations=2034 stage2_remote_frontier_items=11393924 avg_stage2_remote_frontier=5601.732547 stage2_remote_expansions=229372 avg_stage2_remote_expansions=112.768928 stage2_scored_candidates=17038665 avg_stage2_scored_candidates=8376.924779 stage2_graph_read_waves=53611 avg_stage2_expansions_per_graph_wave=4.278450 stage2_graph_unique_reads=234977 stage2_graph_prefetch_issued=159109 stage2_graph_prefetch_hits=153504 stage2_graph_prefetch_wasted=5605 stage2_graph_prefetch_promotion_ratio=0.964773 stage2_graph_issue_width_current=16 stage2_vector_read_waves=110655 avg_stage2_scores_per_vector_wave=153.980073 stage2_vector_unique_reads=15628856 stage2_home_rpc_batches=114456 stage2_home_rpc_items=11632759 avg_stage2_home_rpc_batch=101.635205 stage2_home_score_rpc_batches=46182 stage2_home_score_rpc_items=11397782 stage2_home_score_rpc_queries=203015 stage2_home_score_rpc_request_bytes=296058028 stage2_home_score_rpc_response_bytes=366590504 avg_stage2_home_score_queries_per_rpc=4.395977 avg_stage2_home_score_rpc_batch=246.801394 stage2_home_scored_neighbors=12807002 home_scores_per_expansion=1.100943 stage2_migrations=1825 home_match_rate=0.102753 stage2_final_edges=77473 stage2_cross_edges_stage1_home=65745 stage2_cross_edges_final_home=54838 cross_edge_reduction_ratio=0.165899 failed=0 rpc_timeouts=0 reverse_aggregate_batches=0 reverse_aggregate_logical_requests=0 reverse_aggregate_ops=0 avg_reverse_aggregate_logicals=0.000000 avg_reverse_aggregate_ops=0.000000 max_backlog=9 admission_window=65536 completion_outstanding=0 completion_incomplete=0 completed_behind_hole=0 completion_logical_full_failures=0 completion_physical_full_failures=0 pressure_yields=4423 stage2_batches=599 avg_stage2_batch_size=3.395659 packing_target_batch=8 packing_admit_queue_avg=3.397329 packing_admit_queue_max=9 packing_batch_1_7=559 packing_batch_8=40 packing_assembly_batches=599 packing_assembly_wait_ms=14744.656392 packing_arrival_interval_us=14384 packing_waited_batches=559 packing_wait_ms=13902.431000 packing_target_flushes=40 packing_deadline_flushes=559 packing_cleanup_flushes=0 stage2_phase_search_attempts=599 stage2_phase_search_task_attempts=2034 stage2_phase_search_elapsed_ms=49965.928232 avg_stage2_phase_search_us_per_task=24565.353113 stage2_phase_freeze_prune_attempts=610 stage2_phase_freeze_prune_task_attempts=2077 stage2_phase_freeze_prune_elapsed_ms=1333.520460 avg_stage2_phase_freeze_prune_us_per_task=642.041627 stage2_phase_reverse_prepare_attempts=599 stage2_phase_reverse_prepare_task_attempts=2034 stage2_phase_reverse_prepare_elapsed_ms=5537.803706 avg_stage2_phase_reverse_prepare_us_per_task=2722.617358 stage2_phase_placement_authority_attempts=599 stage2_phase_placement_authority_task_attempts=2034 stage2_phase_placement_authority_elapsed_ms=1377.661913 avg_stage2_phase_placement_authority_us_per_task=677.316575 stage2_phase_completion_handoff_attempts=599 stage2_phase_completion_handoff_task_attempts=2034 stage2_phase_completion_handoff_elapsed_ms=0.764980 avg_stage2_phase_completion_handoff_us_per_task=0.376096 stage2_phase_finalize_attempts=599 stage2_phase_finalize_task_attempts=2034 stage2_phase_finalize_elapsed_ms=2.860561 avg_stage2_phase_finalize_us_per_task=1.406372 maintenance_worker_idle_waits=232064 maintenance_worker_idle_ms=530648.698753 maintenance_lost_wake_avoided=28766 maintenance_targeted_wakes=402439 maintenance_generic_wakes=2034 maintenance_broadcast_wakes=0 maintenance_context_slots_scanned=1685952 maintenance_ready_notifications=229101 maintenance_ready_stale_notifications=0 maintenance_ready_tickets_drained=191958 maintenance_ready_overflow_scans=0 maintenance_ready_fallback_scans=105614 stage2_search_lane_lease_limit=32 stage2_search_lane_lease_peak=14 stage2_search_lane_lease_blocked=0 maintenance_worker_observed_idle_ratio=0.947028 maintenance_worker_observed_busy_ratio=0.052972 physical_stage1_items=2034 physical_stage1_total_ns=9217996996 physical_stage1_search_ns=8706998570 physical_stage1_prune_ns=339638322 physical_stage1_allocate_write_ns=122237617 physical_stage1_backlink_ns=43389898 physical_stage1_candidates=260280 physical_stage1_remote_frontier_items=11393924 physical_stage1_neighbors=74900 peer_stage1_enqueued=3313 peer_stage1_processed=3313 peer_stage1_items=3248 avg_peer_stage1_items=0.980380 peer_stage1_rate_per_sec=46.372623 peer_stage1_max_queue=5 peer_stage1_active_workers=0 peer_stage2_home_enqueued=139508 peer_stage2_home_processed=139508 peer_stage2_home_items=14948228 avg_peer_stage2_home_items=107.149611 peer_stage2_home_max_queue=18 peer_stage2_home_response_queue_drops=0 peer_stage2_home_response_send_wait_ms=915.532336 avg_peer_stage2_home_queue_wait_us=14.744852 avg_peer_stage2_home_execution_us=47.852079 peer_stage1_release_deferred_batches=68 peer_stage1_release_deferred_items=68 peer_stage1_duplicate_retry_responses=0 peer_stage1_admission_retry_responses=0 peer_stage1_retry_response_drops=0 peer_stage1_admission_waiters=0 peer_stage1_admission_waiter_items=0 peer_stage1_admission_owned_items=0 peer_stage1_admission_wake_coverage=0 peer_stage1_admission_parked=0 peer_stage1_admission_woken=0 peer_stage1_admission_reparked=0 peer_stage1_max_admission_waiters=0 peer_stage1_duplicate_coalesced=1 peer_reverse_enqueued=3912 peer_reverse_processed=3912 peer_reverse_remaining=0 peer_reverse_items_enqueued=94055 peer_reverse_items_processed=94055 peer_reverse_rate_per_sec=1342.850084 peer_reverse_failed=86 peer_reverse_max_queue=5 reclaim_pending=0 reclaim_reused=1825 dynamic_high_watermark=19602450560 stage2_remaining=0 cleanup_remaining=0 active_contexts=0 active_context_limit=32 repair_remaining=0 remaining=0
[STATUS]: storage-owner maintenance observation: enqueued=2034 stage2_enqueued=2034 cleanup_enqueued=0 stage2_tasks_done=2034 stage2_finalized_live=2034 cleanup_processed=0 stale=0 stage2_completion_ratio=1.000000 live_stage2_completion_ratio=1.000000 avg_stage2_delay_ms=167.343574 p99_stage2_delay_upper_ms=1000.000000 p99_stage2_delay_over_30s=false stage2_delay_histogram=0,0,0,0,0,0,237,837,600,278,82,0,0,0,0,0,0,0 max_stage2_delay_ms=681.938560 compaction_batch_target=32 compaction_max_delay_ms=25.000000 stage2_rate_per_sec=27.104919 stage1_search_budget_exhausted=0 stage2_search_budget_exhausted=0 stage2_continuations=2034 stage2_remote_frontier_items=11393924 avg_stage2_remote_frontier=5601.732547 stage2_remote_expansions=229372 avg_stage2_remote_expansions=112.768928 stage2_scored_candidates=17038665 avg_stage2_scored_candidates=8376.924779 stage2_graph_read_waves=53611 avg_stage2_expansions_per_graph_wave=4.278450 stage2_graph_unique_reads=234977 stage2_graph_prefetch_issued=159109 stage2_graph_prefetch_hits=153504 stage2_graph_prefetch_wasted=5605 stage2_graph_prefetch_promotion_ratio=0.964773 stage2_graph_issue_width_current=16 stage2_vector_read_waves=110655 avg_stage2_scores_per_vector_wave=153.980073 stage2_vector_unique_reads=15628856 stage2_home_rpc_batches=114456 stage2_home_rpc_items=11632759 avg_stage2_home_rpc_batch=101.635205 stage2_home_score_rpc_batches=46182 stage2_home_score_rpc_items=11397782 stage2_home_score_rpc_queries=203015 stage2_home_score_rpc_request_bytes=296058028 stage2_home_score_rpc_response_bytes=366590504 avg_stage2_home_score_queries_per_rpc=4.395977 avg_stage2_home_score_rpc_batch=246.801394 stage2_home_scored_neighbors=12807002 home_scores_per_expansion=1.100943 stage2_migrations=1825 home_match_rate=0.102753 stage2_final_edges=77473 stage2_cross_edges_stage1_home=65745 stage2_cross_edges_final_home=54838 cross_edge_reduction_ratio=0.165899 failed=0 rpc_timeouts=0 reverse_aggregate_batches=0 reverse_aggregate_logical_requests=0 reverse_aggregate_ops=0 avg_reverse_aggregate_logicals=0.000000 avg_reverse_aggregate_ops=0.000000 max_backlog=9 admission_window=65536 completion_outstanding=0 completion_incomplete=0 completed_behind_hole=0 completion_logical_full_failures=0 completion_physical_full_failures=0 pressure_yields=4423 stage2_batches=599 avg_stage2_batch_size=3.395659 packing_target_batch=8 packing_admit_queue_avg=3.397329 packing_admit_queue_max=9 packing_batch_1_7=559 packing_batch_8=40 packing_assembly_batches=599 packing_assembly_wait_ms=14744.656392 packing_arrival_interval_us=14384 packing_waited_batches=559 packing_wait_ms=13902.431000 packing_target_flushes=40 packing_deadline_flushes=559 packing_cleanup_flushes=0 stage2_phase_search_attempts=599 stage2_phase_search_task_attempts=2034 stage2_phase_search_elapsed_ms=49965.928232 avg_stage2_phase_search_us_per_task=24565.353113 stage2_phase_freeze_prune_attempts=610 stage2_phase_freeze_prune_task_attempts=2077 stage2_phase_freeze_prune_elapsed_ms=1333.520460 avg_stage2_phase_freeze_prune_us_per_task=642.041627 stage2_phase_reverse_prepare_attempts=599 stage2_phase_reverse_prepare_task_attempts=2034 stage2_phase_reverse_prepare_elapsed_ms=5537.803706 avg_stage2_phase_reverse_prepare_us_per_task=2722.617358 stage2_phase_placement_authority_attempts=599 stage2_phase_placement_authority_task_attempts=2034 stage2_phase_placement_authority_elapsed_ms=1377.661913 avg_stage2_phase_placement_authority_us_per_task=677.316575 stage2_phase_completion_handoff_attempts=599 stage2_phase_completion_handoff_task_attempts=2034 stage2_phase_completion_handoff_elapsed_ms=0.764980 avg_stage2_phase_completion_handoff_us_per_task=0.376096 stage2_phase_finalize_attempts=599 stage2_phase_finalize_task_attempts=2034 stage2_phase_finalize_elapsed_ms=2.860561 avg_stage2_phase_finalize_us_per_task=1.406372 maintenance_worker_idle_waits=236096 maintenance_worker_idle_ms=571208.762684 maintenance_lost_wake_avoided=28766 maintenance_targeted_wakes=402439 maintenance_generic_wakes=2034 maintenance_broadcast_wakes=0 maintenance_context_slots_scanned=1750464 maintenance_ready_notifications=229101 maintenance_ready_stale_notifications=0 maintenance_ready_tickets_drained=191958 maintenance_ready_overflow_scans=0 maintenance_ready_fallback_scans=109589 stage2_search_lane_lease_limit=32 stage2_search_lane_lease_peak=14 stage2_search_lane_lease_blocked=0 maintenance_worker_observed_idle_ratio=0.951485 maintenance_worker_observed_busy_ratio=0.048515 physical_stage1_items=2034 physical_stage1_total_ns=9217996996 physical_stage1_search_ns=8706998570 physical_stage1_prune_ns=339638322 physical_stage1_allocate_write_ns=122237617 physical_stage1_backlink_ns=43389898 physical_stage1_candidates=260280 physical_stage1_remote_frontier_items=11393924 physical_stage1_neighbors=74900 peer_stage1_enqueued=3313 peer_stage1_processed=3313 peer_stage1_items=3248 avg_peer_stage1_items=0.980380 peer_stage1_rate_per_sec=43.282584 peer_stage1_max_queue=5 peer_stage1_active_workers=0 peer_stage2_home_enqueued=139508 peer_stage2_home_processed=139508 peer_stage2_home_items=14948228 avg_peer_stage2_home_items=107.149611 peer_stage2_home_max_queue=18 peer_stage2_home_response_queue_drops=0 peer_stage2_home_response_send_wait_ms=915.532336 avg_peer_stage2_home_queue_wait_us=14.744852 avg_peer_stage2_home_execution_us=47.852079 peer_stage1_release_deferred_batches=68 peer_stage1_release_deferred_items=68 peer_stage1_duplicate_retry_responses=0 peer_stage1_admission_retry_responses=0 peer_stage1_retry_response_drops=0 peer_stage1_admission_waiters=0 peer_stage1_admission_waiter_items=0 peer_stage1_admission_owned_items=0 peer_stage1_admission_wake_coverage=0 peer_stage1_admission_parked=0 peer_stage1_admission_woken=0 peer_stage1_admission_reparked=0 peer_stage1_max_admission_waiters=0 peer_stage1_duplicate_coalesced=1 peer_reverse_enqueued=3912 peer_reverse_processed=3912 peer_reverse_remaining=0 peer_reverse_items_enqueued=94055 peer_reverse_items_processed=94055 peer_reverse_rate_per_sec=1253.369278 peer_reverse_failed=86 peer_reverse_max_queue=5 reclaim_pending=0 reclaim_reused=1825 dynamic_high_watermark=19602450560 stage2_remaining=0 cleanup_remaining=0 active_contexts=0 active_context_limit=32 repair_remaining=0 remaining=0
[STATUS]: storage-owner maintenance observation: enqueued=2034 stage2_enqueued=2034 cleanup_enqueued=0 stage2_tasks_done=2034 stage2_finalized_live=2034 cleanup_processed=0 stale=0 stage2_completion_ratio=1.000000 live_stage2_completion_ratio=1.000000 avg_stage2_delay_ms=167.343574 p99_stage2_delay_upper_ms=1000.000000 p99_stage2_delay_over_30s=false stage2_delay_histogram=0,0,0,0,0,0,237,837,600,278,82,0,0,0,0,0,0,0 max_stage2_delay_ms=681.938560 compaction_batch_target=32 compaction_max_delay_ms=25.000000 stage2_rate_per_sec=25.410969 stage1_search_budget_exhausted=0 stage2_search_budget_exhausted=0 stage2_continuations=2034 stage2_remote_frontier_items=11393924 avg_stage2_remote_frontier=5601.732547 stage2_remote_expansions=229372 avg_stage2_remote_expansions=112.768928 stage2_scored_candidates=17038665 avg_stage2_scored_candidates=8376.924779 stage2_graph_read_waves=53611 avg_stage2_expansions_per_graph_wave=4.278450 stage2_graph_unique_reads=234977 stage2_graph_prefetch_issued=159109 stage2_graph_prefetch_hits=153504 stage2_graph_prefetch_wasted=5605 stage2_graph_prefetch_promotion_ratio=0.964773 stage2_graph_issue_width_current=16 stage2_vector_read_waves=110655 avg_stage2_scores_per_vector_wave=153.980073 stage2_vector_unique_reads=15628856 stage2_home_rpc_batches=114456 stage2_home_rpc_items=11632759 avg_stage2_home_rpc_batch=101.635205 stage2_home_score_rpc_batches=46182 stage2_home_score_rpc_items=11397782 stage2_home_score_rpc_queries=203015 stage2_home_score_rpc_request_bytes=296058028 stage2_home_score_rpc_response_bytes=366590504 avg_stage2_home_score_queries_per_rpc=4.395977 avg_stage2_home_score_rpc_batch=246.801394 stage2_home_scored_neighbors=12807002 home_scores_per_expansion=1.100943 stage2_migrations=1825 home_match_rate=0.102753 stage2_final_edges=77473 stage2_cross_edges_stage1_home=65745 stage2_cross_edges_final_home=54838 cross_edge_reduction_ratio=0.165899 failed=0 rpc_timeouts=0 reverse_aggregate_batches=0 reverse_aggregate_logical_requests=0 reverse_aggregate_ops=0 avg_reverse_aggregate_logicals=0.000000 avg_reverse_aggregate_ops=0.000000 max_backlog=9 admission_window=65536 completion_outstanding=0 completion_incomplete=0 completed_behind_hole=0 completion_logical_full_failures=0 completion_physical_full_failures=0 pressure_yields=4423 stage2_batches=599 avg_stage2_batch_size=3.395659 packing_target_batch=8 packing_admit_queue_avg=3.397329 packing_admit_queue_max=9 packing_batch_1_7=559 packing_batch_8=40 packing_assembly_batches=599 packing_assembly_wait_ms=14744.656392 packing_arrival_interval_us=14384 packing_waited_batches=559 packing_wait_ms=13902.431000 packing_target_flushes=40 packing_deadline_flushes=559 packing_cleanup_flushes=0 stage2_phase_search_attempts=599 stage2_phase_search_task_attempts=2034 stage2_phase_search_elapsed_ms=49965.928232 avg_stage2_phase_search_us_per_task=24565.353113 stage2_phase_freeze_prune_attempts=610 stage2_phase_freeze_prune_task_attempts=2077 stage2_phase_freeze_prune_elapsed_ms=1333.520460 avg_stage2_phase_freeze_prune_us_per_task=642.041627 stage2_phase_reverse_prepare_attempts=599 stage2_phase_reverse_prepare_task_attempts=2034 stage2_phase_reverse_prepare_elapsed_ms=5537.803706 avg_stage2_phase_reverse_prepare_us_per_task=2722.617358 stage2_phase_placement_authority_attempts=599 stage2_phase_placement_authority_task_attempts=2034 stage2_phase_placement_authority_elapsed_ms=1377.661913 avg_stage2_phase_placement_authority_us_per_task=677.316575 stage2_phase_completion_handoff_attempts=599 stage2_phase_completion_handoff_task_attempts=2034 stage2_phase_completion_handoff_elapsed_ms=0.764980 avg_stage2_phase_completion_handoff_us_per_task=0.376096 stage2_phase_finalize_attempts=599 stage2_phase_finalize_task_attempts=2034 stage2_phase_finalize_elapsed_ms=2.860561 avg_stage2_phase_finalize_us_per_task=1.406372 maintenance_worker_idle_waits=239872 maintenance_worker_idle_ms=609191.898907 maintenance_lost_wake_avoided=28766 maintenance_targeted_wakes=402439 maintenance_generic_wakes=2034 maintenance_broadcast_wakes=0 maintenance_context_slots_scanned=1810880 maintenance_ready_notifications=229101 maintenance_ready_stale_notifications=0 maintenance_ready_tickets_drained=191958 maintenance_ready_overflow_scans=0 maintenance_ready_fallback_scans=113566 stage2_search_lane_lease_limit=32 stage2_search_lane_lease_peak=14 stage2_search_lane_lease_blocked=0 maintenance_worker_observed_idle_ratio=0.951337 maintenance_worker_observed_busy_ratio=0.048663 physical_stage1_items=2034 physical_stage1_total_ns=9217996996 physical_stage1_search_ns=8706998570 physical_stage1_prune_ns=339638322 physical_stage1_allocate_write_ns=122237617 physical_stage1_backlink_ns=43389898 physical_stage1_candidates=260280 physical_stage1_remote_frontier_items=11393924 physical_stage1_neighbors=74900 peer_stage1_enqueued=3313 peer_stage1_processed=3313 peer_stage1_items=3248 avg_peer_stage1_items=0.980380 peer_stage1_rate_per_sec=40.577594 peer_stage1_max_queue=5 peer_stage1_active_workers=0 peer_stage2_home_enqueued=139508 peer_stage2_home_processed=139508 peer_stage2_home_items=14948228 avg_peer_stage2_home_items=107.149611 peer_stage2_home_max_queue=18 peer_stage2_home_response_queue_drops=0 peer_stage2_home_response_send_wait_ms=915.532336 avg_peer_stage2_home_queue_wait_us=14.744852 avg_peer_stage2_home_execution_us=47.852079 peer_stage1_release_deferred_batches=68 peer_stage1_release_deferred_items=68 peer_stage1_duplicate_retry_responses=0 peer_stage1_admission_retry_responses=0 peer_stage1_retry_response_drops=0 peer_stage1_admission_waiters=0 peer_stage1_admission_waiter_items=0 peer_stage1_admission_owned_items=0 peer_stage1_admission_wake_coverage=0 peer_stage1_admission_parked=0 peer_stage1_admission_woken=0 peer_stage1_admission_reparked=0 peer_stage1_max_admission_waiters=0 peer_stage1_duplicate_coalesced=1 peer_reverse_enqueued=3912 peer_reverse_processed=3912 peer_reverse_remaining=0 peer_reverse_items_enqueued=94055 peer_reverse_items_processed=94055 peer_reverse_rate_per_sec=1175.038682 peer_reverse_failed=86 peer_reverse_max_queue=5 reclaim_pending=0 reclaim_reused=1825 dynamic_high_watermark=19602450560 stage2_remaining=0 cleanup_remaining=0 active_contexts=0 active_context_limit=32 repair_remaining=0 remaining=0
[STATUS]: storage-owner maintenance observation: enqueued=2034 stage2_enqueued=2034 cleanup_enqueued=0 stage2_tasks_done=2034 stage2_finalized_live=2034 cleanup_processed=0 stale=0 stage2_completion_ratio=1.000000 live_stage2_completion_ratio=1.000000 avg_stage2_delay_ms=167.343574 p99_stage2_delay_upper_ms=1000.000000 p99_stage2_delay_over_30s=false stage2_delay_histogram=0,0,0,0,0,0,237,837,600,278,82,0,0,0,0,0,0,0 max_stage2_delay_ms=681.938560 compaction_batch_target=32 compaction_max_delay_ms=25.000000 stage2_rate_per_sec=23.916409 stage1_search_budget_exhausted=0 stage2_search_budget_exhausted=0 stage2_continuations=2034 stage2_remote_frontier_items=11393924 avg_stage2_remote_frontier=5601.732547 stage2_remote_expansions=229372 avg_stage2_remote_expansions=112.768928 stage2_scored_candidates=17038665 avg_stage2_scored_candidates=8376.924779 stage2_graph_read_waves=53611 avg_stage2_expansions_per_graph_wave=4.278450 stage2_graph_unique_reads=234977 stage2_graph_prefetch_issued=159109 stage2_graph_prefetch_hits=153504 stage2_graph_prefetch_wasted=5605 stage2_graph_prefetch_promotion_ratio=0.964773 stage2_graph_issue_width_current=16 stage2_vector_read_waves=110655 avg_stage2_scores_per_vector_wave=153.980073 stage2_vector_unique_reads=15628856 stage2_home_rpc_batches=114456 stage2_home_rpc_items=11632759 avg_stage2_home_rpc_batch=101.635205 stage2_home_score_rpc_batches=46182 stage2_home_score_rpc_items=11397782 stage2_home_score_rpc_queries=203015 stage2_home_score_rpc_request_bytes=296058028 stage2_home_score_rpc_response_bytes=366590504 avg_stage2_home_score_queries_per_rpc=4.395977 avg_stage2_home_score_rpc_batch=246.801394 stage2_home_scored_neighbors=12807002 home_scores_per_expansion=1.100943 stage2_migrations=1825 home_match_rate=0.102753 stage2_final_edges=77473 stage2_cross_edges_stage1_home=65745 stage2_cross_edges_final_home=54838 cross_edge_reduction_ratio=0.165899 failed=0 rpc_timeouts=0 reverse_aggregate_batches=0 reverse_aggregate_logical_requests=0 reverse_aggregate_ops=0 avg_reverse_aggregate_logicals=0.000000 avg_reverse_aggregate_ops=0.000000 max_backlog=9 admission_window=65536 completion_outstanding=0 completion_incomplete=0 completed_behind_hole=0 completion_logical_full_failures=0 completion_physical_full_failures=0 pressure_yields=4423 stage2_batches=599 avg_stage2_batch_size=3.395659 packing_target_batch=8 packing_admit_queue_avg=3.397329 packing_admit_queue_max=9 packing_batch_1_7=559 packing_batch_8=40 packing_assembly_batches=599 packing_assembly_wait_ms=14744.656392 packing_arrival_interval_us=14384 packing_waited_batches=559 packing_wait_ms=13902.431000 packing_target_flushes=40 packing_deadline_flushes=559 packing_cleanup_flushes=0 stage2_phase_search_attempts=599 stage2_phase_search_task_attempts=2034 stage2_phase_search_elapsed_ms=49965.928232 avg_stage2_phase_search_us_per_task=24565.353113 stage2_phase_freeze_prune_attempts=610 stage2_phase_freeze_prune_task_attempts=2077 stage2_phase_freeze_prune_elapsed_ms=1333.520460 avg_stage2_phase_freeze_prune_us_per_task=642.041627 stage2_phase_reverse_prepare_attempts=599 stage2_phase_reverse_prepare_task_attempts=2034 stage2_phase_reverse_prepare_elapsed_ms=5537.803706 avg_stage2_phase_reverse_prepare_us_per_task=2722.617358 stage2_phase_placement_authority_attempts=599 stage2_phase_placement_authority_task_attempts=2034 stage2_phase_placement_authority_elapsed_ms=1377.661913 avg_stage2_phase_placement_authority_us_per_task=677.316575 stage2_phase_completion_handoff_attempts=599 stage2_phase_completion_handoff_task_attempts=2034 stage2_phase_completion_handoff_elapsed_ms=0.764980 avg_stage2_phase_completion_handoff_us_per_task=0.376096 stage2_phase_finalize_attempts=599 stage2_phase_finalize_task_attempts=2034 stage2_phase_finalize_elapsed_ms=2.860561 avg_stage2_phase_finalize_us_per_task=1.406372 maintenance_worker_idle_waits=243968 maintenance_worker_idle_ms=650394.779432 maintenance_lost_wake_avoided=28766 maintenance_targeted_wakes=402439 maintenance_generic_wakes=2034 maintenance_broadcast_wakes=0 maintenance_context_slots_scanned=1876416 maintenance_ready_notifications=229101 maintenance_ready_stale_notifications=0 maintenance_ready_tickets_drained=191958 maintenance_ready_overflow_scans=0 maintenance_ready_fallback_scans=117543 stage2_search_lane_lease_limit=32 stage2_search_lane_lease_peak=14 stage2_search_lane_lease_blocked=0 maintenance_worker_observed_idle_ratio=0.955943 maintenance_worker_observed_busy_ratio=0.044057 physical_stage1_items=2034 physical_stage1_total_ns=9217996996 physical_stage1_search_ns=8706998570 physical_stage1_prune_ns=339638322 physical_stage1_allocate_write_ns=122237617 physical_stage1_backlink_ns=43389898 physical_stage1_candidates=260280 physical_stage1_remote_frontier_items=11393924 physical_stage1_neighbors=74900 peer_stage1_enqueued=3313 peer_stage1_processed=3313 peer_stage1_items=3248 avg_peer_stage1_items=0.980380 peer_stage1_rate_per_sec=38.191001 peer_stage1_max_queue=5 peer_stage1_active_workers=0 peer_stage2_home_enqueued=139508 peer_stage2_home_processed=139508 peer_stage2_home_items=14948228 avg_peer_stage2_home_items=107.149611 peer_stage2_home_max_queue=18 peer_stage2_home_response_queue_drops=0 peer_stage2_home_response_send_wait_ms=915.532336 avg_peer_stage2_home_queue_wait_us=14.744852 avg_peer_stage2_home_execution_us=47.852079 peer_stage1_release_deferred_batches=68 peer_stage1_release_deferred_items=68 peer_stage1_duplicate_retry_responses=0 peer_stage1_admission_retry_responses=0 peer_stage1_retry_response_drops=0 peer_stage1_admission_waiters=0 peer_stage1_admission_waiter_items=0 peer_stage1_admission_owned_items=0 peer_stage1_admission_wake_coverage=0 peer_stage1_admission_parked=0 peer_stage1_admission_woken=0 peer_stage1_admission_reparked=0 peer_stage1_max_admission_waiters=0 peer_stage1_duplicate_coalesced=1 peer_reverse_enqueued=3912 peer_reverse_processed=3912 peer_reverse_remaining=0 peer_reverse_items_enqueued=94055 peer_reverse_items_processed=94055 peer_reverse_rate_per_sec=1105.928128 peer_reverse_failed=86 peer_reverse_max_queue=5 reclaim_pending=0 reclaim_reused=1825 dynamic_high_watermark=19602450560 stage2_remaining=0 cleanup_remaining=0 active_contexts=0 active_context_limit=32 repair_remaining=0 remaining=0
[STATUS]: storage-owner maintenance observation: enqueued=2034 stage2_enqueued=2034 cleanup_enqueued=0 stage2_tasks_done=2034 stage2_finalized_live=2034 cleanup_processed=0 stale=0 stage2_completion_ratio=1.000000 live_stage2_completion_ratio=1.000000 avg_stage2_delay_ms=167.343574 p99_stage2_delay_upper_ms=1000.000000 p99_stage2_delay_over_30s=false stage2_delay_histogram=0,0,0,0,0,0,237,837,600,278,82,0,0,0,0,0,0,0 max_stage2_delay_ms=681.938560 compaction_batch_target=32 compaction_max_delay_ms=25.000000 stage2_rate_per_sec=22.588108 stage1_search_budget_exhausted=0 stage2_search_budget_exhausted=0 stage2_continuations=2034 stage2_remote_frontier_items=11393924 avg_stage2_remote_frontier=5601.732547 stage2_remote_expansions=229372 avg_stage2_remote_expansions=112.768928 stage2_scored_candidates=17038665 avg_stage2_scored_candidates=8376.924779 stage2_graph_read_waves=53611 avg_stage2_expansions_per_graph_wave=4.278450 stage2_graph_unique_reads=234977 stage2_graph_prefetch_issued=159109 stage2_graph_prefetch_hits=153504 stage2_graph_prefetch_wasted=5605 stage2_graph_prefetch_promotion_ratio=0.964773 stage2_graph_issue_width_current=16 stage2_vector_read_waves=110655 avg_stage2_scores_per_vector_wave=153.980073 stage2_vector_unique_reads=15628856 stage2_home_rpc_batches=114456 stage2_home_rpc_items=11632759 avg_stage2_home_rpc_batch=101.635205 stage2_home_score_rpc_batches=46182 stage2_home_score_rpc_items=11397782 stage2_home_score_rpc_queries=203015 stage2_home_score_rpc_request_bytes=296058028 stage2_home_score_rpc_response_bytes=366590504 avg_stage2_home_score_queries_per_rpc=4.395977 avg_stage2_home_score_rpc_batch=246.801394 stage2_home_scored_neighbors=12807002 home_scores_per_expansion=1.100943 stage2_migrations=1825 home_match_rate=0.102753 stage2_final_edges=77473 stage2_cross_edges_stage1_home=65745 stage2_cross_edges_final_home=54838 cross_edge_reduction_ratio=0.165899 failed=0 rpc_timeouts=0 reverse_aggregate_batches=0 reverse_aggregate_logical_requests=0 reverse_aggregate_ops=0 avg_reverse_aggregate_logicals=0.000000 avg_reverse_aggregate_ops=0.000000 max_backlog=9 admission_window=65536 completion_outstanding=0 completion_incomplete=0 completed_behind_hole=0 completion_logical_full_failures=0 completion_physical_full_failures=0 pressure_yields=4423 stage2_batches=599 avg_stage2_batch_size=3.395659 packing_target_batch=8 packing_admit_queue_avg=3.397329 packing_admit_queue_max=9 packing_batch_1_7=559 packing_batch_8=40 packing_assembly_batches=599 packing_assembly_wait_ms=14744.656392 packing_arrival_interval_us=14384 packing_waited_batches=559 packing_wait_ms=13902.431000 packing_target_flushes=40 packing_deadline_flushes=559 packing_cleanup_flushes=0 stage2_phase_search_attempts=599 stage2_phase_search_task_attempts=2034 stage2_phase_search_elapsed_ms=49965.928232 avg_stage2_phase_search_us_per_task=24565.353113 stage2_phase_freeze_prune_attempts=610 stage2_phase_freeze_prune_task_attempts=2077 stage2_phase_freeze_prune_elapsed_ms=1333.520460 avg_stage2_phase_freeze_prune_us_per_task=642.041627 stage2_phase_reverse_prepare_attempts=599 stage2_phase_reverse_prepare_task_attempts=2034 stage2_phase_reverse_prepare_elapsed_ms=5537.803706 avg_stage2_phase_reverse_prepare_us_per_task=2722.617358 stage2_phase_placement_authority_attempts=599 stage2_phase_placement_authority_task_attempts=2034 stage2_phase_placement_authority_elapsed_ms=1377.661913 avg_stage2_phase_placement_authority_us_per_task=677.316575 stage2_phase_completion_handoff_attempts=599 stage2_phase_completion_handoff_task_attempts=2034 stage2_phase_completion_handoff_elapsed_ms=0.764980 avg_stage2_phase_completion_handoff_us_per_task=0.376096 stage2_phase_finalize_attempts=599 stage2_phase_finalize_task_attempts=2034 stage2_phase_finalize_elapsed_ms=2.860561 avg_stage2_phase_finalize_us_per_task=1.406372 maintenance_worker_idle_waits=247936 maintenance_worker_idle_ms=690310.773941 maintenance_lost_wake_avoided=28766 maintenance_targeted_wakes=402439 maintenance_generic_wakes=2034 maintenance_broadcast_wakes=0 maintenance_context_slots_scanned=1939904 maintenance_ready_notifications=229101 maintenance_ready_stale_notifications=0 maintenance_ready_tickets_drained=191958 maintenance_ready_overflow_scans=0 maintenance_ready_fallback_scans=121519 stage2_search_lane_lease_limit=32 stage2_search_lane_lease_peak=14 stage2_search_lane_lease_blocked=0 maintenance_worker_observed_idle_ratio=0.958260 maintenance_worker_observed_busy_ratio=0.041740 physical_stage1_items=2034 physical_stage1_total_ns=9217996996 physical_stage1_search_ns=8706998570 physical_stage1_prune_ns=339638322 physical_stage1_allocate_write_ns=122237617 physical_stage1_backlink_ns=43389898 physical_stage1_candidates=260280 physical_stage1_remote_frontier_items=11393924 physical_stage1_neighbors=74900 peer_stage1_enqueued=3313 peer_stage1_processed=3313 peer_stage1_items=3248 avg_peer_stage1_items=0.980380 peer_stage1_rate_per_sec=36.069898 peer_stage1_max_queue=5 peer_stage1_active_workers=0 peer_stage2_home_enqueued=139508 peer_stage2_home_processed=139508 peer_stage2_home_items=14948228 avg_peer_stage2_home_items=107.149611 peer_stage2_home_max_queue=18 peer_stage2_home_response_queue_drops=0 peer_stage2_home_response_send_wait_ms=915.532336 avg_peer_stage2_home_queue_wait_us=14.744852 avg_peer_stage2_home_execution_us=47.852079 peer_stage1_release_deferred_batches=68 peer_stage1_release_deferred_items=68 peer_stage1_duplicate_retry_responses=0 peer_stage1_admission_retry_responses=0 peer_stage1_retry_response_drops=0 peer_stage1_admission_waiters=0 peer_stage1_admission_waiter_items=0 peer_stage1_admission_owned_items=0 peer_stage1_admission_wake_coverage=0 peer_stage1_admission_parked=0 peer_stage1_admission_woken=0 peer_stage1_admission_reparked=0 peer_stage1_max_admission_waiters=0 peer_stage1_duplicate_coalesced=1 peer_reverse_enqueued=3912 peer_reverse_processed=3912 peer_reverse_remaining=0 peer_reverse_items_enqueued=94055 peer_reverse_items_processed=94055 peer_reverse_rate_per_sec=1044.505633 peer_reverse_failed=86 peer_reverse_max_queue=5 reclaim_pending=0 reclaim_reused=1825 dynamic_high_watermark=19602450560 stage2_remaining=0 cleanup_remaining=0 active_contexts=0 active_context_limit=32 repair_remaining=0 remaining=0
[STATUS]: storage-owner maintenance observation: enqueued=2034 stage2_enqueued=2034 cleanup_enqueued=0 stage2_tasks_done=2034 stage2_finalized_live=2034 cleanup_processed=0 stale=0 stage2_completion_ratio=1.000000 live_stage2_completion_ratio=1.000000 avg_stage2_delay_ms=167.343574 p99_stage2_delay_upper_ms=1000.000000 p99_stage2_delay_over_30s=false stage2_delay_histogram=0,0,0,0,0,0,237,837,600,278,82,0,0,0,0,0,0,0 max_stage2_delay_ms=681.938560 compaction_batch_target=32 compaction_max_delay_ms=25.000000 stage2_rate_per_sec=21.399452 stage1_search_budget_exhausted=0 stage2_search_budget_exhausted=0 stage2_continuations=2034 stage2_remote_frontier_items=11393924 avg_stage2_remote_frontier=5601.732547 stage2_remote_expansions=229372 avg_stage2_remote_expansions=112.768928 stage2_scored_candidates=17038665 avg_stage2_scored_candidates=8376.924779 stage2_graph_read_waves=53611 avg_stage2_expansions_per_graph_wave=4.278450 stage2_graph_unique_reads=234977 stage2_graph_prefetch_issued=159109 stage2_graph_prefetch_hits=153504 stage2_graph_prefetch_wasted=5605 stage2_graph_prefetch_promotion_ratio=0.964773 stage2_graph_issue_width_current=16 stage2_vector_read_waves=110655 avg_stage2_scores_per_vector_wave=153.980073 stage2_vector_unique_reads=15628856 stage2_home_rpc_batches=114456 stage2_home_rpc_items=11632759 avg_stage2_home_rpc_batch=101.635205 stage2_home_score_rpc_batches=46182 stage2_home_score_rpc_items=11397782 stage2_home_score_rpc_queries=203015 stage2_home_score_rpc_request_bytes=296058028 stage2_home_score_rpc_response_bytes=366590504 avg_stage2_home_score_queries_per_rpc=4.395977 avg_stage2_home_score_rpc_batch=246.801394 stage2_home_scored_neighbors=12807002 home_scores_per_expansion=1.100943 stage2_migrations=1825 home_match_rate=0.102753 stage2_final_edges=77473 stage2_cross_edges_stage1_home=65745 stage2_cross_edges_final_home=54838 cross_edge_reduction_ratio=0.165899 failed=0 rpc_timeouts=0 reverse_aggregate_batches=0 reverse_aggregate_logical_requests=0 reverse_aggregate_ops=0 avg_reverse_aggregate_logicals=0.000000 avg_reverse_aggregate_ops=0.000000 max_backlog=9 admission_window=65536 completion_outstanding=0 completion_incomplete=0 completed_behind_hole=0 completion_logical_full_failures=0 completion_physical_full_failures=0 pressure_yields=4423 stage2_batches=599 avg_stage2_batch_size=3.395659 packing_target_batch=8 packing_admit_queue_avg=3.397329 packing_admit_queue_max=9 packing_batch_1_7=559 packing_batch_8=40 packing_assembly_batches=599 packing_assembly_wait_ms=14744.656392 packing_arrival_interval_us=14384 packing_waited_batches=559 packing_wait_ms=13902.431000 packing_target_flushes=40 packing_deadline_flushes=559 packing_cleanup_flushes=0 stage2_phase_search_attempts=599 stage2_phase_search_task_attempts=2034 stage2_phase_search_elapsed_ms=49965.928232 avg_stage2_phase_search_us_per_task=24565.353113 stage2_phase_freeze_prune_attempts=610 stage2_phase_freeze_prune_task_attempts=2077 stage2_phase_freeze_prune_elapsed_ms=1333.520460 avg_stage2_phase_freeze_prune_us_per_task=642.041627 stage2_phase_reverse_prepare_attempts=599 stage2_phase_reverse_prepare_task_attempts=2034 stage2_phase_reverse_prepare_elapsed_ms=5537.803706 avg_stage2_phase_reverse_prepare_us_per_task=2722.617358 stage2_phase_placement_authority_attempts=599 stage2_phase_placement_authority_task_attempts=2034 stage2_phase_placement_authority_elapsed_ms=1377.661913 avg_stage2_phase_placement_authority_us_per_task=677.316575 stage2_phase_completion_handoff_attempts=599 stage2_phase_completion_handoff_task_attempts=2034 stage2_phase_completion_handoff_elapsed_ms=0.764980 avg_stage2_phase_completion_handoff_us_per_task=0.376096 stage2_phase_finalize_attempts=599 stage2_phase_finalize_task_attempts=2034 stage2_phase_finalize_elapsed_ms=2.860561 avg_stage2_phase_finalize_us_per_task=1.406372 maintenance_worker_idle_waits=251968 maintenance_worker_idle_ms=730869.365204 maintenance_lost_wake_avoided=28766 maintenance_targeted_wakes=402439 maintenance_generic_wakes=2034 maintenance_broadcast_wakes=0 maintenance_context_slots_scanned=2004416 maintenance_ready_notifications=229101 maintenance_ready_stale_notifications=0 maintenance_ready_tickets_drained=191958 maintenance_ready_overflow_scans=0 maintenance_ready_fallback_scans=125496 stage2_search_lane_lease_limit=32 stage2_search_lane_lease_peak=14 stage2_search_lane_lease_blocked=0 maintenance_worker_observed_idle_ratio=0.961173 maintenance_worker_observed_busy_ratio=0.038827 physical_stage1_items=2034 physical_stage1_total_ns=9217996996 physical_stage1_search_ns=8706998570 physical_stage1_prune_ns=339638322 physical_stage1_allocate_write_ns=122237617 physical_stage1_backlink_ns=43389898 physical_stage1_candidates=260280 physical_stage1_remote_frontier_items=11393924 physical_stage1_neighbors=74900 peer_stage1_enqueued=3313 peer_stage1_processed=3313 peer_stage1_items=3248 avg_peer_stage1_items=0.980380 peer_stage1_rate_per_sec=34.171790 peer_stage1_max_queue=5 peer_stage1_active_workers=0 peer_stage2_home_enqueued=139508 peer_stage2_home_processed=139508 peer_stage2_home_items=14948228 avg_peer_stage2_home_items=107.149611 peer_stage2_home_max_queue=18 peer_stage2_home_response_queue_drops=0 peer_stage2_home_response_send_wait_ms=915.532336 avg_peer_stage2_home_queue_wait_us=14.744852 avg_peer_stage2_home_execution_us=47.852079 peer_stage1_release_deferred_batches=68 peer_stage1_release_deferred_items=68 peer_stage1_duplicate_retry_responses=0 peer_stage1_admission_retry_responses=0 peer_stage1_retry_response_drops=0 peer_stage1_admission_waiters=0 peer_stage1_admission_waiter_items=0 peer_stage1_admission_owned_items=0 peer_stage1_admission_wake_coverage=0 peer_stage1_admission_parked=0 peer_stage1_admission_woken=0 peer_stage1_admission_reparked=0 peer_stage1_max_admission_waiters=0 peer_stage1_duplicate_coalesced=1 peer_reverse_enqueued=3912 peer_reverse_processed=3912 peer_reverse_remaining=0 peer_reverse_items_enqueued=94055 peer_reverse_items_processed=94055 peer_reverse_rate_per_sec=989.540537 peer_reverse_failed=86 peer_reverse_max_queue=5 reclaim_pending=0 reclaim_reused=1825 dynamic_high_watermark=19602450560 stage2_remaining=0 cleanup_remaining=0 active_contexts=0 active_context_limit=32 repair_remaining=0 remaining=0
[STATUS]: storage-owner maintenance observation: enqueued=2034 stage2_enqueued=2034 cleanup_enqueued=0 stage2_tasks_done=2034 stage2_finalized_live=2034 cleanup_processed=0 stale=0 stage2_completion_ratio=1.000000 live_stage2_completion_ratio=1.000000 avg_stage2_delay_ms=167.343574 p99_stage2_delay_upper_ms=1000.000000 p99_stage2_delay_over_30s=false stage2_delay_histogram=0,0,0,0,0,0,237,837,600,278,82,0,0,0,0,0,0,0 max_stage2_delay_ms=681.938560 compaction_batch_target=32 compaction_max_delay_ms=25.000000 stage2_rate_per_sec=20.329813 stage1_search_budget_exhausted=0 stage2_search_budget_exhausted=0 stage2_continuations=2034 stage2_remote_frontier_items=11393924 avg_stage2_remote_frontier=5601.732547 stage2_remote_expansions=229372 avg_stage2_remote_expansions=112.768928 stage2_scored_candidates=17038665 avg_stage2_scored_candidates=8376.924779 stage2_graph_read_waves=53611 avg_stage2_expansions_per_graph_wave=4.278450 stage2_graph_unique_reads=234977 stage2_graph_prefetch_issued=159109 stage2_graph_prefetch_hits=153504 stage2_graph_prefetch_wasted=5605 stage2_graph_prefetch_promotion_ratio=0.964773 stage2_graph_issue_width_current=16 stage2_vector_read_waves=110655 avg_stage2_scores_per_vector_wave=153.980073 stage2_vector_unique_reads=15628856 stage2_home_rpc_batches=114456 stage2_home_rpc_items=11632759 avg_stage2_home_rpc_batch=101.635205 stage2_home_score_rpc_batches=46182 stage2_home_score_rpc_items=11397782 stage2_home_score_rpc_queries=203015 stage2_home_score_rpc_request_bytes=296058028 stage2_home_score_rpc_response_bytes=366590504 avg_stage2_home_score_queries_per_rpc=4.395977 avg_stage2_home_score_rpc_batch=246.801394 stage2_home_scored_neighbors=12807002 home_scores_per_expansion=1.100943 stage2_migrations=1825 home_match_rate=0.102753 stage2_final_edges=77473 stage2_cross_edges_stage1_home=65745 stage2_cross_edges_final_home=54838 cross_edge_reduction_ratio=0.165899 failed=0 rpc_timeouts=0 reverse_aggregate_batches=0 reverse_aggregate_logical_requests=0 reverse_aggregate_ops=0 avg_reverse_aggregate_logicals=0.000000 avg_reverse_aggregate_ops=0.000000 max_backlog=9 admission_window=65536 completion_outstanding=0 completion_incomplete=0 completed_behind_hole=0 completion_logical_full_failures=0 completion_physical_full_failures=0 pressure_yields=4423 stage2_batches=599 avg_stage2_batch_size=3.395659 packing_target_batch=8 packing_admit_queue_avg=3.397329 packing_admit_queue_max=9 packing_batch_1_7=559 packing_batch_8=40 packing_assembly_batches=599 packing_assembly_wait_ms=14744.656392 packing_arrival_interval_us=14384 packing_waited_batches=559 packing_wait_ms=13902.431000 packing_target_flushes=40 packing_deadline_flushes=559 packing_cleanup_flushes=0 stage2_phase_search_attempts=599 stage2_phase_search_task_attempts=2034 stage2_phase_search_elapsed_ms=49965.928232 avg_stage2_phase_search_us_per_task=24565.353113 stage2_phase_freeze_prune_attempts=610 stage2_phase_freeze_prune_task_attempts=2077 stage2_phase_freeze_prune_elapsed_ms=1333.520460 avg_stage2_phase_freeze_prune_us_per_task=642.041627 stage2_phase_reverse_prepare_attempts=599 stage2_phase_reverse_prepare_task_attempts=2034 stage2_phase_reverse_prepare_elapsed_ms=5537.803706 avg_stage2_phase_reverse_prepare_us_per_task=2722.617358 stage2_phase_placement_authority_attempts=599 stage2_phase_placement_authority_task_attempts=2034 stage2_phase_placement_authority_elapsed_ms=1377.661913 avg_stage2_phase_placement_authority_us_per_task=677.316575 stage2_phase_completion_handoff_attempts=599 stage2_phase_completion_handoff_task_attempts=2034 stage2_phase_completion_handoff_elapsed_ms=0.764980 avg_stage2_phase_completion_handoff_us_per_task=0.376096 stage2_phase_finalize_attempts=599 stage2_phase_finalize_task_attempts=2034 stage2_phase_finalize_elapsed_ms=2.860561 avg_stage2_phase_finalize_us_per_task=1.406372 maintenance_worker_idle_waits=255936 maintenance_worker_idle_ms=770785.298810 maintenance_lost_wake_avoided=28766 maintenance_targeted_wakes=402439 maintenance_generic_wakes=2034 maintenance_broadcast_wakes=0 maintenance_context_slots_scanned=2067904 maintenance_ready_notifications=229101 maintenance_ready_stale_notifications=0 maintenance_ready_tickets_drained=191958 maintenance_ready_overflow_scans=0 maintenance_ready_fallback_scans=129472 stage2_search_lane_lease_limit=32 stage2_search_lane_lease_peak=14 stage2_search_lane_lease_blocked=0 maintenance_worker_observed_idle_ratio=0.962999 maintenance_worker_observed_busy_ratio=0.037001 physical_stage1_items=2034 physical_stage1_total_ns=9217996996 physical_stage1_search_ns=8706998570 physical_stage1_prune_ns=339638322 physical_stage1_allocate_write_ns=122237617 physical_stage1_backlink_ns=43389898 physical_stage1_candidates=260280 physical_stage1_remote_frontier_items=11393924 physical_stage1_neighbors=74900 peer_stage1_enqueued=3313 peer_stage1_processed=3313 peer_stage1_items=3248 avg_peer_stage1_items=0.980380 peer_stage1_rate_per_sec=32.463733 peer_stage1_max_queue=5 peer_stage1_active_workers=0 peer_stage2_home_enqueued=139508 peer_stage2_home_processed=139508 peer_stage2_home_items=14948228 avg_peer_stage2_home_items=107.149611 peer_stage2_home_max_queue=18 peer_stage2_home_response_queue_drops=0 peer_stage2_home_response_send_wait_ms=915.532336 avg_peer_stage2_home_queue_wait_us=14.744852 avg_peer_stage2_home_execution_us=47.852079 peer_stage1_release_deferred_batches=68 peer_stage1_release_deferred_items=68 peer_stage1_duplicate_retry_responses=0 peer_stage1_admission_retry_responses=0 peer_stage1_retry_response_drops=0 peer_stage1_admission_waiters=0 peer_stage1_admission_waiter_items=0 peer_stage1_admission_owned_items=0 peer_stage1_admission_wake_coverage=0 peer_stage1_admission_parked=0 peer_stage1_admission_woken=0 peer_stage1_admission_reparked=0 peer_stage1_max_admission_waiters=0 peer_stage1_duplicate_coalesced=1 peer_reverse_enqueued=3912 peer_reverse_processed=3912 peer_reverse_remaining=0 peer_reverse_items_enqueued=94055 peer_reverse_items_processed=94055 peer_reverse_rate_per_sec=940.078933 peer_reverse_failed=86 peer_reverse_max_queue=5 reclaim_pending=0 reclaim_reused=1825 dynamic_high_watermark=19602450560 stage2_remaining=0 cleanup_remaining=0 active_contexts=0 active_context_limit=32 repair_remaining=0 remaining=0
[STATUS]: storage-owner maintenance observation: enqueued=2034 stage2_enqueued=2034 cleanup_enqueued=0 stage2_tasks_done=2034 stage2_finalized_live=2034 cleanup_processed=0 stale=0 stage2_completion_ratio=1.000000 live_stage2_completion_ratio=1.000000 avg_stage2_delay_ms=167.343574 p99_stage2_delay_upper_ms=1000.000000 p99_stage2_delay_over_30s=false stage2_delay_histogram=0,0,0,0,0,0,237,837,600,278,82,0,0,0,0,0,0,0 max_stage2_delay_ms=681.938560 compaction_batch_target=32 compaction_max_delay_ms=25.000000 stage2_rate_per_sec=19.361901 stage1_search_budget_exhausted=0 stage2_search_budget_exhausted=0 stage2_continuations=2034 stage2_remote_frontier_items=11393924 avg_stage2_remote_frontier=5601.732547 stage2_remote_expansions=229372 avg_stage2_remote_expansions=112.768928 stage2_scored_candidates=17038665 avg_stage2_scored_candidates=8376.924779 stage2_graph_read_waves=53611 avg_stage2_expansions_per_graph_wave=4.278450 stage2_graph_unique_reads=234977 stage2_graph_prefetch_issued=159109 stage2_graph_prefetch_hits=153504 stage2_graph_prefetch_wasted=5605 stage2_graph_prefetch_promotion_ratio=0.964773 stage2_graph_issue_width_current=16 stage2_vector_read_waves=110655 avg_stage2_scores_per_vector_wave=153.980073 stage2_vector_unique_reads=15628856 stage2_home_rpc_batches=114456 stage2_home_rpc_items=11632759 avg_stage2_home_rpc_batch=101.635205 stage2_home_score_rpc_batches=46182 stage2_home_score_rpc_items=11397782 stage2_home_score_rpc_queries=203015 stage2_home_score_rpc_request_bytes=296058028 stage2_home_score_rpc_response_bytes=366590504 avg_stage2_home_score_queries_per_rpc=4.395977 avg_stage2_home_score_rpc_batch=246.801394 stage2_home_scored_neighbors=12807002 home_scores_per_expansion=1.100943 stage2_migrations=1825 home_match_rate=0.102753 stage2_final_edges=77473 stage2_cross_edges_stage1_home=65745 stage2_cross_edges_final_home=54838 cross_edge_reduction_ratio=0.165899 failed=0 rpc_timeouts=0 reverse_aggregate_batches=0 reverse_aggregate_logical_requests=0 reverse_aggregate_ops=0 avg_reverse_aggregate_logicals=0.000000 avg_reverse_aggregate_ops=0.000000 max_backlog=9 admission_window=65536 completion_outstanding=0 completion_incomplete=0 completed_behind_hole=0 completion_logical_full_failures=0 completion_physical_full_failures=0 pressure_yields=4423 stage2_batches=599 avg_stage2_batch_size=3.395659 packing_target_batch=8 packing_admit_queue_avg=3.397329 packing_admit_queue_max=9 packing_batch_1_7=559 packing_batch_8=40 packing_assembly_batches=599 packing_assembly_wait_ms=14744.656392 packing_arrival_interval_us=14384 packing_waited_batches=559 packing_wait_ms=13902.431000 packing_target_flushes=40 packing_deadline_flushes=559 packing_cleanup_flushes=0 stage2_phase_search_attempts=599 stage2_phase_search_task_attempts=2034 stage2_phase_search_elapsed_ms=49965.928232 avg_stage2_phase_search_us_per_task=24565.353113 stage2_phase_freeze_prune_attempts=610 stage2_phase_freeze_prune_task_attempts=2077 stage2_phase_freeze_prune_elapsed_ms=1333.520460 avg_stage2_phase_freeze_prune_us_per_task=642.041627 stage2_phase_reverse_prepare_attempts=599 stage2_phase_reverse_prepare_task_attempts=2034 stage2_phase_reverse_prepare_elapsed_ms=5537.803706 avg_stage2_phase_reverse_prepare_us_per_task=2722.617358 stage2_phase_placement_authority_attempts=599 stage2_phase_placement_authority_task_attempts=2034 stage2_phase_placement_authority_elapsed_ms=1377.661913 avg_stage2_phase_placement_authority_us_per_task=677.316575 stage2_phase_completion_handoff_attempts=599 stage2_phase_completion_handoff_task_attempts=2034 stage2_phase_completion_handoff_elapsed_ms=0.764980 avg_stage2_phase_completion_handoff_us_per_task=0.376096 stage2_phase_finalize_attempts=599 stage2_phase_finalize_task_attempts=2034 stage2_phase_finalize_elapsed_ms=2.860561 avg_stage2_phase_finalize_us_per_task=1.406372 maintenance_worker_idle_waits=259840 maintenance_worker_idle_ms=810056.983912 maintenance_lost_wake_avoided=28766 maintenance_targeted_wakes=402439 maintenance_generic_wakes=2034 maintenance_broadcast_wakes=0 maintenance_context_slots_scanned=2130368 maintenance_ready_notifications=229101 maintenance_ready_stale_notifications=0 maintenance_ready_tickets_drained=191958 maintenance_ready_overflow_scans=0 maintenance_ready_fallback_scans=133447 stage2_search_lane_lease_limit=32 stage2_search_lane_lease_peak=14 stage2_search_lane_lease_blocked=0 maintenance_worker_observed_idle_ratio=0.963879 maintenance_worker_observed_busy_ratio=0.036121 physical_stage1_items=2034 physical_stage1_total_ns=9217996996 physical_stage1_search_ns=8706998570 physical_stage1_prune_ns=339638322 physical_stage1_allocate_write_ns=122237617 physical_stage1_backlink_ns=43389898 physical_stage1_candidates=260280 physical_stage1_remote_frontier_items=11393924 physical_stage1_neighbors=74900 peer_stage1_enqueued=3313 peer_stage1_processed=3313 peer_stage1_items=3248 avg_peer_stage1_items=0.980380 peer_stage1_rate_per_sec=30.918119 peer_stage1_max_queue=5 peer_stage1_active_workers=0 peer_stage2_home_enqueued=139508 peer_stage2_home_processed=139508 peer_stage2_home_items=14948228 avg_peer_stage2_home_items=107.149611 peer_stage2_home_max_queue=18 peer_stage2_home_response_queue_drops=0 peer_stage2_home_response_send_wait_ms=915.532336 avg_peer_stage2_home_queue_wait_us=14.744852 avg_peer_stage2_home_execution_us=47.852079 peer_stage1_release_deferred_batches=68 peer_stage1_release_deferred_items=68 peer_stage1_duplicate_retry_responses=0 peer_stage1_admission_retry_responses=0 peer_stage1_retry_response_drops=0 peer_stage1_admission_waiters=0 peer_stage1_admission_waiter_items=0 peer_stage1_admission_owned_items=0 peer_stage1_admission_wake_coverage=0 peer_stage1_admission_parked=0 peer_stage1_admission_woken=0 peer_stage1_admission_reparked=0 peer_stage1_max_admission_waiters=0 peer_stage1_duplicate_coalesced=1 peer_reverse_enqueued=3912 peer_reverse_processed=3912 peer_reverse_remaining=0 peer_reverse_items_enqueued=94055 peer_reverse_items_processed=94055 peer_reverse_rate_per_sec=895.321329 peer_reverse_failed=86 peer_reverse_max_queue=5 reclaim_pending=0 reclaim_reused=1825 dynamic_high_watermark=19602450560 stage2_remaining=0 cleanup_remaining=0 active_contexts=0 active_context_limit=32 repair_remaining=0 remaining=0
[STATUS]: storage-owner maintenance observation: enqueued=2034 stage2_enqueued=2034 cleanup_enqueued=0 stage2_tasks_done=2034 stage2_finalized_live=2034 cleanup_processed=0 stale=0 stage2_completion_ratio=1.000000 live_stage2_completion_ratio=1.000000 avg_stage2_delay_ms=167.343574 p99_stage2_delay_upper_ms=1000.000000 p99_stage2_delay_over_30s=false stage2_delay_histogram=0,0,0,0,0,0,237,837,600,278,82,0,0,0,0,0,0,0 max_stage2_delay_ms=681.938560 compaction_batch_target=32 compaction_max_delay_ms=25.000000 stage2_rate_per_sec=18.481879 stage1_search_budget_exhausted=0 stage2_search_budget_exhausted=0 stage2_continuations=2034 stage2_remote_frontier_items=11393924 avg_stage2_remote_frontier=5601.732547 stage2_remote_expansions=229372 avg_stage2_remote_expansions=112.768928 stage2_scored_candidates=17038665 avg_stage2_scored_candidates=8376.924779 stage2_graph_read_waves=53611 avg_stage2_expansions_per_graph_wave=4.278450 stage2_graph_unique_reads=234977 stage2_graph_prefetch_issued=159109 stage2_graph_prefetch_hits=153504 stage2_graph_prefetch_wasted=5605 stage2_graph_prefetch_promotion_ratio=0.964773 stage2_graph_issue_width_current=16 stage2_vector_read_waves=110655 avg_stage2_scores_per_vector_wave=153.980073 stage2_vector_unique_reads=15628856 stage2_home_rpc_batches=114456 stage2_home_rpc_items=11632759 avg_stage2_home_rpc_batch=101.635205 stage2_home_score_rpc_batches=46182 stage2_home_score_rpc_items=11397782 stage2_home_score_rpc_queries=203015 stage2_home_score_rpc_request_bytes=296058028 stage2_home_score_rpc_response_bytes=366590504 avg_stage2_home_score_queries_per_rpc=4.395977 avg_stage2_home_score_rpc_batch=246.801394 stage2_home_scored_neighbors=12807002 home_scores_per_expansion=1.100943 stage2_migrations=1825 home_match_rate=0.102753 stage2_final_edges=77473 stage2_cross_edges_stage1_home=65745 stage2_cross_edges_final_home=54838 cross_edge_reduction_ratio=0.165899 failed=0 rpc_timeouts=0 reverse_aggregate_batches=0 reverse_aggregate_logical_requests=0 reverse_aggregate_ops=0 avg_reverse_aggregate_logicals=0.000000 avg_reverse_aggregate_ops=0.000000 max_backlog=9 admission_window=65536 completion_outstanding=0 completion_incomplete=0 completed_behind_hole=0 completion_logical_full_failures=0 completion_physical_full_failures=0 pressure_yields=4423 stage2_batches=599 avg_stage2_batch_size=3.395659 packing_target_batch=8 packing_admit_queue_avg=3.397329 packing_admit_queue_max=9 packing_batch_1_7=559 packing_batch_8=40 packing_assembly_batches=599 packing_assembly_wait_ms=14744.656392 packing_arrival_interval_us=14384 packing_waited_batches=559 packing_wait_ms=13902.431000 packing_target_flushes=40 packing_deadline_flushes=559 packing_cleanup_flushes=0 stage2_phase_search_attempts=599 stage2_phase_search_task_attempts=2034 stage2_phase_search_elapsed_ms=49965.928232 avg_stage2_phase_search_us_per_task=24565.353113 stage2_phase_freeze_prune_attempts=610 stage2_phase_freeze_prune_task_attempts=2077 stage2_phase_freeze_prune_elapsed_ms=1333.520460 avg_stage2_phase_freeze_prune_us_per_task=642.041627 stage2_phase_reverse_prepare_attempts=599 stage2_phase_reverse_prepare_task_attempts=2034 stage2_phase_reverse_prepare_elapsed_ms=5537.803706 avg_stage2_phase_reverse_prepare_us_per_task=2722.617358 stage2_phase_placement_authority_attempts=599 stage2_phase_placement_authority_task_attempts=2034 stage2_phase_placement_authority_elapsed_ms=1377.661913 avg_stage2_phase_placement_authority_us_per_task=677.316575 stage2_phase_completion_handoff_attempts=599 stage2_phase_completion_handoff_task_attempts=2034 stage2_phase_completion_handoff_elapsed_ms=0.764980 avg_stage2_phase_completion_handoff_us_per_task=0.376096 stage2_phase_finalize_attempts=599 stage2_phase_finalize_task_attempts=2034 stage2_phase_finalize_elapsed_ms=2.860561 avg_stage2_phase_finalize_us_per_task=1.406372 maintenance_worker_idle_waits=263872 maintenance_worker_idle_ms=850616.702989 maintenance_lost_wake_avoided=28766 maintenance_targeted_wakes=402439 maintenance_generic_wakes=2034 maintenance_broadcast_wakes=0 maintenance_context_slots_scanned=2194880 maintenance_ready_notifications=229101 maintenance_ready_stale_notifications=0 maintenance_ready_tickets_drained=191958 maintenance_ready_overflow_scans=0 maintenance_ready_fallback_scans=137424 stage2_search_lane_lease_limit=32 stage2_search_lane_lease_peak=14 stage2_search_lane_lease_blocked=0 maintenance_worker_observed_idle_ratio=0.966138 maintenance_worker_observed_busy_ratio=0.033862 physical_stage1_items=2034 physical_stage1_total_ns=9217996996 physical_stage1_search_ns=8706998570 physical_stage1_prune_ns=339638322 physical_stage1_allocate_write_ns=122237617 physical_stage1_backlink_ns=43389898 physical_stage1_candidates=260280 physical_stage1_remote_frontier_items=11393924 physical_stage1_neighbors=74900 peer_stage1_enqueued=3313 peer_stage1_processed=3313 peer_stage1_items=3248 avg_peer_stage1_items=0.980380 peer_stage1_rate_per_sec=29.512853 peer_stage1_max_queue=5 peer_stage1_active_workers=0 peer_stage2_home_enqueued=139508 peer_stage2_home_processed=139508 peer_stage2_home_items=14948228 avg_peer_stage2_home_items=107.149611 peer_stage2_home_max_queue=18 peer_stage2_home_response_queue_drops=0 peer_stage2_home_response_send_wait_ms=915.532336 avg_peer_stage2_home_queue_wait_us=14.744852 avg_peer_stage2_home_execution_us=47.852079 peer_stage1_release_deferred_batches=68 peer_stage1_release_deferred_items=68 peer_stage1_duplicate_retry_responses=0 peer_stage1_admission_retry_responses=0 peer_stage1_retry_response_drops=0 peer_stage1_admission_waiters=0 peer_stage1_admission_waiter_items=0 peer_stage1_admission_owned_items=0 peer_stage1_admission_wake_coverage=0 peer_stage1_admission_parked=0 peer_stage1_admission_woken=0 peer_stage1_admission_reparked=0 peer_stage1_max_admission_waiters=0 peer_stage1_duplicate_coalesced=1 peer_reverse_enqueued=3912 peer_reverse_processed=3912 peer_reverse_remaining=0 peer_reverse_items_enqueued=94055 peer_reverse_items_processed=94055 peer_reverse_rate_per_sec=854.627899 peer_reverse_failed=86 peer_reverse_max_queue=5 reclaim_pending=0 reclaim_reused=1825 dynamic_high_watermark=19602450560 stage2_remaining=0 cleanup_remaining=0 active_contexts=0 active_context_limit=32 repair_remaining=0 remaining=0
