============================================================
                        SERVER
============================================================
num clients:                  1
TCP port:                     1234
IB device:                    <auto>
IB port:                      1
max outstanding CQEs:         64
max send work requests:       4096
max receive work requests:    4096
============================================================
index prefix:                     "/data/xjs/index/dvstor_sift100m/index/sift100m_R96_bw128_metis_pmd32_pq32_schema16"
storage shard:                    "/data/xjs/index/dvstor_sift100m/index/sift100m_R96_bw128_metis_pmd32_pq32_schema16_node1_of5.dat"
storage id:                       0
base vectors:                     100000000
vector ID namespace [0,N):        4294967295
registered memory GiB:            24
====================================================================
1 device(s) found
Selected device: ibp86s0
Selected port state: 4, lid: 8
interleaved policy
num_cores: 112
physical cores per socket: 28
hyperthreading enabled
local process CPU partition: rank 0/5 logical_cpus=24
pairing: 8563 -- 5248
[STATUS]: loaded index metadata from /data/xjs/index/dvstor_sift100m/index/sift100m_R96_bw128_metis_pmd32_pq32_schema16 (layout=plain, vector_data_type=uint8)
[STATUS]: storage-owner stage2 candidate width L=128 per shard
allocation size: 25769803776
allocated ALIGNED MEM (no hugepage) at 126251610144832 with buffer size 25769803776
[STATUS]: loading index (19805216640 Bytes) from /data/xjs/index/dvstor_sift100m/index/sift100m_R96_bw128_metis_pmd32_pq32_schema16_node1_of5.dat
[STATUS]: loaded GPU PQ codes (638877952 Bytes) at remote offset 19805220736
[STATUS]: storage-owner idmap loaded entries=20000000 format=owner_sharded_v2_bound immutable_base=true dynamic_shards=256 dynamic_reserved=65536
[STATUS]: compensated physical centroid restored on shard 0: vectors=19964936 entries=4
[STATUS]: register memory and distribute access token
[STATUS]: connect QPs of compute threads
[STATUS]: reserving 64 GPU/bootstrap QPs per compute node
pairing: 8569 -- 5253
pairing: 8573 -- 5258
pairing: 8578 -- 5263
pairing: 8583 -- 5268
pairing: 8588 -- 5273
pairing: 8593 -- 5278
pairing: 8598 -- 5283
pairing: 8603 -- 5288
pairing: 8608 -- 5293
pairing: 8613 -- 5298
pairing: 8618 -- 5303
pairing: 8623 -- 5308
pairing: 8628 -- 5313
pairing: 8633 -- 5318
pairing: 8638 -- 5323
pairing: 8643 -- 5328
pairing: 8648 -- 5333
pairing: 8653 -- 5338
pairing: 8658 -- 5343
pairing: 8663 -- 5348
pairing: 8668 -- 5353
pairing: 8673 -- 5358
pairing: 8678 -- 5363
pairing: 8683 -- 5368
pairing: 8688 -- 5373
pairing: 8693 -- 5378
pairing: 8698 -- 5383
pairing: 8703 -- 5388
pairing: 8708 -- 5393
pairing: 8713 -- 5398
pairing: 8718 -- 5403
pairing: 8723 -- 5408
pairing: 8728 -- 5413
pairing: 8733 -- 5414
pairing: 8734 -- 5415
pairing: 8735 -- 5416
pairing: 8736 -- 5417
pairing: 8737 -- 5418
pairing: 8738 -- 5419
pairing: 8739 -- 5420
pairing: 8740 -- 5421
pairing: 8741 -- 5422
pairing: 8742 -- 5423
pairing: 8743 -- 5424
pairing: 8744 -- 5425
pairing: 8745 -- 5426
pairing: 8746 -- 5427
pairing: 8747 -- 5428
pairing: 8748 -- 5429
pairing: 8749 -- 5430
pairing: 8750 -- 5431
pairing: 8751 -- 5432
pairing: 8752 -- 5433
pairing: 8753 -- 5434
pairing: 8754 -- 5435
pairing: 8755 -- 5436
pairing: 8756 -- 5437
pairing: 8757 -- 5438
pairing: 8758 -- 5439
pairing: 8759 -- 5440
pairing: 8760 -- 5441
pairing: 8761 -- 5442
pairing: 8762 -- 5443
pairing: 8763 -- 5444
[STATUS]: waiting for compute-node startup barrier
1 device(s) found
Selected device: ibp86s0
Selected port state: 4, lid: 8
pairing: 8889 -- 8890
pairing: 8894 -- 8888
pairing: 8896 -- 8891
pairing: 8898 -- 8892
pairing: 8900 -- 8893
pairing: 8901 -- 8895
pairing: 8903 -- 8897
pairing: 8906 -- 8899
pairing: 8908 -- 8902
pairing: 8910 -- 8904
pairing: 8911 -- 8905
pairing: 8913 -- 8907
pairing: 8916 -- 8909
pairing: 8917 -- 8912
pairing: 8919 -- 8914
pairing: 8921 -- 8915
pairing: 8923 -- 8918
pairing: 8925 -- 8920
pairing: 8927 -- 8922
pairing: 8929 -- 8924
pairing: 8931 -- 8926
pairing: 8933 -- 8928
pairing: 8935 -- 8930
pairing: 8937 -- 8932
pairing: 8939 -- 8934
pairing: 8941 -- 8936
pairing: 8943 -- 8938
pairing: 8945 -- 8940
pairing: 8947 -- 8942
pairing: 8949 -- 8944
pairing: 8951 -- 8946
pairing: 8953 -- 8948
[STATUS]: storage-owner peer RDMA QPs per peer: 8
[STATUS]: storage-owner peer QP0 reserved for RPC; data RDMA uses QP1..7
allocated ALIGNED MEM (no hugepage) at 126250542694464 with buffer size 67108864
allocated ALIGNED MEM (no hugepage) at 126250502848576 with buffer size 39839040
[STATUS]: storage-owner peer RPC receive slots per peer: 64 (requested=64)
[STATUS]: storage-owner peer RPC concurrent sends per peer: 16
[STATUS]: storage-owner peer RPC send credits: Stage1/graph are split at depth >= 2; responses use a dedicated sync buffer
[STATUS]: storage-owner peer async response capacity: 32768
allocated ALIGNED MEM (no hugepage) at 126250778308672 with buffer size 488448
allocated ALIGNED MEM (no hugepage) at 104728428003648 with buffer size 53248
allocated ALIGNED MEM (no hugepage) at 104728428058176 with buffer size 53248
[STATUS]: storage-owner peer reverse-update workers: 2
[STATUS]: storage-owner peer Stage1 workers: 8 (dedicated physical-home CPU partition)
[STATUS]: storage-owner physical control workers: cleanup=3 placement=1 (separate blocking domains)
[STATUS]: storage-owner Stage1 artifact capacity: 68096 (64-way, per shard=1064) cleanup replay per shard=2048 active migration receipts=131072
[STATUS]: storage-owner peer reverse-update tuning: queue_depth=65536 coalesce_max=256
allocated ALIGNED MEM (no hugepage) at 104728453358336 with buffer size 108160
allocated ALIGNED MEM (no hugepage) at 104728453468480 with buffer size 108160
allocated ALIGNED MEM (no hugepage) at 104728453578688 with buffer size 108160
allocated ALIGNED MEM (no hugepage) at 104728453688896 with buffer size 108160
[STATUS]: storage-owner peer scratch: snapshot_slot=192 graph_slot=832 batch=64 lane_peak_rdma_wrs=56 lane_useful_wave_rdma_wrs=56 global_read_window=224 search_lanes_global=8 search_lanes_per_worker_min/max=2/2 bytes_per_lane=54080 bytes_total=432640
[STATUS]: storage-owner maintenance workers: 4 (configured=8, admission_baseline_workers=2, work_conserving=true)
[STATUS]: storage-owner stage2 reverse outbox descriptors: 256 aggregates=256 wire_max_ops=3072 (shared per-peer work-conserving aggregation)
[STATUS]: storage-owner maintenance tuning: protocol=centroid-home-two-stage compaction_batch_target=32 backlog_limit=65536 admission_window=128 physical_completion_capacity=65536
[STATUS]: storage-owner peer RDMA read credits: per_data_qp=8 data_qps_per_peer=7 per_peer=56 global=224 shared_cq_read_budget=8095 ordered_snapshot_pairs_per_chain=4 (requested_per_data_qp=8)
[STATUS]: storage-owner online insert tuning: construction_beam=128 snapshot_batch=64 protocol=centroid-home-two-stage
[STATUS]: storage-owner stage1=physical-home local search and backlinks; stage2=one-sided-RDMA continuation
[STATUS]: storage-owner responses=foreground direct post; completion=repost by service poller
[STATUS]: storage-owner foreground pipeline: coordinators=12 cpu_lanes=3 (assigned_cpus=24, rpc_parallelism=16)
[STATUS]: storage-owner CPU plan: foreground_cpu=3 foreground_coordinators=12 maintenance=4 peer_stage1=8 peer_reverse=2 peer_cleanup=3 peer_placement=1 peer_progress=2 foreground_progress=1
[STATUS]: storage-owner insert runtime enabled on shard 0
[STATUS]: storage-owner maintenance observation: enqueued=279 stage2_enqueued=279 cleanup_enqueued=0 stage2_tasks_done=264 stage2_finalized_live=264 cleanup_processed=0 stale=0 stage2_completion_ratio=0.946237 live_stage2_completion_ratio=0.946237 avg_stage2_delay_ms=188.733500 p99_stage2_delay_upper_ms=512.000000 p99_stage2_delay_over_30s=false stage2_delay_histogram=0,0,0,0,9,9,28,46,80,92,0,0,0,0,0,0,0,0 max_stage2_delay_ms=362.889022 compaction_batch_target=32 compaction_max_delay_ms=10.000000 stage2_rate_per_sec=52.636824 stage1_search_budget_exhausted=0 stage2_search_budget_exhausted=0 stage2_continuations=279 stage2_remote_frontier_items=281503 avg_stage2_remote_frontier=1008.971326 stage2_remote_expansions=6230 avg_stage2_remote_expansions=22.329749 stage2_scored_candidates=497407 avg_stage2_scored_candidates=1782.820789 stage2_graph_read_waves=4005 avg_stage2_expansions_per_graph_wave=1.555556 stage2_graph_unique_reads=6313 stage2_vector_read_waves=8748 avg_stage2_scores_per_vector_wave=56.859511 stage2_vector_unique_reads=497304 stage2_migrations=32 home_match_rate=0.878788 stage2_final_edges=15583 stage2_cross_edges_stage1_home=3243 stage2_cross_edges_final_home=2704 cross_edge_reduction_ratio=0.166204 failed=0 rpc_timeouts=0 reverse_aggregate_batches=0 reverse_aggregate_logical_requests=0 reverse_aggregate_ops=0 avg_reverse_aggregate_logicals=0.000000 avg_reverse_aggregate_ops=0.000000 max_backlog=35 admission_window=128 completion_outstanding=15 pressure_yields=9779 stage2_batches=38 avg_stage2_batch_size=7.342105 stage2_phase_search_attempts=36 stage2_phase_search_task_attempts=264 stage2_phase_search_elapsed_ms=2023.682381 avg_stage2_phase_search_us_per_task=7665.463564 stage2_phase_freeze_prune_attempts=187 stage2_phase_freeze_prune_task_attempts=1499 stage2_phase_freeze_prune_elapsed_ms=109.391446 avg_stage2_phase_freeze_prune_us_per_task=72.976282 stage2_phase_reverse_prepare_attempts=36 stage2_phase_reverse_prepare_task_attempts=264 stage2_phase_reverse_prepare_elapsed_ms=625.097075 avg_stage2_phase_reverse_prepare_us_per_task=2367.791951 stage2_phase_placement_authority_attempts=36 stage2_phase_placement_authority_task_attempts=264 stage2_phase_placement_authority_elapsed_ms=9.724984 avg_stage2_phase_placement_authority_us_per_task=36.837061 stage2_phase_completion_handoff_attempts=36 stage2_phase_completion_handoff_task_attempts=264 stage2_phase_completion_handoff_elapsed_ms=0.038947 avg_stage2_phase_completion_handoff_us_per_task=0.147527 stage2_phase_finalize_attempts=36 stage2_phase_finalize_task_attempts=264 stage2_phase_finalize_elapsed_ms=0.436187 avg_stage2_phase_finalize_us_per_task=1.652223 maintenance_worker_idle_waits=261440 maintenance_worker_idle_ms=13110.943929 maintenance_worker_observed_idle_ratio=0.653521 maintenance_worker_observed_busy_ratio=0.346479 peer_stage1_enqueued=243 peer_stage1_processed=243 peer_stage1_items=705 avg_peer_stage1_items=2.901235 peer_stage1_rate_per_sec=140.564245 peer_stage1_max_queue=3 peer_reverse_enqueued=68 peer_reverse_processed=67 peer_reverse_remaining=1 peer_reverse_items_enqueued=3523 peer_reverse_items_processed=3519 peer_reverse_rate_per_sec=701.624934 peer_reverse_failed=0 peer_reverse_max_queue=1 reclaim_pending=1 reclaim_reused=31 dynamic_high_watermark=20444403760 stage2_remaining=0 cleanup_remaining=0 active_contexts=2 repair_remaining=0 remaining=15
[STATUS]: storage-owner maintenance observation: enqueued=2348 stage2_enqueued=2348 cleanup_enqueued=0 stage2_tasks_done=2314 stage2_finalized_live=2314 cleanup_processed=0 stale=0 stage2_completion_ratio=0.985520 live_stage2_completion_ratio=0.985520 avg_stage2_delay_ms=108.952188 p99_stage2_delay_upper_ms=512.000000 p99_stage2_delay_over_30s=false stage2_delay_histogram=0,0,0,1,75,244,354,875,620,145,0,0,0,0,0,0,0,0 max_stage2_delay_ms=362.889022 compaction_batch_target=32 compaction_max_delay_ms=10.000000 stage2_rate_per_sec=231.041634 stage1_search_budget_exhausted=0 stage2_search_budget_exhausted=0 stage2_continuations=2348 stage2_remote_frontier_items=1423221 avg_stage2_remote_frontier=606.141823 stage2_remote_expansions=46437 avg_stage2_remote_expansions=19.777257 stage2_scored_candidates=2659492 avg_stage2_scored_candidates=1132.662692 stage2_graph_read_waves=27422 avg_stage2_expansions_per_graph_wave=1.693421 stage2_graph_unique_reads=46540 stage2_vector_read_waves=48529 avg_stage2_scores_per_vector_wave=54.802118 stage2_vector_unique_reads=2657882 stage2_migrations=232 home_match_rate=0.899741 stage2_final_edges=104485 stage2_cross_edges_stage1_home=17860 stage2_cross_edges_final_home=13868 cross_edge_reduction_ratio=0.223516 failed=0 rpc_timeouts=0 reverse_aggregate_batches=0 reverse_aggregate_logical_requests=0 reverse_aggregate_ops=0 avg_reverse_aggregate_logicals=0.000000 avg_reverse_aggregate_ops=0.000000 max_backlog=37 admission_window=128 completion_outstanding=34 pressure_yields=57313 stage2_batches=253 avg_stage2_batch_size=9.280632 stage2_phase_search_attempts=251 stage2_phase_search_task_attempts=2319 stage2_phase_search_elapsed_ms=10624.603281 avg_stage2_phase_search_us_per_task=4581.545184 stage2_phase_freeze_prune_attempts=886 stage2_phase_freeze_prune_task_attempts=9068 stage2_phase_freeze_prune_elapsed_ms=946.395142 avg_stage2_phase_freeze_prune_us_per_task=104.366469 stage2_phase_reverse_prepare_attempts=250 stage2_phase_reverse_prepare_task_attempts=2314 stage2_phase_reverse_prepare_elapsed_ms=2662.197847 avg_stage2_phase_reverse_prepare_us_per_task=1150.474437 stage2_phase_placement_authority_attempts=250 stage2_phase_placement_authority_task_attempts=2314 stage2_phase_placement_authority_elapsed_ms=130.514666 avg_stage2_phase_placement_authority_us_per_task=56.402189 stage2_phase_completion_handoff_attempts=250 stage2_phase_completion_handoff_task_attempts=2314 stage2_phase_completion_handoff_elapsed_ms=0.275806 avg_stage2_phase_completion_handoff_us_per_task=0.119190 stage2_phase_finalize_attempts=250 stage2_phase_finalize_task_attempts=2314 stage2_phase_finalize_elapsed_ms=3.180328 avg_stage2_phase_finalize_us_per_task=1.374385 maintenance_worker_idle_waits=587712 maintenance_worker_idle_ms=21714.377555 maintenance_worker_observed_idle_ratio=0.542019 maintenance_worker_observed_busy_ratio=0.457981 peer_stage1_enqueued=1742 peer_stage1_processed=1739 peer_stage1_items=5668 avg_peer_stage1_items=3.259344 peer_stage1_rate_per_sec=565.922205 peer_stage1_max_queue=4 peer_reverse_enqueued=600 peer_reverse_processed=600 peer_reverse_remaining=0 peer_reverse_items_enqueued=19256 peer_reverse_items_processed=19256 peer_reverse_rate_per_sec=1922.617850 peer_reverse_failed=0 peer_reverse_max_queue=2 reclaim_pending=0 reclaim_reused=232 dynamic_high_watermark=20446600240 stage2_remaining=0 cleanup_remaining=0 active_contexts=3 repair_remaining=0 remaining=34
[STATUS]: storage-owner maintenance observation: enqueued=4638 stage2_enqueued=4638 cleanup_enqueued=0 stage2_tasks_done=4551 stage2_finalized_live=4551 cleanup_processed=0 stale=0 stage2_completion_ratio=0.981242 live_stage2_completion_ratio=0.981242 avg_stage2_delay_ms=101.132124 p99_stage2_delay_upper_ms=512.000000 p99_stage2_delay_over_30s=false stage2_delay_histogram=0,0,0,2,123,426,906,1805,1097,192,0,0,0,0,0,0,0,0 max_stage2_delay_ms=362.889022 compaction_batch_target=32 compaction_max_delay_ms=10.000000 stage2_rate_per_sec=303.086638 stage1_search_budget_exhausted=0 stage2_search_budget_exhausted=0 stage2_continuations=4638 stage2_remote_frontier_items=2762765 avg_stage2_remote_frontier=595.680250 stage2_remote_expansions=92415 avg_stage2_remote_expansions=19.925614 stage2_scored_candidates=5136332 avg_stage2_scored_candidates=1107.445451 stage2_graph_read_waves=54427 avg_stage2_expansions_per_graph_wave=1.697962 stage2_graph_unique_reads=92536 stage2_vector_read_waves=94424 avg_stage2_scores_per_vector_wave=54.396467 stage2_vector_unique_reads=5133408 stage2_migrations=450 home_match_rate=0.901121 stage2_final_edges=203271 stage2_cross_edges_stage1_home=33502 stage2_cross_edges_final_home=25883 cross_edge_reduction_ratio=0.227419 failed=0 rpc_timeouts=0 reverse_aggregate_batches=0 reverse_aggregate_logical_requests=0 reverse_aggregate_ops=0 avg_reverse_aggregate_logicals=0.000000 avg_reverse_aggregate_ops=0.000000 max_backlog=37 admission_window=128 completion_outstanding=97 pressure_yields=102064 stage2_batches=485 avg_stage2_batch_size=9.562887 stage2_phase_search_attempts=482 stage2_phase_search_task_attempts=4614 stage2_phase_search_elapsed_ms=19970.654718 avg_stage2_phase_search_us_per_task=4328.273671 stage2_phase_freeze_prune_attempts=1503 stage2_phase_freeze_prune_task_attempts=15784 stage2_phase_freeze_prune_elapsed_ms=1753.119624 avg_stage2_phase_freeze_prune_us_per_task=111.069414 stage2_phase_reverse_prepare_attempts=478 stage2_phase_reverse_prepare_task_attempts=4551 stage2_phase_reverse_prepare_elapsed_ms=4907.589081 avg_stage2_phase_reverse_prepare_us_per_task=1078.354006 stage2_phase_placement_authority_attempts=478 stage2_phase_placement_authority_task_attempts=4551 stage2_phase_placement_authority_elapsed_ms=279.641977 avg_stage2_phase_placement_authority_us_per_task=61.446270 stage2_phase_completion_handoff_attempts=478 stage2_phase_completion_handoff_task_attempts=4551 stage2_phase_completion_handoff_elapsed_ms=0.536776 avg_stage2_phase_completion_handoff_us_per_task=0.117947 stage2_phase_finalize_attempts=478 stage2_phase_finalize_task_attempts=4551 stage2_phase_finalize_elapsed_ms=6.132632 avg_stage2_phase_finalize_us_per_task=1.347535 maintenance_worker_idle_waits=928960 maintenance_worker_idle_ms=29600.196107 maintenance_worker_observed_idle_ratio=0.492827 maintenance_worker_observed_busy_ratio=0.507173 peer_stage1_enqueued=3475 peer_stage1_processed=3475 peer_stage1_items=11208 avg_peer_stage1_items=3.225324 peer_stage1_rate_per_sec=746.428267 peer_stage1_max_queue=5 peer_reverse_enqueued=1322 peer_reverse_processed=1322 peer_reverse_remaining=0 peer_reverse_items_enqueued=39822 peer_reverse_items_processed=39822 peer_reverse_rate_per_sec=2652.058034 peer_reverse_failed=0 peer_reverse_max_queue=2 reclaim_pending=1 reclaim_reused=449 dynamic_high_watermark=20449084800 stage2_remaining=0 cleanup_remaining=0 active_contexts=7 repair_remaining=0 remaining=87
[STATUS]: storage-owner maintenance observation: enqueued=7223 stage2_enqueued=7223 cleanup_enqueued=0 stage2_tasks_done=7180 stage2_finalized_live=7180 cleanup_processed=0 stale=0 stage2_completion_ratio=0.994047 live_stage2_completion_ratio=0.994047 avg_stage2_delay_ms=98.405262 p99_stage2_delay_upper_ms=512.000000 p99_stage2_delay_over_30s=false stage2_delay_histogram=0,0,1,7,166,606,1373,3282,1553,192,0,0,0,0,0,0,0,0 max_stage2_delay_ms=362.889022 compaction_batch_target=32 compaction_max_delay_ms=10.000000 stage2_rate_per_sec=358.721612 stage1_search_budget_exhausted=0 stage2_search_budget_exhausted=0 stage2_continuations=7223 stage2_remote_frontier_items=4205502 avg_stage2_remote_frontier=582.237574 stage2_remote_expansions=141336 avg_stage2_remote_expansions=19.567493 stage2_scored_candidates=7810791 avg_stage2_scored_candidates=1081.377682 stage2_graph_read_waves=83103 avg_stage2_expansions_per_graph_wave=1.700733 stage2_graph_unique_reads=141887 stage2_vector_read_waves=143730 avg_stage2_scores_per_vector_wave=54.343498 stage2_vector_unique_reads=7806073 stage2_migrations=707 home_match_rate=0.901532 stage2_final_edges=319026 stage2_cross_edges_stage1_home=51835 stage2_cross_edges_final_home=39988 cross_edge_reduction_ratio=0.228552 failed=0 rpc_timeouts=0 reverse_aggregate_batches=0 reverse_aggregate_logical_requests=0 reverse_aggregate_ops=0 avg_reverse_aggregate_logicals=0.000000 avg_reverse_aggregate_ops=0.000000 max_backlog=47 admission_window=128 completion_outstanding=52 pressure_yields=155300 stage2_batches=726 avg_stage2_batch_size=9.949036 stage2_phase_search_attempts=724 stage2_phase_search_task_attempts=7190 stage2_phase_search_elapsed_ms=29878.159533 avg_stage2_phase_search_us_per_task=4155.515929 stage2_phase_freeze_prune_attempts=2023 stage2_phase_freeze_prune_task_attempts=20086 stage2_phase_freeze_prune_elapsed_ms=2509.449788 avg_stage2_phase_freeze_prune_us_per_task=124.935268 stage2_phase_reverse_prepare_attempts=723 stage2_phase_reverse_prepare_task_attempts=7180 stage2_phase_reverse_prepare_elapsed_ms=7486.572453 avg_stage2_phase_reverse_prepare_us_per_task=1042.698113 stage2_phase_placement_authority_attempts=723 stage2_phase_placement_authority_task_attempts=7180 stage2_phase_placement_authority_elapsed_ms=401.156807 avg_stage2_phase_placement_authority_us_per_task=55.871422 stage2_phase_completion_handoff_attempts=723 stage2_phase_completion_handoff_task_attempts=7180 stage2_phase_completion_handoff_elapsed_ms=0.797773 avg_stage2_phase_completion_handoff_us_per_task=0.111110 stage2_phase_finalize_attempts=723 stage2_phase_finalize_task_attempts=7180 stage2_phase_finalize_elapsed_ms=9.806891 avg_stage2_phase_finalize_us_per_task=1.365862 maintenance_worker_idle_waits=1299136 maintenance_worker_idle_ms=37143.032588 maintenance_worker_observed_idle_ratio=0.463928 maintenance_worker_observed_busy_ratio=0.536072 peer_stage1_enqueued=5238 peer_stage1_processed=5238 peer_stage1_items=17421 avg_peer_stage1_items=3.325888 peer_stage1_rate_per_sec=870.374540 peer_stage1_max_queue=7 peer_reverse_enqueued=2030 peer_reverse_processed=2028 peer_reverse_remaining=2 peer_reverse_items_enqueued=62158 peer_reverse_items_processed=61985 peer_reverse_rate_per_sec=3096.846670 peer_reverse_failed=1 peer_reverse_max_queue=3 reclaim_pending=0 reclaim_reused=707 dynamic_high_watermark=20451861600 stage2_remaining=0 cleanup_remaining=0 active_contexts=3 repair_remaining=0 remaining=43
[STATUS]: storage-owner maintenance observation: enqueued=9682 stage2_enqueued=9682 cleanup_enqueued=0 stage2_tasks_done=9630 stage2_finalized_live=9630 cleanup_processed=0 stale=0 stage2_completion_ratio=0.994629 live_stage2_completion_ratio=0.994629 avg_stage2_delay_ms=96.239277 p99_stage2_delay_upper_ms=512.000000 p99_stage2_delay_over_30s=false stage2_delay_histogram=0,0,1,9,219,724,2168,4264,2053,192,0,0,0,0,0,0,0,0 max_stage2_delay_ms=362.889022 compaction_batch_target=32 compaction_max_delay_ms=10.000000 stage2_rate_per_sec=384.960936 stage1_search_budget_exhausted=0 stage2_search_budget_exhausted=0 stage2_continuations=9682 stage2_remote_frontier_items=5610426 avg_stage2_remote_frontier=579.469738 stage2_remote_expansions=187082 avg_stage2_remote_expansions=19.322661 stage2_scored_candidates=10386483 avg_stage2_scored_candidates=1072.762136 stage2_graph_read_waves=110743 avg_stage2_expansions_per_graph_wave=1.689335 stage2_graph_unique_reads=187644 stage2_vector_read_waves=191755 avg_stage2_scores_per_vector_wave=54.165383 stage2_vector_unique_reads=10380530 stage2_migrations=929 home_match_rate=0.903531 stage2_final_edges=427815 stage2_cross_edges_stage1_home=68897 stage2_cross_edges_final_home=53052 cross_edge_reduction_ratio=0.229981 failed=0 rpc_timeouts=0 reverse_aggregate_batches=0 reverse_aggregate_logical_requests=0 reverse_aggregate_ops=0 avg_reverse_aggregate_logicals=0.000000 avg_reverse_aggregate_ops=0.000000 max_backlog=47 admission_window=128 completion_outstanding=54 pressure_yields=201815 stage2_batches=971 avg_stage2_batch_size=9.971164 stage2_phase_search_attempts=966 stage2_phase_search_task_attempts=9630 stage2_phase_search_elapsed_ms=39003.049217 avg_stage2_phase_search_us_per_task=4050.160874 stage2_phase_freeze_prune_attempts=2694 stage2_phase_freeze_prune_task_attempts=27203 stage2_phase_freeze_prune_elapsed_ms=3258.627930 avg_stage2_phase_freeze_prune_us_per_task=119.789285 stage2_phase_reverse_prepare_attempts=966 stage2_phase_reverse_prepare_task_attempts=9630 stage2_phase_reverse_prepare_elapsed_ms=9962.595815 avg_stage2_phase_reverse_prepare_us_per_task=1034.537468 stage2_phase_placement_authority_attempts=966 stage2_phase_placement_authority_task_attempts=9630 stage2_phase_placement_authority_elapsed_ms=517.326423 avg_stage2_phase_placement_authority_us_per_task=53.720293 stage2_phase_completion_handoff_attempts=966 stage2_phase_completion_handoff_task_attempts=9630 stage2_phase_completion_handoff_elapsed_ms=1.064252 avg_stage2_phase_completion_handoff_us_per_task=0.110514 stage2_phase_finalize_attempts=966 stage2_phase_finalize_task_attempts=9630 stage2_phase_finalize_elapsed_ms=13.275436 avg_stage2_phase_finalize_us_per_task=1.378550 maintenance_worker_idle_waits=1670144 maintenance_worker_idle_ms=44837.326652 maintenance_worker_observed_idle_ratio=0.448095 maintenance_worker_observed_busy_ratio=0.551905 peer_stage1_enqueued=6958 peer_stage1_processed=6954 peer_stage1_items=23241 avg_peer_stage1_items=3.342105 peer_stage1_rate_per_sec=929.063043 peer_stage1_max_queue=9 peer_reverse_enqueued=2691 peer_reverse_processed=2691 peer_reverse_remaining=0 peer_reverse_items_enqueued=82383 peer_reverse_items_processed=82383 peer_reverse_rate_per_sec=3293.274846 peer_reverse_failed=1 peer_reverse_max_queue=3 reclaim_pending=0 reclaim_reused=929 dynamic_high_watermark=20454467840 stage2_remaining=0 cleanup_remaining=0 active_contexts=5 repair_remaining=0 remaining=52
[STATUS]: storage-owner maintenance observation: enqueued=11760 stage2_enqueued=11760 cleanup_enqueued=0 stage2_tasks_done=11693 stage2_finalized_live=11693 cleanup_processed=0 stale=0 stage2_completion_ratio=0.994303 live_stage2_completion_ratio=0.994303 avg_stage2_delay_ms=98.527595 p99_stage2_delay_upper_ms=512.000000 p99_stage2_delay_over_30s=false stage2_delay_histogram=0,0,1,12,243,843,2521,5218,2615,240,0,0,0,0,0,0,0,0 max_stage2_delay_ms=408.344953 compaction_batch_target=32 compaction_max_delay_ms=10.000000 stage2_rate_per_sec=389.565156 stage1_search_budget_exhausted=0 stage2_search_budget_exhausted=0 stage2_continuations=11756 stage2_remote_frontier_items=6970699 avg_stage2_remote_frontier=592.948197 stage2_remote_expansions=231887 avg_stage2_remote_expansions=19.724991 stage2_scored_candidates=12996198 avg_stage2_scored_candidates=1105.494896 stage2_graph_read_waves=137091 avg_stage2_expansions_per_graph_wave=1.691482 stage2_graph_unique_reads=231923 stage2_vector_read_waves=239020 avg_stage2_scores_per_vector_wave=54.372847 stage2_vector_unique_reads=12988538 stage2_migrations=1153 home_match_rate=0.901394 stage2_final_edges=524034 stage2_cross_edges_stage1_home=86258 stage2_cross_edges_final_home=66197 cross_edge_reduction_ratio=0.232570 failed=0 rpc_timeouts=0 reverse_aggregate_batches=0 reverse_aggregate_logical_requests=0 reverse_aggregate_ops=0 avg_reverse_aggregate_logicals=0.000000 avg_reverse_aggregate_ops=0.000000 max_backlog=47 admission_window=128 completion_outstanding=78 pressure_yields=249336 stage2_batches=1177 avg_stage2_batch_size=9.988105 stage2_phase_search_attempts=1175 stage2_phase_search_task_attempts=11728 stage2_phase_search_elapsed_ms=49369.250947 avg_stage2_phase_search_us_per_task=4209.520033 stage2_phase_freeze_prune_attempts=3055 stage2_phase_freeze_prune_task_attempts=30571 stage2_phase_freeze_prune_elapsed_ms=3912.848387 avg_stage2_phase_freeze_prune_us_per_task=127.992162 stage2_phase_reverse_prepare_attempts=1172 stage2_phase_reverse_prepare_task_attempts=11693 stage2_phase_reverse_prepare_elapsed_ms=12323.876226 avg_stage2_phase_reverse_prepare_us_per_task=1053.953325 stage2_phase_placement_authority_attempts=1172 stage2_phase_placement_authority_task_attempts=11693 stage2_phase_placement_authority_elapsed_ms=626.873806 avg_stage2_phase_placement_authority_us_per_task=53.611033 stage2_phase_completion_handoff_attempts=1172 stage2_phase_completion_handoff_task_attempts=11693 stage2_phase_completion_handoff_elapsed_ms=1.292262 avg_stage2_phase_completion_handoff_us_per_task=0.110516 stage2_phase_finalize_attempts=1172 stage2_phase_finalize_task_attempts=11693 stage2_phase_finalize_elapsed_ms=16.331792 avg_stage2_phase_finalize_us_per_task=1.396715 maintenance_worker_idle_waits=2006272 maintenance_worker_idle_ms=52619.249133 maintenance_worker_observed_idle_ratio=0.438267 maintenance_worker_observed_busy_ratio=0.561733 peer_stage1_enqueued=8426 peer_stage1_processed=8425 peer_stage1_items=28144 avg_peer_stage1_items=3.340534 peer_stage1_rate_per_sec=937.648315 peer_stage1_max_queue=9 peer_reverse_enqueued=3217 peer_reverse_processed=3217 peer_reverse_remaining=0 peer_reverse_items_enqueued=101166 peer_reverse_items_processed=101166 peer_reverse_rate_per_sec=3370.456560 peer_reverse_failed=1 peer_reverse_max_queue=3 reclaim_pending=1 reclaim_reused=1152 dynamic_high_watermark=20456641440 stage2_remaining=4 cleanup_remaining=0 active_contexts=5 repair_remaining=0 remaining=67
[STATUS]: storage-owner maintenance observation: enqueued=13465 stage2_enqueued=13465 cleanup_enqueued=0 stage2_tasks_done=13386 stage2_finalized_live=13386 cleanup_processed=0 stale=0 stage2_completion_ratio=0.994133 live_stage2_completion_ratio=0.994133 avg_stage2_delay_ms=99.119980 p99_stage2_delay_upper_ms=512.000000 p99_stage2_delay_over_30s=false stage2_delay_histogram=0,0,1,12,263,923,2821,6020,3087,259,0,0,0,0,0,0,0,0 max_stage2_delay_ms=427.687065 compaction_batch_target=32 compaction_max_delay_ms=10.000000 stage2_rate_per_sec=382.287079 stage1_search_budget_exhausted=0 stage2_search_budget_exhausted=0 stage2_continuations=13464 stage2_remote_frontier_items=8136916 avg_stage2_remote_frontier=604.346108 stage2_remote_expansions=269523 avg_stage2_remote_expansions=20.018048 stage2_scored_candidates=15196584 avg_stage2_scored_candidates=1128.682709 stage2_graph_read_waves=159861 avg_stage2_expansions_per_graph_wave=1.685983 stage2_graph_unique_reads=270732 stage2_vector_read_waves=279483 avg_stage2_scores_per_vector_wave=54.373912 stage2_vector_unique_reads=15187660 stage2_migrations=1346 home_match_rate=0.899447 stage2_final_edges=606862 stage2_cross_edges_stage1_home=100614 stage2_cross_edges_final_home=77131 cross_edge_reduction_ratio=0.233397 failed=0 rpc_timeouts=0 reverse_aggregate_batches=0 reverse_aggregate_logical_requests=0 reverse_aggregate_ops=0 avg_reverse_aggregate_logicals=0.000000 avg_reverse_aggregate_ops=0.000000 max_backlog=52 admission_window=128 completion_outstanding=81 pressure_yields=293102 stage2_batches=1365 avg_stage2_batch_size=9.864469 stage2_phase_search_attempts=1362 stage2_phase_search_task_attempts=13429 stage2_phase_search_elapsed_ms=57334.770743 avg_stage2_phase_search_us_per_task=4269.474327 stage2_phase_freeze_prune_attempts=3858 stage2_phase_freeze_prune_task_attempts=38498 stage2_phase_freeze_prune_elapsed_ms=4537.053167 avg_stage2_phase_freeze_prune_us_per_task=117.851659 stage2_phase_reverse_prepare_attempts=1358 stage2_phase_reverse_prepare_task_attempts=13386 stage2_phase_reverse_prepare_elapsed_ms=14530.627430 avg_stage2_phase_reverse_prepare_us_per_task=1085.509296 stage2_phase_placement_authority_attempts=1358 stage2_phase_placement_authority_task_attempts=13386 stage2_phase_placement_authority_elapsed_ms=741.410318 avg_stage2_phase_placement_authority_us_per_task=55.386995 stage2_phase_completion_handoff_attempts=1358 stage2_phase_completion_handoff_task_attempts=13386 stage2_phase_completion_handoff_elapsed_ms=1.502870 avg_stage2_phase_completion_handoff_us_per_task=0.112272 stage2_phase_finalize_attempts=1358 stage2_phase_finalize_task_attempts=13386 stage2_phase_finalize_elapsed_ms=18.946008 avg_stage2_phase_finalize_us_per_task=1.415360 maintenance_worker_idle_waits=2350912 maintenance_worker_idle_ms=61228.107654 maintenance_worker_observed_idle_ratio=0.437149 maintenance_worker_observed_busy_ratio=0.562851 peer_stage1_enqueued=9717 peer_stage1_processed=9713 peer_stage1_items=32275 avg_peer_stage1_items=3.322866 peer_stage1_rate_per_sec=921.732817 peer_stage1_max_queue=14 peer_reverse_enqueued=3697 peer_reverse_processed=3697 peer_reverse_remaining=0 peer_reverse_items_enqueued=119081 peer_reverse_items_processed=119081 peer_reverse_rate_per_sec=3400.801411 peer_reverse_failed=1 peer_reverse_max_queue=3 reclaim_pending=0 reclaim_reused=1346 dynamic_high_watermark=20458442720 stage2_remaining=0 cleanup_remaining=0 active_contexts=7 repair_remaining=0 remaining=79
[STATUS]: storage-owner maintenance observation: enqueued=15531 stage2_enqueued=15528 cleanup_enqueued=0 stage2_tasks_done=15507 stage2_finalized_live=15507 cleanup_processed=0 stale=0 stage2_completion_ratio=0.998648 live_stage2_completion_ratio=0.998648 avg_stage2_delay_ms=100.453653 p99_stage2_delay_upper_ms=512.000000 p99_stage2_delay_over_30s=false stage2_delay_histogram=0,0,1,13,288,1055,3165,6885,3776,324,0,0,0,0,0,0,0,0 max_stage2_delay_ms=427.687065 compaction_batch_target=32 compaction_max_delay_ms=10.000000 stage2_rate_per_sec=387.524115 stage1_search_budget_exhausted=0 stage2_search_budget_exhausted=0 stage2_continuations=15528 stage2_remote_frontier_items=9572935 avg_stage2_remote_frontier=616.495041 stage2_remote_expansions=313896 avg_stage2_remote_expansions=20.214838 stage2_scored_candidates=17817926 avg_stage2_scored_candidates=1147.470762 stage2_graph_read_waves=186054 avg_stage2_expansions_per_graph_wave=1.687123 stage2_graph_unique_reads=313872 stage2_vector_read_waves=327318 avg_stage2_scores_per_vector_wave=54.436132 stage2_vector_unique_reads=17807963 stage2_migrations=1577 home_match_rate=0.898304 stage2_final_edges=710651 stage2_cross_edges_stage1_home=118750 stage2_cross_edges_final_home=91220 cross_edge_reduction_ratio=0.231832 failed=0 rpc_timeouts=0 reverse_aggregate_batches=0 reverse_aggregate_logical_requests=0 reverse_aggregate_ops=0 avg_reverse_aggregate_logicals=0.000000 avg_reverse_aggregate_ops=0.000000 max_backlog=52 admission_window=128 completion_outstanding=46 pressure_yields=340049 stage2_batches=1588 avg_stage2_batch_size=9.778338 stage2_phase_search_attempts=1588 stage2_phase_search_task_attempts=15528 stage2_phase_search_elapsed_ms=67074.675891 avg_stage2_phase_search_us_per_task=4319.595305 stage2_phase_freeze_prune_attempts=5253 stage2_phase_freeze_prune_task_attempts=51261 stage2_phase_freeze_prune_elapsed_ms=5492.350848 avg_stage2_phase_freeze_prune_us_per_task=107.144824 stage2_phase_reverse_prepare_attempts=1586 stage2_phase_reverse_prepare_task_attempts=15507 stage2_phase_reverse_prepare_elapsed_ms=17130.242218 avg_stage2_phase_reverse_prepare_us_per_task=1104.678030 stage2_phase_placement_authority_attempts=1586 stage2_phase_placement_authority_task_attempts=15507 stage2_phase_placement_authority_elapsed_ms=869.334296 avg_stage2_phase_placement_authority_us_per_task=56.060766 stage2_phase_completion_handoff_attempts=1586 stage2_phase_completion_handoff_task_attempts=15507 stage2_phase_completion_handoff_elapsed_ms=1.755379 avg_stage2_phase_completion_handoff_us_per_task=0.113199 stage2_phase_finalize_attempts=1586 stage2_phase_finalize_task_attempts=15507 stage2_phase_finalize_elapsed_ms=22.155145 avg_stage2_phase_finalize_us_per_task=1.428719 maintenance_worker_idle_waits=2711040 maintenance_worker_idle_ms=68718.564644 maintenance_worker_observed_idle_ratio=0.429324 maintenance_worker_observed_busy_ratio=0.570676 peer_stage1_enqueued=11193 peer_stage1_processed=11191 peer_stage1_items=37231 avg_peer_stage1_items=3.326870 peer_stage1_rate_per_sec=930.412738 peer_stage1_max_queue=14 peer_reverse_enqueued=4341 peer_reverse_processed=4340 peer_reverse_remaining=1 peer_reverse_items_enqueued=140928 peer_reverse_items_processed=140808 peer_reverse_rate_per_sec=3518.829922 peer_reverse_failed=1 peer_reverse_max_queue=3 reclaim_pending=1 reclaim_reused=1576 dynamic_high_watermark=20460649600 stage2_remaining=0 cleanup_remaining=0 active_contexts=2 repair_remaining=0 remaining=24
[STATUS]: storage-owner maintenance observation: enqueued=17759 stage2_enqueued=17759 cleanup_enqueued=0 stage2_tasks_done=17678 stage2_finalized_live=17678 cleanup_processed=0 stale=0 stage2_completion_ratio=0.995439 live_stage2_completion_ratio=0.995439 avg_stage2_delay_ms=98.741769 p99_stage2_delay_upper_ms=512.000000 p99_stage2_delay_over_30s=false stage2_delay_histogram=0,0,1,13,332,1186,3774,7911,4137,324,0,0,0,0,0,0,0,0 max_stage2_delay_ms=427.687065 compaction_batch_target=32 compaction_max_delay_ms=10.000000 stage2_rate_per_sec=392.701194 stage1_search_budget_exhausted=0 stage2_search_budget_exhausted=0 stage2_continuations=17754 stage2_remote_frontier_items=10909569 avg_stage2_remote_frontier=614.485130 stage2_remote_expansions=354070 avg_stage2_remote_expansions=19.943111 stage2_scored_candidates=20220073 avg_stage2_scored_candidates=1138.902388 stage2_graph_read_waves=210414 avg_stage2_expansions_per_graph_wave=1.682730 stage2_graph_unique_reads=354070 stage2_vector_read_waves=371352 avg_stage2_scores_per_vector_wave=54.449883 stage2_vector_unique_reads=20208687 stage2_migrations=1755 home_match_rate=0.900724 stage2_final_edges=809686 stage2_cross_edges_stage1_home=134214 stage2_cross_edges_final_home=103711 cross_edge_reduction_ratio=0.227271 failed=0 rpc_timeouts=0 reverse_aggregate_batches=0 reverse_aggregate_logical_requests=0 reverse_aggregate_ops=0 avg_reverse_aggregate_logicals=0.000000 avg_reverse_aggregate_ops=0.000000 max_backlog=94 admission_window=128 completion_outstanding=93 pressure_yields=377765 stage2_batches=1810 avg_stage2_batch_size=9.808840 stage2_phase_search_attempts=1809 stage2_phase_search_task_attempts=17747 stage2_phase_search_elapsed_ms=74996.916522 avg_stage2_phase_search_us_per_task=4225.892631 stage2_phase_freeze_prune_attempts=6106 stage2_phase_freeze_prune_task_attempts=59384 stage2_phase_freeze_prune_elapsed_ms=6230.851046 avg_stage2_phase_freeze_prune_us_per_task=104.924745 stage2_phase_reverse_prepare_attempts=1805 stage2_phase_reverse_prepare_task_attempts=17678 stage2_phase_reverse_prepare_elapsed_ms=19452.732833 avg_stage2_phase_reverse_prepare_us_per_task=1100.392173 stage2_phase_placement_authority_attempts=1805 stage2_phase_placement_authority_task_attempts=17678 stage2_phase_placement_authority_elapsed_ms=981.732746 avg_stage2_phase_placement_authority_us_per_task=55.534152 stage2_phase_completion_handoff_attempts=1805 stage2_phase_completion_handoff_task_attempts=17678 stage2_phase_completion_handoff_elapsed_ms=1.998822 avg_stage2_phase_completion_handoff_us_per_task=0.113068 stage2_phase_finalize_attempts=1805 stage2_phase_finalize_task_attempts=17678 stage2_phase_finalize_elapsed_ms=25.447445 avg_stage2_phase_finalize_us_per_task=1.439498 maintenance_worker_idle_waits=3094208 maintenance_worker_idle_ms=77032.964553 maintenance_worker_observed_idle_ratio=0.427805 maintenance_worker_observed_busy_ratio=0.572195 peer_stage1_enqueued=12693 peer_stage1_processed=12692 peer_stage1_items=42580 avg_peer_stage1_items=3.354869 peer_stage1_rate_per_sec=945.877184 peer_stage1_max_queue=14 peer_reverse_enqueued=4955 peer_reverse_processed=4955 peer_reverse_remaining=0 peer_reverse_items_enqueued=160830 peer_reverse_items_processed=160830 peer_reverse_rate_per_sec=3572.696747 peer_reverse_failed=2 peer_reverse_max_queue=3 reclaim_pending=2 reclaim_reused=1753 dynamic_high_watermark=20463067600 stage2_remaining=5 cleanup_remaining=0 active_contexts=5 repair_remaining=0 remaining=81
[STATUS]: storage-owner maintenance observation: enqueued=20834 stage2_enqueued=20834 cleanup_enqueued=0 stage2_tasks_done=20809 stage2_finalized_live=20809 cleanup_processed=0 stale=0 stage2_completion_ratio=0.998800 live_stage2_completion_ratio=0.998800 avg_stage2_delay_ms=99.025556 p99_stage2_delay_upper_ms=512.000000 p99_stage2_delay_over_30s=false stage2_delay_histogram=0,0,1,13,367,1326,4546,9195,4990,371,0,0,0,0,0,0,0,0 max_stage2_delay_ms=427.687065 compaction_batch_target=32 compaction_max_delay_ms=10.000000 stage2_rate_per_sec=416.043378 stage1_search_budget_exhausted=0 stage2_search_budget_exhausted=0 stage2_continuations=20823 stage2_remote_frontier_items=12512601 avg_stage2_remote_frontier=600.902896 stage2_remote_expansions=412455 avg_stage2_remote_expansions=19.807665 stage2_scored_candidates=23240062 avg_stage2_scored_candidates=1116.076550 stage2_graph_read_waves=243151 avg_stage2_expansions_per_graph_wave=1.696292 stage2_graph_unique_reads=412267 stage2_vector_read_waves=426182 avg_stage2_scores_per_vector_wave=54.530839 stage2_vector_unique_reads=23223032 stage2_migrations=2035 home_match_rate=0.902206 stage2_final_edges=943147 stage2_cross_edges_stage1_home=154953 stage2_cross_edges_final_home=119277 cross_edge_reduction_ratio=0.230238 failed=0 rpc_timeouts=0 reverse_aggregate_batches=0 reverse_aggregate_logical_requests=0 reverse_aggregate_ops=0 avg_reverse_aggregate_logicals=0.000000 avg_reverse_aggregate_ops=0.000000 max_backlog=94 admission_window=128 completion_outstanding=25 pressure_yields=438407 stage2_batches=2051 avg_stage2_batch_size=10.152608 stage2_phase_search_attempts=2049 stage2_phase_search_task_attempts=20809 stage2_phase_search_elapsed_ms=85695.438753 avg_stage2_phase_search_us_per_task=4118.191107 stage2_phase_freeze_prune_attempts=6851 stage2_phase_freeze_prune_task_attempts=68478 stage2_phase_freeze_prune_elapsed_ms=7247.038294 avg_stage2_phase_freeze_prune_us_per_task=105.830169 stage2_phase_reverse_prepare_attempts=2049 stage2_phase_reverse_prepare_task_attempts=20809 stage2_phase_reverse_prepare_elapsed_ms=22368.895806 avg_stage2_phase_reverse_prepare_us_per_task=1074.962555 stage2_phase_placement_authority_attempts=2049 stage2_phase_placement_authority_task_attempts=20809 stage2_phase_placement_authority_elapsed_ms=1120.982625 avg_stage2_phase_placement_authority_us_per_task=53.870086 stage2_phase_completion_handoff_attempts=2049 stage2_phase_completion_handoff_task_attempts=20809 stage2_phase_completion_handoff_elapsed_ms=2.275220 avg_stage2_phase_completion_handoff_us_per_task=0.109338 stage2_phase_finalize_attempts=2049 stage2_phase_finalize_task_attempts=20809 stage2_phase_finalize_elapsed_ms=29.888395 avg_stage2_phase_finalize_us_per_task=1.436321 maintenance_worker_idle_waits=3447232 maintenance_worker_idle_ms=83994.088884 maintenance_worker_observed_idle_ratio=0.419833 maintenance_worker_observed_busy_ratio=0.580167 peer_stage1_enqueued=14554 peer_stage1_processed=14552 peer_stage1_items=49961 avg_peer_stage1_items=3.433274 peer_stage1_rate_per_sec=998.891981 peer_stage1_max_queue=14 peer_reverse_enqueued=5748 peer_reverse_processed=5748 peer_reverse_remaining=0 peer_reverse_items_enqueued=184309 peer_reverse_items_processed=184309 peer_reverse_rate_per_sec=3684.969918 peer_reverse_failed=2 peer_reverse_max_queue=3 reclaim_pending=0 reclaim_reused=2035 dynamic_high_watermark=20466339440 stage2_remaining=11 cleanup_remaining=0 active_contexts=2 repair_remaining=0 remaining=25
[STATUS]: storage-owner maintenance observation: enqueued=22574 stage2_enqueued=22574 cleanup_enqueued=0 stage2_tasks_done=22574 stage2_finalized_live=22574 cleanup_processed=0 stale=0 stage2_completion_ratio=1.000000 live_stage2_completion_ratio=1.000000 avg_stage2_delay_ms=99.910697 p99_stage2_delay_upper_ms=512.000000 p99_stage2_delay_over_30s=false stage2_delay_histogram=0,0,2,13,388,1400,4917,9884,5539,431,0,0,0,0,0,0,0,0 max_stage2_delay_ms=427.687065 compaction_batch_target=32 compaction_max_delay_ms=10.000000 stage2_rate_per_sec=410.313705 stage1_search_budget_exhausted=0 stage2_search_budget_exhausted=0 stage2_continuations=22574 stage2_remote_frontier_items=13728124 avg_stage2_remote_frontier=608.138744 stage2_remote_expansions=449838 avg_stage2_remote_expansions=19.927261 stage2_scored_candidates=25477863 avg_stage2_scored_candidates=1128.637503 stage2_graph_read_waves=265359 avg_stage2_expansions_per_graph_wave=1.695205 stage2_graph_unique_reads=449564 stage2_vector_read_waves=466877 avg_stage2_scores_per_vector_wave=54.570825 stage2_vector_unique_reads=25460099 stage2_migrations=2202 home_match_rate=0.902454 stage2_final_edges=1029733 stage2_cross_edges_stage1_home=169926 stage2_cross_edges_final_home=130980 cross_edge_reduction_ratio=0.229194 failed=0 rpc_timeouts=0 reverse_aggregate_batches=0 reverse_aggregate_logical_requests=0 reverse_aggregate_ops=0 avg_reverse_aggregate_logicals=0.000000 avg_reverse_aggregate_ops=0.000000 max_backlog=94 admission_window=128 completion_outstanding=0 pressure_yields=476450 stage2_batches=2242 avg_stage2_batch_size=10.068689 stage2_phase_search_attempts=2242 stage2_phase_search_task_attempts=22574 stage2_phase_search_elapsed_ms=93893.153796 avg_stage2_phase_search_us_per_task=4159.349420 stage2_phase_freeze_prune_attempts=8204 stage2_phase_freeze_prune_task_attempts=85078 stage2_phase_freeze_prune_elapsed_ms=7940.658809 avg_stage2_phase_freeze_prune_us_per_task=93.333868 stage2_phase_reverse_prepare_attempts=2242 stage2_phase_reverse_prepare_task_attempts=22574 stage2_phase_reverse_prepare_elapsed_ms=24584.309324 avg_stage2_phase_reverse_prepare_us_per_task=1089.054192 stage2_phase_placement_authority_attempts=2242 stage2_phase_placement_authority_task_attempts=22574 stage2_phase_placement_authority_elapsed_ms=1209.215661 avg_stage2_phase_placement_authority_us_per_task=53.566743 stage2_phase_completion_handoff_attempts=2242 stage2_phase_completion_handoff_task_attempts=22574 stage2_phase_completion_handoff_elapsed_ms=2.500163 avg_stage2_phase_completion_handoff_us_per_task=0.110754 stage2_phase_finalize_attempts=2242 stage2_phase_finalize_task_attempts=22574 stage2_phase_finalize_elapsed_ms=32.479378 avg_stage2_phase_finalize_us_per_task=1.438796 maintenance_worker_idle_waits=3797440 maintenance_worker_idle_ms=92650.541359 maintenance_worker_observed_idle_ratio=0.421013 maintenance_worker_observed_busy_ratio=0.578987 peer_stage1_enqueued=15741 peer_stage1_processed=15741 peer_stage1_items=54111 avg_peer_stage1_items=3.437583 peer_stage1_rate_per_sec=983.542346 peer_stage1_max_queue=14 peer_reverse_enqueued=6249 peer_reverse_processed=6249 peer_reverse_remaining=0 peer_reverse_items_enqueued=201830 peer_reverse_items_processed=201830 peer_reverse_rate_per_sec=3668.539700 peer_reverse_failed=2 peer_reverse_max_queue=3 reclaim_pending=2 reclaim_reused=2200 dynamic_high_watermark=20468198960 stage2_remaining=0 cleanup_remaining=0 active_contexts=0 repair_remaining=0 remaining=0
[STATUS]: storage-owner maintenance observation: enqueued=24801 stage2_enqueued=24801 cleanup_enqueued=0 stage2_tasks_done=24743 stage2_finalized_live=24743 cleanup_processed=0 stale=0 stage2_completion_ratio=0.997661 live_stage2_completion_ratio=0.997661 avg_stage2_delay_ms=100.450763 p99_stage2_delay_upper_ms=512.000000 p99_stage2_delay_over_30s=false stage2_delay_histogram=0,0,5,13,418,1504,5327,10788,6234,454,0,0,0,0,0,0,0,0 max_stage2_delay_ms=427.687065 compaction_batch_target=32 compaction_max_delay_ms=10.000000 stage2_rate_per_sec=412.270398 stage1_search_budget_exhausted=0 stage2_search_budget_exhausted=0 stage2_continuations=24798 stage2_remote_frontier_items=15198802 avg_stage2_remote_frontier=612.904347 stage2_remote_expansions=493184 avg_stage2_remote_expansions=19.888055 stage2_scored_candidates=28123963 avg_stage2_scored_candidates=1134.122228 stage2_graph_read_waves=291538 avg_stage2_expansions_per_graph_wave=1.691663 stage2_graph_unique_reads=493051 stage2_vector_read_waves=514623 avg_stage2_scores_per_vector_wave=54.649643 stage2_vector_unique_reads=28104679 stage2_migrations=2414 home_match_rate=0.902437 stage2_final_edges=1134482 stage2_cross_edges_stage1_home=187049 stage2_cross_edges_final_home=144402 cross_edge_reduction_ratio=0.227999 failed=0 rpc_timeouts=0 reverse_aggregate_batches=0 reverse_aggregate_logical_requests=0 reverse_aggregate_ops=0 avg_reverse_aggregate_logicals=0.000000 avg_reverse_aggregate_ops=0.000000 max_backlog=94 admission_window=128 completion_outstanding=58 pressure_yields=524109 stage2_batches=2457 avg_stage2_batch_size=10.092796 stage2_phase_search_attempts=2455 stage2_phase_search_task_attempts=24746 stage2_phase_search_elapsed_ms=103426.708296 avg_stage2_phase_search_us_per_task=4179.532381 stage2_phase_freeze_prune_attempts=9424 stage2_phase_freeze_prune_task_attempts=96627 stage2_phase_freeze_prune_elapsed_ms=8738.414232 avg_stage2_phase_freeze_prune_us_per_task=90.434498 stage2_phase_reverse_prepare_attempts=2454 stage2_phase_reverse_prepare_task_attempts=24743 stage2_phase_reverse_prepare_elapsed_ms=27247.886920 avg_stage2_phase_reverse_prepare_us_per_task=1101.236185 stage2_phase_placement_authority_attempts=2454 stage2_phase_placement_authority_task_attempts=24743 stage2_phase_placement_authority_elapsed_ms=1314.600147 avg_stage2_phase_placement_authority_us_per_task=53.130184 stage2_phase_completion_handoff_attempts=2454 stage2_phase_completion_handoff_task_attempts=24743 stage2_phase_completion_handoff_elapsed_ms=2.737865 avg_stage2_phase_completion_handoff_us_per_task=0.110652 stage2_phase_finalize_attempts=2454 stage2_phase_finalize_task_attempts=24743 stage2_phase_finalize_elapsed_ms=35.503475 avg_stage2_phase_finalize_us_per_task=1.434890 maintenance_worker_idle_waits=4160640 maintenance_worker_idle_ms=100129.861008 maintenance_worker_observed_idle_ratio=0.417093 maintenance_worker_observed_busy_ratio=0.582907 peer_stage1_enqueued=17321 peer_stage1_processed=17314 peer_stage1_items=59418 avg_peer_stage1_items=3.431789 peer_stage1_rate_per_sec=990.028798 peer_stage1_max_queue=14 peer_reverse_enqueued=6849 peer_reverse_processed=6849 peer_reverse_remaining=0 peer_reverse_items_enqueued=222611 peer_reverse_items_processed=222611 peer_reverse_rate_per_sec=3709.167266 peer_reverse_failed=3 peer_reverse_max_queue=3 reclaim_pending=0 reclaim_reused=2414 dynamic_high_watermark=20470597200 stage2_remaining=3 cleanup_remaining=0 active_contexts=3 repair_remaining=0 remaining=58
[STATUS]: storage-owner maintenance observation: enqueued=26663 stage2_enqueued=26663 cleanup_enqueued=0 stage2_tasks_done=26585 stage2_finalized_live=26585 cleanup_processed=0 stale=0 stage2_completion_ratio=0.997075 live_stage2_completion_ratio=0.997075 avg_stage2_delay_ms=99.234527 p99_stage2_delay_upper_ms=512.000000 p99_stage2_delay_over_30s=false stage2_delay_histogram=0,0,5,14,444,1655,5887,11555,6571,454,0,0,0,0,0,0,0,0 max_stage2_delay_ms=427.687065 compaction_batch_target=32 compaction_max_delay_ms=10.000000 stage2_rate_per_sec=408.896408 stage1_search_budget_exhausted=0 stage2_search_budget_exhausted=0 stage2_continuations=26646 stage2_remote_frontier_items=16387345 avg_stage2_remote_frontier=615.002064 stage2_remote_expansions=531294 avg_stage2_remote_expansions=19.938978 stage2_scored_candidates=30309430 avg_stage2_scored_candidates=1137.485176 stage2_graph_read_waves=314111 avg_stage2_expansions_per_graph_wave=1.691421 stage2_graph_unique_reads=531166 stage2_vector_read_waves=554499 avg_stage2_scores_per_vector_wave=54.660928 stage2_vector_unique_reads=30289130 stage2_migrations=2595 home_match_rate=0.902389 stage2_final_edges=1218376 stage2_cross_edges_stage1_home=201200 stage2_cross_edges_final_home=155531 cross_edge_reduction_ratio=0.226983 failed=0 rpc_timeouts=0 reverse_aggregate_batches=0 reverse_aggregate_logical_requests=0 reverse_aggregate_ops=0 avg_reverse_aggregate_logicals=0.000000 avg_reverse_aggregate_ops=0.000000 max_backlog=94 admission_window=128 completion_outstanding=78 pressure_yields=549890 stage2_batches=2664 avg_stage2_batch_size=10.002252 stage2_phase_search_attempts=2661 stage2_phase_search_task_attempts=26598 stage2_phase_search_elapsed_ms=110266.767354 avg_stage2_phase_search_us_per_task=4145.678899 stage2_phase_freeze_prune_attempts=10291 stage2_phase_freeze_prune_task_attempts=104962 stage2_phase_freeze_prune_elapsed_ms=9406.671432 avg_stage2_phase_freeze_prune_us_per_task=89.619781 stage2_phase_reverse_prepare_attempts=2660 stage2_phase_reverse_prepare_task_attempts=26585 stage2_phase_reverse_prepare_elapsed_ms=29125.847199 avg_stage2_phase_reverse_prepare_us_per_task=1095.574467 stage2_phase_placement_authority_attempts=2660 stage2_phase_placement_authority_task_attempts=26585 stage2_phase_placement_authority_elapsed_ms=1416.820897 avg_stage2_phase_placement_authority_us_per_task=53.293997 stage2_phase_completion_handoff_attempts=2660 stage2_phase_completion_handoff_task_attempts=26585 stage2_phase_completion_handoff_elapsed_ms=2.980767 avg_stage2_phase_completion_handoff_us_per_task=0.112122 stage2_phase_finalize_attempts=2660 stage2_phase_finalize_task_attempts=26585 stage2_phase_finalize_elapsed_ms=38.198864 avg_stage2_phase_finalize_us_per_task=1.436858 maintenance_worker_idle_waits=4542912 maintenance_worker_idle_ms=108891.671372 maintenance_worker_observed_idle_ratio=0.418708 maintenance_worker_observed_busy_ratio=0.581292 peer_stage1_enqueued=18740 peer_stage1_processed=18738 peer_stage1_items=63915 avg_peer_stage1_items=3.410983 peer_stage1_rate_per_sec=983.058639 peer_stage1_max_queue=14 peer_reverse_enqueued=7422 peer_reverse_processed=7422 peer_reverse_remaining=0 peer_reverse_items_enqueued=240517 peer_reverse_items_processed=240517 peer_reverse_rate_per_sec=3699.324331 peer_reverse_failed=4 peer_reverse_max_queue=3 reclaim_pending=0 reclaim_reused=2595 dynamic_high_watermark=20472570080 stage2_remaining=17 cleanup_remaining=0 active_contexts=4 repair_remaining=0 remaining=78
[STATUS]: storage-owner maintenance observation: enqueued=28921 stage2_enqueued=28921 cleanup_enqueued=0 stage2_tasks_done=28862 stage2_finalized_live=28862 cleanup_processed=0 stale=0 stage2_completion_ratio=0.997960 live_stage2_completion_ratio=0.997960 avg_stage2_delay_ms=98.922416 p99_stage2_delay_upper_ms=512.000000 p99_stage2_delay_over_30s=false stage2_delay_histogram=0,0,5,17,498,1814,6331,12698,7016,483,0,0,0,0,0,0,0,0 max_stage2_delay_ms=427.687065 compaction_batch_target=32 compaction_max_delay_ms=10.000000 stage2_rate_per_sec=412.216770 stage1_search_budget_exhausted=0 stage2_search_budget_exhausted=0 stage2_continuations=28921 stage2_remote_frontier_items=17835018 avg_stage2_remote_frontier=616.680544 stage2_remote_expansions=577537 avg_stage2_remote_expansions=19.969469 stage2_scored_candidates=32956506 avg_stage2_scored_candidates=1139.535493 stage2_graph_read_waves=341661 avg_stage2_expansions_per_graph_wave=1.690380 stage2_graph_unique_reads=577287 stage2_vector_read_waves=603005 avg_stage2_scores_per_vector_wave=54.653786 stage2_vector_unique_reads=32934998 stage2_migrations=2821 home_match_rate=0.902259 stage2_final_edges=1323881 stage2_cross_edges_stage1_home=218646 stage2_cross_edges_final_home=169274 cross_edge_reduction_ratio=0.225808 failed=0 rpc_timeouts=0 reverse_aggregate_batches=0 reverse_aggregate_logical_requests=0 reverse_aggregate_ops=0 avg_reverse_aggregate_logicals=0.000000 avg_reverse_aggregate_ops=0.000000 max_backlog=94 admission_window=128 completion_outstanding=72 pressure_yields=594871 stage2_batches=2892 avg_stage2_batch_size=10.000346 stage2_phase_search_attempts=2889 stage2_phase_search_task_attempts=28886 stage2_phase_search_elapsed_ms=119667.684834 avg_stage2_phase_search_us_per_task=4142.757212 stage2_phase_freeze_prune_attempts=11652 stage2_phase_freeze_prune_task_attempts=117809 stage2_phase_freeze_prune_elapsed_ms=10317.788714 avg_stage2_phase_freeze_prune_us_per_task=87.580649 stage2_phase_reverse_prepare_attempts=2886 stage2_phase_reverse_prepare_task_attempts=28862 stage2_phase_reverse_prepare_elapsed_ms=31619.948029 avg_stage2_phase_reverse_prepare_us_per_task=1095.556373 stage2_phase_placement_authority_attempts=2886 stage2_phase_placement_authority_task_attempts=28862 stage2_phase_placement_authority_elapsed_ms=1537.301292 avg_stage2_phase_placement_authority_us_per_task=53.263852 stage2_phase_completion_handoff_attempts=2886 stage2_phase_completion_handoff_task_attempts=28862 stage2_phase_completion_handoff_elapsed_ms=3.233267 avg_stage2_phase_completion_handoff_us_per_task=0.112025 stage2_phase_finalize_attempts=2886 stage2_phase_finalize_task_attempts=28862 stage2_phase_finalize_elapsed_ms=41.182395 avg_stage2_phase_finalize_us_per_task=1.426873 maintenance_worker_idle_waits=4883840 maintenance_worker_idle_ms=116295.535062 maintenance_worker_observed_idle_ratio=0.415243 maintenance_worker_observed_busy_ratio=0.584757 peer_stage1_enqueued=20384 peer_stage1_processed=20384 peer_stage1_items=69355 avg_peer_stage1_items=3.402423 peer_stage1_rate_per_sec=990.551385 peer_stage1_max_queue=14 peer_reverse_enqueued=8012 peer_reverse_processed=8011 peer_reverse_remaining=1 peer_reverse_items_enqueued=262809 peer_reverse_items_processed=262764 peer_reverse_rate_per_sec=3752.883631 peer_reverse_failed=4 peer_reverse_max_queue=4 reclaim_pending=0 reclaim_reused=2821 dynamic_high_watermark=20474977680 stage2_remaining=0 cleanup_remaining=0 active_contexts=6 repair_remaining=0 remaining=59
[STATUS]: storage-owner maintenance observation: enqueued=31207 stage2_enqueued=31207 cleanup_enqueued=0 stage2_tasks_done=31203 stage2_finalized_live=31203 cleanup_processed=0 stale=0 stage2_completion_ratio=0.999872 live_stage2_completion_ratio=0.999872 avg_stage2_delay_ms=98.186462 p99_stage2_delay_upper_ms=512.000000 p99_stage2_delay_over_30s=false stage2_delay_histogram=0,0,5,18,525,2045,6946,13772,7348,544,0,0,0,0,0,0,0,0 max_stage2_delay_ms=427.687065 compaction_batch_target=32 compaction_max_delay_ms=10.000000 stage2_rate_per_sec=415.948152 stage1_search_budget_exhausted=0 stage2_search_budget_exhausted=0 stage2_continuations=31207 stage2_remote_frontier_items=19178288 avg_stage2_remote_frontier=614.550838 stage2_remote_expansions=625092 avg_stage2_remote_expansions=20.030506 stage2_scored_candidates=35501867 avg_stage2_scored_candidates=1137.625116 stage2_graph_read_waves=369032 avg_stage2_expansions_per_graph_wave=1.693869 stage2_graph_unique_reads=624762 stage2_vector_read_waves=649719 avg_stage2_scores_per_vector_wave=54.641879 stage2_vector_unique_reads=35478542 stage2_migrations=3058 home_match_rate=0.901997 stage2_final_edges=1426046 stage2_cross_edges_stage1_home=235549 stage2_cross_edges_final_home=182401 cross_edge_reduction_ratio=0.225635 failed=0 rpc_timeouts=0 reverse_aggregate_batches=0 reverse_aggregate_logical_requests=0 reverse_aggregate_ops=0 avg_reverse_aggregate_logicals=0.000000 avg_reverse_aggregate_ops=0.000000 max_backlog=94 admission_window=128 completion_outstanding=7 pressure_yields=637257 stage2_batches=3108 avg_stage2_batch_size=10.040862 stage2_phase_search_attempts=3108 stage2_phase_search_task_attempts=31207 stage2_phase_search_elapsed_ms=128433.251967 avg_stage2_phase_search_us_per_task=4115.527028 stage2_phase_freeze_prune_attempts=12501 stage2_phase_freeze_prune_task_attempts=124109 stage2_phase_freeze_prune_elapsed_ms=11096.780230 avg_stage2_phase_freeze_prune_us_per_task=89.411567 stage2_phase_reverse_prepare_attempts=3107 stage2_phase_reverse_prepare_task_attempts=31203 stage2_phase_reverse_prepare_elapsed_ms=33955.832460 avg_stage2_phase_reverse_prepare_us_per_task=1088.223327 stage2_phase_placement_authority_attempts=3107 stage2_phase_placement_authority_task_attempts=31203 stage2_phase_placement_authority_elapsed_ms=1663.577109 avg_stage2_phase_placement_authority_us_per_task=53.314653 stage2_phase_completion_handoff_attempts=3107 stage2_phase_completion_handoff_task_attempts=31203 stage2_phase_completion_handoff_elapsed_ms=3.494784 avg_stage2_phase_completion_handoff_us_per_task=0.112002 stage2_phase_finalize_attempts=3107 stage2_phase_finalize_task_attempts=31203 stage2_phase_finalize_elapsed_ms=44.562057 avg_stage2_phase_finalize_us_per_task=1.428134 maintenance_worker_idle_waits=5241024 maintenance_worker_idle_ms=124174.444238 maintenance_worker_observed_idle_ratio=0.413823 maintenance_worker_observed_busy_ratio=0.586177 peer_stage1_enqueued=21867 peer_stage1_processed=21867 peer_stage1_items=74850 avg_peer_stage1_items=3.422966 peer_stage1_rate_per_sec=997.779675 peer_stage1_max_queue=14 peer_reverse_enqueued=8678 peer_reverse_processed=8677 peer_reverse_remaining=1 peer_reverse_items_enqueued=283818 peer_reverse_items_processed=283791 peer_reverse_rate_per_sec=3783.044644 peer_reverse_failed=4 peer_reverse_max_queue=4 reclaim_pending=3 reclaim_reused=3055 dynamic_high_watermark=20477423760 stage2_remaining=0 cleanup_remaining=0 active_contexts=1 repair_remaining=0 remaining=4
[STATUS]: storage-owner maintenance observation: enqueued=33340 stage2_enqueued=33340 cleanup_enqueued=0 stage2_tasks_done=33276 stage2_finalized_live=33276 cleanup_processed=0 stale=0 stage2_completion_ratio=0.998080 live_stage2_completion_ratio=0.998080 avg_stage2_delay_ms=97.893194 p99_stage2_delay_upper_ms=512.000000 p99_stage2_delay_over_30s=false stage2_delay_histogram=0,0,5,24,552,2184,7415,14775,7756,565,0,0,0,0,0,0,0,0 max_stage2_delay_ms=427.687065 compaction_batch_target=32 compaction_max_delay_ms=10.000000 stage2_rate_per_sec=415.863887 stage1_search_budget_exhausted=0 stage2_search_budget_exhausted=0 stage2_continuations=33334 stage2_remote_frontier_items=20490317 avg_stage2_remote_frontier=614.697216 stage2_remote_expansions=669327 avg_stage2_remote_expansions=20.079408 stage2_scored_candidates=37937089 avg_stage2_scored_candidates=1138.089908 stage2_graph_read_waves=394354 avg_stage2_expansions_per_graph_wave=1.697275 stage2_graph_unique_reads=669104 stage2_vector_read_waves=693731 avg_stage2_scores_per_vector_wave=54.685590 stage2_vector_unique_reads=37913140 stage2_migrations=3277 home_match_rate=0.901521 stage2_final_edges=1520163 stage2_cross_edges_stage1_home=251720 stage2_cross_edges_final_home=195078 cross_edge_reduction_ratio=0.225020 failed=0 rpc_timeouts=0 reverse_aggregate_batches=0 reverse_aggregate_logical_requests=0 reverse_aggregate_ops=0 avg_reverse_aggregate_logicals=0.000000 avg_reverse_aggregate_ops=0.000000 max_backlog=94 admission_window=128 completion_outstanding=64 pressure_yields=674383 stage2_batches=3318 avg_stage2_batch_size=10.046414 stage2_phase_search_attempts=3315 stage2_phase_search_task_attempts=33285 stage2_phase_search_elapsed_ms=136751.699941 avg_stage2_phase_search_us_per_task=4108.508335 stage2_phase_freeze_prune_attempts=13366 stage2_phase_freeze_prune_task_attempts=133368 stage2_phase_freeze_prune_elapsed_ms=11841.685553 avg_stage2_phase_freeze_prune_us_per_task=88.789556 stage2_phase_reverse_prepare_attempts=3314 stage2_phase_reverse_prepare_task_attempts=33276 stage2_phase_reverse_prepare_elapsed_ms=36120.383366 avg_stage2_phase_reverse_prepare_us_per_task=1085.478524 stage2_phase_placement_authority_attempts=3314 stage2_phase_placement_authority_task_attempts=33276 stage2_phase_placement_authority_elapsed_ms=1775.439280 avg_stage2_phase_placement_authority_us_per_task=53.354949 stage2_phase_completion_handoff_attempts=3314 stage2_phase_completion_handoff_task_attempts=33276 stage2_phase_completion_handoff_elapsed_ms=3.738625 avg_stage2_phase_completion_handoff_us_per_task=0.112352 stage2_phase_finalize_attempts=3314 stage2_phase_finalize_task_attempts=33276 stage2_phase_finalize_elapsed_ms=47.570435 avg_stage2_phase_finalize_us_per_task=1.429572 maintenance_worker_idle_waits=5597440 maintenance_worker_idle_ms=132115.517929 maintenance_worker_observed_idle_ratio=0.412776 maintenance_worker_observed_busy_ratio=0.587224 peer_stage1_enqueued=23414 peer_stage1_processed=23414 peer_stage1_items=80004 avg_peer_stage1_items=3.416930 peer_stage1_rate_per_sec=999.842961 peer_stage1_max_queue=14 peer_reverse_enqueued=9323 peer_reverse_processed=9323 peer_reverse_remaining=0 peer_reverse_items_enqueued=303636 peer_reverse_items_processed=303636 peer_reverse_rate_per_sec=3794.664235 peer_reverse_failed=4 peer_reverse_max_queue=4 reclaim_pending=0 reclaim_reused=3277 dynamic_high_watermark=20479697200 stage2_remaining=6 cleanup_remaining=0 active_contexts=4 repair_remaining=0 remaining=64
[STATUS]: storage-owner maintenance observation: enqueued=35933 stage2_enqueued=35933 cleanup_enqueued=0 stage2_tasks_done=35828 stage2_finalized_live=35828 cleanup_processed=0 stale=0 stage2_completion_ratio=0.997078 live_stage2_completion_ratio=0.997078 avg_stage2_delay_ms=98.107643 p99_stage2_delay_upper_ms=512.000000 p99_stage2_delay_over_30s=false stage2_delay_histogram=0,0,6,24,589,2312,7865,16060,8369,603,0,0,0,0,0,0,0,0 max_stage2_delay_ms=427.687065 compaction_batch_target=32 compaction_max_delay_ms=10.000000 stage2_rate_per_sec=421.423702 stage1_search_budget_exhausted=0 stage2_search_budget_exhausted=0 stage2_continuations=35933 stage2_remote_frontier_items=22096631 avg_stage2_remote_frontier=614.939777 stage2_remote_expansions=714604 avg_stage2_remote_expansions=19.887123 stage2_scored_candidates=40789981 avg_stage2_scored_candidates=1135.167701 stage2_graph_read_waves=422135 avg_stage2_expansions_per_graph_wave=1.692833 stage2_graph_unique_reads=714602 stage2_vector_read_waves=745464 avg_stage2_scores_per_vector_wave=54.717573 stage2_vector_unique_reads=40765290 stage2_migrations=3492 home_match_rate=0.902534 stage2_final_edges=1641482 stage2_cross_edges_stage1_home=269710 stage2_cross_edges_final_home=209694 cross_edge_reduction_ratio=0.222520 failed=0 rpc_timeouts=0 reverse_aggregate_batches=0 reverse_aggregate_logical_requests=0 reverse_aggregate_ops=0 avg_reverse_aggregate_logicals=0.000000 avg_reverse_aggregate_ops=0.000000 max_backlog=94 admission_window=128 completion_outstanding=116 pressure_yields=724565 stage2_batches=3556 avg_stage2_batch_size=10.104893 stage2_phase_search_attempts=3552 stage2_phase_search_task_attempts=35872 stage2_phase_search_elapsed_ms=146931.585339 avg_stage2_phase_search_us_per_task=4095.996469 stage2_phase_freeze_prune_attempts=14013 stage2_phase_freeze_prune_task_attempts=139347 stage2_phase_freeze_prune_elapsed_ms=12737.953339 avg_stage2_phase_freeze_prune_us_per_task=91.411752 stage2_phase_reverse_prepare_attempts=3549 stage2_phase_reverse_prepare_task_attempts=35828 stage2_phase_reverse_prepare_elapsed_ms=39027.534563 avg_stage2_phase_reverse_prepare_us_per_task=1089.302628 stage2_phase_placement_authority_attempts=3549 stage2_phase_placement_authority_task_attempts=35828 stage2_phase_placement_authority_elapsed_ms=1916.621760 avg_stage2_phase_placement_authority_us_per_task=53.495081 stage2_phase_completion_handoff_attempts=3549 stage2_phase_completion_handoff_task_attempts=35828 stage2_phase_completion_handoff_elapsed_ms=4.010549 avg_stage2_phase_completion_handoff_us_per_task=0.111939 stage2_phase_finalize_attempts=3549 stage2_phase_finalize_task_attempts=35828 stage2_phase_finalize_elapsed_ms=51.441381 avg_stage2_phase_finalize_us_per_task=1.435787 maintenance_worker_idle_waits=5924288 maintenance_worker_idle_ms=139230.883276 maintenance_worker_observed_idle_ratio=0.409423 maintenance_worker_observed_busy_ratio=0.590577 peer_stage1_enqueued=25176 peer_stage1_processed=25176 peer_stage1_items=86250 avg_peer_stage1_items=3.425882 peer_stage1_rate_per_sec=1014.508048 peer_stage1_max_queue=15 peer_reverse_enqueued=9981 peer_reverse_processed=9981 peer_reverse_remaining=0 peer_reverse_items_enqueued=324657 peer_reverse_items_processed=324657 peer_reverse_rate_per_sec=3818.749440 peer_reverse_failed=4 peer_reverse_max_queue=4 reclaim_pending=1 reclaim_reused=3491 dynamic_high_watermark=20482507280 stage2_remaining=0 cleanup_remaining=0 active_contexts=7 repair_remaining=0 remaining=105
[STATUS]: storage-owner maintenance observation: enqueued=38583 stage2_enqueued=38583 cleanup_enqueued=0 stage2_tasks_done=38557 stage2_finalized_live=38557 cleanup_processed=0 stale=0 stage2_completion_ratio=0.999326 live_stage2_completion_ratio=0.999326 avg_stage2_delay_ms=98.225619 p99_stage2_delay_upper_ms=512.000000 p99_stage2_delay_over_30s=false stage2_delay_histogram=0,0,6,29,652,2495,8457,17191,9092,635,0,0,0,0,0,0,0,0 max_stage2_delay_ms=427.687065 compaction_batch_target=32 compaction_max_delay_ms=10.000000 stage2_rate_per_sec=428.331458 stage1_search_budget_exhausted=0 stage2_search_budget_exhausted=0 stage2_continuations=38575 stage2_remote_frontier_items=23607838 avg_stage2_remote_frontier=611.998393 stage2_remote_expansions=766434 avg_stage2_remote_expansions=19.868671 stage2_scored_candidates=43614930 avg_stage2_scored_candidates=1130.652754 stage2_graph_read_waves=451817 avg_stage2_expansions_per_graph_wave=1.696337 stage2_graph_unique_reads=766149 stage2_vector_read_waves=796745 avg_stage2_scores_per_vector_wave=54.741392 stage2_vector_unique_reads=43589584 stage2_migrations=3741 home_match_rate=0.902975 stage2_final_edges=1765362 stage2_cross_edges_stage1_home=288872 stage2_cross_edges_final_home=224719 cross_edge_reduction_ratio=0.222081 failed=0 rpc_timeouts=0 reverse_aggregate_batches=0 reverse_aggregate_logical_requests=0 reverse_aggregate_ops=0 avg_reverse_aggregate_logicals=0.000000 avg_reverse_aggregate_ops=0.000000 max_backlog=94 admission_window=128 completion_outstanding=28 pressure_yields=766679 stage2_batches=3798 avg_stage2_batch_size=10.156661 stage2_phase_search_attempts=3797 stage2_phase_search_task_attempts=38563 stage2_phase_search_elapsed_ms=156432.687028 avg_stage2_phase_search_us_per_task=4056.548687 stage2_phase_freeze_prune_attempts=14682 stage2_phase_freeze_prune_task_attempts=146055 stage2_phase_freeze_prune_elapsed_ms=13587.189569 avg_stage2_phase_freeze_prune_us_per_task=93.027897 stage2_phase_reverse_prepare_attempts=3796 stage2_phase_reverse_prepare_task_attempts=38557 stage2_phase_reverse_prepare_elapsed_ms=41769.924134 avg_stage2_phase_reverse_prepare_us_per_task=1083.329204 stage2_phase_placement_authority_attempts=3796 stage2_phase_placement_authority_task_attempts=38557 stage2_phase_placement_authority_elapsed_ms=2054.511007 avg_stage2_phase_placement_authority_us_per_task=53.285033 stage2_phase_completion_handoff_attempts=3796 stage2_phase_completion_handoff_task_attempts=38557 stage2_phase_completion_handoff_elapsed_ms=4.297846 avg_stage2_phase_completion_handoff_us_per_task=0.111467 stage2_phase_finalize_attempts=3796 stage2_phase_finalize_task_attempts=38557 stage2_phase_finalize_elapsed_ms=55.156483 avg_stage2_phase_finalize_us_per_task=1.430518 maintenance_worker_idle_waits=6287872 maintenance_worker_idle_ms=146366.703962 maintenance_worker_observed_idle_ratio=0.406499 maintenance_worker_observed_busy_ratio=0.593501 peer_stage1_enqueued=27038 peer_stage1_processed=27032 peer_stage1_items=92593 avg_peer_stage1_items=3.425311 peer_stage1_rate_per_sec=1028.619828 peer_stage1_max_queue=15 peer_reverse_enqueued=10706 peer_reverse_processed=10706 peer_reverse_remaining=0 peer_reverse_items_enqueued=347843 peer_reverse_items_processed=347843 peer_reverse_rate_per_sec=3864.203632 peer_reverse_failed=4 peer_reverse_max_queue=4 reclaim_pending=0 reclaim_reused=3741 dynamic_high_watermark=20485368320 stage2_remaining=8 cleanup_remaining=0 active_contexts=2 repair_remaining=0 remaining=26
[STATUS]: storage-owner maintenance observation: enqueued=40980 stage2_enqueued=40980 cleanup_enqueued=0 stage2_tasks_done=40928 stage2_finalized_live=40928 cleanup_processed=0 stale=0 stage2_completion_ratio=0.998731 live_stage2_completion_ratio=0.998731 avg_stage2_delay_ms=97.920370 p99_stage2_delay_upper_ms=512.000000 p99_stage2_delay_over_30s=false stage2_delay_histogram=0,0,6,29,693,2605,8980,18387,9593,635,0,0,0,0,0,0,0,0 max_stage2_delay_ms=427.687065 compaction_batch_target=32 compaction_max_delay_ms=10.000000 stage2_rate_per_sec=430.745156 stage1_search_budget_exhausted=0 stage2_search_budget_exhausted=0 stage2_continuations=40966 stage2_remote_frontier_items=25153542 avg_stage2_remote_frontier=614.010204 stage2_remote_expansions=818617 avg_stage2_remote_expansions=19.982839 stage2_scored_candidates=46480187 avg_stage2_scored_candidates=1134.603989 stage2_graph_read_waves=481983 avg_stage2_expansions_per_graph_wave=1.698435 stage2_graph_unique_reads=818779 stage2_vector_read_waves=848882 avg_stage2_scores_per_vector_wave=54.754591 stage2_vector_unique_reads=46454280 stage2_migrations=4014 home_match_rate=0.901925 stage2_final_edges=1873964 stage2_cross_edges_stage1_home=307689 stage2_cross_edges_final_home=238825 cross_edge_reduction_ratio=0.223810 failed=0 rpc_timeouts=0 reverse_aggregate_batches=0 reverse_aggregate_logical_requests=0 reverse_aggregate_ops=0 avg_reverse_aggregate_logicals=0.000000 avg_reverse_aggregate_ops=0.000000 max_backlog=94 admission_window=128 completion_outstanding=52 pressure_yields=820680 stage2_batches=4035 avg_stage2_batch_size=10.156134 stage2_phase_search_attempts=4031 stage2_phase_search_task_attempts=40928 stage2_phase_search_elapsed_ms=165999.223757 avg_stage2_phase_search_us_per_task=4055.884083 stage2_phase_freeze_prune_attempts=15763 stage2_phase_freeze_prune_task_attempts=155954 stage2_phase_freeze_prune_elapsed_ms=14427.091956 avg_stage2_phase_freeze_prune_us_per_task=92.508637 stage2_phase_reverse_prepare_attempts=4031 stage2_phase_reverse_prepare_task_attempts=40928 stage2_phase_reverse_prepare_elapsed_ms=44286.601670 avg_stage2_phase_reverse_prepare_us_per_task=1082.061221 stage2_phase_placement_authority_attempts=4031 stage2_phase_placement_authority_task_attempts=40928 stage2_phase_placement_authority_elapsed_ms=2193.104112 avg_stage2_phase_placement_authority_us_per_task=53.584444 stage2_phase_completion_handoff_attempts=4031 stage2_phase_completion_handoff_task_attempts=40928 stage2_phase_completion_handoff_elapsed_ms=4.563826 avg_stage2_phase_completion_handoff_us_per_task=0.111509 stage2_phase_finalize_attempts=4031 stage2_phase_finalize_task_attempts=40928 stage2_phase_finalize_elapsed_ms=58.199414 avg_stage2_phase_finalize_us_per_task=1.421995 maintenance_worker_idle_waits=6637760 maintenance_worker_idle_ms=153797.499029 maintenance_worker_observed_idle_ratio=0.404659 maintenance_worker_observed_busy_ratio=0.595341 peer_stage1_enqueued=28815 peer_stage1_processed=28815 peer_stage1_items=98397 avg_peer_stage1_items=3.414784 peer_stage1_rate_per_sec=1035.575427 peer_stage1_max_queue=15 peer_reverse_enqueued=11401 peer_reverse_processed=11401 peer_reverse_remaining=0 peer_reverse_items_enqueued=371354 peer_reverse_items_processed=371354 peer_reverse_rate_per_sec=3908.300833 peer_reverse_failed=4 peer_reverse_max_queue=4 reclaim_pending=1 reclaim_reused=4013 dynamic_high_watermark=20487916320 stage2_remaining=0 cleanup_remaining=0 active_contexts=4 repair_remaining=0 remaining=52
[STATUS]: storage-owner maintenance observation: enqueued=42867 stage2_enqueued=42867 cleanup_enqueued=0 stage2_tasks_done=42824 stage2_finalized_live=42824 cleanup_processed=0 stale=0 stage2_completion_ratio=0.998997 live_stage2_completion_ratio=0.998997 avg_stage2_delay_ms=98.212581 p99_stage2_delay_upper_ms=512.000000 p99_stage2_delay_over_30s=false stage2_delay_histogram=0,0,7,29,700,2733,9382,19097,10218,658,0,0,0,0,0,0,0,0 max_stage2_delay_ms=427.687065 compaction_batch_target=32 compaction_max_delay_ms=10.000000 stage2_rate_per_sec=428.168318 stage1_search_budget_exhausted=0 stage2_search_budget_exhausted=0 stage2_continuations=42867 stage2_remote_frontier_items=26592087 avg_stage2_remote_frontier=620.339352 stage2_remote_expansions=859360 avg_stage2_remote_expansions=20.047122 stage2_scored_candidates=49090638 avg_stage2_scored_candidates=1145.184827 stage2_graph_read_waves=506600 avg_stage2_expansions_per_graph_wave=1.696328 stage2_graph_unique_reads=859198 stage2_vector_read_waves=895997 avg_stage2_scores_per_vector_wave=54.788842 stage2_vector_unique_reads=49063846 stage2_migrations=4206 home_match_rate=0.901784 stage2_final_edges=1971744 stage2_cross_edges_stage1_home=324989 stage2_cross_edges_final_home=252644 cross_edge_reduction_ratio=0.222608 failed=0 rpc_timeouts=0 reverse_aggregate_batches=0 reverse_aggregate_logical_requests=0 reverse_aggregate_ops=0 avg_reverse_aggregate_logicals=0.000000 avg_reverse_aggregate_ops=0.000000 max_backlog=94 admission_window=128 completion_outstanding=49 pressure_yields=865190 stage2_batches=4235 avg_stage2_batch_size=10.122078 stage2_phase_search_attempts=4231 stage2_phase_search_task_attempts=42842 stage2_phase_search_elapsed_ms=175663.715429 avg_stage2_phase_search_us_per_task=4100.268788 stage2_phase_freeze_prune_attempts=16539 stage2_phase_freeze_prune_task_attempts=161399 stage2_phase_freeze_prune_elapsed_ms=15098.349308 avg_stage2_phase_freeze_prune_us_per_task=93.546734 stage2_phase_reverse_prepare_attempts=4230 stage2_phase_reverse_prepare_task_attempts=42824 stage2_phase_reverse_prepare_elapsed_ms=46837.141956 avg_stage2_phase_reverse_prepare_us_per_task=1093.712450 stage2_phase_placement_authority_attempts=4230 stage2_phase_placement_authority_task_attempts=42824 stage2_phase_placement_authority_elapsed_ms=2280.846528 avg_stage2_phase_placement_authority_us_per_task=53.260941 stage2_phase_completion_handoff_attempts=4230 stage2_phase_completion_handoff_task_attempts=42824 stage2_phase_completion_handoff_elapsed_ms=4.786355 avg_stage2_phase_completion_handoff_us_per_task=0.111768 stage2_phase_finalize_attempts=4230 stage2_phase_finalize_task_attempts=42824 stage2_phase_finalize_elapsed_ms=60.905503 avg_stage2_phase_finalize_us_per_task=1.422228 maintenance_worker_idle_waits=7002816 maintenance_worker_idle_ms=161572.140757 maintenance_worker_observed_idle_ratio=0.403863 maintenance_worker_observed_busy_ratio=0.596137 peer_stage1_enqueued=30139 peer_stage1_processed=30139 peer_stage1_items=102873 avg_peer_stage1_items=3.413285 peer_stage1_rate_per_sec=1028.557803 peer_stage1_max_queue=15 peer_reverse_enqueued=11926 peer_reverse_processed=11926 peer_reverse_remaining=0 peer_reverse_items_enqueued=391956 peer_reverse_items_processed=391956 peer_reverse_rate_per_sec=3918.903911 peer_reverse_failed=4 peer_reverse_max_queue=4 reclaim_pending=3 reclaim_reused=4203 dynamic_high_watermark=20489937040 stage2_remaining=0 cleanup_remaining=0 active_contexts=5 repair_remaining=0 remaining=43
[STATUS]: storage-owner maintenance observation: enqueued=45280 stage2_enqueued=45280 cleanup_enqueued=0 stage2_tasks_done=45209 stage2_finalized_live=45209 cleanup_processed=0 stale=0 stage2_completion_ratio=0.998432 live_stage2_completion_ratio=0.998432 avg_stage2_delay_ms=98.212438 p99_stage2_delay_upper_ms=512.000000 p99_stage2_delay_over_30s=false stage2_delay_histogram=0,0,7,32,738,2860,9917,20152,10808,695,0,0,0,0,0,0,0,0 max_stage2_delay_ms=427.687065 compaction_batch_target=32 compaction_max_delay_ms=10.000000 stage2_rate_per_sec=430.493183 stage1_search_budget_exhausted=0 stage2_search_budget_exhausted=0 stage2_continuations=45274 stage2_remote_frontier_items=28142651 avg_stage2_remote_frontier=621.607346 stage2_remote_expansions=908289 avg_stage2_remote_expansions=20.062044 stage2_scored_candidates=51906195 avg_stage2_scored_candidates=1146.490149 stage2_graph_read_waves=535709 avg_stage2_expansions_per_graph_wave=1.695490 stage2_graph_unique_reads=908558 stage2_vector_read_waves=947323 avg_stage2_scores_per_vector_wave=54.792499 stage2_vector_unique_reads=51878370 stage2_migrations=4445 home_match_rate=0.901679 stage2_final_edges=2083975 stage2_cross_edges_stage1_home=343888 stage2_cross_edges_final_home=267676 cross_edge_reduction_ratio=0.221619 failed=0 rpc_timeouts=0 reverse_aggregate_batches=0 reverse_aggregate_logical_requests=0 reverse_aggregate_ops=0 avg_reverse_aggregate_logicals=0.000000 avg_reverse_aggregate_ops=0.000000 max_backlog=94 admission_window=128 completion_outstanding=73 pressure_yields=915395 stage2_batches=4481 avg_stage2_batch_size=10.103548 stage2_phase_search_attempts=4477 stage2_phase_search_task_attempts=45218 stage2_phase_search_elapsed_ms=185855.046924 avg_stage2_phase_search_us_per_task=4110.200516 stage2_phase_freeze_prune_attempts=17414 stage2_phase_freeze_prune_task_attempts=171162 stage2_phase_freeze_prune_elapsed_ms=15979.189291 avg_stage2_phase_freeze_prune_us_per_task=93.357108 stage2_phase_reverse_prepare_attempts=4476 stage2_phase_reverse_prepare_task_attempts=45209 stage2_phase_reverse_prepare_elapsed_ms=49578.032481 avg_stage2_phase_reverse_prepare_us_per_task=1096.640768 stage2_phase_placement_authority_attempts=4476 stage2_phase_placement_authority_task_attempts=45209 stage2_phase_placement_authority_elapsed_ms=2437.798012 avg_stage2_phase_placement_authority_us_per_task=53.922847 stage2_phase_completion_handoff_attempts=4476 stage2_phase_completion_handoff_task_attempts=45209 stage2_phase_completion_handoff_elapsed_ms=5.064092 avg_stage2_phase_completion_handoff_us_per_task=0.112015 stage2_phase_finalize_attempts=4476 stage2_phase_finalize_task_attempts=45209 stage2_phase_finalize_elapsed_ms=63.961636 avg_stage2_phase_finalize_us_per_task=1.414799 maintenance_worker_idle_waits=7351232 maintenance_worker_idle_ms=168548.603333 maintenance_worker_observed_idle_ratio=0.401242 maintenance_worker_observed_busy_ratio=0.598758 peer_stage1_enqueued=31840 peer_stage1_processed=31838 peer_stage1_items=108649 avg_peer_stage1_items=3.412557 peer_stage1_rate_per_sec=1034.587225 peer_stage1_max_queue=15 peer_reverse_enqueued=12628 peer_reverse_processed=12628 peer_reverse_remaining=0 peer_reverse_items_enqueued=415255 peer_reverse_items_processed=415255 peer_reverse_rate_per_sec=3954.178300 peer_reverse_failed=4 peer_reverse_max_queue=4 reclaim_pending=0 reclaim_reused=4445 dynamic_high_watermark=20492537040 stage2_remaining=6 cleanup_remaining=0 active_contexts=5 repair_remaining=0 remaining=71
[STATUS]: storage-owner maintenance observation: enqueued=46768 stage2_enqueued=46768 cleanup_enqueued=0 stage2_tasks_done=46721 stage2_finalized_live=46721 cleanup_processed=0 stale=0 stage2_completion_ratio=0.998995 live_stage2_completion_ratio=0.998995 avg_stage2_delay_ms=97.998182 p99_stage2_delay_upper_ms=512.000000 p99_stage2_delay_over_30s=false stage2_delay_histogram=0,0,7,33,774,2933,10248,20964,11061,701,0,0,0,0,0,0,0,0 max_stage2_delay_ms=427.687065 compaction_batch_target=32 compaction_max_delay_ms=10.000000 stage2_rate_per_sec=424.671517 stage1_search_budget_exhausted=0 stage2_search_budget_exhausted=0 stage2_continuations=46768 stage2_remote_frontier_items=29221205 avg_stage2_remote_frontier=624.811944 stage2_remote_expansions=938619 avg_stage2_remote_expansions=20.069684 stage2_scored_candidates=53878880 avg_stage2_scored_candidates=1152.045843 stage2_graph_read_waves=554823 avg_stage2_expansions_per_graph_wave=1.691745 stage2_graph_unique_reads=938271 stage2_vector_read_waves=983598 avg_stage2_scores_per_vector_wave=54.777338 stage2_vector_unique_reads=53849731 stage2_migrations=4589 home_match_rate=0.901779 stage2_final_edges=2163361 stage2_cross_edges_stage1_home=357438 stage2_cross_edges_final_home=278666 cross_edge_reduction_ratio=0.220379 failed=0 rpc_timeouts=0 reverse_aggregate_batches=0 reverse_aggregate_logical_requests=0 reverse_aggregate_ops=0 avg_reverse_aggregate_logicals=0.000000 avg_reverse_aggregate_ops=0.000000 max_backlog=94 admission_window=128 completion_outstanding=57 pressure_yields=945562 stage2_batches=4659 avg_stage2_batch_size=10.038206 stage2_phase_search_attempts=4659 stage2_phase_search_task_attempts=46768 stage2_phase_search_elapsed_ms=192918.284082 avg_stage2_phase_search_us_per_task=4125.006074 stage2_phase_freeze_prune_attempts=18264 stage2_phase_freeze_prune_task_attempts=178889 stage2_phase_freeze_prune_elapsed_ms=16572.688264 avg_stage2_phase_freeze_prune_us_per_task=92.642299 stage2_phase_reverse_prepare_attempts=4655 stage2_phase_reverse_prepare_task_attempts=46721 stage2_phase_reverse_prepare_elapsed_ms=51696.861695 avg_stage2_phase_reverse_prepare_us_per_task=1106.501609 stage2_phase_placement_authority_attempts=4655 stage2_phase_placement_authority_task_attempts=46721 stage2_phase_placement_authority_elapsed_ms=2529.460749 avg_stage2_phase_placement_authority_us_per_task=54.139696 stage2_phase_completion_handoff_attempts=4655 stage2_phase_completion_handoff_task_attempts=46721 stage2_phase_completion_handoff_elapsed_ms=5.263543 avg_stage2_phase_completion_handoff_us_per_task=0.112659 stage2_phase_finalize_attempts=4655 stage2_phase_finalize_task_attempts=46721 stage2_phase_finalize_elapsed_ms=66.440281 avg_stage2_phase_finalize_us_per_task=1.422065 maintenance_worker_idle_waits=7693696 maintenance_worker_idle_ms=177448.343616 maintenance_worker_observed_idle_ratio=0.403230 maintenance_worker_observed_busy_ratio=0.596770 peer_stage1_enqueued=32996 peer_stage1_processed=32996 peer_stage1_items=112269 avg_peer_stage1_items=3.402503 peer_stage1_rate_per_sec=1020.471449 peer_stage1_max_queue=15 peer_reverse_enqueued=13082 peer_reverse_processed=13082 peer_reverse_remaining=0 peer_reverse_items_enqueued=431888 peer_reverse_items_processed=431888 peer_reverse_rate_per_sec=3925.655105 peer_reverse_failed=4 peer_reverse_max_queue=4 reclaim_pending=1 reclaim_reused=4588 dynamic_high_watermark=20494128240 stage2_remaining=0 cleanup_remaining=0 active_contexts=4 repair_remaining=0 remaining=47
[STATUS]: storage-owner maintenance observation: enqueued=48458 stage2_enqueued=48458 cleanup_enqueued=0 stage2_tasks_done=48400 stage2_finalized_live=48400 cleanup_processed=0 stale=0 stage2_completion_ratio=0.998803 live_stage2_completion_ratio=0.998803 avg_stage2_delay_ms=98.348778 p99_stage2_delay_upper_ms=512.000000 p99_stage2_delay_over_30s=false stage2_delay_histogram=0,0,7,35,801,3039,10573,21646,11574,725,0,0,0,0,0,0,0,0 max_stage2_delay_ms=427.687065 compaction_batch_target=32 compaction_max_delay_ms=10.000000 stage2_rate_per_sec=420.808036 stage1_search_budget_exhausted=0 stage2_search_budget_exhausted=0 stage2_continuations=48449 stage2_remote_frontier_items=30452756 avg_stage2_remote_frontier=628.552829 stage2_remote_expansions=980625 avg_stage2_remote_expansions=20.240356 stage2_scored_candidates=56220621 avg_stage2_scored_candidates=1160.408285 stage2_graph_read_waves=579142 avg_stage2_expansions_per_graph_wave=1.693238 stage2_graph_unique_reads=980577 stage2_vector_read_waves=1026116 avg_stage2_scores_per_vector_wave=54.789732 stage2_vector_unique_reads=56188898 stage2_migrations=4819 home_match_rate=0.900434 stage2_final_edges=2245965 stage2_cross_edges_stage1_home=373891 stage2_cross_edges_final_home=290884 cross_edge_reduction_ratio=0.222009 failed=0 rpc_timeouts=0 reverse_aggregate_batches=0 reverse_aggregate_logical_requests=0 reverse_aggregate_ops=0 avg_reverse_aggregate_logicals=0.000000 avg_reverse_aggregate_ops=0.000000 max_backlog=94 admission_window=128 completion_outstanding=64 pressure_yields=981981 stage2_batches=4845 avg_stage2_batch_size=9.999794 stage2_phase_search_attempts=4843 stage2_phase_search_task_attempts=48407 stage2_phase_search_elapsed_ms=201506.097787 avg_stage2_phase_search_us_per_task=4162.747078 stage2_phase_freeze_prune_attempts=19104 stage2_phase_freeze_prune_task_attempts=184663 stage2_phase_freeze_prune_elapsed_ms=17230.876251 avg_stage2_phase_freeze_prune_us_per_task=93.309847 stage2_phase_reverse_prepare_attempts=4842 stage2_phase_reverse_prepare_task_attempts=48400 stage2_phase_reverse_prepare_elapsed_ms=53974.967314 avg_stage2_phase_reverse_prepare_us_per_task=1115.185275 stage2_phase_placement_authority_attempts=4842 stage2_phase_placement_authority_task_attempts=48400 stage2_phase_placement_authority_elapsed_ms=2637.715358 avg_stage2_phase_placement_authority_us_per_task=54.498251 stage2_phase_completion_handoff_attempts=4842 stage2_phase_completion_handoff_task_attempts=48400 stage2_phase_completion_handoff_elapsed_ms=5.482489 avg_stage2_phase_completion_handoff_us_per_task=0.113275 stage2_phase_finalize_attempts=4842 stage2_phase_finalize_task_attempts=48400 stage2_phase_finalize_elapsed_ms=69.236293 avg_stage2_phase_finalize_us_per_task=1.430502 maintenance_worker_idle_waits=8042432 maintenance_worker_idle_ms=185742.774510 maintenance_worker_observed_idle_ratio=0.403730 maintenance_worker_observed_busy_ratio=0.596270 peer_stage1_enqueued=34295 peer_stage1_processed=34290 peer_stage1_items=116273 avg_peer_stage1_items=3.390872 peer_stage1_rate_per_sec=1010.921752 peer_stage1_max_queue=15 peer_reverse_enqueued=13599 peer_reverse_processed=13599 peer_reverse_remaining=0 peer_reverse_items_enqueued=448817 peer_reverse_items_processed=448817 peer_reverse_rate_per_sec=3902.185960 peer_reverse_failed=4 peer_reverse_max_queue=4 reclaim_pending=0 reclaim_reused=4819 dynamic_high_watermark=20495864000 stage2_remaining=9 cleanup_remaining=0 active_contexts=3 repair_remaining=0 remaining=58
[STATUS]: storage-owner maintenance observation: enqueued=50904 stage2_enqueued=50904 cleanup_enqueued=0 stage2_tasks_done=50884 stage2_finalized_live=50884 cleanup_processed=0 stale=0 stage2_completion_ratio=0.999607 live_stage2_completion_ratio=0.999607 avg_stage2_delay_ms=97.858071 p99_stage2_delay_upper_ms=512.000000 p99_stage2_delay_over_30s=false stage2_delay_histogram=0,0,7,35,851,3338,11242,22555,12104,752,0,0,0,0,0,0,0,0 max_stage2_delay_ms=427.687065 compaction_batch_target=32 compaction_max_delay_ms=10.000000 stage2_rate_per_sec=423.971637 stage1_search_budget_exhausted=0 stage2_search_budget_exhausted=0 stage2_continuations=50901 stage2_remote_frontier_items=31908641 avg_stage2_remote_frontier=626.876505 stage2_remote_expansions=1024735 avg_stage2_remote_expansions=20.131923 stage2_scored_candidates=58891539 avg_stage2_scored_candidates=1156.981965 stage2_graph_read_waves=605516 avg_stage2_expansions_per_graph_wave=1.692333 stage2_graph_unique_reads=1024750 stage2_vector_read_waves=1074097 avg_stage2_scores_per_vector_wave=54.828883 stage2_vector_unique_reads=58855830 stage2_migrations=5027 home_match_rate=0.901207 stage2_final_edges=2358912 stage2_cross_edges_stage1_home=391195 stage2_cross_edges_final_home=304806 cross_edge_reduction_ratio=0.220834 failed=0 rpc_timeouts=0 reverse_aggregate_batches=0 reverse_aggregate_logical_requests=0 reverse_aggregate_ops=0 avg_reverse_aggregate_logicals=0.000000 avg_reverse_aggregate_ops=0.000000 max_backlog=94 admission_window=128 completion_outstanding=52 pressure_yields=1026671 stage2_batches=5084 avg_stage2_batch_size=10.011998 stage2_phase_search_attempts=5083 stage2_phase_search_task_attempts=50884 stage2_phase_search_elapsed_ms=210547.031371 avg_stage2_phase_search_us_per_task=4137.784596 stage2_phase_freeze_prune_attempts=20297 stage2_phase_freeze_prune_task_attempts=198786 stage2_phase_freeze_prune_elapsed_ms=18135.241358 avg_stage2_phase_freeze_prune_us_per_task=91.229973 stage2_phase_reverse_prepare_attempts=5083 stage2_phase_reverse_prepare_task_attempts=50884 stage2_phase_reverse_prepare_elapsed_ms=56556.411931 avg_stage2_phase_reverse_prepare_us_per_task=1111.477320 stage2_phase_placement_authority_attempts=5083 stage2_phase_placement_authority_task_attempts=50884 stage2_phase_placement_authority_elapsed_ms=2747.573134 avg_stage2_phase_placement_authority_us_per_task=53.996799 stage2_phase_completion_handoff_attempts=5083 stage2_phase_completion_handoff_task_attempts=50884 stage2_phase_completion_handoff_elapsed_ms=5.752296 avg_stage2_phase_completion_handoff_us_per_task=0.113047 stage2_phase_finalize_attempts=5083 stage2_phase_finalize_task_attempts=50884 stage2_phase_finalize_elapsed_ms=72.628991 avg_stage2_phase_finalize_us_per_task=1.427344 maintenance_worker_idle_waits=8404672 maintenance_worker_idle_ms=193441.121570 maintenance_worker_observed_idle_ratio=0.402944 maintenance_worker_observed_busy_ratio=0.597056 peer_stage1_enqueued=35922 peer_stage1_processed=35922 peer_stage1_items=122211 avg_peer_stage1_items=3.402121 peer_stage1_rate_per_sec=1018.276820 peer_stage1_max_queue=15 peer_reverse_enqueued=14222 peer_reverse_processed=14222 peer_reverse_remaining=0 peer_reverse_items_enqueued=470049 peer_reverse_items_processed=470049 peer_reverse_rate_per_sec=3916.505069 peer_reverse_failed=4 peer_reverse_max_queue=4 reclaim_pending=1 reclaim_reused=5026 dynamic_high_watermark=20498467120 stage2_remaining=3 cleanup_remaining=0 active_contexts=1 repair_remaining=0 remaining=20
[STATUS]: storage-owner maintenance observation: enqueued=53194 stage2_enqueued=53194 cleanup_enqueued=0 stage2_tasks_done=53171 stage2_finalized_live=53171 cleanup_processed=0 stale=0 stage2_completion_ratio=0.999568 live_stage2_completion_ratio=0.999568 avg_stage2_delay_ms=97.704158 p99_stage2_delay_upper_ms=512.000000 p99_stage2_delay_over_30s=false stage2_delay_histogram=0,0,7,36,903,3450,11775,23660,12556,784,0,0,0,0,0,0,0,0 max_stage2_delay_ms=427.687065 compaction_batch_target=32 compaction_max_delay_ms=10.000000 stage2_rate_per_sec=425.308587 stage1_search_budget_exhausted=0 stage2_search_budget_exhausted=0 stage2_continuations=53194 stage2_remote_frontier_items=33366872 avg_stage2_remote_frontier=627.267587 stage2_remote_expansions=1073946 avg_stage2_remote_expansions=20.189232 stage2_scored_candidates=61605103 avg_stage2_scored_candidates=1158.121273 stage2_graph_read_waves=634136 avg_stage2_expansions_per_graph_wave=1.693558 stage2_graph_unique_reads=1073696 stage2_vector_read_waves=1123745 avg_stage2_scores_per_vector_wave=54.821248 stage2_vector_unique_reads=61568141 stage2_migrations=5261 home_match_rate=0.901055 stage2_final_edges=2462737 stage2_cross_edges_stage1_home=408523 stage2_cross_edges_final_home=318544 cross_edge_reduction_ratio=0.220254 failed=0 rpc_timeouts=0 reverse_aggregate_batches=0 reverse_aggregate_logical_requests=0 reverse_aggregate_ops=0 avg_reverse_aggregate_logicals=0.000000 avg_reverse_aggregate_ops=0.000000 max_backlog=94 admission_window=128 completion_outstanding=24 pressure_yields=1067443 stage2_batches=5316 avg_stage2_batch_size=10.006396 stage2_phase_search_attempts=5315 stage2_phase_search_task_attempts=53180 stage2_phase_search_elapsed_ms=219477.070871 avg_stage2_phase_search_us_per_task=4127.060377 stage2_phase_freeze_prune_attempts=21492 stage2_phase_freeze_prune_task_attempts=211183 stage2_phase_freeze_prune_elapsed_ms=19044.435017 avg_stage2_phase_freeze_prune_us_per_task=90.179773 stage2_phase_reverse_prepare_attempts=5314 stage2_phase_reverse_prepare_task_attempts=53171 stage2_phase_reverse_prepare_elapsed_ms=58999.270641 avg_stage2_phase_reverse_prepare_us_per_task=1109.613711 stage2_phase_placement_authority_attempts=5314 stage2_phase_placement_authority_task_attempts=53171 stage2_phase_placement_authority_elapsed_ms=2877.937588 avg_stage2_phase_placement_authority_us_per_task=54.126076 stage2_phase_completion_handoff_attempts=5314 stage2_phase_completion_handoff_task_attempts=53171 stage2_phase_completion_handoff_elapsed_ms=6.019345 avg_stage2_phase_completion_handoff_us_per_task=0.113207 stage2_phase_finalize_attempts=5314 stage2_phase_finalize_task_attempts=53171 stage2_phase_finalize_elapsed_ms=75.688420 avg_stage2_phase_finalize_us_per_task=1.423491 maintenance_worker_idle_waits=8780672 maintenance_worker_idle_ms=201029.998665 maintenance_worker_observed_idle_ratio=0.402004 maintenance_worker_observed_busy_ratio=0.597996 peer_stage1_enqueued=37647 peer_stage1_processed=37647 peer_stage1_items=127740 avg_peer_stage1_items=3.393099 peer_stage1_rate_per_sec=1021.777265 peer_stage1_max_queue=15 peer_reverse_enqueued=14922 peer_reverse_processed=14922 peer_reverse_remaining=0 peer_reverse_items_enqueued=491903 peer_reverse_items_processed=491903 peer_reverse_rate_per_sec=3934.674352 peer_reverse_failed=4 peer_reverse_max_queue=4 reclaim_pending=0 reclaim_reused=5261 dynamic_high_watermark=20500945440 stage2_remaining=0 cleanup_remaining=0 active_contexts=2 repair_remaining=0 remaining=23
[STATUS]: storage-owner maintenance observation: enqueued=55250 stage2_enqueued=55250 cleanup_enqueued=0 stage2_tasks_done=55194 stage2_finalized_live=55194 cleanup_processed=0 stale=0 stage2_completion_ratio=0.998986 live_stage2_completion_ratio=0.998986 avg_stage2_delay_ms=97.665318 p99_stage2_delay_upper_ms=512.000000 p99_stage2_delay_over_30s=false stage2_delay_histogram=0,0,7,39,933,3531,12323,24547,12955,859,0,0,0,0,0,0,0,0 max_stage2_delay_ms=427.687065 compaction_batch_target=32 compaction_max_delay_ms=10.000000 stage2_rate_per_sec=424.512189 stage1_search_budget_exhausted=0 stage2_search_budget_exhausted=0 stage2_continuations=55249 stage2_remote_frontier_items=34831486 avg_stage2_remote_frontier=630.445547 stage2_remote_expansions=1117864 avg_stage2_remote_expansions=20.233199 stage2_scored_candidates=64289735 avg_stage2_scored_candidates=1163.636174 stage2_graph_read_waves=660591 avg_stage2_expansions_per_graph_wave=1.692218 stage2_graph_unique_reads=1117987 stage2_vector_read_waves=1171811 avg_stage2_scores_per_vector_wave=54.863570 stage2_vector_unique_reads=64251143 stage2_migrations=5479 home_match_rate=0.900732 stage2_final_edges=2561184 stage2_cross_edges_stage1_home=426766 stage2_cross_edges_final_home=332946 cross_edge_reduction_ratio=0.219839 failed=0 rpc_timeouts=0 reverse_aggregate_batches=0 reverse_aggregate_logical_requests=0 reverse_aggregate_ops=0 avg_reverse_aggregate_logicals=0.000000 avg_reverse_aggregate_ops=0.000000 max_backlog=94 admission_window=128 completion_outstanding=56 pressure_yields=1103159 stage2_batches=5527 avg_stage2_batch_size=9.996200 stage2_phase_search_attempts=5523 stage2_phase_search_task_attempts=55194 stage2_phase_search_elapsed_ms=228208.837510 avg_stage2_phase_search_us_per_task=4134.667491 stage2_phase_freeze_prune_attempts=21992 stage2_phase_freeze_prune_task_attempts=216085 stage2_phase_freeze_prune_elapsed_ms=19705.377598 avg_stage2_phase_freeze_prune_us_per_task=91.192714 stage2_phase_reverse_prepare_attempts=5523 stage2_phase_reverse_prepare_task_attempts=55194 stage2_phase_reverse_prepare_elapsed_ms=61540.078750 avg_stage2_phase_reverse_prepare_us_per_task=1114.977692 stage2_phase_placement_authority_attempts=5523 stage2_phase_placement_authority_task_attempts=55194 stage2_phase_placement_authority_elapsed_ms=2995.250491 avg_stage2_phase_placement_authority_us_per_task=54.267683 stage2_phase_completion_handoff_attempts=5523 stage2_phase_completion_handoff_task_attempts=55194 stage2_phase_completion_handoff_elapsed_ms=6.266274 avg_stage2_phase_completion_handoff_us_per_task=0.113532 stage2_phase_finalize_attempts=5523 stage2_phase_finalize_task_attempts=55194 stage2_phase_finalize_elapsed_ms=78.759464 avg_stage2_phase_finalize_us_per_task=1.426957 maintenance_worker_idle_waits=9146112 maintenance_worker_idle_ms=208675.103747 maintenance_worker_observed_idle_ratio=0.401244 maintenance_worker_observed_busy_ratio=0.598756 peer_stage1_enqueued=39161 peer_stage1_processed=39157 peer_stage1_items=132674 avg_peer_stage1_items=3.388258 peer_stage1_rate_per_sec=1020.432114 peer_stage1_max_queue=15 peer_reverse_enqueued=15532 peer_reverse_processed=15532 peer_reverse_remaining=0 peer_reverse_items_enqueued=513847 peer_reverse_items_processed=513847 peer_reverse_rate_per_sec=3952.138178 peer_reverse_failed=4 peer_reverse_max_queue=4 reclaim_pending=3 reclaim_reused=5476 dynamic_high_watermark=20503122160 stage2_remaining=1 cleanup_remaining=0 active_contexts=4 repair_remaining=0 remaining=56
[STATUS]: storage-owner maintenance observation: enqueued=57393 stage2_enqueued=57393 cleanup_enqueued=0 stage2_tasks_done=57370 stage2_finalized_live=57370 cleanup_processed=0 stale=0 stage2_completion_ratio=0.999599 live_stage2_completion_ratio=0.999599 avg_stage2_delay_ms=97.856151 p99_stage2_delay_upper_ms=512.000000 p99_stage2_delay_over_30s=false stage2_delay_histogram=0,0,7,42,970,3692,12815,25380,13527,937,0,0,0,0,0,0,0,0 max_stage2_delay_ms=427.687065 compaction_batch_target=32 compaction_max_delay_ms=10.000000 stage2_rate_per_sec=424.907982 stage1_search_budget_exhausted=0 stage2_search_budget_exhausted=0 stage2_continuations=57393 stage2_remote_frontier_items=36161894 avg_stage2_remote_frontier=630.074992 stage2_remote_expansions=1158020 avg_stage2_remote_expansions=20.177025 stage2_scored_candidates=66727794 avg_stage2_scored_candidates=1162.646908 stage2_graph_read_waves=685401 avg_stage2_expansions_per_graph_wave=1.689551 stage2_graph_unique_reads=1157530 stage2_vector_read_waves=1216688 avg_stage2_scores_per_vector_wave=54.843801 stage2_vector_unique_reads=66687809 stage2_migrations=5668 home_match_rate=0.901203 stage2_final_edges=2663846 stage2_cross_edges_stage1_home=442611 stage2_cross_edges_final_home=345489 cross_edge_reduction_ratio=0.219430 failed=0 rpc_timeouts=0 reverse_aggregate_batches=0 reverse_aggregate_logical_requests=0 reverse_aggregate_ops=0 avg_reverse_aggregate_logicals=0.000000 avg_reverse_aggregate_ops=0.000000 max_backlog=94 admission_window=128 completion_outstanding=34 pressure_yields=1145299 stage2_batches=5753 avg_stage2_batch_size=9.976186 stage2_phase_search_attempts=5753 stage2_phase_search_task_attempts=57393 stage2_phase_search_elapsed_ms=237242.930735 avg_stage2_phase_search_us_per_task=4133.656208 stage2_phase_freeze_prune_attempts=23394 stage2_phase_freeze_prune_task_attempts=234958 stage2_phase_freeze_prune_elapsed_ms=20550.194105 avg_stage2_phase_freeze_prune_us_per_task=87.463266 stage2_phase_reverse_prepare_attempts=5752 stage2_phase_reverse_prepare_task_attempts=57370 stage2_phase_reverse_prepare_elapsed_ms=64070.361504 avg_stage2_phase_reverse_prepare_us_per_task=1116.792078 stage2_phase_placement_authority_attempts=5752 stage2_phase_placement_authority_task_attempts=57370 stage2_phase_placement_authority_elapsed_ms=3122.523090 avg_stage2_phase_placement_authority_us_per_task=54.427804 stage2_phase_completion_handoff_attempts=5752 stage2_phase_completion_handoff_task_attempts=57370 stage2_phase_completion_handoff_elapsed_ms=6.532968 avg_stage2_phase_completion_handoff_us_per_task=0.113874 stage2_phase_finalize_attempts=5752 stage2_phase_finalize_task_attempts=57370 stage2_phase_finalize_elapsed_ms=81.956868 avg_stage2_phase_finalize_us_per_task=1.428567 maintenance_worker_idle_waits=9481664 maintenance_worker_idle_ms=216438.069413 maintenance_worker_observed_idle_ratio=0.400759 maintenance_worker_observed_busy_ratio=0.599241 peer_stage1_enqueued=40809 peer_stage1_processed=40809 peer_stage1_items=137862 avg_peer_stage1_items=3.378225 peer_stage1_rate_per_sec=1021.067879 peer_stage1_max_queue=15 peer_reverse_enqueued=16127 peer_reverse_processed=16127 peer_reverse_remaining=0 peer_reverse_items_enqueued=532946 peer_reverse_items_processed=532946 peer_reverse_rate_per_sec=3947.237395 peer_reverse_failed=4 peer_reverse_max_queue=4 reclaim_pending=1 reclaim_reused=5667 dynamic_high_watermark=20505427840 stage2_remaining=0 cleanup_remaining=0 active_contexts=1 repair_remaining=0 remaining=23
[STATUS]: storage-owner maintenance observation: enqueued=59725 stage2_enqueued=59725 cleanup_enqueued=0 stage2_tasks_done=59700 stage2_finalized_live=59700 cleanup_processed=0 stale=0 stage2_completion_ratio=0.999581 live_stage2_completion_ratio=0.999581 avg_stage2_delay_ms=99.015513 p99_stage2_delay_upper_ms=512.000000 p99_stage2_delay_over_30s=false stage2_delay_histogram=0,0,7,42,991,3757,13210,26262,14319,1091,21,0,0,0,0,0,0,0 max_stage2_delay_ms=524.451976 compaction_batch_target=32 compaction_max_delay_ms=10.000000 stage2_rate_per_sec=426.375245 stage1_search_budget_exhausted=0 stage2_search_budget_exhausted=0 stage2_continuations=59712 stage2_remote_frontier_items=37766501 avg_stage2_remote_frontier=632.477576 stage2_remote_expansions=1206760 avg_stage2_remote_expansions=20.209673 stage2_scored_candidates=69657973 avg_stage2_scored_candidates=1166.565732 stage2_graph_read_waves=713874 avg_stage2_expansions_per_graph_wave=1.690438 stage2_graph_unique_reads=1206285 stage2_vector_read_waves=1269317 avg_stage2_scores_per_vector_wave=54.878311 stage2_vector_unique_reads=69617049 stage2_migrations=5918 home_match_rate=0.900871 stage2_final_edges=2776487 stage2_cross_edges_stage1_home=462270 stage2_cross_edges_final_home=360822 cross_edge_reduction_ratio=0.219456 failed=0 rpc_timeouts=0 reverse_aggregate_batches=0 reverse_aggregate_logical_requests=0 reverse_aggregate_ops=0 avg_reverse_aggregate_logicals=0.000000 avg_reverse_aggregate_ops=0.000000 max_backlog=94 admission_window=128 completion_outstanding=25 pressure_yields=1199470 stage2_batches=5953 avg_stage2_batch_size=10.030573 stage2_phase_search_attempts=5952 stage2_phase_search_task_attempts=59700 stage2_phase_search_elapsed_ms=248431.991003 avg_stage2_phase_search_us_per_task=4161.339883 stage2_phase_freeze_prune_attempts=24171 stage2_phase_freeze_prune_task_attempts=244175 stage2_phase_freeze_prune_elapsed_ms=21397.966413 avg_stage2_phase_freeze_prune_us_per_task=87.633732 stage2_phase_reverse_prepare_attempts=5952 stage2_phase_reverse_prepare_task_attempts=59700 stage2_phase_reverse_prepare_elapsed_ms=66878.713433 avg_stage2_phase_reverse_prepare_us_per_task=1120.246456 stage2_phase_placement_authority_attempts=5952 stage2_phase_placement_authority_task_attempts=59700 stage2_phase_placement_authority_elapsed_ms=3223.305369 avg_stage2_phase_placement_authority_us_per_task=53.991715 stage2_phase_completion_handoff_attempts=5952 stage2_phase_completion_handoff_task_attempts=59700 stage2_phase_completion_handoff_elapsed_ms=6.763852 avg_stage2_phase_completion_handoff_us_per_task=0.113297 stage2_phase_finalize_attempts=5952 stage2_phase_finalize_task_attempts=59700 stage2_phase_finalize_elapsed_ms=85.876574 avg_stage2_phase_finalize_us_per_task=1.438469 maintenance_worker_idle_waits=9841088 maintenance_worker_idle_ms=223433.811566 maintenance_worker_observed_idle_ratio=0.398939 maintenance_worker_observed_busy_ratio=0.601061 peer_stage1_enqueued=42433 peer_stage1_processed=42429 peer_stage1_items=143382 avg_peer_stage1_items=3.379340 peer_stage1_rate_per_sec=1024.029069 peer_stage1_max_queue=15 peer_reverse_enqueued=16743 peer_reverse_processed=16743 peer_reverse_remaining=0 peer_reverse_items_enqueued=553694 peer_reverse_items_processed=553694 peer_reverse_rate_per_sec=3954.462565 peer_reverse_failed=4 peer_reverse_max_queue=4 reclaim_pending=1 reclaim_reused=5917 dynamic_high_watermark=20507869760 stage2_remaining=13 cleanup_remaining=0 active_contexts=1 repair_remaining=0 remaining=25
[STATUS]: storage-owner maintenance observation: enqueued=61614 stage2_enqueued=61614 cleanup_enqueued=0 stage2_tasks_done=61507 stage2_finalized_live=61507 cleanup_processed=0 stale=0 stage2_completion_ratio=0.998263 live_stage2_completion_ratio=0.998263 avg_stage2_delay_ms=99.829348 p99_stage2_delay_upper_ms=512.000000 p99_stage2_delay_over_30s=false stage2_delay_histogram=0,0,7,42,1001,3831,13482,26970,14985,1168,21,0,0,0,0,0,0,0 max_stage2_delay_ms=524.451976 compaction_batch_target=32 compaction_max_delay_ms=10.000000 stage2_rate_per_sec=424.134971 stage1_search_budget_exhausted=0 stage2_search_budget_exhausted=0 stage2_continuations=61614 stage2_remote_frontier_items=39137279 avg_stage2_remote_frontier=635.201074 stage2_remote_expansions=1250050 avg_stage2_remote_expansions=20.288408 stage2_scored_candidates=72239059 avg_stage2_scored_candidates=1172.445532 stage2_graph_read_waves=739269 avg_stage2_expansions_per_graph_wave=1.690927 stage2_graph_unique_reads=1249899 stage2_vector_read_waves=1315500 avg_stage2_scores_per_vector_wave=54.913766 stage2_vector_unique_reads=72197603 stage2_migrations=6135 home_match_rate=0.900255 stage2_final_edges=2867080 stage2_cross_edges_stage1_home=479250 stage2_cross_edges_final_home=373868 cross_edge_reduction_ratio=0.219889 failed=0 rpc_timeouts=0 reverse_aggregate_batches=0 reverse_aggregate_logical_requests=0 reverse_aggregate_ops=0 avg_reverse_aggregate_logicals=0.000000 avg_reverse_aggregate_ops=0.000000 max_backlog=94 admission_window=128 completion_outstanding=125 pressure_yields=1246757 stage2_batches=6131 avg_stage2_batch_size=10.049584 stage2_phase_search_attempts=6128 stage2_phase_search_task_attempts=61564 stage2_phase_search_elapsed_ms=257915.211026 avg_stage2_phase_search_us_per_task=4189.383585 stage2_phase_freeze_prune_attempts=24972 stage2_phase_freeze_prune_task_attempts=251959 stage2_phase_freeze_prune_elapsed_ms=22121.734845 avg_stage2_phase_freeze_prune_us_per_task=87.798947 stage2_phase_reverse_prepare_attempts=6125 stage2_phase_reverse_prepare_task_attempts=61507 stage2_phase_reverse_prepare_elapsed_ms=69310.796562 avg_stage2_phase_reverse_prepare_us_per_task=1126.876560 stage2_phase_placement_authority_attempts=6125 stage2_phase_placement_authority_task_attempts=61507 stage2_phase_placement_authority_elapsed_ms=3315.206489 avg_stage2_phase_placement_authority_us_per_task=53.899662 stage2_phase_completion_handoff_attempts=6125 stage2_phase_completion_handoff_task_attempts=61507 stage2_phase_completion_handoff_elapsed_ms=6.965800 avg_stage2_phase_completion_handoff_us_per_task=0.113252 stage2_phase_finalize_attempts=6125 stage2_phase_finalize_task_attempts=61507 stage2_phase_finalize_elapsed_ms=88.931991 avg_stage2_phase_finalize_us_per_task=1.445884 maintenance_worker_idle_waits=10192320 maintenance_worker_idle_ms=231373.155294 maintenance_worker_observed_idle_ratio=0.398871 maintenance_worker_observed_busy_ratio=0.601129 peer_stage1_enqueued=43779 peer_stage1_processed=43779 peer_stage1_items=147987 avg_peer_stage1_items=3.380319 peer_stage1_rate_per_sec=1020.476726 peer_stage1_max_queue=15 peer_reverse_enqueued=17252 peer_reverse_processed=17252 peer_reverse_remaining=0 peer_reverse_items_enqueued=571629 peer_reverse_items_processed=571629 peer_reverse_rate_per_sec=3941.792796 peer_reverse_failed=4 peer_reverse_max_queue=4 reclaim_pending=1 reclaim_reused=6134 dynamic_high_watermark=20509853040 stage2_remaining=0 cleanup_remaining=0 active_contexts=6 repair_remaining=0 remaining=107
[STATUS]: storage-owner maintenance observation: enqueued=63999 stage2_enqueued=63999 cleanup_enqueued=0 stage2_tasks_done=63986 stage2_finalized_live=63986 cleanup_processed=0 stale=0 stage2_completion_ratio=0.999797 live_stage2_completion_ratio=0.999797 avg_stage2_delay_ms=100.121358 p99_stage2_delay_upper_ms=512.000000 p99_stage2_delay_over_30s=false stage2_delay_histogram=0,0,7,42,1028,3931,14021,28089,15627,1220,21,0,0,0,0,0,0,0 max_stage2_delay_ms=524.451976 compaction_batch_target=32 compaction_max_delay_ms=10.000000 stage2_rate_per_sec=426.523493 stage1_search_budget_exhausted=0 stage2_search_budget_exhausted=0 stage2_continuations=63999 stage2_remote_frontier_items=40710895 avg_stage2_remote_frontier=636.117674 stage2_remote_expansions=1302124 avg_stage2_remote_expansions=20.346005 stage2_scored_candidates=75127840 avg_stage2_scored_candidates=1173.890842 stage2_graph_read_waves=768882 avg_stage2_expansions_per_graph_wave=1.693529 stage2_graph_unique_reads=1301652 stage2_vector_read_waves=1367767 avg_stage2_scores_per_vector_wave=54.927367 stage2_vector_unique_reads=75085765 stage2_migrations=6391 home_match_rate=0.900119 stage2_final_edges=2982000 stage2_cross_edges_stage1_home=498714 stage2_cross_edges_final_home=389056 cross_edge_reduction_ratio=0.219882 failed=0 rpc_timeouts=0 reverse_aggregate_batches=0 reverse_aggregate_logical_requests=0 reverse_aggregate_ops=0 avg_reverse_aggregate_logicals=0.000000 avg_reverse_aggregate_ops=0.000000 max_backlog=94 admission_window=128 completion_outstanding=13 pressure_yields=1298178 stage2_batches=6353 avg_stage2_batch_size=10.073823 stage2_phase_search_attempts=6352 stage2_phase_search_task_attempts=63986 stage2_phase_search_elapsed_ms=268599.969294 avg_stage2_phase_search_us_per_task=4197.792787 stage2_phase_freeze_prune_attempts=25388 stage2_phase_freeze_prune_task_attempts=256159 stage2_phase_freeze_prune_elapsed_ms=22897.545352 avg_stage2_phase_freeze_prune_us_per_task=89.388018 stage2_phase_reverse_prepare_attempts=6352 stage2_phase_reverse_prepare_task_attempts=63986 stage2_phase_reverse_prepare_elapsed_ms=72164.812845 avg_stage2_phase_reverse_prepare_us_per_task=1127.821912 stage2_phase_placement_authority_attempts=6352 stage2_phase_placement_authority_task_attempts=63986 stage2_phase_placement_authority_elapsed_ms=3463.455113 avg_stage2_phase_placement_authority_us_per_task=54.128327 stage2_phase_completion_handoff_attempts=6352 stage2_phase_completion_handoff_task_attempts=63986 stage2_phase_completion_handoff_elapsed_ms=7.238001 avg_stage2_phase_completion_handoff_us_per_task=0.113119 stage2_phase_finalize_attempts=6352 stage2_phase_finalize_task_attempts=63986 stage2_phase_finalize_elapsed_ms=92.205849 avg_stage2_phase_finalize_us_per_task=1.441032 maintenance_worker_idle_waits=10535936 maintenance_worker_idle_ms=238461.953908 maintenance_worker_observed_idle_ratio=0.397390 maintenance_worker_observed_busy_ratio=0.602610 peer_stage1_enqueued=45459 peer_stage1_processed=45459 peer_stage1_items=153714 avg_peer_stage1_items=3.381377 peer_stage1_rate_per_sec=1024.640268 peer_stage1_max_queue=15 peer_reverse_enqueued=17989 peer_reverse_processed=17988 peer_reverse_remaining=1 peer_reverse_items_enqueued=594541 peer_reverse_items_processed=594500 peer_reverse_rate_per_sec=3962.870263 peer_reverse_failed=4 peer_reverse_max_queue=5 reclaim_pending=2 reclaim_reused=6389 dynamic_high_watermark=20512435360 stage2_remaining=0 cleanup_remaining=0 active_contexts=1 repair_remaining=0 remaining=13
[STATUS]: storage-owner maintenance observation: enqueued=65674 stage2_enqueued=65674 cleanup_enqueued=0 stage2_tasks_done=65674 stage2_finalized_live=65674 cleanup_processed=0 stale=0 stage2_completion_ratio=1.000000 live_stage2_completion_ratio=1.000000 avg_stage2_delay_ms=99.877972 p99_stage2_delay_upper_ms=512.000000 p99_stage2_delay_over_30s=false stage2_delay_histogram=0,0,7,42,1057,4055,14477,28825,15970,1220,21,0,0,0,0,0,0,0 max_stage2_delay_ms=524.451976 compaction_batch_target=32 compaction_max_delay_ms=10.000000 stage2_rate_per_sec=423.653879 stage1_search_budget_exhausted=0 stage2_search_budget_exhausted=0 stage2_continuations=65674 stage2_remote_frontier_items=41815346 avg_stage2_remote_frontier=636.710814 stage2_remote_expansions=1338708 avg_stage2_remote_expansions=20.384140 stage2_scored_candidates=77193034 avg_stage2_scored_candidates=1175.397174 stage2_graph_read_waves=790209 avg_stage2_expansions_per_graph_wave=1.694119 stage2_graph_unique_reads=1338218 stage2_vector_read_waves=1405567 avg_stage2_scores_per_vector_wave=54.919498 stage2_vector_unique_reads=77150295 stage2_migrations=6558 home_match_rate=0.900143 stage2_final_edges=3063959 stage2_cross_edges_stage1_home=512532 stage2_cross_edges_final_home=399840 cross_edge_reduction_ratio=0.219873 failed=0 rpc_timeouts=0 reverse_aggregate_batches=0 reverse_aggregate_logical_requests=0 reverse_aggregate_ops=0 avg_reverse_aggregate_logicals=0.000000 avg_reverse_aggregate_ops=0.000000 max_backlog=94 admission_window=128 completion_outstanding=0 pressure_yields=1328597 stage2_batches=6537 avg_stage2_batch_size=10.046505 stage2_phase_search_attempts=6537 stage2_phase_search_task_attempts=65674 stage2_phase_search_elapsed_ms=275638.928863 avg_stage2_phase_search_us_per_task=4197.078431 stage2_phase_freeze_prune_attempts=26091 stage2_phase_freeze_prune_task_attempts=262000 stage2_phase_freeze_prune_elapsed_ms=23553.392156 avg_stage2_phase_freeze_prune_us_per_task=89.898443 stage2_phase_reverse_prepare_attempts=6537 stage2_phase_reverse_prepare_task_attempts=65674 stage2_phase_reverse_prepare_elapsed_ms=74089.694885 avg_stage2_phase_reverse_prepare_us_per_task=1128.143480 stage2_phase_placement_authority_attempts=6537 stage2_phase_placement_authority_task_attempts=65674 stage2_phase_placement_authority_elapsed_ms=3547.381271 avg_stage2_phase_placement_authority_us_per_task=54.015002 stage2_phase_completion_handoff_attempts=6537 stage2_phase_completion_handoff_task_attempts=65674 stage2_phase_completion_handoff_elapsed_ms=7.454321 avg_stage2_phase_completion_handoff_us_per_task=0.113505 stage2_phase_finalize_attempts=6537 stage2_phase_finalize_task_attempts=65674 stage2_phase_finalize_elapsed_ms=94.601795 avg_stage2_phase_finalize_us_per_task=1.440476 maintenance_worker_idle_waits=10870528 maintenance_worker_idle_ms=247459.792020 maintenance_worker_observed_idle_ratio=0.399082 maintenance_worker_observed_busy_ratio=0.600918 peer_stage1_enqueued=46743 peer_stage1_processed=46743 peer_stage1_items=157731 avg_peer_stage1_items=3.374430 peer_stage1_rate_per_sec=1017.500838 peer_stage1_max_queue=15 peer_reverse_enqueued=18513 peer_reverse_processed=18513 peer_reverse_remaining=0 peer_reverse_items_enqueued=611898 peer_reverse_items_processed=611898 peer_reverse_rate_per_sec=3947.269261 peer_reverse_failed=5 peer_reverse_max_queue=5 reclaim_pending=0 reclaim_reused=6558 dynamic_high_watermark=20514228320 stage2_remaining=0 cleanup_remaining=0 active_contexts=0 repair_remaining=0 remaining=0
[STATUS]: storage-owner maintenance observation: enqueued=65674 stage2_enqueued=65674 cleanup_enqueued=0 stage2_tasks_done=65674 stage2_finalized_live=65674 cleanup_processed=0 stale=0 stage2_completion_ratio=1.000000 live_stage2_completion_ratio=1.000000 avg_stage2_delay_ms=99.877972 p99_stage2_delay_upper_ms=512.000000 p99_stage2_delay_over_30s=false stage2_delay_histogram=0,0,7,42,1057,4055,14477,28825,15970,1220,21,0,0,0,0,0,0,0 max_stage2_delay_ms=524.451976 compaction_batch_target=32 compaction_max_delay_ms=10.000000 stage2_rate_per_sec=410.414750 stage1_search_budget_exhausted=0 stage2_search_budget_exhausted=0 stage2_continuations=65674 stage2_remote_frontier_items=41815346 avg_stage2_remote_frontier=636.710814 stage2_remote_expansions=1338708 avg_stage2_remote_expansions=20.384140 stage2_scored_candidates=77193034 avg_stage2_scored_candidates=1175.397174 stage2_graph_read_waves=790209 avg_stage2_expansions_per_graph_wave=1.694119 stage2_graph_unique_reads=1338218 stage2_vector_read_waves=1405567 avg_stage2_scores_per_vector_wave=54.919498 stage2_vector_unique_reads=77150295 stage2_migrations=6558 home_match_rate=0.900143 stage2_final_edges=3063959 stage2_cross_edges_stage1_home=512532 stage2_cross_edges_final_home=399840 cross_edge_reduction_ratio=0.219873 failed=0 rpc_timeouts=0 reverse_aggregate_batches=0 reverse_aggregate_logical_requests=0 reverse_aggregate_ops=0 avg_reverse_aggregate_logicals=0.000000 avg_reverse_aggregate_ops=0.000000 max_backlog=94 admission_window=128 completion_outstanding=0 pressure_yields=1328597 stage2_batches=6537 avg_stage2_batch_size=10.046505 stage2_phase_search_attempts=6537 stage2_phase_search_task_attempts=65674 stage2_phase_search_elapsed_ms=275638.928863 avg_stage2_phase_search_us_per_task=4197.078431 stage2_phase_freeze_prune_attempts=26091 stage2_phase_freeze_prune_task_attempts=262000 stage2_phase_freeze_prune_elapsed_ms=23553.392156 avg_stage2_phase_freeze_prune_us_per_task=89.898443 stage2_phase_reverse_prepare_attempts=6537 stage2_phase_reverse_prepare_task_attempts=65674 stage2_phase_reverse_prepare_elapsed_ms=74089.694885 avg_stage2_phase_reverse_prepare_us_per_task=1128.143480 stage2_phase_placement_authority_attempts=6537 stage2_phase_placement_authority_task_attempts=65674 stage2_phase_placement_authority_elapsed_ms=3547.381271 avg_stage2_phase_placement_authority_us_per_task=54.015002 stage2_phase_completion_handoff_attempts=6537 stage2_phase_completion_handoff_task_attempts=65674 stage2_phase_completion_handoff_elapsed_ms=7.454321 avg_stage2_phase_completion_handoff_us_per_task=0.113505 stage2_phase_finalize_attempts=6537 stage2_phase_finalize_task_attempts=65674 stage2_phase_finalize_elapsed_ms=94.601795 avg_stage2_phase_finalize_us_per_task=1.440476 maintenance_worker_idle_waits=11100928 maintenance_worker_idle_ms=261838.572661 maintenance_worker_observed_idle_ratio=0.409075 maintenance_worker_observed_busy_ratio=0.590925 peer_stage1_enqueued=46743 peer_stage1_processed=46743 peer_stage1_items=157731 avg_peer_stage1_items=3.374430 peer_stage1_rate_per_sec=985.704066 peer_stage1_max_queue=15 peer_reverse_enqueued=18513 peer_reverse_processed=18513 peer_reverse_remaining=0 peer_reverse_items_enqueued=611898 peer_reverse_items_processed=611898 peer_reverse_rate_per_sec=3823.917599 peer_reverse_failed=5 peer_reverse_max_queue=5 reclaim_pending=0 reclaim_reused=6558 dynamic_high_watermark=20514228320 stage2_remaining=0 cleanup_remaining=0 active_contexts=0 repair_remaining=0 remaining=0
