============================================================
                        SERVER
============================================================
num clients:                  1
TCP port:                     1237
QP handshake timeout (ms):    10000
IB device:                    <auto>
IB port:                      1
max outstanding CQEs:         64
max send work requests:       4096
max receive work requests:    4096
============================================================
index prefix:                     "/data/xjs/index/dvstor_sift100m/index/sift100m_R96_bw128_metis_pmd32_pq32_schema16"
storage shard:                    "/data/xjs/index/dvstor_sift100m/index/sift100m_R96_bw128_metis_pmd32_pq32_schema16_node4_of5.dat"
storage id:                       3
base vectors:                     100000000
vector ID namespace [0,N):        4294967295
registered memory GiB:            24
====================================================================
1 device(s) found
Selected device: ibp86s0
Selected port state: 4, lid: 8, active_mtu: 5
interleaved policy
num_cores: 112
physical cores per socket: 28
hyperthreading enabled
local process CPU partition: rank 3/5 logical_cpus=22
pairing: 90108 -- 16167
[STATUS]: loaded index metadata from /data/xjs/index/dvstor_sift100m/index/sift100m_R96_bw128_metis_pmd32_pq32_schema16 (layout=plain, vector_data_type=uint8)
[STATUS]: storage-owner stage2 candidate width L=128 per shard
allocation size: 25769803776
allocated ALIGNED MEM (no hugepage) at 134472485830720 with buffer size 25769803776
[STATUS]: loading index (20436190144 Bytes) from /data/xjs/index/dvstor_sift100m/index/sift100m_R96_bw128_metis_pmd32_pq32_schema16_node4_of5.dat
[STATUS]: loaded GPU PQ codes (659231936 Bytes) at remote offset 20436194240
[STATUS]: storage-owner idmap loaded entries=20000000 format=owner_sharded_v2_bound immutable_base=true dynamic_shards=256 dynamic_reserved=65536
[STATUS]: compensated physical centroid restored on shard 3: vectors=20600998 entries=4
[STATUS]: register memory and distribute access token
[STATUS]: connect QPs of compute threads
[STATUS]: reserving 64 GPU/bootstrap QPs per compute node
pairing: 90111 -- 16172
pairing: 90118 -- 16177
pairing: 90123 -- 16182
pairing: 90128 -- 16187
pairing: 90133 -- 16192
pairing: 90138 -- 16197
pairing: 90143 -- 16202
pairing: 90149 -- 16207
pairing: 90153 -- 16212
pairing: 90158 -- 16217
pairing: 90163 -- 16222
pairing: 90168 -- 16227
pairing: 90173 -- 16232
pairing: 90178 -- 16237
pairing: 90183 -- 16242
pairing: 90188 -- 16247
pairing: 90193 -- 16252
pairing: 90198 -- 16257
pairing: 90203 -- 16262
pairing: 90208 -- 16267
pairing: 90213 -- 16272
pairing: 90218 -- 16277
pairing: 90223 -- 16282
pairing: 90228 -- 16287
pairing: 90233 -- 16292
pairing: 90238 -- 16297
pairing: 90243 -- 16302
pairing: 90248 -- 16307
pairing: 90253 -- 16312
pairing: 90258 -- 16317
pairing: 90263 -- 16322
pairing: 90268 -- 16327
pairing: 90273 -- 16425
pairing: 90368 -- 16426
pairing: 90369 -- 16427
pairing: 90370 -- 16428
pairing: 90371 -- 16429
pairing: 90372 -- 16430
pairing: 90373 -- 16431
pairing: 90374 -- 16432
pairing: 90375 -- 16433
pairing: 90376 -- 16434
pairing: 90377 -- 16435
pairing: 90378 -- 16436
pairing: 90379 -- 16437
pairing: 90380 -- 16438
pairing: 90381 -- 16439
pairing: 90382 -- 16440
pairing: 90383 -- 16441
pairing: 90384 -- 16442
pairing: 90385 -- 16443
pairing: 90386 -- 16444
pairing: 90387 -- 16445
pairing: 90388 -- 16446
pairing: 90389 -- 16447
pairing: 90390 -- 16448
pairing: 90391 -- 16449
pairing: 90392 -- 16450
pairing: 90393 -- 16451
pairing: 90394 -- 16452
pairing: 90395 -- 16453
pairing: 90396 -- 16454
pairing: 90397 -- 16455
pairing: 90398 -- 16456
[STATUS]: waiting for compute-node startup barrier
1 device(s) found
Selected device: ibp86s0
Selected port state: 4, lid: 8, active_mtu: 5
pairing: 90431 -- 90433
pairing: 90436 -- 90442
pairing: 90444 -- 90449
pairing: 90451 -- 90457
pairing: 90460 -- 90465
pairing: 90468 -- 90473
pairing: 90476 -- 90481
pairing: 90484 -- 90489
pairing: 90492 -- 90496
pairing: 90499 -- 90502
pairing: 90505 -- 90508
pairing: 90511 -- 90514
pairing: 90517 -- 90520
pairing: 90523 -- 90526
pairing: 90528 -- 90532
pairing: 90535 -- 90538
pairing: 90541 -- 90543
pairing: 90546 -- 90547
pairing: 90549 -- 90551
pairing: 90553 -- 90555
pairing: 90558 -- 90559
pairing: 90561 -- 90563
pairing: 90565 -- 90567
pairing: 90570 -- 90571
pairing: 90573 -- 90575
pairing: 90576 -- 90577
pairing: 90578 -- 90579
pairing: 90580 -- 90581
pairing: 90582 -- 90583
pairing: 90584 -- 90585
pairing: 90586 -- 90587
pairing: 90588 -- 90589
[STATUS]: storage-owner peer RDMA QPs per peer: 8
[STATUS]: storage-owner peer QP0 reserved for RPC; data RDMA uses QP1..7
allocated ALIGNED MEM (no hugepage) at 134471418380352 with buffer size 67108864
allocated ALIGNED MEM (no hugepage) at 134471378534464 with buffer size 39839040
[STATUS]: storage-owner peer RPC receive slots per peer: 64 (requested=64)
[STATUS]: storage-owner peer RPC concurrent sends per peer: 16
[STATUS]: storage-owner peer RPC send credits: Stage1/graph are split at depth >= 2; responses use a dedicated sync buffer
[STATUS]: storage-owner peer async response capacity: 32768
[STATUS]: storage-owner Stage2 home RPC combining: enabled logical_capacity=18432 aggregate_capacity=4608 byte_budget=33593392
allocated ALIGNED MEM (no hugepage) at 101231999826112 with buffer size 110592
allocated ALIGNED MEM (no hugepage) at 134471649263680 with buffer size 212992
allocated ALIGNED MEM (no hugepage) at 134471645458496 with buffer size 212992
[STATUS]: storage-owner peer reverse-update workers: 2
[STATUS]: storage-owner peer Stage1 workers: 3; Stage2-home workers: 1 (one reserved; shared lanes borrow authoritative work only)
[STATUS]: storage-owner physical control workers: cleanup=1 placement=1 (separate blocking domains)
[STATUS]: storage-owner peer progress threads: cq=1 response_dispatch=1
[STATUS]: storage-owner Stage1 artifact capacity: 67584 (64-way, per shard=1056) cleanup replay per shard=2048 active migration receipts=131072
[STATUS]: storage-owner peer reverse-update tuning: queue_depth=65536 coalesce_max=256
allocated ALIGNED MEM (no hugepage) at 134471637295168 with buffer size 1282944
allocated ALIGNED MEM (no hugepage) at 134471633100864 with buffer size 1282944
allocated ALIGNED MEM (no hugepage) at 134471628906560 with buffer size 1282944
allocated ALIGNED MEM (no hugepage) at 134471624712256 with buffer size 1282944
allocated ALIGNED MEM (no hugepage) at 134471620517952 with buffer size 1282944
allocated ALIGNED MEM (no hugepage) at 134471616323648 with buffer size 1282944
allocated ALIGNED MEM (no hugepage) at 134471612129344 with buffer size 1282944
allocated ALIGNED MEM (no hugepage) at 134471607935040 with buffer size 1282944
[STATUS]: storage-owner peer scratch: snapshot_slot=192 graph_slot=832 batch=256 lane_peak_rdma_wrs=56 lane_useful_wave_rdma_wrs=56 global_read_window=224 search_lanes_global=32 search_lanes_credit_derived=16 search_lane_lease_cap=32 search_lanes_physical_per_worker=6 ready_context_runtime_epoch=1 bytes_per_lane=213824 bytes_total=10263552
[STATUS]: storage-owner maintenance workers: 8 (configured=8, admission_baseline_workers=2, context_limit=48, semantic_execution_batch=8, work_conserving=true)
[STATUS]: storage-owner stage2 reverse outbox descriptors: 192 aggregates=192 wire_max_ops=3072 (shared per-peer work-conserving aggregation)
[STATUS]: storage-owner maintenance tuning: protocol=centroid-home-two-stage compaction_batch_target=32 packing_policy=deterministic_b8 packing_tail_wait_us=arrival_adaptive_capped_25000 packing_context_limit=8 backlog_limit=65536 admission_credit=bounded_accepted_backlog admission_window=65536 physical_completion_capacity=65536
[STATUS]: storage-owner peer RDMA read credits: per_data_qp=8 data_qps_per_peer=7 per_peer=56 global=224 shared_cq_read_budget=8095 ordered_snapshot_pairs_per_chain=4 (requested_per_data_qp=16)
[STATUS]: storage-owner online insert tuning: construction_beam=128 snapshot_batch=256 protocol=centroid-home-two-stage
[STATUS]: storage-owner stage1=physical-home local search and backlinks; stage2=generation-fenced home expand+score continuation
[STATUS]: storage-owner responses=foreground direct post; completion=repost by service poller
[STATUS]: storage-owner foreground pipeline: coordinators=12 cpu_lanes=3 (assigned_cpus=22, rpc_parallelism=16)
[STATUS]: storage-owner CPU plan: foreground_cpu=3 foreground_coordinators=12 maintenance=8 peer_stage1=4 (split into isolated Stage1/Stage2-home domains) peer_reverse=2 peer_cleanup=1 peer_placement=1 peer_progress=2 foreground_progress=1
[STATUS]: storage-owner insert runtime enabled on shard 3
[STATUS]: storage-owner maintenance observation: enqueued=1124 stage2_enqueued=1117 cleanup_enqueued=0 stage2_tasks_done=163 stage2_finalized_live=163 cleanup_processed=0 stale=0 stage2_completion_ratio=0.145927 live_stage2_completion_ratio=0.145927 avg_stage2_delay_ms=845.576444 p99_stage2_delay_upper_ms=2000.000000 p99_stage2_delay_over_30s=false stage2_delay_histogram=0,0,0,0,0,0,6,10,8,19,52,68,0,0,0,0,0,0 max_stage2_delay_ms=1496.263169 compaction_batch_target=32 compaction_max_delay_ms=25.000000 stage2_rate_per_sec=32.440926 stage1_search_budget_exhausted=0 stage2_search_budget_exhausted=0 stage2_continuations=536 stage2_remote_frontier_items=585084 avg_stage2_remote_frontier=1091.574627 stage2_remote_expansions=6002 avg_stage2_remote_expansions=11.197761 stage2_scored_candidates=914747 avg_stage2_scored_candidates=1706.617537 stage2_graph_read_waves=1508 avg_stage2_expansions_per_graph_wave=3.980106 stage2_graph_unique_reads=11960 stage2_graph_prefetch_issued=9541 stage2_graph_prefetch_hits=8454 stage2_graph_prefetch_wasted=108 stage2_graph_prefetch_promotion_ratio=0.987386 stage2_graph_issue_width_current=16 stage2_vector_read_waves=3759 avg_stage2_scores_per_vector_wave=243.348497 stage2_vector_unique_reads=568722 stage2_home_rpc_batches=3439 stage2_home_rpc_items=552929 avg_stage2_home_rpc_batch=160.781913 stage2_home_score_rpc_batches=2148 stage2_home_score_rpc_items=540982 stage2_home_score_rpc_queries=11309 stage2_home_score_rpc_request_bytes=14534224 stage2_home_score_rpc_response_bytes=17397344 avg_stage2_home_score_queries_per_rpc=5.264898 avg_stage2_home_score_rpc_batch=251.853818 stage2_home_scored_neighbors=887301 home_scores_per_expansion=1.604729 stage2_migrations=21 home_match_rate=0.871166 stage2_final_edges=11132 stage2_cross_edges_stage1_home=2115 stage2_cross_edges_final_home=1703 cross_edge_reduction_ratio=0.194799 failed=0 rpc_timeouts=0 reverse_aggregate_batches=0 reverse_aggregate_logical_requests=0 reverse_aggregate_ops=0 avg_reverse_aggregate_logicals=0.000000 avg_reverse_aggregate_ops=0.000000 max_backlog=588 admission_window=65536 completion_outstanding=1076 completion_incomplete=961 completed_behind_hole=115 completion_logical_full_failures=0 completion_physical_full_failures=0 pressure_yields=6629 stage2_batches=72 avg_stage2_batch_size=7.444444 packing_target_batch=8 packing_admit_queue_avg=97.277778 packing_admit_queue_max=521 packing_batch_1_7=15 packing_batch_8=57 packing_assembly_batches=72 packing_assembly_wait_ms=10061.791916 packing_arrival_interval_us=2150 packing_waited_batches=15 packing_wait_ms=227.836000 packing_target_flushes=57 packing_deadline_flushes=15 packing_cleanup_flushes=0 stage2_phase_search_attempts=30 stage2_phase_search_task_attempts=211 stage2_phase_search_elapsed_ms=19884.724455 avg_stage2_phase_search_us_per_task=94240.400261 stage2_phase_freeze_prune_attempts=28 stage2_phase_freeze_prune_task_attempts=195 stage2_phase_freeze_prune_elapsed_ms=1086.559853 avg_stage2_phase_freeze_prune_us_per_task=5572.101810 stage2_phase_reverse_prepare_attempts=25 stage2_phase_reverse_prepare_task_attempts=171 stage2_phase_reverse_prepare_elapsed_ms=4368.355070 avg_stage2_phase_reverse_prepare_us_per_task=25545.936082 stage2_phase_placement_authority_attempts=24 stage2_phase_placement_authority_task_attempts=163 stage2_phase_placement_authority_elapsed_ms=885.253354 avg_stage2_phase_placement_authority_us_per_task=5431.002172 stage2_phase_completion_handoff_attempts=24 stage2_phase_completion_handoff_task_attempts=163 stage2_phase_completion_handoff_elapsed_ms=0.058853 avg_stage2_phase_completion_handoff_us_per_task=0.361061 stage2_phase_finalize_attempts=24 stage2_phase_finalize_task_attempts=163 stage2_phase_finalize_elapsed_ms=0.261581 avg_stage2_phase_finalize_us_per_task=1.604791 maintenance_worker_idle_waits=9408 maintenance_worker_idle_ms=33745.452452 maintenance_lost_wake_avoided=1047 maintenance_targeted_wakes=13557 maintenance_generic_wakes=592 maintenance_broadcast_wakes=0 maintenance_context_slots_scanned=101424 maintenance_ready_notifications=7354 maintenance_ready_stale_notifications=0 maintenance_ready_tickets_drained=5932 maintenance_ready_overflow_scans=0 maintenance_ready_fallback_scans=6497 stage2_search_lane_lease_limit=32 stage2_search_lane_lease_peak=24 stage2_search_lane_lease_blocked=0 maintenance_worker_observed_idle_ratio=0.839520 maintenance_worker_observed_busy_ratio=0.160480 physical_stage1_items=1126 physical_stage1_total_ns=5246562193 physical_stage1_search_ns=4792819429 physical_stage1_prune_ns=321491001 physical_stage1_allocate_write_ns=94928776 physical_stage1_backlink_ns=20185522 physical_stage1_candidates=144115 physical_stage1_remote_frontier_items=1141693 physical_stage1_neighbors=67666 peer_stage1_enqueued=820 peer_stage1_processed=775 peer_stage1_items=1703 avg_peer_stage1_items=2.197419 peer_stage1_rate_per_sec=338.938022 peer_stage1_max_queue=47 peer_stage1_active_workers=3 peer_stage2_home_enqueued=3272 peer_stage2_home_processed=3272 peer_stage2_home_items=528956 avg_peer_stage2_home_items=161.661369 peer_stage2_home_max_queue=30 peer_stage2_home_response_queue_drops=0 peer_stage2_home_response_send_wait_ms=307.807186 avg_peer_stage2_home_queue_wait_us=276.306483 avg_peer_stage2_home_execution_us=73.751336 peer_stage1_release_deferred_batches=0 peer_stage1_release_deferred_items=0 peer_stage1_duplicate_retry_responses=0 peer_stage1_admission_retry_responses=0 peer_stage1_retry_response_drops=0 peer_stage1_admission_waiters=0 peer_stage1_admission_waiter_items=0 peer_stage1_admission_owned_items=0 peer_stage1_admission_wake_coverage=0 peer_stage1_admission_parked=0 peer_stage1_admission_woken=0 peer_stage1_admission_reparked=0 peer_stage1_max_admission_waiters=0 peer_stage1_duplicate_coalesced=0 peer_reverse_enqueued=126 peer_reverse_processed=126 peer_reverse_remaining=0 peer_reverse_items_enqueued=3436 peer_reverse_items_processed=3436 peer_reverse_rate_per_sec=683.846767 peer_reverse_failed=0 peer_reverse_max_queue=14 reclaim_pending=15 reclaim_reused=6 dynamic_high_watermark=21096618224 stage2_remaining=581 cleanup_remaining=0 active_contexts=48 active_context_limit=48 repair_remaining=0 remaining=961
[STATUS]: storage-owner maintenance observation: enqueued=4048 stage2_enqueued=4048 cleanup_enqueued=0 stage2_tasks_done=1176 stage2_finalized_live=1176 cleanup_processed=0 stale=0 stage2_completion_ratio=0.290514 live_stage2_completion_ratio=0.290514 avg_stage2_delay_ms=3069.554610 p99_stage2_delay_upper_ms=8000.000000 p99_stage2_delay_over_30s=false stage2_delay_histogram=0,0,0,0,0,0,6,10,8,19,52,191,501,373,16,0,0,0 max_stage2_delay_ms=5059.055168 compaction_batch_target=32 compaction_max_delay_ms=25.000000 stage2_rate_per_sec=117.310914 stage1_search_budget_exhausted=0 stage2_search_budget_exhausted=0 stage2_continuations=1560 stage2_remote_frontier_items=1544850 avg_stage2_remote_frontier=990.288462 stage2_remote_expansions=37768 avg_stage2_remote_expansions=24.210256 stage2_scored_candidates=2765050 avg_stage2_scored_candidates=1772.467949 stage2_graph_read_waves=6186 avg_stage2_expansions_per_graph_wave=6.105399 stage2_graph_unique_reads=44359 stage2_graph_prefetch_issued=35089 stage2_graph_prefetch_hits=33263 stage2_graph_prefetch_wasted=770 stage2_graph_prefetch_promotion_ratio=0.977375 stage2_graph_issue_width_current=16 stage2_vector_read_waves=14019 avg_stage2_scores_per_vector_wave=197.235894 stage2_vector_unique_reads=1597676 stage2_home_rpc_batches=11289 stage2_home_rpc_items=1514340 avg_stage2_home_rpc_batch=134.142971 stage2_home_score_rpc_batches=5848 stage2_home_score_rpc_items=1469981 stage2_home_score_rpc_queries=31074 stage2_home_score_rpc_request_bytes=39540696 stage2_home_score_rpc_response_bytes=47274192 avg_stage2_home_score_queries_per_rpc=5.313611 avg_stage2_home_score_rpc_batch=251.364740 stage2_home_scored_neighbors=2637448 home_scores_per_expansion=1.741649 stage2_migrations=168 home_match_rate=0.857143 stage2_final_edges=73212 stage2_cross_edges_stage1_home=15557 stage2_cross_edges_final_home=12316 cross_edge_reduction_ratio=0.208331 failed=0 rpc_timeouts=0 reverse_aggregate_batches=0 reverse_aggregate_logical_requests=0 reverse_aggregate_ops=0 avg_reverse_aggregate_logicals=0.000000 avg_reverse_aggregate_ops=0.000000 max_backlog=2488 admission_window=65536 completion_outstanding=3264 completion_incomplete=2872 completed_behind_hole=392 completion_logical_full_failures=0 completion_physical_full_failures=0 pressure_yields=31881 stage2_batches=200 avg_stage2_batch_size=7.800000 packing_target_batch=8 packing_admit_queue_avg=1112.675000 packing_admit_queue_max=2463 packing_batch_1_7=15 packing_batch_8=185 packing_assembly_batches=200 packing_assembly_wait_ms=377288.801922 packing_arrival_interval_us=2073 packing_waited_batches=15 packing_wait_ms=227.836000 packing_target_flushes=185 packing_deadline_flushes=15 packing_cleanup_flushes=0 stage2_phase_search_attempts=158 stage2_phase_search_task_attempts=1224 stage2_phase_search_elapsed_ms=204111.378757 avg_stage2_phase_search_us_per_task=166757.662383 stage2_phase_freeze_prune_attempts=165 stage2_phase_freeze_prune_task_attempts=1279 stage2_phase_freeze_prune_elapsed_ms=7177.213776 avg_stage2_phase_freeze_prune_us_per_task=5611.582311 stage2_phase_reverse_prepare_attempts=152 stage2_phase_reverse_prepare_task_attempts=1176 stage2_phase_reverse_prepare_elapsed_ms=43088.784294 avg_stage2_phase_reverse_prepare_us_per_task=36640.122699 stage2_phase_placement_authority_attempts=152 stage2_phase_placement_authority_task_attempts=1176 stage2_phase_placement_authority_elapsed_ms=13306.434374 avg_stage2_phase_placement_authority_us_per_task=11314.995216 stage2_phase_completion_handoff_attempts=152 stage2_phase_completion_handoff_task_attempts=1176 stage2_phase_completion_handoff_elapsed_ms=0.523037 avg_stage2_phase_completion_handoff_us_per_task=0.444759 stage2_phase_finalize_attempts=152 stage2_phase_finalize_task_attempts=1176 stage2_phase_finalize_elapsed_ms=1.923522 avg_stage2_phase_finalize_us_per_task=1.635648 maintenance_worker_idle_waits=28160 maintenance_worker_idle_ms=44363.822910 maintenance_lost_wake_avoided=3877 maintenance_targeted_wakes=66937 maintenance_generic_wakes=2254 maintenance_broadcast_wakes=0 maintenance_context_slots_scanned=297360 maintenance_ready_notifications=31006 maintenance_ready_stale_notifications=6 maintenance_ready_tickets_drained=23078 maintenance_ready_overflow_scans=0 maintenance_ready_fallback_scans=18731 stage2_search_lane_lease_limit=32 stage2_search_lane_lease_peak=26 stage2_search_lane_lease_blocked=0 maintenance_worker_observed_idle_ratio=0.553185 maintenance_worker_observed_busy_ratio=0.446815 physical_stage1_items=4054 physical_stage1_total_ns=16890867216 physical_stage1_search_ns=15423100542 physical_stage1_prune_ns=976792342 physical_stage1_allocate_write_ns=374086614 physical_stage1_backlink_ns=68835565 physical_stage1_candidates=518657 physical_stage1_remote_frontier_items=3672813 physical_stage1_neighbors=217741 peer_stage1_enqueued=3461 peer_stage1_processed=3428 peer_stage1_items=6442 avg_peer_stage1_items=1.879230 peer_stage1_rate_per_sec=642.616418 peer_stage1_max_queue=47 peer_stage1_active_workers=3 peer_stage2_home_enqueued=9333 peer_stage2_home_processed=9333 peer_stage2_home_items=1363212 avg_peer_stage2_home_items=146.063645 peer_stage2_home_max_queue=30 peer_stage2_home_response_queue_drops=0 peer_stage2_home_response_send_wait_ms=757.617713 avg_peer_stage2_home_queue_wait_us=166.060881 avg_peer_stage2_home_execution_us=71.980178 peer_stage1_release_deferred_batches=6 peer_stage1_release_deferred_items=10 peer_stage1_duplicate_retry_responses=0 peer_stage1_admission_retry_responses=0 peer_stage1_retry_response_drops=0 peer_stage1_admission_waiters=0 peer_stage1_admission_waiter_items=0 peer_stage1_admission_owned_items=0 peer_stage1_admission_wake_coverage=0 peer_stage1_admission_parked=0 peer_stage1_admission_woken=0 peer_stage1_admission_reparked=0 peer_stage1_max_admission_waiters=0 peer_stage1_duplicate_coalesced=1 peer_reverse_enqueued=605 peer_reverse_processed=602 peer_reverse_remaining=3 peer_reverse_items_enqueued=13450 peer_reverse_items_processed=13410 peer_reverse_rate_per_sec=1337.703535 peer_reverse_failed=0 peer_reverse_max_queue=32 reclaim_pending=44 reclaim_reused=124 dynamic_high_watermark=21099630064 stage2_remaining=2488 cleanup_remaining=0 active_contexts=48 active_context_limit=48 repair_remaining=0 remaining=2872
[STATUS]: storage-owner maintenance observation: enqueued=7081 stage2_enqueued=7081 cleanup_enqueued=0 stage2_tasks_done=2072 stage2_finalized_live=2072 cleanup_processed=0 stale=0 stage2_completion_ratio=0.292614 live_stage2_completion_ratio=0.292614 avg_stage2_delay_ms=4742.203065 p99_stage2_delay_upper_ms=16000.000000 p99_stage2_delay_over_30s=false stage2_delay_histogram=0,0,0,0,0,0,6,10,8,19,52,191,501,397,788,100,0,0 max_stage2_delay_ms=8402.957494 compaction_batch_target=32 compaction_max_delay_ms=25.000000 stage2_rate_per_sec=137.894033 stage1_search_budget_exhausted=0 stage2_search_budget_exhausted=0 stage2_continuations=2456 stage2_remote_frontier_items=2313750 avg_stage2_remote_frontier=942.080619 stage2_remote_expansions=67192 avg_stage2_remote_expansions=27.358306 stage2_scored_candidates=4313031 avg_stage2_scored_candidates=1756.120114 stage2_graph_read_waves=10679 avg_stage2_expansions_per_graph_wave=6.291975 stage2_graph_unique_reads=75074 stage2_graph_prefetch_issued=59304 stage2_graph_prefetch_hits=56852 stage2_graph_prefetch_wasted=1411 stage2_graph_prefetch_promotion_ratio=0.975782 stage2_graph_issue_width_current=16 stage2_vector_read_waves=23406 avg_stage2_scores_per_vector_wave=184.270315 stage2_vector_unique_reads=2446341 stage2_home_rpc_batches=18351 stage2_home_rpc_items=2297494 avg_stage2_home_rpc_batch=125.197210 stage2_home_score_rpc_batches=8858 stage2_home_score_rpc_items=2222420 stage2_home_score_rpc_queries=47238 stage2_home_score_rpc_request_bytes=59823352 stage2_home_score_rpc_response_bytes=71475656 avg_stage2_home_score_queries_per_rpc=5.332807 avg_stage2_home_score_rpc_batch=250.894107 stage2_home_scored_neighbors=4090484 home_scores_per_expansion=1.780411 stage2_migrations=316 home_match_rate=0.847490 stage2_final_edges=123176 stage2_cross_edges_stage1_home=26715 stage2_cross_edges_final_home=20911 cross_edge_reduction_ratio=0.217256 failed=0 rpc_timeouts=0 reverse_aggregate_batches=0 reverse_aggregate_logical_requests=0 reverse_aggregate_ops=0 avg_reverse_aggregate_logicals=0.000000 avg_reverse_aggregate_ops=0.000000 max_backlog=4625 admission_window=65536 completion_outstanding=5369 completion_incomplete=5009 completed_behind_hole=360 completion_logical_full_failures=0 completion_physical_full_failures=0 pressure_yields=58241 stage2_batches=312 avg_stage2_batch_size=7.871795 packing_target_batch=8 packing_admit_queue_avg=2049.272436 packing_admit_queue_max=4625 packing_batch_1_7=15 packing_batch_8=297 packing_assembly_batches=312 packing_assembly_wait_ms=1088931.738596 packing_arrival_interval_us=1886 packing_waited_batches=15 packing_wait_ms=227.836000 packing_target_flushes=297 packing_deadline_flushes=15 packing_cleanup_flushes=0 stage2_phase_search_attempts=272 stage2_phase_search_task_attempts=2136 stage2_phase_search_elapsed_ms=345775.545976 avg_stage2_phase_search_us_per_task=161879.937255 stage2_phase_freeze_prune_attempts=291 stage2_phase_freeze_prune_task_attempts=2287 stage2_phase_freeze_prune_elapsed_ms=12267.344933 avg_stage2_phase_freeze_prune_us_per_task=5363.946188 stage2_phase_reverse_prepare_attempts=266 stage2_phase_reverse_prepare_task_attempts=2088 stage2_phase_reverse_prepare_elapsed_ms=105638.712618 avg_stage2_phase_reverse_prepare_us_per_task=50593.253170 stage2_phase_placement_authority_attempts=264 stage2_phase_placement_authority_task_attempts=2072 stage2_phase_placement_authority_elapsed_ms=28779.382167 avg_stage2_phase_placement_authority_us_per_task=13889.663208 stage2_phase_completion_handoff_attempts=264 stage2_phase_completion_handoff_task_attempts=2072 stage2_phase_completion_handoff_elapsed_ms=0.868770 avg_stage2_phase_completion_handoff_us_per_task=0.419291 stage2_phase_finalize_attempts=264 stage2_phase_finalize_task_attempts=2072 stage2_phase_finalize_elapsed_ms=3.439717 avg_stage2_phase_finalize_us_per_task=1.660095 maintenance_worker_idle_waits=48064 maintenance_worker_idle_ms=55259.816130 maintenance_lost_wake_avoided=7581 maintenance_targeted_wakes=117251 maintenance_generic_wakes=3979 maintenance_broadcast_wakes=0 maintenance_context_slots_scanned=517712 maintenance_ready_notifications=51873 maintenance_ready_stale_notifications=10 maintenance_ready_tickets_drained=39071 maintenance_ready_overflow_scans=0 maintenance_ready_fallback_scans=32529 stage2_search_lane_lease_limit=32 stage2_search_lane_lease_peak=27 stage2_search_lane_lease_blocked=0 maintenance_worker_observed_idle_ratio=0.459701 maintenance_worker_observed_busy_ratio=0.540299 physical_stage1_items=7090 physical_stage1_total_ns=28612382077 physical_stage1_search_ns=26152402500 physical_stage1_prune_ns=1641876197 physical_stage1_allocate_write_ns=615935661 physical_stage1_backlink_ns=122375372 physical_stage1_candidates=907191 physical_stage1_remote_frontier_items=6300721 physical_stage1_neighbors=367839 peer_stage1_enqueued=6117 peer_stage1_processed=6078 peer_stage1_items=11267 avg_peer_stage1_items=1.853735 peer_stage1_rate_per_sec=749.832080 peer_stage1_max_queue=47 peer_stage1_active_workers=3 peer_stage2_home_enqueued=14867 peer_stage2_home_processed=14867 peer_stage2_home_items=2089552 avg_peer_stage2_home_items=140.549674 peer_stage2_home_max_queue=30 peer_stage2_home_response_queue_drops=0 peer_stage2_home_response_send_wait_ms=1040.464652 avg_peer_stage2_home_queue_wait_us=136.143235 avg_peer_stage2_home_execution_us=69.906969 peer_stage1_release_deferred_batches=11 peer_stage1_release_deferred_items=16 peer_stage1_duplicate_retry_responses=0 peer_stage1_admission_retry_responses=0 peer_stage1_retry_response_drops=0 peer_stage1_admission_waiters=0 peer_stage1_admission_waiter_items=0 peer_stage1_admission_owned_items=0 peer_stage1_admission_wake_coverage=0 peer_stage1_admission_parked=0 peer_stage1_admission_woken=0 peer_stage1_admission_reparked=0 peer_stage1_max_admission_waiters=0 peer_stage1_duplicate_coalesced=1 peer_reverse_enqueued=1072 peer_reverse_processed=1047 peer_reverse_remaining=25 peer_reverse_items_enqueued=21318 peer_reverse_items_processed=20687 peer_reverse_rate_per_sec=1376.744141 peer_reverse_failed=0 peer_reverse_max_queue=38 reclaim_pending=53 reclaim_reused=263 dynamic_high_watermark=21102720944 stage2_remaining=4625 cleanup_remaining=0 active_contexts=48 active_context_limit=48 repair_remaining=0 remaining=5009
[STATUS]: storage-owner maintenance observation: enqueued=8995 stage2_enqueued=8995 cleanup_enqueued=0 stage2_tasks_done=5120 stage2_finalized_live=5120 cleanup_processed=0 stale=0 stage2_completion_ratio=0.569205 live_stage2_completion_ratio=0.569205 avg_stage2_delay_ms=7509.083767 p99_stage2_delay_upper_ms=16000.000000 p99_stage2_delay_over_30s=false stage2_delay_histogram=0,0,0,0,0,0,6,10,8,19,52,191,501,397,800,3136,0,0 max_stage2_delay_ms=11122.061260 compaction_batch_target=32 compaction_max_delay_ms=25.000000 stage2_rate_per_sec=255.650711 stage1_search_budget_exhausted=0 stage2_search_budget_exhausted=0 stage2_continuations=5480 stage2_remote_frontier_items=4846344 avg_stage2_remote_frontier=884.369343 stage2_remote_expansions=169001 avg_stage2_remote_expansions=30.839599 stage2_scored_candidates=9348904 avg_stage2_scored_candidates=1706.004380 stage2_graph_read_waves=25961 avg_stage2_expansions_per_graph_wave=6.509803 stage2_graph_unique_reads=177411 stage2_graph_prefetch_issued=139287 stage2_graph_prefetch_hits=135189 stage2_graph_prefetch_wasted=3565 stage2_graph_prefetch_promotion_ratio=0.974307 stage2_graph_issue_width_current=16 stage2_vector_read_waves=56836 avg_stage2_scores_per_vector_wave=164.489127 stage2_vector_unique_reads=5229698 stage2_home_rpc_batches=42713 stage2_home_rpc_items=4888902 avg_stage2_home_rpc_batch=114.459345 stage2_home_score_rpc_batches=19052 stage2_home_score_rpc_items=4711491 stage2_home_score_rpc_queries=99900 stage2_home_score_rpc_request_bytes=126857248 stage2_home_score_rpc_response_bytes=151555512 avg_stage2_home_score_queries_per_rpc=5.243544 avg_stage2_home_score_rpc_batch=247.296399 stage2_home_scored_neighbors=8830788 home_scores_per_expansion=1.806293 stage2_migrations=809 home_match_rate=0.841992 stage2_final_edges=280179 stage2_cross_edges_stage1_home=61525 stage2_cross_edges_final_home=46434 cross_edge_reduction_ratio=0.245282 failed=0 rpc_timeouts=0 reverse_aggregate_batches=0 reverse_aggregate_logical_requests=0 reverse_aggregate_ops=0 avg_reverse_aggregate_logicals=0.000000 avg_reverse_aggregate_ops=0.000000 max_backlog=5827 admission_window=65536 completion_outstanding=4107 completion_incomplete=3875 completed_behind_hole=232 completion_logical_full_failures=0 completion_physical_full_failures=0 pressure_yields=107683 stage2_batches=690 avg_stage2_batch_size=7.942029 packing_target_batch=8 packing_admit_queue_avg=3554.559420 packing_admit_queue_max=5827 packing_batch_1_7=15 packing_batch_8=675 packing_assembly_batches=690 packing_assembly_wait_ms=4400003.999368 packing_arrival_interval_us=1165 packing_waited_batches=15 packing_wait_ms=227.836000 packing_target_flushes=675 packing_deadline_flushes=15 packing_cleanup_flushes=0 stage2_phase_search_attempts=660 stage2_phase_search_task_attempts=5240 stage2_phase_search_elapsed_ms=545161.543846 avg_stage2_phase_search_us_per_task=104038.462566 stage2_phase_freeze_prune_attempts=753 stage2_phase_freeze_prune_task_attempts=5983 stage2_phase_freeze_prune_elapsed_ms=19400.754194 avg_stage2_phase_freeze_prune_us_per_task=3242.646531 stage2_phase_reverse_prepare_attempts=649 stage2_phase_reverse_prepare_task_attempts=5152 stage2_phase_reverse_prepare_elapsed_ms=154466.587579 avg_stage2_phase_reverse_prepare_us_per_task=29981.868707 stage2_phase_placement_authority_attempts=645 stage2_phase_placement_authority_task_attempts=5120 stage2_phase_placement_authority_elapsed_ms=40338.975145 avg_stage2_phase_placement_authority_us_per_task=7878.706083 stage2_phase_completion_handoff_attempts=645 stage2_phase_completion_handoff_task_attempts=5120 stage2_phase_completion_handoff_elapsed_ms=1.824059 avg_stage2_phase_completion_handoff_us_per_task=0.356262 stage2_phase_finalize_attempts=645 stage2_phase_finalize_task_attempts=5120 stage2_phase_finalize_elapsed_ms=7.930781 avg_stage2_phase_finalize_us_per_task=1.548981 maintenance_worker_idle_waits=81088 maintenance_worker_idle_ms=63216.006674 maintenance_lost_wake_avoided=14711 maintenance_targeted_wakes=270140 maintenance_generic_wakes=5043 maintenance_broadcast_wakes=0 maintenance_context_slots_scanned=904480 maintenance_ready_notifications=124806 maintenance_ready_stale_notifications=11 maintenance_ready_tickets_drained=92315 maintenance_ready_overflow_scans=0 maintenance_ready_fallback_scans=56703 stage2_search_lane_lease_limit=32 stage2_search_lane_lease_peak=31 stage2_search_lane_lease_blocked=0 maintenance_worker_observed_idle_ratio=0.394561 maintenance_worker_observed_busy_ratio=0.605439 physical_stage1_items=8995 physical_stage1_total_ns=36262722284 physical_stage1_search_ns=33123585021 physical_stage1_prune_ns=2103258925 physical_stage1_allocate_write_ns=777606512 physical_stage1_backlink_ns=158172302 physical_stage1_candidates=1150988 physical_stage1_remote_frontier_items=7924297 physical_stage1_neighbors=469478 peer_stage1_enqueued=7746 peer_stage1_processed=7746 peer_stage1_items=14410 avg_peer_stage1_items=1.860315 peer_stage1_rate_per_sec=719.516941 peer_stage1_max_queue=47 peer_stage1_active_workers=1 peer_stage2_home_enqueued=31716 peer_stage2_home_processed=31714 peer_stage2_home_items=4206064 avg_peer_stage2_home_items=132.624834 peer_stage2_home_max_queue=30 peer_stage2_home_response_queue_drops=0 peer_stage2_home_response_send_wait_ms=1459.700840 avg_peer_stage2_home_queue_wait_us=88.504432 avg_peer_stage2_home_execution_us=77.346153 peer_stage1_release_deferred_batches=16 peer_stage1_release_deferred_items=22 peer_stage1_duplicate_retry_responses=0 peer_stage1_admission_retry_responses=0 peer_stage1_retry_response_drops=0 peer_stage1_admission_waiters=0 peer_stage1_admission_waiter_items=0 peer_stage1_admission_owned_items=0 peer_stage1_admission_wake_coverage=0 peer_stage1_admission_parked=0 peer_stage1_admission_woken=0 peer_stage1_admission_reparked=0 peer_stage1_max_admission_waiters=0 peer_stage1_duplicate_coalesced=1 peer_reverse_enqueued=2384 peer_reverse_processed=2383 peer_reverse_remaining=1 peer_reverse_items_enqueued=45336 peer_reverse_items_processed=45314 peer_reverse_rate_per_sec=2262.608653 peer_reverse_failed=0 peer_reverse_max_queue=48 reclaim_pending=258 reclaim_reused=551 dynamic_high_watermark=21104660544 stage2_remaining=3515 cleanup_remaining=0 active_contexts=45 active_context_limit=48 repair_remaining=0 remaining=3875
[STATUS]: storage-owner maintenance observation: enqueued=10922 stage2_enqueued=10922 cleanup_enqueued=0 stage2_tasks_done=9595 stage2_finalized_live=9595 cleanup_processed=0 stale=0 stage2_completion_ratio=0.878502 live_stage2_completion_ratio=0.878502 avg_stage2_delay_ms=6435.780775 p99_stage2_delay_upper_ms=16000.000000 p99_stage2_delay_over_30s=false stage2_delay_histogram=0,0,0,0,0,0,6,13,13,43,227,465,1268,1016,3176,3368,0,0 max_stage2_delay_ms=11122.061260 compaction_batch_target=32 compaction_max_delay_ms=25.000000 stage2_rate_per_sec=383.378704 stage1_search_budget_exhausted=0 stage2_search_budget_exhausted=0 stage2_continuations=9979 stage2_remote_frontier_items=8837854 avg_stage2_remote_frontier=885.645255 stage2_remote_expansions=311432 avg_stage2_remote_expansions=31.208738 stage2_scored_candidates=17021892 avg_stage2_scored_candidates=1705.771320 stage2_graph_read_waves=47232 avg_stage2_expansions_per_graph_wave=6.593665 stage2_graph_unique_reads=321469 stage2_graph_prefetch_issued=253478 stage2_graph_prefetch_hits=246429 stage2_graph_prefetch_wasted=6391 stage2_graph_prefetch_promotion_ratio=0.974721 stage2_graph_issue_width_current=16 stage2_vector_read_waves=105694 avg_stage2_scores_per_vector_wave=161.048801 stage2_vector_unique_reads=9561825 stage2_home_rpc_batches=80047 stage2_home_rpc_items=8930543 avg_stage2_home_rpc_batch=111.566242 stage2_home_score_rpc_batches=34921 stage2_home_score_rpc_items=8609106 stage2_home_score_rpc_queries=182387 stage2_home_score_rpc_request_bytes=231786616 stage2_home_score_rpc_response_bytes=276936576 avg_stage2_home_score_queries_per_rpc=5.222846 avg_stage2_home_score_rpc_batch=246.530913 stage2_home_scored_neighbors=16068266 home_scores_per_expansion=1.799248 stage2_migrations=1526 home_match_rate=0.840959 stage2_final_edges=521595 stage2_cross_edges_stage1_home=115157 stage2_cross_edges_final_home=87129 cross_edge_reduction_ratio=0.243389 failed=0 rpc_timeouts=0 reverse_aggregate_batches=0 reverse_aggregate_logical_requests=0 reverse_aggregate_ops=0 avg_reverse_aggregate_logicals=0.000000 avg_reverse_aggregate_ops=0.000000 max_backlog=5827 admission_window=65536 completion_outstanding=1691 completion_incomplete=1327 completed_behind_hole=364 completion_logical_full_failures=0 completion_physical_full_failures=0 pressure_yields=137730 stage2_batches=1256 avg_stage2_batch_size=7.945064 packing_target_batch=8 packing_admit_queue_avg=2596.590764 packing_admit_queue_max=5827 packing_batch_1_7=24 packing_batch_8=1232 packing_assembly_batches=1256 packing_assembly_wait_ms=6854223.617569 packing_arrival_interval_us=2513 packing_waited_batches=24 packing_wait_ms=334.698000 packing_target_flushes=1232 packing_deadline_flushes=24 packing_cleanup_flushes=0 stage2_phase_search_attempts=1222 stage2_phase_search_task_attempts=9707 stage2_phase_search_elapsed_ms=694576.825343 avg_stage2_phase_search_us_per_task=71554.221216 stage2_phase_freeze_prune_attempts=1462 stage2_phase_freeze_prune_task_attempts=11626 stage2_phase_freeze_prune_elapsed_ms=25584.603884 avg_stage2_phase_freeze_prune_us_per_task=2200.636838 stage2_phase_reverse_prepare_attempts=1212 stage2_phase_reverse_prepare_task_attempts=9627 stage2_phase_reverse_prepare_elapsed_ms=179078.450409 avg_stage2_phase_reverse_prepare_us_per_task=18601.688003 stage2_phase_placement_authority_attempts=1208 stage2_phase_placement_authority_task_attempts=9595 stage2_phase_placement_authority_elapsed_ms=46068.454295 avg_stage2_phase_placement_authority_us_per_task=4801.297998 stage2_phase_completion_handoff_attempts=1208 stage2_phase_completion_handoff_task_attempts=9595 stage2_phase_completion_handoff_elapsed_ms=2.712509 avg_stage2_phase_completion_handoff_us_per_task=0.282700 stage2_phase_finalize_attempts=1208 stage2_phase_finalize_task_attempts=9595 stage2_phase_finalize_elapsed_ms=12.543965 avg_stage2_phase_finalize_us_per_task=1.307344 maintenance_worker_idle_waits=103616 maintenance_worker_idle_ms=73833.438613 maintenance_lost_wake_avoided=19177 maintenance_targeted_wakes=470786 maintenance_generic_wakes=6127 maintenance_broadcast_wakes=0 maintenance_context_slots_scanned=1207360 maintenance_ready_notifications=229667 maintenance_ready_stale_notifications=19 maintenance_ready_tickets_drained=165967 maintenance_ready_overflow_scans=0 maintenance_ready_fallback_scans=75601 stage2_search_lane_lease_limit=32 stage2_search_lane_lease_peak=32 stage2_search_lane_lease_blocked=1008 maintenance_worker_observed_idle_ratio=0.368762 maintenance_worker_observed_busy_ratio=0.631238 physical_stage1_items=10930 physical_stage1_total_ns=44656014298 physical_stage1_search_ns=40781872556 physical_stage1_prune_ns=2625579013 physical_stage1_allocate_write_ns=932865154 physical_stage1_backlink_ns=192929877 physical_stage1_candidates=1398650 physical_stage1_remote_frontier_items=9726505 physical_stage1_neighbors=575720 peer_stage1_enqueued=9404 peer_stage1_processed=9402 peer_stage1_items=17490 avg_peer_stage1_items=1.860243 peer_stage1_rate_per_sec=698.832051 peer_stage1_max_queue=47 peer_stage1_active_workers=2 peer_stage2_home_enqueued=39578 peer_stage2_home_processed=39578 peer_stage2_home_items=5087756 avg_peer_stage2_home_items=128.550104 peer_stage2_home_max_queue=30 peer_stage2_home_response_queue_drops=0 peer_stage2_home_response_send_wait_ms=1732.047051 avg_peer_stage2_home_queue_wait_us=89.410908 avg_peer_stage2_home_execution_us=74.935681 peer_stage1_release_deferred_batches=20 peer_stage1_release_deferred_items=26 peer_stage1_duplicate_retry_responses=0 peer_stage1_admission_retry_responses=0 peer_stage1_retry_response_drops=0 peer_stage1_admission_waiters=0 peer_stage1_admission_waiter_items=0 peer_stage1_admission_owned_items=0 peer_stage1_admission_wake_coverage=0 peer_stage1_admission_parked=0 peer_stage1_admission_woken=0 peer_stage1_admission_reparked=0 peer_stage1_max_admission_waiters=0 peer_stage1_duplicate_coalesced=3 peer_reverse_enqueued=2941 peer_reverse_processed=2940 peer_reverse_remaining=1 peer_reverse_items_enqueued=54837 peer_reverse_items_processed=54806 peer_reverse_rate_per_sec=2189.833585 peer_reverse_failed=0 peer_reverse_max_queue=48 reclaim_pending=38 reclaim_reused=1488 dynamic_high_watermark=21105817024 stage2_remaining=943 cleanup_remaining=0 active_contexts=48 active_context_limit=48 repair_remaining=0 remaining=1327
[STATUS]: storage-owner maintenance observation: enqueued=13968 stage2_enqueued=13968 cleanup_enqueued=0 stage2_tasks_done=10699 stage2_finalized_live=10699 cleanup_processed=0 stale=0 stage2_completion_ratio=0.765965 live_stage2_completion_ratio=0.765965 avg_stage2_delay_ms=6196.751050 p99_stage2_delay_upper_ms=16000.000000 p99_stage2_delay_over_30s=false stage2_delay_histogram=0,0,0,0,0,0,6,13,13,43,227,465,1719,1517,3328,3368,0,0 max_stage2_delay_ms=11122.061260 compaction_batch_target=32 compaction_max_delay_ms=25.000000 stage2_rate_per_sec=356.300728 stage1_search_budget_exhausted=0 stage2_search_budget_exhausted=0 stage2_continuations=11083 stage2_remote_frontier_items=9858489 avg_stage2_remote_frontier=889.514482 stage2_remote_expansions=345227 avg_stage2_remote_expansions=31.149238 stage2_scored_candidates=19045118 avg_stage2_scored_candidates=1718.408193 stage2_graph_read_waves=52468 avg_stage2_expansions_per_graph_wave=6.579763 stage2_graph_unique_reads=356250 stage2_graph_prefetch_issued=280592 stage2_graph_prefetch_hits=272857 stage2_graph_prefetch_wasted=7178 stage2_graph_prefetch_promotion_ratio=0.974367 stage2_graph_issue_width_current=16 stage2_vector_read_waves=117328 avg_stage2_scores_per_vector_wave=162.323725 stage2_vector_unique_reads=10671929 stage2_home_rpc_batches=88244 stage2_home_rpc_items=9971375 avg_stage2_home_rpc_batch=112.997768 stage2_home_score_rpc_batches=38967 stage2_home_score_rpc_items=9615125 stage2_home_score_rpc_queries=203824 stage2_home_score_rpc_request_bytes=258904520 stage2_home_score_rpc_response_bytes=309301112 avg_stage2_home_score_queries_per_rpc=5.230682 avg_stage2_home_score_rpc_batch=246.750456 stage2_home_scored_neighbors=17987132 home_scores_per_expansion=1.803877 stage2_migrations=1683 home_match_rate=0.842696 stage2_final_edges=587354 stage2_cross_edges_stage1_home=129488 stage2_cross_edges_final_home=98443 cross_edge_reduction_ratio=0.239752 failed=0 rpc_timeouts=0 reverse_aggregate_batches=0 reverse_aggregate_logical_requests=0 reverse_aggregate_ops=0 avg_reverse_aggregate_logicals=0.000000 avg_reverse_aggregate_ops=0.000000 max_backlog=5827 admission_window=65536 completion_outstanding=3573 completion_incomplete=3269 completed_behind_hole=304 completion_logical_full_failures=0 completion_physical_full_failures=0 pressure_yields=164086 stage2_batches=1394 avg_stage2_batch_size=7.950502 packing_target_batch=8 packing_admit_queue_avg=2533.910330 packing_admit_queue_max=5827 packing_batch_1_7=24 packing_batch_8=1370 packing_assembly_batches=1394 packing_assembly_wait_ms=7319460.872602 packing_arrival_interval_us=1930 packing_waited_batches=24 packing_wait_ms=334.698000 packing_target_flushes=1370 packing_deadline_flushes=24 packing_cleanup_flushes=0 stage2_phase_search_attempts=1356 stage2_phase_search_task_attempts=10779 stage2_phase_search_elapsed_ms=881964.090053 avg_stage2_phase_search_us_per_task=81822.440862 stage2_phase_freeze_prune_attempts=1612 stage2_phase_freeze_prune_task_attempts=12826 stage2_phase_freeze_prune_elapsed_ms=32499.604174 avg_stage2_phase_freeze_prune_us_per_task=2533.884623 stage2_phase_reverse_prepare_attempts=1349 stage2_phase_reverse_prepare_task_attempts=10723 stage2_phase_reverse_prepare_elapsed_ms=213515.839146 avg_stage2_phase_reverse_prepare_us_per_task=19911.949934 stage2_phase_placement_authority_attempts=1346 stage2_phase_placement_authority_task_attempts=10699 stage2_phase_placement_authority_elapsed_ms=54879.891183 avg_stage2_phase_placement_authority_us_per_task=5129.441180 stage2_phase_completion_handoff_attempts=1346 stage2_phase_completion_handoff_task_attempts=10699 stage2_phase_completion_handoff_elapsed_ms=3.120759 avg_stage2_phase_completion_handoff_us_per_task=0.291687 stage2_phase_finalize_attempts=1346 stage2_phase_finalize_task_attempts=10699 stage2_phase_finalize_elapsed_ms=14.473483 avg_stage2_phase_finalize_us_per_task=1.352788 maintenance_worker_idle_waits=123008 maintenance_worker_idle_ms=84523.916140 maintenance_lost_wake_avoided=22847 maintenance_targeted_wakes=533574 maintenance_generic_wakes=7688 maintenance_broadcast_wakes=0 maintenance_context_slots_scanned=1423008 maintenance_ready_notifications=256262 maintenance_ready_stale_notifications=24 maintenance_ready_tickets_drained=184915 maintenance_ready_overflow_scans=0 maintenance_ready_fallback_scans=89057 stage2_search_lane_lease_limit=32 stage2_search_lane_lease_peak=32 stage2_search_lane_lease_blocked=1008 maintenance_worker_observed_idle_ratio=0.351855 maintenance_worker_observed_busy_ratio=0.648145 physical_stage1_items=13972 physical_stage1_total_ns=58364437865 physical_stage1_search_ns=53221907390 physical_stage1_prune_ns=3477112538 physical_stage1_allocate_write_ns=1250315848 physical_stage1_backlink_ns=257124582 physical_stage1_candidates=1787084 physical_stage1_remote_frontier_items=12660193 physical_stage1_neighbors=757451 peer_stage1_enqueued=11660 peer_stage1_processed=11626 peer_stage1_items=22294 avg_peer_stage1_items=1.917598 peer_stage1_rate_per_sec=742.440269 peer_stage1_max_queue=47 peer_stage1_active_workers=3 peer_stage2_home_enqueued=47724 peer_stage2_home_processed=47724 peer_stage2_home_items=6187243 avg_peer_stage2_home_items=129.646362 peer_stage2_home_max_queue=30 peer_stage2_home_response_queue_drops=0 peer_stage2_home_response_send_wait_ms=2267.541988 avg_peer_stage2_home_queue_wait_us=98.872854 avg_peer_stage2_home_execution_us=73.942950 peer_stage1_release_deferred_batches=22 peer_stage1_release_deferred_items=28 peer_stage1_duplicate_retry_responses=0 peer_stage1_admission_retry_responses=0 peer_stage1_retry_response_drops=0 peer_stage1_admission_waiters=0 peer_stage1_admission_waiter_items=0 peer_stage1_admission_owned_items=0 peer_stage1_admission_wake_coverage=0 peer_stage1_admission_parked=0 peer_stage1_admission_woken=0 peer_stage1_admission_reparked=0 peer_stage1_max_admission_waiters=0 peer_stage1_duplicate_coalesced=3 peer_reverse_enqueued=3471 peer_reverse_processed=3447 peer_reverse_remaining=24 peer_reverse_items_enqueued=65758 peer_reverse_items_processed=65285 peer_reverse_rate_per_sec=2174.137121 peer_reverse_failed=0 peer_reverse_max_queue=54 reclaim_pending=32 reclaim_reused=1651 dynamic_high_watermark=21108911024 stage2_remaining=2885 cleanup_remaining=0 active_contexts=48 active_context_limit=48 repair_remaining=0 remaining=3269
[STATUS]: storage-owner maintenance observation: enqueued=17129 stage2_enqueued=17129 cleanup_enqueued=0 stage2_tasks_done=11539 stage2_finalized_live=11539 cleanup_processed=0 stale=0 stage2_completion_ratio=0.673653 live_stage2_completion_ratio=0.673653 avg_stage2_delay_ms=6264.913665 p99_stage2_delay_upper_ms=16000.000000 p99_stage2_delay_over_30s=false stage2_delay_histogram=0,0,0,0,0,0,6,13,13,43,227,465,1719,1517,3952,3584,0,0 max_stage2_delay_ms=11122.061260 compaction_batch_target=32 compaction_max_delay_ms=25.000000 stage2_rate_per_sec=329.408939 stage1_search_budget_exhausted=0 stage2_search_budget_exhausted=0 stage2_continuations=11923 stage2_remote_frontier_items=10683652 avg_stage2_remote_frontier=896.054013 stage2_remote_expansions=374719 avg_stage2_remote_expansions=31.428248 stage2_scored_candidates=20746715 avg_stage2_scored_candidates=1740.058291 stage2_graph_read_waves=57310 avg_stage2_expansions_per_graph_wave=6.538458 stage2_graph_unique_reads=387178 stage2_graph_prefetch_issued=304595 stage2_graph_prefetch_hits=296089 stage2_graph_prefetch_wasted=7852 stage2_graph_prefetch_promotion_ratio=0.974166 stage2_graph_issue_width_current=16 stage2_vector_read_waves=129067 avg_stage2_scores_per_vector_wave=160.743761 stage2_vector_unique_reads=11591951 stage2_home_rpc_batches=94903 stage2_home_rpc_items=10807391 avg_stage2_home_rpc_batch=113.878286 stage2_home_score_rpc_batches=42327 stage2_home_score_rpc_items=10420213 stage2_home_score_rpc_queries=221426 stage2_home_score_rpc_request_bytes=280842384 stage2_home_score_rpc_response_bytes=335254112 avg_stage2_home_score_queries_per_rpc=5.231318 avg_stage2_home_score_rpc_batch=246.183594 stage2_home_scored_neighbors=19575676 home_scores_per_expansion=1.811323 stage2_migrations=1833 home_match_rate=0.841147 stage2_final_edges=634258 stage2_cross_edges_stage1_home=140897 stage2_cross_edges_final_home=106952 cross_edge_reduction_ratio=0.240921 failed=0 rpc_timeouts=0 reverse_aggregate_batches=0 reverse_aggregate_logical_requests=0 reverse_aggregate_ops=0 avg_reverse_aggregate_logicals=0.000000 avg_reverse_aggregate_ops=0.000000 max_backlog=5827 admission_window=65536 completion_outstanding=5878 completion_incomplete=5590 completed_behind_hole=288 completion_logical_full_failures=0 completion_physical_full_failures=0 pressure_yields=196492 stage2_batches=1499 avg_stage2_batch_size=7.953969 packing_target_batch=8 packing_admit_queue_avg=2636.675117 packing_admit_queue_max=5827 packing_batch_1_7=24 packing_batch_8=1475 packing_assembly_batches=1499 packing_assembly_wait_ms=8006474.933808 packing_arrival_interval_us=1971 packing_waited_batches=24 packing_wait_ms=334.698000 packing_target_flushes=1475 packing_deadline_flushes=24 packing_cleanup_flushes=0 stage2_phase_search_attempts=1461 stage2_phase_search_task_attempts=11619 stage2_phase_search_elapsed_ms=1070055.141475 avg_stage2_phase_search_us_per_task=92095.287157 stage2_phase_freeze_prune_attempts=1736 stage2_phase_freeze_prune_task_attempts=13818 stage2_phase_freeze_prune_elapsed_ms=40058.720972 avg_stage2_phase_freeze_prune_us_per_task=2899.024531 stage2_phase_reverse_prepare_attempts=1454 stage2_phase_reverse_prepare_task_attempts=11563 stage2_phase_reverse_prepare_elapsed_ms=235295.237644 avg_stage2_phase_reverse_prepare_us_per_task=20348.978435 stage2_phase_placement_authority_attempts=1451 stage2_phase_placement_authority_task_attempts=11539 stage2_phase_placement_authority_elapsed_ms=60565.717037 avg_stage2_phase_placement_authority_us_per_task=5248.783867 stage2_phase_completion_handoff_attempts=1451 stage2_phase_completion_handoff_task_attempts=11539 stage2_phase_completion_handoff_elapsed_ms=3.430104 avg_stage2_phase_completion_handoff_us_per_task=0.297262 stage2_phase_finalize_attempts=1451 stage2_phase_finalize_task_attempts=11539 stage2_phase_finalize_elapsed_ms=16.003228 avg_stage2_phase_finalize_us_per_task=1.386882 maintenance_worker_idle_waits=147456 maintenance_worker_idle_ms=98406.176955 maintenance_lost_wake_avoided=27757 maintenance_targeted_wakes=601818 maintenance_generic_wakes=9440 maintenance_broadcast_wakes=0 maintenance_context_slots_scanned=1725776 maintenance_ready_notifications=280440 maintenance_ready_stale_notifications=27 maintenance_ready_tickets_drained=203269 maintenance_ready_overflow_scans=0 maintenance_ready_fallback_scans=108039 stage2_search_lane_lease_limit=32 stage2_search_lane_lease_peak=32 stage2_search_lane_lease_blocked=1008 maintenance_worker_observed_idle_ratio=0.351156 maintenance_worker_observed_busy_ratio=0.648844 physical_stage1_items=17136 physical_stage1_total_ns=71626721937 physical_stage1_search_ns=65315897768 physical_stage1_prune_ns=4274991643 physical_stage1_allocate_write_ns=1521543358 physical_stage1_backlink_ns=316854277 physical_stage1_candidates=2192014 physical_stage1_remote_frontier_items=15541501 physical_stage1_neighbors=928346 peer_stage1_enqueued=14184 peer_stage1_processed=14150 peer_stage1_items=27336 avg_peer_stage1_items=1.931873 peer_stage1_rate_per_sec=780.372889 peer_stage1_max_queue=47 peer_stage1_active_workers=3 peer_stage2_home_enqueued=54582 peer_stage2_home_processed=54582 peer_stage2_home_items=7127068 avg_peer_stage2_home_items=130.575428 peer_stage2_home_max_queue=37 peer_stage2_home_response_queue_drops=0 peer_stage2_home_response_send_wait_ms=2835.311222 avg_peer_stage2_home_queue_wait_us=114.187153 avg_peer_stage2_home_execution_us=73.447151 peer_stage1_release_deferred_batches=23 peer_stage1_release_deferred_items=29 peer_stage1_duplicate_retry_responses=0 peer_stage1_admission_retry_responses=0 peer_stage1_retry_response_drops=0 peer_stage1_admission_waiters=0 peer_stage1_admission_waiter_items=0 peer_stage1_admission_owned_items=0 peer_stage1_admission_wake_coverage=0 peer_stage1_admission_parked=0 peer_stage1_admission_woken=0 peer_stage1_admission_reparked=0 peer_stage1_max_admission_waiters=0 peer_stage1_duplicate_coalesced=3 peer_reverse_enqueued=3902 peer_reverse_processed=3879 peer_reverse_remaining=23 peer_reverse_items_enqueued=77154 peer_reverse_items_processed=76582 peer_reverse_rate_per_sec=2186.220245 peer_reverse_failed=0 peer_reverse_max_queue=67 reclaim_pending=38 reclaim_reused=1795 dynamic_high_watermark=21112162064 stage2_remaining=5206 cleanup_remaining=0 active_contexts=48 active_context_limit=48 repair_remaining=0 remaining=5590
[STATUS]: storage-owner maintenance observation: enqueued=20153 stage2_enqueued=20153 cleanup_enqueued=0 stage2_tasks_done=12619 stage2_finalized_live=12619 cleanup_processed=0 stale=0 stage2_completion_ratio=0.626160 live_stage2_completion_ratio=0.626160 avg_stage2_delay_ms=6619.006726 p99_stage2_delay_upper_ms=16000.000000 p99_stage2_delay_over_30s=false stage2_delay_histogram=0,0,0,0,0,0,6,13,13,43,227,465,1719,1517,3952,4664,0,0 max_stage2_delay_ms=12530.114788 compaction_batch_target=32 compaction_max_delay_ms=25.000000 stage2_rate_per_sec=315.201159 stage1_search_budget_exhausted=0 stage2_search_budget_exhausted=0 stage2_continuations=12979 stage2_remote_frontier_items=11667506 avg_stage2_remote_frontier=898.952616 stage2_remote_expansions=410292 avg_stage2_remote_expansions=31.611989 stage2_scored_candidates=22676884 avg_stage2_scored_candidates=1747.198089 stage2_graph_read_waves=62375 avg_stage2_expansions_per_graph_wave=6.577828 stage2_graph_unique_reads=423135 stage2_graph_prefetch_issued=333390 stage2_graph_prefetch_hits=324367 stage2_graph_prefetch_wasted=8480 stage2_graph_prefetch_promotion_ratio=0.974523 stage2_graph_issue_width_current=16 stage2_vector_read_waves=141652 avg_stage2_scores_per_vector_wave=160.088696 stage2_vector_unique_reads=12657839 stage2_home_rpc_batches=102766 stage2_home_rpc_items=11805870 avg_stage2_home_rpc_batch=114.881089 stage2_home_score_rpc_batches=46278 stage2_home_score_rpc_items=11382735 stage2_home_score_rpc_queries=242016 stage2_home_score_rpc_request_bytes=306867824 stage2_home_score_rpc_response_bytes=366240976 avg_stage2_home_score_queries_per_rpc=5.229612 avg_stage2_home_score_rpc_batch=245.964281 stage2_home_scored_neighbors=21400928 home_scores_per_expansion=1.812736 stage2_migrations=2012 home_match_rate=0.840558 stage2_final_edges=698130 stage2_cross_edges_stage1_home=155346 stage2_cross_edges_final_home=118489 cross_edge_reduction_ratio=0.237257 failed=0 rpc_timeouts=0 reverse_aggregate_batches=0 reverse_aggregate_logical_requests=0 reverse_aggregate_ops=0 avg_reverse_aggregate_logicals=0.000000 avg_reverse_aggregate_ops=0.000000 max_backlog=7174 admission_window=65536 completion_outstanding=7950 completion_incomplete=7534 completed_behind_hole=416 completion_logical_full_failures=0 completion_physical_full_failures=0 pressure_yields=227414 stage2_batches=1631 avg_stage2_batch_size=7.957695 packing_target_batch=8 packing_admit_queue_avg=2914.790926 packing_admit_queue_max=7123 packing_batch_1_7=24 packing_batch_8=1607 packing_assembly_batches=1631 packing_assembly_wait_ms=9283430.773092 packing_arrival_interval_us=1742 packing_waited_batches=24 packing_wait_ms=334.698000 packing_target_flushes=1607 packing_deadline_flushes=24 packing_cleanup_flushes=0 stage2_phase_search_attempts=1597 stage2_phase_search_task_attempts=12707 stage2_phase_search_elapsed_ms=1278256.465598 avg_stage2_phase_search_us_per_task=100594.669521 stage2_phase_freeze_prune_attempts=1893 stage2_phase_freeze_prune_task_attempts=15074 stage2_phase_freeze_prune_elapsed_ms=47823.460342 avg_stage2_phase_freeze_prune_us_per_task=3172.579298 stage2_phase_reverse_prepare_attempts=1587 stage2_phase_reverse_prepare_task_attempts=12627 stage2_phase_reverse_prepare_elapsed_ms=264045.498851 avg_stage2_phase_reverse_prepare_us_per_task=20911.182296 stage2_phase_placement_authority_attempts=1586 stage2_phase_placement_authority_task_attempts=12619 stage2_phase_placement_authority_elapsed_ms=66786.930825 avg_stage2_phase_placement_authority_us_per_task=5292.569207 stage2_phase_completion_handoff_attempts=1586 stage2_phase_completion_handoff_task_attempts=12619 stage2_phase_completion_handoff_elapsed_ms=3.821051 avg_stage2_phase_completion_handoff_us_per_task=0.302801 stage2_phase_finalize_attempts=1586 stage2_phase_finalize_task_attempts=12619 stage2_phase_finalize_elapsed_ms=17.876451 avg_stage2_phase_finalize_us_per_task=1.416630 maintenance_worker_idle_waits=170112 maintenance_worker_idle_ms=110589.477217 maintenance_lost_wake_avoided=31372 maintenance_targeted_wakes=664731 maintenance_generic_wakes=11135 maintenance_broadcast_wakes=0 maintenance_context_slots_scanned=1972000 maintenance_ready_notifications=307083 maintenance_ready_stale_notifications=37 maintenance_ready_tickets_drained=223156 maintenance_ready_overflow_scans=0 maintenance_ready_fallback_scans=123367 stage2_search_lane_lease_limit=32 stage2_search_lane_lease_peak=32 stage2_search_lane_lease_blocked=1008 maintenance_worker_observed_idle_ratio=0.345292 maintenance_worker_observed_busy_ratio=0.654708 physical_stage1_items=20160 physical_stage1_total_ns=84465088084 physical_stage1_search_ns=77059075372 physical_stage1_prune_ns=5034514775 physical_stage1_allocate_write_ns=1765108364 physical_stage1_backlink_ns=374641894 physical_stage1_candidates=2579022 physical_stage1_remote_frontier_items=18389866 physical_stage1_neighbors=1095343 peer_stage1_enqueued=16719 peer_stage1_processed=16699 peer_stage1_items=32251 avg_peer_stage1_items=1.931313 peer_stage1_rate_per_sec=805.575131 peer_stage1_max_queue=47 peer_stage1_active_workers=3 peer_stage2_home_enqueued=61794 peer_stage2_home_processed=61792 peer_stage2_home_items=8119230 avg_peer_stage2_home_items=131.396135 peer_stage2_home_max_queue=37 peer_stage2_home_response_queue_drops=0 peer_stage2_home_response_send_wait_ms=3354.240261 avg_peer_stage2_home_queue_wait_us=117.869742 avg_peer_stage2_home_execution_us=73.144971 peer_stage1_release_deferred_batches=25 peer_stage1_release_deferred_items=31 peer_stage1_duplicate_retry_responses=0 peer_stage1_admission_retry_responses=0 peer_stage1_retry_response_drops=0 peer_stage1_admission_waiters=0 peer_stage1_admission_waiter_items=0 peer_stage1_admission_owned_items=0 peer_stage1_admission_wake_coverage=0 peer_stage1_admission_parked=0 peer_stage1_admission_woken=0 peer_stage1_admission_reparked=0 peer_stage1_max_admission_waiters=0 peer_stage1_duplicate_coalesced=3 peer_reverse_enqueued=4344 peer_reverse_processed=4339 peer_reverse_remaining=5 peer_reverse_items_enqueued=87959 peer_reverse_items_processed=87795 peer_reverse_rate_per_sec=2192.969787 peer_reverse_failed=0 peer_reverse_max_queue=67 reclaim_pending=47 reclaim_reused=1965 dynamic_high_watermark=21115222784 stage2_remaining=7174 cleanup_remaining=0 active_contexts=45 active_context_limit=48 repair_remaining=0 remaining=7534
[STATUS]: storage-owner maintenance observation: enqueued=23029 stage2_enqueued=23028 cleanup_enqueued=0 stage2_tasks_done=13731 stage2_finalized_live=13731 cleanup_processed=0 stale=0 stage2_completion_ratio=0.596274 live_stage2_completion_ratio=0.596274 avg_stage2_delay_ms=7206.384859 p99_stage2_delay_upper_ms=16000.000000 p99_stage2_delay_over_30s=false stage2_delay_histogram=0,0,0,0,0,0,6,13,13,43,227,465,1719,1517,3952,5776,0,0 max_stage2_delay_ms=15712.410612 compaction_batch_target=32 compaction_max_delay_ms=25.000000 stage2_rate_per_sec=304.893098 stage1_search_budget_exhausted=0 stage2_search_budget_exhausted=0 stage2_continuations=14115 stage2_remote_frontier_items=12775143 avg_stage2_remote_frontier=905.075664 stage2_remote_expansions=441130 avg_stage2_remote_expansions=31.252568 stage2_scored_candidates=24769179 avg_stage2_scored_candidates=1754.812540 stage2_graph_read_waves=67113 avg_stage2_expansions_per_graph_wave=6.572944 stage2_graph_unique_reads=455229 stage2_graph_prefetch_issued=358908 stage2_graph_prefetch_hits=348878 stage2_graph_prefetch_wasted=9098 stage2_graph_prefetch_promotion_ratio=0.974585 stage2_graph_issue_width_current=16 stage2_vector_read_waves=153848 avg_stage2_scores_per_vector_wave=160.997732 stage2_vector_unique_reads=13881857 stage2_home_rpc_batches=111133 stage2_home_rpc_items=12953333 avg_stage2_home_rpc_batch=116.557035 stage2_home_score_rpc_batches=50829 stage2_home_score_rpc_items=12498187 stage2_home_score_rpc_queries=265739 stage2_home_score_rpc_request_bytes=336972320 stage2_home_score_rpc_response_bytes=402139936 avg_stage2_home_score_queries_per_rpc=5.228098 avg_stage2_home_score_rpc_batch=245.886935 stage2_home_scored_neighbors=23384135 home_scores_per_expansion=1.805260 stage2_migrations=2142 home_match_rate=0.844003 stage2_final_edges=772937 stage2_cross_edges_stage1_home=169997 stage2_cross_edges_final_home=130760 cross_edge_reduction_ratio=0.230810 failed=0 rpc_timeouts=0 reverse_aggregate_batches=0 reverse_aggregate_logical_requests=0 reverse_aggregate_ops=0 avg_reverse_aggregate_logicals=0.000000 avg_reverse_aggregate_ops=0.000000 max_backlog=8918 admission_window=65536 completion_outstanding=9706 completion_incomplete=9298 completed_behind_hole=408 completion_logical_full_failures=0 completion_physical_full_failures=0 pressure_yields=254107 stage2_batches=1773 avg_stage2_batch_size=7.961083 packing_target_batch=8 packing_admit_queue_avg=3325.180485 packing_admit_queue_max=8918 packing_batch_1_7=24 packing_batch_8=1749 packing_assembly_batches=1773 packing_assembly_wait_ms=11169272.962985 packing_arrival_interval_us=2275 packing_waited_batches=24 packing_wait_ms=334.698000 packing_target_flushes=1749 packing_deadline_flushes=24 packing_cleanup_flushes=0 stage2_phase_search_attempts=1735 stage2_phase_search_task_attempts=13811 stage2_phase_search_elapsed_ms=1464964.990737 avg_stage2_phase_search_us_per_task=106072.332976 stage2_phase_freeze_prune_attempts=2062 stage2_phase_freeze_prune_task_attempts=16426 stage2_phase_freeze_prune_elapsed_ms=54229.973606 avg_stage2_phase_freeze_prune_us_per_task=3301.471667 stage2_phase_reverse_prepare_attempts=1729 stage2_phase_reverse_prepare_task_attempts=13763 stage2_phase_reverse_prepare_elapsed_ms=306369.237914 avg_stage2_phase_reverse_prepare_us_per_task=22260.352969 stage2_phase_placement_authority_attempts=1725 stage2_phase_placement_authority_task_attempts=13731 stage2_phase_placement_authority_elapsed_ms=75097.107678 avg_stage2_phase_placement_authority_us_per_task=5469.165223 stage2_phase_completion_handoff_attempts=1725 stage2_phase_completion_handoff_task_attempts=13731 stage2_phase_completion_handoff_elapsed_ms=4.344477 avg_stage2_phase_completion_handoff_us_per_task=0.316399 stage2_phase_finalize_attempts=1725 stage2_phase_finalize_task_attempts=13731 stage2_phase_finalize_elapsed_ms=20.134731 avg_stage2_phase_finalize_us_per_task=1.466370 maintenance_worker_idle_waits=189504 maintenance_worker_idle_ms=120406.072229 maintenance_lost_wake_avoided=34506 maintenance_targeted_wakes=725452 maintenance_generic_wakes=12764 maintenance_broadcast_wakes=0 maintenance_context_slots_scanned=2184144 maintenance_ready_notifications=333874 maintenance_ready_stale_notifications=44 maintenance_ready_tickets_drained=242191 maintenance_ready_overflow_scans=0 maintenance_ready_fallback_scans=136629 stage2_search_lane_lease_limit=32 stage2_search_lane_lease_peak=32 stage2_search_lane_lease_blocked=1008 maintenance_worker_observed_idle_ratio=0.334198 maintenance_worker_observed_busy_ratio=0.665802 physical_stage1_items=23032 physical_stage1_total_ns=97038931236 physical_stage1_search_ns=88495102485 physical_stage1_prune_ns=5796178091 physical_stage1_allocate_write_ns=2052202698 physical_stage1_backlink_ns=429704821 physical_stage1_candidates=2946574 physical_stage1_remote_frontier_items=20980242 physical_stage1_neighbors=1253003 peer_stage1_enqueued=19153 peer_stage1_processed=19111 peer_stage1_items=36760 avg_peer_stage1_items=1.923500 peer_stage1_rate_per_sec=816.245741 peer_stage1_max_queue=47 peer_stage1_active_workers=3 peer_stage2_home_enqueued=69458 peer_stage2_home_processed=69458 peer_stage2_home_items=9134082 avg_peer_stage2_home_items=131.505111 peer_stage2_home_max_queue=37 peer_stage2_home_response_queue_drops=0 peer_stage2_home_response_send_wait_ms=3694.497490 avg_peer_stage2_home_queue_wait_us=117.550594 avg_peer_stage2_home_execution_us=72.878336 peer_stage1_release_deferred_batches=26 peer_stage1_release_deferred_items=32 peer_stage1_duplicate_retry_responses=0 peer_stage1_admission_retry_responses=0 peer_stage1_retry_response_drops=0 peer_stage1_admission_waiters=0 peer_stage1_admission_waiter_items=0 peer_stage1_admission_owned_items=0 peer_stage1_admission_wake_coverage=0 peer_stage1_admission_parked=0 peer_stage1_admission_woken=0 peer_stage1_admission_reparked=0 peer_stage1_max_admission_waiters=0 peer_stage1_duplicate_coalesced=3 peer_reverse_enqueued=4834 peer_reverse_processed=4775 peer_reverse_remaining=59 peer_reverse_items_enqueued=99133 peer_reverse_items_processed=97852 peer_reverse_rate_per_sec=2172.776885 peer_reverse_failed=0 peer_reverse_max_queue=67 reclaim_pending=35 reclaim_reused=2107 dynamic_high_watermark=21118165984 stage2_remaining=8913 cleanup_remaining=0 active_contexts=48 active_context_limit=48 repair_remaining=0 remaining=9298
[STATUS]: storage-owner maintenance observation: enqueued=25836 stage2_enqueued=25836 cleanup_enqueued=0 stage2_tasks_done=14747 stage2_finalized_live=14747 cleanup_processed=0 stale=0 stage2_completion_ratio=0.570793 live_stage2_completion_ratio=0.570793 avg_stage2_delay_ms=7881.992445 p99_stage2_delay_upper_ms=30000.000000 p99_stage2_delay_over_30s=false stage2_delay_histogram=0,0,0,0,0,0,6,13,13,43,227,465,1719,1517,3952,6008,784,0 max_stage2_delay_ms=18688.914590 compaction_batch_target=32 compaction_max_delay_ms=25.000000 stage2_rate_per_sec=294.730199 stage1_search_budget_exhausted=0 stage2_search_budget_exhausted=0 stage2_continuations=15123 stage2_remote_frontier_items=13759742 avg_stage2_remote_frontier=909.855320 stage2_remote_expansions=474517 avg_stage2_remote_expansions=31.377174 stage2_scored_candidates=26517061 avg_stage2_scored_candidates=1753.425974 stage2_graph_read_waves=71853 avg_stage2_expansions_per_graph_wave=6.603997 stage2_graph_unique_reads=486654 stage2_graph_prefetch_issued=383688 stage2_graph_prefetch_hits=373465 stage2_graph_prefetch_wasted=9780 stage2_graph_prefetch_promotion_ratio=0.974481 stage2_graph_issue_width_current=16 stage2_vector_read_waves=165145 avg_stage2_scores_per_vector_wave=160.568355 stage2_vector_unique_reads=14880244 stage2_home_rpc_batches=118426 stage2_home_rpc_items=13894210 avg_stage2_home_rpc_batch=117.323983 stage2_home_score_rpc_batches=54545 stage2_home_score_rpc_items=13407556 stage2_home_score_rpc_queries=285790 stage2_home_score_rpc_request_bytes=361612040 stage2_home_score_rpc_response_bytes=431408272 avg_stage2_home_score_queries_per_rpc=5.239527 avg_stage2_home_score_rpc_batch=245.807242 stage2_home_scored_neighbors=25042428 home_scores_per_expansion=1.802364 stage2_migrations=2287 home_match_rate=0.844918 stage2_final_edges=829906 stage2_cross_edges_stage1_home=183012 stage2_cross_edges_final_home=140911 cross_edge_reduction_ratio=0.230045 failed=0 rpc_timeouts=0 reverse_aggregate_batches=0 reverse_aggregate_logical_requests=0 reverse_aggregate_ops=0 avg_reverse_aggregate_logicals=0.000000 avg_reverse_aggregate_ops=0.000000 max_backlog=10713 admission_window=65536 completion_outstanding=11265 completion_incomplete=11089 completed_behind_hole=176 completion_logical_full_failures=0 completion_physical_full_failures=0 pressure_yields=281529 stage2_batches=1899 avg_stage2_batch_size=7.963665 packing_target_batch=8 packing_admit_queue_avg=3757.945761 packing_admit_queue_max=10691 packing_batch_1_7=24 packing_batch_8=1875 packing_assembly_batches=1899 packing_assembly_wait_ms=13231447.107254 packing_arrival_interval_us=1888 packing_waited_batches=24 packing_wait_ms=334.698000 packing_target_flushes=1875 packing_deadline_flushes=24 packing_cleanup_flushes=0 stage2_phase_search_attempts=1861 stage2_phase_search_task_attempts=14819 stage2_phase_search_elapsed_ms=1655261.231561 avg_stage2_phase_search_us_per_task=111698.578282 stage2_phase_freeze_prune_attempts=2204 stage2_phase_freeze_prune_task_attempts=17562 stage2_phase_freeze_prune_elapsed_ms=61604.724614 avg_stage2_phase_freeze_prune_us_per_task=3507.842194 stage2_phase_reverse_prepare_attempts=1853 stage2_phase_reverse_prepare_task_attempts=14755 stage2_phase_reverse_prepare_elapsed_ms=336031.559876 avg_stage2_phase_reverse_prepare_us_per_task=22774.080642 stage2_phase_placement_authority_attempts=1852 stage2_phase_placement_authority_task_attempts=14747 stage2_phase_placement_authority_elapsed_ms=83337.055241 avg_stage2_phase_placement_authority_us_per_task=5651.119227 stage2_phase_completion_handoff_attempts=1852 stage2_phase_completion_handoff_task_attempts=14747 stage2_phase_completion_handoff_elapsed_ms=4.725566 avg_stage2_phase_completion_handoff_us_per_task=0.320443 stage2_phase_finalize_attempts=1852 stage2_phase_finalize_task_attempts=14747 stage2_phase_finalize_elapsed_ms=22.001137 avg_stage2_phase_finalize_us_per_task=1.491906 maintenance_worker_idle_waits=209472 maintenance_worker_idle_ms=132076.499772 maintenance_lost_wake_avoided=37528 maintenance_targeted_wakes=779520 maintenance_generic_wakes=14340 maintenance_broadcast_wakes=0 maintenance_context_slots_scanned=2396304 maintenance_ready_notifications=357887 maintenance_ready_stale_notifications=52 maintenance_ready_tickets_drained=260037 maintenance_ready_overflow_scans=0 maintenance_ready_fallback_scans=149907 stage2_search_lane_lease_limit=32 stage2_search_lane_lease_peak=32 stage2_search_lane_lease_blocked=1008 maintenance_worker_observed_idle_ratio=0.329956 maintenance_worker_observed_busy_ratio=0.670044 physical_stage1_items=25850 physical_stage1_total_ns=109719719189 physical_stage1_search_ns=100097771588 physical_stage1_prune_ns=6571344479 physical_stage1_allocate_write_ns=2269158206 physical_stage1_backlink_ns=482466410 physical_stage1_candidates=3307216 physical_stage1_remote_frontier_items=23817710 physical_stage1_neighbors=1415801 peer_stage1_enqueued=21454 peer_stage1_processed=21427 peer_stage1_items=41306 avg_peer_stage1_items=1.927755 peer_stage1_rate_per_sec=825.532353 peer_stage1_max_queue=47 peer_stage1_active_workers=3 peer_stage2_home_enqueued=76443 peer_stage2_home_processed=76443 peer_stage2_home_items=10097301 avg_peer_stage2_home_items=132.089282 peer_stage2_home_max_queue=37 peer_stage2_home_response_queue_drops=0 peer_stage2_home_response_send_wait_ms=4134.027750 avg_peer_stage2_home_queue_wait_us=119.704790 avg_peer_stage2_home_execution_us=72.776547 peer_stage1_release_deferred_batches=26 peer_stage1_release_deferred_items=32 peer_stage1_duplicate_retry_responses=0 peer_stage1_admission_retry_responses=0 peer_stage1_retry_response_drops=0 peer_stage1_admission_waiters=0 peer_stage1_admission_waiter_items=0 peer_stage1_admission_owned_items=0 peer_stage1_admission_wake_coverage=0 peer_stage1_admission_parked=0 peer_stage1_admission_woken=0 peer_stage1_admission_reparked=0 peer_stage1_max_admission_waiters=0 peer_stage1_duplicate_coalesced=3 peer_reverse_enqueued=5353 peer_reverse_processed=5345 peer_reverse_remaining=8 peer_reverse_items_enqueued=109580 peer_reverse_items_processed=109460 peer_reverse_rate_per_sec=2187.642749 peer_reverse_failed=0 peer_reverse_max_queue=67 reclaim_pending=14 reclaim_reused=2273 dynamic_high_watermark=21121050944 stage2_remaining=10713 cleanup_remaining=0 active_contexts=47 active_context_limit=48 repair_remaining=0 remaining=11089
[STATUS]: storage-owner maintenance observation: enqueued=28797 stage2_enqueued=28797 cleanup_enqueued=0 stage2_tasks_done=15771 stage2_finalized_live=15771 cleanup_processed=0 stale=0 stage2_completion_ratio=0.547661 live_stage2_completion_ratio=0.547661 avg_stage2_delay_ms=8704.266644 p99_stage2_delay_upper_ms=30000.000000 p99_stage2_delay_over_30s=false stage2_delay_histogram=0,0,0,0,0,0,6,13,13,43,227,465,1719,1517,3952,6008,1808,0 max_stage2_delay_ms=22364.801906 compaction_batch_target=32 compaction_max_delay_ms=25.000000 stage2_rate_per_sec=286.557858 stage1_search_budget_exhausted=0 stage2_search_budget_exhausted=0 stage2_continuations=16147 stage2_remote_frontier_items=14683076 avg_stage2_remote_frontier=909.337710 stage2_remote_expansions=505501 avg_stage2_remote_expansions=31.306187 stage2_scored_candidates=28452785 avg_stage2_scored_candidates=1762.109680 stage2_graph_read_waves=77126 avg_stage2_expansions_per_graph_wave=6.554223 stage2_graph_unique_reads=520509 stage2_graph_prefetch_issued=410261 stage2_graph_prefetch_hits=398896 stage2_graph_prefetch_wasted=10437 stage2_graph_prefetch_promotion_ratio=0.974502 stage2_graph_issue_width_current=16 stage2_vector_read_waves=177153 avg_stage2_scores_per_vector_wave=160.611364 stage2_vector_unique_reads=15945857 stage2_home_rpc_batches=126716 stage2_home_rpc_items=14891063 avg_stage2_home_rpc_batch=117.515255 stage2_home_score_rpc_batches=58503 stage2_home_score_rpc_items=14370592 stage2_home_score_rpc_queries=305956 stage2_home_score_rpc_request_bytes=387573984 stage2_home_score_rpc_response_bytes=462406064 avg_stage2_home_score_queries_per_rpc=5.229749 avg_stage2_home_score_rpc_batch=245.638548 stage2_home_scored_neighbors=26878755 home_scores_per_expansion=1.805026 stage2_migrations=2423 home_match_rate=0.846364 stage2_final_edges=893067 stage2_cross_edges_stage1_home=196324 stage2_cross_edges_final_home=151807 cross_edge_reduction_ratio=0.226753 failed=0 rpc_timeouts=0 reverse_aggregate_batches=0 reverse_aggregate_logical_requests=0 reverse_aggregate_ops=0 avg_reverse_aggregate_logicals=0.000000 avg_reverse_aggregate_ops=0.000000 max_backlog=12663 admission_window=65536 completion_outstanding=13482 completion_incomplete=13026 completed_behind_hole=456 completion_logical_full_failures=0 completion_physical_full_failures=0 pressure_yields=308682 stage2_batches=2027 avg_stage2_batch_size=7.965960 packing_target_batch=8 packing_admit_queue_avg=4254.663049 packing_admit_queue_max=12663 packing_batch_1_7=24 packing_batch_8=2003 packing_assembly_batches=2027 packing_assembly_wait_ms=15788164.339300 packing_arrival_interval_us=1796 packing_waited_batches=24 packing_wait_ms=334.698000 packing_target_flushes=2003 packing_deadline_flushes=24 packing_cleanup_flushes=0 stage2_phase_search_attempts=1991 stage2_phase_search_task_attempts=15859 stage2_phase_search_elapsed_ms=1838510.828646 avg_stage2_phase_search_us_per_task=115928.547112 stage2_phase_freeze_prune_attempts=2349 stage2_phase_freeze_prune_task_attempts=18722 stage2_phase_freeze_prune_elapsed_ms=67555.823530 avg_stage2_phase_freeze_prune_us_per_task=3608.365748 stage2_phase_reverse_prepare_attempts=1983 stage2_phase_reverse_prepare_task_attempts=15795 stage2_phase_reverse_prepare_elapsed_ms=374683.010745 avg_stage2_phase_reverse_prepare_us_per_task=23721.621446 stage2_phase_placement_authority_attempts=1980 stage2_phase_placement_authority_task_attempts=15771 stage2_phase_placement_authority_elapsed_ms=93910.151722 avg_stage2_phase_placement_authority_us_per_task=5954.609836 stage2_phase_completion_handoff_attempts=1980 stage2_phase_completion_handoff_task_attempts=15771 stage2_phase_completion_handoff_elapsed_ms=5.107807 avg_stage2_phase_completion_handoff_us_per_task=0.323873 stage2_phase_finalize_attempts=1980 stage2_phase_finalize_task_attempts=15771 stage2_phase_finalize_elapsed_ms=23.847768 avg_stage2_phase_finalize_us_per_task=1.512128 maintenance_worker_idle_waits=229312 maintenance_worker_idle_ms=143837.387576 maintenance_lost_wake_avoided=40591 maintenance_targeted_wakes=833567 maintenance_generic_wakes=15961 maintenance_broadcast_wakes=0 maintenance_context_slots_scanned=2597008 maintenance_ready_notifications=383483 maintenance_ready_stale_notifications=57 maintenance_ready_tickets_drained=279289 maintenance_ready_overflow_scans=0 maintenance_ready_fallback_scans=162432 stage2_search_lane_lease_limit=32 stage2_search_lane_lease_peak=32 stage2_search_lane_lease_blocked=1008 maintenance_worker_observed_idle_ratio=0.326689 maintenance_worker_observed_busy_ratio=0.673311 physical_stage1_items=28798 physical_stage1_total_ns=122524312273 physical_stage1_search_ns=111754329264 physical_stage1_prune_ns=7364706535 physical_stage1_allocate_write_ns=2528160189 physical_stage1_backlink_ns=543646290 physical_stage1_candidates=3684314 physical_stage1_remote_frontier_items=26511233 physical_stage1_neighbors=1579138 peer_stage1_enqueued=23736 peer_stage1_processed=23691 peer_stage1_items=45991 avg_peer_stage1_items=1.941286 peer_stage1_rate_per_sec=835.652936 peer_stage1_max_queue=47 peer_stage1_active_workers=3 peer_stage2_home_enqueued=84062 peer_stage2_home_processed=84062 peer_stage2_home_items=11170158 avg_peer_stage2_home_items=132.879993 peer_stage2_home_max_queue=37 peer_stage2_home_response_queue_drops=0 peer_stage2_home_response_send_wait_ms=4606.012837 avg_peer_stage2_home_queue_wait_us=122.740533 avg_peer_stage2_home_execution_us=72.875319 peer_stage1_release_deferred_batches=31 peer_stage1_release_deferred_items=39 peer_stage1_duplicate_retry_responses=0 peer_stage1_admission_retry_responses=0 peer_stage1_retry_response_drops=0 peer_stage1_admission_waiters=0 peer_stage1_admission_waiter_items=0 peer_stage1_admission_owned_items=0 peer_stage1_admission_wake_coverage=0 peer_stage1_admission_parked=0 peer_stage1_admission_woken=0 peer_stage1_admission_reparked=0 peer_stage1_max_admission_waiters=0 peer_stage1_duplicate_coalesced=4 peer_reverse_enqueued=5886 peer_reverse_processed=5885 peer_reverse_remaining=1 peer_reverse_items_enqueued=120637 peer_reverse_items_processed=120629 peer_reverse_rate_per_sec=2191.819661 peer_reverse_failed=0 peer_reverse_max_queue=67 reclaim_pending=57 reclaim_reused=2366 dynamic_high_watermark=21124130384 stage2_remaining=12650 cleanup_remaining=0 active_contexts=47 active_context_limit=48 repair_remaining=0 remaining=13026
[STATUS]: storage-owner maintenance observation: enqueued=31774 stage2_enqueued=31774 cleanup_enqueued=0 stage2_tasks_done=16899 stage2_finalized_live=16899 cleanup_processed=0 stale=0 stage2_completion_ratio=0.531850 live_stage2_completion_ratio=0.531850 avg_stage2_delay_ms=9706.275221 p99_stage2_delay_upper_ms=30000.000000 p99_stage2_delay_over_30s=false stage2_delay_histogram=0,0,0,0,0,0,6,13,13,43,227,465,1719,1517,3952,6008,2936,0 max_stage2_delay_ms=26086.880501 compaction_batch_target=32 compaction_max_delay_ms=25.000000 stage2_rate_per_sec=281.480185 stage1_search_budget_exhausted=0 stage2_search_budget_exhausted=0 stage2_continuations=17275 stage2_remote_frontier_items=15649086 avg_stage2_remote_frontier=905.880521 stage2_remote_expansions=544054 avg_stage2_remote_expansions=31.493719 stage2_scored_candidates=30279011 avg_stage2_scored_candidates=1752.764747 stage2_graph_read_waves=83099 avg_stage2_expansions_per_graph_wave=6.547058 stage2_graph_unique_reads=557339 stage2_graph_prefetch_issued=438746 stage2_graph_prefetch_hits=426898 stage2_graph_prefetch_wasted=11340 stage2_graph_prefetch_promotion_ratio=0.974124 stage2_graph_issue_width_current=16 stage2_vector_read_waves=190120 avg_stage2_scores_per_vector_wave=159.262629 stage2_vector_unique_reads=16961793 stage2_home_rpc_batches=135180 stage2_home_rpc_items=15839439 avg_stage2_home_rpc_batch=117.172947 stage2_home_score_rpc_batches=62279 stage2_home_score_rpc_items=15282109 stage2_home_score_rpc_queries=325428 stage2_home_score_rpc_request_bytes=412215520 stage2_home_score_rpc_response_bytes=491751848 avg_stage2_home_score_queries_per_rpc=5.225325 avg_stage2_home_score_rpc_batch=245.381413 stage2_home_scored_neighbors=28600689 home_scores_per_expansion=1.805663 stage2_migrations=2625 home_match_rate=0.844665 stage2_final_edges=952570 stage2_cross_edges_stage1_home=210161 stage2_cross_edges_final_home=161863 cross_edge_reduction_ratio=0.229814 failed=0 rpc_timeouts=0 reverse_aggregate_batches=0 reverse_aggregate_logical_requests=0 reverse_aggregate_ops=0 avg_reverse_aggregate_logicals=0.000000 avg_reverse_aggregate_ops=0.000000 max_backlog=14499 admission_window=65536 completion_outstanding=15331 completion_incomplete=14875 completed_behind_hole=456 completion_logical_full_failures=0 completion_physical_full_failures=0 pressure_yields=340441 stage2_batches=2168 avg_stage2_batch_size=7.968173 packing_target_batch=8 packing_admit_queue_avg=4859.990775 packing_admit_queue_max=14474 packing_batch_1_7=24 packing_batch_8=2144 packing_assembly_batches=2168 packing_assembly_wait_ms=19046032.200086 packing_arrival_interval_us=1658 packing_waited_batches=24 packing_wait_ms=334.698000 packing_target_flushes=2144 packing_deadline_flushes=24 packing_cleanup_flushes=0 stage2_phase_search_attempts=2128 stage2_phase_search_task_attempts=16955 stage2_phase_search_elapsed_ms=2026193.834494 avg_stage2_phase_search_us_per_task=119504.207284 stage2_phase_freeze_prune_attempts=2503 stage2_phase_freeze_prune_task_attempts=19954 stage2_phase_freeze_prune_elapsed_ms=75920.127010 avg_stage2_phase_freeze_prune_us_per_task=3804.757292 stage2_phase_reverse_prepare_attempts=2121 stage2_phase_reverse_prepare_task_attempts=16899 stage2_phase_reverse_prepare_elapsed_ms=403913.560847 avg_stage2_phase_reverse_prepare_us_per_task=23901.624998 stage2_phase_placement_authority_attempts=2121 stage2_phase_placement_authority_task_attempts=16899 stage2_phase_placement_authority_elapsed_ms=102274.554984 avg_stage2_phase_placement_authority_us_per_task=6052.106928 stage2_phase_completion_handoff_attempts=2121 stage2_phase_completion_handoff_task_attempts=16899 stage2_phase_completion_handoff_elapsed_ms=5.604011 avg_stage2_phase_completion_handoff_us_per_task=0.331618 stage2_phase_finalize_attempts=2121 stage2_phase_finalize_task_attempts=16899 stage2_phase_finalize_elapsed_ms=26.102673 avg_stage2_phase_finalize_us_per_task=1.544628 maintenance_worker_idle_waits=252224 maintenance_worker_idle_ms=155414.552787 maintenance_lost_wake_avoided=44164 maintenance_targeted_wakes=896092 maintenance_generic_wakes=17589 maintenance_broadcast_wakes=0 maintenance_context_slots_scanned=2831488 maintenance_ready_notifications=411336 maintenance_ready_stale_notifications=60 maintenance_ready_tickets_drained=300589 maintenance_ready_overflow_scans=0 maintenance_ready_fallback_scans=177114 stage2_search_lane_lease_limit=32 stage2_search_lane_lease_peak=32 stage2_search_lane_lease_blocked=1008 maintenance_worker_observed_idle_ratio=0.323585 maintenance_worker_observed_busy_ratio=0.676415 physical_stage1_items=31778 physical_stage1_total_ns=135437397519 physical_stage1_search_ns=123533812057 physical_stage1_prune_ns=8150701518 physical_stage1_allocate_write_ns=2784292001 physical_stage1_backlink_ns=600635763 physical_stage1_candidates=4065630 physical_stage1_remote_frontier_items=29300678 physical_stage1_neighbors=1745600 peer_stage1_enqueued=26166 peer_stage1_processed=26128 peer_stage1_items=50771 avg_peer_stage1_items=1.943164 peer_stage1_rate_per_sec=845.673145 peer_stage1_max_queue=47 peer_stage1_active_workers=3 peer_stage2_home_enqueued=90884 peer_stage2_home_processed=90884 peer_stage2_home_items=12080989 avg_peer_stage2_home_items=132.927567 peer_stage2_home_max_queue=37 peer_stage2_home_response_queue_drops=0 peer_stage2_home_response_send_wait_ms=4980.214282 avg_peer_stage2_home_queue_wait_us=123.407347 avg_peer_stage2_home_execution_us=72.670981 peer_stage1_release_deferred_batches=31 peer_stage1_release_deferred_items=39 peer_stage1_duplicate_retry_responses=0 peer_stage1_admission_retry_responses=0 peer_stage1_retry_response_drops=0 peer_stage1_admission_waiters=0 peer_stage1_admission_waiter_items=0 peer_stage1_admission_owned_items=0 peer_stage1_admission_wake_coverage=0 peer_stage1_admission_parked=0 peer_stage1_admission_woken=0 peer_stage1_admission_reparked=0 peer_stage1_max_admission_waiters=0 peer_stage1_duplicate_coalesced=4 peer_reverse_enqueued=6342 peer_reverse_processed=6333 peer_reverse_remaining=9 peer_reverse_items_enqueued=131090 peer_reverse_items_processed=130817 peer_reverse_rate_per_sec=2178.968777 peer_reverse_failed=0 peer_reverse_max_queue=71 reclaim_pending=66 reclaim_reused=2559 dynamic_high_watermark=21127131824 stage2_remaining=14499 cleanup_remaining=0 active_contexts=47 active_context_limit=48 repair_remaining=0 remaining=14875
[STATUS]: storage-owner maintenance observation: enqueued=34949 stage2_enqueued=34949 cleanup_enqueued=0 stage2_tasks_done=17947 stage2_finalized_live=17947 cleanup_processed=0 stale=0 stage2_completion_ratio=0.513520 live_stage2_completion_ratio=0.513520 avg_stage2_delay_ms=10713.723827 p99_stage2_delay_upper_ms=30000.000000 p99_stage2_delay_over_30s=false stage2_delay_histogram=0,0,0,0,0,0,6,13,13,43,227,465,1719,1517,3952,6008,3984,0 max_stage2_delay_ms=28645.244380 compaction_batch_target=32 compaction_max_delay_ms=25.000000 stage2_rate_per_sec=275.953402 stage1_search_budget_exhausted=0 stage2_search_budget_exhausted=0 stage2_continuations=18331 stage2_remote_frontier_items=16668068 avg_stage2_remote_frontier=909.283072 stage2_remote_expansions=578755 avg_stage2_remote_expansions=31.572473 stage2_scored_candidates=32445557 avg_stage2_scored_candidates=1769.982925 stage2_graph_read_waves=89494 avg_stage2_expansions_per_graph_wave=6.466970 stage2_graph_unique_reads=597870 stage2_graph_prefetch_issued=470286 stage2_graph_prefetch_hits=457509 stage2_graph_prefetch_wasted=12064 stage2_graph_prefetch_promotion_ratio=0.974309 stage2_graph_issue_width_current=16 stage2_vector_read_waves=204577 avg_stage2_scores_per_vector_wave=158.598264 stage2_vector_unique_reads=18115221 stage2_home_rpc_batches=144074 stage2_home_rpc_items=16909103 avg_stage2_home_rpc_batch=117.364014 stage2_home_score_rpc_batches=66539 stage2_home_score_rpc_items=16311233 stage2_home_score_rpc_queries=347176 stage2_home_score_rpc_request_bytes=440027376 stage2_home_score_rpc_response_bytes=524889200 avg_stage2_home_score_queries_per_rpc=5.217632 avg_stage2_home_score_rpc_batch=245.137934 stage2_home_scored_neighbors=30639681 home_scores_per_expansion=1.812023 stage2_migrations=2798 home_match_rate=0.844097 stage2_final_edges=1010430 stage2_cross_edges_stage1_home=223214 stage2_cross_edges_final_home=171664 cross_edge_reduction_ratio=0.230944 failed=0 rpc_timeouts=0 reverse_aggregate_batches=0 reverse_aggregate_logical_requests=0 reverse_aggregate_ops=0 avg_reverse_aggregate_logicals=0.000000 avg_reverse_aggregate_ops=0.000000 max_backlog=16618 admission_window=65536 completion_outstanding=17250 completion_incomplete=17002 completed_behind_hole=248 completion_logical_full_failures=0 completion_physical_full_failures=0 pressure_yields=377956 stage2_batches=2300 avg_stage2_batch_size=7.970000 packing_target_batch=8 packing_admit_queue_avg=5472.019130 packing_admit_queue_max=16593 packing_batch_1_7=24 packing_batch_8=2276 packing_assembly_batches=2300 packing_assembly_wait_ms=22519831.331952 packing_arrival_interval_us=1874 packing_waited_batches=24 packing_wait_ms=334.698000 packing_target_flushes=2276 packing_deadline_flushes=24 packing_cleanup_flushes=0 stage2_phase_search_attempts=2263 stage2_phase_search_task_attempts=18035 stage2_phase_search_elapsed_ms=2215440.862229 avg_stage2_phase_search_us_per_task=122841.190032 stage2_phase_freeze_prune_attempts=2661 stage2_phase_freeze_prune_task_attempts=21218 stage2_phase_freeze_prune_elapsed_ms=83029.551616 avg_stage2_phase_freeze_prune_us_per_task=3913.165785 stage2_phase_reverse_prepare_attempts=2253 stage2_phase_reverse_prepare_task_attempts=17955 stage2_phase_reverse_prepare_elapsed_ms=425856.943006 avg_stage2_phase_reverse_prepare_us_per_task=23718.014091 stage2_phase_placement_authority_attempts=2252 stage2_phase_placement_authority_task_attempts=17947 stage2_phase_placement_authority_elapsed_ms=108534.545706 avg_stage2_phase_placement_authority_us_per_task=6047.503522 stage2_phase_completion_handoff_attempts=2252 stage2_phase_completion_handoff_task_attempts=17947 stage2_phase_completion_handoff_elapsed_ms=6.001675 avg_stage2_phase_completion_handoff_us_per_task=0.334411 stage2_phase_finalize_attempts=2252 stage2_phase_finalize_task_attempts=17947 stage2_phase_finalize_elapsed_ms=28.020504 avg_stage2_phase_finalize_us_per_task=1.561292 maintenance_worker_idle_waits=280192 maintenance_worker_idle_ms=168488.873882 maintenance_lost_wake_avoided=49521 maintenance_targeted_wakes=971909 maintenance_generic_wakes=19274 maintenance_broadcast_wakes=0 maintenance_context_slots_scanned=3160768 maintenance_ready_notifications=441362 maintenance_ready_stale_notifications=65 maintenance_ready_tickets_drained=323965 maintenance_ready_overflow_scans=0 maintenance_ready_fallback_scans=197724 stage2_search_lane_lease_limit=32 stage2_search_lane_lease_peak=32 stage2_search_lane_lease_blocked=1008 maintenance_worker_observed_idle_ratio=0.323836 maintenance_worker_observed_busy_ratio=0.676164 physical_stage1_items=34953 physical_stage1_total_ns=148959186877 physical_stage1_search_ns=135902626597 physical_stage1_prune_ns=8957273100 physical_stage1_allocate_write_ns=3027267877 physical_stage1_backlink_ns=663332979 physical_stage1_candidates=4471869 physical_stage1_remote_frontier_items=32226495 physical_stage1_neighbors=1920325 peer_stage1_enqueued=28503 peer_stage1_processed=28466 peer_stage1_items=55899 avg_peer_stage1_items=1.963711 peer_stage1_rate_per_sec=859.504052 peer_stage1_max_queue=47 peer_stage1_active_workers=3 peer_stage2_home_enqueued=97736 peer_stage2_home_processed=97736 peer_stage2_home_items=13042964 avg_peer_stage2_home_items=133.450970 peer_stage2_home_max_queue=37 peer_stage2_home_response_queue_drops=0 peer_stage2_home_response_send_wait_ms=5413.162134 avg_peer_stage2_home_queue_wait_us=125.499752 avg_peer_stage2_home_execution_us=72.705284 peer_stage1_release_deferred_batches=33 peer_stage1_release_deferred_items=41 peer_stage1_duplicate_retry_responses=0 peer_stage1_admission_retry_responses=0 peer_stage1_retry_response_drops=0 peer_stage1_admission_waiters=0 peer_stage1_admission_waiter_items=0 peer_stage1_admission_owned_items=0 peer_stage1_admission_wake_coverage=0 peer_stage1_admission_parked=0 peer_stage1_admission_woken=0 peer_stage1_admission_reparked=0 peer_stage1_max_admission_waiters=0 peer_stage1_duplicate_coalesced=4 peer_reverse_enqueued=6817 peer_reverse_processed=6754 peer_reverse_remaining=63 peer_reverse_items_enqueued=143037 peer_reverse_items_processed=140869 peer_reverse_rate_per_sec=2166.004334 peer_reverse_failed=0 peer_reverse_max_queue=71 reclaim_pending=41 reclaim_reused=2757 dynamic_high_watermark=21130325664 stage2_remaining=16618 cleanup_remaining=0 active_contexts=48 active_context_limit=48 repair_remaining=0 remaining=17002
[STATUS]: storage-owner maintenance observation: enqueued=37617 stage2_enqueued=37617 cleanup_enqueued=0 stage2_tasks_done=19011 stage2_finalized_live=19011 cleanup_processed=0 stale=0 stage2_completion_ratio=0.505383 live_stage2_completion_ratio=0.505383 avg_stage2_delay_ms=11816.660275 p99_stage2_delay_upper_ms=30000.000000 p99_stage2_delay_over_30s=true stage2_delay_histogram=0,0,0,0,0,0,6,13,13,43,227,465,1719,1517,3952,6008,4367,681 max_stage2_delay_ms=32631.699495 compaction_batch_target=32 compaction_max_delay_ms=25.000000 stage2_rate_per_sec=271.444165 stage1_search_budget_exhausted=0 stage2_search_budget_exhausted=0 stage2_continuations=19379 stage2_remote_frontier_items=17657927 avg_stage2_remote_frontier=911.188761 stage2_remote_expansions=614103 avg_stage2_remote_expansions=31.689096 stage2_scored_candidates=34280652 avg_stage2_scored_candidates=1768.958770 stage2_graph_read_waves=94556 avg_stage2_expansions_per_graph_wave=6.494596 stage2_graph_unique_reads=628740 stage2_graph_prefetch_issued=494343 stage2_graph_prefetch_hits=481102 stage2_graph_prefetch_wasted=12904 stage2_graph_prefetch_promotion_ratio=0.973879 stage2_graph_issue_width_current=16 stage2_vector_read_waves=216472 avg_stage2_scores_per_vector_wave=158.360675 stage2_vector_unique_reads=19164554 stage2_home_rpc_batches=152203 stage2_home_rpc_items=17883164 avg_stage2_home_rpc_batch=117.495476 stage2_home_score_rpc_batches=70433 stage2_home_score_rpc_items=17254424 stage2_home_score_rpc_queries=367308 stage2_home_score_rpc_request_bytes=465483176 stage2_home_score_rpc_response_bytes=555243448 avg_stage2_home_score_queries_per_rpc=5.214999 avg_stage2_home_score_rpc_batch=244.976417 stage2_home_scored_neighbors=32373386 home_scores_per_expansion=1.810272 stage2_migrations=2960 home_match_rate=0.844301 stage2_final_edges=1075811 stage2_cross_edges_stage1_home=238139 stage2_cross_edges_final_home=183166 cross_edge_reduction_ratio=0.230844 failed=0 rpc_timeouts=0 reverse_aggregate_batches=0 reverse_aggregate_logical_requests=0 reverse_aggregate_ops=0 avg_reverse_aggregate_logicals=0.000000 avg_reverse_aggregate_ops=0.000000 max_backlog=18241 admission_window=65536 completion_outstanding=18830 completion_incomplete=18606 completed_behind_hole=224 completion_logical_full_failures=0 completion_physical_full_failures=0 pressure_yields=404252 stage2_batches=2431 avg_stage2_batch_size=7.971617 packing_target_batch=8 packing_admit_queue_avg=6129.041547 packing_admit_queue_max=18241 packing_batch_1_7=24 packing_batch_8=2407 packing_assembly_batches=2431 packing_assembly_wait_ms=26424022.408482 packing_arrival_interval_us=3153 packing_waited_batches=24 packing_wait_ms=334.698000 packing_target_flushes=2407 packing_deadline_flushes=24 packing_cleanup_flushes=0 stage2_phase_search_attempts=2395 stage2_phase_search_task_attempts=19091 stage2_phase_search_elapsed_ms=2413131.952769 avg_stage2_phase_search_us_per_task=126401.547995 stage2_phase_freeze_prune_attempts=2811 stage2_phase_freeze_prune_task_attempts=22418 stage2_phase_freeze_prune_elapsed_ms=89479.382507 avg_stage2_phase_freeze_prune_us_per_task=3991.407909 stage2_phase_reverse_prepare_attempts=2388 stage2_phase_reverse_prepare_task_attempts=19035 stage2_phase_reverse_prepare_elapsed_ms=468907.621974 avg_stage2_phase_reverse_prepare_us_per_task=24633.970159 stage2_phase_placement_authority_attempts=2385 stage2_phase_placement_authority_task_attempts=19011 stage2_phase_placement_authority_elapsed_ms=118492.095271 avg_stage2_phase_placement_authority_us_per_task=6232.817594 stage2_phase_completion_handoff_attempts=2385 stage2_phase_completion_handoff_task_attempts=19011 stage2_phase_completion_handoff_elapsed_ms=6.401444 avg_stage2_phase_completion_handoff_us_per_task=0.336723 stage2_phase_finalize_attempts=2385 stage2_phase_finalize_task_attempts=19011 stage2_phase_finalize_elapsed_ms=30.069276 avg_stage2_phase_finalize_us_per_task=1.581678 maintenance_worker_idle_waits=298944 maintenance_worker_idle_ms=179089.562734 maintenance_lost_wake_avoided=52250 maintenance_targeted_wakes=1026930 maintenance_generic_wakes=20803 maintenance_broadcast_wakes=0 maintenance_context_slots_scanned=3349168 maintenance_ready_notifications=467660 maintenance_ready_stale_notifications=69 maintenance_ready_tickets_drained=342918 maintenance_ready_overflow_scans=0 maintenance_ready_fallback_scans=209474 stage2_search_lane_lease_limit=32 stage2_search_lane_lease_peak=32 stage2_search_lane_lease_blocked=1008 maintenance_worker_observed_idle_ratio=0.319636 maintenance_worker_observed_busy_ratio=0.680364 physical_stage1_items=37627 physical_stage1_total_ns=160365057463 physical_stage1_search_ns=146302386394 physical_stage1_prune_ns=9639677036 physical_stage1_allocate_write_ns=3266959490 physical_stage1_backlink_ns=715972016 physical_stage1_candidates=4814030 physical_stage1_remote_frontier_items=34649540 physical_stage1_neighbors=2065913 peer_stage1_enqueued=30768 peer_stage1_processed=30723 peer_stage1_items=60177 avg_peer_stage1_items=1.958695 peer_stage1_rate_per_sec=859.223372 peer_stage1_max_queue=47 peer_stage1_active_workers=3 peer_stage2_home_enqueued=104273 peer_stage2_home_processed=104273 peer_stage2_home_items=14003324 avg_peer_stage2_home_items=134.294822 peer_stage2_home_max_queue=37 peer_stage2_home_response_queue_drops=0 peer_stage2_home_response_send_wait_ms=5829.766132 avg_peer_stage2_home_queue_wait_us=124.958399 avg_peer_stage2_home_execution_us=72.778907 peer_stage1_release_deferred_batches=35 peer_stage1_release_deferred_items=43 peer_stage1_duplicate_retry_responses=0 peer_stage1_admission_retry_responses=0 peer_stage1_retry_response_drops=0 peer_stage1_admission_waiters=0 peer_stage1_admission_waiter_items=0 peer_stage1_admission_owned_items=0 peer_stage1_admission_wake_coverage=0 peer_stage1_admission_parked=0 peer_stage1_admission_woken=0 peer_stage1_admission_reparked=0 peer_stage1_max_admission_waiters=0 peer_stage1_duplicate_coalesced=4 peer_reverse_enqueued=7299 peer_reverse_processed=7281 peer_reverse_remaining=18 peer_reverse_items_enqueued=152108 peer_reverse_items_processed=151563 peer_reverse_rate_per_sec=2164.057230 peer_reverse_failed=0 peer_reverse_max_queue=71 reclaim_pending=47 reclaim_reused=2913 dynamic_high_watermark=21133022384 stage2_remaining=18238 cleanup_remaining=0 active_contexts=46 active_context_limit=48 repair_remaining=0 remaining=18606
[STATUS]: storage-owner maintenance observation: enqueued=40618 stage2_enqueued=40618 cleanup_enqueued=0 stage2_tasks_done=20035 stage2_finalized_live=20035 cleanup_processed=0 stale=0 stage2_completion_ratio=0.493254 live_stage2_completion_ratio=0.493254 avg_stage2_delay_ms=12937.685632 p99_stage2_delay_upper_ms=30000.000000 p99_stage2_delay_over_30s=true stage2_delay_histogram=0,0,0,0,0,0,6,13,13,43,227,465,1719,1517,3952,6008,4367,1705 max_stage2_delay_ms=35810.915288 compaction_batch_target=32 compaction_max_delay_ms=25.000000 stage2_rate_per_sec=267.002408 stage1_search_budget_exhausted=0 stage2_search_budget_exhausted=0 stage2_continuations=20419 stage2_remote_frontier_items=18619147 avg_stage2_remote_frontier=911.854009 stage2_remote_expansions=647428 avg_stage2_remote_expansions=31.707136 stage2_scored_candidates=36207104 avg_stage2_scored_candidates=1773.206523 stage2_graph_read_waves=100140 avg_stage2_expansions_per_graph_wave=6.465229 stage2_graph_unique_reads=666264 stage2_graph_prefetch_issued=524112 stage2_graph_prefetch_hits=509970 stage2_graph_prefetch_wasted=13526 stage2_graph_prefetch_promotion_ratio=0.974162 stage2_graph_issue_width_current=16 stage2_vector_read_waves=229649 avg_stage2_scores_per_vector_wave=157.662798 stage2_vector_unique_reads=20222171 stage2_home_rpc_batches=160426 stage2_home_rpc_items=18862815 avg_stage2_home_rpc_batch=117.579538 stage2_home_score_rpc_batches=74352 stage2_home_score_rpc_items=18196569 stage2_home_score_rpc_queries=387291 stage2_home_score_rpc_request_bytes=490970312 stage2_home_score_rpc_response_bytes=585585368 avg_stage2_home_score_queries_per_rpc=5.208885 avg_stage2_home_score_rpc_batch=244.735434 stage2_home_scored_neighbors=34182809 home_scores_per_expansion=1.812180 stage2_migrations=3125 home_match_rate=0.844023 stage2_final_edges=1132021 stage2_cross_edges_stage1_home=251375 stage2_cross_edges_final_home=193114 cross_edge_reduction_ratio=0.231769 failed=0 rpc_timeouts=0 reverse_aggregate_batches=0 reverse_aggregate_logical_requests=0 reverse_aggregate_ops=0 avg_reverse_aggregate_logicals=0.000000 avg_reverse_aggregate_ops=0.000000 max_backlog=20202 admission_window=65536 completion_outstanding=20903 completion_incomplete=20583 completed_behind_hole=320 completion_logical_full_failures=0 completion_physical_full_failures=0 pressure_yields=437490 stage2_batches=2561 avg_stage2_batch_size=7.973057 packing_target_batch=8 packing_admit_queue_avg=6800.107380 packing_admit_queue_max=20202 packing_batch_1_7=24 packing_batch_8=2537 packing_assembly_batches=2561 packing_assembly_wait_ms=30727645.815132 packing_arrival_interval_us=1941 packing_waited_batches=24 packing_wait_ms=334.698000 packing_target_flushes=2537 packing_deadline_flushes=24 packing_cleanup_flushes=0 stage2_phase_search_attempts=2520 stage2_phase_search_task_attempts=20091 stage2_phase_search_elapsed_ms=2588922.590017 avg_stage2_phase_search_us_per_task=128859.817332 stage2_phase_freeze_prune_attempts=2952 stage2_phase_freeze_prune_task_attempts=23546 stage2_phase_freeze_prune_elapsed_ms=96508.539525 avg_stage2_phase_freeze_prune_us_per_task=4098.723330 stage2_phase_reverse_prepare_attempts=2513 stage2_phase_reverse_prepare_task_attempts=20035 stage2_phase_reverse_prepare_elapsed_ms=502866.564154 avg_stage2_phase_reverse_prepare_us_per_task=25099.404250 stage2_phase_placement_authority_attempts=2513 stage2_phase_placement_authority_task_attempts=20035 stage2_phase_placement_authority_elapsed_ms=128760.416637 avg_stage2_phase_placement_authority_us_per_task=6426.773977 stage2_phase_completion_handoff_attempts=2513 stage2_phase_completion_handoff_task_attempts=20035 stage2_phase_completion_handoff_elapsed_ms=6.795774 avg_stage2_phase_completion_handoff_us_per_task=0.339195 stage2_phase_finalize_attempts=2513 stage2_phase_finalize_task_attempts=20035 stage2_phase_finalize_elapsed_ms=31.975947 avg_stage2_phase_finalize_us_per_task=1.596004 maintenance_worker_idle_waits=323584 maintenance_worker_idle_ms=191060.226929 maintenance_lost_wake_avoided=56524 maintenance_targeted_wakes=1093611 maintenance_generic_wakes=22524 maintenance_broadcast_wakes=0 maintenance_context_slots_scanned=3629136 maintenance_ready_notifications=494649 maintenance_ready_stale_notifications=71 maintenance_ready_tickets_drained=363952 maintenance_ready_overflow_scans=0 maintenance_ready_fallback_scans=227052 stage2_search_lane_lease_limit=32 stage2_search_lane_lease_peak=32 stage2_search_lane_lease_blocked=1008 maintenance_worker_observed_idle_ratio=0.318278 maintenance_worker_observed_busy_ratio=0.681722 physical_stage1_items=40624 physical_stage1_total_ns=173308721558 physical_stage1_search_ns=158080569716 physical_stage1_prune_ns=10453671494 physical_stage1_allocate_write_ns=3529508580 physical_stage1_backlink_ns=770932510 physical_stage1_candidates=5197543 physical_stage1_remote_frontier_items=37385341 physical_stage1_neighbors=2228007 peer_stage1_enqueued=33349 peer_stage1_processed=33312 peer_stage1_items=65009 avg_peer_stage1_items=1.951519 peer_stage1_rate_per_sec=866.361845 peer_stage1_max_queue=47 peer_stage1_active_workers=3 peer_stage2_home_enqueued=111945 peer_stage2_home_processed=111945 peer_stage2_home_items=15125938 avg_peer_stage2_home_items=135.119371 peer_stage2_home_max_queue=37 peer_stage2_home_response_queue_drops=0 peer_stage2_home_response_send_wait_ms=6349.791235 avg_peer_stage2_home_queue_wait_us=127.733245 avg_peer_stage2_home_execution_us=72.736687 peer_stage1_release_deferred_batches=37 peer_stage1_release_deferred_items=46 peer_stage1_duplicate_retry_responses=0 peer_stage1_admission_retry_responses=0 peer_stage1_retry_response_drops=0 peer_stage1_admission_waiters=0 peer_stage1_admission_waiter_items=0 peer_stage1_admission_owned_items=0 peer_stage1_admission_wake_coverage=0 peer_stage1_admission_parked=0 peer_stage1_admission_woken=0 peer_stage1_admission_reparked=0 peer_stage1_max_admission_waiters=0 peer_stage1_duplicate_coalesced=4 peer_reverse_enqueued=7769 peer_reverse_processed=7761 peer_reverse_remaining=8 peer_reverse_items_enqueued=163188 peer_reverse_items_processed=162957 peer_reverse_rate_per_sec=2171.695106 peer_reverse_failed=0 peer_reverse_max_queue=71 reclaim_pending=44 reclaim_reused=3081 dynamic_high_watermark=21136051904 stage2_remaining=20199 cleanup_remaining=0 active_contexts=48 active_context_limit=48 repair_remaining=0 remaining=20583
[STATUS]: storage-owner maintenance observation: enqueued=43720 stage2_enqueued=43720 cleanup_enqueued=0 stage2_tasks_done=21107 stage2_finalized_live=21107 cleanup_processed=0 stale=0 stage2_completion_ratio=0.482777 live_stage2_completion_ratio=0.482777 avg_stage2_delay_ms=14146.219637 p99_stage2_delay_upper_ms=30000.000000 p99_stage2_delay_over_30s=true stage2_delay_histogram=0,0,0,0,0,0,6,13,13,43,227,465,1719,1517,3952,6008,4367,2777 max_stage2_delay_ms=39273.872020 compaction_batch_target=32 compaction_max_delay_ms=25.000000 stage2_rate_per_sec=263.716026 stage1_search_budget_exhausted=0 stage2_search_budget_exhausted=0 stage2_continuations=21491 stage2_remote_frontier_items=19446285 avg_stage2_remote_frontier=904.857150 stage2_remote_expansions=682663 avg_stage2_remote_expansions=31.765064 stage2_scored_candidates=37895691 avg_stage2_scored_candidates=1763.328417 stage2_graph_read_waves=105223 avg_stage2_expansions_per_graph_wave=6.487774 stage2_graph_unique_reads=701067 stage2_graph_prefetch_issued=551788 stage2_graph_prefetch_hits=536732 stage2_graph_prefetch_wasted=14238 stage2_graph_prefetch_promotion_ratio=0.974158 stage2_graph_issue_width_current=16 stage2_vector_read_waves=240847 avg_stage2_scores_per_vector_wave=157.343421 stage2_vector_unique_reads=21158241 stage2_home_rpc_batches=167857 stage2_home_rpc_items=19741785 avg_stage2_home_rpc_batch=117.610734 stage2_home_score_rpc_batches=77843 stage2_home_score_rpc_items=19040718 stage2_home_score_rpc_queries=404704 stage2_home_score_rpc_request_bytes=513752368 stage2_home_score_rpc_response_bytes=612772592 avg_stage2_home_score_queries_per_rpc=5.198977 avg_stage2_home_score_rpc_batch=244.604113 stage2_home_scored_neighbors=35775085 home_scores_per_expansion=1.812150 stage2_migrations=3282 home_match_rate=0.844507 stage2_final_edges=1186719 stage2_cross_edges_stage1_home=263741 stage2_cross_edges_final_home=202404 cross_edge_reduction_ratio=0.232565 failed=0 rpc_timeouts=0 reverse_aggregate_batches=0 reverse_aggregate_logical_requests=0 reverse_aggregate_ops=0 avg_reverse_aggregate_logicals=0.000000 avg_reverse_aggregate_ops=0.000000 max_backlog=22229 admission_window=65536 completion_outstanding=22949 completion_incomplete=22613 completed_behind_hole=336 completion_logical_full_failures=0 completion_physical_full_failures=0 pressure_yields=467049 stage2_batches=2695 avg_stage2_batch_size=7.974397 packing_target_batch=8 packing_admit_queue_avg=7519.072356 packing_admit_queue_max=22223 packing_batch_1_7=24 packing_batch_8=2671 packing_assembly_batches=2695 packing_assembly_wait_ms=35559345.609850 packing_arrival_interval_us=1616 packing_waited_batches=24 packing_wait_ms=334.698000 packing_target_flushes=2671 packing_deadline_flushes=24 packing_cleanup_flushes=0 stage2_phase_search_attempts=2657 stage2_phase_search_task_attempts=21187 stage2_phase_search_elapsed_ms=2777930.039849 avg_stage2_phase_search_us_per_task=131114.836449 stage2_phase_freeze_prune_attempts=3128 stage2_phase_freeze_prune_task_attempts=24954 stage2_phase_freeze_prune_elapsed_ms=105561.835723 avg_stage2_phase_freeze_prune_us_per_task=4230.257102 stage2_phase_reverse_prepare_attempts=2648 stage2_phase_reverse_prepare_task_attempts=21115 stage2_phase_reverse_prepare_elapsed_ms=533204.473373 avg_stage2_phase_reverse_prepare_us_per_task=25252.402244 stage2_phase_placement_authority_attempts=2647 stage2_phase_placement_authority_task_attempts=21107 stage2_phase_placement_authority_elapsed_ms=136551.767047 avg_stage2_phase_placement_authority_us_per_task=6469.501447 stage2_phase_completion_handoff_attempts=2647 stage2_phase_completion_handoff_task_attempts=21107 stage2_phase_completion_handoff_elapsed_ms=7.199419 avg_stage2_phase_completion_handoff_us_per_task=0.341092 stage2_phase_finalize_attempts=2647 stage2_phase_finalize_task_attempts=21107 stage2_phase_finalize_elapsed_ms=33.833960 avg_stage2_phase_finalize_us_per_task=1.602973 maintenance_worker_idle_waits=345600 maintenance_worker_idle_ms=203159.719237 maintenance_lost_wake_avoided=60145 maintenance_targeted_wakes=1151937 maintenance_generic_wakes=24267 maintenance_broadcast_wakes=0 maintenance_context_slots_scanned=3869296 maintenance_ready_notifications=519214 maintenance_ready_stale_notifications=78 maintenance_ready_tickets_drained=382466 maintenance_ready_overflow_scans=0 maintenance_ready_fallback_scans=241956 stage2_search_lane_lease_limit=32 stage2_search_lane_lease_peak=32 stage2_search_lane_lease_blocked=1008 maintenance_worker_observed_idle_ratio=0.317291 maintenance_worker_observed_busy_ratio=0.682709 physical_stage1_items=43722 physical_stage1_total_ns=186666263616 physical_stage1_search_ns=170241523934 physical_stage1_prune_ns=11250549521 physical_stage1_allocate_write_ns=3835525124 physical_stage1_backlink_ns=829662032 physical_stage1_candidates=5593956 physical_stage1_remote_frontier_items=40276447 physical_stage1_neighbors=2395378 peer_stage1_enqueued=35914 peer_stage1_processed=35893 peer_stage1_items=69971 avg_peer_stage1_items=1.949433 peer_stage1_rate_per_sec=874.234806 peer_stage1_max_queue=47 peer_stage1_active_workers=3 peer_stage2_home_enqueued=118864 peer_stage2_home_processed=118864 peer_stage2_home_items=16086784 avg_peer_stage2_home_items=135.337731 peer_stage2_home_max_queue=37 peer_stage2_home_response_queue_drops=0 peer_stage2_home_response_send_wait_ms=6859.953996 avg_peer_stage2_home_queue_wait_us=127.918309 avg_peer_stage2_home_execution_us=72.623295 peer_stage1_release_deferred_batches=37 peer_stage1_release_deferred_items=46 peer_stage1_duplicate_retry_responses=0 peer_stage1_admission_retry_responses=0 peer_stage1_retry_response_drops=0 peer_stage1_admission_waiters=0 peer_stage1_admission_waiter_items=0 peer_stage1_admission_owned_items=0 peer_stage1_admission_wake_coverage=0 peer_stage1_admission_parked=0 peer_stage1_admission_woken=0 peer_stage1_admission_reparked=0 peer_stage1_max_admission_waiters=0 peer_stage1_duplicate_coalesced=4 peer_reverse_enqueued=8242 peer_reverse_processed=8231 peer_reverse_remaining=11 peer_reverse_items_enqueued=173791 peer_reverse_items_processed=173495 peer_reverse_rate_per_sec=2167.689008 peer_reverse_failed=0 peer_reverse_max_queue=71 reclaim_pending=40 reclaim_reused=3242 dynamic_high_watermark=21139212464 stage2_remaining=22229 cleanup_remaining=0 active_contexts=48 active_context_limit=48 repair_remaining=0 remaining=22613
[STATUS]: storage-owner maintenance observation: enqueued=46594 stage2_enqueued=46594 cleanup_enqueued=0 stage2_tasks_done=22059 stage2_finalized_live=22059 cleanup_processed=0 stale=0 stage2_completion_ratio=0.473430 live_stage2_completion_ratio=0.473430 avg_stage2_delay_ms=15252.531202 p99_stage2_delay_upper_ms=30000.000000 p99_stage2_delay_over_30s=true stage2_delay_histogram=0,0,0,0,0,0,6,13,13,43,227,465,1719,1517,3952,6008,4367,3729 max_stage2_delay_ms=41524.555107 compaction_batch_target=32 compaction_max_delay_ms=25.000000 stage2_rate_per_sec=259.367093 stage1_search_budget_exhausted=0 stage2_search_budget_exhausted=0 stage2_continuations=22443 stage2_remote_frontier_items=20311329 avg_stage2_remote_frontier=905.018447 stage2_remote_expansions=711299 avg_stage2_remote_expansions=31.693579 stage2_scored_candidates=39494757 avg_stage2_scored_candidates=1759.780644 stage2_graph_read_waves=109639 avg_stage2_expansions_per_graph_wave=6.487646 stage2_graph_unique_reads=730622 stage2_graph_prefetch_issued=575024 stage2_graph_prefetch_hits=559445 stage2_graph_prefetch_wasted=14821 stage2_graph_prefetch_promotion_ratio=0.974191 stage2_graph_issue_width_current=16 stage2_vector_read_waves=250770 avg_stage2_scores_per_vector_wave=157.493947 stage2_vector_unique_reads=22057197 stage2_home_rpc_batches=174649 stage2_home_rpc_items=20591181 avg_stage2_home_rpc_batch=117.900366 stage2_home_score_rpc_batches=81226 stage2_home_score_rpc_items=19860559 stage2_home_score_rpc_queries=422195 stage2_home_score_rpc_request_bytes=535960280 stage2_home_score_rpc_response_bytes=639178624 avg_stage2_home_score_queries_per_rpc=5.197781 avg_stage2_home_score_rpc_batch=244.509874 stage2_home_scored_neighbors=37295045 home_scores_per_expansion=1.811214 stage2_migrations=3422 home_match_rate=0.844871 stage2_final_edges=1238819 stage2_cross_edges_stage1_home=274453 stage2_cross_edges_final_home=210523 cross_edge_reduction_ratio=0.232936 failed=0 rpc_timeouts=0 reverse_aggregate_batches=0 reverse_aggregate_logical_requests=0 reverse_aggregate_ops=0 avg_reverse_aggregate_logicals=0.000000 avg_reverse_aggregate_ops=0.000000 max_backlog=24151 admission_window=65536 completion_outstanding=24767 completion_incomplete=24535 completed_behind_hole=232 completion_logical_full_failures=0 completion_physical_full_failures=0 pressure_yields=491600 stage2_batches=2814 avg_stage2_batch_size=7.975480 packing_target_batch=8 packing_admit_queue_avg=8180.567520 packing_admit_queue_max=24113 packing_batch_1_7=24 packing_batch_8=2790 packing_assembly_batches=2814 packing_assembly_wait_ms=40217377.013106 packing_arrival_interval_us=2462 packing_waited_batches=24 packing_wait_ms=334.698000 packing_target_flushes=2790 packing_deadline_flushes=24 packing_cleanup_flushes=0 stage2_phase_search_attempts=2777 stage2_phase_search_task_attempts=22147 stage2_phase_search_elapsed_ms=2946301.993316 avg_stage2_phase_search_us_per_task=133033.909483 stage2_phase_freeze_prune_attempts=3262 stage2_phase_freeze_prune_task_attempts=26026 stage2_phase_freeze_prune_elapsed_ms=112181.286419 avg_stage2_phase_freeze_prune_us_per_task=4310.354508 stage2_phase_reverse_prepare_attempts=2767 stage2_phase_reverse_prepare_task_attempts=22067 stage2_phase_reverse_prepare_elapsed_ms=570693.864841 avg_stage2_phase_reverse_prepare_us_per_task=25861.869073 stage2_phase_placement_authority_attempts=2766 stage2_phase_placement_authority_task_attempts=22059 stage2_phase_placement_authority_elapsed_ms=148209.354260 avg_stage2_phase_placement_authority_us_per_task=6718.770310 stage2_phase_completion_handoff_attempts=2766 stage2_phase_completion_handoff_task_attempts=22059 stage2_phase_completion_handoff_elapsed_ms=7.584566 avg_stage2_phase_completion_handoff_us_per_task=0.343831 stage2_phase_finalize_attempts=2766 stage2_phase_finalize_task_attempts=22059 stage2_phase_finalize_elapsed_ms=35.584158 avg_stage2_phase_finalize_us_per_task=1.613136 maintenance_worker_idle_waits=363840 maintenance_worker_idle_ms=214546.718971 maintenance_lost_wake_avoided=62761 maintenance_targeted_wakes=1198638 maintenance_generic_wakes=25879 maintenance_broadcast_wakes=0 maintenance_context_slots_scanned=4053088 maintenance_ready_notifications=540792 maintenance_ready_stale_notifications=83 maintenance_ready_tickets_drained=398774 maintenance_ready_overflow_scans=0 maintenance_ready_fallback_scans=253409 stage2_search_lane_lease_limit=32 stage2_search_lane_lease_peak=32 stage2_search_lane_lease_blocked=1008 maintenance_worker_observed_idle_ratio=0.315327 maintenance_worker_observed_busy_ratio=0.684673 physical_stage1_items=46606 physical_stage1_total_ns=199446870694 physical_stage1_search_ns=181891228754 physical_stage1_prune_ns=12044399250 physical_stage1_allocate_write_ns=4085584176 physical_stage1_backlink_ns=883471776 physical_stage1_candidates=5962967 physical_stage1_remote_frontier_items=42982859 physical_stage1_neighbors=2560891 peer_stage1_enqueued=38408 peer_stage1_processed=38365 peer_stage1_items=74566 avg_peer_stage1_items=1.943594 peer_stage1_rate_per_sec=876.738141 peer_stage1_max_queue=47 peer_stage1_active_workers=3 peer_stage2_home_enqueued=126316 peer_stage2_home_processed=126306 peer_stage2_home_items=17072626 avg_peer_stage2_home_items=135.168765 peer_stage2_home_max_queue=37 peer_stage2_home_response_queue_drops=0 peer_stage2_home_response_send_wait_ms=7416.334199 avg_peer_stage2_home_queue_wait_us=129.326286 avg_peer_stage2_home_execution_us=72.265955 peer_stage1_release_deferred_batches=42 peer_stage1_release_deferred_items=53 peer_stage1_duplicate_retry_responses=0 peer_stage1_admission_retry_responses=0 peer_stage1_retry_response_drops=0 peer_stage1_admission_waiters=0 peer_stage1_admission_waiter_items=0 peer_stage1_admission_owned_items=0 peer_stage1_admission_wake_coverage=0 peer_stage1_admission_parked=0 peer_stage1_admission_woken=0 peer_stage1_admission_reparked=0 peer_stage1_max_admission_waiters=0 peer_stage1_duplicate_coalesced=4 peer_reverse_enqueued=8767 peer_reverse_processed=8700 peer_reverse_remaining=67 peer_reverse_items_enqueued=184558 peer_reverse_items_processed=182600 peer_reverse_rate_per_sec=2146.989038 peer_reverse_failed=0 peer_reverse_max_queue=71 reclaim_pending=18 reclaim_reused=3404 dynamic_high_watermark=21142145264 stage2_remaining=24151 cleanup_remaining=0 active_contexts=48 active_context_limit=48 repair_remaining=0 remaining=24535
[STATUS]: storage-owner maintenance observation: enqueued=49733 stage2_enqueued=49733 cleanup_enqueued=0 stage2_tasks_done=23019 stage2_finalized_live=23019 cleanup_processed=0 stale=0 stage2_completion_ratio=0.462852 live_stage2_completion_ratio=0.462852 avg_stage2_delay_ms=16413.458847 p99_stage2_delay_upper_ms=30000.000000 p99_stage2_delay_over_30s=true stage2_delay_histogram=0,0,0,0,0,0,6,13,13,43,227,465,1719,1517,3952,6008,4367,4689 max_stage2_delay_ms=45165.554983 compaction_batch_target=32 compaction_max_delay_ms=25.000000 stage2_rate_per_sec=255.626473 stage1_search_budget_exhausted=0 stage2_search_budget_exhausted=0 stage2_continuations=23403 stage2_remote_frontier_items=21384893 avg_stage2_remote_frontier=913.767167 stage2_remote_expansions=741874 avg_stage2_remote_expansions=31.699953 stage2_scored_candidates=41550925 avg_stage2_scored_candidates=1775.452933 stage2_graph_read_waves=114116 avg_stage2_expansions_per_graph_wave=6.501052 stage2_graph_unique_reads=761783 stage2_graph_prefetch_issued=599702 stage2_graph_prefetch_hits=583292 stage2_graph_prefetch_wasted=15484 stage2_graph_prefetch_promotion_ratio=0.974141 stage2_graph_issue_width_current=16 stage2_vector_read_waves=262563 avg_stage2_scores_per_vector_wave=158.251258 stage2_vector_unique_reads=23241824 stage2_home_rpc_batches=182594 stage2_home_rpc_items=21705878 avg_stage2_home_rpc_batch=118.875089 stage2_home_score_rpc_batches=85647 stage2_home_score_rpc_items=20944116 stage2_home_score_rpc_queries=445994 stage2_home_score_rpc_request_bytes=565330856 stage2_home_score_rpc_response_bytes=674058848 avg_stage2_home_score_queries_per_rpc=5.207351 avg_stage2_home_score_rpc_batch=244.539984 stage2_home_scored_neighbors=39251714 home_scores_per_expansion=1.808345 stage2_migrations=3555 home_match_rate=0.845562 stage2_final_edges=1301983 stage2_cross_edges_stage1_home=288560 stage2_cross_edges_final_home=222091 cross_edge_reduction_ratio=0.230347 failed=0 rpc_timeouts=0 reverse_aggregate_batches=0 reverse_aggregate_logical_requests=0 reverse_aggregate_ops=0 avg_reverse_aggregate_logicals=0.000000 avg_reverse_aggregate_ops=0.000000 max_backlog=26330 admission_window=65536 completion_outstanding=26914 completion_incomplete=26714 completed_behind_hole=200 completion_logical_full_failures=0 completion_physical_full_failures=0 pressure_yields=519049 stage2_batches=2934 avg_stage2_batch_size=7.976483 packing_target_batch=8 packing_admit_queue_avg=8874.153715 packing_admit_queue_max=26192 packing_batch_1_7=24 packing_batch_8=2910 packing_assembly_batches=2934 packing_assembly_wait_ms=45314839.662209 packing_arrival_interval_us=2018 packing_waited_batches=24 packing_wait_ms=334.698000 packing_target_flushes=2910 packing_deadline_flushes=24 packing_cleanup_flushes=0 stage2_phase_search_attempts=2894 stage2_phase_search_task_attempts=23083 stage2_phase_search_elapsed_ms=3144083.704866 avg_stage2_phase_search_us_per_task=136207.759168 stage2_phase_freeze_prune_attempts=3386 stage2_phase_freeze_prune_task_attempts=27018 stage2_phase_freeze_prune_elapsed_ms=118330.577883 avg_stage2_phase_freeze_prune_us_per_task=4379.694200 stage2_phase_reverse_prepare_attempts=2886 stage2_phase_reverse_prepare_task_attempts=23019 stage2_phase_reverse_prepare_elapsed_ms=598280.604166 avg_stage2_phase_reverse_prepare_us_per_task=25990.729578 stage2_phase_placement_authority_attempts=2886 stage2_phase_placement_authority_task_attempts=23019 stage2_phase_placement_authority_elapsed_ms=155285.233364 avg_stage2_phase_placement_authority_us_per_task=6745.959137 stage2_phase_completion_handoff_attempts=2886 stage2_phase_completion_handoff_task_attempts=23019 stage2_phase_completion_handoff_elapsed_ms=7.942206 avg_stage2_phase_completion_handoff_us_per_task=0.345028 stage2_phase_finalize_attempts=2886 stage2_phase_finalize_task_attempts=23019 stage2_phase_finalize_elapsed_ms=37.398289 avg_stage2_phase_finalize_us_per_task=1.624670 maintenance_worker_idle_waits=384192 maintenance_worker_idle_ms=227271.993456 maintenance_lost_wake_avoided=66149 maintenance_targeted_wakes=1256768 maintenance_generic_wakes=27583 maintenance_broadcast_wakes=0 maintenance_context_slots_scanned=4280176 maintenance_ready_notifications=565523 maintenance_ready_stale_notifications=89 maintenance_ready_tickets_drained=416908 maintenance_ready_overflow_scans=0 maintenance_ready_fallback_scans=267669 stage2_search_lane_lease_limit=32 stage2_search_lane_lease_peak=32 stage2_search_lane_lease_blocked=1008 maintenance_worker_observed_idle_ratio=0.315483 maintenance_worker_observed_busy_ratio=0.684517 physical_stage1_items=49741 physical_stage1_total_ns=212689059834 physical_stage1_search_ns=193950421814 physical_stage1_prune_ns=12857013977 physical_stage1_allocate_write_ns=4358929167 physical_stage1_backlink_ns=944490026 physical_stage1_candidates=6363903 physical_stage1_remote_frontier_items=45804204 physical_stage1_neighbors=2732518 peer_stage1_enqueued=40891 peer_stage1_processed=40845 peer_stage1_items=79583 avg_peer_stage1_items=1.948415 peer_stage1_rate_per_sec=883.770869 peer_stage1_max_queue=47 peer_stage1_active_workers=3 peer_stage2_home_enqueued=132749 peer_stage2_home_processed=132749 peer_stage2_home_items=17975850 avg_peer_stage2_home_items=135.412319 peer_stage2_home_max_queue=37 peer_stage2_home_response_queue_drops=0 peer_stage2_home_response_send_wait_ms=8001.320908 avg_peer_stage2_home_queue_wait_us=129.674921 avg_peer_stage2_home_execution_us=72.201989 peer_stage1_release_deferred_batches=43 peer_stage1_release_deferred_items=59 peer_stage1_duplicate_retry_responses=0 peer_stage1_admission_retry_responses=0 peer_stage1_retry_response_drops=0 peer_stage1_admission_waiters=0 peer_stage1_admission_waiter_items=0 peer_stage1_admission_owned_items=0 peer_stage1_admission_wake_coverage=0 peer_stage1_admission_parked=0 peer_stage1_admission_woken=0 peer_stage1_admission_reparked=0 peer_stage1_max_admission_waiters=0 peer_stage1_duplicate_coalesced=4 peer_reverse_enqueued=9206 peer_reverse_processed=9196 peer_reverse_remaining=10 peer_reverse_items_enqueued=193829 peer_reverse_items_processed=193585 peer_reverse_rate_per_sec=2149.765448 peer_reverse_failed=0 peer_reverse_max_queue=97 reclaim_pending=15 reclaim_reused=3540 dynamic_high_watermark=21145353664 stage2_remaining=26330 cleanup_remaining=0 active_contexts=48 active_context_limit=48 repair_remaining=0 remaining=26714
[STATUS]: storage-owner maintenance observation: enqueued=52846 stage2_enqueued=52846 cleanup_enqueued=0 stage2_tasks_done=23995 stage2_finalized_live=23995 cleanup_processed=0 stale=0 stage2_completion_ratio=0.454055 live_stage2_completion_ratio=0.454055 avg_stage2_delay_ms=17647.171572 p99_stage2_delay_upper_ms=30000.000000 p99_stage2_delay_over_30s=true stage2_delay_histogram=0,0,0,0,0,0,6,13,13,43,227,465,1719,1517,3952,6008,4367,5665 max_stage2_delay_ms=48753.027561 compaction_batch_target=32 compaction_max_delay_ms=25.000000 stage2_rate_per_sec=252.445518 stage1_search_budget_exhausted=0 stage2_search_budget_exhausted=0 stage2_continuations=24379 stage2_remote_frontier_items=22316122 avg_stage2_remote_frontier=915.382994 stage2_remote_expansions=776220 avg_stage2_remote_expansions=31.839698 stage2_scored_candidates=43474054 avg_stage2_scored_candidates=1783.258296 stage2_graph_read_waves=119672 avg_stage2_expansions_per_graph_wave=6.486229 stage2_graph_unique_reads=798334 stage2_graph_prefetch_issued=628318 stage2_graph_prefetch_hits=611077 stage2_graph_prefetch_wasted=16233 stage2_graph_prefetch_promotion_ratio=0.974123 stage2_graph_issue_width_current=16 stage2_vector_read_waves=275054 avg_stage2_scores_per_vector_wave=158.056433 stage2_vector_unique_reads=24271902 stage2_home_rpc_batches=190462 stage2_home_rpc_items=22661138 avg_stage2_home_rpc_batch=118.979838 stage2_home_score_rpc_batches=89457 stage2_home_score_rpc_items=21862804 stage2_home_score_rpc_queries=465628 stage2_home_score_rpc_request_bytes=590247536 stage2_home_score_rpc_response_bytes=703656496 avg_stage2_home_score_queries_per_rpc=5.205048 avg_stage2_home_score_rpc_batch=244.394558 stage2_home_scored_neighbors=41064111 home_scores_per_expansion=1.812094 stage2_migrations=3726 home_match_rate=0.844718 stage2_final_edges=1357065 stage2_cross_edges_stage1_home=302346 stage2_cross_edges_final_home=232443 cross_edge_reduction_ratio=0.231202 failed=0 rpc_timeouts=0 reverse_aggregate_batches=0 reverse_aggregate_logical_requests=0 reverse_aggregate_ops=0 avg_reverse_aggregate_logicals=0.000000 avg_reverse_aggregate_ops=0.000000 max_backlog=28467 admission_window=65536 completion_outstanding=29043 completion_incomplete=28851 completed_behind_hole=192 completion_logical_full_failures=0 completion_physical_full_failures=0 pressure_yields=548312 stage2_batches=3056 avg_stage2_batch_size=7.977421 packing_target_batch=8 packing_admit_queue_avg=9616.226113 packing_admit_queue_max=28424 packing_batch_1_7=24 packing_batch_8=3032 packing_assembly_batches=3056 packing_assembly_wait_ms=50943658.152252 packing_arrival_interval_us=3948 packing_waited_batches=24 packing_wait_ms=334.698000 packing_target_flushes=3032 packing_deadline_flushes=24 packing_cleanup_flushes=0 stage2_phase_search_attempts=3017 stage2_phase_search_task_attempts=24067 stage2_phase_search_elapsed_ms=3338144.337138 avg_stage2_phase_search_us_per_task=138702.137248 stage2_phase_freeze_prune_attempts=3526 stage2_phase_freeze_prune_task_attempts=28138 stage2_phase_freeze_prune_elapsed_ms=125387.986469 avg_stage2_phase_freeze_prune_us_per_task=4456.179774 stage2_phase_reverse_prepare_attempts=3013 stage2_phase_reverse_prepare_task_attempts=24035 stage2_phase_reverse_prepare_elapsed_ms=628049.129506 avg_stage2_phase_reverse_prepare_us_per_task=26130.606595 stage2_phase_placement_authority_attempts=3008 stage2_phase_placement_authority_task_attempts=23995 stage2_phase_placement_authority_elapsed_ms=164328.894202 avg_stage2_phase_placement_authority_us_per_task=6848.464022 stage2_phase_completion_handoff_attempts=3008 stage2_phase_completion_handoff_task_attempts=23995 stage2_phase_completion_handoff_elapsed_ms=8.315468 avg_stage2_phase_completion_handoff_us_per_task=0.346550 stage2_phase_finalize_attempts=3008 stage2_phase_finalize_task_attempts=23995 stage2_phase_finalize_elapsed_ms=39.166830 avg_stage2_phase_finalize_us_per_task=1.632291 maintenance_worker_idle_waits=405696 maintenance_worker_idle_ms=237769.603161 maintenance_lost_wake_avoided=70112 maintenance_targeted_wakes=1321754 maintenance_generic_wakes=29194 maintenance_broadcast_wakes=0 maintenance_context_slots_scanned=4531760 maintenance_ready_notifications=592442 maintenance_ready_stale_notifications=96 maintenance_ready_tickets_drained=436996 maintenance_ready_overflow_scans=0 maintenance_ready_fallback_scans=283379 stage2_search_lane_lease_limit=32 stage2_search_lane_lease_peak=32 stage2_search_lane_lease_blocked=1008 maintenance_worker_observed_idle_ratio=0.312689 maintenance_worker_observed_busy_ratio=0.687311 physical_stage1_items=52874 physical_stage1_total_ns=226808925937 physical_stage1_search_ns=206781757017 physical_stage1_prune_ns=13745200839 physical_stage1_allocate_write_ns=4662928969 physical_stage1_backlink_ns=1004606721 physical_stage1_candidates=6764717 physical_stage1_remote_frontier_items=48862325 physical_stage1_neighbors=2919521 peer_stage1_enqueued=43116 peer_stage1_processed=43083 peer_stage1_items=84646 avg_peer_stage1_items=1.964719 peer_stage1_rate_per_sec=890.539834 peer_stage1_max_queue=47 peer_stage1_active_workers=3 peer_stage2_home_enqueued=140080 peer_stage2_home_processed=140080 peer_stage2_home_items=19053054 avg_peer_stage2_home_items=136.015520 peer_stage2_home_max_queue=37 peer_stage2_home_response_queue_drops=0 peer_stage2_home_response_send_wait_ms=8486.743127 avg_peer_stage2_home_queue_wait_us=131.348323 avg_peer_stage2_home_execution_us=72.207422 peer_stage1_release_deferred_batches=43 peer_stage1_release_deferred_items=59 peer_stage1_duplicate_retry_responses=0 peer_stage1_admission_retry_responses=0 peer_stage1_retry_response_drops=0 peer_stage1_admission_waiters=0 peer_stage1_admission_waiter_items=0 peer_stage1_admission_owned_items=0 peer_stage1_admission_wake_coverage=0 peer_stage1_admission_parked=0 peer_stage1_admission_woken=0 peer_stage1_admission_reparked=0 peer_stage1_max_admission_waiters=0 peer_stage1_duplicate_coalesced=4 peer_reverse_enqueued=9756 peer_reverse_processed=9735 peer_reverse_remaining=21 peer_reverse_items_enqueued=205112 peer_reverse_items_processed=204769 peer_reverse_rate_per_sec=2154.324495 peer_reverse_failed=0 peer_reverse_max_queue=97 reclaim_pending=26 reclaim_reused=3700 dynamic_high_watermark=21148559984 stage2_remaining=28467 cleanup_remaining=0 active_contexts=48 active_context_limit=48 repair_remaining=0 remaining=28851
[STATUS]: storage-owner maintenance observation: enqueued=55514 stage2_enqueued=55514 cleanup_enqueued=0 stage2_tasks_done=25027 stage2_finalized_live=25027 cleanup_processed=0 stale=0 stage2_completion_ratio=0.450823 live_stage2_completion_ratio=0.450823 avg_stage2_delay_ms=18976.208054 p99_stage2_delay_upper_ms=30000.000000 p99_stage2_delay_over_30s=true stage2_delay_histogram=0,0,0,0,0,0,6,13,13,43,227,465,1719,1517,3952,6008,4367,6697 max_stage2_delay_ms=52050.096304 compaction_batch_target=32 compaction_max_delay_ms=25.000000 stage2_rate_per_sec=250.140572 stage1_search_budget_exhausted=0 stage2_search_budget_exhausted=0 stage2_continuations=25403 stage2_remote_frontier_items=23345689 avg_stage2_remote_frontier=919.013069 stage2_remote_expansions=811516 avg_stage2_remote_expansions=31.945676 stage2_scored_candidates=45526802 avg_stage2_scored_candidates=1792.182104 stage2_graph_read_waves=124915 avg_stage2_expansions_per_graph_wave=6.496546 stage2_graph_unique_reads=834076 stage2_graph_prefetch_issued=656661 stage2_graph_prefetch_hits=638700 stage2_graph_prefetch_wasted=16920 stage2_graph_prefetch_promotion_ratio=0.974192 stage2_graph_issue_width_current=16 stage2_vector_read_waves=288067 avg_stage2_scores_per_vector_wave=158.042407 stage2_vector_unique_reads=25402747 stage2_home_rpc_batches=199203 stage2_home_rpc_items=23715960 avg_stage2_home_rpc_batch=119.054231 stage2_home_score_rpc_batches=93650 stage2_home_score_rpc_items=22881884 stage2_home_score_rpc_queries=487324 stage2_home_score_rpc_request_bytes=617801144 stage2_home_score_rpc_response_bytes=736467408 avg_stage2_home_score_queries_per_rpc=5.203673 avg_stage2_home_score_rpc_batch=244.334052 stage2_home_scored_neighbors=43003049 home_scores_per_expansion=1.813254 stage2_migrations=3881 home_match_rate=0.844927 stage2_final_edges=1419342 stage2_cross_edges_stage1_home=315966 stage2_cross_edges_final_home=242950 cross_edge_reduction_ratio=0.231088 failed=0 rpc_timeouts=0 reverse_aggregate_batches=0 reverse_aggregate_logical_requests=0 reverse_aggregate_ops=0 avg_reverse_aggregate_logicals=0.000000 avg_reverse_aggregate_ops=0.000000 max_backlog=30113 admission_window=65536 completion_outstanding=30695 completion_incomplete=30487 completed_behind_hole=208 completion_logical_full_failures=0 completion_physical_full_failures=0 pressure_yields=576163 stage2_batches=3184 avg_stage2_batch_size=7.978329 packing_target_batch=8 packing_admit_queue_avg=10408.883166 packing_admit_queue_max=30113 packing_batch_1_7=24 packing_batch_8=3160 packing_assembly_batches=3184 packing_assembly_wait_ms=57249520.037086 packing_arrival_interval_us=2696 packing_waited_batches=24 packing_wait_ms=334.698000 packing_target_flushes=3160 packing_deadline_flushes=24 packing_cleanup_flushes=0 stage2_phase_search_attempts=3152 stage2_phase_search_task_attempts=25147 stage2_phase_search_elapsed_ms=3515261.658898 avg_stage2_phase_search_us_per_task=139788.509918 stage2_phase_freeze_prune_attempts=3670 stage2_phase_freeze_prune_task_attempts=29290 stage2_phase_freeze_prune_elapsed_ms=130919.393576 avg_stage2_phase_freeze_prune_us_per_task=4469.764205 stage2_phase_reverse_prepare_attempts=3142 stage2_phase_reverse_prepare_task_attempts=25067 stage2_phase_reverse_prepare_elapsed_ms=670918.730784 avg_stage2_phase_reverse_prepare_us_per_task=26765.018980 stage2_phase_placement_authority_attempts=3137 stage2_phase_placement_authority_task_attempts=25027 stage2_phase_placement_authority_elapsed_ms=177824.176904 avg_stage2_phase_placement_authority_us_per_task=7105.293359 stage2_phase_completion_handoff_attempts=3137 stage2_phase_completion_handoff_task_attempts=25027 stage2_phase_completion_handoff_elapsed_ms=8.759546 avg_stage2_phase_completion_handoff_us_per_task=0.350004 stage2_phase_finalize_attempts=3137 stage2_phase_finalize_task_attempts=25027 stage2_phase_finalize_elapsed_ms=41.329627 avg_stage2_phase_finalize_us_per_task=1.651402 maintenance_worker_idle_waits=425536 maintenance_worker_idle_ms=247185.481085 maintenance_lost_wake_avoided=73670 maintenance_targeted_wakes=1381338 maintenance_generic_wakes=30620 maintenance_broadcast_wakes=0 maintenance_context_slots_scanned=4751376 maintenance_ready_notifications=619746 maintenance_ready_stale_notifications=100 maintenance_ready_tickets_drained=457313 maintenance_ready_overflow_scans=0 maintenance_ready_fallback_scans=297079 stage2_search_lane_lease_limit=32 stage2_search_lane_lease_peak=32 stage2_search_lane_lease_blocked=1008 maintenance_worker_observed_idle_ratio=0.308822 maintenance_worker_observed_busy_ratio=0.691178 physical_stage1_items=55527 physical_stage1_total_ns=238798390139 physical_stage1_search_ns=217680595093 physical_stage1_prune_ns=14501155960 physical_stage1_allocate_write_ns=4910371026 physical_stage1_backlink_ns=1060416357 physical_stage1_candidates=7104178 physical_stage1_remote_frontier_items=51366871 physical_stage1_neighbors=3074939 peer_stage1_enqueued=45064 peer_stage1_processed=45043 peer_stage1_items=88896 avg_peer_stage1_items=1.973581 peer_stage1_rate_per_sec=888.500273 peer_stage1_max_queue=47 peer_stage1_active_workers=3 peer_stage2_home_enqueued=147999 peer_stage2_home_processed=147999 peer_stage2_home_items=20118147 avg_peer_stage2_home_items=135.934344 peer_stage2_home_max_queue=37 peer_stage2_home_response_queue_drops=0 peer_stage2_home_response_send_wait_ms=8968.694737 avg_peer_stage2_home_queue_wait_us=130.769562 avg_peer_stage2_home_execution_us=72.327772 peer_stage1_release_deferred_batches=45 peer_stage1_release_deferred_items=64 peer_stage1_duplicate_retry_responses=0 peer_stage1_admission_retry_responses=0 peer_stage1_retry_response_drops=0 peer_stage1_admission_waiters=0 peer_stage1_admission_waiter_items=0 peer_stage1_admission_owned_items=0 peer_stage1_admission_wake_coverage=0 peer_stage1_admission_parked=0 peer_stage1_admission_woken=0 peer_stage1_admission_reparked=0 peer_stage1_max_admission_waiters=0 peer_stage1_duplicate_coalesced=4 peer_reverse_enqueued=10340 peer_reverse_processed=10335 peer_reverse_remaining=5 peer_reverse_items_enqueued=217092 peer_reverse_items_processed=216872 peer_reverse_rate_per_sec=2167.598443 peer_reverse_failed=0 peer_reverse_max_queue=97 reclaim_pending=25 reclaim_reused=3856 dynamic_high_watermark=21151287904 stage2_remaining=30111 cleanup_remaining=0 active_contexts=47 active_context_limit=48 repair_remaining=0 remaining=30487
[STATUS]: storage-owner maintenance observation: enqueued=58828 stage2_enqueued=58828 cleanup_enqueued=0 stage2_tasks_done=25907 stage2_finalized_live=25907 cleanup_processed=0 stale=0 stage2_completion_ratio=0.440386 live_stage2_completion_ratio=0.440386 avg_stage2_delay_ms=20137.385761 p99_stage2_delay_upper_ms=30000.000000 p99_stage2_delay_over_30s=true stage2_delay_histogram=0,0,0,0,0,0,6,13,13,43,227,465,1719,1517,3952,6008,4367,7577 max_stage2_delay_ms=55144.817969 compaction_batch_target=32 compaction_max_delay_ms=25.000000 stage2_rate_per_sec=246.605550 stage1_search_budget_exhausted=0 stage2_search_budget_exhausted=0 stage2_continuations=26291 stage2_remote_frontier_items=24245644 avg_stage2_remote_frontier=922.203187 stage2_remote_expansions=841176 avg_stage2_remote_expansions=31.994827 stage2_scored_candidates=47259605 avg_stage2_scored_candidates=1797.558290 stage2_graph_read_waves=129267 avg_stage2_expansions_per_graph_wave=6.507276 stage2_graph_unique_reads=862964 stage2_graph_prefetch_issued=679433 stage2_graph_prefetch_hits=661224 stage2_graph_prefetch_wasted=17557 stage2_graph_prefetch_promotion_ratio=0.974135 stage2_graph_issue_width_current=16 stage2_vector_read_waves=298650 avg_stage2_scores_per_vector_wave=158.244115 stage2_vector_unique_reads=26353605 stage2_home_rpc_batches=205919 stage2_home_rpc_items=24602392 avg_stage2_home_rpc_batch=119.476066 stage2_home_score_rpc_batches=97179 stage2_home_score_rpc_items=23739431 stage2_home_score_rpc_queries=505785 stage2_home_score_rpc_request_bytes=641015776 stage2_home_score_rpc_response_bytes=764078160 avg_stage2_home_score_queries_per_rpc=5.204674 avg_stage2_home_score_rpc_batch=244.285607 stage2_home_scored_neighbors=44644339 home_scores_per_expansion=1.814634 stage2_migrations=4044 home_match_rate=0.843903 stage2_final_edges=1475829 stage2_cross_edges_stage1_home=329811 stage2_cross_edges_final_home=253596 cross_edge_reduction_ratio=0.231087 failed=0 rpc_timeouts=0 reverse_aggregate_batches=0 reverse_aggregate_logical_requests=0 reverse_aggregate_ops=0 avg_reverse_aggregate_logicals=0.000000 avg_reverse_aggregate_ops=0.000000 max_backlog=32537 admission_window=65536 completion_outstanding=33049 completion_incomplete=32921 completed_behind_hole=128 completion_logical_full_failures=0 completion_physical_full_failures=0 pressure_yields=603535 stage2_batches=3295 avg_stage2_batch_size=7.979059 packing_target_batch=8 packing_admit_queue_avg=11110.383308 packing_admit_queue_max=32533 packing_batch_1_7=24 packing_batch_8=3271 packing_assembly_batches=3295 packing_assembly_wait_ms=63064464.065004 packing_arrival_interval_us=2486 packing_waited_batches=24 packing_wait_ms=334.698000 packing_target_flushes=3271 packing_deadline_flushes=24 packing_cleanup_flushes=0 stage2_phase_search_attempts=3255 stage2_phase_search_task_attempts=25971 stage2_phase_search_elapsed_ms=3701414.619639 avg_stage2_phase_search_us_per_task=142521.066560 stage2_phase_freeze_prune_attempts=3778 stage2_phase_freeze_prune_task_attempts=30154 stage2_phase_freeze_prune_elapsed_ms=137779.407160 avg_stage2_phase_freeze_prune_us_per_task=4569.191721 stage2_phase_reverse_prepare_attempts=3247 stage2_phase_reverse_prepare_task_attempts=25907 stage2_phase_reverse_prepare_elapsed_ms=700053.746499 avg_stage2_phase_reverse_prepare_us_per_task=27021.798993 stage2_phase_placement_authority_attempts=3247 stage2_phase_placement_authority_task_attempts=25907 stage2_phase_placement_authority_elapsed_ms=186124.870055 avg_stage2_phase_placement_authority_us_per_task=7184.346704 stage2_phase_completion_handoff_attempts=3247 stage2_phase_completion_handoff_task_attempts=25907 stage2_phase_completion_handoff_elapsed_ms=9.129458 avg_stage2_phase_completion_handoff_us_per_task=0.352393 stage2_phase_finalize_attempts=3247 stage2_phase_finalize_task_attempts=25907 stage2_phase_finalize_elapsed_ms=43.123259 avg_stage2_phase_finalize_us_per_task=1.664541 maintenance_worker_idle_waits=446016 maintenance_worker_idle_ms=258995.456986 maintenance_lost_wake_avoided=76927 maintenance_targeted_wakes=1437832 maintenance_generic_wakes=32414 maintenance_broadcast_wakes=0 maintenance_context_slots_scanned=4983168 maintenance_ready_notifications=642500 maintenance_ready_stale_notifications=108 maintenance_ready_tickets_drained=473992 maintenance_ready_overflow_scans=0 maintenance_ready_fallback_scans=311650 stage2_search_lane_lease_limit=32 stage2_search_lane_lease_peak=32 stage2_search_lane_lease_blocked=1008 maintenance_worker_observed_idle_ratio=0.308168 maintenance_worker_observed_busy_ratio=0.691832 physical_stage1_items=58834 physical_stage1_total_ns=252770664213 physical_stage1_search_ns=230377260445 physical_stage1_prune_ns=15346848917 physical_stage1_allocate_write_ns=5223809819 physical_stage1_backlink_ns=1131017243 physical_stage1_candidates=7527280 physical_stage1_remote_frontier_items=54337800 physical_stage1_neighbors=3252287 peer_stage1_enqueued=47612 peer_stage1_processed=47579 peer_stage1_items=94198 avg_peer_stage1_items=1.979823 peer_stage1_rate_per_sec=896.659188 peer_stage1_max_queue=47 peer_stage1_active_workers=3 peer_stage2_home_enqueued=155339 peer_stage2_home_processed=155339 peer_stage2_home_items=21126595 avg_peer_stage2_home_items=136.003161 peer_stage2_home_max_queue=37 peer_stage2_home_response_queue_drops=0 peer_stage2_home_response_send_wait_ms=9452.410686 avg_peer_stage2_home_queue_wait_us=131.997610 avg_peer_stage2_home_execution_us=72.143614 peer_stage1_release_deferred_batches=45 peer_stage1_release_deferred_items=64 peer_stage1_duplicate_retry_responses=0 peer_stage1_admission_retry_responses=0 peer_stage1_retry_response_drops=0 peer_stage1_admission_waiters=0 peer_stage1_admission_waiter_items=0 peer_stage1_admission_owned_items=0 peer_stage1_admission_wake_coverage=0 peer_stage1_admission_parked=0 peer_stage1_admission_woken=0 peer_stage1_admission_reparked=0 peer_stage1_max_admission_waiters=0 peer_stage1_duplicate_coalesced=4 peer_reverse_enqueued=10857 peer_reverse_processed=10841 peer_reverse_remaining=16 peer_reverse_items_enqueued=227446 peer_reverse_items_processed=226963 peer_reverse_rate_per_sec=2160.432910 peer_reverse_failed=0 peer_reverse_max_queue=97 reclaim_pending=11 reclaim_reused=4033 dynamic_high_watermark=21154637744 stage2_remaining=32537 cleanup_remaining=0 active_contexts=48 active_context_limit=48 repair_remaining=0 remaining=32921
[STATUS]: storage-owner maintenance observation: enqueued=61969 stage2_enqueued=61969 cleanup_enqueued=0 stage2_tasks_done=26891 stage2_finalized_live=26891 cleanup_processed=0 stale=0 stage2_completion_ratio=0.433943 live_stage2_completion_ratio=0.433943 avg_stage2_delay_ms=21465.815739 p99_stage2_delay_upper_ms=30000.000000 p99_stage2_delay_over_30s=true stage2_delay_histogram=0,0,0,0,0,0,6,13,13,43,227,465,1719,1517,3952,6008,4367,8561 max_stage2_delay_ms=58366.448688 compaction_batch_target=32 compaction_max_delay_ms=25.000000 stage2_rate_per_sec=244.342605 stage1_search_budget_exhausted=0 stage2_search_budget_exhausted=0 stage2_continuations=27275 stage2_remote_frontier_items=25078403 avg_stage2_remote_frontier=919.464821 stage2_remote_expansions=870787 avg_stage2_remote_expansions=31.926196 stage2_scored_candidates=48945599 avg_stage2_scored_candidates=1794.522420 stage2_graph_read_waves=133901 avg_stage2_expansions_per_graph_wave=6.503215 stage2_graph_unique_reads=893789 stage2_graph_prefetch_issued=703718 stage2_graph_prefetch_hits=684878 stage2_graph_prefetch_wasted=18101 stage2_graph_prefetch_promotion_ratio=0.974251 stage2_graph_issue_width_current=16 stage2_vector_read_waves=309330 avg_stage2_scores_per_vector_wave=158.231012 stage2_vector_unique_reads=27280468 stage2_home_rpc_batches=212813 stage2_home_rpc_items=25466827 avg_stage2_home_rpc_batch=119.667628 stage2_home_score_rpc_batches=100622 stage2_home_score_rpc_items=24573064 stage2_home_score_rpc_queries=523243 stage2_home_score_rpc_request_bytes=663543144 stage2_home_score_rpc_response_bytes=790925336 avg_stage2_home_score_queries_per_rpc=5.200085 avg_stage2_home_score_rpc_batch=244.211644 stage2_home_scored_neighbors=46237385 home_scores_per_expansion=1.815593 stage2_migrations=4180 home_match_rate=0.844558 stage2_final_edges=1533313 stage2_cross_edges_stage1_home=341689 stage2_cross_edges_final_home=262862 cross_edge_reduction_ratio=0.230698 failed=0 rpc_timeouts=0 reverse_aggregate_batches=0 reverse_aggregate_logical_requests=0 reverse_aggregate_ops=0 avg_reverse_aggregate_logicals=0.000000 avg_reverse_aggregate_ops=0.000000 max_backlog=34704 admission_window=65536 completion_outstanding=35598 completion_incomplete=35078 completed_behind_hole=520 completion_logical_full_failures=0 completion_physical_full_failures=0 pressure_yields=630883 stage2_batches=3418 avg_stage2_batch_size=7.979813 packing_target_batch=8 packing_admit_queue_avg=11920.870977 packing_admit_queue_max=34704 packing_batch_1_7=24 packing_batch_8=3394 packing_assembly_batches=3418 packing_assembly_wait_ms=69912709.958478 packing_arrival_interval_us=1354 packing_waited_batches=24 packing_wait_ms=334.698000 packing_target_flushes=3394 packing_deadline_flushes=24 packing_cleanup_flushes=0 stage2_phase_search_attempts=3379 stage2_phase_search_task_attempts=26963 stage2_phase_search_elapsed_ms=3906291.737631 avg_stage2_phase_search_us_per_task=144876.005549 stage2_phase_freeze_prune_attempts=3937 stage2_phase_freeze_prune_task_attempts=31426 stage2_phase_freeze_prune_elapsed_ms=144348.312864 avg_stage2_phase_freeze_prune_us_per_task=4593.276677 stage2_phase_reverse_prepare_attempts=3372 stage2_phase_reverse_prepare_task_attempts=26907 stage2_phase_reverse_prepare_elapsed_ms=728487.829891 avg_stage2_phase_reverse_prepare_us_per_task=27074.286613 stage2_phase_placement_authority_attempts=3370 stage2_phase_placement_authority_task_attempts=26891 stage2_phase_placement_authority_elapsed_ms=192130.547452 avg_stage2_phase_placement_authority_us_per_task=7144.789984 stage2_phase_completion_handoff_attempts=3370 stage2_phase_completion_handoff_task_attempts=26891 stage2_phase_completion_handoff_elapsed_ms=9.511001 avg_stage2_phase_completion_handoff_us_per_task=0.353687 stage2_phase_finalize_attempts=3370 stage2_phase_finalize_task_attempts=26891 stage2_phase_finalize_elapsed_ms=44.882952 avg_stage2_phase_finalize_us_per_task=1.669070 maintenance_worker_idle_waits=466496 maintenance_worker_idle_ms=271530.724067 maintenance_lost_wake_avoided=80237 maintenance_targeted_wakes=1494748 maintenance_generic_wakes=34131 maintenance_broadcast_wakes=0 maintenance_context_slots_scanned=5210288 maintenance_ready_notifications=666108 maintenance_ready_stale_notifications=112 maintenance_ready_tickets_drained=491187 maintenance_ready_overflow_scans=0 maintenance_ready_fallback_scans=325740 stage2_search_lane_lease_limit=32 stage2_search_lane_lease_peak=32 stage2_search_lane_lease_blocked=1008 maintenance_worker_observed_idle_ratio=0.308405 maintenance_worker_observed_busy_ratio=0.691595 physical_stage1_items=61971 physical_stage1_total_ns=266675823585 physical_stage1_search_ns=242976953509 physical_stage1_prune_ns=16205978513 physical_stage1_allocate_write_ns=5558354420 physical_stage1_backlink_ns=1206717815 physical_stage1_candidates=7928557 physical_stage1_remote_frontier_items=57279782 physical_stage1_neighbors=3430863 peer_stage1_enqueued=50013 peer_stage1_processed=49966 peer_stage1_items=99113 avg_peer_stage1_items=1.983609 peer_stage1_rate_per_sec=900.581183 peer_stage1_max_queue=47 peer_stage1_active_workers=3 peer_stage2_home_enqueued=162032 peer_stage2_home_processed=162025 peer_stage2_home_items=21954387 avg_peer_stage2_home_items=135.499997 peer_stage2_home_max_queue=37 peer_stage2_home_response_queue_drops=0 peer_stage2_home_response_send_wait_ms=9921.697937 avg_peer_stage2_home_queue_wait_us=131.890796 avg_peer_stage2_home_execution_us=71.924215 peer_stage1_release_deferred_batches=46 peer_stage1_release_deferred_items=67 peer_stage1_duplicate_retry_responses=0 peer_stage1_admission_retry_responses=0 peer_stage1_retry_response_drops=0 peer_stage1_admission_waiters=0 peer_stage1_admission_waiter_items=0 peer_stage1_admission_owned_items=0 peer_stage1_admission_wake_coverage=0 peer_stage1_admission_parked=0 peer_stage1_admission_woken=0 peer_stage1_admission_reparked=0 peer_stage1_max_admission_waiters=0 peer_stage1_duplicate_coalesced=4 peer_reverse_enqueued=11399 peer_reverse_processed=11395 peer_reverse_remaining=4 peer_reverse_items_enqueued=237762 peer_reverse_items_processed=237728 peer_reverse_rate_per_sec=2160.093665 peer_reverse_failed=0 peer_reverse_max_queue=97 reclaim_pending=66 reclaim_reused=4114 dynamic_high_watermark=21157932464 stage2_remaining=34694 cleanup_remaining=0 active_contexts=48 active_context_limit=48 repair_remaining=0 remaining=35078
[STATUS]: storage-owner maintenance observation: enqueued=64897 stage2_enqueued=64897 cleanup_enqueued=0 stage2_tasks_done=27971 stage2_finalized_live=27971 cleanup_processed=0 stale=0 stage2_completion_ratio=0.431006 live_stage2_completion_ratio=0.431006 avg_stage2_delay_ms=22932.007900 p99_stage2_delay_upper_ms=30000.000000 p99_stage2_delay_over_30s=true stage2_delay_histogram=0,0,0,0,0,0,6,13,13,43,227,465,1719,1517,3952,6008,4367,9641 max_stage2_delay_ms=61270.362999 compaction_batch_target=32 compaction_max_delay_ms=25.000000 stage2_rate_per_sec=243.110586 stage1_search_budget_exhausted=0 stage2_search_budget_exhausted=0 stage2_continuations=28355 stage2_remote_frontier_items=26054257 avg_stage2_remote_frontier=918.859355 stage2_remote_expansions=905905 avg_stage2_remote_expansions=31.948686 stage2_scored_candidates=50872243 avg_stage2_scored_candidates=1794.118956 stage2_graph_read_waves=139234 avg_stage2_expansions_per_graph_wave=6.506349 stage2_graph_unique_reads=930018 stage2_graph_prefetch_issued=732513 stage2_graph_prefetch_hits=712732 stage2_graph_prefetch_wasted=18841 stage2_graph_prefetch_promotion_ratio=0.974246 stage2_graph_issue_width_current=16 stage2_vector_read_waves=322129 avg_stage2_scores_per_vector_wave=157.925064 stage2_vector_unique_reads=28352367 stage2_home_rpc_batches=220810 stage2_home_rpc_items=26471101 avg_stage2_home_rpc_batch=119.881803 stage2_home_score_rpc_batches=104651 stage2_home_score_rpc_items=25541088 stage2_home_score_rpc_queries=543389 stage2_home_score_rpc_request_bytes=689704264 stage2_home_score_rpc_response_bytes=822106576 avg_stage2_home_score_queries_per_rpc=5.192392 avg_stage2_home_score_rpc_batch=244.059665 stage2_home_scored_neighbors=48057171 home_scores_per_expansion=1.815458 stage2_migrations=4337 home_match_rate=0.844947 stage2_final_edges=1590696 stage2_cross_edges_stage1_home=354152 stage2_cross_edges_final_home=272365 cross_edge_reduction_ratio=0.230938 failed=0 rpc_timeouts=0 reverse_aggregate_batches=0 reverse_aggregate_logical_requests=0 reverse_aggregate_ops=0 avg_reverse_aggregate_logicals=0.000000 avg_reverse_aggregate_ops=0.000000 max_backlog=36550 admission_window=65536 completion_outstanding=37062 completion_incomplete=36926 completed_behind_hole=136 completion_logical_full_failures=0 completion_physical_full_failures=0 pressure_yields=662477 stage2_batches=3553 avg_stage2_batch_size=7.980580 packing_target_batch=8 packing_admit_queue_avg=12821.037996 packing_admit_queue_max=36550 packing_batch_1_7=24 packing_batch_8=3529 packing_assembly_batches=3553 packing_assembly_wait_ms=77862939.975658 packing_arrival_interval_us=1937 packing_waited_batches=24 packing_wait_ms=334.698000 packing_target_flushes=3529 packing_deadline_flushes=24 packing_cleanup_flushes=0 stage2_phase_search_attempts=3520 stage2_phase_search_task_attempts=28091 stage2_phase_search_elapsed_ms=4103451.207808 avg_stage2_phase_search_us_per_task=146077.078346 stage2_phase_freeze_prune_attempts=4106 stage2_phase_freeze_prune_task_attempts=32778 stage2_phase_freeze_prune_elapsed_ms=152266.835081 avg_stage2_phase_freeze_prune_us_per_task=4645.397373 stage2_phase_reverse_prepare_attempts=3511 stage2_phase_reverse_prepare_task_attempts=28019 stage2_phase_reverse_prepare_elapsed_ms=756173.451356 avg_stage2_phase_reverse_prepare_us_per_task=26987.881486 stage2_phase_placement_authority_attempts=3505 stage2_phase_placement_authority_task_attempts=27971 stage2_phase_placement_authority_elapsed_ms=199014.221800 avg_stage2_phase_placement_authority_us_per_task=7115.019906 stage2_phase_completion_handoff_attempts=3505 stage2_phase_completion_handoff_task_attempts=27971 stage2_phase_completion_handoff_elapsed_ms=9.914646 avg_stage2_phase_completion_handoff_us_per_task=0.354462 stage2_phase_finalize_attempts=3505 stage2_phase_finalize_task_attempts=27971 stage2_phase_finalize_elapsed_ms=46.790579 avg_stage2_phase_finalize_us_per_task=1.672825 maintenance_worker_idle_waits=489728 maintenance_worker_idle_ms=283380.333058 maintenance_lost_wake_avoided=83952 maintenance_targeted_wakes=1557595 maintenance_generic_wakes=35761 maintenance_broadcast_wakes=0 maintenance_context_slots_scanned=5461952 maintenance_ready_notifications=692803 maintenance_ready_stale_notifications=116 maintenance_ready_tickets_drained=511457 maintenance_ready_overflow_scans=0 maintenance_ready_fallback_scans=341472 stage2_search_lane_lease_limit=32 stage2_search_lane_lease_peak=32 stage2_search_lane_lease_blocked=1008 maintenance_worker_observed_idle_ratio=0.307876 maintenance_worker_observed_busy_ratio=0.692124 physical_stage1_items=64901 physical_stage1_total_ns=279485464948 physical_stage1_search_ns=254705898964 physical_stage1_prune_ns=16963540405 physical_stage1_allocate_write_ns=5790865130 physical_stage1_backlink_ns=1263537840 physical_stage1_candidates=8303359 physical_stage1_remote_frontier_items=60097090 physical_stage1_neighbors=3592992 peer_stage1_enqueued=52550 peer_stage1_processed=52539 peer_stage1_items=103976 avg_peer_stage1_items=1.979025 peer_stage1_rate_per_sec=903.709781 peer_stage1_max_queue=47 peer_stage1_active_workers=3 peer_stage2_home_enqueued=169129 peer_stage2_home_processed=169129 peer_stage2_home_items=22986199 avg_peer_stage2_home_items=135.909270 peer_stage2_home_max_queue=37 peer_stage2_home_response_queue_drops=0 peer_stage2_home_response_send_wait_ms=10358.132111 avg_peer_stage2_home_queue_wait_us=132.645747 avg_peer_stage2_home_execution_us=71.921054 peer_stage1_release_deferred_batches=53 peer_stage1_release_deferred_items=75 peer_stage1_duplicate_retry_responses=0 peer_stage1_admission_retry_responses=0 peer_stage1_retry_response_drops=0 peer_stage1_admission_waiters=0 peer_stage1_admission_waiter_items=0 peer_stage1_admission_owned_items=0 peer_stage1_admission_wake_coverage=0 peer_stage1_admission_parked=0 peer_stage1_admission_woken=0 peer_stage1_admission_reparked=0 peer_stage1_max_admission_waiters=0 peer_stage1_duplicate_coalesced=5 peer_reverse_enqueued=11817 peer_reverse_processed=11801 peer_reverse_remaining=16 peer_reverse_items_enqueued=249070 peer_reverse_items_processed=248617 peer_reverse_rate_per_sec=2160.860339 peer_reverse_failed=0 peer_reverse_max_queue=97 reclaim_pending=13 reclaim_reused=4324 dynamic_high_watermark=21160845504 stage2_remaining=36542 cleanup_remaining=0 active_contexts=48 active_context_limit=48 repair_remaining=0 remaining=36926
[STATUS]: storage-owner maintenance observation: enqueued=67954 stage2_enqueued=67954 cleanup_enqueued=0 stage2_tasks_done=28979 stage2_finalized_live=28979 cleanup_processed=0 stale=0 stage2_completion_ratio=0.426450 live_stage2_completion_ratio=0.426450 avg_stage2_delay_ms=24323.239954 p99_stage2_delay_upper_ms=30000.000000 p99_stage2_delay_over_30s=true stage2_delay_histogram=0,0,0,0,0,0,6,13,13,43,227,465,1719,1517,3952,6008,4367,10649 max_stage2_delay_ms=65350.267238 compaction_batch_target=32 compaction_max_delay_ms=25.000000 stage2_rate_per_sec=241.380521 stage1_search_budget_exhausted=0 stage2_search_budget_exhausted=0 stage2_continuations=29363 stage2_remote_frontier_items=27045988 avg_stage2_remote_frontier=921.090760 stage2_remote_expansions=938207 avg_stage2_remote_expansions=31.952014 stage2_scored_candidates=52800951 avg_stage2_scored_candidates=1798.213772 stage2_graph_read_waves=144150 avg_stage2_expansions_per_graph_wave=6.508547 stage2_graph_unique_reads=962709 stage2_graph_prefetch_issued=758324 stage2_graph_prefetch_hits=738054 stage2_graph_prefetch_wasted=19546 stage2_graph_prefetch_promotion_ratio=0.974200 stage2_graph_issue_width_current=16 stage2_vector_read_waves=334004 avg_stage2_scores_per_vector_wave=158.084786 stage2_vector_unique_reads=29423983 stage2_home_rpc_batches=228394 stage2_home_rpc_items=27478414 avg_stage2_home_rpc_batch=120.311453 stage2_home_score_rpc_batches=108690 stage2_home_score_rpc_items=26515706 stage2_home_score_rpc_queries=564508 stage2_home_score_rpc_request_bytes=716132952 stage2_home_score_rpc_response_bytes=853495040 avg_stage2_home_score_queries_per_rpc=5.193744 avg_stage2_home_score_rpc_batch=243.957181 stage2_home_scored_neighbors=49889340 home_scores_per_expansion=1.815583 stage2_migrations=4492 home_match_rate=0.844991 stage2_final_edges=1651358 stage2_cross_edges_stage1_home=367701 stage2_cross_edges_final_home=282924 cross_edge_reduction_ratio=0.230560 failed=0 rpc_timeouts=0 reverse_aggregate_batches=0 reverse_aggregate_logical_requests=0 reverse_aggregate_ops=0 avg_reverse_aggregate_logicals=0.000000 avg_reverse_aggregate_ops=0.000000 max_backlog=38591 admission_window=65536 completion_outstanding=39167 completion_incomplete=38975 completed_behind_hole=192 completion_logical_full_failures=0 completion_physical_full_failures=0 pressure_yields=691421 stage2_batches=3679 avg_stage2_batch_size=7.981245 packing_target_batch=8 packing_admit_queue_avg=13667.283773 packing_admit_queue_max=38517 packing_batch_1_7=24 packing_batch_8=3655 packing_assembly_batches=3679 packing_assembly_wait_ms=85718642.983993 packing_arrival_interval_us=1743 packing_waited_batches=24 packing_wait_ms=334.698000 packing_target_flushes=3655 packing_deadline_flushes=24 packing_cleanup_flushes=0 stage2_phase_search_attempts=3645 stage2_phase_search_task_attempts=29091 stage2_phase_search_elapsed_ms=4299319.968331 avg_stage2_phase_search_us_per_task=147788.662072 stage2_phase_freeze_prune_attempts=4242 stage2_phase_freeze_prune_task_attempts=33866 stage2_phase_freeze_prune_elapsed_ms=159501.436850 avg_stage2_phase_freeze_prune_us_per_task=4709.780808 stage2_phase_reverse_prepare_attempts=3632 stage2_phase_reverse_prepare_task_attempts=28987 stage2_phase_reverse_prepare_elapsed_ms=784347.855850 avg_stage2_phase_reverse_prepare_us_per_task=27058.607509 stage2_phase_placement_authority_attempts=3631 stage2_phase_placement_authority_task_attempts=28979 stage2_phase_placement_authority_elapsed_ms=205194.582860 avg_stage2_phase_placement_authority_us_per_task=7080.802749 stage2_phase_completion_handoff_attempts=3631 stage2_phase_completion_handoff_task_attempts=28979 stage2_phase_completion_handoff_elapsed_ms=10.291435 avg_stage2_phase_completion_handoff_us_per_task=0.355134 stage2_phase_finalize_attempts=3631 stage2_phase_finalize_task_attempts=28979 stage2_phase_finalize_elapsed_ms=48.619918 avg_stage2_phase_finalize_us_per_task=1.677764 maintenance_worker_idle_waits=511040 maintenance_worker_idle_ms=295542.681492 maintenance_lost_wake_avoided=87439 maintenance_targeted_wakes=1619567 maintenance_generic_wakes=37437 maintenance_broadcast_wakes=0 maintenance_context_slots_scanned=5701344 maintenance_ready_notifications=718364 maintenance_ready_stale_notifications=119 maintenance_ready_tickets_drained=530186 maintenance_ready_overflow_scans=0 maintenance_ready_fallback_scans=356539 stage2_search_lane_lease_limit=32 stage2_search_lane_lease_peak=32 stage2_search_lane_lease_blocked=1008 maintenance_worker_observed_idle_ratio=0.307715 maintenance_worker_observed_busy_ratio=0.692285 physical_stage1_items=67957 physical_stage1_total_ns=293078286538 physical_stage1_search_ns=267131752462 physical_stage1_prune_ns=17785786115 physical_stage1_allocate_write_ns=6033672364 physical_stage1_backlink_ns=1330407288 physical_stage1_candidates=8694370 physical_stage1_remote_frontier_items=62909001 physical_stage1_neighbors=3765465 peer_stage1_enqueued=54938 peer_stage1_processed=54894 peer_stage1_items=108725 avg_peer_stage1_items=1.980635 peer_stage1_rate_per_sec=905.624665 peer_stage1_max_queue=47 peer_stage1_active_workers=3 peer_stage2_home_enqueued=176884 peer_stage2_home_processed=176884 peer_stage2_home_items=24050793 avg_peer_stage2_home_items=135.969296 peer_stage2_home_max_queue=37 peer_stage2_home_response_queue_drops=0 peer_stage2_home_response_send_wait_ms=10969.765988 avg_peer_stage2_home_queue_wait_us=134.111695 avg_peer_stage2_home_execution_us=71.839648 peer_stage1_release_deferred_batches=53 peer_stage1_release_deferred_items=75 peer_stage1_duplicate_retry_responses=0 peer_stage1_admission_retry_responses=0 peer_stage1_retry_response_drops=0 peer_stage1_admission_waiters=0 peer_stage1_admission_waiter_items=0 peer_stage1_admission_owned_items=0 peer_stage1_admission_wake_coverage=0 peer_stage1_admission_parked=0 peer_stage1_admission_woken=0 peer_stage1_admission_reparked=0 peer_stage1_max_admission_waiters=0 peer_stage1_duplicate_coalesced=5 peer_reverse_enqueued=12370 peer_reverse_processed=12338 peer_reverse_remaining=32 peer_reverse_items_enqueued=261211 peer_reverse_items_processed=260824 peer_reverse_rate_per_sec=2172.532974 peer_reverse_failed=0 peer_reverse_max_queue=97 reclaim_pending=19 reclaim_reused=4473 dynamic_high_watermark=21163976944 stage2_remaining=38591 cleanup_remaining=0 active_contexts=48 active_context_limit=48 repair_remaining=0 remaining=38975
[STATUS]: storage-owner maintenance observation: enqueued=70938 stage2_enqueued=70938 cleanup_enqueued=0 stage2_tasks_done=30115 stage2_finalized_live=30115 cleanup_processed=0 stale=0 stage2_completion_ratio=0.424526 live_stage2_completion_ratio=0.424526 avg_stage2_delay_ms=25899.709510 p99_stage2_delay_upper_ms=30000.000000 p99_stage2_delay_over_30s=true stage2_delay_histogram=0,0,0,0,0,0,6,13,13,43,227,465,1719,1517,3952,6008,4367,11785 max_stage2_delay_ms=68263.233596 compaction_batch_target=32 compaction_max_delay_ms=25.000000 stage2_rate_per_sec=240.813417 stage1_search_budget_exhausted=0 stage2_search_budget_exhausted=0 stage2_continuations=30499 stage2_remote_frontier_items=28098526 avg_stage2_remote_frontier=921.293354 stage2_remote_expansions=970242 avg_stage2_remote_expansions=31.812256 stage2_scored_candidates=54655869 avg_stage2_scored_candidates=1792.054461 stage2_graph_read_waves=148880 avg_stage2_expansions_per_graph_wave=6.516940 stage2_graph_unique_reads=992980 stage2_graph_prefetch_issued=782179 stage2_graph_prefetch_hits=761521 stage2_graph_prefetch_wasted=20203 stage2_graph_prefetch_promotion_ratio=0.974156 stage2_graph_issue_width_current=16 stage2_vector_read_waves=345861 avg_stage2_scores_per_vector_wave=158.028425 stage2_vector_unique_reads=30485700 stage2_home_rpc_batches=236421 stage2_home_rpc_items=28468064 avg_stage2_home_rpc_batch=120.412586 stage2_home_score_rpc_batches=112678 stage2_home_score_rpc_items=27475098 stage2_home_score_rpc_queries=585002 stage2_home_score_rpc_request_bytes=742075928 stage2_home_score_rpc_response_bytes=884384200 avg_stage2_home_score_queries_per_rpc=5.191803 avg_stage2_home_score_rpc_batch=243.837289 stage2_home_scored_neighbors=51647219 home_scores_per_expansion=1.814216 stage2_migrations=4645 home_match_rate=0.845758 stage2_final_edges=1721329 stage2_cross_edges_stage1_home=382204 stage2_cross_edges_final_home=294337 cross_edge_reduction_ratio=0.229896 failed=0 rpc_timeouts=0 reverse_aggregate_batches=0 reverse_aggregate_logical_requests=0 reverse_aggregate_ops=0 avg_reverse_aggregate_logicals=0.000000 avg_reverse_aggregate_ops=0.000000 max_backlog=40439 admission_window=65536 completion_outstanding=41127 completion_incomplete=40823 completed_behind_hole=304 completion_logical_full_failures=0 completion_physical_full_failures=0 pressure_yields=717074 stage2_batches=3821 avg_stage2_batch_size=7.981942 packing_target_batch=8 packing_admit_queue_avg=14623.932217 packing_admit_queue_max=40437 packing_batch_1_7=24 packing_batch_8=3797 packing_assembly_batches=3821 packing_assembly_wait_ms=95022656.407122 packing_arrival_interval_us=2378 packing_waited_batches=24 packing_wait_ms=334.698000 packing_target_flushes=3797 packing_deadline_flushes=24 packing_cleanup_flushes=0 stage2_phase_search_attempts=3779 stage2_phase_search_task_attempts=30163 stage2_phase_search_elapsed_ms=4467410.947794 avg_stage2_phase_search_us_per_task=148108.972841 stage2_phase_freeze_prune_attempts=4397 stage2_phase_freeze_prune_task_attempts=35106 stage2_phase_freeze_prune_elapsed_ms=165847.418493 avg_stage2_phase_freeze_prune_us_per_task=4724.190124 stage2_phase_reverse_prepare_attempts=3775 stage2_phase_reverse_prepare_task_attempts=30131 stage2_phase_reverse_prepare_elapsed_ms=827389.731962 avg_stage2_phase_reverse_prepare_us_per_task=27459.750156 stage2_phase_placement_authority_attempts=3773 stage2_phase_placement_authority_task_attempts=30115 stage2_phase_placement_authority_elapsed_ms=218112.341892 avg_stage2_phase_placement_authority_us_per_task=7242.647913 stage2_phase_completion_handoff_attempts=3773 stage2_phase_completion_handoff_task_attempts=30115 stage2_phase_completion_handoff_elapsed_ms=10.722389 avg_stage2_phase_completion_handoff_us_per_task=0.356048 stage2_phase_finalize_attempts=3773 stage2_phase_finalize_task_attempts=30115 stage2_phase_finalize_elapsed_ms=50.644900 avg_stage2_phase_finalize_us_per_task=1.681717 maintenance_worker_idle_waits=529472 maintenance_worker_idle_ms=304765.947816 maintenance_lost_wake_avoided=90075 maintenance_targeted_wakes=1670653 maintenance_generic_wakes=39064 maintenance_broadcast_wakes=0 maintenance_context_slots_scanned=5885792 maintenance_ready_notifications=743516 maintenance_ready_stale_notifications=126 maintenance_ready_tickets_drained=548710 maintenance_ready_overflow_scans=0 maintenance_ready_fallback_scans=367962 stage2_search_lane_lease_limit=32 stage2_search_lane_lease_peak=32 stage2_search_lane_lease_blocked=1008 maintenance_worker_observed_idle_ratio=0.304631 maintenance_worker_observed_busy_ratio=0.695369 physical_stage1_items=70942 physical_stage1_total_ns=306533644184 physical_stage1_search_ns=279333137040 physical_stage1_prune_ns=18659856220 physical_stage1_allocate_write_ns=6314982615 physical_stage1_backlink_ns=1393925280 physical_stage1_candidates=9076249 physical_stage1_remote_frontier_items=65813997 physical_stage1_neighbors=3939089 peer_stage1_enqueued=57301 peer_stage1_processed=57254 peer_stage1_items=113523 avg_peer_stage1_items=1.982796 peer_stage1_rate_per_sec=907.782219 peer_stage1_max_queue=47 peer_stage1_active_workers=3 peer_stage2_home_enqueued=184428 peer_stage2_home_processed=184420 peer_stage2_home_items=25112037 avg_peer_stage2_home_items=136.167645 peer_stage2_home_max_queue=37 peer_stage2_home_response_queue_drops=0 peer_stage2_home_response_send_wait_ms=11379.515494 avg_peer_stage2_home_queue_wait_us=134.261976 avg_peer_stage2_home_execution_us=71.780304 peer_stage1_release_deferred_batches=57 peer_stage1_release_deferred_items=79 peer_stage1_duplicate_retry_responses=0 peer_stage1_admission_retry_responses=0 peer_stage1_retry_response_drops=0 peer_stage1_admission_waiters=0 peer_stage1_admission_waiter_items=0 peer_stage1_admission_owned_items=0 peer_stage1_admission_wake_coverage=0 peer_stage1_admission_parked=0 peer_stage1_admission_woken=0 peer_stage1_admission_reparked=0 peer_stage1_max_admission_waiters=0 peer_stage1_duplicate_coalesced=5 peer_reverse_enqueued=12845 peer_reverse_processed=12821 peer_reverse_remaining=24 peer_reverse_items_enqueued=271624 peer_reverse_items_processed=271143 peer_reverse_rate_per_sec=2168.184370 peer_reverse_failed=0 peer_reverse_max_queue=97 reclaim_pending=29 reclaim_reused=4616 dynamic_high_watermark=21167036624 stage2_remaining=40439 cleanup_remaining=0 active_contexts=48 active_context_limit=48 repair_remaining=0 remaining=40823
[STATUS]: storage-owner maintenance observation: enqueued=73703 stage2_enqueued=73703 cleanup_enqueued=0 stage2_tasks_done=31187 stage2_finalized_live=31187 cleanup_processed=0 stale=0 stage2_completion_ratio=0.423144 live_stage2_completion_ratio=0.423144 avg_stage2_delay_ms=27396.926867 p99_stage2_delay_upper_ms=30000.000000 p99_stage2_delay_over_30s=true stage2_delay_histogram=0,0,0,0,0,0,6,13,13,43,227,465,1719,1517,3952,6008,4367,12857 max_stage2_delay_ms=71359.094790 compaction_batch_target=32 compaction_max_delay_ms=25.000000 stage2_rate_per_sec=239.797933 stage1_search_budget_exhausted=0 stage2_search_budget_exhausted=0 stage2_continuations=31571 stage2_remote_frontier_items=29088285 avg_stage2_remote_frontier=921.360901 stage2_remote_expansions=1004860 avg_stage2_remote_expansions=31.828577 stage2_scored_candidates=56715381 avg_stage2_scored_candidates=1796.439169 stage2_graph_read_waves=154610 avg_stage2_expansions_per_graph_wave=6.499321 stage2_graph_unique_reads=1031114 stage2_graph_prefetch_issued=812084 stage2_graph_prefetch_hits=790065 stage2_graph_prefetch_wasted=20994 stage2_graph_prefetch_promotion_ratio=0.974115 stage2_graph_issue_width_current=16 stage2_vector_read_waves=358841 avg_stage2_scores_per_vector_wave=158.051563 stage2_vector_unique_reads=31614434 stage2_home_rpc_batches=245209 stage2_home_rpc_items=29531249 avg_stage2_home_rpc_batch=120.432974 stage2_home_score_rpc_batches=116928 stage2_home_score_rpc_items=28500162 stage2_home_score_rpc_queries=606673 stage2_home_score_rpc_request_bytes=769793120 stage2_home_score_rpc_response_bytes=917394952 avg_stage2_home_score_queries_per_rpc=5.188432 avg_stage2_home_score_rpc_batch=243.741123 stage2_home_scored_neighbors=53597742 home_scores_per_expansion=1.814950 stage2_migrations=4816 home_match_rate=0.845577 stage2_final_edges=1779841 stage2_cross_edges_stage1_home=395637 stage2_cross_edges_final_home=304248 cross_edge_reduction_ratio=0.230992 failed=0 rpc_timeouts=0 reverse_aggregate_batches=0 reverse_aggregate_logical_requests=0 reverse_aggregate_ops=0 avg_reverse_aggregate_logicals=0.000000 avg_reverse_aggregate_ops=0.000000 max_backlog=42134 admission_window=65536 completion_outstanding=42708 completion_incomplete=42516 completed_behind_hole=192 completion_logical_full_failures=0 completion_physical_full_failures=0 pressure_yields=748051 stage2_batches=3955 avg_stage2_batch_size=7.982554 packing_target_batch=8 packing_admit_queue_avg=15527.801517 packing_admit_queue_max=42134 packing_batch_1_7=24 packing_batch_8=3931 packing_assembly_batches=3955 packing_assembly_wait_ms=104237232.348981 packing_arrival_interval_us=1844 packing_waited_batches=24 packing_wait_ms=334.698000 packing_target_flushes=3931 packing_deadline_flushes=24 packing_cleanup_flushes=0 stage2_phase_search_attempts=3913 stage2_phase_search_task_attempts=31235 stage2_phase_search_elapsed_ms=4660717.802756 avg_stage2_phase_search_us_per_task=149214.592693 stage2_phase_freeze_prune_attempts=4541 stage2_phase_freeze_prune_task_attempts=36258 stage2_phase_freeze_prune_elapsed_ms=172759.337069 avg_stage2_phase_freeze_prune_us_per_task=4764.723291 stage2_phase_reverse_prepare_attempts=3907 stage2_phase_reverse_prepare_task_attempts=31187 stage2_phase_reverse_prepare_elapsed_ms=859777.506257 avg_stage2_phase_reverse_prepare_us_per_task=27568.458212 stage2_phase_placement_authority_attempts=3907 stage2_phase_placement_authority_task_attempts=31187 stage2_phase_placement_authority_elapsed_ms=226899.418756 avg_stage2_phase_placement_authority_us_per_task=7275.448705 stage2_phase_completion_handoff_attempts=3907 stage2_phase_completion_handoff_task_attempts=31187 stage2_phase_completion_handoff_elapsed_ms=11.132725 avg_stage2_phase_completion_handoff_us_per_task=0.356967 stage2_phase_finalize_attempts=3907 stage2_phase_finalize_task_attempts=31187 stage2_phase_finalize_elapsed_ms=52.621837 avg_stage2_phase_finalize_us_per_task=1.687300 maintenance_worker_idle_waits=552256 maintenance_worker_idle_ms=317228.221003 maintenance_lost_wake_avoided=93946 maintenance_targeted_wakes=1734579 maintenance_generic_wakes=40658 maintenance_broadcast_wakes=0 maintenance_context_slots_scanned=6125296 maintenance_ready_notifications=770958 maintenance_ready_stale_notifications=130 maintenance_ready_tickets_drained=569495 maintenance_ready_overflow_scans=0 maintenance_ready_fallback_scans=383040 stage2_search_lane_lease_limit=32 stage2_search_lane_lease_peak=32 stage2_search_lane_lease_blocked=1008 maintenance_worker_observed_idle_ratio=0.304897 maintenance_worker_observed_busy_ratio=0.695103 physical_stage1_items=73704 physical_stage1_total_ns=318419295860 physical_stage1_search_ns=290129505763 physical_stage1_prune_ns=19379218863 physical_stage1_allocate_write_ns=6591590820 physical_stage1_backlink_ns=1454901036 physical_stage1_candidates=9429607 physical_stage1_remote_frontier_items=68342793 physical_stage1_neighbors=4086079 peer_stage1_enqueued=59722 peer_stage1_processed=59675 peer_stage1_items=117896 avg_peer_stage1_items=1.975635 peer_stage1_rate_per_sec=906.506466 peer_stage1_max_queue=47 peer_stage1_active_workers=3 peer_stage2_home_enqueued=191656 peer_stage2_home_processed=191656 peer_stage2_home_items=26147358 avg_peer_stage2_home_items=136.428591 peer_stage2_home_max_queue=37 peer_stage2_home_response_queue_drops=0 peer_stage2_home_response_send_wait_ms=11841.553484 avg_peer_stage2_home_queue_wait_us=133.720969 avg_peer_stage2_home_execution_us=71.895803 peer_stage1_release_deferred_batches=61 peer_stage1_release_deferred_items=89 peer_stage1_duplicate_retry_responses=0 peer_stage1_admission_retry_responses=0 peer_stage1_retry_response_drops=0 peer_stage1_admission_waiters=0 peer_stage1_admission_waiter_items=0 peer_stage1_admission_owned_items=0 peer_stage1_admission_wake_coverage=0 peer_stage1_admission_parked=0 peer_stage1_admission_woken=0 peer_stage1_admission_reparked=0 peer_stage1_max_admission_waiters=0 peer_stage1_duplicate_coalesced=6 peer_reverse_enqueued=13319 peer_reverse_processed=13290 peer_reverse_remaining=29 peer_reverse_items_enqueued=283099 peer_reverse_items_processed=282559 peer_reverse_rate_per_sec=2172.606030 peer_reverse_failed=0 peer_reverse_max_queue=97 reclaim_pending=22 reclaim_reused=4794 dynamic_high_watermark=21169820704 stage2_remaining=42132 cleanup_remaining=0 active_contexts=48 active_context_limit=48 repair_remaining=0 remaining=42516
[STATUS]: storage-owner maintenance observation: enqueued=76665 stage2_enqueued=76665 cleanup_enqueued=0 stage2_tasks_done=32163 stage2_finalized_live=32163 cleanup_processed=0 stale=0 stage2_completion_ratio=0.419527 live_stage2_completion_ratio=0.419527 avg_stage2_delay_ms=28767.423119 p99_stage2_delay_upper_ms=30000.000000 p99_stage2_delay_over_30s=true stage2_delay_histogram=0,0,0,0,0,0,6,13,13,43,227,465,1719,1517,3952,6008,4367,13833 max_stage2_delay_ms=74388.707301 compaction_batch_target=32 compaction_max_delay_ms=25.000000 stage2_rate_per_sec=238.146789 stage1_search_budget_exhausted=0 stage2_search_budget_exhausted=0 stage2_continuations=32547 stage2_remote_frontier_items=30036390 avg_stage2_remote_frontier=922.862015 stage2_remote_expansions=1038384 avg_stage2_remote_expansions=31.904139 stage2_scored_candidates=58690809 avg_stage2_scored_candidates=1803.263250 stage2_graph_read_waves=159907 avg_stage2_expansions_per_graph_wave=6.493674 stage2_graph_unique_reads=1065552 stage2_graph_prefetch_issued=839250 stage2_graph_prefetch_hits=816739 stage2_graph_prefetch_wasted=21678 stage2_graph_prefetch_promotion_ratio=0.974144 stage2_graph_issue_width_current=16 stage2_vector_read_waves=371998 avg_stage2_scores_per_vector_wave=157.771840 stage2_vector_unique_reads=32696470 stage2_home_rpc_batches=253292 stage2_home_rpc_items=30533039 avg_stage2_home_rpc_batch=120.544822 stage2_home_score_rpc_batches=121012 stage2_home_score_rpc_items=29467487 stage2_home_score_rpc_queries=627374 stage2_home_score_rpc_request_bytes=796097296 stage2_home_score_rpc_response_bytes=948579544 avg_stage2_home_score_queries_per_rpc=5.184395 avg_stage2_home_score_rpc_batch=243.508801 stage2_home_scored_neighbors=55457288 home_scores_per_expansion=1.816304 stage2_migrations=4961 home_match_rate=0.845754 stage2_final_edges=1837855 stage2_cross_edges_stage1_home=408325 stage2_cross_edges_final_home=314296 cross_edge_reduction_ratio=0.230280 failed=0 rpc_timeouts=0 reverse_aggregate_batches=0 reverse_aggregate_logical_requests=0 reverse_aggregate_ops=0 avg_reverse_aggregate_logicals=0.000000 avg_reverse_aggregate_ops=0.000000 max_backlog=44127 admission_window=65536 completion_outstanding=44750 completion_incomplete=44502 completed_behind_hole=248 completion_logical_full_failures=0 completion_physical_full_failures=0 pressure_yields=778770 stage2_batches=4077 avg_stage2_batch_size=7.983076 packing_target_batch=8 packing_admit_queue_avg=16354.918568 packing_admit_queue_max=44127 packing_batch_1_7=24 packing_batch_8=4053 packing_assembly_batches=4077 packing_assembly_wait_ms=113018909.851881 packing_arrival_interval_us=2585 packing_waited_batches=24 packing_wait_ms=334.698000 packing_target_flushes=4053 packing_deadline_flushes=24 packing_cleanup_flushes=0 stage2_phase_search_attempts=4044 stage2_phase_search_task_attempts=32283 stage2_phase_search_elapsed_ms=4852331.496683 avg_stage2_phase_search_us_per_task=150306.089790 stage2_phase_freeze_prune_attempts=4691 stage2_phase_freeze_prune_task_attempts=37458 stage2_phase_freeze_prune_elapsed_ms=179153.792724 avg_stage2_phase_freeze_prune_us_per_task=4782.791199 stage2_phase_reverse_prepare_attempts=4033 stage2_phase_reverse_prepare_task_attempts=32195 stage2_phase_reverse_prepare_elapsed_ms=890645.134216 avg_stage2_phase_reverse_prepare_us_per_task=27664.082442 stage2_phase_placement_authority_attempts=4029 stage2_phase_placement_authority_task_attempts=32163 stage2_phase_placement_authority_elapsed_ms=234554.186647 avg_stage2_phase_placement_authority_us_per_task=7292.671288 stage2_phase_completion_handoff_attempts=4029 stage2_phase_completion_handoff_task_attempts=32163 stage2_phase_completion_handoff_elapsed_ms=11.484458 avg_stage2_phase_completion_handoff_us_per_task=0.357070 stage2_phase_finalize_attempts=4029 stage2_phase_finalize_task_attempts=32163 stage2_phase_finalize_elapsed_ms=54.364132 avg_stage2_phase_finalize_us_per_task=1.690269 maintenance_worker_idle_waits=574592 maintenance_worker_idle_ms=328781.268667 maintenance_lost_wake_avoided=97616 maintenance_targeted_wakes=1800598 maintenance_generic_wakes=42274 maintenance_broadcast_wakes=0 maintenance_context_slots_scanned=6380032 maintenance_ready_notifications=798402 maintenance_ready_stale_notifications=134 maintenance_ready_tickets_drained=590060 maintenance_ready_overflow_scans=0 maintenance_ready_fallback_scans=398900 stage2_search_lane_lease_limit=32 stage2_search_lane_lease_peak=32 stage2_search_lane_lease_blocked=1008 maintenance_worker_observed_idle_ratio=0.304302 maintenance_worker_observed_busy_ratio=0.695698 physical_stage1_items=76686 physical_stage1_total_ns=331847241146 physical_stage1_search_ns=302325951135 physical_stage1_prune_ns=20231642414 physical_stage1_allocate_write_ns=6873506689 physical_stage1_backlink_ns=1517283241 physical_stage1_candidates=9811108 physical_stage1_remote_frontier_items=71210697 physical_stage1_neighbors=4262054 peer_stage1_enqueued=62058 peer_stage1_processed=62032 peer_stage1_items=122664 avg_peer_stage1_items=1.977431 peer_stage1_rate_per_sec=908.249781 peer_stage1_max_queue=47 peer_stage1_active_workers=3 peer_stage2_home_enqueued=198592 peer_stage2_home_processed=198592 peer_stage2_home_items=27064108 avg_peer_stage2_home_items=136.279951 peer_stage2_home_max_queue=37 peer_stage2_home_response_queue_drops=0 peer_stage2_home_response_send_wait_ms=12323.423704 avg_peer_stage2_home_queue_wait_us=135.023732 avg_peer_stage2_home_execution_us=71.831398 peer_stage1_release_deferred_batches=61 peer_stage1_release_deferred_items=89 peer_stage1_duplicate_retry_responses=0 peer_stage1_admission_retry_responses=0 peer_stage1_retry_response_drops=0 peer_stage1_admission_waiters=0 peer_stage1_admission_waiter_items=0 peer_stage1_admission_owned_items=0 peer_stage1_admission_wake_coverage=0 peer_stage1_admission_parked=0 peer_stage1_admission_woken=0 peer_stage1_admission_reparked=0 peer_stage1_max_admission_waiters=0 peer_stage1_duplicate_coalesced=6 peer_reverse_enqueued=13840 peer_reverse_processed=13840 peer_reverse_remaining=0 peer_reverse_items_enqueued=293796 peer_reverse_items_processed=293796 peer_reverse_rate_per_sec=2175.374622 peer_reverse_failed=0 peer_reverse_max_queue=97 reclaim_pending=28 reclaim_reused=4933 dynamic_high_watermark=21172882464 stage2_remaining=44118 cleanup_remaining=0 active_contexts=48 active_context_limit=48 repair_remaining=0 remaining=44502
[STATUS]: storage-owner maintenance observation: enqueued=79662 stage2_enqueued=79662 cleanup_enqueued=0 stage2_tasks_done=33283 stage2_finalized_live=33283 cleanup_processed=0 stale=0 stage2_completion_ratio=0.417803 live_stage2_completion_ratio=0.417803 avg_stage2_delay_ms=30356.206634 p99_stage2_delay_upper_ms=30000.000000 p99_stage2_delay_over_30s=true stage2_delay_histogram=0,0,0,0,0,0,6,13,13,43,227,465,1719,1517,3952,6008,4367,14953 max_stage2_delay_ms=78019.979997 compaction_batch_target=32 compaction_max_delay_ms=25.000000 stage2_rate_per_sec=237.620464 stage1_search_budget_exhausted=0 stage2_search_budget_exhausted=0 stage2_continuations=33667 stage2_remote_frontier_items=31049960 avg_stage2_remote_frontier=922.266908 stage2_remote_expansions=1070373 avg_stage2_remote_expansions=31.792943 stage2_scored_candidates=60491977 avg_stage2_scored_candidates=1796.773606 stage2_graph_read_waves=164934 avg_stage2_expansions_per_graph_wave=6.489705 stage2_graph_unique_reads=1096351 stage2_graph_prefetch_issued=863234 stage2_graph_prefetch_hits=840252 stage2_graph_prefetch_wasted=22402 stage2_graph_prefetch_promotion_ratio=0.974031 stage2_graph_issue_width_current=16 stage2_vector_read_waves=383629 avg_stage2_scores_per_vector_wave=157.683535 stage2_vector_unique_reads=33748934 stage2_home_rpc_batches=261066 stage2_home_rpc_items=31519520 avg_stage2_home_rpc_batch=120.733914 stage2_home_score_rpc_batches=124992 stage2_home_score_rpc_items=30423169 stage2_home_score_rpc_queries=647592 stage2_home_score_rpc_request_bytes=821975800 stage2_home_score_rpc_response_bytes=979365576 avg_stage2_home_score_queries_per_rpc=5.181068 avg_stage2_home_score_rpc_batch=243.400930 stage2_home_scored_neighbors=57161677 home_scores_per_expansion=1.813533 stage2_migrations=5107 home_match_rate=0.846558 stage2_final_edges=1900747 stage2_cross_edges_stage1_home=421199 stage2_cross_edges_final_home=324332 cross_edge_reduction_ratio=0.229979 failed=0 rpc_timeouts=0 reverse_aggregate_batches=0 reverse_aggregate_logical_requests=0 reverse_aggregate_ops=0 avg_reverse_aggregate_logicals=0.000000 avg_reverse_aggregate_ops=0.000000 max_backlog=45999 admission_window=65536 completion_outstanding=46675 completion_incomplete=46379 completed_behind_hole=296 completion_logical_full_failures=0 completion_physical_full_failures=0 pressure_yields=809533 stage2_batches=4217 avg_stage2_batch_size=7.983638 packing_target_batch=8 packing_admit_queue_avg=17305.049324 packing_admit_queue_max=45999 packing_batch_1_7=24 packing_batch_8=4193 packing_assembly_batches=4217 packing_assembly_wait_ms=123577467.483779 packing_arrival_interval_us=1613 packing_waited_batches=24 packing_wait_ms=334.698000 packing_target_flushes=4193 packing_deadline_flushes=24 packing_cleanup_flushes=0 stage2_phase_search_attempts=4182 stage2_phase_search_task_attempts=33387 stage2_phase_search_elapsed_ms=5041223.140859 avg_stage2_phase_search_us_per_task=150993.594539 stage2_phase_freeze_prune_attempts=4850 stage2_phase_freeze_prune_task_attempts=38730 stage2_phase_freeze_prune_elapsed_ms=186489.327214 avg_stage2_phase_freeze_prune_us_per_task=4815.113019 stage2_phase_reverse_prepare_attempts=4170 stage2_phase_reverse_prepare_task_attempts=33291 stage2_phase_reverse_prepare_elapsed_ms=921103.607274 avg_stage2_phase_reverse_prepare_us_per_task=27668.246892 stage2_phase_placement_authority_attempts=4169 stage2_phase_placement_authority_task_attempts=33283 stage2_phase_placement_authority_elapsed_ms=241977.794465 avg_stage2_phase_placement_authority_us_per_task=7270.312005 stage2_phase_completion_handoff_attempts=4169 stage2_phase_completion_handoff_task_attempts=33283 stage2_phase_completion_handoff_elapsed_ms=11.896808 avg_stage2_phase_completion_handoff_us_per_task=0.357444 stage2_phase_finalize_attempts=4169 stage2_phase_finalize_task_attempts=33283 stage2_phase_finalize_elapsed_ms=56.295417 avg_stage2_phase_finalize_us_per_task=1.691417 maintenance_worker_idle_waits=597376 maintenance_worker_idle_ms=341851.502095 maintenance_lost_wake_avoided=101276 maintenance_targeted_wakes=1860009 maintenance_generic_wakes=43952 maintenance_broadcast_wakes=0 maintenance_context_slots_scanned=6626832 maintenance_ready_notifications=823542 maintenance_ready_stale_notifications=146 maintenance_ready_tickets_drained=608970 maintenance_ready_overflow_scans=0 maintenance_ready_fallback_scans=414380 stage2_search_lane_lease_limit=32 stage2_search_lane_lease_peak=32 stage2_search_lane_lease_blocked=1008 maintenance_worker_observed_idle_ratio=0.305077 maintenance_worker_observed_busy_ratio=0.694923 physical_stage1_items=79671 physical_stage1_total_ns=345293598149 physical_stage1_search_ns=314568806010 physical_stage1_prune_ns=21063899762 physical_stage1_allocate_write_ns=7151732065 physical_stage1_backlink_ns=1576081540 physical_stage1_candidates=10192970 physical_stage1_remote_frontier_items=74106668 physical_stage1_neighbors=4433340 peer_stage1_enqueued=64652 peer_stage1_processed=64625 peer_stage1_items=127424 avg_peer_stage1_items=1.971745 peer_stage1_rate_per_sec=909.730193 peer_stage1_max_queue=47 peer_stage1_active_workers=3 peer_stage2_home_enqueued=205779 peer_stage2_home_processed=205779 peer_stage2_home_items=28112490 avg_peer_stage2_home_items=136.614961 peer_stage2_home_max_queue=37 peer_stage2_home_response_queue_drops=0 peer_stage2_home_response_send_wait_ms=12788.365312 avg_peer_stage2_home_queue_wait_us=136.480147 avg_peer_stage2_home_execution_us=71.900480 peer_stage1_release_deferred_batches=61 peer_stage1_release_deferred_items=89 peer_stage1_duplicate_retry_responses=0 peer_stage1_admission_retry_responses=0 peer_stage1_retry_response_drops=0 peer_stage1_admission_waiters=0 peer_stage1_admission_waiter_items=0 peer_stage1_admission_owned_items=0 peer_stage1_admission_wake_coverage=0 peer_stage1_admission_parked=0 peer_stage1_admission_woken=0 peer_stage1_admission_reparked=0 peer_stage1_max_admission_waiters=0 peer_stage1_duplicate_coalesced=6 peer_reverse_enqueued=14270 peer_reverse_processed=14255 peer_reverse_remaining=15 peer_reverse_items_enqueued=304746 peer_reverse_items_processed=304396 peer_reverse_rate_per_sec=2173.203099 peer_reverse_failed=0 peer_reverse_max_queue=97 reclaim_pending=25 reclaim_reused=5082 dynamic_high_watermark=21175944224 stage2_remaining=45995 cleanup_remaining=0 active_contexts=48 active_context_limit=48 repair_remaining=0 remaining=46379
[STATUS]: storage-owner maintenance observation: enqueued=80659 stage2_enqueued=80659 cleanup_enqueued=0 stage2_tasks_done=37835 stage2_finalized_live=37835 cleanup_processed=0 stale=0 stage2_completion_ratio=0.469074 live_stage2_completion_ratio=0.469074 avg_stage2_delay_ms=35980.596822 p99_stage2_delay_upper_ms=30000.000000 p99_stage2_delay_over_30s=true stage2_delay_histogram=0,0,0,0,0,0,6,13,13,43,227,465,1719,1517,3952,6008,4367,19505 max_stage2_delay_ms=79461.330746 compaction_batch_target=32 compaction_max_delay_ms=25.000000 stage2_rate_per_sec=260.808667 stage1_search_budget_exhausted=0 stage2_search_budget_exhausted=0 stage2_continuations=38219 stage2_remote_frontier_items=35212492 avg_stage2_remote_frontier=921.334729 stage2_remote_expansions=1221480 avg_stage2_remote_expansions=31.960020 stage2_scored_candidates=68876171 avg_stage2_scored_candidates=1802.144771 stage2_graph_read_waves=188997 avg_stage2_expansions_per_graph_wave=6.462960 stage2_graph_unique_reads=1252480 stage2_graph_prefetch_issued=985772 stage2_graph_prefetch_hits=959485 stage2_graph_prefetch_wasted=25637 stage2_graph_prefetch_promotion_ratio=0.973976 stage2_graph_issue_width_current=16 stage2_vector_read_waves=439551 avg_stage2_scores_per_vector_wave=156.696654 stage2_vector_unique_reads=38344895 stage2_home_rpc_batches=301485 stage2_home_rpc_items=35798163 avg_stage2_home_rpc_batch=118.739450 stage2_home_score_rpc_batches=142384 stage2_home_score_rpc_items=34545685 stage2_home_score_rpc_queries=736046 stage2_home_score_rpc_request_bytes=933454400 stage2_home_score_rpc_response_bytes=1112094008 avg_stage2_home_score_queries_per_rpc=5.169443 avg_stage2_home_score_rpc_batch=242.623364 stage2_home_scored_neighbors=65071463 home_scores_per_expansion=1.817732 stage2_migrations=5811 home_match_rate=0.846412 stage2_final_edges=2159675 stage2_cross_edges_stage1_home=479946 stage2_cross_edges_final_home=369447 cross_edge_reduction_ratio=0.230232 failed=0 rpc_timeouts=0 reverse_aggregate_batches=0 reverse_aggregate_logical_requests=0 reverse_aggregate_ops=0 avg_reverse_aggregate_logicals=0.000000 avg_reverse_aggregate_ops=0.000000 max_backlog=46689 admission_window=65536 completion_outstanding=43056 completion_incomplete=42824 completed_behind_hole=232 completion_logical_full_failures=0 completion_physical_full_failures=0 pressure_yields=874056 stage2_batches=4786 avg_stage2_batch_size=7.985583 packing_target_batch=8 packing_admit_queue_avg=20560.447346 packing_admit_queue_max=46689 packing_batch_1_7=24 packing_batch_8=4762 packing_assembly_batches=4786 packing_assembly_wait_ms=167074253.979386 packing_arrival_interval_us=2023 packing_waited_batches=24 packing_wait_ms=334.698000 packing_target_flushes=4762 packing_deadline_flushes=24 packing_cleanup_flushes=0 stage2_phase_search_attempts=4758 stage2_phase_search_task_attempts=37995 stage2_phase_search_elapsed_ms=5227289.730779 avg_stage2_phase_search_us_per_task=137578.358489 stage2_phase_freeze_prune_attempts=5527 stage2_phase_freeze_prune_task_attempts=44146 stage2_phase_freeze_prune_elapsed_ms=190659.978416 avg_stage2_phase_freeze_prune_us_per_task=4318.850596 stage2_phase_reverse_prepare_attempts=4743 stage2_phase_reverse_prepare_task_attempts=37875 stage2_phase_reverse_prepare_elapsed_ms=976917.106520 avg_stage2_phase_reverse_prepare_us_per_task=25793.190931 stage2_phase_placement_authority_attempts=4738 stage2_phase_placement_authority_task_attempts=37835 stage2_phase_placement_authority_elapsed_ms=254950.859743 avg_stage2_phase_placement_authority_us_per_task=6738.492394 stage2_phase_completion_handoff_attempts=4738 stage2_phase_completion_handoff_task_attempts=37835 stage2_phase_completion_handoff_elapsed_ms=12.822081 avg_stage2_phase_completion_handoff_us_per_task=0.338895 stage2_phase_finalize_attempts=4738 stage2_phase_finalize_task_attempts=37835 stage2_phase_finalize_elapsed_ms=61.387493 avg_stage2_phase_finalize_us_per_task=1.622505 maintenance_worker_idle_waits=638208 maintenance_worker_idle_ms=347646.753042 maintenance_lost_wake_avoided=111016 maintenance_targeted_wakes=2102851 maintenance_generic_wakes=44491 maintenance_broadcast_wakes=0 maintenance_context_slots_scanned=7122880 maintenance_ready_notifications=942392 maintenance_ready_stale_notifications=146 maintenance_ready_tickets_drained=694551 maintenance_ready_overflow_scans=0 maintenance_ready_fallback_scans=445427 stage2_search_lane_lease_limit=32 stage2_search_lane_lease_peak=32 stage2_search_lane_lease_blocked=1008 maintenance_worker_observed_idle_ratio=0.299555 maintenance_worker_observed_busy_ratio=0.700445 physical_stage1_items=80659 physical_stage1_total_ns=349426639351 physical_stage1_search_ns=318363631373 physical_stage1_prune_ns=21299770833 physical_stage1_allocate_write_ns=7224006857 physical_stage1_backlink_ns=1594796175 physical_stage1_candidates=10319372 physical_stage1_remote_frontier_items=75007864 physical_stage1_neighbors=4484714 peer_stage1_enqueued=65441 peer_stage1_processed=65441 peer_stage1_items=129062 avg_peer_stage1_items=1.972189 peer_stage1_rate_per_sec=889.665343 peer_stage1_max_queue=47 peer_stage1_active_workers=0 peer_stage2_home_enqueued=238692 peer_stage2_home_processed=238692 peer_stage2_home_items=32524815 avg_peer_stage2_home_items=136.262694 peer_stage2_home_max_queue=37 peer_stage2_home_response_queue_drops=0 peer_stage2_home_response_send_wait_ms=13227.972691 avg_peer_stage2_home_queue_wait_us=121.242084 avg_peer_stage2_home_execution_us=74.829645 peer_stage1_release_deferred_batches=61 peer_stage1_release_deferred_items=89 peer_stage1_duplicate_retry_responses=0 peer_stage1_admission_retry_responses=0 peer_stage1_retry_response_drops=0 peer_stage1_admission_waiters=0 peer_stage1_admission_waiter_items=0 peer_stage1_admission_owned_items=0 peer_stage1_admission_wake_coverage=0 peer_stage1_admission_parked=0 peer_stage1_admission_woken=0 peer_stage1_admission_reparked=0 peer_stage1_max_admission_waiters=0 peer_stage1_duplicate_coalesced=6 peer_reverse_enqueued=16592 peer_reverse_processed=16581 peer_reverse_remaining=11 peer_reverse_items_enqueued=354417 peer_reverse_items_processed=354131 peer_reverse_rate_per_sec=2441.137418 peer_reverse_failed=1 peer_reverse_max_queue=97 reclaim_pending=242 reclaim_reused=5569 dynamic_high_watermark=21177007104 stage2_remaining=42440 cleanup_remaining=0 active_contexts=48 active_context_limit=48 repair_remaining=0 remaining=42824
[STATUS]: storage-owner maintenance observation: enqueued=80659 stage2_enqueued=80659 cleanup_enqueued=0 stage2_tasks_done=44579 stage2_finalized_live=44579 cleanup_processed=0 stale=0 stage2_completion_ratio=0.552685 live_stage2_completion_ratio=0.552685 avg_stage2_delay_ms=41373.034131 p99_stage2_delay_upper_ms=30000.000000 p99_stage2_delay_over_30s=true stage2_delay_histogram=0,0,0,0,0,0,6,13,13,43,227,465,1719,1517,3952,6008,4367,26249 max_stage2_delay_ms=79461.330746 compaction_batch_target=32 compaction_max_delay_ms=25.000000 stage2_rate_per_sec=297.057769 stage1_search_budget_exhausted=0 stage2_search_budget_exhausted=0 stage2_continuations=44947 stage2_remote_frontier_items=41278426 avg_stage2_remote_frontier=918.380003 stage2_remote_expansions=1439415 avg_stage2_remote_expansions=32.024718 stage2_scored_candidates=80821206 avg_stage2_scored_candidates=1798.144615 stage2_graph_read_waves=224160 avg_stage2_expansions_per_graph_wave=6.421373 stage2_graph_unique_reads=1474927 stage2_graph_prefetch_issued=1160098 stage2_graph_prefetch_hits=1129126 stage2_graph_prefetch_wasted=30221 stage2_graph_prefetch_promotion_ratio=0.973933 stage2_graph_issue_width_current=16 stage2_vector_read_waves=523440 avg_stage2_scores_per_vector_wave=154.403955 stage2_vector_unique_reads=44999211 stage2_home_rpc_batches=360564 stage2_home_rpc_items=41963714 avg_stage2_home_rpc_batch=116.383538 stage2_home_score_rpc_batches=167768 stage2_home_score_rpc_items=40488787 stage2_home_score_rpc_queries=863284 stage2_home_score_rpc_request_bytes=1094218768 stage2_home_score_rpc_response_bytes=1303473392 avg_stage2_home_score_queries_per_rpc=5.145701 avg_stage2_home_score_rpc_batch=241.337961 stage2_home_scored_neighbors=76304235 home_scores_per_expansion=1.818338 stage2_migrations=6852 home_match_rate=0.846295 stage2_final_edges=2536329 stage2_cross_edges_stage1_home=564705 stage2_cross_edges_final_home=434233 cross_edge_reduction_ratio=0.231045 failed=0 rpc_timeouts=0 reverse_aggregate_batches=0 reverse_aggregate_logical_requests=0 reverse_aggregate_ops=0 avg_reverse_aggregate_logicals=0.000000 avg_reverse_aggregate_ops=0.000000 max_backlog=46689 admission_window=65536 completion_outstanding=36456 completion_incomplete=36080 completed_behind_hole=376 completion_logical_full_failures=0 completion_physical_full_failures=0 pressure_yields=961185 stage2_batches=5627 avg_stage2_batch_size=7.987738 packing_target_batch=8 packing_admit_queue_avg=23328.342101 packing_admit_queue_max=46689 packing_batch_1_7=24 packing_batch_8=5603 packing_assembly_batches=5627 packing_assembly_wait_ms=226799143.956838 packing_arrival_interval_us=2023 packing_waited_batches=24 packing_wait_ms=334.698000 packing_target_flushes=5603 packing_deadline_flushes=24 packing_cleanup_flushes=0 stage2_phase_search_attempts=5595 stage2_phase_search_task_attempts=44691 stage2_phase_search_elapsed_ms=5366836.738425 avg_stage2_phase_search_us_per_task=120087.640429 stage2_phase_freeze_prune_attempts=6466 stage2_phase_freeze_prune_task_attempts=51658 stage2_phase_freeze_prune_elapsed_ms=194354.362611 avg_stage2_phase_freeze_prune_us_per_task=3762.328441 stage2_phase_reverse_prepare_attempts=5586 stage2_phase_reverse_prepare_task_attempts=44619 stage2_phase_reverse_prepare_elapsed_ms=1041056.154606 avg_stage2_phase_reverse_prepare_us_per_task=23332.126552 stage2_phase_placement_authority_attempts=5581 stage2_phase_placement_authority_task_attempts=44579 stage2_phase_placement_authority_elapsed_ms=270045.715516 avg_stage2_phase_placement_authority_us_per_task=6057.688946 stage2_phase_completion_handoff_attempts=5581 stage2_phase_completion_handoff_task_attempts=44579 stage2_phase_completion_handoff_elapsed_ms=14.088646 avg_stage2_phase_completion_handoff_us_per_task=0.316038 stage2_phase_finalize_attempts=5581 stage2_phase_finalize_task_attempts=44579 stage2_phase_finalize_elapsed_ms=68.726094 avg_stage2_phase_finalize_us_per_task=1.541670 maintenance_worker_idle_waits=691328 maintenance_worker_idle_ms=349694.518080 maintenance_lost_wake_avoided=124657 maintenance_targeted_wakes=2448016 maintenance_generic_wakes=44491 maintenance_broadcast_wakes=0 maintenance_context_slots_scanned=7797584 maintenance_ready_notifications=1115533 maintenance_ready_stale_notifications=146 maintenance_ready_tickets_drained=821183 maintenance_ready_overflow_scans=0 maintenance_ready_fallback_scans=487470 stage2_search_lane_lease_limit=32 stage2_search_lane_lease_peak=32 stage2_search_lane_lease_blocked=1121 maintenance_worker_observed_idle_ratio=0.291279 maintenance_worker_observed_busy_ratio=0.708721 physical_stage1_items=80659 physical_stage1_total_ns=349426639351 physical_stage1_search_ns=318363631373 physical_stage1_prune_ns=21299770833 physical_stage1_allocate_write_ns=7224006857 physical_stage1_backlink_ns=1594796175 physical_stage1_candidates=10319372 physical_stage1_remote_frontier_items=75007864 physical_stage1_neighbors=4484714 peer_stage1_enqueued=65441 peer_stage1_processed=65441 peer_stage1_items=129062 avg_peer_stage1_items=1.972189 peer_stage1_rate_per_sec=860.020857 peer_stage1_max_queue=47 peer_stage1_active_workers=2 peer_stage2_home_enqueued=283735 peer_stage2_home_processed=283732 peer_stage2_home_items=38584859 avg_peer_stage2_home_items=135.990509 peer_stage2_home_max_queue=37 peer_stage2_home_response_queue_drops=0 peer_stage2_home_response_send_wait_ms=13627.741779 avg_peer_stage2_home_queue_wait_us=104.156524 avg_peer_stage2_home_execution_us=77.811791 peer_stage1_release_deferred_batches=61 peer_stage1_release_deferred_items=89 peer_stage1_duplicate_retry_responses=0 peer_stage1_admission_retry_responses=0 peer_stage1_retry_response_drops=0 peer_stage1_admission_waiters=0 peer_stage1_admission_waiter_items=0 peer_stage1_admission_owned_items=0 peer_stage1_admission_wake_coverage=0 peer_stage1_admission_parked=0 peer_stage1_admission_woken=0 peer_stage1_admission_reparked=0 peer_stage1_max_admission_waiters=0 peer_stage1_duplicate_coalesced=6 peer_reverse_enqueued=19787 peer_reverse_processed=19785 peer_reverse_remaining=2 peer_reverse_items_enqueued=420826 peer_reverse_items_processed=420729 peer_reverse_rate_per_sec=2803.580567 peer_reverse_failed=1 peer_reverse_max_queue=97 reclaim_pending=655 reclaim_reused=6197 dynamic_high_watermark=21177007104 stage2_remaining=35712 cleanup_remaining=0 active_contexts=46 active_context_limit=48 repair_remaining=0 remaining=36080
[STATUS]: storage-owner maintenance observation: enqueued=80659 stage2_enqueued=80659 cleanup_enqueued=0 stage2_tasks_done=56683 stage2_finalized_live=56683 cleanup_processed=0 stale=0 stage2_completion_ratio=0.702749 live_stage2_completion_ratio=0.702749 avg_stage2_delay_ms=45618.822697 p99_stage2_delay_upper_ms=30000.000000 p99_stage2_delay_over_30s=true stage2_delay_histogram=0,0,0,0,0,0,6,13,13,43,227,465,1719,1517,3952,6008,4367,38353 max_stage2_delay_ms=79461.330746 compaction_batch_target=32 compaction_max_delay_ms=25.000000 stage2_rate_per_sec=365.534309 stage1_search_budget_exhausted=0 stage2_search_budget_exhausted=0 stage2_continuations=57059 stage2_remote_frontier_items=52840582 avg_stage2_remote_frontier=926.069192 stage2_remote_expansions=1816665 avg_stage2_remote_expansions=31.838360 stage2_scored_candidates=103324206 avg_stage2_scored_candidates=1810.830999 stage2_graph_read_waves=283234 avg_stage2_expansions_per_graph_wave=6.414007 stage2_graph_unique_reads=1860564 stage2_graph_prefetch_issued=1462996 stage2_graph_prefetch_hits=1423844 stage2_graph_prefetch_wasted=38502 stage2_graph_prefetch_promotion_ratio=0.973671 stage2_graph_issue_width_current=16 stage2_vector_read_waves=666669 avg_stage2_scores_per_vector_wave=154.985767 stage2_vector_unique_reads=57520605 stage2_home_rpc_batches=468653 stage2_home_rpc_items=53697045 avg_stage2_home_rpc_batch=114.577406 stage2_home_score_rpc_batches=216044 stage2_home_score_rpc_items=51836481 stage2_home_score_rpc_queries=1106662 stage2_home_score_rpc_request_bytes=1400852816 stage2_home_score_rpc_response_bytes=1668784776 avg_stage2_home_score_queries_per_rpc=5.122392 avg_stage2_home_score_rpc_batch=239.934833 stage2_home_scored_neighbors=97632084 home_scores_per_expansion=1.818202 stage2_migrations=8635 home_match_rate=0.847662 stage2_final_edges=3267775 stage2_cross_edges_stage1_home=723227 stage2_cross_edges_final_home=558123 cross_edge_reduction_ratio=0.228288 failed=0 rpc_timeouts=0 reverse_aggregate_batches=0 reverse_aggregate_logical_requests=0 reverse_aggregate_ops=0 avg_reverse_aggregate_logicals=0.000000 avg_reverse_aggregate_ops=0.000000 max_backlog=46689 admission_window=65536 completion_outstanding=24344 completion_incomplete=23976 completed_behind_hole=368 completion_logical_full_failures=0 completion_physical_full_failures=0 pressure_yields=1015864 stage2_batches=7141 avg_stage2_batch_size=7.990337 packing_target_batch=8 packing_admit_queue_avg=24670.749335 packing_admit_queue_max=46689 packing_batch_1_7=24 packing_batch_8=7117 packing_assembly_batches=7141 packing_assembly_wait_ms=318602304.531972 packing_arrival_interval_us=2023 packing_waited_batches=24 packing_wait_ms=334.698000 packing_target_flushes=7117 packing_deadline_flushes=24 packing_cleanup_flushes=0 stage2_phase_search_attempts=7104 stage2_phase_search_task_attempts=56763 stage2_phase_search_elapsed_ms=5554141.735625 avg_stage2_phase_search_us_per_task=97847.924451 stage2_phase_freeze_prune_attempts=8259 stage2_phase_freeze_prune_task_attempts=66002 stage2_phase_freeze_prune_elapsed_ms=198698.878511 avg_stage2_phase_freeze_prune_us_per_task=3010.497841 stage2_phase_reverse_prepare_attempts=7096 stage2_phase_reverse_prepare_task_attempts=56699 stage2_phase_reverse_prepare_elapsed_ms=1075143.072444 avg_stage2_phase_reverse_prepare_us_per_task=18962.293382 stage2_phase_placement_authority_attempts=7094 stage2_phase_placement_authority_task_attempts=56683 stage2_phase_placement_authority_elapsed_ms=275031.777024 avg_stage2_phase_placement_authority_us_per_task=4852.103400 stage2_phase_completion_handoff_attempts=7094 stage2_phase_completion_handoff_task_attempts=56683 stage2_phase_completion_handoff_elapsed_ms=15.825063 avg_stage2_phase_completion_handoff_us_per_task=0.279185 stage2_phase_finalize_attempts=7094 stage2_phase_finalize_task_attempts=56683 stage2_phase_finalize_elapsed_ms=79.974843 avg_stage2_phase_finalize_us_per_task=1.410914 maintenance_worker_idle_waits=718976 maintenance_worker_idle_ms=350268.463025 maintenance_lost_wake_avoided=133537 maintenance_targeted_wakes=3003246 maintenance_generic_wakes=44491 maintenance_broadcast_wakes=0 maintenance_context_slots_scanned=8353568 maintenance_ready_notifications=1419977 maintenance_ready_stale_notifications=146 maintenance_ready_tickets_drained=1029345 maintenance_ready_overflow_scans=0 maintenance_ready_fallback_scans=522388 stage2_search_lane_lease_limit=32 stage2_search_lane_lease_peak=32 stage2_search_lane_lease_blocked=1778 maintenance_worker_observed_idle_ratio=0.282349 maintenance_worker_observed_busy_ratio=0.717651 physical_stage1_items=80659 physical_stage1_total_ns=349426639351 physical_stage1_search_ns=318363631373 physical_stage1_prune_ns=21299770833 physical_stage1_allocate_write_ns=7224006857 physical_stage1_backlink_ns=1594796175 physical_stage1_candidates=10319372 physical_stage1_remote_frontier_items=75007864 physical_stage1_neighbors=4484714 peer_stage1_enqueued=65441 peer_stage1_processed=65441 peer_stage1_items=129062 avg_peer_stage1_items=1.972189 peer_stage1_rate_per_sec=832.288145 peer_stage1_max_queue=47 peer_stage1_active_workers=0 peer_stage2_home_enqueued=302462 peer_stage2_home_processed=302462 peer_stage2_home_items=40726845 avg_peer_stage2_home_items=134.651113 peer_stage2_home_max_queue=37 peer_stage2_home_response_queue_drops=0 peer_stage2_home_response_send_wait_ms=13792.483078 avg_peer_stage2_home_queue_wait_us=98.609355 avg_peer_stage2_home_execution_us=78.093162 peer_stage1_release_deferred_batches=61 peer_stage1_release_deferred_items=89 peer_stage1_duplicate_retry_responses=0 peer_stage1_admission_retry_responses=0 peer_stage1_retry_response_drops=0 peer_stage1_admission_waiters=0 peer_stage1_admission_waiter_items=0 peer_stage1_admission_owned_items=0 peer_stage1_admission_wake_coverage=0 peer_stage1_admission_parked=0 peer_stage1_admission_woken=0 peer_stage1_admission_reparked=0 peer_stage1_max_admission_waiters=0 peer_stage1_duplicate_coalesced=6 peer_reverse_enqueued=21210 peer_reverse_processed=21210 peer_reverse_remaining=0 peer_reverse_items_enqueued=444006 peer_reverse_items_processed=444006 peer_reverse_rate_per_sec=2863.282223 peer_reverse_failed=2 peer_reverse_max_queue=97 reclaim_pending=2194 reclaim_reused=6441 dynamic_high_watermark=21177007104 stage2_remaining=23600 cleanup_remaining=0 active_contexts=47 active_context_limit=48 repair_remaining=0 remaining=23976
[STATUS]: storage-owner maintenance observation: enqueued=80659 stage2_enqueued=80659 cleanup_enqueued=0 stage2_tasks_done=72179 stage2_finalized_live=72179 cleanup_processed=0 stale=0 stage2_completion_ratio=0.894866 live_stage2_completion_ratio=0.894866 avg_stage2_delay_ms=45111.803558 p99_stage2_delay_upper_ms=30000.000000 p99_stage2_delay_over_30s=true stage2_delay_histogram=0,0,0,0,0,0,6,13,13,43,227,465,1719,1517,3952,6008,4367,53849 max_stage2_delay_ms=79461.330746 compaction_batch_target=32 compaction_max_delay_ms=25.000000 stage2_rate_per_sec=450.924359 stage1_search_budget_exhausted=0 stage2_search_budget_exhausted=0 stage2_continuations=72563 stage2_remote_frontier_items=67304873 avg_stage2_remote_frontier=927.537078 stage2_remote_expansions=2315308 avg_stage2_remote_expansions=31.907556 stage2_scored_candidates=131779437 avg_stage2_scored_candidates=1816.069305 stage2_graph_read_waves=363936 avg_stage2_expansions_per_graph_wave=6.361855 stage2_graph_unique_reads=2371956 stage2_graph_prefetch_issued=1863170 stage2_graph_prefetch_hits=1812743 stage2_graph_prefetch_wasted=49450 stage2_graph_prefetch_promotion_ratio=0.973445 stage2_graph_issue_width_current=16 stage2_vector_read_waves=858089 avg_stage2_scores_per_vector_wave=153.573157 stage2_vector_unique_reads=73312184 stage2_home_rpc_batches=611118 stage2_home_rpc_items=68426772 avg_stage2_home_rpc_batch=111.969819 stage2_home_score_rpc_batches=277191 stage2_home_score_rpc_items=66054825 stage2_home_score_rpc_queries=1413030 stage2_home_score_rpc_request_bytes=1785496936 stage2_home_score_rpc_response_bytes=2126602976 avg_stage2_home_score_queries_per_rpc=5.097676 avg_stage2_home_score_rpc_batch=238.300757 stage2_home_scored_neighbors=124512270 home_scores_per_expansion=1.819643 stage2_migrations=10972 home_match_rate=0.847989 stage2_final_edges=4164359 stage2_cross_edges_stage1_home=921998 stage2_cross_edges_final_home=710532 cross_edge_reduction_ratio=0.229356 failed=0 rpc_timeouts=0 reverse_aggregate_batches=0 reverse_aggregate_logical_requests=0 reverse_aggregate_ops=0 avg_reverse_aggregate_logicals=0.000000 avg_reverse_aggregate_ops=0.000000 max_backlog=46689 admission_window=65536 completion_outstanding=8840 completion_incomplete=8480 completed_behind_hole=360 completion_logical_full_failures=0 completion_physical_full_failures=0 pressure_yields=1076271 stage2_batches=9079 avg_stage2_batch_size=7.992400 packing_target_batch=8 packing_admit_queue_avg=22788.302346 packing_admit_queue_max=46689 packing_batch_1_7=24 packing_batch_8=9055 packing_assembly_batches=9079 packing_assembly_wait_ms=401234567.170707 packing_arrival_interval_us=2023 packing_waited_batches=24 packing_wait_ms=334.698000 packing_target_flushes=9055 packing_deadline_flushes=24 packing_cleanup_flushes=0 stage2_phase_search_attempts=9038 stage2_phase_search_task_attempts=72235 stage2_phase_search_elapsed_ms=5748635.177238 avg_stage2_phase_search_us_per_task=79582.407105 stage2_phase_freeze_prune_attempts=10542 stage2_phase_freeze_prune_task_attempts=84266 stage2_phase_freeze_prune_elapsed_ms=203176.068660 avg_stage2_phase_freeze_prune_us_per_task=2411.127485 stage2_phase_reverse_prepare_attempts=9032 stage2_phase_reverse_prepare_task_attempts=72187 stage2_phase_reverse_prepare_elapsed_ms=1104283.275810 avg_stage2_phase_reverse_prepare_us_per_task=15297.536618 stage2_phase_placement_authority_attempts=9031 stage2_phase_placement_authority_task_attempts=72179 stage2_phase_placement_authority_elapsed_ms=277899.797238 avg_stage2_phase_placement_authority_us_per_task=3850.147512 stage2_phase_completion_handoff_attempts=9031 stage2_phase_completion_handoff_task_attempts=72179 stage2_phase_completion_handoff_elapsed_ms=17.836917 avg_stage2_phase_completion_handoff_us_per_task=0.247121 stage2_phase_finalize_attempts=9031 stage2_phase_finalize_task_attempts=72179 stage2_phase_finalize_elapsed_ms=92.467991 avg_stage2_phase_finalize_us_per_task=1.281093 maintenance_worker_idle_waits=745984 maintenance_worker_idle_ms=350704.836219 maintenance_lost_wake_avoided=142779 maintenance_targeted_wakes=3744501 maintenance_generic_wakes=44491 maintenance_broadcast_wakes=0 maintenance_context_slots_scanned=9009760 maintenance_ready_notifications=1821038 maintenance_ready_stale_notifications=146 maintenance_ready_tickets_drained=1308571 maintenance_ready_overflow_scans=0 maintenance_ready_fallback_scans=563507 stage2_search_lane_lease_limit=32 stage2_search_lane_lease_peak=32 stage2_search_lane_lease_blocked=3210 maintenance_worker_observed_idle_ratio=0.273870 maintenance_worker_observed_busy_ratio=0.726130 physical_stage1_items=80659 physical_stage1_total_ns=349426639351 physical_stage1_search_ns=318363631373 physical_stage1_prune_ns=21299770833 physical_stage1_allocate_write_ns=7224006857 physical_stage1_backlink_ns=1594796175 physical_stage1_candidates=10319372 physical_stage1_remote_frontier_items=75007864 physical_stage1_neighbors=4484714 peer_stage1_enqueued=65441 peer_stage1_processed=65441 peer_stage1_items=129062 avg_peer_stage1_items=1.972189 peer_stage1_rate_per_sec=806.289913 peer_stage1_max_queue=47 peer_stage1_active_workers=0 peer_stage2_home_enqueued=303199 peer_stage2_home_processed=303199 peer_stage2_home_items=40770971 avg_peer_stage2_home_items=134.469345 peer_stage2_home_max_queue=37 peer_stage2_home_response_queue_drops=0 peer_stage2_home_response_send_wait_ms=13799.176050 avg_peer_stage2_home_queue_wait_us=98.408735 avg_peer_stage2_home_execution_us=78.024722 peer_stage1_release_deferred_batches=61 peer_stage1_release_deferred_items=89 peer_stage1_duplicate_retry_responses=0 peer_stage1_admission_retry_responses=0 peer_stage1_retry_response_drops=0 peer_stage1_admission_waiters=0 peer_stage1_admission_waiter_items=0 peer_stage1_admission_owned_items=0 peer_stage1_admission_wake_coverage=0 peer_stage1_admission_parked=0 peer_stage1_admission_woken=0 peer_stage1_admission_reparked=0 peer_stage1_max_admission_waiters=0 peer_stage1_duplicate_coalesced=6 peer_reverse_enqueued=21266 peer_reverse_processed=21266 peer_reverse_remaining=0 peer_reverse_items_enqueued=444412 peer_reverse_items_processed=444412 peer_reverse_rate_per_sec=2776.378118 peer_reverse_failed=2 peer_reverse_max_queue=97 reclaim_pending=4522 reclaim_reused=6450 dynamic_high_watermark=21177007104 stage2_remaining=8096 cleanup_remaining=0 active_contexts=48 active_context_limit=48 repair_remaining=0 remaining=8480
[STATUS]: storage-owner maintenance observation: enqueued=80659 stage2_enqueued=80659 cleanup_enqueued=0 stage2_tasks_done=80659 stage2_finalized_live=80659 cleanup_processed=0 stale=0 stage2_completion_ratio=1.000000 live_stage2_completion_ratio=1.000000 avg_stage2_delay_ms=43195.975951 p99_stage2_delay_upper_ms=30000.000000 p99_stage2_delay_over_30s=true stage2_delay_histogram=0,0,0,0,0,0,6,13,13,43,227,465,1719,1517,3952,6008,10951,55745 max_stage2_delay_ms=79461.330746 compaction_batch_target=32 compaction_max_delay_ms=25.000000 stage2_rate_per_sec=488.635923 stage1_search_budget_exhausted=0 stage2_search_budget_exhausted=0 stage2_continuations=80659 stage2_remote_frontier_items=75007864 avg_stage2_remote_frontier=929.937936 stage2_remote_expansions=2593042 avg_stage2_remote_expansions=32.148204 stage2_scored_candidates=147197044 avg_stage2_scored_candidates=1824.930188 stage2_graph_read_waves=406305 avg_stage2_expansions_per_graph_wave=6.382009 stage2_graph_unique_reads=2648482 stage2_graph_prefetch_issued=2080340 stage2_graph_prefetch_hits=2024900 stage2_graph_prefetch_wasted=55440 stage2_graph_prefetch_promotion_ratio=0.973351 stage2_graph_issue_width_current=16 stage2_vector_read_waves=960781 avg_stage2_scores_per_vector_wave=153.205615 stage2_vector_unique_reads=81746549 stage2_home_rpc_batches=686069 stage2_home_rpc_items=76307566 avg_stage2_home_rpc_batch=111.224332 stage2_home_score_rpc_batches=309885 stage2_home_score_rpc_items=73659084 stage2_home_score_rpc_queries=1576662 stage2_home_score_rpc_request_bytes=1991286552 stage2_home_score_rpc_response_bytes=2371480208 avg_stage2_home_score_queries_per_rpc=5.087894 avg_stage2_home_score_rpc_batch=237.698127 stage2_home_scored_neighbors=139098637 home_scores_per_expansion=1.822868 stage2_migrations=12343 home_match_rate=0.846973 stage2_final_edges=4664430 stage2_cross_edges_stage1_home=1035130 stage2_cross_edges_final_home=796798 cross_edge_reduction_ratio=0.230244 failed=0 rpc_timeouts=0 reverse_aggregate_batches=0 reverse_aggregate_logical_requests=0 reverse_aggregate_ops=0 avg_reverse_aggregate_logicals=0.000000 avg_reverse_aggregate_ops=0.000000 max_backlog=46689 admission_window=65536 completion_outstanding=0 completion_incomplete=0 completed_behind_hole=0 completion_logical_full_failures=0 completion_physical_full_failures=0 pressure_yields=1107342 stage2_batches=10091 avg_stage2_batch_size=7.993162 packing_target_batch=8 packing_admit_queue_avg=20909.287583 packing_admit_queue_max=46689 packing_batch_1_7=24 packing_batch_8=10067 packing_assembly_batches=10091 packing_assembly_wait_ms=428051497.285432 packing_arrival_interval_us=2023 packing_waited_batches=24 packing_wait_ms=334.698000 packing_target_flushes=10067 packing_deadline_flushes=24 packing_cleanup_flushes=0 stage2_phase_search_attempts=10091 stage2_phase_search_task_attempts=80659 stage2_phase_search_elapsed_ms=5858761.592116 avg_stage2_phase_search_us_per_task=72636.179374 stage2_phase_freeze_prune_attempts=11764 stage2_phase_freeze_prune_task_attempts=94042 stage2_phase_freeze_prune_elapsed_ms=205625.244351 avg_stage2_phase_freeze_prune_us_per_task=2186.525641 stage2_phase_reverse_prepare_attempts=10091 stage2_phase_reverse_prepare_task_attempts=80659 stage2_phase_reverse_prepare_elapsed_ms=1120868.888771 avg_stage2_phase_reverse_prepare_us_per_task=13896.389600 stage2_phase_placement_authority_attempts=10091 stage2_phase_placement_authority_task_attempts=80659 stage2_phase_placement_authority_elapsed_ms=279522.024293 avg_stage2_phase_placement_authority_us_per_task=3465.478425 stage2_phase_completion_handoff_attempts=10091 stage2_phase_completion_handoff_task_attempts=80659 stage2_phase_completion_handoff_elapsed_ms=18.945919 avg_stage2_phase_completion_handoff_us_per_task=0.234889 stage2_phase_finalize_attempts=10091 stage2_phase_finalize_task_attempts=80659 stage2_phase_finalize_elapsed_ms=100.034722 avg_stage2_phase_finalize_us_per_task=1.240218 maintenance_worker_idle_waits=763712 maintenance_worker_idle_ms=366015.476719 maintenance_lost_wake_avoided=148092 maintenance_targeted_wakes=4144770 maintenance_generic_wakes=44491 maintenance_broadcast_wakes=0 maintenance_context_slots_scanned=9400880 maintenance_ready_notifications=2037931 maintenance_ready_stale_notifications=146 maintenance_ready_tickets_drained=1457189 maintenance_ready_overflow_scans=0 maintenance_ready_fallback_scans=587814 stage2_search_lane_lease_limit=32 stage2_search_lane_lease_peak=32 stage2_search_lane_lease_blocked=4209 maintenance_worker_observed_idle_ratio=0.277167 maintenance_worker_observed_busy_ratio=0.722833 physical_stage1_items=80659 physical_stage1_total_ns=349426639351 physical_stage1_search_ns=318363631373 physical_stage1_prune_ns=21299770833 physical_stage1_allocate_write_ns=7224006857 physical_stage1_backlink_ns=1594796175 physical_stage1_candidates=10319372 physical_stage1_remote_frontier_items=75007864 physical_stage1_neighbors=4484714 peer_stage1_enqueued=65441 peer_stage1_processed=65441 peer_stage1_items=129062 avg_peer_stage1_items=1.972189 peer_stage1_rate_per_sec=781.863518 peer_stage1_max_queue=47 peer_stage1_active_workers=0 peer_stage2_home_enqueued=303199 peer_stage2_home_processed=303199 peer_stage2_home_items=40770971 avg_peer_stage2_home_items=134.469345 peer_stage2_home_max_queue=37 peer_stage2_home_response_queue_drops=0 peer_stage2_home_response_send_wait_ms=13799.176050 avg_peer_stage2_home_queue_wait_us=98.408735 avg_peer_stage2_home_execution_us=78.024722 peer_stage1_release_deferred_batches=61 peer_stage1_release_deferred_items=89 peer_stage1_duplicate_retry_responses=0 peer_stage1_admission_retry_responses=0 peer_stage1_retry_response_drops=0 peer_stage1_admission_waiters=0 peer_stage1_admission_waiter_items=0 peer_stage1_admission_owned_items=0 peer_stage1_admission_wake_coverage=0 peer_stage1_admission_parked=0 peer_stage1_admission_woken=0 peer_stage1_admission_reparked=0 peer_stage1_max_admission_waiters=0 peer_stage1_duplicate_coalesced=6 peer_reverse_enqueued=21266 peer_reverse_processed=21266 peer_reverse_remaining=0 peer_reverse_items_enqueued=444412 peer_reverse_items_processed=444412 peer_reverse_rate_per_sec=2692.268287 peer_reverse_failed=2 peer_reverse_max_queue=97 reclaim_pending=5893 reclaim_reused=6450 dynamic_high_watermark=21177007104 stage2_remaining=0 cleanup_remaining=0 active_contexts=0 active_context_limit=48 repair_remaining=0 remaining=0
[STATUS]: storage-owner maintenance observation: enqueued=80659 stage2_enqueued=80659 cleanup_enqueued=0 stage2_tasks_done=80659 stage2_finalized_live=80659 cleanup_processed=0 stale=0 stage2_completion_ratio=1.000000 live_stage2_completion_ratio=1.000000 avg_stage2_delay_ms=43195.975951 p99_stage2_delay_upper_ms=30000.000000 p99_stage2_delay_over_30s=true stage2_delay_histogram=0,0,0,0,0,0,6,13,13,43,227,465,1719,1517,3952,6008,10951,55745 max_stage2_delay_ms=79461.330746 compaction_batch_target=32 compaction_max_delay_ms=25.000000 stage2_rate_per_sec=474.266158 stage1_search_budget_exhausted=0 stage2_search_budget_exhausted=0 stage2_continuations=80659 stage2_remote_frontier_items=75007864 avg_stage2_remote_frontier=929.937936 stage2_remote_expansions=2593042 avg_stage2_remote_expansions=32.148204 stage2_scored_candidates=147197044 avg_stage2_scored_candidates=1824.930188 stage2_graph_read_waves=406305 avg_stage2_expansions_per_graph_wave=6.382009 stage2_graph_unique_reads=2648482 stage2_graph_prefetch_issued=2080340 stage2_graph_prefetch_hits=2024900 stage2_graph_prefetch_wasted=55440 stage2_graph_prefetch_promotion_ratio=0.973351 stage2_graph_issue_width_current=16 stage2_vector_read_waves=960781 avg_stage2_scores_per_vector_wave=153.205615 stage2_vector_unique_reads=81746549 stage2_home_rpc_batches=686069 stage2_home_rpc_items=76307566 avg_stage2_home_rpc_batch=111.224332 stage2_home_score_rpc_batches=309885 stage2_home_score_rpc_items=73659084 stage2_home_score_rpc_queries=1576662 stage2_home_score_rpc_request_bytes=1991286552 stage2_home_score_rpc_response_bytes=2371480208 avg_stage2_home_score_queries_per_rpc=5.087894 avg_stage2_home_score_rpc_batch=237.698127 stage2_home_scored_neighbors=139098637 home_scores_per_expansion=1.822868 stage2_migrations=12343 home_match_rate=0.846973 stage2_final_edges=4664430 stage2_cross_edges_stage1_home=1035130 stage2_cross_edges_final_home=796798 cross_edge_reduction_ratio=0.230244 failed=0 rpc_timeouts=0 reverse_aggregate_batches=0 reverse_aggregate_logical_requests=0 reverse_aggregate_ops=0 avg_reverse_aggregate_logicals=0.000000 avg_reverse_aggregate_ops=0.000000 max_backlog=46689 admission_window=65536 completion_outstanding=0 completion_incomplete=0 completed_behind_hole=0 completion_logical_full_failures=0 completion_physical_full_failures=0 pressure_yields=1107342 stage2_batches=10091 avg_stage2_batch_size=7.993162 packing_target_batch=8 packing_admit_queue_avg=20909.287583 packing_admit_queue_max=46689 packing_batch_1_7=24 packing_batch_8=10067 packing_assembly_batches=10091 packing_assembly_wait_ms=428051497.285432 packing_arrival_interval_us=2023 packing_waited_batches=24 packing_wait_ms=334.698000 packing_target_flushes=10067 packing_deadline_flushes=24 packing_cleanup_flushes=0 stage2_phase_search_attempts=10091 stage2_phase_search_task_attempts=80659 stage2_phase_search_elapsed_ms=5858761.592116 avg_stage2_phase_search_us_per_task=72636.179374 stage2_phase_freeze_prune_attempts=11764 stage2_phase_freeze_prune_task_attempts=94042 stage2_phase_freeze_prune_elapsed_ms=205625.244351 avg_stage2_phase_freeze_prune_us_per_task=2186.525641 stage2_phase_reverse_prepare_attempts=10091 stage2_phase_reverse_prepare_task_attempts=80659 stage2_phase_reverse_prepare_elapsed_ms=1120868.888771 avg_stage2_phase_reverse_prepare_us_per_task=13896.389600 stage2_phase_placement_authority_attempts=10091 stage2_phase_placement_authority_task_attempts=80659 stage2_phase_placement_authority_elapsed_ms=279522.024293 avg_stage2_phase_placement_authority_us_per_task=3465.478425 stage2_phase_completion_handoff_attempts=10091 stage2_phase_completion_handoff_task_attempts=80659 stage2_phase_completion_handoff_elapsed_ms=18.945919 avg_stage2_phase_completion_handoff_us_per_task=0.234889 stage2_phase_finalize_attempts=10091 stage2_phase_finalize_task_attempts=80659 stage2_phase_finalize_elapsed_ms=100.034722 avg_stage2_phase_finalize_us_per_task=1.240218 maintenance_worker_idle_waits=767744 maintenance_worker_idle_ms=406572.922977 maintenance_lost_wake_avoided=148092 maintenance_targeted_wakes=4144770 maintenance_generic_wakes=44491 maintenance_broadcast_wakes=0 maintenance_context_slots_scanned=9465392 maintenance_ready_notifications=2037931 maintenance_ready_stale_notifications=146 maintenance_ready_tickets_drained=1457189 maintenance_ready_overflow_scans=0 maintenance_ready_fallback_scans=591790 stage2_search_lane_lease_limit=32 stage2_search_lane_lease_peak=32 stage2_search_lane_lease_blocked=4209 maintenance_worker_observed_idle_ratio=0.298826 maintenance_worker_observed_busy_ratio=0.701174 physical_stage1_items=80659 physical_stage1_total_ns=349426639351 physical_stage1_search_ns=318363631373 physical_stage1_prune_ns=21299770833 physical_stage1_allocate_write_ns=7224006857 physical_stage1_backlink_ns=1594796175 physical_stage1_candidates=10319372 physical_stage1_remote_frontier_items=75007864 physical_stage1_neighbors=4484714 peer_stage1_enqueued=65441 peer_stage1_processed=65441 peer_stage1_items=129062 avg_peer_stage1_items=1.972189 peer_stage1_rate_per_sec=758.870540 peer_stage1_max_queue=47 peer_stage1_active_workers=0 peer_stage2_home_enqueued=303199 peer_stage2_home_processed=303199 peer_stage2_home_items=40770971 avg_peer_stage2_home_items=134.469345 peer_stage2_home_max_queue=37 peer_stage2_home_response_queue_drops=0 peer_stage2_home_response_send_wait_ms=13799.176050 avg_peer_stage2_home_queue_wait_us=98.408735 avg_peer_stage2_home_execution_us=78.024722 peer_stage1_release_deferred_batches=61 peer_stage1_release_deferred_items=89 peer_stage1_duplicate_retry_responses=0 peer_stage1_admission_retry_responses=0 peer_stage1_retry_response_drops=0 peer_stage1_admission_waiters=0 peer_stage1_admission_waiter_items=0 peer_stage1_admission_owned_items=0 peer_stage1_admission_wake_coverage=0 peer_stage1_admission_parked=0 peer_stage1_admission_woken=0 peer_stage1_admission_reparked=0 peer_stage1_max_admission_waiters=0 peer_stage1_duplicate_coalesced=6 peer_reverse_enqueued=21266 peer_reverse_processed=21266 peer_reverse_remaining=0 peer_reverse_items_enqueued=444412 peer_reverse_items_processed=444412 peer_reverse_rate_per_sec=2613.094285 peer_reverse_failed=2 peer_reverse_max_queue=97 reclaim_pending=5893 reclaim_reused=6450 dynamic_high_watermark=21177007104 stage2_remaining=0 cleanup_remaining=0 active_contexts=0 active_context_limit=48 repair_remaining=0 remaining=0
[STATUS]: storage-owner maintenance observation: enqueued=80659 stage2_enqueued=80659 cleanup_enqueued=0 stage2_tasks_done=80659 stage2_finalized_live=80659 cleanup_processed=0 stale=0 stage2_completion_ratio=1.000000 live_stage2_completion_ratio=1.000000 avg_stage2_delay_ms=43195.975951 p99_stage2_delay_upper_ms=30000.000000 p99_stage2_delay_over_30s=true stage2_delay_histogram=0,0,0,0,0,0,6,13,13,43,227,465,1719,1517,3952,6008,10951,55745 max_stage2_delay_ms=79461.330746 compaction_batch_target=32 compaction_max_delay_ms=25.000000 stage2_rate_per_sec=460.720431 stage1_search_budget_exhausted=0 stage2_search_budget_exhausted=0 stage2_continuations=80659 stage2_remote_frontier_items=75007864 avg_stage2_remote_frontier=929.937936 stage2_remote_expansions=2593042 avg_stage2_remote_expansions=32.148204 stage2_scored_candidates=147197044 avg_stage2_scored_candidates=1824.930188 stage2_graph_read_waves=406305 avg_stage2_expansions_per_graph_wave=6.382009 stage2_graph_unique_reads=2648482 stage2_graph_prefetch_issued=2080340 stage2_graph_prefetch_hits=2024900 stage2_graph_prefetch_wasted=55440 stage2_graph_prefetch_promotion_ratio=0.973351 stage2_graph_issue_width_current=16 stage2_vector_read_waves=960781 avg_stage2_scores_per_vector_wave=153.205615 stage2_vector_unique_reads=81746549 stage2_home_rpc_batches=686069 stage2_home_rpc_items=76307566 avg_stage2_home_rpc_batch=111.224332 stage2_home_score_rpc_batches=309885 stage2_home_score_rpc_items=73659084 stage2_home_score_rpc_queries=1576662 stage2_home_score_rpc_request_bytes=1991286552 stage2_home_score_rpc_response_bytes=2371480208 avg_stage2_home_score_queries_per_rpc=5.087894 avg_stage2_home_score_rpc_batch=237.698127 stage2_home_scored_neighbors=139098637 home_scores_per_expansion=1.822868 stage2_migrations=12343 home_match_rate=0.846973 stage2_final_edges=4664430 stage2_cross_edges_stage1_home=1035130 stage2_cross_edges_final_home=796798 cross_edge_reduction_ratio=0.230244 failed=0 rpc_timeouts=0 reverse_aggregate_batches=0 reverse_aggregate_logical_requests=0 reverse_aggregate_ops=0 avg_reverse_aggregate_logicals=0.000000 avg_reverse_aggregate_ops=0.000000 max_backlog=46689 admission_window=65536 completion_outstanding=0 completion_incomplete=0 completed_behind_hole=0 completion_logical_full_failures=0 completion_physical_full_failures=0 pressure_yields=1107342 stage2_batches=10091 avg_stage2_batch_size=7.993162 packing_target_batch=8 packing_admit_queue_avg=20909.287583 packing_admit_queue_max=46689 packing_batch_1_7=24 packing_batch_8=10067 packing_assembly_batches=10091 packing_assembly_wait_ms=428051497.285432 packing_arrival_interval_us=2023 packing_waited_batches=24 packing_wait_ms=334.698000 packing_target_flushes=10067 packing_deadline_flushes=24 packing_cleanup_flushes=0 stage2_phase_search_attempts=10091 stage2_phase_search_task_attempts=80659 stage2_phase_search_elapsed_ms=5858761.592116 avg_stage2_phase_search_us_per_task=72636.179374 stage2_phase_freeze_prune_attempts=11764 stage2_phase_freeze_prune_task_attempts=94042 stage2_phase_freeze_prune_elapsed_ms=205625.244351 avg_stage2_phase_freeze_prune_us_per_task=2186.525641 stage2_phase_reverse_prepare_attempts=10091 stage2_phase_reverse_prepare_task_attempts=80659 stage2_phase_reverse_prepare_elapsed_ms=1120868.888771 avg_stage2_phase_reverse_prepare_us_per_task=13896.389600 stage2_phase_placement_authority_attempts=10091 stage2_phase_placement_authority_task_attempts=80659 stage2_phase_placement_authority_elapsed_ms=279522.024293 avg_stage2_phase_placement_authority_us_per_task=3465.478425 stage2_phase_completion_handoff_attempts=10091 stage2_phase_completion_handoff_task_attempts=80659 stage2_phase_completion_handoff_elapsed_ms=18.945919 avg_stage2_phase_completion_handoff_us_per_task=0.234889 stage2_phase_finalize_attempts=10091 stage2_phase_finalize_task_attempts=80659 stage2_phase_finalize_elapsed_ms=100.034722 avg_stage2_phase_finalize_us_per_task=1.240218 maintenance_worker_idle_waits=771648 maintenance_worker_idle_ms=445842.806328 maintenance_lost_wake_avoided=148092 maintenance_targeted_wakes=4144770 maintenance_generic_wakes=44491 maintenance_broadcast_wakes=0 maintenance_context_slots_scanned=9527856 maintenance_ready_notifications=2037931 maintenance_ready_stale_notifications=146 maintenance_ready_tickets_drained=1457189 maintenance_ready_overflow_scans=0 maintenance_ready_fallback_scans=595766 stage2_search_lane_lease_limit=32 stage2_search_lane_lease_peak=32 stage2_search_lane_lease_blocked=4209 maintenance_worker_observed_idle_ratio=0.318329 maintenance_worker_observed_busy_ratio=0.681671 physical_stage1_items=80659 physical_stage1_total_ns=349426639351 physical_stage1_search_ns=318363631373 physical_stage1_prune_ns=21299770833 physical_stage1_allocate_write_ns=7224006857 physical_stage1_backlink_ns=1594796175 physical_stage1_candidates=10319372 physical_stage1_remote_frontier_items=75007864 physical_stage1_neighbors=4484714 peer_stage1_enqueued=65441 peer_stage1_processed=65441 peer_stage1_items=129062 avg_peer_stage1_items=1.972189 peer_stage1_rate_per_sec=737.196100 peer_stage1_max_queue=47 peer_stage1_active_workers=0 peer_stage2_home_enqueued=303199 peer_stage2_home_processed=303199 peer_stage2_home_items=40770971 avg_peer_stage2_home_items=134.469345 peer_stage2_home_max_queue=37 peer_stage2_home_response_queue_drops=0 peer_stage2_home_response_send_wait_ms=13799.176050 avg_peer_stage2_home_queue_wait_us=98.408735 avg_peer_stage2_home_execution_us=78.024722 peer_stage1_release_deferred_batches=61 peer_stage1_release_deferred_items=89 peer_stage1_duplicate_retry_responses=0 peer_stage1_admission_retry_responses=0 peer_stage1_retry_response_drops=0 peer_stage1_admission_waiters=0 peer_stage1_admission_waiter_items=0 peer_stage1_admission_owned_items=0 peer_stage1_admission_wake_coverage=0 peer_stage1_admission_parked=0 peer_stage1_admission_woken=0 peer_stage1_admission_reparked=0 peer_stage1_max_admission_waiters=0 peer_stage1_duplicate_coalesced=6 peer_reverse_enqueued=21266 peer_reverse_processed=21266 peer_reverse_remaining=0 peer_reverse_items_enqueued=444412 peer_reverse_items_processed=444412 peer_reverse_rate_per_sec=2538.460534 peer_reverse_failed=2 peer_reverse_max_queue=97 reclaim_pending=5893 reclaim_reused=6450 dynamic_high_watermark=21177007104 stage2_remaining=0 cleanup_remaining=0 active_contexts=0 active_context_limit=48 repair_remaining=0 remaining=0
[STATUS]: storage-owner maintenance observation: enqueued=80659 stage2_enqueued=80659 cleanup_enqueued=0 stage2_tasks_done=80659 stage2_finalized_live=80659 cleanup_processed=0 stale=0 stage2_completion_ratio=1.000000 live_stage2_completion_ratio=1.000000 avg_stage2_delay_ms=43195.975951 p99_stage2_delay_upper_ms=30000.000000 p99_stage2_delay_over_30s=true stage2_delay_histogram=0,0,0,0,0,0,6,13,13,43,227,465,1719,1517,3952,6008,10951,55745 max_stage2_delay_ms=79461.330746 compaction_batch_target=32 compaction_max_delay_ms=25.000000 stage2_rate_per_sec=447.926563 stage1_search_budget_exhausted=0 stage2_search_budget_exhausted=0 stage2_continuations=80659 stage2_remote_frontier_items=75007864 avg_stage2_remote_frontier=929.937936 stage2_remote_expansions=2593042 avg_stage2_remote_expansions=32.148204 stage2_scored_candidates=147197044 avg_stage2_scored_candidates=1824.930188 stage2_graph_read_waves=406305 avg_stage2_expansions_per_graph_wave=6.382009 stage2_graph_unique_reads=2648482 stage2_graph_prefetch_issued=2080340 stage2_graph_prefetch_hits=2024900 stage2_graph_prefetch_wasted=55440 stage2_graph_prefetch_promotion_ratio=0.973351 stage2_graph_issue_width_current=16 stage2_vector_read_waves=960781 avg_stage2_scores_per_vector_wave=153.205615 stage2_vector_unique_reads=81746549 stage2_home_rpc_batches=686069 stage2_home_rpc_items=76307566 avg_stage2_home_rpc_batch=111.224332 stage2_home_score_rpc_batches=309885 stage2_home_score_rpc_items=73659084 stage2_home_score_rpc_queries=1576662 stage2_home_score_rpc_request_bytes=1991286552 stage2_home_score_rpc_response_bytes=2371480208 avg_stage2_home_score_queries_per_rpc=5.087894 avg_stage2_home_score_rpc_batch=237.698127 stage2_home_scored_neighbors=139098637 home_scores_per_expansion=1.822868 stage2_migrations=12343 home_match_rate=0.846973 stage2_final_edges=4664430 stage2_cross_edges_stage1_home=1035130 stage2_cross_edges_final_home=796798 cross_edge_reduction_ratio=0.230244 failed=0 rpc_timeouts=0 reverse_aggregate_batches=0 reverse_aggregate_logical_requests=0 reverse_aggregate_ops=0 avg_reverse_aggregate_logicals=0.000000 avg_reverse_aggregate_ops=0.000000 max_backlog=46689 admission_window=65536 completion_outstanding=0 completion_incomplete=0 completed_behind_hole=0 completion_logical_full_failures=0 completion_physical_full_failures=0 pressure_yields=1107342 stage2_batches=10091 avg_stage2_batch_size=7.993162 packing_target_batch=8 packing_admit_queue_avg=20909.287583 packing_admit_queue_max=46689 packing_batch_1_7=24 packing_batch_8=10067 packing_assembly_batches=10091 packing_assembly_wait_ms=428051497.285432 packing_arrival_interval_us=2023 packing_waited_batches=24 packing_wait_ms=334.698000 packing_target_flushes=10067 packing_deadline_flushes=24 packing_cleanup_flushes=0 stage2_phase_search_attempts=10091 stage2_phase_search_task_attempts=80659 stage2_phase_search_elapsed_ms=5858761.592116 avg_stage2_phase_search_us_per_task=72636.179374 stage2_phase_freeze_prune_attempts=11764 stage2_phase_freeze_prune_task_attempts=94042 stage2_phase_freeze_prune_elapsed_ms=205625.244351 avg_stage2_phase_freeze_prune_us_per_task=2186.525641 stage2_phase_reverse_prepare_attempts=10091 stage2_phase_reverse_prepare_task_attempts=80659 stage2_phase_reverse_prepare_elapsed_ms=1120868.888771 avg_stage2_phase_reverse_prepare_us_per_task=13896.389600 stage2_phase_placement_authority_attempts=10091 stage2_phase_placement_authority_task_attempts=80659 stage2_phase_placement_authority_elapsed_ms=279522.024293 avg_stage2_phase_placement_authority_us_per_task=3465.478425 stage2_phase_completion_handoff_attempts=10091 stage2_phase_completion_handoff_task_attempts=80659 stage2_phase_completion_handoff_elapsed_ms=18.945919 avg_stage2_phase_completion_handoff_us_per_task=0.234889 stage2_phase_finalize_attempts=10091 stage2_phase_finalize_task_attempts=80659 stage2_phase_finalize_elapsed_ms=100.034722 avg_stage2_phase_finalize_us_per_task=1.240218 maintenance_worker_idle_waits=775616 maintenance_worker_idle_ms=485757.021544 maintenance_lost_wake_avoided=148092 maintenance_targeted_wakes=4144770 maintenance_generic_wakes=44491 maintenance_broadcast_wakes=0 maintenance_context_slots_scanned=9591344 maintenance_ready_notifications=2037931 maintenance_ready_stale_notifications=146 maintenance_ready_tickets_drained=1457189 maintenance_ready_overflow_scans=0 maintenance_ready_fallback_scans=599743 stage2_search_lane_lease_limit=32 stage2_search_lane_lease_peak=32 stage2_search_lane_lease_blocked=4209 maintenance_worker_observed_idle_ratio=0.337197 maintenance_worker_observed_busy_ratio=0.662803 physical_stage1_items=80659 physical_stage1_total_ns=349426639351 physical_stage1_search_ns=318363631373 physical_stage1_prune_ns=21299770833 physical_stage1_allocate_write_ns=7224006857 physical_stage1_backlink_ns=1594796175 physical_stage1_candidates=10319372 physical_stage1_remote_frontier_items=75007864 physical_stage1_neighbors=4484714 peer_stage1_enqueued=65441 peer_stage1_processed=65441 peer_stage1_items=129062 avg_peer_stage1_items=1.972189 peer_stage1_rate_per_sec=716.724706 peer_stage1_max_queue=47 peer_stage1_active_workers=0 peer_stage2_home_enqueued=303199 peer_stage2_home_processed=303199 peer_stage2_home_items=40770971 avg_peer_stage2_home_items=134.469345 peer_stage2_home_max_queue=37 peer_stage2_home_response_queue_drops=0 peer_stage2_home_response_send_wait_ms=13799.176050 avg_peer_stage2_home_queue_wait_us=98.408735 avg_peer_stage2_home_execution_us=78.024722 peer_stage1_release_deferred_batches=61 peer_stage1_release_deferred_items=89 peer_stage1_duplicate_retry_responses=0 peer_stage1_admission_retry_responses=0 peer_stage1_retry_response_drops=0 peer_stage1_admission_waiters=0 peer_stage1_admission_waiter_items=0 peer_stage1_admission_owned_items=0 peer_stage1_admission_wake_coverage=0 peer_stage1_admission_parked=0 peer_stage1_admission_woken=0 peer_stage1_admission_reparked=0 peer_stage1_max_admission_waiters=0 peer_stage1_duplicate_coalesced=6 peer_reverse_enqueued=21266 peer_reverse_processed=21266 peer_reverse_remaining=0 peer_reverse_items_enqueued=444412 peer_reverse_items_processed=444412 peer_reverse_rate_per_sec=2467.969348 peer_reverse_failed=2 peer_reverse_max_queue=97 reclaim_pending=5893 reclaim_reused=6450 dynamic_high_watermark=21177007104 stage2_remaining=0 cleanup_remaining=0 active_contexts=0 active_context_limit=48 repair_remaining=0 remaining=0
[STATUS]: storage-owner maintenance observation: enqueued=80659 stage2_enqueued=80659 cleanup_enqueued=0 stage2_tasks_done=80659 stage2_finalized_live=80659 cleanup_processed=0 stale=0 stage2_completion_ratio=1.000000 live_stage2_completion_ratio=1.000000 avg_stage2_delay_ms=43195.975951 p99_stage2_delay_upper_ms=30000.000000 p99_stage2_delay_over_30s=true stage2_delay_histogram=0,0,0,0,0,0,6,13,13,43,227,465,1719,1517,3952,6008,10951,55745 max_stage2_delay_ms=79461.330746 compaction_batch_target=32 compaction_max_delay_ms=25.000000 stage2_rate_per_sec=435.819475 stage1_search_budget_exhausted=0 stage2_search_budget_exhausted=0 stage2_continuations=80659 stage2_remote_frontier_items=75007864 avg_stage2_remote_frontier=929.937936 stage2_remote_expansions=2593042 avg_stage2_remote_expansions=32.148204 stage2_scored_candidates=147197044 avg_stage2_scored_candidates=1824.930188 stage2_graph_read_waves=406305 avg_stage2_expansions_per_graph_wave=6.382009 stage2_graph_unique_reads=2648482 stage2_graph_prefetch_issued=2080340 stage2_graph_prefetch_hits=2024900 stage2_graph_prefetch_wasted=55440 stage2_graph_prefetch_promotion_ratio=0.973351 stage2_graph_issue_width_current=16 stage2_vector_read_waves=960781 avg_stage2_scores_per_vector_wave=153.205615 stage2_vector_unique_reads=81746549 stage2_home_rpc_batches=686069 stage2_home_rpc_items=76307566 avg_stage2_home_rpc_batch=111.224332 stage2_home_score_rpc_batches=309885 stage2_home_score_rpc_items=73659084 stage2_home_score_rpc_queries=1576662 stage2_home_score_rpc_request_bytes=1991286552 stage2_home_score_rpc_response_bytes=2371480208 avg_stage2_home_score_queries_per_rpc=5.087894 avg_stage2_home_score_rpc_batch=237.698127 stage2_home_scored_neighbors=139098637 home_scores_per_expansion=1.822868 stage2_migrations=12343 home_match_rate=0.846973 stage2_final_edges=4664430 stage2_cross_edges_stage1_home=1035130 stage2_cross_edges_final_home=796798 cross_edge_reduction_ratio=0.230244 failed=0 rpc_timeouts=0 reverse_aggregate_batches=0 reverse_aggregate_logical_requests=0 reverse_aggregate_ops=0 avg_reverse_aggregate_logicals=0.000000 avg_reverse_aggregate_ops=0.000000 max_backlog=46689 admission_window=65536 completion_outstanding=0 completion_incomplete=0 completed_behind_hole=0 completion_logical_full_failures=0 completion_physical_full_failures=0 pressure_yields=1107342 stage2_batches=10091 avg_stage2_batch_size=7.993162 packing_target_batch=8 packing_admit_queue_avg=20909.287583 packing_admit_queue_max=46689 packing_batch_1_7=24 packing_batch_8=10067 packing_assembly_batches=10091 packing_assembly_wait_ms=428051497.285432 packing_arrival_interval_us=2023 packing_waited_batches=24 packing_wait_ms=334.698000 packing_target_flushes=10067 packing_deadline_flushes=24 packing_cleanup_flushes=0 stage2_phase_search_attempts=10091 stage2_phase_search_task_attempts=80659 stage2_phase_search_elapsed_ms=5858761.592116 avg_stage2_phase_search_us_per_task=72636.179374 stage2_phase_freeze_prune_attempts=11764 stage2_phase_freeze_prune_task_attempts=94042 stage2_phase_freeze_prune_elapsed_ms=205625.244351 avg_stage2_phase_freeze_prune_us_per_task=2186.525641 stage2_phase_reverse_prepare_attempts=10091 stage2_phase_reverse_prepare_task_attempts=80659 stage2_phase_reverse_prepare_elapsed_ms=1120868.888771 avg_stage2_phase_reverse_prepare_us_per_task=13896.389600 stage2_phase_placement_authority_attempts=10091 stage2_phase_placement_authority_task_attempts=80659 stage2_phase_placement_authority_elapsed_ms=279522.024293 avg_stage2_phase_placement_authority_us_per_task=3465.478425 stage2_phase_completion_handoff_attempts=10091 stage2_phase_completion_handoff_task_attempts=80659 stage2_phase_completion_handoff_elapsed_ms=18.945919 avg_stage2_phase_completion_handoff_us_per_task=0.234889 stage2_phase_finalize_attempts=10091 stage2_phase_finalize_task_attempts=80659 stage2_phase_finalize_elapsed_ms=100.034722 avg_stage2_phase_finalize_us_per_task=1.240218 maintenance_worker_idle_waits=779584 maintenance_worker_idle_ms=525670.937790 maintenance_lost_wake_avoided=148092 maintenance_targeted_wakes=4144770 maintenance_generic_wakes=44491 maintenance_broadcast_wakes=0 maintenance_context_slots_scanned=9654832 maintenance_ready_notifications=2037931 maintenance_ready_stale_notifications=146 maintenance_ready_tickets_drained=1457189 maintenance_ready_overflow_scans=0 maintenance_ready_fallback_scans=603717 stage2_search_lane_lease_limit=32 stage2_search_lane_lease_peak=32 stage2_search_lane_lease_blocked=4209 maintenance_worker_observed_idle_ratio=0.355040 maintenance_worker_observed_busy_ratio=0.644960 physical_stage1_items=80659 physical_stage1_total_ns=349426639351 physical_stage1_search_ns=318363631373 physical_stage1_prune_ns=21299770833 physical_stage1_allocate_write_ns=7224006857 physical_stage1_backlink_ns=1594796175 physical_stage1_candidates=10319372 physical_stage1_remote_frontier_items=75007864 physical_stage1_neighbors=4484714 peer_stage1_enqueued=65441 peer_stage1_processed=65441 peer_stage1_items=129062 avg_peer_stage1_items=1.972189 peer_stage1_rate_per_sec=697.352224 peer_stage1_max_queue=47 peer_stage1_active_workers=0 peer_stage2_home_enqueued=303199 peer_stage2_home_processed=303199 peer_stage2_home_items=40770971 avg_peer_stage2_home_items=134.469345 peer_stage2_home_max_queue=37 peer_stage2_home_response_queue_drops=0 peer_stage2_home_response_send_wait_ms=13799.176050 avg_peer_stage2_home_queue_wait_us=98.408735 avg_peer_stage2_home_execution_us=78.024722 peer_stage1_release_deferred_batches=61 peer_stage1_release_deferred_items=89 peer_stage1_duplicate_retry_responses=0 peer_stage1_admission_retry_responses=0 peer_stage1_retry_response_drops=0 peer_stage1_admission_waiters=0 peer_stage1_admission_waiter_items=0 peer_stage1_admission_owned_items=0 peer_stage1_admission_wake_coverage=0 peer_stage1_admission_parked=0 peer_stage1_admission_woken=0 peer_stage1_admission_reparked=0 peer_stage1_max_admission_waiters=0 peer_stage1_duplicate_coalesced=6 peer_reverse_enqueued=21266 peer_reverse_processed=21266 peer_reverse_remaining=0 peer_reverse_items_enqueued=444412 peer_reverse_items_processed=444412 peer_reverse_rate_per_sec=2401.262157 peer_reverse_failed=2 peer_reverse_max_queue=97 reclaim_pending=5893 reclaim_reused=6450 dynamic_high_watermark=21177007104 stage2_remaining=0 cleanup_remaining=0 active_contexts=0 active_context_limit=48 repair_remaining=0 remaining=0
[STATUS]: storage-owner maintenance observation: enqueued=80659 stage2_enqueued=80659 cleanup_enqueued=0 stage2_tasks_done=80659 stage2_finalized_live=80659 cleanup_processed=0 stale=0 stage2_completion_ratio=1.000000 live_stage2_completion_ratio=1.000000 avg_stage2_delay_ms=43195.975951 p99_stage2_delay_upper_ms=30000.000000 p99_stage2_delay_over_30s=true stage2_delay_histogram=0,0,0,0,0,0,6,13,13,43,227,465,1719,1517,3952,6008,10951,55745 max_stage2_delay_ms=79461.330746 compaction_batch_target=32 compaction_max_delay_ms=25.000000 stage2_rate_per_sec=424.349413 stage1_search_budget_exhausted=0 stage2_search_budget_exhausted=0 stage2_continuations=80659 stage2_remote_frontier_items=75007864 avg_stage2_remote_frontier=929.937936 stage2_remote_expansions=2593042 avg_stage2_remote_expansions=32.148204 stage2_scored_candidates=147197044 avg_stage2_scored_candidates=1824.930188 stage2_graph_read_waves=406305 avg_stage2_expansions_per_graph_wave=6.382009 stage2_graph_unique_reads=2648482 stage2_graph_prefetch_issued=2080340 stage2_graph_prefetch_hits=2024900 stage2_graph_prefetch_wasted=55440 stage2_graph_prefetch_promotion_ratio=0.973351 stage2_graph_issue_width_current=16 stage2_vector_read_waves=960781 avg_stage2_scores_per_vector_wave=153.205615 stage2_vector_unique_reads=81746549 stage2_home_rpc_batches=686069 stage2_home_rpc_items=76307566 avg_stage2_home_rpc_batch=111.224332 stage2_home_score_rpc_batches=309885 stage2_home_score_rpc_items=73659084 stage2_home_score_rpc_queries=1576662 stage2_home_score_rpc_request_bytes=1991286552 stage2_home_score_rpc_response_bytes=2371480208 avg_stage2_home_score_queries_per_rpc=5.087894 avg_stage2_home_score_rpc_batch=237.698127 stage2_home_scored_neighbors=139098637 home_scores_per_expansion=1.822868 stage2_migrations=12343 home_match_rate=0.846973 stage2_final_edges=4664430 stage2_cross_edges_stage1_home=1035130 stage2_cross_edges_final_home=796798 cross_edge_reduction_ratio=0.230244 failed=0 rpc_timeouts=0 reverse_aggregate_batches=0 reverse_aggregate_logical_requests=0 reverse_aggregate_ops=0 avg_reverse_aggregate_logicals=0.000000 avg_reverse_aggregate_ops=0.000000 max_backlog=46689 admission_window=65536 completion_outstanding=0 completion_incomplete=0 completed_behind_hole=0 completion_logical_full_failures=0 completion_physical_full_failures=0 pressure_yields=1107342 stage2_batches=10091 avg_stage2_batch_size=7.993162 packing_target_batch=8 packing_admit_queue_avg=20909.287583 packing_admit_queue_max=46689 packing_batch_1_7=24 packing_batch_8=10067 packing_assembly_batches=10091 packing_assembly_wait_ms=428051497.285432 packing_arrival_interval_us=2023 packing_waited_batches=24 packing_wait_ms=334.698000 packing_target_flushes=10067 packing_deadline_flushes=24 packing_cleanup_flushes=0 stage2_phase_search_attempts=10091 stage2_phase_search_task_attempts=80659 stage2_phase_search_elapsed_ms=5858761.592116 avg_stage2_phase_search_us_per_task=72636.179374 stage2_phase_freeze_prune_attempts=11764 stage2_phase_freeze_prune_task_attempts=94042 stage2_phase_freeze_prune_elapsed_ms=205625.244351 avg_stage2_phase_freeze_prune_us_per_task=2186.525641 stage2_phase_reverse_prepare_attempts=10091 stage2_phase_reverse_prepare_task_attempts=80659 stage2_phase_reverse_prepare_elapsed_ms=1120868.888771 avg_stage2_phase_reverse_prepare_us_per_task=13896.389600 stage2_phase_placement_authority_attempts=10091 stage2_phase_placement_authority_task_attempts=80659 stage2_phase_placement_authority_elapsed_ms=279522.024293 avg_stage2_phase_placement_authority_us_per_task=3465.478425 stage2_phase_completion_handoff_attempts=10091 stage2_phase_completion_handoff_task_attempts=80659 stage2_phase_completion_handoff_elapsed_ms=18.945919 avg_stage2_phase_completion_handoff_us_per_task=0.234889 stage2_phase_finalize_attempts=10091 stage2_phase_finalize_task_attempts=80659 stage2_phase_finalize_elapsed_ms=100.034722 avg_stage2_phase_finalize_us_per_task=1.240218 maintenance_worker_idle_waits=783616 maintenance_worker_idle_ms=566228.398557 maintenance_lost_wake_avoided=148092 maintenance_targeted_wakes=4144770 maintenance_generic_wakes=44491 maintenance_broadcast_wakes=0 maintenance_context_slots_scanned=9719344 maintenance_ready_notifications=2037931 maintenance_ready_stale_notifications=146 maintenance_ready_tickets_drained=1457189 maintenance_ready_overflow_scans=0 maintenance_ready_fallback_scans=607693 stage2_search_lane_lease_limit=32 stage2_search_lane_lease_peak=32 stage2_search_lane_lease_blocked=4209 maintenance_worker_observed_idle_ratio=0.372368 maintenance_worker_observed_busy_ratio=0.627632 physical_stage1_items=80659 physical_stage1_total_ns=349426639351 physical_stage1_search_ns=318363631373 physical_stage1_prune_ns=21299770833 physical_stage1_allocate_write_ns=7224006857 physical_stage1_backlink_ns=1594796175 physical_stage1_candidates=10319372 physical_stage1_remote_frontier_items=75007864 physical_stage1_neighbors=4484714 peer_stage1_enqueued=65441 peer_stage1_processed=65441 peer_stage1_items=129062 avg_peer_stage1_items=1.972189 peer_stage1_rate_per_sec=678.999045 peer_stage1_max_queue=47 peer_stage1_active_workers=0 peer_stage2_home_enqueued=303199 peer_stage2_home_processed=303199 peer_stage2_home_items=40770971 avg_peer_stage2_home_items=134.469345 peer_stage2_home_max_queue=37 peer_stage2_home_response_queue_drops=0 peer_stage2_home_response_send_wait_ms=13799.176050 avg_peer_stage2_home_queue_wait_us=98.408735 avg_peer_stage2_home_execution_us=78.024722 peer_stage1_release_deferred_batches=61 peer_stage1_release_deferred_items=89 peer_stage1_duplicate_retry_responses=0 peer_stage1_admission_retry_responses=0 peer_stage1_retry_response_drops=0 peer_stage1_admission_waiters=0 peer_stage1_admission_waiter_items=0 peer_stage1_admission_owned_items=0 peer_stage1_admission_wake_coverage=0 peer_stage1_admission_parked=0 peer_stage1_admission_woken=0 peer_stage1_admission_reparked=0 peer_stage1_max_admission_waiters=0 peer_stage1_duplicate_coalesced=6 peer_reverse_enqueued=21266 peer_reverse_processed=21266 peer_reverse_remaining=0 peer_reverse_items_enqueued=444412 peer_reverse_items_processed=444412 peer_reverse_rate_per_sec=2338.064833 peer_reverse_failed=2 peer_reverse_max_queue=97 reclaim_pending=5893 reclaim_reused=6450 dynamic_high_watermark=21177007104 stage2_remaining=0 cleanup_remaining=0 active_contexts=0 active_context_limit=48 repair_remaining=0 remaining=0
[STATUS]: storage-owner maintenance observation: enqueued=80659 stage2_enqueued=80659 cleanup_enqueued=0 stage2_tasks_done=80659 stage2_finalized_live=80659 cleanup_processed=0 stale=0 stage2_completion_ratio=1.000000 live_stage2_completion_ratio=1.000000 avg_stage2_delay_ms=43195.975951 p99_stage2_delay_upper_ms=30000.000000 p99_stage2_delay_over_30s=true stage2_delay_histogram=0,0,0,0,0,0,6,13,13,43,227,465,1719,1517,3952,6008,10951,55745 max_stage2_delay_ms=79461.330746 compaction_batch_target=32 compaction_max_delay_ms=25.000000 stage2_rate_per_sec=413.469045 stage1_search_budget_exhausted=0 stage2_search_budget_exhausted=0 stage2_continuations=80659 stage2_remote_frontier_items=75007864 avg_stage2_remote_frontier=929.937936 stage2_remote_expansions=2593042 avg_stage2_remote_expansions=32.148204 stage2_scored_candidates=147197044 avg_stage2_scored_candidates=1824.930188 stage2_graph_read_waves=406305 avg_stage2_expansions_per_graph_wave=6.382009 stage2_graph_unique_reads=2648482 stage2_graph_prefetch_issued=2080340 stage2_graph_prefetch_hits=2024900 stage2_graph_prefetch_wasted=55440 stage2_graph_prefetch_promotion_ratio=0.973351 stage2_graph_issue_width_current=16 stage2_vector_read_waves=960781 avg_stage2_scores_per_vector_wave=153.205615 stage2_vector_unique_reads=81746549 stage2_home_rpc_batches=686069 stage2_home_rpc_items=76307566 avg_stage2_home_rpc_batch=111.224332 stage2_home_score_rpc_batches=309885 stage2_home_score_rpc_items=73659084 stage2_home_score_rpc_queries=1576662 stage2_home_score_rpc_request_bytes=1991286552 stage2_home_score_rpc_response_bytes=2371480208 avg_stage2_home_score_queries_per_rpc=5.087894 avg_stage2_home_score_rpc_batch=237.698127 stage2_home_scored_neighbors=139098637 home_scores_per_expansion=1.822868 stage2_migrations=12343 home_match_rate=0.846973 stage2_final_edges=4664430 stage2_cross_edges_stage1_home=1035130 stage2_cross_edges_final_home=796798 cross_edge_reduction_ratio=0.230244 failed=0 rpc_timeouts=0 reverse_aggregate_batches=0 reverse_aggregate_logical_requests=0 reverse_aggregate_ops=0 avg_reverse_aggregate_logicals=0.000000 avg_reverse_aggregate_ops=0.000000 max_backlog=46689 admission_window=65536 completion_outstanding=0 completion_incomplete=0 completed_behind_hole=0 completion_logical_full_failures=0 completion_physical_full_failures=0 pressure_yields=1107342 stage2_batches=10091 avg_stage2_batch_size=7.993162 packing_target_batch=8 packing_admit_queue_avg=20909.287583 packing_admit_queue_max=46689 packing_batch_1_7=24 packing_batch_8=10067 packing_assembly_batches=10091 packing_assembly_wait_ms=428051497.285432 packing_arrival_interval_us=2023 packing_waited_batches=24 packing_wait_ms=334.698000 packing_target_flushes=10067 packing_deadline_flushes=24 packing_cleanup_flushes=0 stage2_phase_search_attempts=10091 stage2_phase_search_task_attempts=80659 stage2_phase_search_elapsed_ms=5858761.592116 avg_stage2_phase_search_us_per_task=72636.179374 stage2_phase_freeze_prune_attempts=11764 stage2_phase_freeze_prune_task_attempts=94042 stage2_phase_freeze_prune_elapsed_ms=205625.244351 avg_stage2_phase_freeze_prune_us_per_task=2186.525641 stage2_phase_reverse_prepare_attempts=10091 stage2_phase_reverse_prepare_task_attempts=80659 stage2_phase_reverse_prepare_elapsed_ms=1120868.888771 avg_stage2_phase_reverse_prepare_us_per_task=13896.389600 stage2_phase_placement_authority_attempts=10091 stage2_phase_placement_authority_task_attempts=80659 stage2_phase_placement_authority_elapsed_ms=279522.024293 avg_stage2_phase_placement_authority_us_per_task=3465.478425 stage2_phase_completion_handoff_attempts=10091 stage2_phase_completion_handoff_task_attempts=80659 stage2_phase_completion_handoff_elapsed_ms=18.945919 avg_stage2_phase_completion_handoff_us_per_task=0.234889 stage2_phase_finalize_attempts=10091 stage2_phase_finalize_task_attempts=80659 stage2_phase_finalize_elapsed_ms=100.034722 avg_stage2_phase_finalize_us_per_task=1.240218 maintenance_worker_idle_waits=787584 maintenance_worker_idle_ms=606141.976671 maintenance_lost_wake_avoided=148092 maintenance_targeted_wakes=4144770 maintenance_generic_wakes=44491 maintenance_broadcast_wakes=0 maintenance_context_slots_scanned=9782832 maintenance_ready_notifications=2037931 maintenance_ready_stale_notifications=146 maintenance_ready_tickets_drained=1457189 maintenance_ready_overflow_scans=0 maintenance_ready_fallback_scans=611670 stage2_search_lane_lease_limit=32 stage2_search_lane_lease_peak=32 stage2_search_lane_lease_blocked=4209 maintenance_worker_observed_idle_ratio=0.388396 maintenance_worker_observed_busy_ratio=0.611604 physical_stage1_items=80659 physical_stage1_total_ns=349426639351 physical_stage1_search_ns=318363631373 physical_stage1_prune_ns=21299770833 physical_stage1_allocate_write_ns=7224006857 physical_stage1_backlink_ns=1594796175 physical_stage1_candidates=10319372 physical_stage1_remote_frontier_items=75007864 physical_stage1_neighbors=4484714 peer_stage1_enqueued=65441 peer_stage1_processed=65441 peer_stage1_items=129062 avg_peer_stage1_items=1.972189 peer_stage1_rate_per_sec=661.589430 peer_stage1_max_queue=47 peer_stage1_active_workers=0 peer_stage2_home_enqueued=303199 peer_stage2_home_processed=303199 peer_stage2_home_items=40770971 avg_peer_stage2_home_items=134.469345 peer_stage2_home_max_queue=37 peer_stage2_home_response_queue_drops=0 peer_stage2_home_response_send_wait_ms=13799.176050 avg_peer_stage2_home_queue_wait_us=98.408735 avg_peer_stage2_home_execution_us=78.024722 peer_stage1_release_deferred_batches=61 peer_stage1_release_deferred_items=89 peer_stage1_duplicate_retry_responses=0 peer_stage1_admission_retry_responses=0 peer_stage1_retry_response_drops=0 peer_stage1_admission_waiters=0 peer_stage1_admission_waiter_items=0 peer_stage1_admission_owned_items=0 peer_stage1_admission_wake_coverage=0 peer_stage1_admission_parked=0 peer_stage1_admission_woken=0 peer_stage1_admission_reparked=0 peer_stage1_max_admission_waiters=0 peer_stage1_duplicate_coalesced=6 peer_reverse_enqueued=21266 peer_reverse_processed=21266 peer_reverse_remaining=0 peer_reverse_items_enqueued=444412 peer_reverse_items_processed=444412 peer_reverse_rate_per_sec=2278.116579 peer_reverse_failed=2 peer_reverse_max_queue=97 reclaim_pending=5893 reclaim_reused=6450 dynamic_high_watermark=21177007104 stage2_remaining=0 cleanup_remaining=0 active_contexts=0 active_context_limit=48 repair_remaining=0 remaining=0
[STATUS]: storage-owner maintenance observation: enqueued=80659 stage2_enqueued=80659 cleanup_enqueued=0 stage2_tasks_done=80659 stage2_finalized_live=80659 cleanup_processed=0 stale=0 stage2_completion_ratio=1.000000 live_stage2_completion_ratio=1.000000 avg_stage2_delay_ms=43195.975951 p99_stage2_delay_upper_ms=30000.000000 p99_stage2_delay_over_30s=true stage2_delay_histogram=0,0,0,0,0,0,6,13,13,43,227,465,1719,1517,3952,6008,10951,55745 max_stage2_delay_ms=79461.330746 compaction_batch_target=32 compaction_max_delay_ms=25.000000 stage2_rate_per_sec=403.135335 stage1_search_budget_exhausted=0 stage2_search_budget_exhausted=0 stage2_continuations=80659 stage2_remote_frontier_items=75007864 avg_stage2_remote_frontier=929.937936 stage2_remote_expansions=2593042 avg_stage2_remote_expansions=32.148204 stage2_scored_candidates=147197044 avg_stage2_scored_candidates=1824.930188 stage2_graph_read_waves=406305 avg_stage2_expansions_per_graph_wave=6.382009 stage2_graph_unique_reads=2648482 stage2_graph_prefetch_issued=2080340 stage2_graph_prefetch_hits=2024900 stage2_graph_prefetch_wasted=55440 stage2_graph_prefetch_promotion_ratio=0.973351 stage2_graph_issue_width_current=16 stage2_vector_read_waves=960781 avg_stage2_scores_per_vector_wave=153.205615 stage2_vector_unique_reads=81746549 stage2_home_rpc_batches=686069 stage2_home_rpc_items=76307566 avg_stage2_home_rpc_batch=111.224332 stage2_home_score_rpc_batches=309885 stage2_home_score_rpc_items=73659084 stage2_home_score_rpc_queries=1576662 stage2_home_score_rpc_request_bytes=1991286552 stage2_home_score_rpc_response_bytes=2371480208 avg_stage2_home_score_queries_per_rpc=5.087894 avg_stage2_home_score_rpc_batch=237.698127 stage2_home_scored_neighbors=139098637 home_scores_per_expansion=1.822868 stage2_migrations=12343 home_match_rate=0.846973 stage2_final_edges=4664430 stage2_cross_edges_stage1_home=1035130 stage2_cross_edges_final_home=796798 cross_edge_reduction_ratio=0.230244 failed=0 rpc_timeouts=0 reverse_aggregate_batches=0 reverse_aggregate_logical_requests=0 reverse_aggregate_ops=0 avg_reverse_aggregate_logicals=0.000000 avg_reverse_aggregate_ops=0.000000 max_backlog=46689 admission_window=65536 completion_outstanding=0 completion_incomplete=0 completed_behind_hole=0 completion_logical_full_failures=0 completion_physical_full_failures=0 pressure_yields=1107342 stage2_batches=10091 avg_stage2_batch_size=7.993162 packing_target_batch=8 packing_admit_queue_avg=20909.287583 packing_admit_queue_max=46689 packing_batch_1_7=24 packing_batch_8=10067 packing_assembly_batches=10091 packing_assembly_wait_ms=428051497.285432 packing_arrival_interval_us=2023 packing_waited_batches=24 packing_wait_ms=334.698000 packing_target_flushes=10067 packing_deadline_flushes=24 packing_cleanup_flushes=0 stage2_phase_search_attempts=10091 stage2_phase_search_task_attempts=80659 stage2_phase_search_elapsed_ms=5858761.592116 avg_stage2_phase_search_us_per_task=72636.179374 stage2_phase_freeze_prune_attempts=11764 stage2_phase_freeze_prune_task_attempts=94042 stage2_phase_freeze_prune_elapsed_ms=205625.244351 avg_stage2_phase_freeze_prune_us_per_task=2186.525641 stage2_phase_reverse_prepare_attempts=10091 stage2_phase_reverse_prepare_task_attempts=80659 stage2_phase_reverse_prepare_elapsed_ms=1120868.888771 avg_stage2_phase_reverse_prepare_us_per_task=13896.389600 stage2_phase_placement_authority_attempts=10091 stage2_phase_placement_authority_task_attempts=80659 stage2_phase_placement_authority_elapsed_ms=279522.024293 avg_stage2_phase_placement_authority_us_per_task=3465.478425 stage2_phase_completion_handoff_attempts=10091 stage2_phase_completion_handoff_task_attempts=80659 stage2_phase_completion_handoff_elapsed_ms=18.945919 avg_stage2_phase_completion_handoff_us_per_task=0.234889 stage2_phase_finalize_attempts=10091 stage2_phase_finalize_task_attempts=80659 stage2_phase_finalize_elapsed_ms=100.034722 avg_stage2_phase_finalize_us_per_task=1.240218 maintenance_worker_idle_waits=791488 maintenance_worker_idle_ms=645414.249257 maintenance_lost_wake_avoided=148092 maintenance_targeted_wakes=4144770 maintenance_generic_wakes=44491 maintenance_broadcast_wakes=0 maintenance_context_slots_scanned=9845296 maintenance_ready_notifications=2037931 maintenance_ready_stale_notifications=146 maintenance_ready_tickets_drained=1457189 maintenance_ready_overflow_scans=0 maintenance_ready_fallback_scans=615645 stage2_search_lane_lease_limit=32 stage2_search_lane_lease_peak=32 stage2_search_lane_lease_blocked=4209 maintenance_worker_observed_idle_ratio=0.403224 maintenance_worker_observed_busy_ratio=0.596776 physical_stage1_items=80659 physical_stage1_total_ns=349426639351 physical_stage1_search_ns=318363631373 physical_stage1_prune_ns=21299770833 physical_stage1_allocate_write_ns=7224006857 physical_stage1_backlink_ns=1594796175 physical_stage1_candidates=10319372 physical_stage1_remote_frontier_items=75007864 physical_stage1_neighbors=4484714 peer_stage1_enqueued=65441 peer_stage1_processed=65441 peer_stage1_items=129062 avg_peer_stage1_items=1.972189 peer_stage1_rate_per_sec=645.054521 peer_stage1_max_queue=47 peer_stage1_active_workers=0 peer_stage2_home_enqueued=303199 peer_stage2_home_processed=303199 peer_stage2_home_items=40770971 avg_peer_stage2_home_items=134.469345 peer_stage2_home_max_queue=37 peer_stage2_home_response_queue_drops=0 peer_stage2_home_response_send_wait_ms=13799.176050 avg_peer_stage2_home_queue_wait_us=98.408735 avg_peer_stage2_home_execution_us=78.024722 peer_stage1_release_deferred_batches=61 peer_stage1_release_deferred_items=89 peer_stage1_duplicate_retry_responses=0 peer_stage1_admission_retry_responses=0 peer_stage1_retry_response_drops=0 peer_stage1_admission_waiters=0 peer_stage1_admission_waiter_items=0 peer_stage1_admission_owned_items=0 peer_stage1_admission_wake_coverage=0 peer_stage1_admission_parked=0 peer_stage1_admission_woken=0 peer_stage1_admission_reparked=0 peer_stage1_max_admission_waiters=0 peer_stage1_duplicate_coalesced=6 peer_reverse_enqueued=21266 peer_reverse_processed=21266 peer_reverse_remaining=0 peer_reverse_items_enqueued=444412 peer_reverse_items_processed=444412 peer_reverse_rate_per_sec=2221.180283 peer_reverse_failed=2 peer_reverse_max_queue=97 reclaim_pending=5893 reclaim_reused=6450 dynamic_high_watermark=21177007104 stage2_remaining=0 cleanup_remaining=0 active_contexts=0 active_context_limit=48 repair_remaining=0 remaining=0
[STATUS]: storage-owner maintenance observation: enqueued=80659 stage2_enqueued=80659 cleanup_enqueued=0 stage2_tasks_done=80659 stage2_finalized_live=80659 cleanup_processed=0 stale=0 stage2_completion_ratio=1.000000 live_stage2_completion_ratio=1.000000 avg_stage2_delay_ms=43195.975951 p99_stage2_delay_upper_ms=30000.000000 p99_stage2_delay_over_30s=true stage2_delay_histogram=0,0,0,0,0,0,6,13,13,43,227,465,1719,1517,3952,6008,10951,55745 max_stage2_delay_ms=79461.330746 compaction_batch_target=32 compaction_max_delay_ms=25.000000 stage2_rate_per_sec=393.304326 stage1_search_budget_exhausted=0 stage2_search_budget_exhausted=0 stage2_continuations=80659 stage2_remote_frontier_items=75007864 avg_stage2_remote_frontier=929.937936 stage2_remote_expansions=2593042 avg_stage2_remote_expansions=32.148204 stage2_scored_candidates=147197044 avg_stage2_scored_candidates=1824.930188 stage2_graph_read_waves=406305 avg_stage2_expansions_per_graph_wave=6.382009 stage2_graph_unique_reads=2648482 stage2_graph_prefetch_issued=2080340 stage2_graph_prefetch_hits=2024900 stage2_graph_prefetch_wasted=55440 stage2_graph_prefetch_promotion_ratio=0.973351 stage2_graph_issue_width_current=16 stage2_vector_read_waves=960781 avg_stage2_scores_per_vector_wave=153.205615 stage2_vector_unique_reads=81746549 stage2_home_rpc_batches=686069 stage2_home_rpc_items=76307566 avg_stage2_home_rpc_batch=111.224332 stage2_home_score_rpc_batches=309885 stage2_home_score_rpc_items=73659084 stage2_home_score_rpc_queries=1576662 stage2_home_score_rpc_request_bytes=1991286552 stage2_home_score_rpc_response_bytes=2371480208 avg_stage2_home_score_queries_per_rpc=5.087894 avg_stage2_home_score_rpc_batch=237.698127 stage2_home_scored_neighbors=139098637 home_scores_per_expansion=1.822868 stage2_migrations=12343 home_match_rate=0.846973 stage2_final_edges=4664430 stage2_cross_edges_stage1_home=1035130 stage2_cross_edges_final_home=796798 cross_edge_reduction_ratio=0.230244 failed=0 rpc_timeouts=0 reverse_aggregate_batches=0 reverse_aggregate_logical_requests=0 reverse_aggregate_ops=0 avg_reverse_aggregate_logicals=0.000000 avg_reverse_aggregate_ops=0.000000 max_backlog=46689 admission_window=65536 completion_outstanding=0 completion_incomplete=0 completed_behind_hole=0 completion_logical_full_failures=0 completion_physical_full_failures=0 pressure_yields=1107342 stage2_batches=10091 avg_stage2_batch_size=7.993162 packing_target_batch=8 packing_admit_queue_avg=20909.287583 packing_admit_queue_max=46689 packing_batch_1_7=24 packing_batch_8=10067 packing_assembly_batches=10091 packing_assembly_wait_ms=428051497.285432 packing_arrival_interval_us=2023 packing_waited_batches=24 packing_wait_ms=334.698000 packing_target_flushes=10067 packing_deadline_flushes=24 packing_cleanup_flushes=0 stage2_phase_search_attempts=10091 stage2_phase_search_task_attempts=80659 stage2_phase_search_elapsed_ms=5858761.592116 avg_stage2_phase_search_us_per_task=72636.179374 stage2_phase_freeze_prune_attempts=11764 stage2_phase_freeze_prune_task_attempts=94042 stage2_phase_freeze_prune_elapsed_ms=205625.244351 avg_stage2_phase_freeze_prune_us_per_task=2186.525641 stage2_phase_reverse_prepare_attempts=10091 stage2_phase_reverse_prepare_task_attempts=80659 stage2_phase_reverse_prepare_elapsed_ms=1120868.888771 avg_stage2_phase_reverse_prepare_us_per_task=13896.389600 stage2_phase_placement_authority_attempts=10091 stage2_phase_placement_authority_task_attempts=80659 stage2_phase_placement_authority_elapsed_ms=279522.024293 avg_stage2_phase_placement_authority_us_per_task=3465.478425 stage2_phase_completion_handoff_attempts=10091 stage2_phase_completion_handoff_task_attempts=80659 stage2_phase_completion_handoff_elapsed_ms=18.945919 avg_stage2_phase_completion_handoff_us_per_task=0.234889 stage2_phase_finalize_attempts=10091 stage2_phase_finalize_task_attempts=80659 stage2_phase_finalize_elapsed_ms=100.034722 avg_stage2_phase_finalize_us_per_task=1.240218 maintenance_worker_idle_waits=795520 maintenance_worker_idle_ms=685972.155821 maintenance_lost_wake_avoided=148092 maintenance_targeted_wakes=4144770 maintenance_generic_wakes=44491 maintenance_broadcast_wakes=0 maintenance_context_slots_scanned=9909808 maintenance_ready_notifications=2037931 maintenance_ready_stale_notifications=146 maintenance_ready_tickets_drained=1457189 maintenance_ready_overflow_scans=0 maintenance_ready_fallback_scans=619622 stage2_search_lane_lease_limit=32 stage2_search_lane_lease_peak=32 stage2_search_lane_lease_blocked=4209 maintenance_worker_observed_idle_ratio=0.418112 maintenance_worker_observed_busy_ratio=0.581888 physical_stage1_items=80659 physical_stage1_total_ns=349426639351 physical_stage1_search_ns=318363631373 physical_stage1_prune_ns=21299770833 physical_stage1_allocate_write_ns=7224006857 physical_stage1_backlink_ns=1594796175 physical_stage1_candidates=10319372 physical_stage1_remote_frontier_items=75007864 physical_stage1_neighbors=4484714 peer_stage1_enqueued=65441 peer_stage1_processed=65441 peer_stage1_items=129062 avg_peer_stage1_items=1.972189 peer_stage1_rate_per_sec=629.323980 peer_stage1_max_queue=47 peer_stage1_active_workers=0 peer_stage2_home_enqueued=303199 peer_stage2_home_processed=303199 peer_stage2_home_items=40770971 avg_peer_stage2_home_items=134.469345 peer_stage2_home_max_queue=37 peer_stage2_home_response_queue_drops=0 peer_stage2_home_response_send_wait_ms=13799.176050 avg_peer_stage2_home_queue_wait_us=98.408735 avg_peer_stage2_home_execution_us=78.024722 peer_stage1_release_deferred_batches=61 peer_stage1_release_deferred_items=89 peer_stage1_duplicate_retry_responses=0 peer_stage1_admission_retry_responses=0 peer_stage1_retry_response_drops=0 peer_stage1_admission_waiters=0 peer_stage1_admission_waiter_items=0 peer_stage1_admission_owned_items=0 peer_stage1_admission_wake_coverage=0 peer_stage1_admission_parked=0 peer_stage1_admission_woken=0 peer_stage1_admission_reparked=0 peer_stage1_max_admission_waiters=0 peer_stage1_duplicate_coalesced=6 peer_reverse_enqueued=21266 peer_reverse_processed=21266 peer_reverse_remaining=0 peer_reverse_items_enqueued=444412 peer_reverse_items_processed=444412 peer_reverse_rate_per_sec=2167.013750 peer_reverse_failed=2 peer_reverse_max_queue=97 reclaim_pending=5893 reclaim_reused=6450 dynamic_high_watermark=21177007104 stage2_remaining=0 cleanup_remaining=0 active_contexts=0 active_context_limit=48 repair_remaining=0 remaining=0
[STATUS]: storage-owner maintenance observation: enqueued=80659 stage2_enqueued=80659 cleanup_enqueued=0 stage2_tasks_done=80659 stage2_finalized_live=80659 cleanup_processed=0 stale=0 stage2_completion_ratio=1.000000 live_stage2_completion_ratio=1.000000 avg_stage2_delay_ms=43195.975951 p99_stage2_delay_upper_ms=30000.000000 p99_stage2_delay_over_30s=true stage2_delay_histogram=0,0,0,0,0,0,6,13,13,43,227,465,1719,1517,3952,6008,10951,55745 max_stage2_delay_ms=79461.330746 compaction_batch_target=32 compaction_max_delay_ms=25.000000 stage2_rate_per_sec=383.939358 stage1_search_budget_exhausted=0 stage2_search_budget_exhausted=0 stage2_continuations=80659 stage2_remote_frontier_items=75007864 avg_stage2_remote_frontier=929.937936 stage2_remote_expansions=2593042 avg_stage2_remote_expansions=32.148204 stage2_scored_candidates=147197044 avg_stage2_scored_candidates=1824.930188 stage2_graph_read_waves=406305 avg_stage2_expansions_per_graph_wave=6.382009 stage2_graph_unique_reads=2648482 stage2_graph_prefetch_issued=2080340 stage2_graph_prefetch_hits=2024900 stage2_graph_prefetch_wasted=55440 stage2_graph_prefetch_promotion_ratio=0.973351 stage2_graph_issue_width_current=16 stage2_vector_read_waves=960781 avg_stage2_scores_per_vector_wave=153.205615 stage2_vector_unique_reads=81746549 stage2_home_rpc_batches=686069 stage2_home_rpc_items=76307566 avg_stage2_home_rpc_batch=111.224332 stage2_home_score_rpc_batches=309885 stage2_home_score_rpc_items=73659084 stage2_home_score_rpc_queries=1576662 stage2_home_score_rpc_request_bytes=1991286552 stage2_home_score_rpc_response_bytes=2371480208 avg_stage2_home_score_queries_per_rpc=5.087894 avg_stage2_home_score_rpc_batch=237.698127 stage2_home_scored_neighbors=139098637 home_scores_per_expansion=1.822868 stage2_migrations=12343 home_match_rate=0.846973 stage2_final_edges=4664430 stage2_cross_edges_stage1_home=1035130 stage2_cross_edges_final_home=796798 cross_edge_reduction_ratio=0.230244 failed=0 rpc_timeouts=0 reverse_aggregate_batches=0 reverse_aggregate_logical_requests=0 reverse_aggregate_ops=0 avg_reverse_aggregate_logicals=0.000000 avg_reverse_aggregate_ops=0.000000 max_backlog=46689 admission_window=65536 completion_outstanding=0 completion_incomplete=0 completed_behind_hole=0 completion_logical_full_failures=0 completion_physical_full_failures=0 pressure_yields=1107342 stage2_batches=10091 avg_stage2_batch_size=7.993162 packing_target_batch=8 packing_admit_queue_avg=20909.287583 packing_admit_queue_max=46689 packing_batch_1_7=24 packing_batch_8=10067 packing_assembly_batches=10091 packing_assembly_wait_ms=428051497.285432 packing_arrival_interval_us=2023 packing_waited_batches=24 packing_wait_ms=334.698000 packing_target_flushes=10067 packing_deadline_flushes=24 packing_cleanup_flushes=0 stage2_phase_search_attempts=10091 stage2_phase_search_task_attempts=80659 stage2_phase_search_elapsed_ms=5858761.592116 avg_stage2_phase_search_us_per_task=72636.179374 stage2_phase_freeze_prune_attempts=11764 stage2_phase_freeze_prune_task_attempts=94042 stage2_phase_freeze_prune_elapsed_ms=205625.244351 avg_stage2_phase_freeze_prune_us_per_task=2186.525641 stage2_phase_reverse_prepare_attempts=10091 stage2_phase_reverse_prepare_task_attempts=80659 stage2_phase_reverse_prepare_elapsed_ms=1120868.888771 avg_stage2_phase_reverse_prepare_us_per_task=13896.389600 stage2_phase_placement_authority_attempts=10091 stage2_phase_placement_authority_task_attempts=80659 stage2_phase_placement_authority_elapsed_ms=279522.024293 avg_stage2_phase_placement_authority_us_per_task=3465.478425 stage2_phase_completion_handoff_attempts=10091 stage2_phase_completion_handoff_task_attempts=80659 stage2_phase_completion_handoff_elapsed_ms=18.945919 avg_stage2_phase_completion_handoff_us_per_task=0.234889 stage2_phase_finalize_attempts=10091 stage2_phase_finalize_task_attempts=80659 stage2_phase_finalize_elapsed_ms=100.034722 avg_stage2_phase_finalize_us_per_task=1.240218 maintenance_worker_idle_waits=799488 maintenance_worker_idle_ms=725887.412361 maintenance_lost_wake_avoided=148092 maintenance_targeted_wakes=4144770 maintenance_generic_wakes=44491 maintenance_broadcast_wakes=0 maintenance_context_slots_scanned=9973296 maintenance_ready_notifications=2037931 maintenance_ready_stale_notifications=146 maintenance_ready_tickets_drained=1457189 maintenance_ready_overflow_scans=0 maintenance_ready_fallback_scans=623599 stage2_search_lane_lease_limit=32 stage2_search_lane_lease_peak=32 stage2_search_lane_lease_blocked=4209 maintenance_worker_observed_idle_ratio=0.431906 maintenance_worker_observed_busy_ratio=0.568094 physical_stage1_items=80659 physical_stage1_total_ns=349426639351 physical_stage1_search_ns=318363631373 physical_stage1_prune_ns=21299770833 physical_stage1_allocate_write_ns=7224006857 physical_stage1_backlink_ns=1594796175 physical_stage1_candidates=10319372 physical_stage1_remote_frontier_items=75007864 physical_stage1_neighbors=4484714 peer_stage1_enqueued=65441 peer_stage1_processed=65441 peer_stage1_items=129062 avg_peer_stage1_items=1.972189 peer_stage1_rate_per_sec=614.339149 peer_stage1_max_queue=47 peer_stage1_active_workers=0 peer_stage2_home_enqueued=303199 peer_stage2_home_processed=303199 peer_stage2_home_items=40770971 avg_peer_stage2_home_items=134.469345 peer_stage2_home_max_queue=37 peer_stage2_home_response_queue_drops=0 peer_stage2_home_response_send_wait_ms=13799.176050 avg_peer_stage2_home_queue_wait_us=98.408735 avg_peer_stage2_home_execution_us=78.024722 peer_stage1_release_deferred_batches=61 peer_stage1_release_deferred_items=89 peer_stage1_duplicate_retry_responses=0 peer_stage1_admission_retry_responses=0 peer_stage1_retry_response_drops=0 peer_stage1_admission_waiters=0 peer_stage1_admission_waiter_items=0 peer_stage1_admission_owned_items=0 peer_stage1_admission_wake_coverage=0 peer_stage1_admission_parked=0 peer_stage1_admission_woken=0 peer_stage1_admission_reparked=0 peer_stage1_max_admission_waiters=0 peer_stage1_duplicate_coalesced=6 peer_reverse_enqueued=21266 peer_reverse_processed=21266 peer_reverse_remaining=0 peer_reverse_items_enqueued=444412 peer_reverse_items_processed=444412 peer_reverse_rate_per_sec=2115.414994 peer_reverse_failed=2 peer_reverse_max_queue=97 reclaim_pending=5893 reclaim_reused=6450 dynamic_high_watermark=21177007104 stage2_remaining=0 cleanup_remaining=0 active_contexts=0 active_context_limit=48 repair_remaining=0 remaining=0
