============================================================
                        SERVER
============================================================
num clients:                  1
TCP port:                     1238
IB device:                    <auto>
IB port:                      1
max outstanding CQEs:         64
max send work requests:       4096
max receive work requests:    4096
============================================================
index prefix:                     "/data/xjs/index/dvstor_spacev100m/index/spacev100m_R96_bw128_balanced_pmd32_pq20_schema16"
storage shard:                    "/data/xjs/index/dvstor_spacev100m/index/spacev100m_R96_bw128_balanced_pmd32_pq20_schema16_node5_of5.dat"
storage id:                       4
base vectors:                     100000000
vector ID namespace [0,N):        4294967295
registered memory GiB:            22
====================================================================
1 device(s) found
Selected device: ibp86s0
Selected port state: 4, lid: 8
interleaved policy
num_cores: 112
physical cores per socket: 28
hyperthreading enabled
local process CPU partition: rank 4/5 logical_cpus=22
pairing: 73129 -- 4793
[STATUS]: loaded index metadata from /data/xjs/index/dvstor_spacev100m/index/spacev100m_R96_bw128_balanced_pmd32_pq20_schema16 (layout=plain, vector_data_type=int8)
[STATUS]: storage-owner stage2 candidate width L=128 per shard
allocation size: 23622320128
allocated ALIGNED MEM (no hugepage) at 139297311162432 with buffer size 23622320128
[STATUS]: loading index (19200000128 Bytes) from /data/xjs/index/dvstor_spacev100m/index/spacev100m_R96_bw128_balanced_pmd32_pq20_schema16_node5_of5.dat
[STATUS]: loaded GPU PQ codes (400000000 Bytes) at remote offset 19200004224
[STATUS]: storage-owner idmap loaded entries=20000000 format=owner_sharded_v2_bound immutable_base=true dynamic_shards=256 dynamic_reserved=65536
[STATUS]: compensated physical centroid restored on shard 4: vectors=20000000 entries=4
[STATUS]: register memory and distribute access token
[STATUS]: connect QPs of compute threads
[STATUS]: reserving 64 GPU/bootstrap QPs per compute node
pairing: 73133 -- 4798
pairing: 73139 -- 4803
pairing: 73144 -- 4808
pairing: 73149 -- 4813
pairing: 73154 -- 4818
pairing: 73159 -- 4823
pairing: 73164 -- 4828
pairing: 73169 -- 4833
pairing: 73174 -- 4838
pairing: 73179 -- 4843
pairing: 73184 -- 4848
pairing: 73189 -- 4853
pairing: 73194 -- 4858
pairing: 73199 -- 4863
pairing: 73204 -- 4868
pairing: 73209 -- 4873
pairing: 73214 -- 4878
pairing: 73218 -- 4883
pairing: 73224 -- 4888
pairing: 73229 -- 4893
pairing: 73234 -- 4898
pairing: 73239 -- 4903
pairing: 73244 -- 4908
pairing: 73249 -- 4913
pairing: 73254 -- 4918
pairing: 73259 -- 4923
pairing: 73264 -- 4928
pairing: 73269 -- 4933
pairing: 73274 -- 4938
pairing: 73279 -- 4943
pairing: 73284 -- 4948
pairing: 73289 -- 4953
pairing: 73294 -- 5082
pairing: 73419 -- 5083
pairing: 73420 -- 5084
pairing: 73421 -- 5085
pairing: 73422 -- 5086
pairing: 73423 -- 5087
pairing: 73424 -- 5088
pairing: 73425 -- 5089
pairing: 73426 -- 5090
pairing: 73427 -- 5091
pairing: 73428 -- 5092
pairing: 73429 -- 5093
pairing: 73430 -- 5094
pairing: 73431 -- 5095
pairing: 73432 -- 5096
pairing: 73433 -- 5097
pairing: 73434 -- 5098
pairing: 73435 -- 5099
pairing: 73436 -- 5100
pairing: 73437 -- 5101
pairing: 73438 -- 5102
pairing: 73439 -- 5103
pairing: 73440 -- 5104
pairing: 73441 -- 5105
pairing: 73442 -- 5106
pairing: 73443 -- 5107
pairing: 73444 -- 5108
pairing: 73445 -- 5109
pairing: 73446 -- 5110
pairing: 73447 -- 5111
pairing: 73448 -- 5112
pairing: 73449 -- 5113
[STATUS]: waiting for compute-node startup barrier
1 device(s) found
Selected device: ibp86s0
Selected port state: 4, lid: 8
pairing: 73456 -- 73461
pairing: 73463 -- 73470
pairing: 73472 -- 73477
pairing: 73480 -- 73485
pairing: 73488 -- 73493
pairing: 73496 -- 73501
pairing: 73504 -- 73509
pairing: 73512 -- 73515
pairing: 73519 -- 73523
pairing: 73524 -- 73529
pairing: 73530 -- 73535
pairing: 73536 -- 73541
pairing: 73542 -- 73547
pairing: 73548 -- 73553
pairing: 73554 -- 73559
pairing: 73560 -- 73563
pairing: 73566 -- 73568
pairing: 73569 -- 73572
pairing: 73573 -- 73576
pairing: 73577 -- 73580
pairing: 73581 -- 73584
pairing: 73585 -- 73588
pairing: 73589 -- 73592
pairing: 73594 -- 73593
pairing: 73595 -- 73591
pairing: 73597 -- 73596
pairing: 73598 -- 73599
pairing: 73600 -- 73601
pairing: 73603 -- 73602
pairing: 73604 -- 73605
pairing: 73607 -- 73606
pairing: 73608 -- 73609
[STATUS]: storage-owner peer RDMA QPs per peer: 8
[STATUS]: storage-owner peer QP0 reserved for RPC; data RDMA uses QP1..7
allocated ALIGNED MEM (no hugepage) at 139296243712064 with buffer size 67108864
allocated ALIGNED MEM (no hugepage) at 139296203866176 with buffer size 39839040
[STATUS]: storage-owner peer RPC receive slots per peer: 64 (requested=64)
[STATUS]: storage-owner peer RPC concurrent sends per peer: 16
[STATUS]: storage-owner peer RPC send credits: Stage1/graph are split at depth >= 2; responses use a dedicated sync buffer
[STATUS]: storage-owner peer async response capacity: 32768
[STATUS]: storage-owner Stage2 home RPC combining: enabled logical_capacity=18432 aggregate_capacity=4608 byte_budget=33586224
allocated ALIGNED MEM (no hugepage) at 101744835936256 with buffer size 96256
allocated ALIGNED MEM (no hugepage) at 139296474595392 with buffer size 212992
allocated ALIGNED MEM (no hugepage) at 139296470790208 with buffer size 212992
[STATUS]: storage-owner peer reverse-update workers: 2
[STATUS]: storage-owner peer Stage1 workers: 3; Stage2-home workers: 1 (one reserved; shared lanes borrow authoritative work only)
[STATUS]: storage-owner physical control workers: cleanup=1 placement=1 (separate blocking domains)
[STATUS]: storage-owner peer progress threads: cq=1 response_dispatch=1
[STATUS]: storage-owner Stage1 artifact capacity: 67584 (64-way, per shard=1056) cleanup replay per shard=2048 active migration receipts=131072
[STATUS]: storage-owner peer reverse-update tuning: queue_depth=65536 coalesce_max=256
allocated ALIGNED MEM (no hugepage) at 139296463056960 with buffer size 855296
allocated ALIGNED MEM (no hugepage) at 139296462000192 with buffer size 855296
allocated ALIGNED MEM (no hugepage) at 139296458661952 with buffer size 855296
allocated ALIGNED MEM (no hugepage) at 139296454668352 with buffer size 855296
allocated ALIGNED MEM (no hugepage) at 139296453812288 with buffer size 855296
allocated ALIGNED MEM (no hugepage) at 139296450474048 with buffer size 855296
allocated ALIGNED MEM (no hugepage) at 139296449617984 with buffer size 855296
allocated ALIGNED MEM (no hugepage) at 139296446279744 with buffer size 855296
[STATUS]: storage-owner peer scratch: snapshot_slot=192 graph_slot=832 batch=256 lane_peak_rdma_wrs=56 lane_useful_wave_rdma_wrs=56 global_read_window=224 search_lanes_global=32 search_lanes_credit_derived=16 search_lane_lease_cap=32 search_lanes_physical_per_worker=4 ready_context_runtime_epoch=1 bytes_per_lane=213824 bytes_total=6842368
[STATUS]: storage-owner maintenance workers: 8 (configured=8, admission_baseline_workers=2, context_limit=32, semantic_execution_batch=8, work_conserving=true)
[STATUS]: storage-owner stage2 reverse outbox descriptors: 128 aggregates=128 wire_max_ops=3072 (shared per-peer work-conserving aggregation)
[STATUS]: storage-owner maintenance tuning: protocol=centroid-home-two-stage compaction_batch_target=32 packing_policy=deterministic_b8 packing_tail_wait_us=arrival_adaptive_capped_25000 packing_context_limit=8 backlog_limit=65536 admission_credit=bounded_accepted_backlog admission_window=65536 physical_completion_capacity=65536
[STATUS]: storage-owner peer RDMA read credits: per_data_qp=8 data_qps_per_peer=7 per_peer=56 global=224 shared_cq_read_budget=8095 ordered_snapshot_pairs_per_chain=4 (requested_per_data_qp=16)
[STATUS]: storage-owner online insert tuning: construction_beam=128 snapshot_batch=256 protocol=centroid-home-two-stage
[STATUS]: storage-owner stage1=physical-home local search and backlinks; stage2=generation-fenced home expand+score continuation
[STATUS]: storage-owner responses=foreground direct post; completion=repost by service poller
[STATUS]: storage-owner foreground pipeline: coordinators=12 cpu_lanes=3 (assigned_cpus=22, rpc_parallelism=16)
[STATUS]: storage-owner CPU plan: foreground_cpu=3 foreground_coordinators=12 maintenance=8 peer_stage1=4 (split into isolated Stage1/Stage2-home domains) peer_reverse=2 peer_cleanup=1 peer_placement=1 peer_progress=2 foreground_progress=1
[STATUS]: storage-owner insert runtime enabled on shard 4
[STATUS]: storage-owner maintenance observation: enqueued=131 stage2_enqueued=131 cleanup_enqueued=0 stage2_tasks_done=0 stage2_finalized_live=0 cleanup_processed=0 stale=0 stage2_completion_ratio=0.000000 live_stage2_completion_ratio=0.000000 avg_stage2_delay_ms=0.000000 p99_stage2_delay_upper_ms=0.000000 p99_stage2_delay_over_30s=false stage2_delay_histogram=0,0,0,0,0,0,0,0,0,0,0,0,0,0,0,0,0,0 max_stage2_delay_ms=0.000000 compaction_batch_target=32 compaction_max_delay_ms=25.000000 stage2_rate_per_sec=0.000000 stage1_search_budget_exhausted=0 stage2_search_budget_exhausted=0 stage2_continuations=0 stage2_remote_frontier_items=0 avg_stage2_remote_frontier=0.000000 stage2_remote_expansions=0 avg_stage2_remote_expansions=0.000000 stage2_scored_candidates=0 avg_stage2_scored_candidates=0.000000 stage2_graph_read_waves=0 avg_stage2_expansions_per_graph_wave=0.000000 stage2_graph_unique_reads=0 stage2_graph_prefetch_issued=0 stage2_graph_prefetch_hits=0 stage2_graph_prefetch_wasted=0 stage2_graph_prefetch_promotion_ratio=0.000000 stage2_graph_issue_width_current=4 stage2_vector_read_waves=0 avg_stage2_scores_per_vector_wave=0.000000 stage2_vector_unique_reads=0 stage2_home_rpc_batches=0 stage2_home_rpc_items=0 avg_stage2_home_rpc_batch=0.000000 stage2_home_score_rpc_batches=0 stage2_home_score_rpc_items=0 stage2_home_score_rpc_queries=0 stage2_home_score_rpc_request_bytes=0 stage2_home_score_rpc_response_bytes=0 avg_stage2_home_score_queries_per_rpc=0.000000 avg_stage2_home_score_rpc_batch=0.000000 stage2_home_scored_neighbors=0 home_scores_per_expansion=0.000000 stage2_migrations=0 home_match_rate=0.000000 stage2_final_edges=0 stage2_cross_edges_stage1_home=0 stage2_cross_edges_final_home=0 cross_edge_reduction_ratio=0.000000 failed=0 rpc_timeouts=0 reverse_aggregate_batches=0 reverse_aggregate_logical_requests=0 reverse_aggregate_ops=0 avg_reverse_aggregate_logicals=0.000000 avg_reverse_aggregate_ops=0.000000 max_backlog=131 admission_window=65536 completion_outstanding=131 completion_incomplete=131 completed_behind_hole=0 completion_logical_full_failures=0 completion_physical_full_failures=0 pressure_yields=0 stage2_batches=0 avg_stage2_batch_size=0.000000 packing_target_batch=8 packing_admit_queue_avg=0.000000 packing_admit_queue_max=0 packing_batch_1_7=0 packing_batch_8=0 packing_assembly_batches=0 packing_assembly_wait_ms=0.000000 packing_arrival_interval_us=3310 packing_waited_batches=0 packing_wait_ms=0.000000 packing_target_flushes=0 packing_deadline_flushes=0 packing_cleanup_flushes=0 stage2_phase_search_attempts=0 stage2_phase_search_task_attempts=0 stage2_phase_search_elapsed_ms=0.000000 avg_stage2_phase_search_us_per_task=0.000000 stage2_phase_freeze_prune_attempts=0 stage2_phase_freeze_prune_task_attempts=0 stage2_phase_freeze_prune_elapsed_ms=0.000000 avg_stage2_phase_freeze_prune_us_per_task=0.000000 stage2_phase_reverse_prepare_attempts=0 stage2_phase_reverse_prepare_task_attempts=0 stage2_phase_reverse_prepare_elapsed_ms=0.000000 avg_stage2_phase_reverse_prepare_us_per_task=0.000000 stage2_phase_placement_authority_attempts=0 stage2_phase_placement_authority_task_attempts=0 stage2_phase_placement_authority_elapsed_ms=0.000000 avg_stage2_phase_placement_authority_us_per_task=0.000000 stage2_phase_completion_handoff_attempts=0 stage2_phase_completion_handoff_task_attempts=0 stage2_phase_completion_handoff_elapsed_ms=0.000000 avg_stage2_phase_completion_handoff_us_per_task=0.000000 stage2_phase_finalize_attempts=0 stage2_phase_finalize_task_attempts=0 stage2_phase_finalize_elapsed_ms=0.000000 avg_stage2_phase_finalize_us_per_task=0.000000 maintenance_worker_idle_waits=3584 maintenance_worker_idle_ms=35655.294752 maintenance_lost_wake_avoided=0 maintenance_targeted_wakes=0 maintenance_generic_wakes=89 maintenance_broadcast_wakes=0 maintenance_context_slots_scanned=57216 maintenance_ready_notifications=0 maintenance_ready_stale_notifications=0 maintenance_ready_tickets_drained=0 maintenance_ready_overflow_scans=0 maintenance_ready_fallback_scans=4011 stage2_search_lane_lease_limit=32 stage2_search_lane_lease_peak=0 stage2_search_lane_lease_blocked=0 maintenance_worker_observed_idle_ratio=0.886187 maintenance_worker_observed_busy_ratio=0.113813 physical_stage1_items=131 physical_stage1_total_ns=755730625 physical_stage1_search_ns=719037061 physical_stage1_prune_ns=25604977 physical_stage1_allocate_write_ns=8077378 physical_stage1_backlink_ns=2669227 physical_stage1_candidates=16768 physical_stage1_remote_frontier_items=779724 physical_stage1_neighbors=4983 peer_stage1_enqueued=137 peer_stage1_processed=137 peer_stage1_items=196 avg_peer_stage1_items=1.430657 peer_stage1_rate_per_sec=38.971509 peer_stage1_max_queue=7 peer_stage1_active_workers=0 peer_stage2_home_enqueued=0 peer_stage2_home_processed=0 peer_stage2_home_items=0 avg_peer_stage2_home_items=0.000000 peer_stage2_home_max_queue=0 peer_stage2_home_response_queue_drops=0 peer_stage2_home_response_send_wait_ms=0.000000 avg_peer_stage2_home_queue_wait_us=0.000000 avg_peer_stage2_home_execution_us=0.000000 peer_stage1_release_deferred_batches=1 peer_stage1_release_deferred_items=1 peer_stage1_duplicate_retry_responses=0 peer_stage1_admission_retry_responses=0 peer_stage1_retry_response_drops=0 peer_stage1_admission_waiters=0 peer_stage1_admission_waiter_items=0 peer_stage1_admission_owned_items=0 peer_stage1_admission_wake_coverage=0 peer_stage1_admission_parked=0 peer_stage1_admission_woken=0 peer_stage1_admission_reparked=0 peer_stage1_max_admission_waiters=0 peer_stage1_duplicate_coalesced=0 peer_reverse_enqueued=0 peer_reverse_processed=0 peer_reverse_remaining=0 peer_reverse_items_enqueued=0 peer_reverse_items_processed=0 peer_reverse_rate_per_sec=0.000000 peer_reverse_failed=0 peer_reverse_max_queue=0 reclaim_pending=0 reclaim_reused=0 dynamic_high_watermark=19600134240 stage2_remaining=131 cleanup_remaining=0 active_contexts=0 active_context_limit=32 repair_remaining=0 remaining=131
[STATUS]: storage-owner maintenance observation: enqueued=131 stage2_enqueued=131 cleanup_enqueued=0 stage2_tasks_done=0 stage2_finalized_live=0 cleanup_processed=0 stale=0 stage2_completion_ratio=0.000000 live_stage2_completion_ratio=0.000000 avg_stage2_delay_ms=0.000000 p99_stage2_delay_upper_ms=0.000000 p99_stage2_delay_over_30s=false stage2_delay_histogram=0,0,0,0,0,0,0,0,0,0,0,0,0,0,0,0,0,0 max_stage2_delay_ms=0.000000 compaction_batch_target=32 compaction_max_delay_ms=25.000000 stage2_rate_per_sec=0.000000 stage1_search_budget_exhausted=0 stage2_search_budget_exhausted=0 stage2_continuations=0 stage2_remote_frontier_items=0 avg_stage2_remote_frontier=0.000000 stage2_remote_expansions=0 avg_stage2_remote_expansions=0.000000 stage2_scored_candidates=0 avg_stage2_scored_candidates=0.000000 stage2_graph_read_waves=0 avg_stage2_expansions_per_graph_wave=0.000000 stage2_graph_unique_reads=0 stage2_graph_prefetch_issued=0 stage2_graph_prefetch_hits=0 stage2_graph_prefetch_wasted=0 stage2_graph_prefetch_promotion_ratio=0.000000 stage2_graph_issue_width_current=4 stage2_vector_read_waves=0 avg_stage2_scores_per_vector_wave=0.000000 stage2_vector_unique_reads=0 stage2_home_rpc_batches=0 stage2_home_rpc_items=0 avg_stage2_home_rpc_batch=0.000000 stage2_home_score_rpc_batches=0 stage2_home_score_rpc_items=0 stage2_home_score_rpc_queries=0 stage2_home_score_rpc_request_bytes=0 stage2_home_score_rpc_response_bytes=0 avg_stage2_home_score_queries_per_rpc=0.000000 avg_stage2_home_score_rpc_batch=0.000000 stage2_home_scored_neighbors=0 home_scores_per_expansion=0.000000 stage2_migrations=0 home_match_rate=0.000000 stage2_final_edges=0 stage2_cross_edges_stage1_home=0 stage2_cross_edges_final_home=0 cross_edge_reduction_ratio=0.000000 failed=0 rpc_timeouts=0 reverse_aggregate_batches=0 reverse_aggregate_logical_requests=0 reverse_aggregate_ops=0 avg_reverse_aggregate_logicals=0.000000 avg_reverse_aggregate_ops=0.000000 max_backlog=131 admission_window=65536 completion_outstanding=131 completion_incomplete=131 completed_behind_hole=0 completion_logical_full_failures=0 completion_physical_full_failures=0 pressure_yields=0 stage2_batches=0 avg_stage2_batch_size=0.000000 packing_target_batch=8 packing_admit_queue_avg=0.000000 packing_admit_queue_max=0 packing_batch_1_7=0 packing_batch_8=0 packing_assembly_batches=0 packing_assembly_wait_ms=0.000000 packing_arrival_interval_us=3310 packing_waited_batches=0 packing_wait_ms=0.000000 packing_target_flushes=0 packing_deadline_flushes=0 packing_cleanup_flushes=0 stage2_phase_search_attempts=0 stage2_phase_search_task_attempts=0 stage2_phase_search_elapsed_ms=0.000000 avg_stage2_phase_search_us_per_task=0.000000 stage2_phase_freeze_prune_attempts=0 stage2_phase_freeze_prune_task_attempts=0 stage2_phase_freeze_prune_elapsed_ms=0.000000 avg_stage2_phase_freeze_prune_us_per_task=0.000000 stage2_phase_reverse_prepare_attempts=0 stage2_phase_reverse_prepare_task_attempts=0 stage2_phase_reverse_prepare_elapsed_ms=0.000000 avg_stage2_phase_reverse_prepare_us_per_task=0.000000 stage2_phase_placement_authority_attempts=0 stage2_phase_placement_authority_task_attempts=0 stage2_phase_placement_authority_elapsed_ms=0.000000 avg_stage2_phase_placement_authority_us_per_task=0.000000 stage2_phase_completion_handoff_attempts=0 stage2_phase_completion_handoff_task_attempts=0 stage2_phase_completion_handoff_elapsed_ms=0.000000 avg_stage2_phase_completion_handoff_us_per_task=0.000000 stage2_phase_finalize_attempts=0 stage2_phase_finalize_task_attempts=0 stage2_phase_finalize_elapsed_ms=0.000000 avg_stage2_phase_finalize_us_per_task=0.000000 maintenance_worker_idle_waits=7680 maintenance_worker_idle_ms=76861.964724 maintenance_lost_wake_avoided=0 maintenance_targeted_wakes=0 maintenance_generic_wakes=89 maintenance_broadcast_wakes=0 maintenance_context_slots_scanned=122752 maintenance_ready_notifications=0 maintenance_ready_stale_notifications=0 maintenance_ready_tickets_drained=0 maintenance_ready_overflow_scans=0 maintenance_ready_fallback_scans=7987 stage2_search_lane_lease_limit=32 stage2_search_lane_lease_peak=0 stage2_search_lane_lease_blocked=0 maintenance_worker_observed_idle_ratio=0.957907 maintenance_worker_observed_busy_ratio=0.042093 physical_stage1_items=131 physical_stage1_total_ns=755730625 physical_stage1_search_ns=719037061 physical_stage1_prune_ns=25604977 physical_stage1_allocate_write_ns=8077378 physical_stage1_backlink_ns=2669227 physical_stage1_candidates=16768 physical_stage1_remote_frontier_items=779724 physical_stage1_neighbors=4983 peer_stage1_enqueued=137 peer_stage1_processed=137 peer_stage1_items=196 avg_peer_stage1_items=1.430657 peer_stage1_rate_per_sec=19.541493 peer_stage1_max_queue=7 peer_stage1_active_workers=0 peer_stage2_home_enqueued=0 peer_stage2_home_processed=0 peer_stage2_home_items=0 avg_peer_stage2_home_items=0.000000 peer_stage2_home_max_queue=0 peer_stage2_home_response_queue_drops=0 peer_stage2_home_response_send_wait_ms=0.000000 avg_peer_stage2_home_queue_wait_us=0.000000 avg_peer_stage2_home_execution_us=0.000000 peer_stage1_release_deferred_batches=1 peer_stage1_release_deferred_items=1 peer_stage1_duplicate_retry_responses=0 peer_stage1_admission_retry_responses=0 peer_stage1_retry_response_drops=0 peer_stage1_admission_waiters=0 peer_stage1_admission_waiter_items=0 peer_stage1_admission_owned_items=0 peer_stage1_admission_wake_coverage=0 peer_stage1_admission_parked=0 peer_stage1_admission_woken=0 peer_stage1_admission_reparked=0 peer_stage1_max_admission_waiters=0 peer_stage1_duplicate_coalesced=0 peer_reverse_enqueued=0 peer_reverse_processed=0 peer_reverse_remaining=0 peer_reverse_items_enqueued=0 peer_reverse_items_processed=0 peer_reverse_rate_per_sec=0.000000 peer_reverse_failed=0 peer_reverse_max_queue=0 reclaim_pending=0 reclaim_reused=0 dynamic_high_watermark=19600134240 stage2_remaining=131 cleanup_remaining=0 active_contexts=0 active_context_limit=32 repair_remaining=0 remaining=131
[STATUS]: storage-owner maintenance observation: enqueued=131 stage2_enqueued=131 cleanup_enqueued=0 stage2_tasks_done=0 stage2_finalized_live=0 cleanup_processed=0 stale=0 stage2_completion_ratio=0.000000 live_stage2_completion_ratio=0.000000 avg_stage2_delay_ms=0.000000 p99_stage2_delay_upper_ms=0.000000 p99_stage2_delay_over_30s=false stage2_delay_histogram=0,0,0,0,0,0,0,0,0,0,0,0,0,0,0,0,0,0 max_stage2_delay_ms=0.000000 compaction_batch_target=32 compaction_max_delay_ms=25.000000 stage2_rate_per_sec=0.000000 stage1_search_budget_exhausted=0 stage2_search_budget_exhausted=0 stage2_continuations=0 stage2_remote_frontier_items=0 avg_stage2_remote_frontier=0.000000 stage2_remote_expansions=0 avg_stage2_remote_expansions=0.000000 stage2_scored_candidates=0 avg_stage2_scored_candidates=0.000000 stage2_graph_read_waves=0 avg_stage2_expansions_per_graph_wave=0.000000 stage2_graph_unique_reads=0 stage2_graph_prefetch_issued=0 stage2_graph_prefetch_hits=0 stage2_graph_prefetch_wasted=0 stage2_graph_prefetch_promotion_ratio=0.000000 stage2_graph_issue_width_current=4 stage2_vector_read_waves=0 avg_stage2_scores_per_vector_wave=0.000000 stage2_vector_unique_reads=0 stage2_home_rpc_batches=0 stage2_home_rpc_items=0 avg_stage2_home_rpc_batch=0.000000 stage2_home_score_rpc_batches=0 stage2_home_score_rpc_items=0 stage2_home_score_rpc_queries=0 stage2_home_score_rpc_request_bytes=0 stage2_home_score_rpc_response_bytes=0 avg_stage2_home_score_queries_per_rpc=0.000000 avg_stage2_home_score_rpc_batch=0.000000 stage2_home_scored_neighbors=0 home_scores_per_expansion=0.000000 stage2_migrations=0 home_match_rate=0.000000 stage2_final_edges=0 stage2_cross_edges_stage1_home=0 stage2_cross_edges_final_home=0 cross_edge_reduction_ratio=0.000000 failed=0 rpc_timeouts=0 reverse_aggregate_batches=0 reverse_aggregate_logical_requests=0 reverse_aggregate_ops=0 avg_reverse_aggregate_logicals=0.000000 avg_reverse_aggregate_ops=0.000000 max_backlog=131 admission_window=65536 completion_outstanding=131 completion_incomplete=131 completed_behind_hole=0 completion_logical_full_failures=0 completion_physical_full_failures=0 pressure_yields=0 stage2_batches=0 avg_stage2_batch_size=0.000000 packing_target_batch=8 packing_admit_queue_avg=0.000000 packing_admit_queue_max=0 packing_batch_1_7=0 packing_batch_8=0 packing_assembly_batches=0 packing_assembly_wait_ms=0.000000 packing_arrival_interval_us=3310 packing_waited_batches=0 packing_wait_ms=0.000000 packing_target_flushes=0 packing_deadline_flushes=0 packing_cleanup_flushes=0 stage2_phase_search_attempts=0 stage2_phase_search_task_attempts=0 stage2_phase_search_elapsed_ms=0.000000 avg_stage2_phase_search_us_per_task=0.000000 stage2_phase_freeze_prune_attempts=0 stage2_phase_freeze_prune_task_attempts=0 stage2_phase_freeze_prune_elapsed_ms=0.000000 avg_stage2_phase_freeze_prune_us_per_task=0.000000 stage2_phase_reverse_prepare_attempts=0 stage2_phase_reverse_prepare_task_attempts=0 stage2_phase_reverse_prepare_elapsed_ms=0.000000 avg_stage2_phase_reverse_prepare_us_per_task=0.000000 stage2_phase_placement_authority_attempts=0 stage2_phase_placement_authority_task_attempts=0 stage2_phase_placement_authority_elapsed_ms=0.000000 avg_stage2_phase_placement_authority_us_per_task=0.000000 stage2_phase_completion_handoff_attempts=0 stage2_phase_completion_handoff_task_attempts=0 stage2_phase_completion_handoff_elapsed_ms=0.000000 avg_stage2_phase_completion_handoff_us_per_task=0.000000 stage2_phase_finalize_attempts=0 stage2_phase_finalize_task_attempts=0 stage2_phase_finalize_elapsed_ms=0.000000 avg_stage2_phase_finalize_us_per_task=0.000000 maintenance_worker_idle_waits=11776 maintenance_worker_idle_ms=118069.594142 maintenance_lost_wake_avoided=0 maintenance_targeted_wakes=0 maintenance_generic_wakes=89 maintenance_broadcast_wakes=0 maintenance_context_slots_scanned=188288 maintenance_ready_notifications=0 maintenance_ready_stale_notifications=0 maintenance_ready_tickets_drained=0 maintenance_ready_overflow_scans=0 maintenance_ready_fallback_scans=11962 stage2_search_lane_lease_limit=32 stage2_search_lane_lease_peak=0 stage2_search_lane_lease_blocked=0 maintenance_worker_observed_idle_ratio=0.981909 maintenance_worker_observed_busy_ratio=0.018091 physical_stage1_items=131 physical_stage1_total_ns=755730625 physical_stage1_search_ns=719037061 physical_stage1_prune_ns=25604977 physical_stage1_allocate_write_ns=8077378 physical_stage1_backlink_ns=2669227 physical_stage1_candidates=16768 physical_stage1_remote_frontier_items=779724 physical_stage1_neighbors=4983 peer_stage1_enqueued=137 peer_stage1_processed=137 peer_stage1_items=196 avg_peer_stage1_items=1.430657 peer_stage1_rate_per_sec=13.040048 peer_stage1_max_queue=7 peer_stage1_active_workers=0 peer_stage2_home_enqueued=0 peer_stage2_home_processed=0 peer_stage2_home_items=0 avg_peer_stage2_home_items=0.000000 peer_stage2_home_max_queue=0 peer_stage2_home_response_queue_drops=0 peer_stage2_home_response_send_wait_ms=0.000000 avg_peer_stage2_home_queue_wait_us=0.000000 avg_peer_stage2_home_execution_us=0.000000 peer_stage1_release_deferred_batches=1 peer_stage1_release_deferred_items=1 peer_stage1_duplicate_retry_responses=0 peer_stage1_admission_retry_responses=0 peer_stage1_retry_response_drops=0 peer_stage1_admission_waiters=0 peer_stage1_admission_waiter_items=0 peer_stage1_admission_owned_items=0 peer_stage1_admission_wake_coverage=0 peer_stage1_admission_parked=0 peer_stage1_admission_woken=0 peer_stage1_admission_reparked=0 peer_stage1_max_admission_waiters=0 peer_stage1_duplicate_coalesced=0 peer_reverse_enqueued=0 peer_reverse_processed=0 peer_reverse_remaining=0 peer_reverse_items_enqueued=0 peer_reverse_items_processed=0 peer_reverse_rate_per_sec=0.000000 peer_reverse_failed=0 peer_reverse_max_queue=0 reclaim_pending=0 reclaim_reused=0 dynamic_high_watermark=19600134240 stage2_remaining=131 cleanup_remaining=0 active_contexts=0 active_context_limit=32 repair_remaining=0 remaining=131
[STATUS]: storage-owner maintenance observation: enqueued=131 stage2_enqueued=131 cleanup_enqueued=0 stage2_tasks_done=131 stage2_finalized_live=131 cleanup_processed=0 stale=0 stage2_completion_ratio=1.000000 live_stage2_completion_ratio=1.000000 avg_stage2_delay_ms=15555.666121 p99_stage2_delay_upper_ms=16000.000000 p99_stage2_delay_over_30s=false stage2_delay_histogram=0,0,0,0,0,0,0,0,0,0,0,0,0,0,0,131,0,0 max_stage2_delay_ms=15913.451224 compaction_batch_target=32 compaction_max_delay_ms=25.000000 stage2_rate_per_sec=6.539321 stage1_search_budget_exhausted=0 stage2_search_budget_exhausted=0 stage2_continuations=131 stage2_remote_frontier_items=779724 avg_stage2_remote_frontier=5952.091603 stage2_remote_expansions=14789 avg_stage2_remote_expansions=112.893130 stage2_scored_candidates=1142904 avg_stage2_scored_candidates=8724.458015 stage2_graph_read_waves=1973 avg_stage2_expansions_per_graph_wave=7.495692 stage2_graph_unique_reads=15124 stage2_graph_prefetch_issued=10963 stage2_graph_prefetch_hits=10628 stage2_graph_prefetch_wasted=335 stage2_graph_prefetch_promotion_ratio=0.969443 stage2_graph_issue_width_current=16 stage2_vector_read_waves=2984 avg_stage2_scores_per_vector_wave=383.010724 stage2_vector_unique_reads=1052222 stage2_home_rpc_batches=6384 stage2_home_rpc_items=803846 avg_stage2_home_rpc_batch=125.915727 stage2_home_score_rpc_batches=3090 stage2_home_score_rpc_items=788722 stage2_home_score_rpc_queries=23446 stage2_home_score_rpc_request_bytes=21422248 stage2_home_score_rpc_response_bytes=25362704 avg_stage2_home_score_queries_per_rpc=7.587702 avg_stage2_home_score_rpc_batch=255.249838 stage2_home_scored_neighbors=879402 home_scores_per_expansion=1.093993 stage2_migrations=122 home_match_rate=0.068702 stage2_final_edges=4793 stage2_cross_edges_stage1_home=4048 stage2_cross_edges_final_home=3390 cross_edge_reduction_ratio=0.162549 failed=0 rpc_timeouts=0 reverse_aggregate_batches=0 reverse_aggregate_logical_requests=0 reverse_aggregate_ops=0 avg_reverse_aggregate_logicals=0.000000 avg_reverse_aggregate_ops=0.000000 max_backlog=131 admission_window=65536 completion_outstanding=0 completion_incomplete=0 completed_behind_hole=0 completion_logical_full_failures=0 completion_physical_full_failures=0 pressure_yields=3 stage2_batches=17 avg_stage2_batch_size=7.705882 packing_target_batch=8 packing_admit_queue_avg=67.000000 packing_admit_queue_max=131 packing_batch_1_7=1 packing_batch_8=16 packing_assembly_batches=17 packing_assembly_wait_ms=255000.886941 packing_arrival_interval_us=3310 packing_waited_batches=1 packing_wait_ms=23.170000 packing_target_flushes=16 packing_deadline_flushes=1 packing_cleanup_flushes=0 stage2_phase_search_attempts=17 stage2_phase_search_task_attempts=131 stage2_phase_search_elapsed_ms=6243.448121 avg_stage2_phase_search_us_per_task=47659.909321 stage2_phase_freeze_prune_attempts=20 stage2_phase_freeze_prune_task_attempts=155 stage2_phase_freeze_prune_elapsed_ms=542.659681 avg_stage2_phase_freeze_prune_us_per_task=3501.030200 stage2_phase_reverse_prepare_attempts=17 stage2_phase_reverse_prepare_task_attempts=131 stage2_phase_reverse_prepare_elapsed_ms=1611.755724 avg_stage2_phase_reverse_prepare_us_per_task=12303.478809 stage2_phase_placement_authority_attempts=17 stage2_phase_placement_authority_task_attempts=131 stage2_phase_placement_authority_elapsed_ms=1181.994844 avg_stage2_phase_placement_authority_us_per_task=9022.861405 stage2_phase_completion_handoff_attempts=17 stage2_phase_completion_handoff_task_attempts=131 stage2_phase_completion_handoff_elapsed_ms=0.051263 avg_stage2_phase_completion_handoff_us_per_task=0.391321 stage2_phase_finalize_attempts=17 stage2_phase_finalize_task_attempts=131 stage2_phase_finalize_elapsed_ms=0.307538 avg_stage2_phase_finalize_us_per_task=2.347618 maintenance_worker_idle_waits=23040 maintenance_worker_idle_ms=153169.137051 maintenance_lost_wake_avoided=3036 maintenance_targeted_wakes=33832 maintenance_generic_wakes=89 maintenance_broadcast_wakes=0 maintenance_context_slots_scanned=327632 maintenance_ready_notifications=9626 maintenance_ready_stale_notifications=0 maintenance_ready_tickets_drained=6903 maintenance_ready_overflow_scans=0 maintenance_ready_fallback_scans=20730 stage2_search_lane_lease_limit=32 stage2_search_lane_lease_peak=15 stage2_search_lane_lease_blocked=0 maintenance_worker_observed_idle_ratio=0.955746 maintenance_worker_observed_busy_ratio=0.044254 physical_stage1_items=131 physical_stage1_total_ns=755730625 physical_stage1_search_ns=719037061 physical_stage1_prune_ns=25604977 physical_stage1_allocate_write_ns=8077378 physical_stage1_backlink_ns=2669227 physical_stage1_candidates=16768 physical_stage1_remote_frontier_items=779724 physical_stage1_neighbors=4983 peer_stage1_enqueued=137 peer_stage1_processed=137 peer_stage1_items=196 avg_peer_stage1_items=1.430657 peer_stage1_rate_per_sec=9.784022 peer_stage1_max_queue=7 peer_stage1_active_workers=0 peer_stage2_home_enqueued=10366 peer_stage2_home_processed=10366 peer_stage2_home_items=1342415 avg_peer_stage2_home_items=129.501736 peer_stage2_home_max_queue=33 peer_stage2_home_response_queue_drops=0 peer_stage2_home_response_send_wait_ms=125.794283 avg_peer_stage2_home_queue_wait_us=22.029112 avg_peer_stage2_home_execution_us=73.740607 peer_stage1_release_deferred_batches=1 peer_stage1_release_deferred_items=1 peer_stage1_duplicate_retry_responses=0 peer_stage1_admission_retry_responses=0 peer_stage1_retry_response_drops=0 peer_stage1_admission_waiters=0 peer_stage1_admission_waiter_items=0 peer_stage1_admission_owned_items=0 peer_stage1_admission_wake_coverage=0 peer_stage1_admission_parked=0 peer_stage1_admission_woken=0 peer_stage1_admission_reparked=0 peer_stage1_max_admission_waiters=0 peer_stage1_duplicate_coalesced=0 peer_reverse_enqueued=201 peer_reverse_processed=201 peer_reverse_remaining=0 peer_reverse_items_enqueued=7213 peer_reverse_items_processed=7213 peer_reverse_rate_per_sec=360.061985 peer_reverse_failed=3 peer_reverse_max_queue=6 reclaim_pending=0 reclaim_reused=122 dynamic_high_watermark=19600174912 stage2_remaining=0 cleanup_remaining=0 active_contexts=0 active_context_limit=32 repair_remaining=0 remaining=0
[STATUS]: storage-owner maintenance observation: enqueued=131 stage2_enqueued=131 cleanup_enqueued=0 stage2_tasks_done=131 stage2_finalized_live=131 cleanup_processed=0 stale=0 stage2_completion_ratio=1.000000 live_stage2_completion_ratio=1.000000 avg_stage2_delay_ms=15555.666121 p99_stage2_delay_upper_ms=16000.000000 p99_stage2_delay_over_30s=false stage2_delay_histogram=0,0,0,0,0,0,0,0,0,0,0,0,0,0,0,131,0,0 max_stage2_delay_ms=15913.451224 compaction_batch_target=32 compaction_max_delay_ms=25.000000 stage2_rate_per_sec=5.232609 stage1_search_budget_exhausted=0 stage2_search_budget_exhausted=0 stage2_continuations=131 stage2_remote_frontier_items=779724 avg_stage2_remote_frontier=5952.091603 stage2_remote_expansions=14789 avg_stage2_remote_expansions=112.893130 stage2_scored_candidates=1142904 avg_stage2_scored_candidates=8724.458015 stage2_graph_read_waves=1973 avg_stage2_expansions_per_graph_wave=7.495692 stage2_graph_unique_reads=15124 stage2_graph_prefetch_issued=10963 stage2_graph_prefetch_hits=10628 stage2_graph_prefetch_wasted=335 stage2_graph_prefetch_promotion_ratio=0.969443 stage2_graph_issue_width_current=16 stage2_vector_read_waves=2984 avg_stage2_scores_per_vector_wave=383.010724 stage2_vector_unique_reads=1052222 stage2_home_rpc_batches=6384 stage2_home_rpc_items=803846 avg_stage2_home_rpc_batch=125.915727 stage2_home_score_rpc_batches=3090 stage2_home_score_rpc_items=788722 stage2_home_score_rpc_queries=23446 stage2_home_score_rpc_request_bytes=21422248 stage2_home_score_rpc_response_bytes=25362704 avg_stage2_home_score_queries_per_rpc=7.587702 avg_stage2_home_score_rpc_batch=255.249838 stage2_home_scored_neighbors=879402 home_scores_per_expansion=1.093993 stage2_migrations=122 home_match_rate=0.068702 stage2_final_edges=4793 stage2_cross_edges_stage1_home=4048 stage2_cross_edges_final_home=3390 cross_edge_reduction_ratio=0.162549 failed=0 rpc_timeouts=0 reverse_aggregate_batches=0 reverse_aggregate_logical_requests=0 reverse_aggregate_ops=0 avg_reverse_aggregate_logicals=0.000000 avg_reverse_aggregate_ops=0.000000 max_backlog=131 admission_window=65536 completion_outstanding=0 completion_incomplete=0 completed_behind_hole=0 completion_logical_full_failures=0 completion_physical_full_failures=0 pressure_yields=3 stage2_batches=17 avg_stage2_batch_size=7.705882 packing_target_batch=8 packing_admit_queue_avg=67.000000 packing_admit_queue_max=131 packing_batch_1_7=1 packing_batch_8=16 packing_assembly_batches=17 packing_assembly_wait_ms=255000.886941 packing_arrival_interval_us=3310 packing_waited_batches=1 packing_wait_ms=23.170000 packing_target_flushes=16 packing_deadline_flushes=1 packing_cleanup_flushes=0 stage2_phase_search_attempts=17 stage2_phase_search_task_attempts=131 stage2_phase_search_elapsed_ms=6243.448121 avg_stage2_phase_search_us_per_task=47659.909321 stage2_phase_freeze_prune_attempts=20 stage2_phase_freeze_prune_task_attempts=155 stage2_phase_freeze_prune_elapsed_ms=542.659681 avg_stage2_phase_freeze_prune_us_per_task=3501.030200 stage2_phase_reverse_prepare_attempts=17 stage2_phase_reverse_prepare_task_attempts=131 stage2_phase_reverse_prepare_elapsed_ms=1611.755724 avg_stage2_phase_reverse_prepare_us_per_task=12303.478809 stage2_phase_placement_authority_attempts=17 stage2_phase_placement_authority_task_attempts=131 stage2_phase_placement_authority_elapsed_ms=1181.994844 avg_stage2_phase_placement_authority_us_per_task=9022.861405 stage2_phase_completion_handoff_attempts=17 stage2_phase_completion_handoff_task_attempts=131 stage2_phase_completion_handoff_elapsed_ms=0.051263 avg_stage2_phase_completion_handoff_us_per_task=0.391321 stage2_phase_finalize_attempts=17 stage2_phase_finalize_task_attempts=131 stage2_phase_finalize_elapsed_ms=0.307538 avg_stage2_phase_finalize_us_per_task=2.347618 maintenance_worker_idle_waits=27072 maintenance_worker_idle_ms=193732.680770 maintenance_lost_wake_avoided=3036 maintenance_targeted_wakes=33832 maintenance_generic_wakes=89 maintenance_broadcast_wakes=0 maintenance_context_slots_scanned=392144 maintenance_ready_notifications=9626 maintenance_ready_stale_notifications=0 maintenance_ready_tickets_drained=6903 maintenance_ready_overflow_scans=0 maintenance_ready_fallback_scans=24705 stage2_search_lane_lease_limit=32 stage2_search_lane_lease_peak=15 stage2_search_lane_lease_blocked=0 maintenance_worker_observed_idle_ratio=0.967297 maintenance_worker_observed_busy_ratio=0.032703 physical_stage1_items=131 physical_stage1_total_ns=755730625 physical_stage1_search_ns=719037061 physical_stage1_prune_ns=25604977 physical_stage1_allocate_write_ns=8077378 physical_stage1_backlink_ns=2669227 physical_stage1_candidates=16768 physical_stage1_remote_frontier_items=779724 physical_stage1_neighbors=4983 peer_stage1_enqueued=137 peer_stage1_processed=137 peer_stage1_items=196 avg_peer_stage1_items=1.430657 peer_stage1_rate_per_sec=7.828941 peer_stage1_max_queue=7 peer_stage1_active_workers=0 peer_stage2_home_enqueued=10366 peer_stage2_home_processed=10366 peer_stage2_home_items=1342415 avg_peer_stage2_home_items=129.501736 peer_stage2_home_max_queue=33 peer_stage2_home_response_queue_drops=0 peer_stage2_home_response_send_wait_ms=125.794283 avg_peer_stage2_home_queue_wait_us=22.029112 avg_peer_stage2_home_execution_us=73.740607 peer_stage1_release_deferred_batches=1 peer_stage1_release_deferred_items=1 peer_stage1_duplicate_retry_responses=0 peer_stage1_admission_retry_responses=0 peer_stage1_retry_response_drops=0 peer_stage1_admission_waiters=0 peer_stage1_admission_waiter_items=0 peer_stage1_admission_owned_items=0 peer_stage1_admission_wake_coverage=0 peer_stage1_admission_parked=0 peer_stage1_admission_woken=0 peer_stage1_admission_reparked=0 peer_stage1_max_admission_waiters=0 peer_stage1_duplicate_coalesced=0 peer_reverse_enqueued=201 peer_reverse_processed=201 peer_reverse_remaining=0 peer_reverse_items_enqueued=7213 peer_reverse_items_processed=7213 peer_reverse_rate_per_sec=288.113019 peer_reverse_failed=3 peer_reverse_max_queue=6 reclaim_pending=0 reclaim_reused=122 dynamic_high_watermark=19600174912 stage2_remaining=0 cleanup_remaining=0 active_contexts=0 active_context_limit=32 repair_remaining=0 remaining=0
[STATUS]: storage-owner maintenance observation: enqueued=131 stage2_enqueued=131 cleanup_enqueued=0 stage2_tasks_done=131 stage2_finalized_live=131 cleanup_processed=0 stale=0 stage2_completion_ratio=1.000000 live_stage2_completion_ratio=1.000000 avg_stage2_delay_ms=15555.666121 p99_stage2_delay_upper_ms=16000.000000 p99_stage2_delay_over_30s=false stage2_delay_histogram=0,0,0,0,0,0,0,0,0,0,0,0,0,0,0,131,0,0 max_stage2_delay_ms=15913.451224 compaction_batch_target=32 compaction_max_delay_ms=25.000000 stage2_rate_per_sec=4.361494 stage1_search_budget_exhausted=0 stage2_search_budget_exhausted=0 stage2_continuations=131 stage2_remote_frontier_items=779724 avg_stage2_remote_frontier=5952.091603 stage2_remote_expansions=14789 avg_stage2_remote_expansions=112.893130 stage2_scored_candidates=1142904 avg_stage2_scored_candidates=8724.458015 stage2_graph_read_waves=1973 avg_stage2_expansions_per_graph_wave=7.495692 stage2_graph_unique_reads=15124 stage2_graph_prefetch_issued=10963 stage2_graph_prefetch_hits=10628 stage2_graph_prefetch_wasted=335 stage2_graph_prefetch_promotion_ratio=0.969443 stage2_graph_issue_width_current=16 stage2_vector_read_waves=2984 avg_stage2_scores_per_vector_wave=383.010724 stage2_vector_unique_reads=1052222 stage2_home_rpc_batches=6384 stage2_home_rpc_items=803846 avg_stage2_home_rpc_batch=125.915727 stage2_home_score_rpc_batches=3090 stage2_home_score_rpc_items=788722 stage2_home_score_rpc_queries=23446 stage2_home_score_rpc_request_bytes=21422248 stage2_home_score_rpc_response_bytes=25362704 avg_stage2_home_score_queries_per_rpc=7.587702 avg_stage2_home_score_rpc_batch=255.249838 stage2_home_scored_neighbors=879402 home_scores_per_expansion=1.093993 stage2_migrations=122 home_match_rate=0.068702 stage2_final_edges=4793 stage2_cross_edges_stage1_home=4048 stage2_cross_edges_final_home=3390 cross_edge_reduction_ratio=0.162549 failed=0 rpc_timeouts=0 reverse_aggregate_batches=0 reverse_aggregate_logical_requests=0 reverse_aggregate_ops=0 avg_reverse_aggregate_logicals=0.000000 avg_reverse_aggregate_ops=0.000000 max_backlog=131 admission_window=65536 completion_outstanding=0 completion_incomplete=0 completed_behind_hole=0 completion_logical_full_failures=0 completion_physical_full_failures=0 pressure_yields=3 stage2_batches=17 avg_stage2_batch_size=7.705882 packing_target_batch=8 packing_admit_queue_avg=67.000000 packing_admit_queue_max=131 packing_batch_1_7=1 packing_batch_8=16 packing_assembly_batches=17 packing_assembly_wait_ms=255000.886941 packing_arrival_interval_us=3310 packing_waited_batches=1 packing_wait_ms=23.170000 packing_target_flushes=16 packing_deadline_flushes=1 packing_cleanup_flushes=0 stage2_phase_search_attempts=17 stage2_phase_search_task_attempts=131 stage2_phase_search_elapsed_ms=6243.448121 avg_stage2_phase_search_us_per_task=47659.909321 stage2_phase_freeze_prune_attempts=20 stage2_phase_freeze_prune_task_attempts=155 stage2_phase_freeze_prune_elapsed_ms=542.659681 avg_stage2_phase_freeze_prune_us_per_task=3501.030200 stage2_phase_reverse_prepare_attempts=17 stage2_phase_reverse_prepare_task_attempts=131 stage2_phase_reverse_prepare_elapsed_ms=1611.755724 avg_stage2_phase_reverse_prepare_us_per_task=12303.478809 stage2_phase_placement_authority_attempts=17 stage2_phase_placement_authority_task_attempts=131 stage2_phase_placement_authority_elapsed_ms=1181.994844 avg_stage2_phase_placement_authority_us_per_task=9022.861405 stage2_phase_completion_handoff_attempts=17 stage2_phase_completion_handoff_task_attempts=131 stage2_phase_completion_handoff_elapsed_ms=0.051263 avg_stage2_phase_completion_handoff_us_per_task=0.391321 stage2_phase_finalize_attempts=17 stage2_phase_finalize_task_attempts=131 stage2_phase_finalize_elapsed_ms=0.307538 avg_stage2_phase_finalize_us_per_task=2.347618 maintenance_worker_idle_waits=30976 maintenance_worker_idle_ms=233006.061350 maintenance_lost_wake_avoided=3036 maintenance_targeted_wakes=33832 maintenance_generic_wakes=89 maintenance_broadcast_wakes=0 maintenance_context_slots_scanned=454608 maintenance_ready_notifications=9626 maintenance_ready_stale_notifications=0 maintenance_ready_tickets_drained=6903 maintenance_ready_overflow_scans=0 maintenance_ready_fallback_scans=28681 stage2_search_lane_lease_limit=32 stage2_search_lane_lease_peak=15 stage2_search_lane_lease_blocked=0 maintenance_worker_observed_idle_ratio=0.969709 maintenance_worker_observed_busy_ratio=0.030291 physical_stage1_items=131 physical_stage1_total_ns=755730625 physical_stage1_search_ns=719037061 physical_stage1_prune_ns=25604977 physical_stage1_allocate_write_ns=8077378 physical_stage1_backlink_ns=2669227 physical_stage1_candidates=16768 physical_stage1_remote_frontier_items=779724 physical_stage1_neighbors=4983 peer_stage1_enqueued=137 peer_stage1_processed=137 peer_stage1_items=196 avg_peer_stage1_items=1.430657 peer_stage1_rate_per_sec=6.525595 peer_stage1_max_queue=7 peer_stage1_active_workers=0 peer_stage2_home_enqueued=10366 peer_stage2_home_processed=10366 peer_stage2_home_items=1342415 avg_peer_stage2_home_items=129.501736 peer_stage2_home_max_queue=33 peer_stage2_home_response_queue_drops=0 peer_stage2_home_response_send_wait_ms=125.794283 avg_peer_stage2_home_queue_wait_us=22.029112 avg_peer_stage2_home_execution_us=73.740607 peer_stage1_release_deferred_batches=1 peer_stage1_release_deferred_items=1 peer_stage1_duplicate_retry_responses=0 peer_stage1_admission_retry_responses=0 peer_stage1_retry_response_drops=0 peer_stage1_admission_waiters=0 peer_stage1_admission_waiter_items=0 peer_stage1_admission_owned_items=0 peer_stage1_admission_wake_coverage=0 peer_stage1_admission_parked=0 peer_stage1_admission_woken=0 peer_stage1_admission_reparked=0 peer_stage1_max_admission_waiters=0 peer_stage1_duplicate_coalesced=0 peer_reverse_enqueued=201 peer_reverse_processed=201 peer_reverse_remaining=0 peer_reverse_items_enqueued=7213 peer_reverse_items_processed=7213 peer_reverse_rate_per_sec=240.148537 peer_reverse_failed=3 peer_reverse_max_queue=6 reclaim_pending=0 reclaim_reused=122 dynamic_high_watermark=19600174912 stage2_remaining=0 cleanup_remaining=0 active_contexts=0 active_context_limit=32 repair_remaining=0 remaining=0
[STATUS]: storage-owner maintenance observation: enqueued=131 stage2_enqueued=131 cleanup_enqueued=0 stage2_tasks_done=131 stage2_finalized_live=131 cleanup_processed=0 stale=0 stage2_completion_ratio=1.000000 live_stage2_completion_ratio=1.000000 avg_stage2_delay_ms=15555.666121 p99_stage2_delay_upper_ms=16000.000000 p99_stage2_delay_over_30s=false stage2_delay_histogram=0,0,0,0,0,0,0,0,0,0,0,0,0,0,0,131,0,0 max_stage2_delay_ms=15913.451224 compaction_batch_target=32 compaction_max_delay_ms=25.000000 stage2_rate_per_sec=3.738620 stage1_search_budget_exhausted=0 stage2_search_budget_exhausted=0 stage2_continuations=131 stage2_remote_frontier_items=779724 avg_stage2_remote_frontier=5952.091603 stage2_remote_expansions=14789 avg_stage2_remote_expansions=112.893130 stage2_scored_candidates=1142904 avg_stage2_scored_candidates=8724.458015 stage2_graph_read_waves=1973 avg_stage2_expansions_per_graph_wave=7.495692 stage2_graph_unique_reads=15124 stage2_graph_prefetch_issued=10963 stage2_graph_prefetch_hits=10628 stage2_graph_prefetch_wasted=335 stage2_graph_prefetch_promotion_ratio=0.969443 stage2_graph_issue_width_current=16 stage2_vector_read_waves=2984 avg_stage2_scores_per_vector_wave=383.010724 stage2_vector_unique_reads=1052222 stage2_home_rpc_batches=6384 stage2_home_rpc_items=803846 avg_stage2_home_rpc_batch=125.915727 stage2_home_score_rpc_batches=3090 stage2_home_score_rpc_items=788722 stage2_home_score_rpc_queries=23446 stage2_home_score_rpc_request_bytes=21422248 stage2_home_score_rpc_response_bytes=25362704 avg_stage2_home_score_queries_per_rpc=7.587702 avg_stage2_home_score_rpc_batch=255.249838 stage2_home_scored_neighbors=879402 home_scores_per_expansion=1.093993 stage2_migrations=122 home_match_rate=0.068702 stage2_final_edges=4793 stage2_cross_edges_stage1_home=4048 stage2_cross_edges_final_home=3390 cross_edge_reduction_ratio=0.162549 failed=0 rpc_timeouts=0 reverse_aggregate_batches=0 reverse_aggregate_logical_requests=0 reverse_aggregate_ops=0 avg_reverse_aggregate_logicals=0.000000 avg_reverse_aggregate_ops=0.000000 max_backlog=131 admission_window=65536 completion_outstanding=0 completion_incomplete=0 completed_behind_hole=0 completion_logical_full_failures=0 completion_physical_full_failures=0 pressure_yields=3 stage2_batches=17 avg_stage2_batch_size=7.705882 packing_target_batch=8 packing_admit_queue_avg=67.000000 packing_admit_queue_max=131 packing_batch_1_7=1 packing_batch_8=16 packing_assembly_batches=17 packing_assembly_wait_ms=255000.886941 packing_arrival_interval_us=3310 packing_waited_batches=1 packing_wait_ms=23.170000 packing_target_flushes=16 packing_deadline_flushes=1 packing_cleanup_flushes=0 stage2_phase_search_attempts=17 stage2_phase_search_task_attempts=131 stage2_phase_search_elapsed_ms=6243.448121 avg_stage2_phase_search_us_per_task=47659.909321 stage2_phase_freeze_prune_attempts=20 stage2_phase_freeze_prune_task_attempts=155 stage2_phase_freeze_prune_elapsed_ms=542.659681 avg_stage2_phase_freeze_prune_us_per_task=3501.030200 stage2_phase_reverse_prepare_attempts=17 stage2_phase_reverse_prepare_task_attempts=131 stage2_phase_reverse_prepare_elapsed_ms=1611.755724 avg_stage2_phase_reverse_prepare_us_per_task=12303.478809 stage2_phase_placement_authority_attempts=17 stage2_phase_placement_authority_task_attempts=131 stage2_phase_placement_authority_elapsed_ms=1181.994844 avg_stage2_phase_placement_authority_us_per_task=9022.861405 stage2_phase_completion_handoff_attempts=17 stage2_phase_completion_handoff_task_attempts=131 stage2_phase_completion_handoff_elapsed_ms=0.051263 avg_stage2_phase_completion_handoff_us_per_task=0.391321 stage2_phase_finalize_attempts=17 stage2_phase_finalize_task_attempts=131 stage2_phase_finalize_elapsed_ms=0.307538 avg_stage2_phase_finalize_us_per_task=2.347618 maintenance_worker_idle_waits=34880 maintenance_worker_idle_ms=272283.087457 maintenance_lost_wake_avoided=3036 maintenance_targeted_wakes=33832 maintenance_generic_wakes=89 maintenance_broadcast_wakes=0 maintenance_context_slots_scanned=517072 maintenance_ready_notifications=9626 maintenance_ready_stale_notifications=0 maintenance_ready_tickets_drained=6903 maintenance_ready_overflow_scans=0 maintenance_ready_fallback_scans=32659 stage2_search_lane_lease_limit=32 stage2_search_lane_lease_peak=15 stage2_search_lane_lease_blocked=0 maintenance_worker_observed_idle_ratio=0.971339 maintenance_worker_observed_busy_ratio=0.028661 physical_stage1_items=131 physical_stage1_total_ns=755730625 physical_stage1_search_ns=719037061 physical_stage1_prune_ns=25604977 physical_stage1_allocate_write_ns=8077378 physical_stage1_backlink_ns=2669227 physical_stage1_candidates=16768 physical_stage1_remote_frontier_items=779724 physical_stage1_neighbors=4983 peer_stage1_enqueued=137 peer_stage1_processed=137 peer_stage1_items=196 avg_peer_stage1_items=1.430657 peer_stage1_rate_per_sec=5.593660 peer_stage1_max_queue=7 peer_stage1_active_workers=0 peer_stage2_home_enqueued=10366 peer_stage2_home_processed=10366 peer_stage2_home_items=1342415 avg_peer_stage2_home_items=129.501736 peer_stage2_home_max_queue=33 peer_stage2_home_response_queue_drops=0 peer_stage2_home_response_send_wait_ms=125.794283 avg_peer_stage2_home_queue_wait_us=22.029112 avg_peer_stage2_home_execution_us=73.740607 peer_stage1_release_deferred_batches=1 peer_stage1_release_deferred_items=1 peer_stage1_duplicate_retry_responses=0 peer_stage1_admission_retry_responses=0 peer_stage1_retry_response_drops=0 peer_stage1_admission_waiters=0 peer_stage1_admission_waiter_items=0 peer_stage1_admission_owned_items=0 peer_stage1_admission_wake_coverage=0 peer_stage1_admission_parked=0 peer_stage1_admission_woken=0 peer_stage1_admission_reparked=0 peer_stage1_max_admission_waiters=0 peer_stage1_duplicate_coalesced=0 peer_reverse_enqueued=201 peer_reverse_processed=201 peer_reverse_remaining=0 peer_reverse_items_enqueued=7213 peer_reverse_items_processed=7213 peer_reverse_rate_per_sec=205.852393 peer_reverse_failed=3 peer_reverse_max_queue=6 reclaim_pending=0 reclaim_reused=122 dynamic_high_watermark=19600174912 stage2_remaining=0 cleanup_remaining=0 active_contexts=0 active_context_limit=32 repair_remaining=0 remaining=0
[STATUS]: storage-owner maintenance observation: enqueued=131 stage2_enqueued=131 cleanup_enqueued=0 stage2_tasks_done=131 stage2_finalized_live=131 cleanup_processed=0 stale=0 stage2_completion_ratio=1.000000 live_stage2_completion_ratio=1.000000 avg_stage2_delay_ms=15555.666121 p99_stage2_delay_upper_ms=16000.000000 p99_stage2_delay_over_30s=false stage2_delay_histogram=0,0,0,0,0,0,0,0,0,0,0,0,0,0,0,131,0,0 max_stage2_delay_ms=15913.451224 compaction_batch_target=32 compaction_max_delay_ms=25.000000 stage2_rate_per_sec=3.271671 stage1_search_budget_exhausted=0 stage2_search_budget_exhausted=0 stage2_continuations=131 stage2_remote_frontier_items=779724 avg_stage2_remote_frontier=5952.091603 stage2_remote_expansions=14789 avg_stage2_remote_expansions=112.893130 stage2_scored_candidates=1142904 avg_stage2_scored_candidates=8724.458015 stage2_graph_read_waves=1973 avg_stage2_expansions_per_graph_wave=7.495692 stage2_graph_unique_reads=15124 stage2_graph_prefetch_issued=10963 stage2_graph_prefetch_hits=10628 stage2_graph_prefetch_wasted=335 stage2_graph_prefetch_promotion_ratio=0.969443 stage2_graph_issue_width_current=16 stage2_vector_read_waves=2984 avg_stage2_scores_per_vector_wave=383.010724 stage2_vector_unique_reads=1052222 stage2_home_rpc_batches=6384 stage2_home_rpc_items=803846 avg_stage2_home_rpc_batch=125.915727 stage2_home_score_rpc_batches=3090 stage2_home_score_rpc_items=788722 stage2_home_score_rpc_queries=23446 stage2_home_score_rpc_request_bytes=21422248 stage2_home_score_rpc_response_bytes=25362704 avg_stage2_home_score_queries_per_rpc=7.587702 avg_stage2_home_score_rpc_batch=255.249838 stage2_home_scored_neighbors=879402 home_scores_per_expansion=1.093993 stage2_migrations=122 home_match_rate=0.068702 stage2_final_edges=4793 stage2_cross_edges_stage1_home=4048 stage2_cross_edges_final_home=3390 cross_edge_reduction_ratio=0.162549 failed=0 rpc_timeouts=0 reverse_aggregate_batches=0 reverse_aggregate_logical_requests=0 reverse_aggregate_ops=0 avg_reverse_aggregate_logicals=0.000000 avg_reverse_aggregate_ops=0.000000 max_backlog=131 admission_window=65536 completion_outstanding=0 completion_incomplete=0 completed_behind_hole=0 completion_logical_full_failures=0 completion_physical_full_failures=0 pressure_yields=3 stage2_batches=17 avg_stage2_batch_size=7.705882 packing_target_batch=8 packing_admit_queue_avg=67.000000 packing_admit_queue_max=131 packing_batch_1_7=1 packing_batch_8=16 packing_assembly_batches=17 packing_assembly_wait_ms=255000.886941 packing_arrival_interval_us=3310 packing_waited_batches=1 packing_wait_ms=23.170000 packing_target_flushes=16 packing_deadline_flushes=1 packing_cleanup_flushes=0 stage2_phase_search_attempts=17 stage2_phase_search_task_attempts=131 stage2_phase_search_elapsed_ms=6243.448121 avg_stage2_phase_search_us_per_task=47659.909321 stage2_phase_freeze_prune_attempts=20 stage2_phase_freeze_prune_task_attempts=155 stage2_phase_freeze_prune_elapsed_ms=542.659681 avg_stage2_phase_freeze_prune_us_per_task=3501.030200 stage2_phase_reverse_prepare_attempts=17 stage2_phase_reverse_prepare_task_attempts=131 stage2_phase_reverse_prepare_elapsed_ms=1611.755724 avg_stage2_phase_reverse_prepare_us_per_task=12303.478809 stage2_phase_placement_authority_attempts=17 stage2_phase_placement_authority_task_attempts=131 stage2_phase_placement_authority_elapsed_ms=1181.994844 avg_stage2_phase_placement_authority_us_per_task=9022.861405 stage2_phase_completion_handoff_attempts=17 stage2_phase_completion_handoff_task_attempts=131 stage2_phase_completion_handoff_elapsed_ms=0.051263 avg_stage2_phase_completion_handoff_us_per_task=0.391321 stage2_phase_finalize_attempts=17 stage2_phase_finalize_task_attempts=131 stage2_phase_finalize_elapsed_ms=0.307538 avg_stage2_phase_finalize_us_per_task=2.347618 maintenance_worker_idle_waits=38912 maintenance_worker_idle_ms=312848.455657 maintenance_lost_wake_avoided=3036 maintenance_targeted_wakes=33832 maintenance_generic_wakes=89 maintenance_broadcast_wakes=0 maintenance_context_slots_scanned=581584 maintenance_ready_notifications=9626 maintenance_ready_stale_notifications=0 maintenance_ready_tickets_drained=6903 maintenance_ready_overflow_scans=0 maintenance_ready_fallback_scans=36634 stage2_search_lane_lease_limit=32 stage2_search_lane_lease_peak=15 stage2_search_lane_lease_blocked=0 maintenance_worker_observed_idle_ratio=0.976658 maintenance_worker_observed_busy_ratio=0.023342 physical_stage1_items=131 physical_stage1_total_ns=755730625 physical_stage1_search_ns=719037061 physical_stage1_prune_ns=25604977 physical_stage1_allocate_write_ns=8077378 physical_stage1_backlink_ns=2669227 physical_stage1_candidates=16768 physical_stage1_remote_frontier_items=779724 physical_stage1_neighbors=4983 peer_stage1_enqueued=137 peer_stage1_processed=137 peer_stage1_items=196 avg_peer_stage1_items=1.430657 peer_stage1_rate_per_sec=4.895019 peer_stage1_max_queue=7 peer_stage1_active_workers=0 peer_stage2_home_enqueued=10366 peer_stage2_home_processed=10366 peer_stage2_home_items=1342415 avg_peer_stage2_home_items=129.501736 peer_stage2_home_max_queue=33 peer_stage2_home_response_queue_drops=0 peer_stage2_home_response_send_wait_ms=125.794283 avg_peer_stage2_home_queue_wait_us=22.029112 avg_peer_stage2_home_execution_us=73.740607 peer_stage1_release_deferred_batches=1 peer_stage1_release_deferred_items=1 peer_stage1_duplicate_retry_responses=0 peer_stage1_admission_retry_responses=0 peer_stage1_retry_response_drops=0 peer_stage1_admission_waiters=0 peer_stage1_admission_waiter_items=0 peer_stage1_admission_owned_items=0 peer_stage1_admission_wake_coverage=0 peer_stage1_admission_parked=0 peer_stage1_admission_woken=0 peer_stage1_admission_reparked=0 peer_stage1_max_admission_waiters=0 peer_stage1_duplicate_coalesced=0 peer_reverse_enqueued=201 peer_reverse_processed=201 peer_reverse_remaining=0 peer_reverse_items_enqueued=7213 peer_reverse_items_processed=7213 peer_reverse_rate_per_sec=180.141681 peer_reverse_failed=3 peer_reverse_max_queue=6 reclaim_pending=0 reclaim_reused=122 dynamic_high_watermark=19600174912 stage2_remaining=0 cleanup_remaining=0 active_contexts=0 active_context_limit=32 repair_remaining=0 remaining=0
[STATUS]: storage-owner maintenance observation: enqueued=131 stage2_enqueued=131 cleanup_enqueued=0 stage2_tasks_done=131 stage2_finalized_live=131 cleanup_processed=0 stale=0 stage2_completion_ratio=1.000000 live_stage2_completion_ratio=1.000000 avg_stage2_delay_ms=15555.666121 p99_stage2_delay_upper_ms=16000.000000 p99_stage2_delay_over_30s=false stage2_delay_histogram=0,0,0,0,0,0,0,0,0,0,0,0,0,0,0,131,0,0 max_stage2_delay_ms=15913.451224 compaction_batch_target=32 compaction_max_delay_ms=25.000000 stage2_rate_per_sec=2.908444 stage1_search_budget_exhausted=0 stage2_search_budget_exhausted=0 stage2_continuations=131 stage2_remote_frontier_items=779724 avg_stage2_remote_frontier=5952.091603 stage2_remote_expansions=14789 avg_stage2_remote_expansions=112.893130 stage2_scored_candidates=1142904 avg_stage2_scored_candidates=8724.458015 stage2_graph_read_waves=1973 avg_stage2_expansions_per_graph_wave=7.495692 stage2_graph_unique_reads=15124 stage2_graph_prefetch_issued=10963 stage2_graph_prefetch_hits=10628 stage2_graph_prefetch_wasted=335 stage2_graph_prefetch_promotion_ratio=0.969443 stage2_graph_issue_width_current=16 stage2_vector_read_waves=2984 avg_stage2_scores_per_vector_wave=383.010724 stage2_vector_unique_reads=1052222 stage2_home_rpc_batches=6384 stage2_home_rpc_items=803846 avg_stage2_home_rpc_batch=125.915727 stage2_home_score_rpc_batches=3090 stage2_home_score_rpc_items=788722 stage2_home_score_rpc_queries=23446 stage2_home_score_rpc_request_bytes=21422248 stage2_home_score_rpc_response_bytes=25362704 avg_stage2_home_score_queries_per_rpc=7.587702 avg_stage2_home_score_rpc_batch=255.249838 stage2_home_scored_neighbors=879402 home_scores_per_expansion=1.093993 stage2_migrations=122 home_match_rate=0.068702 stage2_final_edges=4793 stage2_cross_edges_stage1_home=4048 stage2_cross_edges_final_home=3390 cross_edge_reduction_ratio=0.162549 failed=0 rpc_timeouts=0 reverse_aggregate_batches=0 reverse_aggregate_logical_requests=0 reverse_aggregate_ops=0 avg_reverse_aggregate_logicals=0.000000 avg_reverse_aggregate_ops=0.000000 max_backlog=131 admission_window=65536 completion_outstanding=0 completion_incomplete=0 completed_behind_hole=0 completion_logical_full_failures=0 completion_physical_full_failures=0 pressure_yields=3 stage2_batches=17 avg_stage2_batch_size=7.705882 packing_target_batch=8 packing_admit_queue_avg=67.000000 packing_admit_queue_max=131 packing_batch_1_7=1 packing_batch_8=16 packing_assembly_batches=17 packing_assembly_wait_ms=255000.886941 packing_arrival_interval_us=3310 packing_waited_batches=1 packing_wait_ms=23.170000 packing_target_flushes=16 packing_deadline_flushes=1 packing_cleanup_flushes=0 stage2_phase_search_attempts=17 stage2_phase_search_task_attempts=131 stage2_phase_search_elapsed_ms=6243.448121 avg_stage2_phase_search_us_per_task=47659.909321 stage2_phase_freeze_prune_attempts=20 stage2_phase_freeze_prune_task_attempts=155 stage2_phase_freeze_prune_elapsed_ms=542.659681 avg_stage2_phase_freeze_prune_us_per_task=3501.030200 stage2_phase_reverse_prepare_attempts=17 stage2_phase_reverse_prepare_task_attempts=131 stage2_phase_reverse_prepare_elapsed_ms=1611.755724 avg_stage2_phase_reverse_prepare_us_per_task=12303.478809 stage2_phase_placement_authority_attempts=17 stage2_phase_placement_authority_task_attempts=131 stage2_phase_placement_authority_elapsed_ms=1181.994844 avg_stage2_phase_placement_authority_us_per_task=9022.861405 stage2_phase_completion_handoff_attempts=17 stage2_phase_completion_handoff_task_attempts=131 stage2_phase_completion_handoff_elapsed_ms=0.051263 avg_stage2_phase_completion_handoff_us_per_task=0.391321 stage2_phase_finalize_attempts=17 stage2_phase_finalize_task_attempts=131 stage2_phase_finalize_elapsed_ms=0.307538 avg_stage2_phase_finalize_us_per_task=2.347618 maintenance_worker_idle_waits=42944 maintenance_worker_idle_ms=353429.133074 maintenance_lost_wake_avoided=3036 maintenance_targeted_wakes=33832 maintenance_generic_wakes=89 maintenance_broadcast_wakes=0 maintenance_context_slots_scanned=646096 maintenance_ready_notifications=9626 maintenance_ready_stale_notifications=0 maintenance_ready_tickets_drained=6903 maintenance_ready_overflow_scans=0 maintenance_ready_fallback_scans=40608 stage2_search_lane_lease_limit=32 stage2_search_lane_lease_peak=15 stage2_search_lane_lease_blocked=0 maintenance_worker_observed_idle_ratio=0.980848 maintenance_worker_observed_busy_ratio=0.019152 physical_stage1_items=131 physical_stage1_total_ns=755730625 physical_stage1_search_ns=719037061 physical_stage1_prune_ns=25604977 physical_stage1_allocate_write_ns=8077378 physical_stage1_backlink_ns=2669227 physical_stage1_candidates=16768 physical_stage1_remote_frontier_items=779724 physical_stage1_neighbors=4983 peer_stage1_enqueued=137 peer_stage1_processed=137 peer_stage1_items=196 avg_peer_stage1_items=1.430657 peer_stage1_rate_per_sec=4.351565 peer_stage1_max_queue=7 peer_stage1_active_workers=0 peer_stage2_home_enqueued=10366 peer_stage2_home_processed=10366 peer_stage2_home_items=1342415 avg_peer_stage2_home_items=129.501736 peer_stage2_home_max_queue=33 peer_stage2_home_response_queue_drops=0 peer_stage2_home_response_send_wait_ms=125.794283 avg_peer_stage2_home_queue_wait_us=22.029112 avg_peer_stage2_home_execution_us=73.740607 peer_stage1_release_deferred_batches=1 peer_stage1_release_deferred_items=1 peer_stage1_duplicate_retry_responses=0 peer_stage1_admission_retry_responses=0 peer_stage1_retry_response_drops=0 peer_stage1_admission_waiters=0 peer_stage1_admission_waiter_items=0 peer_stage1_admission_owned_items=0 peer_stage1_admission_wake_coverage=0 peer_stage1_admission_parked=0 peer_stage1_admission_woken=0 peer_stage1_admission_reparked=0 peer_stage1_max_admission_waiters=0 peer_stage1_duplicate_coalesced=0 peer_reverse_enqueued=201 peer_reverse_processed=201 peer_reverse_remaining=0 peer_reverse_items_enqueued=7213 peer_reverse_items_processed=7213 peer_reverse_rate_per_sec=160.142024 peer_reverse_failed=3 peer_reverse_max_queue=6 reclaim_pending=0 reclaim_reused=122 dynamic_high_watermark=19600174912 stage2_remaining=0 cleanup_remaining=0 active_contexts=0 active_context_limit=32 repair_remaining=0 remaining=0
[STATUS]: storage-owner maintenance observation: enqueued=131 stage2_enqueued=131 cleanup_enqueued=0 stage2_tasks_done=131 stage2_finalized_live=131 cleanup_processed=0 stale=0 stage2_completion_ratio=1.000000 live_stage2_completion_ratio=1.000000 avg_stage2_delay_ms=15555.666121 p99_stage2_delay_upper_ms=16000.000000 p99_stage2_delay_over_30s=false stage2_delay_histogram=0,0,0,0,0,0,0,0,0,0,0,0,0,0,0,131,0,0 max_stage2_delay_ms=15913.451224 compaction_batch_target=32 compaction_max_delay_ms=25.000000 stage2_rate_per_sec=2.617818 stage1_search_budget_exhausted=0 stage2_search_budget_exhausted=0 stage2_continuations=131 stage2_remote_frontier_items=779724 avg_stage2_remote_frontier=5952.091603 stage2_remote_expansions=14789 avg_stage2_remote_expansions=112.893130 stage2_scored_candidates=1142904 avg_stage2_scored_candidates=8724.458015 stage2_graph_read_waves=1973 avg_stage2_expansions_per_graph_wave=7.495692 stage2_graph_unique_reads=15124 stage2_graph_prefetch_issued=10963 stage2_graph_prefetch_hits=10628 stage2_graph_prefetch_wasted=335 stage2_graph_prefetch_promotion_ratio=0.969443 stage2_graph_issue_width_current=16 stage2_vector_read_waves=2984 avg_stage2_scores_per_vector_wave=383.010724 stage2_vector_unique_reads=1052222 stage2_home_rpc_batches=6384 stage2_home_rpc_items=803846 avg_stage2_home_rpc_batch=125.915727 stage2_home_score_rpc_batches=3090 stage2_home_score_rpc_items=788722 stage2_home_score_rpc_queries=23446 stage2_home_score_rpc_request_bytes=21422248 stage2_home_score_rpc_response_bytes=25362704 avg_stage2_home_score_queries_per_rpc=7.587702 avg_stage2_home_score_rpc_batch=255.249838 stage2_home_scored_neighbors=879402 home_scores_per_expansion=1.093993 stage2_migrations=122 home_match_rate=0.068702 stage2_final_edges=4793 stage2_cross_edges_stage1_home=4048 stage2_cross_edges_final_home=3390 cross_edge_reduction_ratio=0.162549 failed=0 rpc_timeouts=0 reverse_aggregate_batches=0 reverse_aggregate_logical_requests=0 reverse_aggregate_ops=0 avg_reverse_aggregate_logicals=0.000000 avg_reverse_aggregate_ops=0.000000 max_backlog=131 admission_window=65536 completion_outstanding=0 completion_incomplete=0 completed_behind_hole=0 completion_logical_full_failures=0 completion_physical_full_failures=0 pressure_yields=3 stage2_batches=17 avg_stage2_batch_size=7.705882 packing_target_batch=8 packing_admit_queue_avg=67.000000 packing_admit_queue_max=131 packing_batch_1_7=1 packing_batch_8=16 packing_assembly_batches=17 packing_assembly_wait_ms=255000.886941 packing_arrival_interval_us=3310 packing_waited_batches=1 packing_wait_ms=23.170000 packing_target_flushes=16 packing_deadline_flushes=1 packing_cleanup_flushes=0 stage2_phase_search_attempts=17 stage2_phase_search_task_attempts=131 stage2_phase_search_elapsed_ms=6243.448121 avg_stage2_phase_search_us_per_task=47659.909321 stage2_phase_freeze_prune_attempts=20 stage2_phase_freeze_prune_task_attempts=155 stage2_phase_freeze_prune_elapsed_ms=542.659681 avg_stage2_phase_freeze_prune_us_per_task=3501.030200 stage2_phase_reverse_prepare_attempts=17 stage2_phase_reverse_prepare_task_attempts=131 stage2_phase_reverse_prepare_elapsed_ms=1611.755724 avg_stage2_phase_reverse_prepare_us_per_task=12303.478809 stage2_phase_placement_authority_attempts=17 stage2_phase_placement_authority_task_attempts=131 stage2_phase_placement_authority_elapsed_ms=1181.994844 avg_stage2_phase_placement_authority_us_per_task=9022.861405 stage2_phase_completion_handoff_attempts=17 stage2_phase_completion_handoff_task_attempts=131 stage2_phase_completion_handoff_elapsed_ms=0.051263 avg_stage2_phase_completion_handoff_us_per_task=0.391321 stage2_phase_finalize_attempts=17 stage2_phase_finalize_task_attempts=131 stage2_phase_finalize_elapsed_ms=0.307538 avg_stage2_phase_finalize_us_per_task=2.347618 maintenance_worker_idle_waits=46912 maintenance_worker_idle_ms=393350.518638 maintenance_lost_wake_avoided=3036 maintenance_targeted_wakes=33832 maintenance_generic_wakes=89 maintenance_broadcast_wakes=0 maintenance_context_slots_scanned=709584 maintenance_ready_notifications=9626 maintenance_ready_stale_notifications=0 maintenance_ready_tickets_drained=6903 maintenance_ready_overflow_scans=0 maintenance_ready_fallback_scans=44584 stage2_search_lane_lease_limit=32 stage2_search_lane_lease_peak=15 stage2_search_lane_lease_blocked=0 maintenance_worker_observed_idle_ratio=0.982557 maintenance_worker_observed_busy_ratio=0.017443 physical_stage1_items=131 physical_stage1_total_ns=755730625 physical_stage1_search_ns=719037061 physical_stage1_prune_ns=25604977 physical_stage1_allocate_write_ns=8077378 physical_stage1_backlink_ns=2669227 physical_stage1_candidates=16768 physical_stage1_remote_frontier_items=779724 physical_stage1_neighbors=4983 peer_stage1_enqueued=137 peer_stage1_processed=137 peer_stage1_items=196 avg_peer_stage1_items=1.430657 peer_stage1_rate_per_sec=3.916736 peer_stage1_max_queue=7 peer_stage1_active_workers=0 peer_stage2_home_enqueued=10366 peer_stage2_home_processed=10366 peer_stage2_home_items=1342415 avg_peer_stage2_home_items=129.501736 peer_stage2_home_max_queue=33 peer_stage2_home_response_queue_drops=0 peer_stage2_home_response_send_wait_ms=125.794283 avg_peer_stage2_home_queue_wait_us=22.029112 avg_peer_stage2_home_execution_us=73.740607 peer_stage1_release_deferred_batches=1 peer_stage1_release_deferred_items=1 peer_stage1_duplicate_retry_responses=0 peer_stage1_admission_retry_responses=0 peer_stage1_retry_response_drops=0 peer_stage1_admission_waiters=0 peer_stage1_admission_waiter_items=0 peer_stage1_admission_owned_items=0 peer_stage1_admission_wake_coverage=0 peer_stage1_admission_parked=0 peer_stage1_admission_woken=0 peer_stage1_admission_reparked=0 peer_stage1_max_admission_waiters=0 peer_stage1_duplicate_coalesced=0 peer_reverse_enqueued=201 peer_reverse_processed=201 peer_reverse_remaining=0 peer_reverse_items_enqueued=7213 peer_reverse_items_processed=7213 peer_reverse_rate_per_sec=144.139875 peer_reverse_failed=3 peer_reverse_max_queue=6 reclaim_pending=0 reclaim_reused=122 dynamic_high_watermark=19600174912 stage2_remaining=0 cleanup_remaining=0 active_contexts=0 active_context_limit=32 repair_remaining=0 remaining=0
[STATUS]: storage-owner maintenance observation: enqueued=131 stage2_enqueued=131 cleanup_enqueued=0 stage2_tasks_done=131 stage2_finalized_live=131 cleanup_processed=0 stale=0 stage2_completion_ratio=1.000000 live_stage2_completion_ratio=1.000000 avg_stage2_delay_ms=15555.666121 p99_stage2_delay_upper_ms=16000.000000 p99_stage2_delay_over_30s=false stage2_delay_histogram=0,0,0,0,0,0,0,0,0,0,0,0,0,0,0,131,0,0 max_stage2_delay_ms=15913.451224 compaction_batch_target=32 compaction_max_delay_ms=25.000000 stage2_rate_per_sec=2.379948 stage1_search_budget_exhausted=0 stage2_search_budget_exhausted=0 stage2_continuations=131 stage2_remote_frontier_items=779724 avg_stage2_remote_frontier=5952.091603 stage2_remote_expansions=14789 avg_stage2_remote_expansions=112.893130 stage2_scored_candidates=1142904 avg_stage2_scored_candidates=8724.458015 stage2_graph_read_waves=1973 avg_stage2_expansions_per_graph_wave=7.495692 stage2_graph_unique_reads=15124 stage2_graph_prefetch_issued=10963 stage2_graph_prefetch_hits=10628 stage2_graph_prefetch_wasted=335 stage2_graph_prefetch_promotion_ratio=0.969443 stage2_graph_issue_width_current=16 stage2_vector_read_waves=2984 avg_stage2_scores_per_vector_wave=383.010724 stage2_vector_unique_reads=1052222 stage2_home_rpc_batches=6384 stage2_home_rpc_items=803846 avg_stage2_home_rpc_batch=125.915727 stage2_home_score_rpc_batches=3090 stage2_home_score_rpc_items=788722 stage2_home_score_rpc_queries=23446 stage2_home_score_rpc_request_bytes=21422248 stage2_home_score_rpc_response_bytes=25362704 avg_stage2_home_score_queries_per_rpc=7.587702 avg_stage2_home_score_rpc_batch=255.249838 stage2_home_scored_neighbors=879402 home_scores_per_expansion=1.093993 stage2_migrations=122 home_match_rate=0.068702 stage2_final_edges=4793 stage2_cross_edges_stage1_home=4048 stage2_cross_edges_final_home=3390 cross_edge_reduction_ratio=0.162549 failed=0 rpc_timeouts=0 reverse_aggregate_batches=0 reverse_aggregate_logical_requests=0 reverse_aggregate_ops=0 avg_reverse_aggregate_logicals=0.000000 avg_reverse_aggregate_ops=0.000000 max_backlog=131 admission_window=65536 completion_outstanding=0 completion_incomplete=0 completed_behind_hole=0 completion_logical_full_failures=0 completion_physical_full_failures=0 pressure_yields=3 stage2_batches=17 avg_stage2_batch_size=7.705882 packing_target_batch=8 packing_admit_queue_avg=67.000000 packing_admit_queue_max=131 packing_batch_1_7=1 packing_batch_8=16 packing_assembly_batches=17 packing_assembly_wait_ms=255000.886941 packing_arrival_interval_us=3310 packing_waited_batches=1 packing_wait_ms=23.170000 packing_target_flushes=16 packing_deadline_flushes=1 packing_cleanup_flushes=0 stage2_phase_search_attempts=17 stage2_phase_search_task_attempts=131 stage2_phase_search_elapsed_ms=6243.448121 avg_stage2_phase_search_us_per_task=47659.909321 stage2_phase_freeze_prune_attempts=20 stage2_phase_freeze_prune_task_attempts=155 stage2_phase_freeze_prune_elapsed_ms=542.659681 avg_stage2_phase_freeze_prune_us_per_task=3501.030200 stage2_phase_reverse_prepare_attempts=17 stage2_phase_reverse_prepare_task_attempts=131 stage2_phase_reverse_prepare_elapsed_ms=1611.755724 avg_stage2_phase_reverse_prepare_us_per_task=12303.478809 stage2_phase_placement_authority_attempts=17 stage2_phase_placement_authority_task_attempts=131 stage2_phase_placement_authority_elapsed_ms=1181.994844 avg_stage2_phase_placement_authority_us_per_task=9022.861405 stage2_phase_completion_handoff_attempts=17 stage2_phase_completion_handoff_task_attempts=131 stage2_phase_completion_handoff_elapsed_ms=0.051263 avg_stage2_phase_completion_handoff_us_per_task=0.391321 stage2_phase_finalize_attempts=17 stage2_phase_finalize_task_attempts=131 stage2_phase_finalize_elapsed_ms=0.307538 avg_stage2_phase_finalize_us_per_task=2.347618 maintenance_worker_idle_waits=50880 maintenance_worker_idle_ms=433264.243210 maintenance_lost_wake_avoided=3036 maintenance_targeted_wakes=33832 maintenance_generic_wakes=89 maintenance_broadcast_wakes=0 maintenance_context_slots_scanned=773072 maintenance_ready_notifications=9626 maintenance_ready_stale_notifications=0 maintenance_ready_tickets_drained=6903 maintenance_ready_overflow_scans=0 maintenance_ready_fallback_scans=48559 stage2_search_lane_lease_limit=32 stage2_search_lane_lease_peak=15 stage2_search_lane_lease_blocked=0 maintenance_worker_observed_idle_ratio=0.983918 maintenance_worker_observed_busy_ratio=0.016082 physical_stage1_items=131 physical_stage1_total_ns=755730625 physical_stage1_search_ns=719037061 physical_stage1_prune_ns=25604977 physical_stage1_allocate_write_ns=8077378 physical_stage1_backlink_ns=2669227 physical_stage1_candidates=16768 physical_stage1_remote_frontier_items=779724 physical_stage1_neighbors=4983 peer_stage1_enqueued=137 peer_stage1_processed=137 peer_stage1_items=196 avg_peer_stage1_items=1.430657 peer_stage1_rate_per_sec=3.560838 peer_stage1_max_queue=7 peer_stage1_active_workers=0 peer_stage2_home_enqueued=10366 peer_stage2_home_processed=10366 peer_stage2_home_items=1342415 avg_peer_stage2_home_items=129.501736 peer_stage2_home_max_queue=33 peer_stage2_home_response_queue_drops=0 peer_stage2_home_response_send_wait_ms=125.794283 avg_peer_stage2_home_queue_wait_us=22.029112 avg_peer_stage2_home_execution_us=73.740607 peer_stage1_release_deferred_batches=1 peer_stage1_release_deferred_items=1 peer_stage1_duplicate_retry_responses=0 peer_stage1_admission_retry_responses=0 peer_stage1_retry_response_drops=0 peer_stage1_admission_waiters=0 peer_stage1_admission_waiter_items=0 peer_stage1_admission_owned_items=0 peer_stage1_admission_wake_coverage=0 peer_stage1_admission_parked=0 peer_stage1_admission_woken=0 peer_stage1_admission_reparked=0 peer_stage1_max_admission_waiters=0 peer_stage1_duplicate_coalesced=0 peer_reverse_enqueued=201 peer_reverse_processed=201 peer_reverse_remaining=0 peer_reverse_items_enqueued=7213 peer_reverse_items_processed=7213 peer_reverse_rate_per_sec=131.042457 peer_reverse_failed=3 peer_reverse_max_queue=6 reclaim_pending=0 reclaim_reused=122 dynamic_high_watermark=19600174912 stage2_remaining=0 cleanup_remaining=0 active_contexts=0 active_context_limit=32 repair_remaining=0 remaining=0
[STATUS]: storage-owner maintenance observation: enqueued=131 stage2_enqueued=131 cleanup_enqueued=0 stage2_tasks_done=131 stage2_finalized_live=131 cleanup_processed=0 stale=0 stage2_completion_ratio=1.000000 live_stage2_completion_ratio=1.000000 avg_stage2_delay_ms=15555.666121 p99_stage2_delay_upper_ms=16000.000000 p99_stage2_delay_over_30s=false stage2_delay_histogram=0,0,0,0,0,0,0,0,0,0,0,0,0,0,0,131,0,0 max_stage2_delay_ms=15913.451224 compaction_batch_target=32 compaction_max_delay_ms=25.000000 stage2_rate_per_sec=2.181695 stage1_search_budget_exhausted=0 stage2_search_budget_exhausted=0 stage2_continuations=131 stage2_remote_frontier_items=779724 avg_stage2_remote_frontier=5952.091603 stage2_remote_expansions=14789 avg_stage2_remote_expansions=112.893130 stage2_scored_candidates=1142904 avg_stage2_scored_candidates=8724.458015 stage2_graph_read_waves=1973 avg_stage2_expansions_per_graph_wave=7.495692 stage2_graph_unique_reads=15124 stage2_graph_prefetch_issued=10963 stage2_graph_prefetch_hits=10628 stage2_graph_prefetch_wasted=335 stage2_graph_prefetch_promotion_ratio=0.969443 stage2_graph_issue_width_current=16 stage2_vector_read_waves=2984 avg_stage2_scores_per_vector_wave=383.010724 stage2_vector_unique_reads=1052222 stage2_home_rpc_batches=6384 stage2_home_rpc_items=803846 avg_stage2_home_rpc_batch=125.915727 stage2_home_score_rpc_batches=3090 stage2_home_score_rpc_items=788722 stage2_home_score_rpc_queries=23446 stage2_home_score_rpc_request_bytes=21422248 stage2_home_score_rpc_response_bytes=25362704 avg_stage2_home_score_queries_per_rpc=7.587702 avg_stage2_home_score_rpc_batch=255.249838 stage2_home_scored_neighbors=879402 home_scores_per_expansion=1.093993 stage2_migrations=122 home_match_rate=0.068702 stage2_final_edges=4793 stage2_cross_edges_stage1_home=4048 stage2_cross_edges_final_home=3390 cross_edge_reduction_ratio=0.162549 failed=0 rpc_timeouts=0 reverse_aggregate_batches=0 reverse_aggregate_logical_requests=0 reverse_aggregate_ops=0 avg_reverse_aggregate_logicals=0.000000 avg_reverse_aggregate_ops=0.000000 max_backlog=131 admission_window=65536 completion_outstanding=0 completion_incomplete=0 completed_behind_hole=0 completion_logical_full_failures=0 completion_physical_full_failures=0 pressure_yields=3 stage2_batches=17 avg_stage2_batch_size=7.705882 packing_target_batch=8 packing_admit_queue_avg=67.000000 packing_admit_queue_max=131 packing_batch_1_7=1 packing_batch_8=16 packing_assembly_batches=17 packing_assembly_wait_ms=255000.886941 packing_arrival_interval_us=3310 packing_waited_batches=1 packing_wait_ms=23.170000 packing_target_flushes=16 packing_deadline_flushes=1 packing_cleanup_flushes=0 stage2_phase_search_attempts=17 stage2_phase_search_task_attempts=131 stage2_phase_search_elapsed_ms=6243.448121 avg_stage2_phase_search_us_per_task=47659.909321 stage2_phase_freeze_prune_attempts=20 stage2_phase_freeze_prune_task_attempts=155 stage2_phase_freeze_prune_elapsed_ms=542.659681 avg_stage2_phase_freeze_prune_us_per_task=3501.030200 stage2_phase_reverse_prepare_attempts=17 stage2_phase_reverse_prepare_task_attempts=131 stage2_phase_reverse_prepare_elapsed_ms=1611.755724 avg_stage2_phase_reverse_prepare_us_per_task=12303.478809 stage2_phase_placement_authority_attempts=17 stage2_phase_placement_authority_task_attempts=131 stage2_phase_placement_authority_elapsed_ms=1181.994844 avg_stage2_phase_placement_authority_us_per_task=9022.861405 stage2_phase_completion_handoff_attempts=17 stage2_phase_completion_handoff_task_attempts=131 stage2_phase_completion_handoff_elapsed_ms=0.051263 avg_stage2_phase_completion_handoff_us_per_task=0.391321 stage2_phase_finalize_attempts=17 stage2_phase_finalize_task_attempts=131 stage2_phase_finalize_elapsed_ms=0.307538 avg_stage2_phase_finalize_us_per_task=2.347618 maintenance_worker_idle_waits=54784 maintenance_worker_idle_ms=472534.851491 maintenance_lost_wake_avoided=3036 maintenance_targeted_wakes=33832 maintenance_generic_wakes=89 maintenance_broadcast_wakes=0 maintenance_context_slots_scanned=835536 maintenance_ready_notifications=9626 maintenance_ready_stale_notifications=0 maintenance_ready_tickets_drained=6903 maintenance_ready_overflow_scans=0 maintenance_ready_fallback_scans=52536 stage2_search_lane_lease_limit=32 stage2_search_lane_lease_peak=15 stage2_search_lane_lease_blocked=0 maintenance_worker_observed_idle_ratio=0.983709 maintenance_worker_observed_busy_ratio=0.016291 physical_stage1_items=131 physical_stage1_total_ns=755730625 physical_stage1_search_ns=719037061 physical_stage1_prune_ns=25604977 physical_stage1_allocate_write_ns=8077378 physical_stage1_backlink_ns=2669227 physical_stage1_candidates=16768 physical_stage1_remote_frontier_items=779724 physical_stage1_neighbors=4983 peer_stage1_enqueued=137 peer_stage1_processed=137 peer_stage1_items=196 avg_peer_stage1_items=1.430657 peer_stage1_rate_per_sec=3.264216 peer_stage1_max_queue=7 peer_stage1_active_workers=0 peer_stage2_home_enqueued=10366 peer_stage2_home_processed=10366 peer_stage2_home_items=1342415 avg_peer_stage2_home_items=129.501736 peer_stage2_home_max_queue=33 peer_stage2_home_response_queue_drops=0 peer_stage2_home_response_send_wait_ms=125.794283 avg_peer_stage2_home_queue_wait_us=22.029112 avg_peer_stage2_home_execution_us=73.740607 peer_stage1_release_deferred_batches=1 peer_stage1_release_deferred_items=1 peer_stage1_duplicate_retry_responses=0 peer_stage1_admission_retry_responses=0 peer_stage1_retry_response_drops=0 peer_stage1_admission_waiters=0 peer_stage1_admission_waiter_items=0 peer_stage1_admission_owned_items=0 peer_stage1_admission_wake_coverage=0 peer_stage1_admission_parked=0 peer_stage1_admission_woken=0 peer_stage1_admission_reparked=0 peer_stage1_max_admission_waiters=0 peer_stage1_duplicate_coalesced=0 peer_reverse_enqueued=201 peer_reverse_processed=201 peer_reverse_remaining=0 peer_reverse_items_enqueued=7213 peer_reverse_items_processed=7213 peer_reverse_rate_per_sec=120.126475 peer_reverse_failed=3 peer_reverse_max_queue=6 reclaim_pending=0 reclaim_reused=122 dynamic_high_watermark=19600174912 stage2_remaining=0 cleanup_remaining=0 active_contexts=0 active_context_limit=32 repair_remaining=0 remaining=0
[STATUS]: storage-owner maintenance observation: enqueued=131 stage2_enqueued=131 cleanup_enqueued=0 stage2_tasks_done=131 stage2_finalized_live=131 cleanup_processed=0 stale=0 stage2_completion_ratio=1.000000 live_stage2_completion_ratio=1.000000 avg_stage2_delay_ms=15555.666121 p99_stage2_delay_upper_ms=16000.000000 p99_stage2_delay_over_30s=false stage2_delay_histogram=0,0,0,0,0,0,0,0,0,0,0,0,0,0,0,131,0,0 max_stage2_delay_ms=15913.451224 compaction_batch_target=32 compaction_max_delay_ms=25.000000 stage2_rate_per_sec=2.013881 stage1_search_budget_exhausted=0 stage2_search_budget_exhausted=0 stage2_continuations=131 stage2_remote_frontier_items=779724 avg_stage2_remote_frontier=5952.091603 stage2_remote_expansions=14789 avg_stage2_remote_expansions=112.893130 stage2_scored_candidates=1142904 avg_stage2_scored_candidates=8724.458015 stage2_graph_read_waves=1973 avg_stage2_expansions_per_graph_wave=7.495692 stage2_graph_unique_reads=15124 stage2_graph_prefetch_issued=10963 stage2_graph_prefetch_hits=10628 stage2_graph_prefetch_wasted=335 stage2_graph_prefetch_promotion_ratio=0.969443 stage2_graph_issue_width_current=16 stage2_vector_read_waves=2984 avg_stage2_scores_per_vector_wave=383.010724 stage2_vector_unique_reads=1052222 stage2_home_rpc_batches=6384 stage2_home_rpc_items=803846 avg_stage2_home_rpc_batch=125.915727 stage2_home_score_rpc_batches=3090 stage2_home_score_rpc_items=788722 stage2_home_score_rpc_queries=23446 stage2_home_score_rpc_request_bytes=21422248 stage2_home_score_rpc_response_bytes=25362704 avg_stage2_home_score_queries_per_rpc=7.587702 avg_stage2_home_score_rpc_batch=255.249838 stage2_home_scored_neighbors=879402 home_scores_per_expansion=1.093993 stage2_migrations=122 home_match_rate=0.068702 stage2_final_edges=4793 stage2_cross_edges_stage1_home=4048 stage2_cross_edges_final_home=3390 cross_edge_reduction_ratio=0.162549 failed=0 rpc_timeouts=0 reverse_aggregate_batches=0 reverse_aggregate_logical_requests=0 reverse_aggregate_ops=0 avg_reverse_aggregate_logicals=0.000000 avg_reverse_aggregate_ops=0.000000 max_backlog=131 admission_window=65536 completion_outstanding=0 completion_incomplete=0 completed_behind_hole=0 completion_logical_full_failures=0 completion_physical_full_failures=0 pressure_yields=3 stage2_batches=17 avg_stage2_batch_size=7.705882 packing_target_batch=8 packing_admit_queue_avg=67.000000 packing_admit_queue_max=131 packing_batch_1_7=1 packing_batch_8=16 packing_assembly_batches=17 packing_assembly_wait_ms=255000.886941 packing_arrival_interval_us=3310 packing_waited_batches=1 packing_wait_ms=23.170000 packing_target_flushes=16 packing_deadline_flushes=1 packing_cleanup_flushes=0 stage2_phase_search_attempts=17 stage2_phase_search_task_attempts=131 stage2_phase_search_elapsed_ms=6243.448121 avg_stage2_phase_search_us_per_task=47659.909321 stage2_phase_freeze_prune_attempts=20 stage2_phase_freeze_prune_task_attempts=155 stage2_phase_freeze_prune_elapsed_ms=542.659681 avg_stage2_phase_freeze_prune_us_per_task=3501.030200 stage2_phase_reverse_prepare_attempts=17 stage2_phase_reverse_prepare_task_attempts=131 stage2_phase_reverse_prepare_elapsed_ms=1611.755724 avg_stage2_phase_reverse_prepare_us_per_task=12303.478809 stage2_phase_placement_authority_attempts=17 stage2_phase_placement_authority_task_attempts=131 stage2_phase_placement_authority_elapsed_ms=1181.994844 avg_stage2_phase_placement_authority_us_per_task=9022.861405 stage2_phase_completion_handoff_attempts=17 stage2_phase_completion_handoff_task_attempts=131 stage2_phase_completion_handoff_elapsed_ms=0.051263 avg_stage2_phase_completion_handoff_us_per_task=0.391321 stage2_phase_finalize_attempts=17 stage2_phase_finalize_task_attempts=131 stage2_phase_finalize_elapsed_ms=0.307538 avg_stage2_phase_finalize_us_per_task=2.347618 maintenance_worker_idle_waits=58816 maintenance_worker_idle_ms=513094.268160 maintenance_lost_wake_avoided=3036 maintenance_targeted_wakes=33832 maintenance_generic_wakes=89 maintenance_broadcast_wakes=0 maintenance_context_slots_scanned=900048 maintenance_ready_notifications=9626 maintenance_ready_stale_notifications=0 maintenance_ready_tickets_drained=6903 maintenance_ready_overflow_scans=0 maintenance_ready_fallback_scans=56514 stage2_search_lane_lease_limit=32 stage2_search_lane_lease_peak=15 stage2_search_lane_lease_blocked=0 maintenance_worker_observed_idle_ratio=0.985983 maintenance_worker_observed_busy_ratio=0.014017 physical_stage1_items=131 physical_stage1_total_ns=755730625 physical_stage1_search_ns=719037061 physical_stage1_prune_ns=25604977 physical_stage1_allocate_write_ns=8077378 physical_stage1_backlink_ns=2669227 physical_stage1_candidates=16768 physical_stage1_remote_frontier_items=779724 physical_stage1_neighbors=4983 peer_stage1_enqueued=137 peer_stage1_processed=137 peer_stage1_items=196 avg_peer_stage1_items=1.430657 peer_stage1_rate_per_sec=3.013134 peer_stage1_max_queue=7 peer_stage1_active_workers=0 peer_stage2_home_enqueued=10366 peer_stage2_home_processed=10366 peer_stage2_home_items=1342415 avg_peer_stage2_home_items=129.501736 peer_stage2_home_max_queue=33 peer_stage2_home_response_queue_drops=0 peer_stage2_home_response_send_wait_ms=125.794283 avg_peer_stage2_home_queue_wait_us=22.029112 avg_peer_stage2_home_execution_us=73.740607 peer_stage1_release_deferred_batches=1 peer_stage1_release_deferred_items=1 peer_stage1_duplicate_retry_responses=0 peer_stage1_admission_retry_responses=0 peer_stage1_retry_response_drops=0 peer_stage1_admission_waiters=0 peer_stage1_admission_waiter_items=0 peer_stage1_admission_owned_items=0 peer_stage1_admission_wake_coverage=0 peer_stage1_admission_parked=0 peer_stage1_admission_woken=0 peer_stage1_admission_reparked=0 peer_stage1_max_admission_waiters=0 peer_stage1_duplicate_coalesced=0 peer_reverse_enqueued=201 peer_reverse_processed=201 peer_reverse_remaining=0 peer_reverse_items_enqueued=7213 peer_reverse_items_processed=7213 peer_reverse_rate_per_sec=110.886414 peer_reverse_failed=3 peer_reverse_max_queue=6 reclaim_pending=0 reclaim_reused=122 dynamic_high_watermark=19600174912 stage2_remaining=0 cleanup_remaining=0 active_contexts=0 active_context_limit=32 repair_remaining=0 remaining=0
[STATUS]: storage-owner maintenance observation: enqueued=131 stage2_enqueued=131 cleanup_enqueued=0 stage2_tasks_done=131 stage2_finalized_live=131 cleanup_processed=0 stale=0 stage2_completion_ratio=1.000000 live_stage2_completion_ratio=1.000000 avg_stage2_delay_ms=15555.666121 p99_stage2_delay_upper_ms=16000.000000 p99_stage2_delay_over_30s=false stage2_delay_histogram=0,0,0,0,0,0,0,0,0,0,0,0,0,0,0,131,0,0 max_stage2_delay_ms=15913.451224 compaction_batch_target=32 compaction_max_delay_ms=25.000000 stage2_rate_per_sec=1.870120 stage1_search_budget_exhausted=0 stage2_search_budget_exhausted=0 stage2_continuations=131 stage2_remote_frontier_items=779724 avg_stage2_remote_frontier=5952.091603 stage2_remote_expansions=14789 avg_stage2_remote_expansions=112.893130 stage2_scored_candidates=1142904 avg_stage2_scored_candidates=8724.458015 stage2_graph_read_waves=1973 avg_stage2_expansions_per_graph_wave=7.495692 stage2_graph_unique_reads=15124 stage2_graph_prefetch_issued=10963 stage2_graph_prefetch_hits=10628 stage2_graph_prefetch_wasted=335 stage2_graph_prefetch_promotion_ratio=0.969443 stage2_graph_issue_width_current=16 stage2_vector_read_waves=2984 avg_stage2_scores_per_vector_wave=383.010724 stage2_vector_unique_reads=1052222 stage2_home_rpc_batches=6384 stage2_home_rpc_items=803846 avg_stage2_home_rpc_batch=125.915727 stage2_home_score_rpc_batches=3090 stage2_home_score_rpc_items=788722 stage2_home_score_rpc_queries=23446 stage2_home_score_rpc_request_bytes=21422248 stage2_home_score_rpc_response_bytes=25362704 avg_stage2_home_score_queries_per_rpc=7.587702 avg_stage2_home_score_rpc_batch=255.249838 stage2_home_scored_neighbors=879402 home_scores_per_expansion=1.093993 stage2_migrations=122 home_match_rate=0.068702 stage2_final_edges=4793 stage2_cross_edges_stage1_home=4048 stage2_cross_edges_final_home=3390 cross_edge_reduction_ratio=0.162549 failed=0 rpc_timeouts=0 reverse_aggregate_batches=0 reverse_aggregate_logical_requests=0 reverse_aggregate_ops=0 avg_reverse_aggregate_logicals=0.000000 avg_reverse_aggregate_ops=0.000000 max_backlog=131 admission_window=65536 completion_outstanding=0 completion_incomplete=0 completed_behind_hole=0 completion_logical_full_failures=0 completion_physical_full_failures=0 pressure_yields=3 stage2_batches=17 avg_stage2_batch_size=7.705882 packing_target_batch=8 packing_admit_queue_avg=67.000000 packing_admit_queue_max=131 packing_batch_1_7=1 packing_batch_8=16 packing_assembly_batches=17 packing_assembly_wait_ms=255000.886941 packing_arrival_interval_us=3310 packing_waited_batches=1 packing_wait_ms=23.170000 packing_target_flushes=16 packing_deadline_flushes=1 packing_cleanup_flushes=0 stage2_phase_search_attempts=17 stage2_phase_search_task_attempts=131 stage2_phase_search_elapsed_ms=6243.448121 avg_stage2_phase_search_us_per_task=47659.909321 stage2_phase_freeze_prune_attempts=20 stage2_phase_freeze_prune_task_attempts=155 stage2_phase_freeze_prune_elapsed_ms=542.659681 avg_stage2_phase_freeze_prune_us_per_task=3501.030200 stage2_phase_reverse_prepare_attempts=17 stage2_phase_reverse_prepare_task_attempts=131 stage2_phase_reverse_prepare_elapsed_ms=1611.755724 avg_stage2_phase_reverse_prepare_us_per_task=12303.478809 stage2_phase_placement_authority_attempts=17 stage2_phase_placement_authority_task_attempts=131 stage2_phase_placement_authority_elapsed_ms=1181.994844 avg_stage2_phase_placement_authority_us_per_task=9022.861405 stage2_phase_completion_handoff_attempts=17 stage2_phase_completion_handoff_task_attempts=131 stage2_phase_completion_handoff_elapsed_ms=0.051263 avg_stage2_phase_completion_handoff_us_per_task=0.391321 stage2_phase_finalize_attempts=17 stage2_phase_finalize_task_attempts=131 stage2_phase_finalize_elapsed_ms=0.307538 avg_stage2_phase_finalize_us_per_task=2.347618 maintenance_worker_idle_waits=62848 maintenance_worker_idle_ms=553671.750097 maintenance_lost_wake_avoided=3036 maintenance_targeted_wakes=33832 maintenance_generic_wakes=89 maintenance_broadcast_wakes=0 maintenance_context_slots_scanned=964560 maintenance_ready_notifications=9626 maintenance_ready_stale_notifications=0 maintenance_ready_tickets_drained=6903 maintenance_ready_overflow_scans=0 maintenance_ready_fallback_scans=60488 stage2_search_lane_lease_limit=32 stage2_search_lane_lease_peak=15 stage2_search_lane_lease_blocked=0 maintenance_worker_observed_idle_ratio=0.988008 maintenance_worker_observed_busy_ratio=0.011992 physical_stage1_items=131 physical_stage1_total_ns=755730625 physical_stage1_search_ns=719037061 physical_stage1_prune_ns=25604977 physical_stage1_allocate_write_ns=8077378 physical_stage1_backlink_ns=2669227 physical_stage1_candidates=16768 physical_stage1_remote_frontier_items=779724 physical_stage1_neighbors=4983 peer_stage1_enqueued=137 peer_stage1_processed=137 peer_stage1_items=196 avg_peer_stage1_items=1.430657 peer_stage1_rate_per_sec=2.798042 peer_stage1_max_queue=7 peer_stage1_active_workers=0 peer_stage2_home_enqueued=10366 peer_stage2_home_processed=10366 peer_stage2_home_items=1342415 avg_peer_stage2_home_items=129.501736 peer_stage2_home_max_queue=33 peer_stage2_home_response_queue_drops=0 peer_stage2_home_response_send_wait_ms=125.794283 avg_peer_stage2_home_queue_wait_us=22.029112 avg_peer_stage2_home_execution_us=73.740607 peer_stage1_release_deferred_batches=1 peer_stage1_release_deferred_items=1 peer_stage1_duplicate_retry_responses=0 peer_stage1_admission_retry_responses=0 peer_stage1_retry_response_drops=0 peer_stage1_admission_waiters=0 peer_stage1_admission_waiter_items=0 peer_stage1_admission_owned_items=0 peer_stage1_admission_wake_coverage=0 peer_stage1_admission_parked=0 peer_stage1_admission_woken=0 peer_stage1_admission_reparked=0 peer_stage1_max_admission_waiters=0 peer_stage1_duplicate_coalesced=0 peer_reverse_enqueued=201 peer_reverse_processed=201 peer_reverse_remaining=0 peer_reverse_items_enqueued=7213 peer_reverse_items_processed=7213 peer_reverse_rate_per_sec=102.970803 peer_reverse_failed=3 peer_reverse_max_queue=6 reclaim_pending=0 reclaim_reused=122 dynamic_high_watermark=19600174912 stage2_remaining=0 cleanup_remaining=0 active_contexts=0 active_context_limit=32 repair_remaining=0 remaining=0
[STATUS]: storage-owner maintenance observation: enqueued=131 stage2_enqueued=131 cleanup_enqueued=0 stage2_tasks_done=131 stage2_finalized_live=131 cleanup_processed=0 stale=0 stage2_completion_ratio=1.000000 live_stage2_completion_ratio=1.000000 avg_stage2_delay_ms=15555.666121 p99_stage2_delay_upper_ms=16000.000000 p99_stage2_delay_over_30s=false stage2_delay_histogram=0,0,0,0,0,0,0,0,0,0,0,0,0,0,0,131,0,0 max_stage2_delay_ms=15913.451224 compaction_batch_target=32 compaction_max_delay_ms=25.000000 stage2_rate_per_sec=1.745521 stage1_search_budget_exhausted=0 stage2_search_budget_exhausted=0 stage2_continuations=131 stage2_remote_frontier_items=779724 avg_stage2_remote_frontier=5952.091603 stage2_remote_expansions=14789 avg_stage2_remote_expansions=112.893130 stage2_scored_candidates=1142904 avg_stage2_scored_candidates=8724.458015 stage2_graph_read_waves=1973 avg_stage2_expansions_per_graph_wave=7.495692 stage2_graph_unique_reads=15124 stage2_graph_prefetch_issued=10963 stage2_graph_prefetch_hits=10628 stage2_graph_prefetch_wasted=335 stage2_graph_prefetch_promotion_ratio=0.969443 stage2_graph_issue_width_current=16 stage2_vector_read_waves=2984 avg_stage2_scores_per_vector_wave=383.010724 stage2_vector_unique_reads=1052222 stage2_home_rpc_batches=6384 stage2_home_rpc_items=803846 avg_stage2_home_rpc_batch=125.915727 stage2_home_score_rpc_batches=3090 stage2_home_score_rpc_items=788722 stage2_home_score_rpc_queries=23446 stage2_home_score_rpc_request_bytes=21422248 stage2_home_score_rpc_response_bytes=25362704 avg_stage2_home_score_queries_per_rpc=7.587702 avg_stage2_home_score_rpc_batch=255.249838 stage2_home_scored_neighbors=879402 home_scores_per_expansion=1.093993 stage2_migrations=122 home_match_rate=0.068702 stage2_final_edges=4793 stage2_cross_edges_stage1_home=4048 stage2_cross_edges_final_home=3390 cross_edge_reduction_ratio=0.162549 failed=0 rpc_timeouts=0 reverse_aggregate_batches=0 reverse_aggregate_logical_requests=0 reverse_aggregate_ops=0 avg_reverse_aggregate_logicals=0.000000 avg_reverse_aggregate_ops=0.000000 max_backlog=131 admission_window=65536 completion_outstanding=0 completion_incomplete=0 completed_behind_hole=0 completion_logical_full_failures=0 completion_physical_full_failures=0 pressure_yields=3 stage2_batches=17 avg_stage2_batch_size=7.705882 packing_target_batch=8 packing_admit_queue_avg=67.000000 packing_admit_queue_max=131 packing_batch_1_7=1 packing_batch_8=16 packing_assembly_batches=17 packing_assembly_wait_ms=255000.886941 packing_arrival_interval_us=3310 packing_waited_batches=1 packing_wait_ms=23.170000 packing_target_flushes=16 packing_deadline_flushes=1 packing_cleanup_flushes=0 stage2_phase_search_attempts=17 stage2_phase_search_task_attempts=131 stage2_phase_search_elapsed_ms=6243.448121 avg_stage2_phase_search_us_per_task=47659.909321 stage2_phase_freeze_prune_attempts=20 stage2_phase_freeze_prune_task_attempts=155 stage2_phase_freeze_prune_elapsed_ms=542.659681 avg_stage2_phase_freeze_prune_us_per_task=3501.030200 stage2_phase_reverse_prepare_attempts=17 stage2_phase_reverse_prepare_task_attempts=131 stage2_phase_reverse_prepare_elapsed_ms=1611.755724 avg_stage2_phase_reverse_prepare_us_per_task=12303.478809 stage2_phase_placement_authority_attempts=17 stage2_phase_placement_authority_task_attempts=131 stage2_phase_placement_authority_elapsed_ms=1181.994844 avg_stage2_phase_placement_authority_us_per_task=9022.861405 stage2_phase_completion_handoff_attempts=17 stage2_phase_completion_handoff_task_attempts=131 stage2_phase_completion_handoff_elapsed_ms=0.051263 avg_stage2_phase_completion_handoff_us_per_task=0.391321 stage2_phase_finalize_attempts=17 stage2_phase_finalize_task_attempts=131 stage2_phase_finalize_elapsed_ms=0.307538 avg_stage2_phase_finalize_us_per_task=2.347618 maintenance_worker_idle_waits=66816 maintenance_worker_idle_ms=593597.714257 maintenance_lost_wake_avoided=3036 maintenance_targeted_wakes=33832 maintenance_generic_wakes=89 maintenance_broadcast_wakes=0 maintenance_context_slots_scanned=1028048 maintenance_ready_notifications=9626 maintenance_ready_stale_notifications=0 maintenance_ready_tickets_drained=6903 maintenance_ready_overflow_scans=0 maintenance_ready_fallback_scans=64461 stage2_search_lane_lease_limit=32 stage2_search_lane_lease_peak=15 stage2_search_lane_lease_blocked=0 maintenance_worker_observed_idle_ratio=0.988680 maintenance_worker_observed_busy_ratio=0.011320 physical_stage1_items=131 physical_stage1_total_ns=755730625 physical_stage1_search_ns=719037061 physical_stage1_prune_ns=25604977 physical_stage1_allocate_write_ns=8077378 physical_stage1_backlink_ns=2669227 physical_stage1_candidates=16768 physical_stage1_remote_frontier_items=779724 physical_stage1_neighbors=4983 peer_stage1_enqueued=137 peer_stage1_processed=137 peer_stage1_items=196 avg_peer_stage1_items=1.430657 peer_stage1_rate_per_sec=2.611619 peer_stage1_max_queue=7 peer_stage1_active_workers=0 peer_stage2_home_enqueued=10366 peer_stage2_home_processed=10366 peer_stage2_home_items=1342415 avg_peer_stage2_home_items=129.501736 peer_stage2_home_max_queue=33 peer_stage2_home_response_queue_drops=0 peer_stage2_home_response_send_wait_ms=125.794283 avg_peer_stage2_home_queue_wait_us=22.029112 avg_peer_stage2_home_execution_us=73.740607 peer_stage1_release_deferred_batches=1 peer_stage1_release_deferred_items=1 peer_stage1_duplicate_retry_responses=0 peer_stage1_admission_retry_responses=0 peer_stage1_retry_response_drops=0 peer_stage1_admission_waiters=0 peer_stage1_admission_waiter_items=0 peer_stage1_admission_owned_items=0 peer_stage1_admission_wake_coverage=0 peer_stage1_admission_parked=0 peer_stage1_admission_woken=0 peer_stage1_admission_reparked=0 peer_stage1_max_admission_waiters=0 peer_stage1_duplicate_coalesced=0 peer_reverse_enqueued=201 peer_reverse_processed=201 peer_reverse_remaining=0 peer_reverse_items_enqueued=7213 peer_reverse_items_processed=7213 peer_reverse_rate_per_sec=96.110231 peer_reverse_failed=3 peer_reverse_max_queue=6 reclaim_pending=0 reclaim_reused=122 dynamic_high_watermark=19600174912 stage2_remaining=0 cleanup_remaining=0 active_contexts=0 active_context_limit=32 repair_remaining=0 remaining=0
[STATUS]: storage-owner maintenance observation: enqueued=131 stage2_enqueued=131 cleanup_enqueued=0 stage2_tasks_done=131 stage2_finalized_live=131 cleanup_processed=0 stale=0 stage2_completion_ratio=1.000000 live_stage2_completion_ratio=1.000000 avg_stage2_delay_ms=15555.666121 p99_stage2_delay_upper_ms=16000.000000 p99_stage2_delay_over_30s=false stage2_delay_histogram=0,0,0,0,0,0,0,0,0,0,0,0,0,0,0,131,0,0 max_stage2_delay_ms=15913.451224 compaction_batch_target=32 compaction_max_delay_ms=25.000000 stage2_rate_per_sec=1.636484 stage1_search_budget_exhausted=0 stage2_search_budget_exhausted=0 stage2_continuations=131 stage2_remote_frontier_items=779724 avg_stage2_remote_frontier=5952.091603 stage2_remote_expansions=14789 avg_stage2_remote_expansions=112.893130 stage2_scored_candidates=1142904 avg_stage2_scored_candidates=8724.458015 stage2_graph_read_waves=1973 avg_stage2_expansions_per_graph_wave=7.495692 stage2_graph_unique_reads=15124 stage2_graph_prefetch_issued=10963 stage2_graph_prefetch_hits=10628 stage2_graph_prefetch_wasted=335 stage2_graph_prefetch_promotion_ratio=0.969443 stage2_graph_issue_width_current=16 stage2_vector_read_waves=2984 avg_stage2_scores_per_vector_wave=383.010724 stage2_vector_unique_reads=1052222 stage2_home_rpc_batches=6384 stage2_home_rpc_items=803846 avg_stage2_home_rpc_batch=125.915727 stage2_home_score_rpc_batches=3090 stage2_home_score_rpc_items=788722 stage2_home_score_rpc_queries=23446 stage2_home_score_rpc_request_bytes=21422248 stage2_home_score_rpc_response_bytes=25362704 avg_stage2_home_score_queries_per_rpc=7.587702 avg_stage2_home_score_rpc_batch=255.249838 stage2_home_scored_neighbors=879402 home_scores_per_expansion=1.093993 stage2_migrations=122 home_match_rate=0.068702 stage2_final_edges=4793 stage2_cross_edges_stage1_home=4048 stage2_cross_edges_final_home=3390 cross_edge_reduction_ratio=0.162549 failed=0 rpc_timeouts=0 reverse_aggregate_batches=0 reverse_aggregate_logical_requests=0 reverse_aggregate_ops=0 avg_reverse_aggregate_logicals=0.000000 avg_reverse_aggregate_ops=0.000000 max_backlog=131 admission_window=65536 completion_outstanding=0 completion_incomplete=0 completed_behind_hole=0 completion_logical_full_failures=0 completion_physical_full_failures=0 pressure_yields=3 stage2_batches=17 avg_stage2_batch_size=7.705882 packing_target_batch=8 packing_admit_queue_avg=67.000000 packing_admit_queue_max=131 packing_batch_1_7=1 packing_batch_8=16 packing_assembly_batches=17 packing_assembly_wait_ms=255000.886941 packing_arrival_interval_us=3310 packing_waited_batches=1 packing_wait_ms=23.170000 packing_target_flushes=16 packing_deadline_flushes=1 packing_cleanup_flushes=0 stage2_phase_search_attempts=17 stage2_phase_search_task_attempts=131 stage2_phase_search_elapsed_ms=6243.448121 avg_stage2_phase_search_us_per_task=47659.909321 stage2_phase_freeze_prune_attempts=20 stage2_phase_freeze_prune_task_attempts=155 stage2_phase_freeze_prune_elapsed_ms=542.659681 avg_stage2_phase_freeze_prune_us_per_task=3501.030200 stage2_phase_reverse_prepare_attempts=17 stage2_phase_reverse_prepare_task_attempts=131 stage2_phase_reverse_prepare_elapsed_ms=1611.755724 avg_stage2_phase_reverse_prepare_us_per_task=12303.478809 stage2_phase_placement_authority_attempts=17 stage2_phase_placement_authority_task_attempts=131 stage2_phase_placement_authority_elapsed_ms=1181.994844 avg_stage2_phase_placement_authority_us_per_task=9022.861405 stage2_phase_completion_handoff_attempts=17 stage2_phase_completion_handoff_task_attempts=131 stage2_phase_completion_handoff_elapsed_ms=0.051263 avg_stage2_phase_completion_handoff_us_per_task=0.391321 stage2_phase_finalize_attempts=17 stage2_phase_finalize_task_attempts=131 stage2_phase_finalize_elapsed_ms=0.307538 avg_stage2_phase_finalize_us_per_task=2.347618 maintenance_worker_idle_waits=70656 maintenance_worker_idle_ms=632231.404601 maintenance_lost_wake_avoided=3036 maintenance_targeted_wakes=33832 maintenance_generic_wakes=89 maintenance_broadcast_wakes=0 maintenance_context_slots_scanned=1089488 maintenance_ready_notifications=9626 maintenance_ready_stale_notifications=0 maintenance_ready_tickets_drained=6903 maintenance_ready_overflow_scans=0 maintenance_ready_fallback_scans=68438 stage2_search_lane_lease_limit=32 stage2_search_lane_lease_peak=15 stage2_search_lane_lease_blocked=0 maintenance_worker_observed_idle_ratio=0.987249 maintenance_worker_observed_busy_ratio=0.012751 physical_stage1_items=131 physical_stage1_total_ns=755730625 physical_stage1_search_ns=719037061 physical_stage1_prune_ns=25604977 physical_stage1_allocate_write_ns=8077378 physical_stage1_backlink_ns=2669227 physical_stage1_candidates=16768 physical_stage1_remote_frontier_items=779724 physical_stage1_neighbors=4983 peer_stage1_enqueued=137 peer_stage1_processed=137 peer_stage1_items=196 avg_peer_stage1_items=1.430657 peer_stage1_rate_per_sec=2.448480 peer_stage1_max_queue=7 peer_stage1_active_workers=0 peer_stage2_home_enqueued=10366 peer_stage2_home_processed=10366 peer_stage2_home_items=1342415 avg_peer_stage2_home_items=129.501736 peer_stage2_home_max_queue=33 peer_stage2_home_response_queue_drops=0 peer_stage2_home_response_send_wait_ms=125.794283 avg_peer_stage2_home_queue_wait_us=22.029112 avg_peer_stage2_home_execution_us=73.740607 peer_stage1_release_deferred_batches=1 peer_stage1_release_deferred_items=1 peer_stage1_duplicate_retry_responses=0 peer_stage1_admission_retry_responses=0 peer_stage1_retry_response_drops=0 peer_stage1_admission_waiters=0 peer_stage1_admission_waiter_items=0 peer_stage1_admission_owned_items=0 peer_stage1_admission_wake_coverage=0 peer_stage1_admission_parked=0 peer_stage1_admission_woken=0 peer_stage1_admission_reparked=0 peer_stage1_max_admission_waiters=0 peer_stage1_duplicate_coalesced=0 peer_reverse_enqueued=201 peer_reverse_processed=201 peer_reverse_remaining=0 peer_reverse_items_enqueued=7213 peer_reverse_items_processed=7213 peer_reverse_rate_per_sec=90.106553 peer_reverse_failed=3 peer_reverse_max_queue=6 reclaim_pending=0 reclaim_reused=122 dynamic_high_watermark=19600174912 stage2_remaining=0 cleanup_remaining=0 active_contexts=0 active_context_limit=32 repair_remaining=0 remaining=0
[STATUS]: storage-owner maintenance observation: enqueued=131 stage2_enqueued=131 cleanup_enqueued=0 stage2_tasks_done=131 stage2_finalized_live=131 cleanup_processed=0 stale=0 stage2_completion_ratio=1.000000 live_stage2_completion_ratio=1.000000 avg_stage2_delay_ms=15555.666121 p99_stage2_delay_upper_ms=16000.000000 p99_stage2_delay_over_30s=false stage2_delay_histogram=0,0,0,0,0,0,0,0,0,0,0,0,0,0,0,131,0,0 max_stage2_delay_ms=15913.451224 compaction_batch_target=32 compaction_max_delay_ms=25.000000 stage2_rate_per_sec=1.540223 stage1_search_budget_exhausted=0 stage2_search_budget_exhausted=0 stage2_continuations=131 stage2_remote_frontier_items=779724 avg_stage2_remote_frontier=5952.091603 stage2_remote_expansions=14789 avg_stage2_remote_expansions=112.893130 stage2_scored_candidates=1142904 avg_stage2_scored_candidates=8724.458015 stage2_graph_read_waves=1973 avg_stage2_expansions_per_graph_wave=7.495692 stage2_graph_unique_reads=15124 stage2_graph_prefetch_issued=10963 stage2_graph_prefetch_hits=10628 stage2_graph_prefetch_wasted=335 stage2_graph_prefetch_promotion_ratio=0.969443 stage2_graph_issue_width_current=16 stage2_vector_read_waves=2984 avg_stage2_scores_per_vector_wave=383.010724 stage2_vector_unique_reads=1052222 stage2_home_rpc_batches=6384 stage2_home_rpc_items=803846 avg_stage2_home_rpc_batch=125.915727 stage2_home_score_rpc_batches=3090 stage2_home_score_rpc_items=788722 stage2_home_score_rpc_queries=23446 stage2_home_score_rpc_request_bytes=21422248 stage2_home_score_rpc_response_bytes=25362704 avg_stage2_home_score_queries_per_rpc=7.587702 avg_stage2_home_score_rpc_batch=255.249838 stage2_home_scored_neighbors=879402 home_scores_per_expansion=1.093993 stage2_migrations=122 home_match_rate=0.068702 stage2_final_edges=4793 stage2_cross_edges_stage1_home=4048 stage2_cross_edges_final_home=3390 cross_edge_reduction_ratio=0.162549 failed=0 rpc_timeouts=0 reverse_aggregate_batches=0 reverse_aggregate_logical_requests=0 reverse_aggregate_ops=0 avg_reverse_aggregate_logicals=0.000000 avg_reverse_aggregate_ops=0.000000 max_backlog=131 admission_window=65536 completion_outstanding=0 completion_incomplete=0 completed_behind_hole=0 completion_logical_full_failures=0 completion_physical_full_failures=0 pressure_yields=3 stage2_batches=17 avg_stage2_batch_size=7.705882 packing_target_batch=8 packing_admit_queue_avg=67.000000 packing_admit_queue_max=131 packing_batch_1_7=1 packing_batch_8=16 packing_assembly_batches=17 packing_assembly_wait_ms=255000.886941 packing_arrival_interval_us=3310 packing_waited_batches=1 packing_wait_ms=23.170000 packing_target_flushes=16 packing_deadline_flushes=1 packing_cleanup_flushes=0 stage2_phase_search_attempts=17 stage2_phase_search_task_attempts=131 stage2_phase_search_elapsed_ms=6243.448121 avg_stage2_phase_search_us_per_task=47659.909321 stage2_phase_freeze_prune_attempts=20 stage2_phase_freeze_prune_task_attempts=155 stage2_phase_freeze_prune_elapsed_ms=542.659681 avg_stage2_phase_freeze_prune_us_per_task=3501.030200 stage2_phase_reverse_prepare_attempts=17 stage2_phase_reverse_prepare_task_attempts=131 stage2_phase_reverse_prepare_elapsed_ms=1611.755724 avg_stage2_phase_reverse_prepare_us_per_task=12303.478809 stage2_phase_placement_authority_attempts=17 stage2_phase_placement_authority_task_attempts=131 stage2_phase_placement_authority_elapsed_ms=1181.994844 avg_stage2_phase_placement_authority_us_per_task=9022.861405 stage2_phase_completion_handoff_attempts=17 stage2_phase_completion_handoff_task_attempts=131 stage2_phase_completion_handoff_elapsed_ms=0.051263 avg_stage2_phase_completion_handoff_us_per_task=0.391321 stage2_phase_finalize_attempts=17 stage2_phase_finalize_task_attempts=131 stage2_phase_finalize_elapsed_ms=0.307538 avg_stage2_phase_finalize_us_per_task=2.347618 maintenance_worker_idle_waits=74688 maintenance_worker_idle_ms=672796.847370 maintenance_lost_wake_avoided=3036 maintenance_targeted_wakes=33832 maintenance_generic_wakes=89 maintenance_broadcast_wakes=0 maintenance_context_slots_scanned=1154000 maintenance_ready_notifications=9626 maintenance_ready_stale_notifications=0 maintenance_ready_tickets_drained=6903 maintenance_ready_overflow_scans=0 maintenance_ready_fallback_scans=72414 stage2_search_lane_lease_limit=32 stage2_search_lane_lease_peak=15 stage2_search_lane_lease_blocked=0 maintenance_worker_observed_idle_ratio=0.988795 maintenance_worker_observed_busy_ratio=0.011205 physical_stage1_items=131 physical_stage1_total_ns=755730625 physical_stage1_search_ns=719037061 physical_stage1_prune_ns=25604977 physical_stage1_allocate_write_ns=8077378 physical_stage1_backlink_ns=2669227 physical_stage1_candidates=16768 physical_stage1_remote_frontier_items=779724 physical_stage1_neighbors=4983 peer_stage1_enqueued=137 peer_stage1_processed=137 peer_stage1_items=196 avg_peer_stage1_items=1.430657 peer_stage1_rate_per_sec=2.304455 peer_stage1_max_queue=7 peer_stage1_active_workers=0 peer_stage2_home_enqueued=10366 peer_stage2_home_processed=10366 peer_stage2_home_items=1342415 avg_peer_stage2_home_items=129.501736 peer_stage2_home_max_queue=33 peer_stage2_home_response_queue_drops=0 peer_stage2_home_response_send_wait_ms=125.794283 avg_peer_stage2_home_queue_wait_us=22.029112 avg_peer_stage2_home_execution_us=73.740607 peer_stage1_release_deferred_batches=1 peer_stage1_release_deferred_items=1 peer_stage1_duplicate_retry_responses=0 peer_stage1_admission_retry_responses=0 peer_stage1_retry_response_drops=0 peer_stage1_admission_waiters=0 peer_stage1_admission_waiter_items=0 peer_stage1_admission_owned_items=0 peer_stage1_admission_wake_coverage=0 peer_stage1_admission_parked=0 peer_stage1_admission_woken=0 peer_stage1_admission_reparked=0 peer_stage1_max_admission_waiters=0 peer_stage1_duplicate_coalesced=0 peer_reverse_enqueued=201 peer_reverse_processed=201 peer_reverse_remaining=0 peer_reverse_items_enqueued=7213 peer_reverse_items_processed=7213 peer_reverse_rate_per_sec=84.806302 peer_reverse_failed=3 peer_reverse_max_queue=6 reclaim_pending=0 reclaim_reused=122 dynamic_high_watermark=19600174912 stage2_remaining=0 cleanup_remaining=0 active_contexts=0 active_context_limit=32 repair_remaining=0 remaining=0
[STATUS]: storage-owner maintenance observation: enqueued=131 stage2_enqueued=131 cleanup_enqueued=0 stage2_tasks_done=131 stage2_finalized_live=131 cleanup_processed=0 stale=0 stage2_completion_ratio=1.000000 live_stage2_completion_ratio=1.000000 avg_stage2_delay_ms=15555.666121 p99_stage2_delay_upper_ms=16000.000000 p99_stage2_delay_over_30s=false stage2_delay_histogram=0,0,0,0,0,0,0,0,0,0,0,0,0,0,0,131,0,0 max_stage2_delay_ms=15913.451224 compaction_batch_target=32 compaction_max_delay_ms=25.000000 stage2_rate_per_sec=1.454688 stage1_search_budget_exhausted=0 stage2_search_budget_exhausted=0 stage2_continuations=131 stage2_remote_frontier_items=779724 avg_stage2_remote_frontier=5952.091603 stage2_remote_expansions=14789 avg_stage2_remote_expansions=112.893130 stage2_scored_candidates=1142904 avg_stage2_scored_candidates=8724.458015 stage2_graph_read_waves=1973 avg_stage2_expansions_per_graph_wave=7.495692 stage2_graph_unique_reads=15124 stage2_graph_prefetch_issued=10963 stage2_graph_prefetch_hits=10628 stage2_graph_prefetch_wasted=335 stage2_graph_prefetch_promotion_ratio=0.969443 stage2_graph_issue_width_current=16 stage2_vector_read_waves=2984 avg_stage2_scores_per_vector_wave=383.010724 stage2_vector_unique_reads=1052222 stage2_home_rpc_batches=6384 stage2_home_rpc_items=803846 avg_stage2_home_rpc_batch=125.915727 stage2_home_score_rpc_batches=3090 stage2_home_score_rpc_items=788722 stage2_home_score_rpc_queries=23446 stage2_home_score_rpc_request_bytes=21422248 stage2_home_score_rpc_response_bytes=25362704 avg_stage2_home_score_queries_per_rpc=7.587702 avg_stage2_home_score_rpc_batch=255.249838 stage2_home_scored_neighbors=879402 home_scores_per_expansion=1.093993 stage2_migrations=122 home_match_rate=0.068702 stage2_final_edges=4793 stage2_cross_edges_stage1_home=4048 stage2_cross_edges_final_home=3390 cross_edge_reduction_ratio=0.162549 failed=0 rpc_timeouts=0 reverse_aggregate_batches=0 reverse_aggregate_logical_requests=0 reverse_aggregate_ops=0 avg_reverse_aggregate_logicals=0.000000 avg_reverse_aggregate_ops=0.000000 max_backlog=131 admission_window=65536 completion_outstanding=0 completion_incomplete=0 completed_behind_hole=0 completion_logical_full_failures=0 completion_physical_full_failures=0 pressure_yields=3 stage2_batches=17 avg_stage2_batch_size=7.705882 packing_target_batch=8 packing_admit_queue_avg=67.000000 packing_admit_queue_max=131 packing_batch_1_7=1 packing_batch_8=16 packing_assembly_batches=17 packing_assembly_wait_ms=255000.886941 packing_arrival_interval_us=3310 packing_waited_batches=1 packing_wait_ms=23.170000 packing_target_flushes=16 packing_deadline_flushes=1 packing_cleanup_flushes=0 stage2_phase_search_attempts=17 stage2_phase_search_task_attempts=131 stage2_phase_search_elapsed_ms=6243.448121 avg_stage2_phase_search_us_per_task=47659.909321 stage2_phase_freeze_prune_attempts=20 stage2_phase_freeze_prune_task_attempts=155 stage2_phase_freeze_prune_elapsed_ms=542.659681 avg_stage2_phase_freeze_prune_us_per_task=3501.030200 stage2_phase_reverse_prepare_attempts=17 stage2_phase_reverse_prepare_task_attempts=131 stage2_phase_reverse_prepare_elapsed_ms=1611.755724 avg_stage2_phase_reverse_prepare_us_per_task=12303.478809 stage2_phase_placement_authority_attempts=17 stage2_phase_placement_authority_task_attempts=131 stage2_phase_placement_authority_elapsed_ms=1181.994844 avg_stage2_phase_placement_authority_us_per_task=9022.861405 stage2_phase_completion_handoff_attempts=17 stage2_phase_completion_handoff_task_attempts=131 stage2_phase_completion_handoff_elapsed_ms=0.051263 avg_stage2_phase_completion_handoff_us_per_task=0.391321 stage2_phase_finalize_attempts=17 stage2_phase_finalize_task_attempts=131 stage2_phase_finalize_elapsed_ms=0.307538 avg_stage2_phase_finalize_us_per_task=2.347618 maintenance_worker_idle_waits=78720 maintenance_worker_idle_ms=713358.660483 maintenance_lost_wake_avoided=3036 maintenance_targeted_wakes=33832 maintenance_generic_wakes=89 maintenance_broadcast_wakes=0 maintenance_context_slots_scanned=1218512 maintenance_ready_notifications=9626 maintenance_ready_stale_notifications=0 maintenance_ready_tickets_drained=6903 maintenance_ready_overflow_scans=0 maintenance_ready_fallback_scans=76389 stage2_search_lane_lease_limit=32 stage2_search_lane_lease_peak=15 stage2_search_lane_lease_blocked=0 maintenance_worker_observed_idle_ratio=0.990185 maintenance_worker_observed_busy_ratio=0.009815 physical_stage1_items=131 physical_stage1_total_ns=755730625 physical_stage1_search_ns=719037061 physical_stage1_prune_ns=25604977 physical_stage1_allocate_write_ns=8077378 physical_stage1_backlink_ns=2669227 physical_stage1_candidates=16768 physical_stage1_remote_frontier_items=779724 physical_stage1_neighbors=4983 peer_stage1_enqueued=137 peer_stage1_processed=137 peer_stage1_items=196 avg_peer_stage1_items=1.430657 peer_stage1_rate_per_sec=2.176480 peer_stage1_max_queue=7 peer_stage1_active_workers=0 peer_stage2_home_enqueued=10366 peer_stage2_home_processed=10366 peer_stage2_home_items=1342415 avg_peer_stage2_home_items=129.501736 peer_stage2_home_max_queue=33 peer_stage2_home_response_queue_drops=0 peer_stage2_home_response_send_wait_ms=125.794283 avg_peer_stage2_home_queue_wait_us=22.029112 avg_peer_stage2_home_execution_us=73.740607 peer_stage1_release_deferred_batches=1 peer_stage1_release_deferred_items=1 peer_stage1_duplicate_retry_responses=0 peer_stage1_admission_retry_responses=0 peer_stage1_retry_response_drops=0 peer_stage1_admission_waiters=0 peer_stage1_admission_waiter_items=0 peer_stage1_admission_owned_items=0 peer_stage1_admission_wake_coverage=0 peer_stage1_admission_parked=0 peer_stage1_admission_woken=0 peer_stage1_admission_reparked=0 peer_stage1_max_admission_waiters=0 peer_stage1_duplicate_coalesced=0 peer_reverse_enqueued=201 peer_reverse_processed=201 peer_reverse_remaining=0 peer_reverse_items_enqueued=7213 peer_reverse_items_processed=7213 peer_reverse_rate_per_sec=80.096684 peer_reverse_failed=3 peer_reverse_max_queue=6 reclaim_pending=0 reclaim_reused=122 dynamic_high_watermark=19600174912 stage2_remaining=0 cleanup_remaining=0 active_contexts=0 active_context_limit=32 repair_remaining=0 remaining=0
[STATUS]: storage-owner maintenance observation: enqueued=131 stage2_enqueued=131 cleanup_enqueued=0 stage2_tasks_done=131 stage2_finalized_live=131 cleanup_processed=0 stale=0 stage2_completion_ratio=1.000000 live_stage2_completion_ratio=1.000000 avg_stage2_delay_ms=15555.666121 p99_stage2_delay_upper_ms=16000.000000 p99_stage2_delay_over_30s=false stage2_delay_histogram=0,0,0,0,0,0,0,0,0,0,0,0,0,0,0,131,0,0 max_stage2_delay_ms=15913.451224 compaction_batch_target=32 compaction_max_delay_ms=25.000000 stage2_rate_per_sec=1.378159 stage1_search_budget_exhausted=0 stage2_search_budget_exhausted=0 stage2_continuations=131 stage2_remote_frontier_items=779724 avg_stage2_remote_frontier=5952.091603 stage2_remote_expansions=14789 avg_stage2_remote_expansions=112.893130 stage2_scored_candidates=1142904 avg_stage2_scored_candidates=8724.458015 stage2_graph_read_waves=1973 avg_stage2_expansions_per_graph_wave=7.495692 stage2_graph_unique_reads=15124 stage2_graph_prefetch_issued=10963 stage2_graph_prefetch_hits=10628 stage2_graph_prefetch_wasted=335 stage2_graph_prefetch_promotion_ratio=0.969443 stage2_graph_issue_width_current=16 stage2_vector_read_waves=2984 avg_stage2_scores_per_vector_wave=383.010724 stage2_vector_unique_reads=1052222 stage2_home_rpc_batches=6384 stage2_home_rpc_items=803846 avg_stage2_home_rpc_batch=125.915727 stage2_home_score_rpc_batches=3090 stage2_home_score_rpc_items=788722 stage2_home_score_rpc_queries=23446 stage2_home_score_rpc_request_bytes=21422248 stage2_home_score_rpc_response_bytes=25362704 avg_stage2_home_score_queries_per_rpc=7.587702 avg_stage2_home_score_rpc_batch=255.249838 stage2_home_scored_neighbors=879402 home_scores_per_expansion=1.093993 stage2_migrations=122 home_match_rate=0.068702 stage2_final_edges=4793 stage2_cross_edges_stage1_home=4048 stage2_cross_edges_final_home=3390 cross_edge_reduction_ratio=0.162549 failed=0 rpc_timeouts=0 reverse_aggregate_batches=0 reverse_aggregate_logical_requests=0 reverse_aggregate_ops=0 avg_reverse_aggregate_logicals=0.000000 avg_reverse_aggregate_ops=0.000000 max_backlog=131 admission_window=65536 completion_outstanding=0 completion_incomplete=0 completed_behind_hole=0 completion_logical_full_failures=0 completion_physical_full_failures=0 pressure_yields=3 stage2_batches=17 avg_stage2_batch_size=7.705882 packing_target_batch=8 packing_admit_queue_avg=67.000000 packing_admit_queue_max=131 packing_batch_1_7=1 packing_batch_8=16 packing_assembly_batches=17 packing_assembly_wait_ms=255000.886941 packing_arrival_interval_us=3310 packing_waited_batches=1 packing_wait_ms=23.170000 packing_target_flushes=16 packing_deadline_flushes=1 packing_cleanup_flushes=0 stage2_phase_search_attempts=17 stage2_phase_search_task_attempts=131 stage2_phase_search_elapsed_ms=6243.448121 avg_stage2_phase_search_us_per_task=47659.909321 stage2_phase_freeze_prune_attempts=20 stage2_phase_freeze_prune_task_attempts=155 stage2_phase_freeze_prune_elapsed_ms=542.659681 avg_stage2_phase_freeze_prune_us_per_task=3501.030200 stage2_phase_reverse_prepare_attempts=17 stage2_phase_reverse_prepare_task_attempts=131 stage2_phase_reverse_prepare_elapsed_ms=1611.755724 avg_stage2_phase_reverse_prepare_us_per_task=12303.478809 stage2_phase_placement_authority_attempts=17 stage2_phase_placement_authority_task_attempts=131 stage2_phase_placement_authority_elapsed_ms=1181.994844 avg_stage2_phase_placement_authority_us_per_task=9022.861405 stage2_phase_completion_handoff_attempts=17 stage2_phase_completion_handoff_task_attempts=131 stage2_phase_completion_handoff_elapsed_ms=0.051263 avg_stage2_phase_completion_handoff_us_per_task=0.391321 stage2_phase_finalize_attempts=17 stage2_phase_finalize_task_attempts=131 stage2_phase_finalize_elapsed_ms=0.307538 avg_stage2_phase_finalize_us_per_task=2.347618 maintenance_worker_idle_waits=82688 maintenance_worker_idle_ms=753277.540289 maintenance_lost_wake_avoided=3036 maintenance_targeted_wakes=33832 maintenance_generic_wakes=89 maintenance_broadcast_wakes=0 maintenance_context_slots_scanned=1282000 maintenance_ready_notifications=9626 maintenance_ready_stale_notifications=0 maintenance_ready_tickets_drained=6903 maintenance_ready_overflow_scans=0 maintenance_ready_fallback_scans=80365 stage2_search_lane_lease_limit=32 stage2_search_lane_lease_peak=15 stage2_search_lane_lease_blocked=0 maintenance_worker_observed_idle_ratio=0.990588 maintenance_worker_observed_busy_ratio=0.009412 physical_stage1_items=131 physical_stage1_total_ns=755730625 physical_stage1_search_ns=719037061 physical_stage1_prune_ns=25604977 physical_stage1_allocate_write_ns=8077378 physical_stage1_backlink_ns=2669227 physical_stage1_candidates=16768 physical_stage1_remote_frontier_items=779724 physical_stage1_neighbors=4983 peer_stage1_enqueued=137 peer_stage1_processed=137 peer_stage1_items=196 avg_peer_stage1_items=1.430657 peer_stage1_rate_per_sec=2.061978 peer_stage1_max_queue=7 peer_stage1_active_workers=0 peer_stage2_home_enqueued=10366 peer_stage2_home_processed=10366 peer_stage2_home_items=1342415 avg_peer_stage2_home_items=129.501736 peer_stage2_home_max_queue=33 peer_stage2_home_response_queue_drops=0 peer_stage2_home_response_send_wait_ms=125.794283 avg_peer_stage2_home_queue_wait_us=22.029112 avg_peer_stage2_home_execution_us=73.740607 peer_stage1_release_deferred_batches=1 peer_stage1_release_deferred_items=1 peer_stage1_duplicate_retry_responses=0 peer_stage1_admission_retry_responses=0 peer_stage1_retry_response_drops=0 peer_stage1_admission_waiters=0 peer_stage1_admission_waiter_items=0 peer_stage1_admission_owned_items=0 peer_stage1_admission_wake_coverage=0 peer_stage1_admission_parked=0 peer_stage1_admission_woken=0 peer_stage1_admission_reparked=0 peer_stage1_max_admission_waiters=0 peer_stage1_duplicate_coalesced=0 peer_reverse_enqueued=201 peer_reverse_processed=201 peer_reverse_remaining=0 peer_reverse_items_enqueued=7213 peer_reverse_items_processed=7213 peer_reverse_rate_per_sec=75.882886 peer_reverse_failed=3 peer_reverse_max_queue=6 reclaim_pending=0 reclaim_reused=122 dynamic_high_watermark=19600174912 stage2_remaining=0 cleanup_remaining=0 active_contexts=0 active_context_limit=32 repair_remaining=0 remaining=0
[STATUS]: storage-owner maintenance observation: enqueued=131 stage2_enqueued=131 cleanup_enqueued=0 stage2_tasks_done=131 stage2_finalized_live=131 cleanup_processed=0 stale=0 stage2_completion_ratio=1.000000 live_stage2_completion_ratio=1.000000 avg_stage2_delay_ms=15555.666121 p99_stage2_delay_upper_ms=16000.000000 p99_stage2_delay_over_30s=false stage2_delay_histogram=0,0,0,0,0,0,0,0,0,0,0,0,0,0,0,131,0,0 max_stage2_delay_ms=15913.451224 compaction_batch_target=32 compaction_max_delay_ms=25.000000 stage2_rate_per_sec=1.309271 stage1_search_budget_exhausted=0 stage2_search_budget_exhausted=0 stage2_continuations=131 stage2_remote_frontier_items=779724 avg_stage2_remote_frontier=5952.091603 stage2_remote_expansions=14789 avg_stage2_remote_expansions=112.893130 stage2_scored_candidates=1142904 avg_stage2_scored_candidates=8724.458015 stage2_graph_read_waves=1973 avg_stage2_expansions_per_graph_wave=7.495692 stage2_graph_unique_reads=15124 stage2_graph_prefetch_issued=10963 stage2_graph_prefetch_hits=10628 stage2_graph_prefetch_wasted=335 stage2_graph_prefetch_promotion_ratio=0.969443 stage2_graph_issue_width_current=16 stage2_vector_read_waves=2984 avg_stage2_scores_per_vector_wave=383.010724 stage2_vector_unique_reads=1052222 stage2_home_rpc_batches=6384 stage2_home_rpc_items=803846 avg_stage2_home_rpc_batch=125.915727 stage2_home_score_rpc_batches=3090 stage2_home_score_rpc_items=788722 stage2_home_score_rpc_queries=23446 stage2_home_score_rpc_request_bytes=21422248 stage2_home_score_rpc_response_bytes=25362704 avg_stage2_home_score_queries_per_rpc=7.587702 avg_stage2_home_score_rpc_batch=255.249838 stage2_home_scored_neighbors=879402 home_scores_per_expansion=1.093993 stage2_migrations=122 home_match_rate=0.068702 stage2_final_edges=4793 stage2_cross_edges_stage1_home=4048 stage2_cross_edges_final_home=3390 cross_edge_reduction_ratio=0.162549 failed=0 rpc_timeouts=0 reverse_aggregate_batches=0 reverse_aggregate_logical_requests=0 reverse_aggregate_ops=0 avg_reverse_aggregate_logicals=0.000000 avg_reverse_aggregate_ops=0.000000 max_backlog=131 admission_window=65536 completion_outstanding=0 completion_incomplete=0 completed_behind_hole=0 completion_logical_full_failures=0 completion_physical_full_failures=0 pressure_yields=3 stage2_batches=17 avg_stage2_batch_size=7.705882 packing_target_batch=8 packing_admit_queue_avg=67.000000 packing_admit_queue_max=131 packing_batch_1_7=1 packing_batch_8=16 packing_assembly_batches=17 packing_assembly_wait_ms=255000.886941 packing_arrival_interval_us=3310 packing_waited_batches=1 packing_wait_ms=23.170000 packing_target_flushes=16 packing_deadline_flushes=1 packing_cleanup_flushes=0 stage2_phase_search_attempts=17 stage2_phase_search_task_attempts=131 stage2_phase_search_elapsed_ms=6243.448121 avg_stage2_phase_search_us_per_task=47659.909321 stage2_phase_freeze_prune_attempts=20 stage2_phase_freeze_prune_task_attempts=155 stage2_phase_freeze_prune_elapsed_ms=542.659681 avg_stage2_phase_freeze_prune_us_per_task=3501.030200 stage2_phase_reverse_prepare_attempts=17 stage2_phase_reverse_prepare_task_attempts=131 stage2_phase_reverse_prepare_elapsed_ms=1611.755724 avg_stage2_phase_reverse_prepare_us_per_task=12303.478809 stage2_phase_placement_authority_attempts=17 stage2_phase_placement_authority_task_attempts=131 stage2_phase_placement_authority_elapsed_ms=1181.994844 avg_stage2_phase_placement_authority_us_per_task=9022.861405 stage2_phase_completion_handoff_attempts=17 stage2_phase_completion_handoff_task_attempts=131 stage2_phase_completion_handoff_elapsed_ms=0.051263 avg_stage2_phase_completion_handoff_us_per_task=0.391321 stage2_phase_finalize_attempts=17 stage2_phase_finalize_task_attempts=131 stage2_phase_finalize_elapsed_ms=0.307538 avg_stage2_phase_finalize_us_per_task=2.347618 maintenance_worker_idle_waits=86592 maintenance_worker_idle_ms=792551.735325 maintenance_lost_wake_avoided=3036 maintenance_targeted_wakes=33832 maintenance_generic_wakes=89 maintenance_broadcast_wakes=0 maintenance_context_slots_scanned=1344464 maintenance_ready_notifications=9626 maintenance_ready_stale_notifications=0 maintenance_ready_tickets_drained=6903 maintenance_ready_overflow_scans=0 maintenance_ready_fallback_scans=84341 stage2_search_lane_lease_limit=32 stage2_search_lane_lease_peak=15 stage2_search_lane_lease_blocked=0 maintenance_worker_observed_idle_ratio=0.990138 maintenance_worker_observed_busy_ratio=0.009862 physical_stage1_items=131 physical_stage1_total_ns=755730625 physical_stage1_search_ns=719037061 physical_stage1_prune_ns=25604977 physical_stage1_allocate_write_ns=8077378 physical_stage1_backlink_ns=2669227 physical_stage1_candidates=16768 physical_stage1_remote_frontier_items=779724 physical_stage1_neighbors=4983 peer_stage1_enqueued=137 peer_stage1_processed=137 peer_stage1_items=196 avg_peer_stage1_items=1.430657 peer_stage1_rate_per_sec=1.958909 peer_stage1_max_queue=7 peer_stage1_active_workers=0 peer_stage2_home_enqueued=10366 peer_stage2_home_processed=10366 peer_stage2_home_items=1342415 avg_peer_stage2_home_items=129.501736 peer_stage2_home_max_queue=33 peer_stage2_home_response_queue_drops=0 peer_stage2_home_response_send_wait_ms=125.794283 avg_peer_stage2_home_queue_wait_us=22.029112 avg_peer_stage2_home_execution_us=73.740607 peer_stage1_release_deferred_batches=1 peer_stage1_release_deferred_items=1 peer_stage1_duplicate_retry_responses=0 peer_stage1_admission_retry_responses=0 peer_stage1_retry_response_drops=0 peer_stage1_admission_waiters=0 peer_stage1_admission_waiter_items=0 peer_stage1_admission_owned_items=0 peer_stage1_admission_wake_coverage=0 peer_stage1_admission_parked=0 peer_stage1_admission_woken=0 peer_stage1_admission_reparked=0 peer_stage1_max_admission_waiters=0 peer_stage1_duplicate_coalesced=0 peer_reverse_enqueued=201 peer_reverse_processed=201 peer_reverse_remaining=0 peer_reverse_items_enqueued=7213 peer_reverse_items_processed=7213 peer_reverse_rate_per_sec=72.089838 peer_reverse_failed=3 peer_reverse_max_queue=6 reclaim_pending=0 reclaim_reused=122 dynamic_high_watermark=19600174912 stage2_remaining=0 cleanup_remaining=0 active_contexts=0 active_context_limit=32 repair_remaining=0 remaining=0
[STATUS]: storage-owner maintenance observation: enqueued=131 stage2_enqueued=131 cleanup_enqueued=0 stage2_tasks_done=131 stage2_finalized_live=131 cleanup_processed=0 stale=0 stage2_completion_ratio=1.000000 live_stage2_completion_ratio=1.000000 avg_stage2_delay_ms=15555.666121 p99_stage2_delay_upper_ms=16000.000000 p99_stage2_delay_over_30s=false stage2_delay_histogram=0,0,0,0,0,0,0,0,0,0,0,0,0,0,0,131,0,0 max_stage2_delay_ms=15913.451224 compaction_batch_target=32 compaction_max_delay_ms=25.000000 stage2_rate_per_sec=1.246923 stage1_search_budget_exhausted=0 stage2_search_budget_exhausted=0 stage2_continuations=131 stage2_remote_frontier_items=779724 avg_stage2_remote_frontier=5952.091603 stage2_remote_expansions=14789 avg_stage2_remote_expansions=112.893130 stage2_scored_candidates=1142904 avg_stage2_scored_candidates=8724.458015 stage2_graph_read_waves=1973 avg_stage2_expansions_per_graph_wave=7.495692 stage2_graph_unique_reads=15124 stage2_graph_prefetch_issued=10963 stage2_graph_prefetch_hits=10628 stage2_graph_prefetch_wasted=335 stage2_graph_prefetch_promotion_ratio=0.969443 stage2_graph_issue_width_current=16 stage2_vector_read_waves=2984 avg_stage2_scores_per_vector_wave=383.010724 stage2_vector_unique_reads=1052222 stage2_home_rpc_batches=6384 stage2_home_rpc_items=803846 avg_stage2_home_rpc_batch=125.915727 stage2_home_score_rpc_batches=3090 stage2_home_score_rpc_items=788722 stage2_home_score_rpc_queries=23446 stage2_home_score_rpc_request_bytes=21422248 stage2_home_score_rpc_response_bytes=25362704 avg_stage2_home_score_queries_per_rpc=7.587702 avg_stage2_home_score_rpc_batch=255.249838 stage2_home_scored_neighbors=879402 home_scores_per_expansion=1.093993 stage2_migrations=122 home_match_rate=0.068702 stage2_final_edges=4793 stage2_cross_edges_stage1_home=4048 stage2_cross_edges_final_home=3390 cross_edge_reduction_ratio=0.162549 failed=0 rpc_timeouts=0 reverse_aggregate_batches=0 reverse_aggregate_logical_requests=0 reverse_aggregate_ops=0 avg_reverse_aggregate_logicals=0.000000 avg_reverse_aggregate_ops=0.000000 max_backlog=131 admission_window=65536 completion_outstanding=0 completion_incomplete=0 completed_behind_hole=0 completion_logical_full_failures=0 completion_physical_full_failures=0 pressure_yields=3 stage2_batches=17 avg_stage2_batch_size=7.705882 packing_target_batch=8 packing_admit_queue_avg=67.000000 packing_admit_queue_max=131 packing_batch_1_7=1 packing_batch_8=16 packing_assembly_batches=17 packing_assembly_wait_ms=255000.886941 packing_arrival_interval_us=3310 packing_waited_batches=1 packing_wait_ms=23.170000 packing_target_flushes=16 packing_deadline_flushes=1 packing_cleanup_flushes=0 stage2_phase_search_attempts=17 stage2_phase_search_task_attempts=131 stage2_phase_search_elapsed_ms=6243.448121 avg_stage2_phase_search_us_per_task=47659.909321 stage2_phase_freeze_prune_attempts=20 stage2_phase_freeze_prune_task_attempts=155 stage2_phase_freeze_prune_elapsed_ms=542.659681 avg_stage2_phase_freeze_prune_us_per_task=3501.030200 stage2_phase_reverse_prepare_attempts=17 stage2_phase_reverse_prepare_task_attempts=131 stage2_phase_reverse_prepare_elapsed_ms=1611.755724 avg_stage2_phase_reverse_prepare_us_per_task=12303.478809 stage2_phase_placement_authority_attempts=17 stage2_phase_placement_authority_task_attempts=131 stage2_phase_placement_authority_elapsed_ms=1181.994844 avg_stage2_phase_placement_authority_us_per_task=9022.861405 stage2_phase_completion_handoff_attempts=17 stage2_phase_completion_handoff_task_attempts=131 stage2_phase_completion_handoff_elapsed_ms=0.051263 avg_stage2_phase_completion_handoff_us_per_task=0.391321 stage2_phase_finalize_attempts=17 stage2_phase_finalize_task_attempts=131 stage2_phase_finalize_elapsed_ms=0.307538 avg_stage2_phase_finalize_us_per_task=2.347618 maintenance_worker_idle_waits=90624 maintenance_worker_idle_ms=833108.599073 maintenance_lost_wake_avoided=3036 maintenance_targeted_wakes=33832 maintenance_generic_wakes=89 maintenance_broadcast_wakes=0 maintenance_context_slots_scanned=1408976 maintenance_ready_notifications=9626 maintenance_ready_stale_notifications=0 maintenance_ready_tickets_drained=6903 maintenance_ready_overflow_scans=0 maintenance_ready_fallback_scans=88317 stage2_search_lane_lease_limit=32 stage2_search_lane_lease_peak=15 stage2_search_lane_lease_blocked=0 maintenance_worker_observed_idle_ratio=0.991243 maintenance_worker_observed_busy_ratio=0.008757 physical_stage1_items=131 physical_stage1_total_ns=755730625 physical_stage1_search_ns=719037061 physical_stage1_prune_ns=25604977 physical_stage1_allocate_write_ns=8077378 physical_stage1_backlink_ns=2669227 physical_stage1_candidates=16768 physical_stage1_remote_frontier_items=779724 physical_stage1_neighbors=4983 peer_stage1_enqueued=137 peer_stage1_processed=137 peer_stage1_items=196 avg_peer_stage1_items=1.430657 peer_stage1_rate_per_sec=1.865626 peer_stage1_max_queue=7 peer_stage1_active_workers=0 peer_stage2_home_enqueued=10366 peer_stage2_home_processed=10366 peer_stage2_home_items=1342415 avg_peer_stage2_home_items=129.501736 peer_stage2_home_max_queue=33 peer_stage2_home_response_queue_drops=0 peer_stage2_home_response_send_wait_ms=125.794283 avg_peer_stage2_home_queue_wait_us=22.029112 avg_peer_stage2_home_execution_us=73.740607 peer_stage1_release_deferred_batches=1 peer_stage1_release_deferred_items=1 peer_stage1_duplicate_retry_responses=0 peer_stage1_admission_retry_responses=0 peer_stage1_retry_response_drops=0 peer_stage1_admission_waiters=0 peer_stage1_admission_waiter_items=0 peer_stage1_admission_owned_items=0 peer_stage1_admission_wake_coverage=0 peer_stage1_admission_parked=0 peer_stage1_admission_woken=0 peer_stage1_admission_reparked=0 peer_stage1_max_admission_waiters=0 peer_stage1_duplicate_coalesced=0 peer_reverse_enqueued=201 peer_reverse_processed=201 peer_reverse_remaining=0 peer_reverse_items_enqueued=7213 peer_reverse_items_processed=7213 peer_reverse_rate_per_sec=68.656937 peer_reverse_failed=3 peer_reverse_max_queue=6 reclaim_pending=0 reclaim_reused=122 dynamic_high_watermark=19600174912 stage2_remaining=0 cleanup_remaining=0 active_contexts=0 active_context_limit=32 repair_remaining=0 remaining=0
[STATUS]: storage-owner maintenance observation: enqueued=131 stage2_enqueued=131 cleanup_enqueued=0 stage2_tasks_done=131 stage2_finalized_live=131 cleanup_processed=0 stale=0 stage2_completion_ratio=1.000000 live_stage2_completion_ratio=1.000000 avg_stage2_delay_ms=15555.666121 p99_stage2_delay_upper_ms=16000.000000 p99_stage2_delay_over_30s=false stage2_delay_histogram=0,0,0,0,0,0,0,0,0,0,0,0,0,0,0,131,0,0 max_stage2_delay_ms=15913.451224 compaction_batch_target=32 compaction_max_delay_ms=25.000000 stage2_rate_per_sec=1.190258 stage1_search_budget_exhausted=0 stage2_search_budget_exhausted=0 stage2_continuations=131 stage2_remote_frontier_items=779724 avg_stage2_remote_frontier=5952.091603 stage2_remote_expansions=14789 avg_stage2_remote_expansions=112.893130 stage2_scored_candidates=1142904 avg_stage2_scored_candidates=8724.458015 stage2_graph_read_waves=1973 avg_stage2_expansions_per_graph_wave=7.495692 stage2_graph_unique_reads=15124 stage2_graph_prefetch_issued=10963 stage2_graph_prefetch_hits=10628 stage2_graph_prefetch_wasted=335 stage2_graph_prefetch_promotion_ratio=0.969443 stage2_graph_issue_width_current=16 stage2_vector_read_waves=2984 avg_stage2_scores_per_vector_wave=383.010724 stage2_vector_unique_reads=1052222 stage2_home_rpc_batches=6384 stage2_home_rpc_items=803846 avg_stage2_home_rpc_batch=125.915727 stage2_home_score_rpc_batches=3090 stage2_home_score_rpc_items=788722 stage2_home_score_rpc_queries=23446 stage2_home_score_rpc_request_bytes=21422248 stage2_home_score_rpc_response_bytes=25362704 avg_stage2_home_score_queries_per_rpc=7.587702 avg_stage2_home_score_rpc_batch=255.249838 stage2_home_scored_neighbors=879402 home_scores_per_expansion=1.093993 stage2_migrations=122 home_match_rate=0.068702 stage2_final_edges=4793 stage2_cross_edges_stage1_home=4048 stage2_cross_edges_final_home=3390 cross_edge_reduction_ratio=0.162549 failed=0 rpc_timeouts=0 reverse_aggregate_batches=0 reverse_aggregate_logical_requests=0 reverse_aggregate_ops=0 avg_reverse_aggregate_logicals=0.000000 avg_reverse_aggregate_ops=0.000000 max_backlog=131 admission_window=65536 completion_outstanding=0 completion_incomplete=0 completed_behind_hole=0 completion_logical_full_failures=0 completion_physical_full_failures=0 pressure_yields=3 stage2_batches=17 avg_stage2_batch_size=7.705882 packing_target_batch=8 packing_admit_queue_avg=67.000000 packing_admit_queue_max=131 packing_batch_1_7=1 packing_batch_8=16 packing_assembly_batches=17 packing_assembly_wait_ms=255000.886941 packing_arrival_interval_us=3310 packing_waited_batches=1 packing_wait_ms=23.170000 packing_target_flushes=16 packing_deadline_flushes=1 packing_cleanup_flushes=0 stage2_phase_search_attempts=17 stage2_phase_search_task_attempts=131 stage2_phase_search_elapsed_ms=6243.448121 avg_stage2_phase_search_us_per_task=47659.909321 stage2_phase_freeze_prune_attempts=20 stage2_phase_freeze_prune_task_attempts=155 stage2_phase_freeze_prune_elapsed_ms=542.659681 avg_stage2_phase_freeze_prune_us_per_task=3501.030200 stage2_phase_reverse_prepare_attempts=17 stage2_phase_reverse_prepare_task_attempts=131 stage2_phase_reverse_prepare_elapsed_ms=1611.755724 avg_stage2_phase_reverse_prepare_us_per_task=12303.478809 stage2_phase_placement_authority_attempts=17 stage2_phase_placement_authority_task_attempts=131 stage2_phase_placement_authority_elapsed_ms=1181.994844 avg_stage2_phase_placement_authority_us_per_task=9022.861405 stage2_phase_completion_handoff_attempts=17 stage2_phase_completion_handoff_task_attempts=131 stage2_phase_completion_handoff_elapsed_ms=0.051263 avg_stage2_phase_completion_handoff_us_per_task=0.391321 stage2_phase_finalize_attempts=17 stage2_phase_finalize_task_attempts=131 stage2_phase_finalize_elapsed_ms=0.307538 avg_stage2_phase_finalize_us_per_task=2.347618 maintenance_worker_idle_waits=94592 maintenance_worker_idle_ms=873021.102848 maintenance_lost_wake_avoided=3036 maintenance_targeted_wakes=33832 maintenance_generic_wakes=89 maintenance_broadcast_wakes=0 maintenance_context_slots_scanned=1472464 maintenance_ready_notifications=9626 maintenance_ready_stale_notifications=0 maintenance_ready_tickets_drained=6903 maintenance_ready_overflow_scans=0 maintenance_ready_fallback_scans=92294 stage2_search_lane_lease_limit=32 stage2_search_lane_lease_peak=15 stage2_search_lane_lease_blocked=0 maintenance_worker_observed_idle_ratio=0.991527 maintenance_worker_observed_busy_ratio=0.008473 physical_stage1_items=131 physical_stage1_total_ns=755730625 physical_stage1_search_ns=719037061 physical_stage1_prune_ns=25604977 physical_stage1_allocate_write_ns=8077378 physical_stage1_backlink_ns=2669227 physical_stage1_candidates=16768 physical_stage1_remote_frontier_items=779724 physical_stage1_neighbors=4983 peer_stage1_enqueued=137 peer_stage1_processed=137 peer_stage1_items=196 avg_peer_stage1_items=1.430657 peer_stage1_rate_per_sec=1.780845 peer_stage1_max_queue=7 peer_stage1_active_workers=0 peer_stage2_home_enqueued=10366 peer_stage2_home_processed=10366 peer_stage2_home_items=1342415 avg_peer_stage2_home_items=129.501736 peer_stage2_home_max_queue=33 peer_stage2_home_response_queue_drops=0 peer_stage2_home_response_send_wait_ms=125.794283 avg_peer_stage2_home_queue_wait_us=22.029112 avg_peer_stage2_home_execution_us=73.740607 peer_stage1_release_deferred_batches=1 peer_stage1_release_deferred_items=1 peer_stage1_duplicate_retry_responses=0 peer_stage1_admission_retry_responses=0 peer_stage1_retry_response_drops=0 peer_stage1_admission_waiters=0 peer_stage1_admission_waiter_items=0 peer_stage1_admission_owned_items=0 peer_stage1_admission_wake_coverage=0 peer_stage1_admission_parked=0 peer_stage1_admission_woken=0 peer_stage1_admission_reparked=0 peer_stage1_max_admission_waiters=0 peer_stage1_duplicate_coalesced=0 peer_reverse_enqueued=201 peer_reverse_processed=201 peer_reverse_remaining=0 peer_reverse_items_enqueued=7213 peer_reverse_items_processed=7213 peer_reverse_rate_per_sec=65.536902 peer_reverse_failed=3 peer_reverse_max_queue=6 reclaim_pending=0 reclaim_reused=122 dynamic_high_watermark=19600174912 stage2_remaining=0 cleanup_remaining=0 active_contexts=0 active_context_limit=32 repair_remaining=0 remaining=0
[STATUS]: storage-owner maintenance observation: enqueued=131 stage2_enqueued=131 cleanup_enqueued=0 stage2_tasks_done=131 stage2_finalized_live=131 cleanup_processed=0 stale=0 stage2_completion_ratio=1.000000 live_stage2_completion_ratio=1.000000 avg_stage2_delay_ms=15555.666121 p99_stage2_delay_upper_ms=16000.000000 p99_stage2_delay_over_30s=false stage2_delay_histogram=0,0,0,0,0,0,0,0,0,0,0,0,0,0,0,131,0,0 max_stage2_delay_ms=15913.451224 compaction_batch_target=32 compaction_max_delay_ms=25.000000 stage2_rate_per_sec=1.138517 stage1_search_budget_exhausted=0 stage2_search_budget_exhausted=0 stage2_continuations=131 stage2_remote_frontier_items=779724 avg_stage2_remote_frontier=5952.091603 stage2_remote_expansions=14789 avg_stage2_remote_expansions=112.893130 stage2_scored_candidates=1142904 avg_stage2_scored_candidates=8724.458015 stage2_graph_read_waves=1973 avg_stage2_expansions_per_graph_wave=7.495692 stage2_graph_unique_reads=15124 stage2_graph_prefetch_issued=10963 stage2_graph_prefetch_hits=10628 stage2_graph_prefetch_wasted=335 stage2_graph_prefetch_promotion_ratio=0.969443 stage2_graph_issue_width_current=16 stage2_vector_read_waves=2984 avg_stage2_scores_per_vector_wave=383.010724 stage2_vector_unique_reads=1052222 stage2_home_rpc_batches=6384 stage2_home_rpc_items=803846 avg_stage2_home_rpc_batch=125.915727 stage2_home_score_rpc_batches=3090 stage2_home_score_rpc_items=788722 stage2_home_score_rpc_queries=23446 stage2_home_score_rpc_request_bytes=21422248 stage2_home_score_rpc_response_bytes=25362704 avg_stage2_home_score_queries_per_rpc=7.587702 avg_stage2_home_score_rpc_batch=255.249838 stage2_home_scored_neighbors=879402 home_scores_per_expansion=1.093993 stage2_migrations=122 home_match_rate=0.068702 stage2_final_edges=4793 stage2_cross_edges_stage1_home=4048 stage2_cross_edges_final_home=3390 cross_edge_reduction_ratio=0.162549 failed=0 rpc_timeouts=0 reverse_aggregate_batches=0 reverse_aggregate_logical_requests=0 reverse_aggregate_ops=0 avg_reverse_aggregate_logicals=0.000000 avg_reverse_aggregate_ops=0.000000 max_backlog=131 admission_window=65536 completion_outstanding=0 completion_incomplete=0 completed_behind_hole=0 completion_logical_full_failures=0 completion_physical_full_failures=0 pressure_yields=3 stage2_batches=17 avg_stage2_batch_size=7.705882 packing_target_batch=8 packing_admit_queue_avg=67.000000 packing_admit_queue_max=131 packing_batch_1_7=1 packing_batch_8=16 packing_assembly_batches=17 packing_assembly_wait_ms=255000.886941 packing_arrival_interval_us=3310 packing_waited_batches=1 packing_wait_ms=23.170000 packing_target_flushes=16 packing_deadline_flushes=1 packing_cleanup_flushes=0 stage2_phase_search_attempts=17 stage2_phase_search_task_attempts=131 stage2_phase_search_elapsed_ms=6243.448121 avg_stage2_phase_search_us_per_task=47659.909321 stage2_phase_freeze_prune_attempts=20 stage2_phase_freeze_prune_task_attempts=155 stage2_phase_freeze_prune_elapsed_ms=542.659681 avg_stage2_phase_freeze_prune_us_per_task=3501.030200 stage2_phase_reverse_prepare_attempts=17 stage2_phase_reverse_prepare_task_attempts=131 stage2_phase_reverse_prepare_elapsed_ms=1611.755724 avg_stage2_phase_reverse_prepare_us_per_task=12303.478809 stage2_phase_placement_authority_attempts=17 stage2_phase_placement_authority_task_attempts=131 stage2_phase_placement_authority_elapsed_ms=1181.994844 avg_stage2_phase_placement_authority_us_per_task=9022.861405 stage2_phase_completion_handoff_attempts=17 stage2_phase_completion_handoff_task_attempts=131 stage2_phase_completion_handoff_elapsed_ms=0.051263 avg_stage2_phase_completion_handoff_us_per_task=0.391321 stage2_phase_finalize_attempts=17 stage2_phase_finalize_task_attempts=131 stage2_phase_finalize_elapsed_ms=0.307538 avg_stage2_phase_finalize_us_per_task=2.347618 maintenance_worker_idle_waits=98560 maintenance_worker_idle_ms=912934.094010 maintenance_lost_wake_avoided=3036 maintenance_targeted_wakes=33832 maintenance_generic_wakes=89 maintenance_broadcast_wakes=0 maintenance_context_slots_scanned=1535952 maintenance_ready_notifications=9626 maintenance_ready_stale_notifications=0 maintenance_ready_tickets_drained=6903 maintenance_ready_overflow_scans=0 maintenance_ready_fallback_scans=96271 stage2_search_lane_lease_limit=32 stage2_search_lane_lease_peak=15 stage2_search_lane_lease_blocked=0 maintenance_worker_observed_idle_ratio=0.991786 maintenance_worker_observed_busy_ratio=0.008214 physical_stage1_items=131 physical_stage1_total_ns=755730625 physical_stage1_search_ns=719037061 physical_stage1_prune_ns=25604977 physical_stage1_allocate_write_ns=8077378 physical_stage1_backlink_ns=2669227 physical_stage1_candidates=16768 physical_stage1_remote_frontier_items=779724 physical_stage1_neighbors=4983 peer_stage1_enqueued=137 peer_stage1_processed=137 peer_stage1_items=196 avg_peer_stage1_items=1.430657 peer_stage1_rate_per_sec=1.703431 peer_stage1_max_queue=7 peer_stage1_active_workers=0 peer_stage2_home_enqueued=10366 peer_stage2_home_processed=10366 peer_stage2_home_items=1342415 avg_peer_stage2_home_items=129.501736 peer_stage2_home_max_queue=33 peer_stage2_home_response_queue_drops=0 peer_stage2_home_response_send_wait_ms=125.794283 avg_peer_stage2_home_queue_wait_us=22.029112 avg_peer_stage2_home_execution_us=73.740607 peer_stage1_release_deferred_batches=1 peer_stage1_release_deferred_items=1 peer_stage1_duplicate_retry_responses=0 peer_stage1_admission_retry_responses=0 peer_stage1_retry_response_drops=0 peer_stage1_admission_waiters=0 peer_stage1_admission_waiter_items=0 peer_stage1_admission_owned_items=0 peer_stage1_admission_wake_coverage=0 peer_stage1_admission_parked=0 peer_stage1_admission_woken=0 peer_stage1_admission_reparked=0 peer_stage1_max_admission_waiters=0 peer_stage1_duplicate_coalesced=0 peer_reverse_enqueued=201 peer_reverse_processed=201 peer_reverse_remaining=0 peer_reverse_items_enqueued=7213 peer_reverse_items_processed=7213 peer_reverse_rate_per_sec=62.687989 peer_reverse_failed=3 peer_reverse_max_queue=6 reclaim_pending=0 reclaim_reused=122 dynamic_high_watermark=19600174912 stage2_remaining=0 cleanup_remaining=0 active_contexts=0 active_context_limit=32 repair_remaining=0 remaining=0
[STATUS]: storage-owner maintenance observation: enqueued=131 stage2_enqueued=131 cleanup_enqueued=0 stage2_tasks_done=131 stage2_finalized_live=131 cleanup_processed=0 stale=0 stage2_completion_ratio=1.000000 live_stage2_completion_ratio=1.000000 avg_stage2_delay_ms=15555.666121 p99_stage2_delay_upper_ms=16000.000000 p99_stage2_delay_over_30s=false stage2_delay_histogram=0,0,0,0,0,0,0,0,0,0,0,0,0,0,0,131,0,0 max_stage2_delay_ms=15913.451224 compaction_batch_target=32 compaction_max_delay_ms=25.000000 stage2_rate_per_sec=1.091102 stage1_search_budget_exhausted=0 stage2_search_budget_exhausted=0 stage2_continuations=131 stage2_remote_frontier_items=779724 avg_stage2_remote_frontier=5952.091603 stage2_remote_expansions=14789 avg_stage2_remote_expansions=112.893130 stage2_scored_candidates=1142904 avg_stage2_scored_candidates=8724.458015 stage2_graph_read_waves=1973 avg_stage2_expansions_per_graph_wave=7.495692 stage2_graph_unique_reads=15124 stage2_graph_prefetch_issued=10963 stage2_graph_prefetch_hits=10628 stage2_graph_prefetch_wasted=335 stage2_graph_prefetch_promotion_ratio=0.969443 stage2_graph_issue_width_current=16 stage2_vector_read_waves=2984 avg_stage2_scores_per_vector_wave=383.010724 stage2_vector_unique_reads=1052222 stage2_home_rpc_batches=6384 stage2_home_rpc_items=803846 avg_stage2_home_rpc_batch=125.915727 stage2_home_score_rpc_batches=3090 stage2_home_score_rpc_items=788722 stage2_home_score_rpc_queries=23446 stage2_home_score_rpc_request_bytes=21422248 stage2_home_score_rpc_response_bytes=25362704 avg_stage2_home_score_queries_per_rpc=7.587702 avg_stage2_home_score_rpc_batch=255.249838 stage2_home_scored_neighbors=879402 home_scores_per_expansion=1.093993 stage2_migrations=122 home_match_rate=0.068702 stage2_final_edges=4793 stage2_cross_edges_stage1_home=4048 stage2_cross_edges_final_home=3390 cross_edge_reduction_ratio=0.162549 failed=0 rpc_timeouts=0 reverse_aggregate_batches=0 reverse_aggregate_logical_requests=0 reverse_aggregate_ops=0 avg_reverse_aggregate_logicals=0.000000 avg_reverse_aggregate_ops=0.000000 max_backlog=131 admission_window=65536 completion_outstanding=0 completion_incomplete=0 completed_behind_hole=0 completion_logical_full_failures=0 completion_physical_full_failures=0 pressure_yields=3 stage2_batches=17 avg_stage2_batch_size=7.705882 packing_target_batch=8 packing_admit_queue_avg=67.000000 packing_admit_queue_max=131 packing_batch_1_7=1 packing_batch_8=16 packing_assembly_batches=17 packing_assembly_wait_ms=255000.886941 packing_arrival_interval_us=3310 packing_waited_batches=1 packing_wait_ms=23.170000 packing_target_flushes=16 packing_deadline_flushes=1 packing_cleanup_flushes=0 stage2_phase_search_attempts=17 stage2_phase_search_task_attempts=131 stage2_phase_search_elapsed_ms=6243.448121 avg_stage2_phase_search_us_per_task=47659.909321 stage2_phase_freeze_prune_attempts=20 stage2_phase_freeze_prune_task_attempts=155 stage2_phase_freeze_prune_elapsed_ms=542.659681 avg_stage2_phase_freeze_prune_us_per_task=3501.030200 stage2_phase_reverse_prepare_attempts=17 stage2_phase_reverse_prepare_task_attempts=131 stage2_phase_reverse_prepare_elapsed_ms=1611.755724 avg_stage2_phase_reverse_prepare_us_per_task=12303.478809 stage2_phase_placement_authority_attempts=17 stage2_phase_placement_authority_task_attempts=131 stage2_phase_placement_authority_elapsed_ms=1181.994844 avg_stage2_phase_placement_authority_us_per_task=9022.861405 stage2_phase_completion_handoff_attempts=17 stage2_phase_completion_handoff_task_attempts=131 stage2_phase_completion_handoff_elapsed_ms=0.051263 avg_stage2_phase_completion_handoff_us_per_task=0.391321 stage2_phase_finalize_attempts=17 stage2_phase_finalize_task_attempts=131 stage2_phase_finalize_elapsed_ms=0.307538 avg_stage2_phase_finalize_us_per_task=2.347618 maintenance_worker_idle_waits=102528 maintenance_worker_idle_ms=952846.266627 maintenance_lost_wake_avoided=3036 maintenance_targeted_wakes=33832 maintenance_generic_wakes=89 maintenance_broadcast_wakes=0 maintenance_context_slots_scanned=1599440 maintenance_ready_notifications=9626 maintenance_ready_stale_notifications=0 maintenance_ready_tickets_drained=6903 maintenance_ready_overflow_scans=0 maintenance_ready_fallback_scans=100247 stage2_search_lane_lease_limit=32 stage2_search_lane_lease_peak=15 stage2_search_lane_lease_blocked=0 maintenance_worker_observed_idle_ratio=0.992035 maintenance_worker_observed_busy_ratio=0.007965 physical_stage1_items=131 physical_stage1_total_ns=755730625 physical_stage1_search_ns=719037061 physical_stage1_prune_ns=25604977 physical_stage1_allocate_write_ns=8077378 physical_stage1_backlink_ns=2669227 physical_stage1_candidates=16768 physical_stage1_remote_frontier_items=779724 physical_stage1_neighbors=4983 peer_stage1_enqueued=137 peer_stage1_processed=137 peer_stage1_items=196 avg_peer_stage1_items=1.430657 peer_stage1_rate_per_sec=1.632488 peer_stage1_max_queue=7 peer_stage1_active_workers=0 peer_stage2_home_enqueued=10366 peer_stage2_home_processed=10366 peer_stage2_home_items=1342415 avg_peer_stage2_home_items=129.501736 peer_stage2_home_max_queue=33 peer_stage2_home_response_queue_drops=0 peer_stage2_home_response_send_wait_ms=125.794283 avg_peer_stage2_home_queue_wait_us=22.029112 avg_peer_stage2_home_execution_us=73.740607 peer_stage1_release_deferred_batches=1 peer_stage1_release_deferred_items=1 peer_stage1_duplicate_retry_responses=0 peer_stage1_admission_retry_responses=0 peer_stage1_retry_response_drops=0 peer_stage1_admission_waiters=0 peer_stage1_admission_waiter_items=0 peer_stage1_admission_owned_items=0 peer_stage1_admission_wake_coverage=0 peer_stage1_admission_parked=0 peer_stage1_admission_woken=0 peer_stage1_admission_reparked=0 peer_stage1_max_admission_waiters=0 peer_stage1_duplicate_coalesced=0 peer_reverse_enqueued=201 peer_reverse_processed=201 peer_reverse_remaining=0 peer_reverse_items_enqueued=7213 peer_reverse_items_processed=7213 peer_reverse_rate_per_sec=60.077242 peer_reverse_failed=3 peer_reverse_max_queue=6 reclaim_pending=0 reclaim_reused=122 dynamic_high_watermark=19600174912 stage2_remaining=0 cleanup_remaining=0 active_contexts=0 active_context_limit=32 repair_remaining=0 remaining=0
[STATUS]: storage-owner maintenance observation: enqueued=131 stage2_enqueued=131 cleanup_enqueued=0 stage2_tasks_done=131 stage2_finalized_live=131 cleanup_processed=0 stale=0 stage2_completion_ratio=1.000000 live_stage2_completion_ratio=1.000000 avg_stage2_delay_ms=15555.666121 p99_stage2_delay_upper_ms=16000.000000 p99_stage2_delay_over_30s=false stage2_delay_histogram=0,0,0,0,0,0,0,0,0,0,0,0,0,0,0,131,0,0 max_stage2_delay_ms=15913.451224 compaction_batch_target=32 compaction_max_delay_ms=25.000000 stage2_rate_per_sec=1.047463 stage1_search_budget_exhausted=0 stage2_search_budget_exhausted=0 stage2_continuations=131 stage2_remote_frontier_items=779724 avg_stage2_remote_frontier=5952.091603 stage2_remote_expansions=14789 avg_stage2_remote_expansions=112.893130 stage2_scored_candidates=1142904 avg_stage2_scored_candidates=8724.458015 stage2_graph_read_waves=1973 avg_stage2_expansions_per_graph_wave=7.495692 stage2_graph_unique_reads=15124 stage2_graph_prefetch_issued=10963 stage2_graph_prefetch_hits=10628 stage2_graph_prefetch_wasted=335 stage2_graph_prefetch_promotion_ratio=0.969443 stage2_graph_issue_width_current=16 stage2_vector_read_waves=2984 avg_stage2_scores_per_vector_wave=383.010724 stage2_vector_unique_reads=1052222 stage2_home_rpc_batches=6384 stage2_home_rpc_items=803846 avg_stage2_home_rpc_batch=125.915727 stage2_home_score_rpc_batches=3090 stage2_home_score_rpc_items=788722 stage2_home_score_rpc_queries=23446 stage2_home_score_rpc_request_bytes=21422248 stage2_home_score_rpc_response_bytes=25362704 avg_stage2_home_score_queries_per_rpc=7.587702 avg_stage2_home_score_rpc_batch=255.249838 stage2_home_scored_neighbors=879402 home_scores_per_expansion=1.093993 stage2_migrations=122 home_match_rate=0.068702 stage2_final_edges=4793 stage2_cross_edges_stage1_home=4048 stage2_cross_edges_final_home=3390 cross_edge_reduction_ratio=0.162549 failed=0 rpc_timeouts=0 reverse_aggregate_batches=0 reverse_aggregate_logical_requests=0 reverse_aggregate_ops=0 avg_reverse_aggregate_logicals=0.000000 avg_reverse_aggregate_ops=0.000000 max_backlog=131 admission_window=65536 completion_outstanding=0 completion_incomplete=0 completed_behind_hole=0 completion_logical_full_failures=0 completion_physical_full_failures=0 pressure_yields=3 stage2_batches=17 avg_stage2_batch_size=7.705882 packing_target_batch=8 packing_admit_queue_avg=67.000000 packing_admit_queue_max=131 packing_batch_1_7=1 packing_batch_8=16 packing_assembly_batches=17 packing_assembly_wait_ms=255000.886941 packing_arrival_interval_us=3310 packing_waited_batches=1 packing_wait_ms=23.170000 packing_target_flushes=16 packing_deadline_flushes=1 packing_cleanup_flushes=0 stage2_phase_search_attempts=17 stage2_phase_search_task_attempts=131 stage2_phase_search_elapsed_ms=6243.448121 avg_stage2_phase_search_us_per_task=47659.909321 stage2_phase_freeze_prune_attempts=20 stage2_phase_freeze_prune_task_attempts=155 stage2_phase_freeze_prune_elapsed_ms=542.659681 avg_stage2_phase_freeze_prune_us_per_task=3501.030200 stage2_phase_reverse_prepare_attempts=17 stage2_phase_reverse_prepare_task_attempts=131 stage2_phase_reverse_prepare_elapsed_ms=1611.755724 avg_stage2_phase_reverse_prepare_us_per_task=12303.478809 stage2_phase_placement_authority_attempts=17 stage2_phase_placement_authority_task_attempts=131 stage2_phase_placement_authority_elapsed_ms=1181.994844 avg_stage2_phase_placement_authority_us_per_task=9022.861405 stage2_phase_completion_handoff_attempts=17 stage2_phase_completion_handoff_task_attempts=131 stage2_phase_completion_handoff_elapsed_ms=0.051263 avg_stage2_phase_completion_handoff_us_per_task=0.391321 stage2_phase_finalize_attempts=17 stage2_phase_finalize_task_attempts=131 stage2_phase_finalize_elapsed_ms=0.307538 avg_stage2_phase_finalize_us_per_task=2.347618 maintenance_worker_idle_waits=106496 maintenance_worker_idle_ms=992764.969174 maintenance_lost_wake_avoided=3036 maintenance_targeted_wakes=33832 maintenance_generic_wakes=89 maintenance_broadcast_wakes=0 maintenance_context_slots_scanned=1662928 maintenance_ready_notifications=9626 maintenance_ready_stale_notifications=0 maintenance_ready_tickets_drained=6903 maintenance_ready_overflow_scans=0 maintenance_ready_fallback_scans=104223 stage2_search_lane_lease_limit=32 stage2_search_lane_lease_peak=15 stage2_search_lane_lease_blocked=0 maintenance_worker_observed_idle_ratio=0.992257 maintenance_worker_observed_busy_ratio=0.007743 physical_stage1_items=131 physical_stage1_total_ns=755730625 physical_stage1_search_ns=719037061 physical_stage1_prune_ns=25604977 physical_stage1_allocate_write_ns=8077378 physical_stage1_backlink_ns=2669227 physical_stage1_candidates=16768 physical_stage1_remote_frontier_items=779724 physical_stage1_neighbors=4983 peer_stage1_enqueued=137 peer_stage1_processed=137 peer_stage1_items=196 avg_peer_stage1_items=1.430657 peer_stage1_rate_per_sec=1.567197 peer_stage1_max_queue=7 peer_stage1_active_workers=0 peer_stage2_home_enqueued=10366 peer_stage2_home_processed=10366 peer_stage2_home_items=1342415 avg_peer_stage2_home_items=129.501736 peer_stage2_home_max_queue=33 peer_stage2_home_response_queue_drops=0 peer_stage2_home_response_send_wait_ms=125.794283 avg_peer_stage2_home_queue_wait_us=22.029112 avg_peer_stage2_home_execution_us=73.740607 peer_stage1_release_deferred_batches=1 peer_stage1_release_deferred_items=1 peer_stage1_duplicate_retry_responses=0 peer_stage1_admission_retry_responses=0 peer_stage1_retry_response_drops=0 peer_stage1_admission_waiters=0 peer_stage1_admission_waiter_items=0 peer_stage1_admission_owned_items=0 peer_stage1_admission_wake_coverage=0 peer_stage1_admission_parked=0 peer_stage1_admission_woken=0 peer_stage1_admission_reparked=0 peer_stage1_max_admission_waiters=0 peer_stage1_duplicate_coalesced=0 peer_reverse_enqueued=201 peer_reverse_processed=201 peer_reverse_remaining=0 peer_reverse_items_enqueued=7213 peer_reverse_items_processed=7213 peer_reverse_rate_per_sec=57.674452 peer_reverse_failed=3 peer_reverse_max_queue=6 reclaim_pending=0 reclaim_reused=122 dynamic_high_watermark=19600174912 stage2_remaining=0 cleanup_remaining=0 active_contexts=0 active_context_limit=32 repair_remaining=0 remaining=0
[STATUS]: storage-owner maintenance observation: enqueued=131 stage2_enqueued=131 cleanup_enqueued=0 stage2_tasks_done=131 stage2_finalized_live=131 cleanup_processed=0 stale=0 stage2_completion_ratio=1.000000 live_stage2_completion_ratio=1.000000 avg_stage2_delay_ms=15555.666121 p99_stage2_delay_upper_ms=16000.000000 p99_stage2_delay_over_30s=false stage2_delay_histogram=0,0,0,0,0,0,0,0,0,0,0,0,0,0,0,131,0,0 max_stage2_delay_ms=15913.451224 compaction_batch_target=32 compaction_max_delay_ms=25.000000 stage2_rate_per_sec=1.007187 stage1_search_budget_exhausted=0 stage2_search_budget_exhausted=0 stage2_continuations=131 stage2_remote_frontier_items=779724 avg_stage2_remote_frontier=5952.091603 stage2_remote_expansions=14789 avg_stage2_remote_expansions=112.893130 stage2_scored_candidates=1142904 avg_stage2_scored_candidates=8724.458015 stage2_graph_read_waves=1973 avg_stage2_expansions_per_graph_wave=7.495692 stage2_graph_unique_reads=15124 stage2_graph_prefetch_issued=10963 stage2_graph_prefetch_hits=10628 stage2_graph_prefetch_wasted=335 stage2_graph_prefetch_promotion_ratio=0.969443 stage2_graph_issue_width_current=16 stage2_vector_read_waves=2984 avg_stage2_scores_per_vector_wave=383.010724 stage2_vector_unique_reads=1052222 stage2_home_rpc_batches=6384 stage2_home_rpc_items=803846 avg_stage2_home_rpc_batch=125.915727 stage2_home_score_rpc_batches=3090 stage2_home_score_rpc_items=788722 stage2_home_score_rpc_queries=23446 stage2_home_score_rpc_request_bytes=21422248 stage2_home_score_rpc_response_bytes=25362704 avg_stage2_home_score_queries_per_rpc=7.587702 avg_stage2_home_score_rpc_batch=255.249838 stage2_home_scored_neighbors=879402 home_scores_per_expansion=1.093993 stage2_migrations=122 home_match_rate=0.068702 stage2_final_edges=4793 stage2_cross_edges_stage1_home=4048 stage2_cross_edges_final_home=3390 cross_edge_reduction_ratio=0.162549 failed=0 rpc_timeouts=0 reverse_aggregate_batches=0 reverse_aggregate_logical_requests=0 reverse_aggregate_ops=0 avg_reverse_aggregate_logicals=0.000000 avg_reverse_aggregate_ops=0.000000 max_backlog=131 admission_window=65536 completion_outstanding=0 completion_incomplete=0 completed_behind_hole=0 completion_logical_full_failures=0 completion_physical_full_failures=0 pressure_yields=3 stage2_batches=17 avg_stage2_batch_size=7.705882 packing_target_batch=8 packing_admit_queue_avg=67.000000 packing_admit_queue_max=131 packing_batch_1_7=1 packing_batch_8=16 packing_assembly_batches=17 packing_assembly_wait_ms=255000.886941 packing_arrival_interval_us=3310 packing_waited_batches=1 packing_wait_ms=23.170000 packing_target_flushes=16 packing_deadline_flushes=1 packing_cleanup_flushes=0 stage2_phase_search_attempts=17 stage2_phase_search_task_attempts=131 stage2_phase_search_elapsed_ms=6243.448121 avg_stage2_phase_search_us_per_task=47659.909321 stage2_phase_freeze_prune_attempts=20 stage2_phase_freeze_prune_task_attempts=155 stage2_phase_freeze_prune_elapsed_ms=542.659681 avg_stage2_phase_freeze_prune_us_per_task=3501.030200 stage2_phase_reverse_prepare_attempts=17 stage2_phase_reverse_prepare_task_attempts=131 stage2_phase_reverse_prepare_elapsed_ms=1611.755724 avg_stage2_phase_reverse_prepare_us_per_task=12303.478809 stage2_phase_placement_authority_attempts=17 stage2_phase_placement_authority_task_attempts=131 stage2_phase_placement_authority_elapsed_ms=1181.994844 avg_stage2_phase_placement_authority_us_per_task=9022.861405 stage2_phase_completion_handoff_attempts=17 stage2_phase_completion_handoff_task_attempts=131 stage2_phase_completion_handoff_elapsed_ms=0.051263 avg_stage2_phase_completion_handoff_us_per_task=0.391321 stage2_phase_finalize_attempts=17 stage2_phase_finalize_task_attempts=131 stage2_phase_finalize_elapsed_ms=0.307538 avg_stage2_phase_finalize_us_per_task=2.347618 maintenance_worker_idle_waits=110528 maintenance_worker_idle_ms=1033322.041895 maintenance_lost_wake_avoided=3036 maintenance_targeted_wakes=33832 maintenance_generic_wakes=89 maintenance_broadcast_wakes=0 maintenance_context_slots_scanned=1727440 maintenance_ready_notifications=9626 maintenance_ready_stale_notifications=0 maintenance_ready_tickets_drained=6903 maintenance_ready_overflow_scans=0 maintenance_ready_fallback_scans=108200 stage2_search_lane_lease_limit=32 stage2_search_lane_lease_peak=15 stage2_search_lane_lease_blocked=0 maintenance_worker_observed_idle_ratio=0.993081 maintenance_worker_observed_busy_ratio=0.006919 physical_stage1_items=131 physical_stage1_total_ns=755730625 physical_stage1_search_ns=719037061 physical_stage1_prune_ns=25604977 physical_stage1_allocate_write_ns=8077378 physical_stage1_backlink_ns=2669227 physical_stage1_candidates=16768 physical_stage1_remote_frontier_items=779724 physical_stage1_neighbors=4983 peer_stage1_enqueued=137 peer_stage1_processed=137 peer_stage1_items=196 avg_peer_stage1_items=1.430657 peer_stage1_rate_per_sec=1.506936 peer_stage1_max_queue=7 peer_stage1_active_workers=0 peer_stage2_home_enqueued=10366 peer_stage2_home_processed=10366 peer_stage2_home_items=1342415 avg_peer_stage2_home_items=129.501736 peer_stage2_home_max_queue=33 peer_stage2_home_response_queue_drops=0 peer_stage2_home_response_send_wait_ms=125.794283 avg_peer_stage2_home_queue_wait_us=22.029112 avg_peer_stage2_home_execution_us=73.740607 peer_stage1_release_deferred_batches=1 peer_stage1_release_deferred_items=1 peer_stage1_duplicate_retry_responses=0 peer_stage1_admission_retry_responses=0 peer_stage1_retry_response_drops=0 peer_stage1_admission_waiters=0 peer_stage1_admission_waiter_items=0 peer_stage1_admission_owned_items=0 peer_stage1_admission_wake_coverage=0 peer_stage1_admission_parked=0 peer_stage1_admission_woken=0 peer_stage1_admission_reparked=0 peer_stage1_max_admission_waiters=0 peer_stage1_duplicate_coalesced=0 peer_reverse_enqueued=201 peer_reverse_processed=201 peer_reverse_remaining=0 peer_reverse_items_enqueued=7213 peer_reverse_items_processed=7213 peer_reverse_rate_per_sec=55.456789 peer_reverse_failed=3 peer_reverse_max_queue=6 reclaim_pending=0 reclaim_reused=122 dynamic_high_watermark=19600174912 stage2_remaining=0 cleanup_remaining=0 active_contexts=0 active_context_limit=32 repair_remaining=0 remaining=0
