============================================================
                        SERVER
============================================================
num clients:                  1
TCP port:                     1237
IB device:                    <auto>
IB port:                      1
max outstanding CQEs:         64
max send work requests:       4096
max receive work requests:    4096
============================================================
index prefix:                     "/data/xjs/index/dvstor_spacev100m/index/spacev100m_R96_bw128_balanced_pmd32_pq20_schema16"
storage shard:                    "/data/xjs/index/dvstor_spacev100m/index/spacev100m_R96_bw128_balanced_pmd32_pq20_schema16_node4_of5.dat"
storage id:                       3
base vectors:                     100000000
vector ID namespace [0,N):        4294967295
registered memory GiB:            22
====================================================================
1 device(s) found
Selected device: ibp86s0
Selected port state: 4, lid: 8
interleaved policy
num_cores: 112
physical cores per socket: 28
hyperthreading enabled
local process CPU partition: rank 3/5 logical_cpus=22
pairing: 73128 -- 4792
[STATUS]: loaded index metadata from /data/xjs/index/dvstor_spacev100m/index/spacev100m_R96_bw128_balanced_pmd32_pq20_schema16 (layout=plain, vector_data_type=int8)
[STATUS]: storage-owner stage2 candidate width L=128 per shard
allocation size: 23622320128
allocated ALIGNED MEM (no hugepage) at 131828388200512 with buffer size 23622320128
[STATUS]: loading index (19200000128 Bytes) from /data/xjs/index/dvstor_spacev100m/index/spacev100m_R96_bw128_balanced_pmd32_pq20_schema16_node4_of5.dat
[STATUS]: loaded GPU PQ codes (400000000 Bytes) at remote offset 19200004224
[STATUS]: storage-owner idmap loaded entries=20000000 format=owner_sharded_v2_bound immutable_base=true dynamic_shards=256 dynamic_reserved=65536
[STATUS]: compensated physical centroid restored on shard 3: vectors=20000000 entries=4
[STATUS]: register memory and distribute access token
[STATUS]: connect QPs of compute threads
[STATUS]: reserving 64 GPU/bootstrap QPs per compute node
pairing: 73134 -- 4797
pairing: 73138 -- 4802
pairing: 73143 -- 4807
pairing: 73148 -- 4812
pairing: 73153 -- 4817
pairing: 73158 -- 4822
pairing: 73163 -- 4827
pairing: 73168 -- 4832
pairing: 73173 -- 4837
pairing: 73178 -- 4842
pairing: 73183 -- 4847
pairing: 73188 -- 4852
pairing: 73193 -- 4857
pairing: 73198 -- 4862
pairing: 73203 -- 4867
pairing: 73208 -- 4872
pairing: 73213 -- 4877
pairing: 73219 -- 4882
pairing: 73223 -- 4887
pairing: 73228 -- 4892
pairing: 73233 -- 4897
pairing: 73238 -- 4902
pairing: 73242 -- 4907
pairing: 73248 -- 4912
pairing: 73252 -- 4917
pairing: 73258 -- 4922
pairing: 73263 -- 4927
pairing: 73268 -- 4932
pairing: 73273 -- 4937
pairing: 73278 -- 4942
pairing: 73283 -- 4947
pairing: 73288 -- 4952
pairing: 73293 -- 5050
pairing: 73388 -- 5051
pairing: 73389 -- 5052
pairing: 73390 -- 5053
pairing: 73391 -- 5054
pairing: 73392 -- 5055
pairing: 73393 -- 5056
pairing: 73394 -- 5057
pairing: 73395 -- 5058
pairing: 73396 -- 5059
pairing: 73397 -- 5060
pairing: 73398 -- 5061
pairing: 73399 -- 5062
pairing: 73400 -- 5063
pairing: 73401 -- 5064
pairing: 73402 -- 5065
pairing: 73403 -- 5066
pairing: 73404 -- 5067
pairing: 73405 -- 5068
pairing: 73406 -- 5069
pairing: 73407 -- 5070
pairing: 73408 -- 5071
pairing: 73409 -- 5072
pairing: 73410 -- 5073
pairing: 73411 -- 5074
pairing: 73412 -- 5075
pairing: 73413 -- 5076
pairing: 73414 -- 5077
pairing: 73415 -- 5078
pairing: 73416 -- 5079
pairing: 73417 -- 5080
pairing: 73418 -- 5081
[STATUS]: waiting for compute-node startup barrier
1 device(s) found
Selected device: ibp86s0
Selected port state: 4, lid: 8
pairing: 73453 -- 73457
pairing: 73460 -- 73465
pairing: 73467 -- 73473
pairing: 73476 -- 73481
pairing: 73483 -- 73489
pairing: 73492 -- 73497
pairing: 73500 -- 73505
pairing: 73508 -- 73513
pairing: 73516 -- 73518
pairing: 73520 -- 73525
pairing: 73526 -- 73531
pairing: 73532 -- 73537
pairing: 73538 -- 73543
pairing: 73544 -- 73549
pairing: 73550 -- 73555
pairing: 73556 -- 73561
pairing: 73562 -- 73558
pairing: 73564 -- 73565
pairing: 73567 -- 73570
pairing: 73571 -- 73574
pairing: 73575 -- 73578
pairing: 73579 -- 73582
pairing: 73583 -- 73586
pairing: 73587 -- 73590
pairing: 73591 -- 73595
pairing: 73596 -- 73597
pairing: 73599 -- 73598
pairing: 73601 -- 73600
pairing: 73602 -- 73603
pairing: 73605 -- 73604
pairing: 73606 -- 73607
pairing: 73609 -- 73608
[STATUS]: storage-owner peer RDMA QPs per peer: 8
[STATUS]: storage-owner peer QP0 reserved for RPC; data RDMA uses QP1..7
allocated ALIGNED MEM (no hugepage) at 131827320750144 with buffer size 67108864
allocated ALIGNED MEM (no hugepage) at 131827280904256 with buffer size 39839040
[STATUS]: storage-owner peer RPC receive slots per peer: 64 (requested=64)
[STATUS]: storage-owner peer RPC concurrent sends per peer: 16
[STATUS]: storage-owner peer RPC send credits: Stage1/graph are split at depth >= 2; responses use a dedicated sync buffer
[STATUS]: storage-owner peer async response capacity: 32768
[STATUS]: storage-owner Stage2 home RPC combining: enabled logical_capacity=18432 aggregate_capacity=4608 byte_budget=33586224
allocated ALIGNED MEM (no hugepage) at 99962113654784 with buffer size 96256
allocated ALIGNED MEM (no hugepage) at 131827555934272 with buffer size 212992
allocated ALIGNED MEM (no hugepage) at 131827551633472 with buffer size 212992
[STATUS]: storage-owner peer reverse-update workers: 2
[STATUS]: storage-owner peer Stage1 workers: 3; Stage2-home workers: 1 (one reserved; shared lanes borrow authoritative work only)
[STATUS]: storage-owner physical control workers: cleanup=1 placement=1 (separate blocking domains)
[STATUS]: storage-owner peer progress threads: cq=1 response_dispatch=1
[STATUS]: storage-owner Stage1 artifact capacity: 67584 (64-way, per shard=1056) cleanup replay per shard=2048 active migration receipts=131072
[STATUS]: storage-owner peer reverse-update tuning: queue_depth=65536 coalesce_max=256
allocated ALIGNED MEM (no hugepage) at 131827540095040 with buffer size 855296
allocated ALIGNED MEM (no hugepage) at 131827539238976 with buffer size 855296
allocated ALIGNED MEM (no hugepage) at 131827535900736 with buffer size 855296
allocated ALIGNED MEM (no hugepage) at 131827535044672 with buffer size 855296
allocated ALIGNED MEM (no hugepage) at 131827531706432 with buffer size 855296
allocated ALIGNED MEM (no hugepage) at 131827530649664 with buffer size 855296
allocated ALIGNED MEM (no hugepage) at 131827527311424 with buffer size 855296
allocated ALIGNED MEM (no hugepage) at 131827523317824 with buffer size 855296
[STATUS]: storage-owner peer scratch: snapshot_slot=192 graph_slot=832 batch=256 lane_peak_rdma_wrs=56 lane_useful_wave_rdma_wrs=56 global_read_window=224 search_lanes_global=32 search_lanes_credit_derived=16 search_lane_lease_cap=32 search_lanes_physical_per_worker=4 ready_context_runtime_epoch=1 bytes_per_lane=213824 bytes_total=6842368
[STATUS]: storage-owner maintenance workers: 8 (configured=8, admission_baseline_workers=2, context_limit=32, semantic_execution_batch=8, work_conserving=true)
[STATUS]: storage-owner stage2 reverse outbox descriptors: 128 aggregates=128 wire_max_ops=3072 (shared per-peer work-conserving aggregation)
[STATUS]: storage-owner maintenance tuning: protocol=centroid-home-two-stage compaction_batch_target=32 packing_policy=deterministic_b8 packing_tail_wait_us=arrival_adaptive_capped_25000 packing_context_limit=8 backlog_limit=65536 admission_credit=bounded_accepted_backlog admission_window=65536 physical_completion_capacity=65536
[STATUS]: storage-owner peer RDMA read credits: per_data_qp=8 data_qps_per_peer=7 per_peer=56 global=224 shared_cq_read_budget=8095 ordered_snapshot_pairs_per_chain=4 (requested_per_data_qp=16)
[STATUS]: storage-owner online insert tuning: construction_beam=128 snapshot_batch=256 protocol=centroid-home-two-stage
[STATUS]: storage-owner stage1=physical-home local search and backlinks; stage2=generation-fenced home expand+score continuation
[STATUS]: storage-owner responses=foreground direct post; completion=repost by service poller
[STATUS]: storage-owner foreground pipeline: coordinators=12 cpu_lanes=3 (assigned_cpus=22, rpc_parallelism=16)
[STATUS]: storage-owner CPU plan: foreground_cpu=3 foreground_coordinators=12 maintenance=8 peer_stage1=4 (split into isolated Stage1/Stage2-home domains) peer_reverse=2 peer_cleanup=1 peer_placement=1 peer_progress=2 foreground_progress=1
[STATUS]: storage-owner insert runtime enabled on shard 3
[STATUS]: storage-owner maintenance observation: enqueued=282 stage2_enqueued=282 cleanup_enqueued=0 stage2_tasks_done=0 stage2_finalized_live=0 cleanup_processed=0 stale=0 stage2_completion_ratio=0.000000 live_stage2_completion_ratio=0.000000 avg_stage2_delay_ms=0.000000 p99_stage2_delay_upper_ms=0.000000 p99_stage2_delay_over_30s=false stage2_delay_histogram=0,0,0,0,0,0,0,0,0,0,0,0,0,0,0,0,0,0 max_stage2_delay_ms=0.000000 compaction_batch_target=32 compaction_max_delay_ms=25.000000 stage2_rate_per_sec=0.000000 stage1_search_budget_exhausted=0 stage2_search_budget_exhausted=0 stage2_continuations=0 stage2_remote_frontier_items=0 avg_stage2_remote_frontier=0.000000 stage2_remote_expansions=0 avg_stage2_remote_expansions=0.000000 stage2_scored_candidates=0 avg_stage2_scored_candidates=0.000000 stage2_graph_read_waves=0 avg_stage2_expansions_per_graph_wave=0.000000 stage2_graph_unique_reads=0 stage2_graph_prefetch_issued=0 stage2_graph_prefetch_hits=0 stage2_graph_prefetch_wasted=0 stage2_graph_prefetch_promotion_ratio=0.000000 stage2_graph_issue_width_current=4 stage2_vector_read_waves=0 avg_stage2_scores_per_vector_wave=0.000000 stage2_vector_unique_reads=0 stage2_home_rpc_batches=0 stage2_home_rpc_items=0 avg_stage2_home_rpc_batch=0.000000 stage2_home_score_rpc_batches=0 stage2_home_score_rpc_items=0 stage2_home_score_rpc_queries=0 stage2_home_score_rpc_request_bytes=0 stage2_home_score_rpc_response_bytes=0 avg_stage2_home_score_queries_per_rpc=0.000000 avg_stage2_home_score_rpc_batch=0.000000 stage2_home_scored_neighbors=0 home_scores_per_expansion=0.000000 stage2_migrations=0 home_match_rate=0.000000 stage2_final_edges=0 stage2_cross_edges_stage1_home=0 stage2_cross_edges_final_home=0 cross_edge_reduction_ratio=0.000000 failed=0 rpc_timeouts=0 reverse_aggregate_batches=0 reverse_aggregate_logical_requests=0 reverse_aggregate_ops=0 avg_reverse_aggregate_logicals=0.000000 avg_reverse_aggregate_ops=0.000000 max_backlog=282 admission_window=65536 completion_outstanding=282 completion_incomplete=282 completed_behind_hole=0 completion_logical_full_failures=0 completion_physical_full_failures=0 pressure_yields=0 stage2_batches=0 avg_stage2_batch_size=0.000000 packing_target_batch=8 packing_admit_queue_avg=0.000000 packing_admit_queue_max=0 packing_batch_1_7=0 packing_batch_8=0 packing_assembly_batches=0 packing_assembly_wait_ms=0.000000 packing_arrival_interval_us=1799 packing_waited_batches=0 packing_wait_ms=0.000000 packing_target_flushes=0 packing_deadline_flushes=0 packing_cleanup_flushes=0 stage2_phase_search_attempts=0 stage2_phase_search_task_attempts=0 stage2_phase_search_elapsed_ms=0.000000 avg_stage2_phase_search_us_per_task=0.000000 stage2_phase_freeze_prune_attempts=0 stage2_phase_freeze_prune_task_attempts=0 stage2_phase_freeze_prune_elapsed_ms=0.000000 avg_stage2_phase_freeze_prune_us_per_task=0.000000 stage2_phase_reverse_prepare_attempts=0 stage2_phase_reverse_prepare_task_attempts=0 stage2_phase_reverse_prepare_elapsed_ms=0.000000 avg_stage2_phase_reverse_prepare_us_per_task=0.000000 stage2_phase_placement_authority_attempts=0 stage2_phase_placement_authority_task_attempts=0 stage2_phase_placement_authority_elapsed_ms=0.000000 avg_stage2_phase_placement_authority_us_per_task=0.000000 stage2_phase_completion_handoff_attempts=0 stage2_phase_completion_handoff_task_attempts=0 stage2_phase_completion_handoff_elapsed_ms=0.000000 avg_stage2_phase_completion_handoff_us_per_task=0.000000 stage2_phase_finalize_attempts=0 stage2_phase_finalize_task_attempts=0 stage2_phase_finalize_elapsed_ms=0.000000 avg_stage2_phase_finalize_us_per_task=0.000000 maintenance_worker_idle_waits=3584 maintenance_worker_idle_ms=35222.396523 maintenance_lost_wake_avoided=0 maintenance_targeted_wakes=0 maintenance_generic_wakes=153 maintenance_broadcast_wakes=0 maintenance_context_slots_scanned=57216 maintenance_ready_notifications=0 maintenance_ready_stale_notifications=0 maintenance_ready_tickets_drained=0 maintenance_ready_overflow_scans=0 maintenance_ready_fallback_scans=4054 stage2_search_lane_lease_limit=32 stage2_search_lane_lease_peak=0 stage2_search_lane_lease_blocked=0 maintenance_worker_observed_idle_ratio=0.876319 maintenance_worker_observed_busy_ratio=0.123681 physical_stage1_items=282 physical_stage1_total_ns=1568558919 physical_stage1_search_ns=1453707965 physical_stage1_prune_ns=58722685 physical_stage1_allocate_write_ns=50144306 physical_stage1_backlink_ns=5395308 physical_stage1_candidates=36092 physical_stage1_remote_frontier_items=1571626 physical_stage1_neighbors=10664 peer_stage1_enqueued=236 peer_stage1_processed=236 peer_stage1_items=434 avg_peer_stage1_items=1.838983 peer_stage1_rate_per_sec=86.381923 peer_stage1_max_queue=37 peer_stage1_active_workers=0 peer_stage2_home_enqueued=0 peer_stage2_home_processed=0 peer_stage2_home_items=0 avg_peer_stage2_home_items=0.000000 peer_stage2_home_max_queue=0 peer_stage2_home_response_queue_drops=0 peer_stage2_home_response_send_wait_ms=0.000000 avg_peer_stage2_home_queue_wait_us=0.000000 avg_peer_stage2_home_execution_us=0.000000 peer_stage1_release_deferred_batches=0 peer_stage1_release_deferred_items=0 peer_stage1_duplicate_retry_responses=0 peer_stage1_admission_retry_responses=0 peer_stage1_retry_response_drops=0 peer_stage1_admission_waiters=0 peer_stage1_admission_waiter_items=0 peer_stage1_admission_owned_items=0 peer_stage1_admission_wake_coverage=0 peer_stage1_admission_parked=0 peer_stage1_admission_woken=0 peer_stage1_admission_reparked=0 peer_stage1_max_admission_waiters=0 peer_stage1_duplicate_coalesced=0 peer_reverse_enqueued=0 peer_reverse_processed=0 peer_reverse_remaining=0 peer_reverse_items_enqueued=0 peer_reverse_items_processed=0 peer_reverse_rate_per_sec=0.000000 peer_reverse_failed=0 peer_reverse_max_queue=0 reclaim_pending=0 reclaim_reused=0 dynamic_high_watermark=19600284032 stage2_remaining=282 cleanup_remaining=0 active_contexts=0 active_context_limit=32 repair_remaining=0 remaining=282
[STATUS]: storage-owner maintenance observation: enqueued=282 stage2_enqueued=282 cleanup_enqueued=0 stage2_tasks_done=0 stage2_finalized_live=0 cleanup_processed=0 stale=0 stage2_completion_ratio=0.000000 live_stage2_completion_ratio=0.000000 avg_stage2_delay_ms=0.000000 p99_stage2_delay_upper_ms=0.000000 p99_stage2_delay_over_30s=false stage2_delay_histogram=0,0,0,0,0,0,0,0,0,0,0,0,0,0,0,0,0,0 max_stage2_delay_ms=0.000000 compaction_batch_target=32 compaction_max_delay_ms=25.000000 stage2_rate_per_sec=0.000000 stage1_search_budget_exhausted=0 stage2_search_budget_exhausted=0 stage2_continuations=0 stage2_remote_frontier_items=0 avg_stage2_remote_frontier=0.000000 stage2_remote_expansions=0 avg_stage2_remote_expansions=0.000000 stage2_scored_candidates=0 avg_stage2_scored_candidates=0.000000 stage2_graph_read_waves=0 avg_stage2_expansions_per_graph_wave=0.000000 stage2_graph_unique_reads=0 stage2_graph_prefetch_issued=0 stage2_graph_prefetch_hits=0 stage2_graph_prefetch_wasted=0 stage2_graph_prefetch_promotion_ratio=0.000000 stage2_graph_issue_width_current=4 stage2_vector_read_waves=0 avg_stage2_scores_per_vector_wave=0.000000 stage2_vector_unique_reads=0 stage2_home_rpc_batches=0 stage2_home_rpc_items=0 avg_stage2_home_rpc_batch=0.000000 stage2_home_score_rpc_batches=0 stage2_home_score_rpc_items=0 stage2_home_score_rpc_queries=0 stage2_home_score_rpc_request_bytes=0 stage2_home_score_rpc_response_bytes=0 avg_stage2_home_score_queries_per_rpc=0.000000 avg_stage2_home_score_rpc_batch=0.000000 stage2_home_scored_neighbors=0 home_scores_per_expansion=0.000000 stage2_migrations=0 home_match_rate=0.000000 stage2_final_edges=0 stage2_cross_edges_stage1_home=0 stage2_cross_edges_final_home=0 cross_edge_reduction_ratio=0.000000 failed=0 rpc_timeouts=0 reverse_aggregate_batches=0 reverse_aggregate_logical_requests=0 reverse_aggregate_ops=0 avg_reverse_aggregate_logicals=0.000000 avg_reverse_aggregate_ops=0.000000 max_backlog=282 admission_window=65536 completion_outstanding=282 completion_incomplete=282 completed_behind_hole=0 completion_logical_full_failures=0 completion_physical_full_failures=0 pressure_yields=0 stage2_batches=0 avg_stage2_batch_size=0.000000 packing_target_batch=8 packing_admit_queue_avg=0.000000 packing_admit_queue_max=0 packing_batch_1_7=0 packing_batch_8=0 packing_assembly_batches=0 packing_assembly_wait_ms=0.000000 packing_arrival_interval_us=1799 packing_waited_batches=0 packing_wait_ms=0.000000 packing_target_flushes=0 packing_deadline_flushes=0 packing_cleanup_flushes=0 stage2_phase_search_attempts=0 stage2_phase_search_task_attempts=0 stage2_phase_search_elapsed_ms=0.000000 avg_stage2_phase_search_us_per_task=0.000000 stage2_phase_freeze_prune_attempts=0 stage2_phase_freeze_prune_task_attempts=0 stage2_phase_freeze_prune_elapsed_ms=0.000000 avg_stage2_phase_freeze_prune_us_per_task=0.000000 stage2_phase_reverse_prepare_attempts=0 stage2_phase_reverse_prepare_task_attempts=0 stage2_phase_reverse_prepare_elapsed_ms=0.000000 avg_stage2_phase_reverse_prepare_us_per_task=0.000000 stage2_phase_placement_authority_attempts=0 stage2_phase_placement_authority_task_attempts=0 stage2_phase_placement_authority_elapsed_ms=0.000000 avg_stage2_phase_placement_authority_us_per_task=0.000000 stage2_phase_completion_handoff_attempts=0 stage2_phase_completion_handoff_task_attempts=0 stage2_phase_completion_handoff_elapsed_ms=0.000000 avg_stage2_phase_completion_handoff_us_per_task=0.000000 stage2_phase_finalize_attempts=0 stage2_phase_finalize_task_attempts=0 stage2_phase_finalize_elapsed_ms=0.000000 avg_stage2_phase_finalize_us_per_task=0.000000 maintenance_worker_idle_waits=7680 maintenance_worker_idle_ms=76439.077726 maintenance_lost_wake_avoided=0 maintenance_targeted_wakes=0 maintenance_generic_wakes=153 maintenance_broadcast_wakes=0 maintenance_context_slots_scanned=122752 maintenance_ready_notifications=0 maintenance_ready_stale_notifications=0 maintenance_ready_tickets_drained=0 maintenance_ready_overflow_scans=0 maintenance_ready_fallback_scans=8029 stage2_search_lane_lease_limit=32 stage2_search_lane_lease_peak=0 stage2_search_lane_lease_blocked=0 maintenance_worker_observed_idle_ratio=0.953151 maintenance_worker_observed_busy_ratio=0.046849 physical_stage1_items=282 physical_stage1_total_ns=1568558919 physical_stage1_search_ns=1453707965 physical_stage1_prune_ns=58722685 physical_stage1_allocate_write_ns=50144306 physical_stage1_backlink_ns=5395308 physical_stage1_candidates=36092 physical_stage1_remote_frontier_items=1571626 physical_stage1_neighbors=10664 peer_stage1_enqueued=236 peer_stage1_processed=236 peer_stage1_items=434 avg_peer_stage1_items=1.838983 peer_stage1_rate_per_sec=43.293834 peer_stage1_max_queue=37 peer_stage1_active_workers=0 peer_stage2_home_enqueued=0 peer_stage2_home_processed=0 peer_stage2_home_items=0 avg_peer_stage2_home_items=0.000000 peer_stage2_home_max_queue=0 peer_stage2_home_response_queue_drops=0 peer_stage2_home_response_send_wait_ms=0.000000 avg_peer_stage2_home_queue_wait_us=0.000000 avg_peer_stage2_home_execution_us=0.000000 peer_stage1_release_deferred_batches=0 peer_stage1_release_deferred_items=0 peer_stage1_duplicate_retry_responses=0 peer_stage1_admission_retry_responses=0 peer_stage1_retry_response_drops=0 peer_stage1_admission_waiters=0 peer_stage1_admission_waiter_items=0 peer_stage1_admission_owned_items=0 peer_stage1_admission_wake_coverage=0 peer_stage1_admission_parked=0 peer_stage1_admission_woken=0 peer_stage1_admission_reparked=0 peer_stage1_max_admission_waiters=0 peer_stage1_duplicate_coalesced=0 peer_reverse_enqueued=0 peer_reverse_processed=0 peer_reverse_remaining=0 peer_reverse_items_enqueued=0 peer_reverse_items_processed=0 peer_reverse_rate_per_sec=0.000000 peer_reverse_failed=0 peer_reverse_max_queue=0 reclaim_pending=0 reclaim_reused=0 dynamic_high_watermark=19600284032 stage2_remaining=282 cleanup_remaining=0 active_contexts=0 active_context_limit=32 repair_remaining=0 remaining=282
[STATUS]: storage-owner maintenance observation: enqueued=282 stage2_enqueued=282 cleanup_enqueued=0 stage2_tasks_done=0 stage2_finalized_live=0 cleanup_processed=0 stale=0 stage2_completion_ratio=0.000000 live_stage2_completion_ratio=0.000000 avg_stage2_delay_ms=0.000000 p99_stage2_delay_upper_ms=0.000000 p99_stage2_delay_over_30s=false stage2_delay_histogram=0,0,0,0,0,0,0,0,0,0,0,0,0,0,0,0,0,0 max_stage2_delay_ms=0.000000 compaction_batch_target=32 compaction_max_delay_ms=25.000000 stage2_rate_per_sec=0.000000 stage1_search_budget_exhausted=0 stage2_search_budget_exhausted=0 stage2_continuations=0 stage2_remote_frontier_items=0 avg_stage2_remote_frontier=0.000000 stage2_remote_expansions=0 avg_stage2_remote_expansions=0.000000 stage2_scored_candidates=0 avg_stage2_scored_candidates=0.000000 stage2_graph_read_waves=0 avg_stage2_expansions_per_graph_wave=0.000000 stage2_graph_unique_reads=0 stage2_graph_prefetch_issued=0 stage2_graph_prefetch_hits=0 stage2_graph_prefetch_wasted=0 stage2_graph_prefetch_promotion_ratio=0.000000 stage2_graph_issue_width_current=4 stage2_vector_read_waves=0 avg_stage2_scores_per_vector_wave=0.000000 stage2_vector_unique_reads=0 stage2_home_rpc_batches=0 stage2_home_rpc_items=0 avg_stage2_home_rpc_batch=0.000000 stage2_home_score_rpc_batches=0 stage2_home_score_rpc_items=0 stage2_home_score_rpc_queries=0 stage2_home_score_rpc_request_bytes=0 stage2_home_score_rpc_response_bytes=0 avg_stage2_home_score_queries_per_rpc=0.000000 avg_stage2_home_score_rpc_batch=0.000000 stage2_home_scored_neighbors=0 home_scores_per_expansion=0.000000 stage2_migrations=0 home_match_rate=0.000000 stage2_final_edges=0 stage2_cross_edges_stage1_home=0 stage2_cross_edges_final_home=0 cross_edge_reduction_ratio=0.000000 failed=0 rpc_timeouts=0 reverse_aggregate_batches=0 reverse_aggregate_logical_requests=0 reverse_aggregate_ops=0 avg_reverse_aggregate_logicals=0.000000 avg_reverse_aggregate_ops=0.000000 max_backlog=282 admission_window=65536 completion_outstanding=282 completion_incomplete=282 completed_behind_hole=0 completion_logical_full_failures=0 completion_physical_full_failures=0 pressure_yields=0 stage2_batches=0 avg_stage2_batch_size=0.000000 packing_target_batch=8 packing_admit_queue_avg=0.000000 packing_admit_queue_max=0 packing_batch_1_7=0 packing_batch_8=0 packing_assembly_batches=0 packing_assembly_wait_ms=0.000000 packing_arrival_interval_us=1799 packing_waited_batches=0 packing_wait_ms=0.000000 packing_target_flushes=0 packing_deadline_flushes=0 packing_cleanup_flushes=0 stage2_phase_search_attempts=0 stage2_phase_search_task_attempts=0 stage2_phase_search_elapsed_ms=0.000000 avg_stage2_phase_search_us_per_task=0.000000 stage2_phase_freeze_prune_attempts=0 stage2_phase_freeze_prune_task_attempts=0 stage2_phase_freeze_prune_elapsed_ms=0.000000 avg_stage2_phase_freeze_prune_us_per_task=0.000000 stage2_phase_reverse_prepare_attempts=0 stage2_phase_reverse_prepare_task_attempts=0 stage2_phase_reverse_prepare_elapsed_ms=0.000000 avg_stage2_phase_reverse_prepare_us_per_task=0.000000 stage2_phase_placement_authority_attempts=0 stage2_phase_placement_authority_task_attempts=0 stage2_phase_placement_authority_elapsed_ms=0.000000 avg_stage2_phase_placement_authority_us_per_task=0.000000 stage2_phase_completion_handoff_attempts=0 stage2_phase_completion_handoff_task_attempts=0 stage2_phase_completion_handoff_elapsed_ms=0.000000 avg_stage2_phase_completion_handoff_us_per_task=0.000000 stage2_phase_finalize_attempts=0 stage2_phase_finalize_task_attempts=0 stage2_phase_finalize_elapsed_ms=0.000000 avg_stage2_phase_finalize_us_per_task=0.000000 maintenance_worker_idle_waits=11776 maintenance_worker_idle_ms=117653.559201 maintenance_lost_wake_avoided=0 maintenance_targeted_wakes=0 maintenance_generic_wakes=153 maintenance_broadcast_wakes=0 maintenance_context_slots_scanned=188288 maintenance_ready_notifications=0 maintenance_ready_stale_notifications=0 maintenance_ready_tickets_drained=0 maintenance_ready_overflow_scans=0 maintenance_ready_fallback_scans=12003 stage2_search_lane_lease_limit=32 stage2_search_lane_lease_peak=0 stage2_search_lane_lease_blocked=0 maintenance_worker_observed_idle_ratio=0.978823 maintenance_worker_observed_busy_ratio=0.021177 physical_stage1_items=282 physical_stage1_total_ns=1568558919 physical_stage1_search_ns=1453707965 physical_stage1_prune_ns=58722685 physical_stage1_allocate_write_ns=50144306 physical_stage1_backlink_ns=5395308 physical_stage1_candidates=36092 physical_stage1_remote_frontier_items=1571626 physical_stage1_neighbors=10664 peer_stage1_enqueued=236 peer_stage1_processed=236 peer_stage1_items=434 avg_peer_stage1_items=1.838983 peer_stage1_rate_per_sec=28.885435 peer_stage1_max_queue=37 peer_stage1_active_workers=0 peer_stage2_home_enqueued=0 peer_stage2_home_processed=0 peer_stage2_home_items=0 avg_peer_stage2_home_items=0.000000 peer_stage2_home_max_queue=0 peer_stage2_home_response_queue_drops=0 peer_stage2_home_response_send_wait_ms=0.000000 avg_peer_stage2_home_queue_wait_us=0.000000 avg_peer_stage2_home_execution_us=0.000000 peer_stage1_release_deferred_batches=0 peer_stage1_release_deferred_items=0 peer_stage1_duplicate_retry_responses=0 peer_stage1_admission_retry_responses=0 peer_stage1_retry_response_drops=0 peer_stage1_admission_waiters=0 peer_stage1_admission_waiter_items=0 peer_stage1_admission_owned_items=0 peer_stage1_admission_wake_coverage=0 peer_stage1_admission_parked=0 peer_stage1_admission_woken=0 peer_stage1_admission_reparked=0 peer_stage1_max_admission_waiters=0 peer_stage1_duplicate_coalesced=0 peer_reverse_enqueued=0 peer_reverse_processed=0 peer_reverse_remaining=0 peer_reverse_items_enqueued=0 peer_reverse_items_processed=0 peer_reverse_rate_per_sec=0.000000 peer_reverse_failed=0 peer_reverse_max_queue=0 reclaim_pending=0 reclaim_reused=0 dynamic_high_watermark=19600284032 stage2_remaining=282 cleanup_remaining=0 active_contexts=0 active_context_limit=32 repair_remaining=0 remaining=282
[STATUS]: storage-owner maintenance observation: enqueued=282 stage2_enqueued=282 cleanup_enqueued=0 stage2_tasks_done=282 stage2_finalized_live=282 cleanup_processed=0 stale=0 stage2_completion_ratio=1.000000 live_stage2_completion_ratio=1.000000 avg_stage2_delay_ms=16027.175863 p99_stage2_delay_upper_ms=30000.000000 p99_stage2_delay_over_30s=false stage2_delay_histogram=0,0,0,0,0,0,0,0,0,0,0,0,0,0,0,95,187,0 max_stage2_delay_ms=16213.789716 compaction_batch_target=32 compaction_max_delay_ms=25.000000 stage2_rate_per_sec=14.080520 stage1_search_budget_exhausted=0 stage2_search_budget_exhausted=0 stage2_continuations=282 stage2_remote_frontier_items=1571626 avg_stage2_remote_frontier=5573.141844 stage2_remote_expansions=31889 avg_stage2_remote_expansions=113.081560 stage2_scored_candidates=2301821 avg_stage2_scored_candidates=8162.485816 stage2_graph_read_waves=4104 avg_stage2_expansions_per_graph_wave=7.770224 stage2_graph_unique_reads=32547 stage2_graph_prefetch_issued=23850 stage2_graph_prefetch_hits=23192 stage2_graph_prefetch_wasted=658 stage2_graph_prefetch_promotion_ratio=0.972411 stage2_graph_issue_width_current=16 stage2_vector_read_waves=6069 avg_stage2_scores_per_vector_wave=379.275169 stage2_vector_unique_reads=2119478 stage2_home_rpc_batches=12588 stage2_home_rpc_items=1618422 avg_stage2_home_rpc_batch=128.568637 stage2_home_score_rpc_batches=6214 stage2_home_score_rpc_items=1585875 stage2_home_score_rpc_queries=47675 stage2_home_score_rpc_request_bytes=43126772 stage2_home_score_rpc_response_bytes=50996560 avg_stage2_home_score_queries_per_rpc=7.672192 avg_stage2_home_score_rpc_batch=255.210010 stage2_home_scored_neighbors=1768215 home_scores_per_expansion=1.092555 stage2_migrations=260 home_match_rate=0.078014 stage2_final_edges=10274 stage2_cross_edges_stage1_home=8953 stage2_cross_edges_final_home=7201 cross_edge_reduction_ratio=0.195689 failed=0 rpc_timeouts=0 reverse_aggregate_batches=0 reverse_aggregate_logical_requests=0 reverse_aggregate_ops=0 avg_reverse_aggregate_logicals=0.000000 avg_reverse_aggregate_ops=0.000000 max_backlog=282 admission_window=65536 completion_outstanding=0 completion_incomplete=0 completed_behind_hole=0 completion_logical_full_failures=0 completion_physical_full_failures=0 pressure_yields=45493 stage2_batches=36 avg_stage2_batch_size=7.833333 packing_target_batch=8 packing_admit_queue_avg=142.000000 packing_admit_queue_max=282 packing_batch_1_7=1 packing_batch_8=35 packing_assembly_batches=36 packing_assembly_wait_ms=542372.778611 packing_arrival_interval_us=1799 packing_waited_batches=1 packing_wait_ms=12.593000 packing_target_flushes=35 packing_deadline_flushes=1 packing_cleanup_flushes=0 stage2_phase_search_attempts=36 stage2_phase_search_task_attempts=282 stage2_phase_search_elapsed_ms=26941.572654 avg_stage2_phase_search_us_per_task=95537.491681 stage2_phase_freeze_prune_attempts=38 stage2_phase_freeze_prune_task_attempts=298 stage2_phase_freeze_prune_elapsed_ms=774.350533 avg_stage2_phase_freeze_prune_us_per_task=2598.491721 stage2_phase_reverse_prepare_attempts=36 stage2_phase_reverse_prepare_task_attempts=282 stage2_phase_reverse_prepare_elapsed_ms=4815.482323 avg_stage2_phase_reverse_prepare_us_per_task=17076.178450 stage2_phase_placement_authority_attempts=36 stage2_phase_placement_authority_task_attempts=282 stage2_phase_placement_authority_elapsed_ms=1817.211761 avg_stage2_phase_placement_authority_us_per_task=6444.013337 stage2_phase_completion_handoff_attempts=36 stage2_phase_completion_handoff_task_attempts=282 stage2_phase_completion_handoff_elapsed_ms=0.076912 avg_stage2_phase_completion_handoff_us_per_task=0.272738 stage2_phase_finalize_attempts=36 stage2_phase_finalize_task_attempts=282 stage2_phase_finalize_elapsed_ms=0.637244 avg_stage2_phase_finalize_us_per_task=2.259730 maintenance_worker_idle_waits=59072 maintenance_worker_idle_ms=148790.095764 maintenance_lost_wake_avoided=25627 maintenance_targeted_wakes=262449 maintenance_generic_wakes=153 maintenance_broadcast_wakes=0 maintenance_context_slots_scanned=761936 maintenance_ready_notifications=19743 maintenance_ready_stale_notifications=0 maintenance_ready_tickets_drained=13314 maintenance_ready_overflow_scans=0 maintenance_ready_fallback_scans=47887 stage2_search_lane_lease_limit=32 stage2_search_lane_lease_peak=32 stage2_search_lane_lease_blocked=0 maintenance_worker_observed_idle_ratio=0.928653 maintenance_worker_observed_busy_ratio=0.071347 physical_stage1_items=282 physical_stage1_total_ns=1568558919 physical_stage1_search_ns=1453707965 physical_stage1_prune_ns=58722685 physical_stage1_allocate_write_ns=50144306 physical_stage1_backlink_ns=5395308 physical_stage1_candidates=36092 physical_stage1_remote_frontier_items=1571626 physical_stage1_neighbors=10664 peer_stage1_enqueued=236 peer_stage1_processed=236 peer_stage1_items=434 avg_peer_stage1_items=1.838983 peer_stage1_rate_per_sec=21.670020 peer_stage1_max_queue=37 peer_stage1_active_workers=0 peer_stage2_home_enqueued=8810 peer_stage2_home_processed=8810 peer_stage2_home_items=1140591 avg_peer_stage2_home_items=129.465494 peer_stage2_home_max_queue=7 peer_stage2_home_response_queue_drops=0 peer_stage2_home_response_send_wait_ms=97.176714 avg_peer_stage2_home_queue_wait_us=42.047846 avg_peer_stage2_home_execution_us=75.509490 peer_stage1_release_deferred_batches=0 peer_stage1_release_deferred_items=0 peer_stage1_duplicate_retry_responses=0 peer_stage1_admission_retry_responses=0 peer_stage1_retry_response_drops=0 peer_stage1_admission_waiters=0 peer_stage1_admission_waiter_items=0 peer_stage1_admission_owned_items=0 peer_stage1_admission_wake_coverage=0 peer_stage1_admission_parked=0 peer_stage1_admission_woken=0 peer_stage1_admission_reparked=0 peer_stage1_max_admission_waiters=0 peer_stage1_duplicate_coalesced=0 peer_reverse_enqueued=169 peer_reverse_processed=169 peer_reverse_remaining=0 peer_reverse_items_enqueued=5859 peer_reverse_items_processed=5859 peer_reverse_rate_per_sec=292.545275 peer_reverse_failed=2 peer_reverse_max_queue=9 reclaim_pending=209 reclaim_reused=51 dynamic_high_watermark=19600370336 stage2_remaining=0 cleanup_remaining=0 active_contexts=0 active_context_limit=32 repair_remaining=0 remaining=0
[STATUS]: storage-owner maintenance observation: enqueued=282 stage2_enqueued=282 cleanup_enqueued=0 stage2_tasks_done=282 stage2_finalized_live=282 cleanup_processed=0 stale=0 stage2_completion_ratio=1.000000 live_stage2_completion_ratio=1.000000 avg_stage2_delay_ms=16027.175863 p99_stage2_delay_upper_ms=30000.000000 p99_stage2_delay_over_30s=false stage2_delay_histogram=0,0,0,0,0,0,0,0,0,0,0,0,0,0,0,95,187,0 max_stage2_delay_ms=16213.789716 compaction_batch_target=32 compaction_max_delay_ms=25.000000 stage2_rate_per_sec=11.267339 stage1_search_budget_exhausted=0 stage2_search_budget_exhausted=0 stage2_continuations=282 stage2_remote_frontier_items=1571626 avg_stage2_remote_frontier=5573.141844 stage2_remote_expansions=31889 avg_stage2_remote_expansions=113.081560 stage2_scored_candidates=2301821 avg_stage2_scored_candidates=8162.485816 stage2_graph_read_waves=4104 avg_stage2_expansions_per_graph_wave=7.770224 stage2_graph_unique_reads=32547 stage2_graph_prefetch_issued=23850 stage2_graph_prefetch_hits=23192 stage2_graph_prefetch_wasted=658 stage2_graph_prefetch_promotion_ratio=0.972411 stage2_graph_issue_width_current=16 stage2_vector_read_waves=6069 avg_stage2_scores_per_vector_wave=379.275169 stage2_vector_unique_reads=2119478 stage2_home_rpc_batches=12588 stage2_home_rpc_items=1618422 avg_stage2_home_rpc_batch=128.568637 stage2_home_score_rpc_batches=6214 stage2_home_score_rpc_items=1585875 stage2_home_score_rpc_queries=47675 stage2_home_score_rpc_request_bytes=43126772 stage2_home_score_rpc_response_bytes=50996560 avg_stage2_home_score_queries_per_rpc=7.672192 avg_stage2_home_score_rpc_batch=255.210010 stage2_home_scored_neighbors=1768215 home_scores_per_expansion=1.092555 stage2_migrations=260 home_match_rate=0.078014 stage2_final_edges=10274 stage2_cross_edges_stage1_home=8953 stage2_cross_edges_final_home=7201 cross_edge_reduction_ratio=0.195689 failed=0 rpc_timeouts=0 reverse_aggregate_batches=0 reverse_aggregate_logical_requests=0 reverse_aggregate_ops=0 avg_reverse_aggregate_logicals=0.000000 avg_reverse_aggregate_ops=0.000000 max_backlog=282 admission_window=65536 completion_outstanding=0 completion_incomplete=0 completed_behind_hole=0 completion_logical_full_failures=0 completion_physical_full_failures=0 pressure_yields=45493 stage2_batches=36 avg_stage2_batch_size=7.833333 packing_target_batch=8 packing_admit_queue_avg=142.000000 packing_admit_queue_max=282 packing_batch_1_7=1 packing_batch_8=35 packing_assembly_batches=36 packing_assembly_wait_ms=542372.778611 packing_arrival_interval_us=1799 packing_waited_batches=1 packing_wait_ms=12.593000 packing_target_flushes=35 packing_deadline_flushes=1 packing_cleanup_flushes=0 stage2_phase_search_attempts=36 stage2_phase_search_task_attempts=282 stage2_phase_search_elapsed_ms=26941.572654 avg_stage2_phase_search_us_per_task=95537.491681 stage2_phase_freeze_prune_attempts=38 stage2_phase_freeze_prune_task_attempts=298 stage2_phase_freeze_prune_elapsed_ms=774.350533 avg_stage2_phase_freeze_prune_us_per_task=2598.491721 stage2_phase_reverse_prepare_attempts=36 stage2_phase_reverse_prepare_task_attempts=282 stage2_phase_reverse_prepare_elapsed_ms=4815.482323 avg_stage2_phase_reverse_prepare_us_per_task=17076.178450 stage2_phase_placement_authority_attempts=36 stage2_phase_placement_authority_task_attempts=282 stage2_phase_placement_authority_elapsed_ms=1817.211761 avg_stage2_phase_placement_authority_us_per_task=6444.013337 stage2_phase_completion_handoff_attempts=36 stage2_phase_completion_handoff_task_attempts=282 stage2_phase_completion_handoff_elapsed_ms=0.076912 avg_stage2_phase_completion_handoff_us_per_task=0.272738 stage2_phase_finalize_attempts=36 stage2_phase_finalize_task_attempts=282 stage2_phase_finalize_elapsed_ms=0.637244 avg_stage2_phase_finalize_us_per_task=2.259730 maintenance_worker_idle_waits=63040 maintenance_worker_idle_ms=188714.689250 maintenance_lost_wake_avoided=25627 maintenance_targeted_wakes=262449 maintenance_generic_wakes=153 maintenance_broadcast_wakes=0 maintenance_context_slots_scanned=825424 maintenance_ready_notifications=19743 maintenance_ready_stale_notifications=0 maintenance_ready_tickets_drained=13314 maintenance_ready_overflow_scans=0 maintenance_ready_fallback_scans=51863 stage2_search_lane_lease_limit=32 stage2_search_lane_lease_peak=32 stage2_search_lane_lease_blocked=0 maintenance_worker_observed_idle_ratio=0.942514 maintenance_worker_observed_busy_ratio=0.057486 physical_stage1_items=282 physical_stage1_total_ns=1568558919 physical_stage1_search_ns=1453707965 physical_stage1_prune_ns=58722685 physical_stage1_allocate_write_ns=50144306 physical_stage1_backlink_ns=5395308 physical_stage1_candidates=36092 physical_stage1_remote_frontier_items=1571626 physical_stage1_neighbors=10664 peer_stage1_enqueued=236 peer_stage1_processed=236 peer_stage1_items=434 avg_peer_stage1_items=1.838983 peer_stage1_rate_per_sec=17.340514 peer_stage1_max_queue=37 peer_stage1_active_workers=0 peer_stage2_home_enqueued=8810 peer_stage2_home_processed=8810 peer_stage2_home_items=1140591 avg_peer_stage2_home_items=129.465494 peer_stage2_home_max_queue=7 peer_stage2_home_response_queue_drops=0 peer_stage2_home_response_send_wait_ms=97.176714 avg_peer_stage2_home_queue_wait_us=42.047846 avg_peer_stage2_home_execution_us=75.509490 peer_stage1_release_deferred_batches=0 peer_stage1_release_deferred_items=0 peer_stage1_duplicate_retry_responses=0 peer_stage1_admission_retry_responses=0 peer_stage1_retry_response_drops=0 peer_stage1_admission_waiters=0 peer_stage1_admission_waiter_items=0 peer_stage1_admission_owned_items=0 peer_stage1_admission_wake_coverage=0 peer_stage1_admission_parked=0 peer_stage1_admission_woken=0 peer_stage1_admission_reparked=0 peer_stage1_max_admission_waiters=0 peer_stage1_duplicate_coalesced=0 peer_reverse_enqueued=169 peer_reverse_processed=169 peer_reverse_remaining=0 peer_reverse_items_enqueued=5859 peer_reverse_items_processed=5859 peer_reverse_rate_per_sec=234.096940 peer_reverse_failed=2 peer_reverse_max_queue=9 reclaim_pending=209 reclaim_reused=51 dynamic_high_watermark=19600370336 stage2_remaining=0 cleanup_remaining=0 active_contexts=0 active_context_limit=32 repair_remaining=0 remaining=0
[STATUS]: storage-owner maintenance observation: enqueued=282 stage2_enqueued=282 cleanup_enqueued=0 stage2_tasks_done=282 stage2_finalized_live=282 cleanup_processed=0 stale=0 stage2_completion_ratio=1.000000 live_stage2_completion_ratio=1.000000 avg_stage2_delay_ms=16027.175863 p99_stage2_delay_upper_ms=30000.000000 p99_stage2_delay_over_30s=false stage2_delay_histogram=0,0,0,0,0,0,0,0,0,0,0,0,0,0,0,95,187,0 max_stage2_delay_ms=16213.789716 compaction_batch_target=32 compaction_max_delay_ms=25.000000 stage2_rate_per_sec=9.390991 stage1_search_budget_exhausted=0 stage2_search_budget_exhausted=0 stage2_continuations=282 stage2_remote_frontier_items=1571626 avg_stage2_remote_frontier=5573.141844 stage2_remote_expansions=31889 avg_stage2_remote_expansions=113.081560 stage2_scored_candidates=2301821 avg_stage2_scored_candidates=8162.485816 stage2_graph_read_waves=4104 avg_stage2_expansions_per_graph_wave=7.770224 stage2_graph_unique_reads=32547 stage2_graph_prefetch_issued=23850 stage2_graph_prefetch_hits=23192 stage2_graph_prefetch_wasted=658 stage2_graph_prefetch_promotion_ratio=0.972411 stage2_graph_issue_width_current=16 stage2_vector_read_waves=6069 avg_stage2_scores_per_vector_wave=379.275169 stage2_vector_unique_reads=2119478 stage2_home_rpc_batches=12588 stage2_home_rpc_items=1618422 avg_stage2_home_rpc_batch=128.568637 stage2_home_score_rpc_batches=6214 stage2_home_score_rpc_items=1585875 stage2_home_score_rpc_queries=47675 stage2_home_score_rpc_request_bytes=43126772 stage2_home_score_rpc_response_bytes=50996560 avg_stage2_home_score_queries_per_rpc=7.672192 avg_stage2_home_score_rpc_batch=255.210010 stage2_home_scored_neighbors=1768215 home_scores_per_expansion=1.092555 stage2_migrations=260 home_match_rate=0.078014 stage2_final_edges=10274 stage2_cross_edges_stage1_home=8953 stage2_cross_edges_final_home=7201 cross_edge_reduction_ratio=0.195689 failed=0 rpc_timeouts=0 reverse_aggregate_batches=0 reverse_aggregate_logical_requests=0 reverse_aggregate_ops=0 avg_reverse_aggregate_logicals=0.000000 avg_reverse_aggregate_ops=0.000000 max_backlog=282 admission_window=65536 completion_outstanding=0 completion_incomplete=0 completed_behind_hole=0 completion_logical_full_failures=0 completion_physical_full_failures=0 pressure_yields=45493 stage2_batches=36 avg_stage2_batch_size=7.833333 packing_target_batch=8 packing_admit_queue_avg=142.000000 packing_admit_queue_max=282 packing_batch_1_7=1 packing_batch_8=35 packing_assembly_batches=36 packing_assembly_wait_ms=542372.778611 packing_arrival_interval_us=1799 packing_waited_batches=1 packing_wait_ms=12.593000 packing_target_flushes=35 packing_deadline_flushes=1 packing_cleanup_flushes=0 stage2_phase_search_attempts=36 stage2_phase_search_task_attempts=282 stage2_phase_search_elapsed_ms=26941.572654 avg_stage2_phase_search_us_per_task=95537.491681 stage2_phase_freeze_prune_attempts=38 stage2_phase_freeze_prune_task_attempts=298 stage2_phase_freeze_prune_elapsed_ms=774.350533 avg_stage2_phase_freeze_prune_us_per_task=2598.491721 stage2_phase_reverse_prepare_attempts=36 stage2_phase_reverse_prepare_task_attempts=282 stage2_phase_reverse_prepare_elapsed_ms=4815.482323 avg_stage2_phase_reverse_prepare_us_per_task=17076.178450 stage2_phase_placement_authority_attempts=36 stage2_phase_placement_authority_task_attempts=282 stage2_phase_placement_authority_elapsed_ms=1817.211761 avg_stage2_phase_placement_authority_us_per_task=6444.013337 stage2_phase_completion_handoff_attempts=36 stage2_phase_completion_handoff_task_attempts=282 stage2_phase_completion_handoff_elapsed_ms=0.076912 avg_stage2_phase_completion_handoff_us_per_task=0.272738 stage2_phase_finalize_attempts=36 stage2_phase_finalize_task_attempts=282 stage2_phase_finalize_elapsed_ms=0.637244 avg_stage2_phase_finalize_us_per_task=2.259730 maintenance_worker_idle_waits=67072 maintenance_worker_idle_ms=229285.128861 maintenance_lost_wake_avoided=25627 maintenance_targeted_wakes=262449 maintenance_generic_wakes=153 maintenance_broadcast_wakes=0 maintenance_context_slots_scanned=889936 maintenance_ready_notifications=19743 maintenance_ready_stale_notifications=0 maintenance_ready_tickets_drained=13314 maintenance_ready_overflow_scans=0 maintenance_ready_fallback_scans=55837 stage2_search_lane_lease_limit=32 stage2_search_lane_lease_peak=32 stage2_search_lane_lease_blocked=0 maintenance_worker_observed_idle_ratio=0.954439 maintenance_worker_observed_busy_ratio=0.045561 physical_stage1_items=282 physical_stage1_total_ns=1568558919 physical_stage1_search_ns=1453707965 physical_stage1_prune_ns=58722685 physical_stage1_allocate_write_ns=50144306 physical_stage1_backlink_ns=5395308 physical_stage1_candidates=36092 physical_stage1_remote_frontier_items=1571626 physical_stage1_neighbors=10664 peer_stage1_enqueued=236 peer_stage1_processed=236 peer_stage1_items=434 avg_peer_stage1_items=1.838983 peer_stage1_rate_per_sec=14.452802 peer_stage1_max_queue=37 peer_stage1_active_workers=0 peer_stage2_home_enqueued=8810 peer_stage2_home_processed=8810 peer_stage2_home_items=1140591 avg_peer_stage2_home_items=129.465494 peer_stage2_home_max_queue=7 peer_stage2_home_response_queue_drops=0 peer_stage2_home_response_send_wait_ms=97.176714 avg_peer_stage2_home_queue_wait_us=42.047846 avg_peer_stage2_home_execution_us=75.509490 peer_stage1_release_deferred_batches=0 peer_stage1_release_deferred_items=0 peer_stage1_duplicate_retry_responses=0 peer_stage1_admission_retry_responses=0 peer_stage1_retry_response_drops=0 peer_stage1_admission_waiters=0 peer_stage1_admission_waiter_items=0 peer_stage1_admission_owned_items=0 peer_stage1_admission_wake_coverage=0 peer_stage1_admission_parked=0 peer_stage1_admission_woken=0 peer_stage1_admission_reparked=0 peer_stage1_max_admission_waiters=0 peer_stage1_duplicate_coalesced=0 peer_reverse_enqueued=169 peer_reverse_processed=169 peer_reverse_remaining=0 peer_reverse_items_enqueued=5859 peer_reverse_items_processed=5859 peer_reverse_rate_per_sec=195.112823 peer_reverse_failed=2 peer_reverse_max_queue=9 reclaim_pending=209 reclaim_reused=51 dynamic_high_watermark=19600370336 stage2_remaining=0 cleanup_remaining=0 active_contexts=0 active_context_limit=32 repair_remaining=0 remaining=0
[STATUS]: storage-owner maintenance observation: enqueued=282 stage2_enqueued=282 cleanup_enqueued=0 stage2_tasks_done=282 stage2_finalized_live=282 cleanup_processed=0 stale=0 stage2_completion_ratio=1.000000 live_stage2_completion_ratio=1.000000 avg_stage2_delay_ms=16027.175863 p99_stage2_delay_upper_ms=30000.000000 p99_stage2_delay_over_30s=false stage2_delay_histogram=0,0,0,0,0,0,0,0,0,0,0,0,0,0,0,95,187,0 max_stage2_delay_ms=16213.789716 compaction_batch_target=32 compaction_max_delay_ms=25.000000 stage2_rate_per_sec=8.049703 stage1_search_budget_exhausted=0 stage2_search_budget_exhausted=0 stage2_continuations=282 stage2_remote_frontier_items=1571626 avg_stage2_remote_frontier=5573.141844 stage2_remote_expansions=31889 avg_stage2_remote_expansions=113.081560 stage2_scored_candidates=2301821 avg_stage2_scored_candidates=8162.485816 stage2_graph_read_waves=4104 avg_stage2_expansions_per_graph_wave=7.770224 stage2_graph_unique_reads=32547 stage2_graph_prefetch_issued=23850 stage2_graph_prefetch_hits=23192 stage2_graph_prefetch_wasted=658 stage2_graph_prefetch_promotion_ratio=0.972411 stage2_graph_issue_width_current=16 stage2_vector_read_waves=6069 avg_stage2_scores_per_vector_wave=379.275169 stage2_vector_unique_reads=2119478 stage2_home_rpc_batches=12588 stage2_home_rpc_items=1618422 avg_stage2_home_rpc_batch=128.568637 stage2_home_score_rpc_batches=6214 stage2_home_score_rpc_items=1585875 stage2_home_score_rpc_queries=47675 stage2_home_score_rpc_request_bytes=43126772 stage2_home_score_rpc_response_bytes=50996560 avg_stage2_home_score_queries_per_rpc=7.672192 avg_stage2_home_score_rpc_batch=255.210010 stage2_home_scored_neighbors=1768215 home_scores_per_expansion=1.092555 stage2_migrations=260 home_match_rate=0.078014 stage2_final_edges=10274 stage2_cross_edges_stage1_home=8953 stage2_cross_edges_final_home=7201 cross_edge_reduction_ratio=0.195689 failed=0 rpc_timeouts=0 reverse_aggregate_batches=0 reverse_aggregate_logical_requests=0 reverse_aggregate_ops=0 avg_reverse_aggregate_logicals=0.000000 avg_reverse_aggregate_ops=0.000000 max_backlog=282 admission_window=65536 completion_outstanding=0 completion_incomplete=0 completed_behind_hole=0 completion_logical_full_failures=0 completion_physical_full_failures=0 pressure_yields=45493 stage2_batches=36 avg_stage2_batch_size=7.833333 packing_target_batch=8 packing_admit_queue_avg=142.000000 packing_admit_queue_max=282 packing_batch_1_7=1 packing_batch_8=35 packing_assembly_batches=36 packing_assembly_wait_ms=542372.778611 packing_arrival_interval_us=1799 packing_waited_batches=1 packing_wait_ms=12.593000 packing_target_flushes=35 packing_deadline_flushes=1 packing_cleanup_flushes=0 stage2_phase_search_attempts=36 stage2_phase_search_task_attempts=282 stage2_phase_search_elapsed_ms=26941.572654 avg_stage2_phase_search_us_per_task=95537.491681 stage2_phase_freeze_prune_attempts=38 stage2_phase_freeze_prune_task_attempts=298 stage2_phase_freeze_prune_elapsed_ms=774.350533 avg_stage2_phase_freeze_prune_us_per_task=2598.491721 stage2_phase_reverse_prepare_attempts=36 stage2_phase_reverse_prepare_task_attempts=282 stage2_phase_reverse_prepare_elapsed_ms=4815.482323 avg_stage2_phase_reverse_prepare_us_per_task=17076.178450 stage2_phase_placement_authority_attempts=36 stage2_phase_placement_authority_task_attempts=282 stage2_phase_placement_authority_elapsed_ms=1817.211761 avg_stage2_phase_placement_authority_us_per_task=6444.013337 stage2_phase_completion_handoff_attempts=36 stage2_phase_completion_handoff_task_attempts=282 stage2_phase_completion_handoff_elapsed_ms=0.076912 avg_stage2_phase_completion_handoff_us_per_task=0.272738 stage2_phase_finalize_attempts=36 stage2_phase_finalize_task_attempts=282 stage2_phase_finalize_elapsed_ms=0.637244 avg_stage2_phase_finalize_us_per_task=2.259730 maintenance_worker_idle_waits=70976 maintenance_worker_idle_ms=268564.617738 maintenance_lost_wake_avoided=25627 maintenance_targeted_wakes=262449 maintenance_generic_wakes=153 maintenance_broadcast_wakes=0 maintenance_context_slots_scanned=952400 maintenance_ready_notifications=19743 maintenance_ready_stale_notifications=0 maintenance_ready_tickets_drained=13314 maintenance_ready_overflow_scans=0 maintenance_ready_fallback_scans=59814 stage2_search_lane_lease_limit=32 stage2_search_lane_lease_peak=32 stage2_search_lane_lease_blocked=0 maintenance_worker_observed_idle_ratio=0.958274 maintenance_worker_observed_busy_ratio=0.041726 physical_stage1_items=282 physical_stage1_total_ns=1568558919 physical_stage1_search_ns=1453707965 physical_stage1_prune_ns=58722685 physical_stage1_allocate_write_ns=50144306 physical_stage1_backlink_ns=5395308 physical_stage1_candidates=36092 physical_stage1_remote_frontier_items=1571626 physical_stage1_neighbors=10664 peer_stage1_enqueued=236 peer_stage1_processed=236 peer_stage1_items=434 avg_peer_stage1_items=1.838983 peer_stage1_rate_per_sec=12.388550 peer_stage1_max_queue=37 peer_stage1_active_workers=0 peer_stage2_home_enqueued=8810 peer_stage2_home_processed=8810 peer_stage2_home_items=1140591 avg_peer_stage2_home_items=129.465494 peer_stage2_home_max_queue=7 peer_stage2_home_response_queue_drops=0 peer_stage2_home_response_send_wait_ms=97.176714 avg_peer_stage2_home_queue_wait_us=42.047846 avg_peer_stage2_home_execution_us=75.509490 peer_stage1_release_deferred_batches=0 peer_stage1_release_deferred_items=0 peer_stage1_duplicate_retry_responses=0 peer_stage1_admission_retry_responses=0 peer_stage1_retry_response_drops=0 peer_stage1_admission_waiters=0 peer_stage1_admission_waiter_items=0 peer_stage1_admission_owned_items=0 peer_stage1_admission_wake_coverage=0 peer_stage1_admission_parked=0 peer_stage1_admission_woken=0 peer_stage1_admission_reparked=0 peer_stage1_max_admission_waiters=0 peer_stage1_duplicate_coalesced=0 peer_reverse_enqueued=169 peer_reverse_processed=169 peer_reverse_remaining=0 peer_reverse_items_enqueued=5859 peer_reverse_items_processed=5859 peer_reverse_rate_per_sec=167.245430 peer_reverse_failed=2 peer_reverse_max_queue=9 reclaim_pending=209 reclaim_reused=51 dynamic_high_watermark=19600370336 stage2_remaining=0 cleanup_remaining=0 active_contexts=0 active_context_limit=32 repair_remaining=0 remaining=0
[STATUS]: storage-owner maintenance observation: enqueued=282 stage2_enqueued=282 cleanup_enqueued=0 stage2_tasks_done=282 stage2_finalized_live=282 cleanup_processed=0 stale=0 stage2_completion_ratio=1.000000 live_stage2_completion_ratio=1.000000 avg_stage2_delay_ms=16027.175863 p99_stage2_delay_upper_ms=30000.000000 p99_stage2_delay_over_30s=false stage2_delay_histogram=0,0,0,0,0,0,0,0,0,0,0,0,0,0,0,95,187,0 max_stage2_delay_ms=16213.789716 compaction_batch_target=32 compaction_max_delay_ms=25.000000 stage2_rate_per_sec=7.043918 stage1_search_budget_exhausted=0 stage2_search_budget_exhausted=0 stage2_continuations=282 stage2_remote_frontier_items=1571626 avg_stage2_remote_frontier=5573.141844 stage2_remote_expansions=31889 avg_stage2_remote_expansions=113.081560 stage2_scored_candidates=2301821 avg_stage2_scored_candidates=8162.485816 stage2_graph_read_waves=4104 avg_stage2_expansions_per_graph_wave=7.770224 stage2_graph_unique_reads=32547 stage2_graph_prefetch_issued=23850 stage2_graph_prefetch_hits=23192 stage2_graph_prefetch_wasted=658 stage2_graph_prefetch_promotion_ratio=0.972411 stage2_graph_issue_width_current=16 stage2_vector_read_waves=6069 avg_stage2_scores_per_vector_wave=379.275169 stage2_vector_unique_reads=2119478 stage2_home_rpc_batches=12588 stage2_home_rpc_items=1618422 avg_stage2_home_rpc_batch=128.568637 stage2_home_score_rpc_batches=6214 stage2_home_score_rpc_items=1585875 stage2_home_score_rpc_queries=47675 stage2_home_score_rpc_request_bytes=43126772 stage2_home_score_rpc_response_bytes=50996560 avg_stage2_home_score_queries_per_rpc=7.672192 avg_stage2_home_score_rpc_batch=255.210010 stage2_home_scored_neighbors=1768215 home_scores_per_expansion=1.092555 stage2_migrations=260 home_match_rate=0.078014 stage2_final_edges=10274 stage2_cross_edges_stage1_home=8953 stage2_cross_edges_final_home=7201 cross_edge_reduction_ratio=0.195689 failed=0 rpc_timeouts=0 reverse_aggregate_batches=0 reverse_aggregate_logical_requests=0 reverse_aggregate_ops=0 avg_reverse_aggregate_logicals=0.000000 avg_reverse_aggregate_ops=0.000000 max_backlog=282 admission_window=65536 completion_outstanding=0 completion_incomplete=0 completed_behind_hole=0 completion_logical_full_failures=0 completion_physical_full_failures=0 pressure_yields=45493 stage2_batches=36 avg_stage2_batch_size=7.833333 packing_target_batch=8 packing_admit_queue_avg=142.000000 packing_admit_queue_max=282 packing_batch_1_7=1 packing_batch_8=35 packing_assembly_batches=36 packing_assembly_wait_ms=542372.778611 packing_arrival_interval_us=1799 packing_waited_batches=1 packing_wait_ms=12.593000 packing_target_flushes=35 packing_deadline_flushes=1 packing_cleanup_flushes=0 stage2_phase_search_attempts=36 stage2_phase_search_task_attempts=282 stage2_phase_search_elapsed_ms=26941.572654 avg_stage2_phase_search_us_per_task=95537.491681 stage2_phase_freeze_prune_attempts=38 stage2_phase_freeze_prune_task_attempts=298 stage2_phase_freeze_prune_elapsed_ms=774.350533 avg_stage2_phase_freeze_prune_us_per_task=2598.491721 stage2_phase_reverse_prepare_attempts=36 stage2_phase_reverse_prepare_task_attempts=282 stage2_phase_reverse_prepare_elapsed_ms=4815.482323 avg_stage2_phase_reverse_prepare_us_per_task=17076.178450 stage2_phase_placement_authority_attempts=36 stage2_phase_placement_authority_task_attempts=282 stage2_phase_placement_authority_elapsed_ms=1817.211761 avg_stage2_phase_placement_authority_us_per_task=6444.013337 stage2_phase_completion_handoff_attempts=36 stage2_phase_completion_handoff_task_attempts=282 stage2_phase_completion_handoff_elapsed_ms=0.076912 avg_stage2_phase_completion_handoff_us_per_task=0.272738 stage2_phase_finalize_attempts=36 stage2_phase_finalize_task_attempts=282 stage2_phase_finalize_elapsed_ms=0.637244 avg_stage2_phase_finalize_us_per_task=2.259730 maintenance_worker_idle_waits=75008 maintenance_worker_idle_ms=309134.357799 maintenance_lost_wake_avoided=25627 maintenance_targeted_wakes=262449 maintenance_generic_wakes=153 maintenance_broadcast_wakes=0 maintenance_context_slots_scanned=1016912 maintenance_ready_notifications=19743 maintenance_ready_stale_notifications=0 maintenance_ready_tickets_drained=13314 maintenance_ready_overflow_scans=0 maintenance_ready_fallback_scans=63789 stage2_search_lane_lease_limit=32 stage2_search_lane_lease_peak=32 stage2_search_lane_lease_blocked=0 maintenance_worker_observed_idle_ratio=0.965211 maintenance_worker_observed_busy_ratio=0.034789 physical_stage1_items=282 physical_stage1_total_ns=1568558919 physical_stage1_search_ns=1453707965 physical_stage1_prune_ns=58722685 physical_stage1_allocate_write_ns=50144306 physical_stage1_backlink_ns=5395308 physical_stage1_candidates=36092 physical_stage1_remote_frontier_items=1571626 physical_stage1_neighbors=10664 peer_stage1_enqueued=236 peer_stage1_processed=236 peer_stage1_items=434 avg_peer_stage1_items=1.838983 peer_stage1_rate_per_sec=10.840639 peer_stage1_max_queue=37 peer_stage1_active_workers=0 peer_stage2_home_enqueued=8810 peer_stage2_home_processed=8810 peer_stage2_home_items=1140591 avg_peer_stage2_home_items=129.465494 peer_stage2_home_max_queue=7 peer_stage2_home_response_queue_drops=0 peer_stage2_home_response_send_wait_ms=97.176714 avg_peer_stage2_home_queue_wait_us=42.047846 avg_peer_stage2_home_execution_us=75.509490 peer_stage1_release_deferred_batches=0 peer_stage1_release_deferred_items=0 peer_stage1_duplicate_retry_responses=0 peer_stage1_admission_retry_responses=0 peer_stage1_retry_response_drops=0 peer_stage1_admission_waiters=0 peer_stage1_admission_waiter_items=0 peer_stage1_admission_owned_items=0 peer_stage1_admission_wake_coverage=0 peer_stage1_admission_parked=0 peer_stage1_admission_woken=0 peer_stage1_admission_reparked=0 peer_stage1_max_admission_waiters=0 peer_stage1_duplicate_coalesced=0 peer_reverse_enqueued=169 peer_reverse_processed=169 peer_reverse_remaining=0 peer_reverse_items_enqueued=5859 peer_reverse_items_processed=5859 peer_reverse_rate_per_sec=146.348631 peer_reverse_failed=2 peer_reverse_max_queue=9 reclaim_pending=209 reclaim_reused=51 dynamic_high_watermark=19600370336 stage2_remaining=0 cleanup_remaining=0 active_contexts=0 active_context_limit=32 repair_remaining=0 remaining=0
[STATUS]: storage-owner maintenance observation: enqueued=282 stage2_enqueued=282 cleanup_enqueued=0 stage2_tasks_done=282 stage2_finalized_live=282 cleanup_processed=0 stale=0 stage2_completion_ratio=1.000000 live_stage2_completion_ratio=1.000000 avg_stage2_delay_ms=16027.175863 p99_stage2_delay_upper_ms=30000.000000 p99_stage2_delay_over_30s=false stage2_delay_histogram=0,0,0,0,0,0,0,0,0,0,0,0,0,0,0,95,187,0 max_stage2_delay_ms=16213.789716 compaction_batch_target=32 compaction_max_delay_ms=25.000000 stage2_rate_per_sec=6.261821 stage1_search_budget_exhausted=0 stage2_search_budget_exhausted=0 stage2_continuations=282 stage2_remote_frontier_items=1571626 avg_stage2_remote_frontier=5573.141844 stage2_remote_expansions=31889 avg_stage2_remote_expansions=113.081560 stage2_scored_candidates=2301821 avg_stage2_scored_candidates=8162.485816 stage2_graph_read_waves=4104 avg_stage2_expansions_per_graph_wave=7.770224 stage2_graph_unique_reads=32547 stage2_graph_prefetch_issued=23850 stage2_graph_prefetch_hits=23192 stage2_graph_prefetch_wasted=658 stage2_graph_prefetch_promotion_ratio=0.972411 stage2_graph_issue_width_current=16 stage2_vector_read_waves=6069 avg_stage2_scores_per_vector_wave=379.275169 stage2_vector_unique_reads=2119478 stage2_home_rpc_batches=12588 stage2_home_rpc_items=1618422 avg_stage2_home_rpc_batch=128.568637 stage2_home_score_rpc_batches=6214 stage2_home_score_rpc_items=1585875 stage2_home_score_rpc_queries=47675 stage2_home_score_rpc_request_bytes=43126772 stage2_home_score_rpc_response_bytes=50996560 avg_stage2_home_score_queries_per_rpc=7.672192 avg_stage2_home_score_rpc_batch=255.210010 stage2_home_scored_neighbors=1768215 home_scores_per_expansion=1.092555 stage2_migrations=260 home_match_rate=0.078014 stage2_final_edges=10274 stage2_cross_edges_stage1_home=8953 stage2_cross_edges_final_home=7201 cross_edge_reduction_ratio=0.195689 failed=0 rpc_timeouts=0 reverse_aggregate_batches=0 reverse_aggregate_logical_requests=0 reverse_aggregate_ops=0 avg_reverse_aggregate_logicals=0.000000 avg_reverse_aggregate_ops=0.000000 max_backlog=282 admission_window=65536 completion_outstanding=0 completion_incomplete=0 completed_behind_hole=0 completion_logical_full_failures=0 completion_physical_full_failures=0 pressure_yields=45493 stage2_batches=36 avg_stage2_batch_size=7.833333 packing_target_batch=8 packing_admit_queue_avg=142.000000 packing_admit_queue_max=282 packing_batch_1_7=1 packing_batch_8=35 packing_assembly_batches=36 packing_assembly_wait_ms=542372.778611 packing_arrival_interval_us=1799 packing_waited_batches=1 packing_wait_ms=12.593000 packing_target_flushes=35 packing_deadline_flushes=1 packing_cleanup_flushes=0 stage2_phase_search_attempts=36 stage2_phase_search_task_attempts=282 stage2_phase_search_elapsed_ms=26941.572654 avg_stage2_phase_search_us_per_task=95537.491681 stage2_phase_freeze_prune_attempts=38 stage2_phase_freeze_prune_task_attempts=298 stage2_phase_freeze_prune_elapsed_ms=774.350533 avg_stage2_phase_freeze_prune_us_per_task=2598.491721 stage2_phase_reverse_prepare_attempts=36 stage2_phase_reverse_prepare_task_attempts=282 stage2_phase_reverse_prepare_elapsed_ms=4815.482323 avg_stage2_phase_reverse_prepare_us_per_task=17076.178450 stage2_phase_placement_authority_attempts=36 stage2_phase_placement_authority_task_attempts=282 stage2_phase_placement_authority_elapsed_ms=1817.211761 avg_stage2_phase_placement_authority_us_per_task=6444.013337 stage2_phase_completion_handoff_attempts=36 stage2_phase_completion_handoff_task_attempts=282 stage2_phase_completion_handoff_elapsed_ms=0.076912 avg_stage2_phase_completion_handoff_us_per_task=0.272738 stage2_phase_finalize_attempts=36 stage2_phase_finalize_task_attempts=282 stage2_phase_finalize_elapsed_ms=0.637244 avg_stage2_phase_finalize_us_per_task=2.259730 maintenance_worker_idle_waits=78976 maintenance_worker_idle_ms=349056.455402 maintenance_lost_wake_avoided=25627 maintenance_targeted_wakes=262449 maintenance_generic_wakes=153 maintenance_broadcast_wakes=0 maintenance_context_slots_scanned=1080400 maintenance_ready_notifications=19743 maintenance_ready_stale_notifications=0 maintenance_ready_tickets_drained=13314 maintenance_ready_overflow_scans=0 maintenance_ready_fallback_scans=67765 stage2_search_lane_lease_limit=32 stage2_search_lane_lease_peak=32 stage2_search_lane_lease_blocked=0 maintenance_worker_observed_idle_ratio=0.968851 maintenance_worker_observed_busy_ratio=0.031149 physical_stage1_items=282 physical_stage1_total_ns=1568558919 physical_stage1_search_ns=1453707965 physical_stage1_prune_ns=58722685 physical_stage1_allocate_write_ns=50144306 physical_stage1_backlink_ns=5395308 physical_stage1_candidates=36092 physical_stage1_remote_frontier_items=1571626 physical_stage1_neighbors=10664 peer_stage1_enqueued=236 peer_stage1_processed=236 peer_stage1_items=434 avg_peer_stage1_items=1.838983 peer_stage1_rate_per_sec=9.636986 peer_stage1_max_queue=37 peer_stage1_active_workers=0 peer_stage2_home_enqueued=8810 peer_stage2_home_processed=8810 peer_stage2_home_items=1140591 avg_peer_stage2_home_items=129.465494 peer_stage2_home_max_queue=7 peer_stage2_home_response_queue_drops=0 peer_stage2_home_response_send_wait_ms=97.176714 avg_peer_stage2_home_queue_wait_us=42.047846 avg_peer_stage2_home_execution_us=75.509490 peer_stage1_release_deferred_batches=0 peer_stage1_release_deferred_items=0 peer_stage1_duplicate_retry_responses=0 peer_stage1_admission_retry_responses=0 peer_stage1_retry_response_drops=0 peer_stage1_admission_waiters=0 peer_stage1_admission_waiter_items=0 peer_stage1_admission_owned_items=0 peer_stage1_admission_wake_coverage=0 peer_stage1_admission_parked=0 peer_stage1_admission_woken=0 peer_stage1_admission_reparked=0 peer_stage1_max_admission_waiters=0 peer_stage1_duplicate_coalesced=0 peer_reverse_enqueued=169 peer_reverse_processed=169 peer_reverse_remaining=0 peer_reverse_items_enqueued=5859 peer_reverse_items_processed=5859 peer_reverse_rate_per_sec=130.099314 peer_reverse_failed=2 peer_reverse_max_queue=9 reclaim_pending=209 reclaim_reused=51 dynamic_high_watermark=19600370336 stage2_remaining=0 cleanup_remaining=0 active_contexts=0 active_context_limit=32 repair_remaining=0 remaining=0
[STATUS]: storage-owner maintenance observation: enqueued=282 stage2_enqueued=282 cleanup_enqueued=0 stage2_tasks_done=282 stage2_finalized_live=282 cleanup_processed=0 stale=0 stage2_completion_ratio=1.000000 live_stage2_completion_ratio=1.000000 avg_stage2_delay_ms=16027.175863 p99_stage2_delay_upper_ms=30000.000000 p99_stage2_delay_over_30s=false stage2_delay_histogram=0,0,0,0,0,0,0,0,0,0,0,0,0,0,0,95,187,0 max_stage2_delay_ms=16213.789716 compaction_batch_target=32 compaction_max_delay_ms=25.000000 stage2_rate_per_sec=5.635941 stage1_search_budget_exhausted=0 stage2_search_budget_exhausted=0 stage2_continuations=282 stage2_remote_frontier_items=1571626 avg_stage2_remote_frontier=5573.141844 stage2_remote_expansions=31889 avg_stage2_remote_expansions=113.081560 stage2_scored_candidates=2301821 avg_stage2_scored_candidates=8162.485816 stage2_graph_read_waves=4104 avg_stage2_expansions_per_graph_wave=7.770224 stage2_graph_unique_reads=32547 stage2_graph_prefetch_issued=23850 stage2_graph_prefetch_hits=23192 stage2_graph_prefetch_wasted=658 stage2_graph_prefetch_promotion_ratio=0.972411 stage2_graph_issue_width_current=16 stage2_vector_read_waves=6069 avg_stage2_scores_per_vector_wave=379.275169 stage2_vector_unique_reads=2119478 stage2_home_rpc_batches=12588 stage2_home_rpc_items=1618422 avg_stage2_home_rpc_batch=128.568637 stage2_home_score_rpc_batches=6214 stage2_home_score_rpc_items=1585875 stage2_home_score_rpc_queries=47675 stage2_home_score_rpc_request_bytes=43126772 stage2_home_score_rpc_response_bytes=50996560 avg_stage2_home_score_queries_per_rpc=7.672192 avg_stage2_home_score_rpc_batch=255.210010 stage2_home_scored_neighbors=1768215 home_scores_per_expansion=1.092555 stage2_migrations=260 home_match_rate=0.078014 stage2_final_edges=10274 stage2_cross_edges_stage1_home=8953 stage2_cross_edges_final_home=7201 cross_edge_reduction_ratio=0.195689 failed=0 rpc_timeouts=0 reverse_aggregate_batches=0 reverse_aggregate_logical_requests=0 reverse_aggregate_ops=0 avg_reverse_aggregate_logicals=0.000000 avg_reverse_aggregate_ops=0.000000 max_backlog=282 admission_window=65536 completion_outstanding=0 completion_incomplete=0 completed_behind_hole=0 completion_logical_full_failures=0 completion_physical_full_failures=0 pressure_yields=45493 stage2_batches=36 avg_stage2_batch_size=7.833333 packing_target_batch=8 packing_admit_queue_avg=142.000000 packing_admit_queue_max=282 packing_batch_1_7=1 packing_batch_8=35 packing_assembly_batches=36 packing_assembly_wait_ms=542372.778611 packing_arrival_interval_us=1799 packing_waited_batches=1 packing_wait_ms=12.593000 packing_target_flushes=35 packing_deadline_flushes=1 packing_cleanup_flushes=0 stage2_phase_search_attempts=36 stage2_phase_search_task_attempts=282 stage2_phase_search_elapsed_ms=26941.572654 avg_stage2_phase_search_us_per_task=95537.491681 stage2_phase_freeze_prune_attempts=38 stage2_phase_freeze_prune_task_attempts=298 stage2_phase_freeze_prune_elapsed_ms=774.350533 avg_stage2_phase_freeze_prune_us_per_task=2598.491721 stage2_phase_reverse_prepare_attempts=36 stage2_phase_reverse_prepare_task_attempts=282 stage2_phase_reverse_prepare_elapsed_ms=4815.482323 avg_stage2_phase_reverse_prepare_us_per_task=17076.178450 stage2_phase_placement_authority_attempts=36 stage2_phase_placement_authority_task_attempts=282 stage2_phase_placement_authority_elapsed_ms=1817.211761 avg_stage2_phase_placement_authority_us_per_task=6444.013337 stage2_phase_completion_handoff_attempts=36 stage2_phase_completion_handoff_task_attempts=282 stage2_phase_completion_handoff_elapsed_ms=0.076912 avg_stage2_phase_completion_handoff_us_per_task=0.272738 stage2_phase_finalize_attempts=36 stage2_phase_finalize_task_attempts=282 stage2_phase_finalize_elapsed_ms=0.637244 avg_stage2_phase_finalize_us_per_task=2.259730 maintenance_worker_idle_waits=82944 maintenance_worker_idle_ms=388989.947303 maintenance_lost_wake_avoided=25627 maintenance_targeted_wakes=262449 maintenance_generic_wakes=153 maintenance_broadcast_wakes=0 maintenance_context_slots_scanned=1143888 maintenance_ready_notifications=19743 maintenance_ready_stale_notifications=0 maintenance_ready_tickets_drained=13314 maintenance_ready_overflow_scans=0 maintenance_ready_fallback_scans=71740 stage2_search_lane_lease_limit=32 stage2_search_lane_lease_peak=32 stage2_search_lane_lease_blocked=0 maintenance_worker_observed_idle_ratio=0.971775 maintenance_worker_observed_busy_ratio=0.028225 physical_stage1_items=282 physical_stage1_total_ns=1568558919 physical_stage1_search_ns=1453707965 physical_stage1_prune_ns=58722685 physical_stage1_allocate_write_ns=50144306 physical_stage1_backlink_ns=5395308 physical_stage1_candidates=36092 physical_stage1_remote_frontier_items=1571626 physical_stage1_neighbors=10664 peer_stage1_enqueued=236 peer_stage1_processed=236 peer_stage1_items=434 avg_peer_stage1_items=1.838983 peer_stage1_rate_per_sec=8.673753 peer_stage1_max_queue=37 peer_stage1_active_workers=0 peer_stage2_home_enqueued=8810 peer_stage2_home_processed=8810 peer_stage2_home_items=1140591 avg_peer_stage2_home_items=129.465494 peer_stage2_home_max_queue=7 peer_stage2_home_response_queue_drops=0 peer_stage2_home_response_send_wait_ms=97.176714 avg_peer_stage2_home_queue_wait_us=42.047846 avg_peer_stage2_home_execution_us=75.509490 peer_stage1_release_deferred_batches=0 peer_stage1_release_deferred_items=0 peer_stage1_duplicate_retry_responses=0 peer_stage1_admission_retry_responses=0 peer_stage1_retry_response_drops=0 peer_stage1_admission_waiters=0 peer_stage1_admission_waiter_items=0 peer_stage1_admission_owned_items=0 peer_stage1_admission_wake_coverage=0 peer_stage1_admission_parked=0 peer_stage1_admission_woken=0 peer_stage1_admission_reparked=0 peer_stage1_max_admission_waiters=0 peer_stage1_duplicate_coalesced=0 peer_reverse_enqueued=169 peer_reverse_processed=169 peer_reverse_remaining=0 peer_reverse_items_enqueued=5859 peer_reverse_items_processed=5859 peer_reverse_rate_per_sec=117.095670 peer_reverse_failed=2 peer_reverse_max_queue=9 reclaim_pending=209 reclaim_reused=51 dynamic_high_watermark=19600370336 stage2_remaining=0 cleanup_remaining=0 active_contexts=0 active_context_limit=32 repair_remaining=0 remaining=0
[STATUS]: storage-owner maintenance observation: enqueued=282 stage2_enqueued=282 cleanup_enqueued=0 stage2_tasks_done=282 stage2_finalized_live=282 cleanup_processed=0 stale=0 stage2_completion_ratio=1.000000 live_stage2_completion_ratio=1.000000 avg_stage2_delay_ms=16027.175863 p99_stage2_delay_upper_ms=30000.000000 p99_stage2_delay_over_30s=false stage2_delay_histogram=0,0,0,0,0,0,0,0,0,0,0,0,0,0,0,95,187,0 max_stage2_delay_ms=16213.789716 compaction_batch_target=32 compaction_max_delay_ms=25.000000 stage2_rate_per_sec=5.123887 stage1_search_budget_exhausted=0 stage2_search_budget_exhausted=0 stage2_continuations=282 stage2_remote_frontier_items=1571626 avg_stage2_remote_frontier=5573.141844 stage2_remote_expansions=31889 avg_stage2_remote_expansions=113.081560 stage2_scored_candidates=2301821 avg_stage2_scored_candidates=8162.485816 stage2_graph_read_waves=4104 avg_stage2_expansions_per_graph_wave=7.770224 stage2_graph_unique_reads=32547 stage2_graph_prefetch_issued=23850 stage2_graph_prefetch_hits=23192 stage2_graph_prefetch_wasted=658 stage2_graph_prefetch_promotion_ratio=0.972411 stage2_graph_issue_width_current=16 stage2_vector_read_waves=6069 avg_stage2_scores_per_vector_wave=379.275169 stage2_vector_unique_reads=2119478 stage2_home_rpc_batches=12588 stage2_home_rpc_items=1618422 avg_stage2_home_rpc_batch=128.568637 stage2_home_score_rpc_batches=6214 stage2_home_score_rpc_items=1585875 stage2_home_score_rpc_queries=47675 stage2_home_score_rpc_request_bytes=43126772 stage2_home_score_rpc_response_bytes=50996560 avg_stage2_home_score_queries_per_rpc=7.672192 avg_stage2_home_score_rpc_batch=255.210010 stage2_home_scored_neighbors=1768215 home_scores_per_expansion=1.092555 stage2_migrations=260 home_match_rate=0.078014 stage2_final_edges=10274 stage2_cross_edges_stage1_home=8953 stage2_cross_edges_final_home=7201 cross_edge_reduction_ratio=0.195689 failed=0 rpc_timeouts=0 reverse_aggregate_batches=0 reverse_aggregate_logical_requests=0 reverse_aggregate_ops=0 avg_reverse_aggregate_logicals=0.000000 avg_reverse_aggregate_ops=0.000000 max_backlog=282 admission_window=65536 completion_outstanding=0 completion_incomplete=0 completed_behind_hole=0 completion_logical_full_failures=0 completion_physical_full_failures=0 pressure_yields=45493 stage2_batches=36 avg_stage2_batch_size=7.833333 packing_target_batch=8 packing_admit_queue_avg=142.000000 packing_admit_queue_max=282 packing_batch_1_7=1 packing_batch_8=35 packing_assembly_batches=36 packing_assembly_wait_ms=542372.778611 packing_arrival_interval_us=1799 packing_waited_batches=1 packing_wait_ms=12.593000 packing_target_flushes=35 packing_deadline_flushes=1 packing_cleanup_flushes=0 stage2_phase_search_attempts=36 stage2_phase_search_task_attempts=282 stage2_phase_search_elapsed_ms=26941.572654 avg_stage2_phase_search_us_per_task=95537.491681 stage2_phase_freeze_prune_attempts=38 stage2_phase_freeze_prune_task_attempts=298 stage2_phase_freeze_prune_elapsed_ms=774.350533 avg_stage2_phase_freeze_prune_us_per_task=2598.491721 stage2_phase_reverse_prepare_attempts=36 stage2_phase_reverse_prepare_task_attempts=282 stage2_phase_reverse_prepare_elapsed_ms=4815.482323 avg_stage2_phase_reverse_prepare_us_per_task=17076.178450 stage2_phase_placement_authority_attempts=36 stage2_phase_placement_authority_task_attempts=282 stage2_phase_placement_authority_elapsed_ms=1817.211761 avg_stage2_phase_placement_authority_us_per_task=6444.013337 stage2_phase_completion_handoff_attempts=36 stage2_phase_completion_handoff_task_attempts=282 stage2_phase_completion_handoff_elapsed_ms=0.076912 avg_stage2_phase_completion_handoff_us_per_task=0.272738 stage2_phase_finalize_attempts=36 stage2_phase_finalize_task_attempts=282 stage2_phase_finalize_elapsed_ms=0.637244 avg_stage2_phase_finalize_us_per_task=2.259730 maintenance_worker_idle_waits=86912 maintenance_worker_idle_ms=428921.392164 maintenance_lost_wake_avoided=25627 maintenance_targeted_wakes=262449 maintenance_generic_wakes=153 maintenance_broadcast_wakes=0 maintenance_context_slots_scanned=1207376 maintenance_ready_notifications=19743 maintenance_ready_stale_notifications=0 maintenance_ready_tickets_drained=13314 maintenance_ready_overflow_scans=0 maintenance_ready_fallback_scans=75715 stage2_search_lane_lease_limit=32 stage2_search_lane_lease_peak=32 stage2_search_lane_lease_blocked=0 maintenance_worker_observed_idle_ratio=0.974178 maintenance_worker_observed_busy_ratio=0.025822 physical_stage1_items=282 physical_stage1_total_ns=1568558919 physical_stage1_search_ns=1453707965 physical_stage1_prune_ns=58722685 physical_stage1_allocate_write_ns=50144306 physical_stage1_backlink_ns=5395308 physical_stage1_candidates=36092 physical_stage1_remote_frontier_items=1571626 physical_stage1_neighbors=10664 peer_stage1_enqueued=236 peer_stage1_processed=236 peer_stage1_items=434 avg_peer_stage1_items=1.838983 peer_stage1_rate_per_sec=7.885699 peer_stage1_max_queue=37 peer_stage1_active_workers=0 peer_stage2_home_enqueued=8810 peer_stage2_home_processed=8810 peer_stage2_home_items=1140591 avg_peer_stage2_home_items=129.465494 peer_stage2_home_max_queue=7 peer_stage2_home_response_queue_drops=0 peer_stage2_home_response_send_wait_ms=97.176714 avg_peer_stage2_home_queue_wait_us=42.047846 avg_peer_stage2_home_execution_us=75.509490 peer_stage1_release_deferred_batches=0 peer_stage1_release_deferred_items=0 peer_stage1_duplicate_retry_responses=0 peer_stage1_admission_retry_responses=0 peer_stage1_retry_response_drops=0 peer_stage1_admission_waiters=0 peer_stage1_admission_waiter_items=0 peer_stage1_admission_owned_items=0 peer_stage1_admission_wake_coverage=0 peer_stage1_admission_parked=0 peer_stage1_admission_woken=0 peer_stage1_admission_reparked=0 peer_stage1_max_admission_waiters=0 peer_stage1_duplicate_coalesced=0 peer_reverse_enqueued=169 peer_reverse_processed=169 peer_reverse_remaining=0 peer_reverse_items_enqueued=5859 peer_reverse_items_processed=5859 peer_reverse_rate_per_sec=106.456930 peer_reverse_failed=2 peer_reverse_max_queue=9 reclaim_pending=209 reclaim_reused=51 dynamic_high_watermark=19600370336 stage2_remaining=0 cleanup_remaining=0 active_contexts=0 active_context_limit=32 repair_remaining=0 remaining=0
[STATUS]: storage-owner maintenance observation: enqueued=282 stage2_enqueued=282 cleanup_enqueued=0 stage2_tasks_done=282 stage2_finalized_live=282 cleanup_processed=0 stale=0 stage2_completion_ratio=1.000000 live_stage2_completion_ratio=1.000000 avg_stage2_delay_ms=16027.175863 p99_stage2_delay_upper_ms=30000.000000 p99_stage2_delay_over_30s=false stage2_delay_histogram=0,0,0,0,0,0,0,0,0,0,0,0,0,0,0,95,187,0 max_stage2_delay_ms=16213.789716 compaction_batch_target=32 compaction_max_delay_ms=25.000000 stage2_rate_per_sec=4.697139 stage1_search_budget_exhausted=0 stage2_search_budget_exhausted=0 stage2_continuations=282 stage2_remote_frontier_items=1571626 avg_stage2_remote_frontier=5573.141844 stage2_remote_expansions=31889 avg_stage2_remote_expansions=113.081560 stage2_scored_candidates=2301821 avg_stage2_scored_candidates=8162.485816 stage2_graph_read_waves=4104 avg_stage2_expansions_per_graph_wave=7.770224 stage2_graph_unique_reads=32547 stage2_graph_prefetch_issued=23850 stage2_graph_prefetch_hits=23192 stage2_graph_prefetch_wasted=658 stage2_graph_prefetch_promotion_ratio=0.972411 stage2_graph_issue_width_current=16 stage2_vector_read_waves=6069 avg_stage2_scores_per_vector_wave=379.275169 stage2_vector_unique_reads=2119478 stage2_home_rpc_batches=12588 stage2_home_rpc_items=1618422 avg_stage2_home_rpc_batch=128.568637 stage2_home_score_rpc_batches=6214 stage2_home_score_rpc_items=1585875 stage2_home_score_rpc_queries=47675 stage2_home_score_rpc_request_bytes=43126772 stage2_home_score_rpc_response_bytes=50996560 avg_stage2_home_score_queries_per_rpc=7.672192 avg_stage2_home_score_rpc_batch=255.210010 stage2_home_scored_neighbors=1768215 home_scores_per_expansion=1.092555 stage2_migrations=260 home_match_rate=0.078014 stage2_final_edges=10274 stage2_cross_edges_stage1_home=8953 stage2_cross_edges_final_home=7201 cross_edge_reduction_ratio=0.195689 failed=0 rpc_timeouts=0 reverse_aggregate_batches=0 reverse_aggregate_logical_requests=0 reverse_aggregate_ops=0 avg_reverse_aggregate_logicals=0.000000 avg_reverse_aggregate_ops=0.000000 max_backlog=282 admission_window=65536 completion_outstanding=0 completion_incomplete=0 completed_behind_hole=0 completion_logical_full_failures=0 completion_physical_full_failures=0 pressure_yields=45493 stage2_batches=36 avg_stage2_batch_size=7.833333 packing_target_batch=8 packing_admit_queue_avg=142.000000 packing_admit_queue_max=282 packing_batch_1_7=1 packing_batch_8=35 packing_assembly_batches=36 packing_assembly_wait_ms=542372.778611 packing_arrival_interval_us=1799 packing_waited_batches=1 packing_wait_ms=12.593000 packing_target_flushes=35 packing_deadline_flushes=1 packing_cleanup_flushes=0 stage2_phase_search_attempts=36 stage2_phase_search_task_attempts=282 stage2_phase_search_elapsed_ms=26941.572654 avg_stage2_phase_search_us_per_task=95537.491681 stage2_phase_freeze_prune_attempts=38 stage2_phase_freeze_prune_task_attempts=298 stage2_phase_freeze_prune_elapsed_ms=774.350533 avg_stage2_phase_freeze_prune_us_per_task=2598.491721 stage2_phase_reverse_prepare_attempts=36 stage2_phase_reverse_prepare_task_attempts=282 stage2_phase_reverse_prepare_elapsed_ms=4815.482323 avg_stage2_phase_reverse_prepare_us_per_task=17076.178450 stage2_phase_placement_authority_attempts=36 stage2_phase_placement_authority_task_attempts=282 stage2_phase_placement_authority_elapsed_ms=1817.211761 avg_stage2_phase_placement_authority_us_per_task=6444.013337 stage2_phase_completion_handoff_attempts=36 stage2_phase_completion_handoff_task_attempts=282 stage2_phase_completion_handoff_elapsed_ms=0.076912 avg_stage2_phase_completion_handoff_us_per_task=0.272738 stage2_phase_finalize_attempts=36 stage2_phase_finalize_task_attempts=282 stage2_phase_finalize_elapsed_ms=0.637244 avg_stage2_phase_finalize_us_per_task=2.259730 maintenance_worker_idle_waits=90880 maintenance_worker_idle_ms=468844.268492 maintenance_lost_wake_avoided=25627 maintenance_targeted_wakes=262449 maintenance_generic_wakes=153 maintenance_broadcast_wakes=0 maintenance_context_slots_scanned=1270864 maintenance_ready_notifications=19743 maintenance_ready_stale_notifications=0 maintenance_ready_tickets_drained=13314 maintenance_ready_overflow_scans=0 maintenance_ready_fallback_scans=79690 stage2_search_lane_lease_limit=32 stage2_search_lane_lease_peak=32 stage2_search_lane_lease_blocked=0 maintenance_worker_observed_idle_ratio=0.976164 maintenance_worker_observed_busy_ratio=0.023836 physical_stage1_items=282 physical_stage1_total_ns=1568558919 physical_stage1_search_ns=1453707965 physical_stage1_prune_ns=58722685 physical_stage1_allocate_write_ns=50144306 physical_stage1_backlink_ns=5395308 physical_stage1_candidates=36092 physical_stage1_remote_frontier_items=1571626 physical_stage1_neighbors=10664 peer_stage1_enqueued=236 peer_stage1_processed=236 peer_stage1_items=434 avg_peer_stage1_items=1.838983 peer_stage1_rate_per_sec=7.228930 peer_stage1_max_queue=37 peer_stage1_active_workers=0 peer_stage2_home_enqueued=8810 peer_stage2_home_processed=8810 peer_stage2_home_items=1140591 avg_peer_stage2_home_items=129.465494 peer_stage2_home_max_queue=7 peer_stage2_home_response_queue_drops=0 peer_stage2_home_response_send_wait_ms=97.176714 avg_peer_stage2_home_queue_wait_us=42.047846 avg_peer_stage2_home_execution_us=75.509490 peer_stage1_release_deferred_batches=0 peer_stage1_release_deferred_items=0 peer_stage1_duplicate_retry_responses=0 peer_stage1_admission_retry_responses=0 peer_stage1_retry_response_drops=0 peer_stage1_admission_waiters=0 peer_stage1_admission_waiter_items=0 peer_stage1_admission_owned_items=0 peer_stage1_admission_wake_coverage=0 peer_stage1_admission_parked=0 peer_stage1_admission_woken=0 peer_stage1_admission_reparked=0 peer_stage1_max_admission_waiters=0 peer_stage1_duplicate_coalesced=0 peer_reverse_enqueued=169 peer_reverse_processed=169 peer_reverse_remaining=0 peer_reverse_items_enqueued=5859 peer_reverse_items_processed=5859 peer_reverse_rate_per_sec=97.590555 peer_reverse_failed=2 peer_reverse_max_queue=9 reclaim_pending=209 reclaim_reused=51 dynamic_high_watermark=19600370336 stage2_remaining=0 cleanup_remaining=0 active_contexts=0 active_context_limit=32 repair_remaining=0 remaining=0
[STATUS]: storage-owner maintenance observation: enqueued=282 stage2_enqueued=282 cleanup_enqueued=0 stage2_tasks_done=282 stage2_finalized_live=282 cleanup_processed=0 stale=0 stage2_completion_ratio=1.000000 live_stage2_completion_ratio=1.000000 avg_stage2_delay_ms=16027.175863 p99_stage2_delay_upper_ms=30000.000000 p99_stage2_delay_over_30s=false stage2_delay_histogram=0,0,0,0,0,0,0,0,0,0,0,0,0,0,0,95,187,0 max_stage2_delay_ms=16213.789716 compaction_batch_target=32 compaction_max_delay_ms=25.000000 stage2_rate_per_sec=4.335992 stage1_search_budget_exhausted=0 stage2_search_budget_exhausted=0 stage2_continuations=282 stage2_remote_frontier_items=1571626 avg_stage2_remote_frontier=5573.141844 stage2_remote_expansions=31889 avg_stage2_remote_expansions=113.081560 stage2_scored_candidates=2301821 avg_stage2_scored_candidates=8162.485816 stage2_graph_read_waves=4104 avg_stage2_expansions_per_graph_wave=7.770224 stage2_graph_unique_reads=32547 stage2_graph_prefetch_issued=23850 stage2_graph_prefetch_hits=23192 stage2_graph_prefetch_wasted=658 stage2_graph_prefetch_promotion_ratio=0.972411 stage2_graph_issue_width_current=16 stage2_vector_read_waves=6069 avg_stage2_scores_per_vector_wave=379.275169 stage2_vector_unique_reads=2119478 stage2_home_rpc_batches=12588 stage2_home_rpc_items=1618422 avg_stage2_home_rpc_batch=128.568637 stage2_home_score_rpc_batches=6214 stage2_home_score_rpc_items=1585875 stage2_home_score_rpc_queries=47675 stage2_home_score_rpc_request_bytes=43126772 stage2_home_score_rpc_response_bytes=50996560 avg_stage2_home_score_queries_per_rpc=7.672192 avg_stage2_home_score_rpc_batch=255.210010 stage2_home_scored_neighbors=1768215 home_scores_per_expansion=1.092555 stage2_migrations=260 home_match_rate=0.078014 stage2_final_edges=10274 stage2_cross_edges_stage1_home=8953 stage2_cross_edges_final_home=7201 cross_edge_reduction_ratio=0.195689 failed=0 rpc_timeouts=0 reverse_aggregate_batches=0 reverse_aggregate_logical_requests=0 reverse_aggregate_ops=0 avg_reverse_aggregate_logicals=0.000000 avg_reverse_aggregate_ops=0.000000 max_backlog=282 admission_window=65536 completion_outstanding=0 completion_incomplete=0 completed_behind_hole=0 completion_logical_full_failures=0 completion_physical_full_failures=0 pressure_yields=45493 stage2_batches=36 avg_stage2_batch_size=7.833333 packing_target_batch=8 packing_admit_queue_avg=142.000000 packing_admit_queue_max=282 packing_batch_1_7=1 packing_batch_8=35 packing_assembly_batches=36 packing_assembly_wait_ms=542372.778611 packing_arrival_interval_us=1799 packing_waited_batches=1 packing_wait_ms=12.593000 packing_target_flushes=35 packing_deadline_flushes=1 packing_cleanup_flushes=0 stage2_phase_search_attempts=36 stage2_phase_search_task_attempts=282 stage2_phase_search_elapsed_ms=26941.572654 avg_stage2_phase_search_us_per_task=95537.491681 stage2_phase_freeze_prune_attempts=38 stage2_phase_freeze_prune_task_attempts=298 stage2_phase_freeze_prune_elapsed_ms=774.350533 avg_stage2_phase_freeze_prune_us_per_task=2598.491721 stage2_phase_reverse_prepare_attempts=36 stage2_phase_reverse_prepare_task_attempts=282 stage2_phase_reverse_prepare_elapsed_ms=4815.482323 avg_stage2_phase_reverse_prepare_us_per_task=17076.178450 stage2_phase_placement_authority_attempts=36 stage2_phase_placement_authority_task_attempts=282 stage2_phase_placement_authority_elapsed_ms=1817.211761 avg_stage2_phase_placement_authority_us_per_task=6444.013337 stage2_phase_completion_handoff_attempts=36 stage2_phase_completion_handoff_task_attempts=282 stage2_phase_completion_handoff_elapsed_ms=0.076912 avg_stage2_phase_completion_handoff_us_per_task=0.272738 stage2_phase_finalize_attempts=36 stage2_phase_finalize_task_attempts=282 stage2_phase_finalize_elapsed_ms=0.637244 avg_stage2_phase_finalize_us_per_task=2.259730 maintenance_worker_idle_waits=94848 maintenance_worker_idle_ms=508771.201743 maintenance_lost_wake_avoided=25627 maintenance_targeted_wakes=262449 maintenance_generic_wakes=153 maintenance_broadcast_wakes=0 maintenance_context_slots_scanned=1334352 maintenance_ready_notifications=19743 maintenance_ready_stale_notifications=0 maintenance_ready_tickets_drained=13314 maintenance_ready_overflow_scans=0 maintenance_ready_fallback_scans=83662 stage2_search_lane_lease_limit=32 stage2_search_lane_lease_peak=32 stage2_search_lane_lease_blocked=0 maintenance_worker_observed_idle_ratio=0.977849 maintenance_worker_observed_busy_ratio=0.022151 physical_stage1_items=282 physical_stage1_total_ns=1568558919 physical_stage1_search_ns=1453707965 physical_stage1_prune_ns=58722685 physical_stage1_allocate_write_ns=50144306 physical_stage1_backlink_ns=5395308 physical_stage1_candidates=36092 physical_stage1_remote_frontier_items=1571626 physical_stage1_neighbors=10664 peer_stage1_enqueued=236 peer_stage1_processed=236 peer_stage1_items=434 avg_peer_stage1_items=1.838983 peer_stage1_rate_per_sec=6.673122 peer_stage1_max_queue=37 peer_stage1_active_workers=0 peer_stage2_home_enqueued=8810 peer_stage2_home_processed=8810 peer_stage2_home_items=1140591 avg_peer_stage2_home_items=129.465494 peer_stage2_home_max_queue=7 peer_stage2_home_response_queue_drops=0 peer_stage2_home_response_send_wait_ms=97.176714 avg_peer_stage2_home_queue_wait_us=42.047846 avg_peer_stage2_home_execution_us=75.509490 peer_stage1_release_deferred_batches=0 peer_stage1_release_deferred_items=0 peer_stage1_duplicate_retry_responses=0 peer_stage1_admission_retry_responses=0 peer_stage1_retry_response_drops=0 peer_stage1_admission_waiters=0 peer_stage1_admission_waiter_items=0 peer_stage1_admission_owned_items=0 peer_stage1_admission_wake_coverage=0 peer_stage1_admission_parked=0 peer_stage1_admission_woken=0 peer_stage1_admission_reparked=0 peer_stage1_max_admission_waiters=0 peer_stage1_duplicate_coalesced=0 peer_reverse_enqueued=169 peer_reverse_processed=169 peer_reverse_remaining=0 peer_reverse_items_enqueued=5859 peer_reverse_items_processed=5859 peer_reverse_rate_per_sec=90.087143 peer_reverse_failed=2 peer_reverse_max_queue=9 reclaim_pending=209 reclaim_reused=51 dynamic_high_watermark=19600370336 stage2_remaining=0 cleanup_remaining=0 active_contexts=0 active_context_limit=32 repair_remaining=0 remaining=0
[STATUS]: storage-owner maintenance observation: enqueued=282 stage2_enqueued=282 cleanup_enqueued=0 stage2_tasks_done=282 stage2_finalized_live=282 cleanup_processed=0 stale=0 stage2_completion_ratio=1.000000 live_stage2_completion_ratio=1.000000 avg_stage2_delay_ms=16027.175863 p99_stage2_delay_upper_ms=30000.000000 p99_stage2_delay_over_30s=false stage2_delay_histogram=0,0,0,0,0,0,0,0,0,0,0,0,0,0,0,95,187,0 max_stage2_delay_ms=16213.789716 compaction_batch_target=32 compaction_max_delay_ms=25.000000 stage2_rate_per_sec=4.026379 stage1_search_budget_exhausted=0 stage2_search_budget_exhausted=0 stage2_continuations=282 stage2_remote_frontier_items=1571626 avg_stage2_remote_frontier=5573.141844 stage2_remote_expansions=31889 avg_stage2_remote_expansions=113.081560 stage2_scored_candidates=2301821 avg_stage2_scored_candidates=8162.485816 stage2_graph_read_waves=4104 avg_stage2_expansions_per_graph_wave=7.770224 stage2_graph_unique_reads=32547 stage2_graph_prefetch_issued=23850 stage2_graph_prefetch_hits=23192 stage2_graph_prefetch_wasted=658 stage2_graph_prefetch_promotion_ratio=0.972411 stage2_graph_issue_width_current=16 stage2_vector_read_waves=6069 avg_stage2_scores_per_vector_wave=379.275169 stage2_vector_unique_reads=2119478 stage2_home_rpc_batches=12588 stage2_home_rpc_items=1618422 avg_stage2_home_rpc_batch=128.568637 stage2_home_score_rpc_batches=6214 stage2_home_score_rpc_items=1585875 stage2_home_score_rpc_queries=47675 stage2_home_score_rpc_request_bytes=43126772 stage2_home_score_rpc_response_bytes=50996560 avg_stage2_home_score_queries_per_rpc=7.672192 avg_stage2_home_score_rpc_batch=255.210010 stage2_home_scored_neighbors=1768215 home_scores_per_expansion=1.092555 stage2_migrations=260 home_match_rate=0.078014 stage2_final_edges=10274 stage2_cross_edges_stage1_home=8953 stage2_cross_edges_final_home=7201 cross_edge_reduction_ratio=0.195689 failed=0 rpc_timeouts=0 reverse_aggregate_batches=0 reverse_aggregate_logical_requests=0 reverse_aggregate_ops=0 avg_reverse_aggregate_logicals=0.000000 avg_reverse_aggregate_ops=0.000000 max_backlog=282 admission_window=65536 completion_outstanding=0 completion_incomplete=0 completed_behind_hole=0 completion_logical_full_failures=0 completion_physical_full_failures=0 pressure_yields=45493 stage2_batches=36 avg_stage2_batch_size=7.833333 packing_target_batch=8 packing_admit_queue_avg=142.000000 packing_admit_queue_max=282 packing_batch_1_7=1 packing_batch_8=35 packing_assembly_batches=36 packing_assembly_wait_ms=542372.778611 packing_arrival_interval_us=1799 packing_waited_batches=1 packing_wait_ms=12.593000 packing_target_flushes=35 packing_deadline_flushes=1 packing_cleanup_flushes=0 stage2_phase_search_attempts=36 stage2_phase_search_task_attempts=282 stage2_phase_search_elapsed_ms=26941.572654 avg_stage2_phase_search_us_per_task=95537.491681 stage2_phase_freeze_prune_attempts=38 stage2_phase_freeze_prune_task_attempts=298 stage2_phase_freeze_prune_elapsed_ms=774.350533 avg_stage2_phase_freeze_prune_us_per_task=2598.491721 stage2_phase_reverse_prepare_attempts=36 stage2_phase_reverse_prepare_task_attempts=282 stage2_phase_reverse_prepare_elapsed_ms=4815.482323 avg_stage2_phase_reverse_prepare_us_per_task=17076.178450 stage2_phase_placement_authority_attempts=36 stage2_phase_placement_authority_task_attempts=282 stage2_phase_placement_authority_elapsed_ms=1817.211761 avg_stage2_phase_placement_authority_us_per_task=6444.013337 stage2_phase_completion_handoff_attempts=36 stage2_phase_completion_handoff_task_attempts=282 stage2_phase_completion_handoff_elapsed_ms=0.076912 avg_stage2_phase_completion_handoff_us_per_task=0.272738 stage2_phase_finalize_attempts=36 stage2_phase_finalize_task_attempts=282 stage2_phase_finalize_elapsed_ms=0.637244 avg_stage2_phase_finalize_us_per_task=2.259730 maintenance_worker_idle_waits=98816 maintenance_worker_idle_ms=548700.376947 maintenance_lost_wake_avoided=25627 maintenance_targeted_wakes=262449 maintenance_generic_wakes=153 maintenance_broadcast_wakes=0 maintenance_context_slots_scanned=1397840 maintenance_ready_notifications=19743 maintenance_ready_stale_notifications=0 maintenance_ready_tickets_drained=13314 maintenance_ready_overflow_scans=0 maintenance_ready_fallback_scans=87636 stage2_search_lane_lease_limit=32 stage2_search_lane_lease_peak=32 stage2_search_lane_lease_blocked=0 maintenance_worker_observed_idle_ratio=0.979289 maintenance_worker_observed_busy_ratio=0.020711 physical_stage1_items=282 physical_stage1_total_ns=1568558919 physical_stage1_search_ns=1453707965 physical_stage1_prune_ns=58722685 physical_stage1_allocate_write_ns=50144306 physical_stage1_backlink_ns=5395308 physical_stage1_candidates=36092 physical_stage1_remote_frontier_items=1571626 physical_stage1_neighbors=10664 peer_stage1_enqueued=236 peer_stage1_processed=236 peer_stage1_items=434 avg_peer_stage1_items=1.838983 peer_stage1_rate_per_sec=6.196626 peer_stage1_max_queue=37 peer_stage1_active_workers=0 peer_stage2_home_enqueued=8810 peer_stage2_home_processed=8810 peer_stage2_home_items=1140591 avg_peer_stage2_home_items=129.465494 peer_stage2_home_max_queue=7 peer_stage2_home_response_queue_drops=0 peer_stage2_home_response_send_wait_ms=97.176714 avg_peer_stage2_home_queue_wait_us=42.047846 avg_peer_stage2_home_execution_us=75.509490 peer_stage1_release_deferred_batches=0 peer_stage1_release_deferred_items=0 peer_stage1_duplicate_retry_responses=0 peer_stage1_admission_retry_responses=0 peer_stage1_retry_response_drops=0 peer_stage1_admission_waiters=0 peer_stage1_admission_waiter_items=0 peer_stage1_admission_owned_items=0 peer_stage1_admission_wake_coverage=0 peer_stage1_admission_parked=0 peer_stage1_admission_woken=0 peer_stage1_admission_reparked=0 peer_stage1_max_admission_waiters=0 peer_stage1_duplicate_coalesced=0 peer_reverse_enqueued=169 peer_reverse_processed=169 peer_reverse_remaining=0 peer_reverse_items_enqueued=5859 peer_reverse_items_processed=5859 peer_reverse_rate_per_sec=83.654446 peer_reverse_failed=2 peer_reverse_max_queue=9 reclaim_pending=209 reclaim_reused=51 dynamic_high_watermark=19600370336 stage2_remaining=0 cleanup_remaining=0 active_contexts=0 active_context_limit=32 repair_remaining=0 remaining=0
[STATUS]: storage-owner maintenance observation: enqueued=282 stage2_enqueued=282 cleanup_enqueued=0 stage2_tasks_done=282 stage2_finalized_live=282 cleanup_processed=0 stale=0 stage2_completion_ratio=1.000000 live_stage2_completion_ratio=1.000000 avg_stage2_delay_ms=16027.175863 p99_stage2_delay_upper_ms=30000.000000 p99_stage2_delay_over_30s=false stage2_delay_histogram=0,0,0,0,0,0,0,0,0,0,0,0,0,0,0,95,187,0 max_stage2_delay_ms=16213.789716 compaction_batch_target=32 compaction_max_delay_ms=25.000000 stage2_rate_per_sec=3.757932 stage1_search_budget_exhausted=0 stage2_search_budget_exhausted=0 stage2_continuations=282 stage2_remote_frontier_items=1571626 avg_stage2_remote_frontier=5573.141844 stage2_remote_expansions=31889 avg_stage2_remote_expansions=113.081560 stage2_scored_candidates=2301821 avg_stage2_scored_candidates=8162.485816 stage2_graph_read_waves=4104 avg_stage2_expansions_per_graph_wave=7.770224 stage2_graph_unique_reads=32547 stage2_graph_prefetch_issued=23850 stage2_graph_prefetch_hits=23192 stage2_graph_prefetch_wasted=658 stage2_graph_prefetch_promotion_ratio=0.972411 stage2_graph_issue_width_current=16 stage2_vector_read_waves=6069 avg_stage2_scores_per_vector_wave=379.275169 stage2_vector_unique_reads=2119478 stage2_home_rpc_batches=12588 stage2_home_rpc_items=1618422 avg_stage2_home_rpc_batch=128.568637 stage2_home_score_rpc_batches=6214 stage2_home_score_rpc_items=1585875 stage2_home_score_rpc_queries=47675 stage2_home_score_rpc_request_bytes=43126772 stage2_home_score_rpc_response_bytes=50996560 avg_stage2_home_score_queries_per_rpc=7.672192 avg_stage2_home_score_rpc_batch=255.210010 stage2_home_scored_neighbors=1768215 home_scores_per_expansion=1.092555 stage2_migrations=260 home_match_rate=0.078014 stage2_final_edges=10274 stage2_cross_edges_stage1_home=8953 stage2_cross_edges_final_home=7201 cross_edge_reduction_ratio=0.195689 failed=0 rpc_timeouts=0 reverse_aggregate_batches=0 reverse_aggregate_logical_requests=0 reverse_aggregate_ops=0 avg_reverse_aggregate_logicals=0.000000 avg_reverse_aggregate_ops=0.000000 max_backlog=282 admission_window=65536 completion_outstanding=0 completion_incomplete=0 completed_behind_hole=0 completion_logical_full_failures=0 completion_physical_full_failures=0 pressure_yields=45493 stage2_batches=36 avg_stage2_batch_size=7.833333 packing_target_batch=8 packing_admit_queue_avg=142.000000 packing_admit_queue_max=282 packing_batch_1_7=1 packing_batch_8=35 packing_assembly_batches=36 packing_assembly_wait_ms=542372.778611 packing_arrival_interval_us=1799 packing_waited_batches=1 packing_wait_ms=12.593000 packing_target_flushes=35 packing_deadline_flushes=1 packing_cleanup_flushes=0 stage2_phase_search_attempts=36 stage2_phase_search_task_attempts=282 stage2_phase_search_elapsed_ms=26941.572654 avg_stage2_phase_search_us_per_task=95537.491681 stage2_phase_freeze_prune_attempts=38 stage2_phase_freeze_prune_task_attempts=298 stage2_phase_freeze_prune_elapsed_ms=774.350533 avg_stage2_phase_freeze_prune_us_per_task=2598.491721 stage2_phase_reverse_prepare_attempts=36 stage2_phase_reverse_prepare_task_attempts=282 stage2_phase_reverse_prepare_elapsed_ms=4815.482323 avg_stage2_phase_reverse_prepare_us_per_task=17076.178450 stage2_phase_placement_authority_attempts=36 stage2_phase_placement_authority_task_attempts=282 stage2_phase_placement_authority_elapsed_ms=1817.211761 avg_stage2_phase_placement_authority_us_per_task=6444.013337 stage2_phase_completion_handoff_attempts=36 stage2_phase_completion_handoff_task_attempts=282 stage2_phase_completion_handoff_elapsed_ms=0.076912 avg_stage2_phase_completion_handoff_us_per_task=0.272738 stage2_phase_finalize_attempts=36 stage2_phase_finalize_task_attempts=282 stage2_phase_finalize_elapsed_ms=0.637244 avg_stage2_phase_finalize_us_per_task=2.259730 maintenance_worker_idle_waits=102848 maintenance_worker_idle_ms=589273.545562 maintenance_lost_wake_avoided=25627 maintenance_targeted_wakes=262449 maintenance_generic_wakes=153 maintenance_broadcast_wakes=0 maintenance_context_slots_scanned=1462352 maintenance_ready_notifications=19743 maintenance_ready_stale_notifications=0 maintenance_ready_tickets_drained=13314 maintenance_ready_overflow_scans=0 maintenance_ready_fallback_scans=91612 stage2_search_lane_lease_limit=32 stage2_search_lane_lease_peak=32 stage2_search_lane_lease_blocked=0 maintenance_worker_observed_idle_ratio=0.981582 maintenance_worker_observed_busy_ratio=0.018418 physical_stage1_items=282 physical_stage1_total_ns=1568558919 physical_stage1_search_ns=1453707965 physical_stage1_prune_ns=58722685 physical_stage1_allocate_write_ns=50144306 physical_stage1_backlink_ns=5395308 physical_stage1_candidates=36092 physical_stage1_remote_frontier_items=1571626 physical_stage1_neighbors=10664 peer_stage1_enqueued=236 peer_stage1_processed=236 peer_stage1_items=434 avg_peer_stage1_items=1.838983 peer_stage1_rate_per_sec=5.783483 peer_stage1_max_queue=37 peer_stage1_active_workers=0 peer_stage2_home_enqueued=8810 peer_stage2_home_processed=8810 peer_stage2_home_items=1140591 avg_peer_stage2_home_items=129.465494 peer_stage2_home_max_queue=7 peer_stage2_home_response_queue_drops=0 peer_stage2_home_response_send_wait_ms=97.176714 avg_peer_stage2_home_queue_wait_us=42.047846 avg_peer_stage2_home_execution_us=75.509490 peer_stage1_release_deferred_batches=0 peer_stage1_release_deferred_items=0 peer_stage1_duplicate_retry_responses=0 peer_stage1_admission_retry_responses=0 peer_stage1_retry_response_drops=0 peer_stage1_admission_waiters=0 peer_stage1_admission_waiter_items=0 peer_stage1_admission_owned_items=0 peer_stage1_admission_wake_coverage=0 peer_stage1_admission_parked=0 peer_stage1_admission_woken=0 peer_stage1_admission_reparked=0 peer_stage1_max_admission_waiters=0 peer_stage1_duplicate_coalesced=0 peer_reverse_enqueued=169 peer_reverse_processed=169 peer_reverse_remaining=0 peer_reverse_items_enqueued=5859 peer_reverse_items_processed=5859 peer_reverse_rate_per_sec=78.077024 peer_reverse_failed=2 peer_reverse_max_queue=9 reclaim_pending=209 reclaim_reused=51 dynamic_high_watermark=19600370336 stage2_remaining=0 cleanup_remaining=0 active_contexts=0 active_context_limit=32 repair_remaining=0 remaining=0
[STATUS]: storage-owner maintenance observation: enqueued=282 stage2_enqueued=282 cleanup_enqueued=0 stage2_tasks_done=282 stage2_finalized_live=282 cleanup_processed=0 stale=0 stage2_completion_ratio=1.000000 live_stage2_completion_ratio=1.000000 avg_stage2_delay_ms=16027.175863 p99_stage2_delay_upper_ms=30000.000000 p99_stage2_delay_over_30s=false stage2_delay_histogram=0,0,0,0,0,0,0,0,0,0,0,0,0,0,0,95,187,0 max_stage2_delay_ms=16213.789716 compaction_batch_target=32 compaction_max_delay_ms=25.000000 stage2_rate_per_sec=3.523178 stage1_search_budget_exhausted=0 stage2_search_budget_exhausted=0 stage2_continuations=282 stage2_remote_frontier_items=1571626 avg_stage2_remote_frontier=5573.141844 stage2_remote_expansions=31889 avg_stage2_remote_expansions=113.081560 stage2_scored_candidates=2301821 avg_stage2_scored_candidates=8162.485816 stage2_graph_read_waves=4104 avg_stage2_expansions_per_graph_wave=7.770224 stage2_graph_unique_reads=32547 stage2_graph_prefetch_issued=23850 stage2_graph_prefetch_hits=23192 stage2_graph_prefetch_wasted=658 stage2_graph_prefetch_promotion_ratio=0.972411 stage2_graph_issue_width_current=16 stage2_vector_read_waves=6069 avg_stage2_scores_per_vector_wave=379.275169 stage2_vector_unique_reads=2119478 stage2_home_rpc_batches=12588 stage2_home_rpc_items=1618422 avg_stage2_home_rpc_batch=128.568637 stage2_home_score_rpc_batches=6214 stage2_home_score_rpc_items=1585875 stage2_home_score_rpc_queries=47675 stage2_home_score_rpc_request_bytes=43126772 stage2_home_score_rpc_response_bytes=50996560 avg_stage2_home_score_queries_per_rpc=7.672192 avg_stage2_home_score_rpc_batch=255.210010 stage2_home_scored_neighbors=1768215 home_scores_per_expansion=1.092555 stage2_migrations=260 home_match_rate=0.078014 stage2_final_edges=10274 stage2_cross_edges_stage1_home=8953 stage2_cross_edges_final_home=7201 cross_edge_reduction_ratio=0.195689 failed=0 rpc_timeouts=0 reverse_aggregate_batches=0 reverse_aggregate_logical_requests=0 reverse_aggregate_ops=0 avg_reverse_aggregate_logicals=0.000000 avg_reverse_aggregate_ops=0.000000 max_backlog=282 admission_window=65536 completion_outstanding=0 completion_incomplete=0 completed_behind_hole=0 completion_logical_full_failures=0 completion_physical_full_failures=0 pressure_yields=45493 stage2_batches=36 avg_stage2_batch_size=7.833333 packing_target_batch=8 packing_admit_queue_avg=142.000000 packing_admit_queue_max=282 packing_batch_1_7=1 packing_batch_8=35 packing_assembly_batches=36 packing_assembly_wait_ms=542372.778611 packing_arrival_interval_us=1799 packing_waited_batches=1 packing_wait_ms=12.593000 packing_target_flushes=35 packing_deadline_flushes=1 packing_cleanup_flushes=0 stage2_phase_search_attempts=36 stage2_phase_search_task_attempts=282 stage2_phase_search_elapsed_ms=26941.572654 avg_stage2_phase_search_us_per_task=95537.491681 stage2_phase_freeze_prune_attempts=38 stage2_phase_freeze_prune_task_attempts=298 stage2_phase_freeze_prune_elapsed_ms=774.350533 avg_stage2_phase_freeze_prune_us_per_task=2598.491721 stage2_phase_reverse_prepare_attempts=36 stage2_phase_reverse_prepare_task_attempts=282 stage2_phase_reverse_prepare_elapsed_ms=4815.482323 avg_stage2_phase_reverse_prepare_us_per_task=17076.178450 stage2_phase_placement_authority_attempts=36 stage2_phase_placement_authority_task_attempts=282 stage2_phase_placement_authority_elapsed_ms=1817.211761 avg_stage2_phase_placement_authority_us_per_task=6444.013337 stage2_phase_completion_handoff_attempts=36 stage2_phase_completion_handoff_task_attempts=282 stage2_phase_completion_handoff_elapsed_ms=0.076912 avg_stage2_phase_completion_handoff_us_per_task=0.272738 stage2_phase_finalize_attempts=36 stage2_phase_finalize_task_attempts=282 stage2_phase_finalize_elapsed_ms=0.637244 avg_stage2_phase_finalize_us_per_task=2.259730 maintenance_worker_idle_waits=106816 maintenance_worker_idle_ms=629196.110999 maintenance_lost_wake_avoided=25627 maintenance_targeted_wakes=262449 maintenance_generic_wakes=153 maintenance_broadcast_wakes=0 maintenance_context_slots_scanned=1525840 maintenance_ready_notifications=19743 maintenance_ready_stale_notifications=0 maintenance_ready_tickets_drained=13314 maintenance_ready_overflow_scans=0 maintenance_ready_fallback_scans=95589 stage2_search_lane_lease_limit=32 stage2_search_lane_lease_peak=32 stage2_search_lane_lease_blocked=0 maintenance_worker_observed_idle_ratio=0.982611 maintenance_worker_observed_busy_ratio=0.017389 physical_stage1_items=282 physical_stage1_total_ns=1568558919 physical_stage1_search_ns=1453707965 physical_stage1_prune_ns=58722685 physical_stage1_allocate_write_ns=50144306 physical_stage1_backlink_ns=5395308 physical_stage1_candidates=36092 physical_stage1_remote_frontier_items=1571626 physical_stage1_neighbors=10664 peer_stage1_enqueued=236 peer_stage1_processed=236 peer_stage1_items=434 avg_peer_stage1_items=1.838983 peer_stage1_rate_per_sec=5.422196 peer_stage1_max_queue=37 peer_stage1_active_workers=0 peer_stage2_home_enqueued=8810 peer_stage2_home_processed=8810 peer_stage2_home_items=1140591 avg_peer_stage2_home_items=129.465494 peer_stage2_home_max_queue=7 peer_stage2_home_response_queue_drops=0 peer_stage2_home_response_send_wait_ms=97.176714 avg_peer_stage2_home_queue_wait_us=42.047846 avg_peer_stage2_home_execution_us=75.509490 peer_stage1_release_deferred_batches=0 peer_stage1_release_deferred_items=0 peer_stage1_duplicate_retry_responses=0 peer_stage1_admission_retry_responses=0 peer_stage1_retry_response_drops=0 peer_stage1_admission_waiters=0 peer_stage1_admission_waiter_items=0 peer_stage1_admission_owned_items=0 peer_stage1_admission_wake_coverage=0 peer_stage1_admission_parked=0 peer_stage1_admission_woken=0 peer_stage1_admission_reparked=0 peer_stage1_max_admission_waiters=0 peer_stage1_duplicate_coalesced=0 peer_reverse_enqueued=169 peer_reverse_processed=169 peer_reverse_remaining=0 peer_reverse_items_enqueued=5859 peer_reverse_items_processed=5859 peer_reverse_rate_per_sec=73.199640 peer_reverse_failed=2 peer_reverse_max_queue=9 reclaim_pending=209 reclaim_reused=51 dynamic_high_watermark=19600370336 stage2_remaining=0 cleanup_remaining=0 active_contexts=0 active_context_limit=32 repair_remaining=0 remaining=0
[STATUS]: storage-owner maintenance observation: enqueued=282 stage2_enqueued=282 cleanup_enqueued=0 stage2_tasks_done=282 stage2_finalized_live=282 cleanup_processed=0 stale=0 stage2_completion_ratio=1.000000 live_stage2_completion_ratio=1.000000 avg_stage2_delay_ms=16027.175863 p99_stage2_delay_upper_ms=30000.000000 p99_stage2_delay_over_30s=false stage2_delay_histogram=0,0,0,0,0,0,0,0,0,0,0,0,0,0,0,95,187,0 max_stage2_delay_ms=16213.789716 compaction_batch_target=32 compaction_max_delay_ms=25.000000 stage2_rate_per_sec=3.315922 stage1_search_budget_exhausted=0 stage2_search_budget_exhausted=0 stage2_continuations=282 stage2_remote_frontier_items=1571626 avg_stage2_remote_frontier=5573.141844 stage2_remote_expansions=31889 avg_stage2_remote_expansions=113.081560 stage2_scored_candidates=2301821 avg_stage2_scored_candidates=8162.485816 stage2_graph_read_waves=4104 avg_stage2_expansions_per_graph_wave=7.770224 stage2_graph_unique_reads=32547 stage2_graph_prefetch_issued=23850 stage2_graph_prefetch_hits=23192 stage2_graph_prefetch_wasted=658 stage2_graph_prefetch_promotion_ratio=0.972411 stage2_graph_issue_width_current=16 stage2_vector_read_waves=6069 avg_stage2_scores_per_vector_wave=379.275169 stage2_vector_unique_reads=2119478 stage2_home_rpc_batches=12588 stage2_home_rpc_items=1618422 avg_stage2_home_rpc_batch=128.568637 stage2_home_score_rpc_batches=6214 stage2_home_score_rpc_items=1585875 stage2_home_score_rpc_queries=47675 stage2_home_score_rpc_request_bytes=43126772 stage2_home_score_rpc_response_bytes=50996560 avg_stage2_home_score_queries_per_rpc=7.672192 avg_stage2_home_score_rpc_batch=255.210010 stage2_home_scored_neighbors=1768215 home_scores_per_expansion=1.092555 stage2_migrations=260 home_match_rate=0.078014 stage2_final_edges=10274 stage2_cross_edges_stage1_home=8953 stage2_cross_edges_final_home=7201 cross_edge_reduction_ratio=0.195689 failed=0 rpc_timeouts=0 reverse_aggregate_batches=0 reverse_aggregate_logical_requests=0 reverse_aggregate_ops=0 avg_reverse_aggregate_logicals=0.000000 avg_reverse_aggregate_ops=0.000000 max_backlog=282 admission_window=65536 completion_outstanding=0 completion_incomplete=0 completed_behind_hole=0 completion_logical_full_failures=0 completion_physical_full_failures=0 pressure_yields=45493 stage2_batches=36 avg_stage2_batch_size=7.833333 packing_target_batch=8 packing_admit_queue_avg=142.000000 packing_admit_queue_max=282 packing_batch_1_7=1 packing_batch_8=35 packing_assembly_batches=36 packing_assembly_wait_ms=542372.778611 packing_arrival_interval_us=1799 packing_waited_batches=1 packing_wait_ms=12.593000 packing_target_flushes=35 packing_deadline_flushes=1 packing_cleanup_flushes=0 stage2_phase_search_attempts=36 stage2_phase_search_task_attempts=282 stage2_phase_search_elapsed_ms=26941.572654 avg_stage2_phase_search_us_per_task=95537.491681 stage2_phase_freeze_prune_attempts=38 stage2_phase_freeze_prune_task_attempts=298 stage2_phase_freeze_prune_elapsed_ms=774.350533 avg_stage2_phase_freeze_prune_us_per_task=2598.491721 stage2_phase_reverse_prepare_attempts=36 stage2_phase_reverse_prepare_task_attempts=282 stage2_phase_reverse_prepare_elapsed_ms=4815.482323 avg_stage2_phase_reverse_prepare_us_per_task=17076.178450 stage2_phase_placement_authority_attempts=36 stage2_phase_placement_authority_task_attempts=282 stage2_phase_placement_authority_elapsed_ms=1817.211761 avg_stage2_phase_placement_authority_us_per_task=6444.013337 stage2_phase_completion_handoff_attempts=36 stage2_phase_completion_handoff_task_attempts=282 stage2_phase_completion_handoff_elapsed_ms=0.076912 avg_stage2_phase_completion_handoff_us_per_task=0.272738 stage2_phase_finalize_attempts=36 stage2_phase_finalize_task_attempts=282 stage2_phase_finalize_elapsed_ms=0.637244 avg_stage2_phase_finalize_us_per_task=2.259730 maintenance_worker_idle_waits=110720 maintenance_worker_idle_ms=668470.173525 maintenance_lost_wake_avoided=25627 maintenance_targeted_wakes=262449 maintenance_generic_wakes=153 maintenance_broadcast_wakes=0 maintenance_context_slots_scanned=1588304 maintenance_ready_notifications=19743 maintenance_ready_stale_notifications=0 maintenance_ready_tickets_drained=13314 maintenance_ready_overflow_scans=0 maintenance_ready_fallback_scans=99565 stage2_search_lane_lease_limit=32 stage2_search_lane_lease_peak=32 stage2_search_lane_lease_blocked=0 maintenance_worker_observed_idle_ratio=0.982533 maintenance_worker_observed_busy_ratio=0.017467 physical_stage1_items=282 physical_stage1_total_ns=1568558919 physical_stage1_search_ns=1453707965 physical_stage1_prune_ns=58722685 physical_stage1_allocate_write_ns=50144306 physical_stage1_backlink_ns=5395308 physical_stage1_candidates=36092 physical_stage1_remote_frontier_items=1571626 physical_stage1_neighbors=10664 peer_stage1_enqueued=236 peer_stage1_processed=236 peer_stage1_items=434 avg_peer_stage1_items=1.838983 peer_stage1_rate_per_sec=5.103228 peer_stage1_max_queue=37 peer_stage1_active_workers=0 peer_stage2_home_enqueued=8810 peer_stage2_home_processed=8810 peer_stage2_home_items=1140591 avg_peer_stage2_home_items=129.465494 peer_stage2_home_max_queue=7 peer_stage2_home_response_queue_drops=0 peer_stage2_home_response_send_wait_ms=97.176714 avg_peer_stage2_home_queue_wait_us=42.047846 avg_peer_stage2_home_execution_us=75.509490 peer_stage1_release_deferred_batches=0 peer_stage1_release_deferred_items=0 peer_stage1_duplicate_retry_responses=0 peer_stage1_admission_retry_responses=0 peer_stage1_retry_response_drops=0 peer_stage1_admission_waiters=0 peer_stage1_admission_waiter_items=0 peer_stage1_admission_owned_items=0 peer_stage1_admission_wake_coverage=0 peer_stage1_admission_parked=0 peer_stage1_admission_woken=0 peer_stage1_admission_reparked=0 peer_stage1_max_admission_waiters=0 peer_stage1_duplicate_coalesced=0 peer_reverse_enqueued=169 peer_reverse_processed=169 peer_reverse_remaining=0 peer_reverse_items_enqueued=5859 peer_reverse_items_processed=5859 peer_reverse_rate_per_sec=68.893574 peer_reverse_failed=2 peer_reverse_max_queue=9 reclaim_pending=209 reclaim_reused=51 dynamic_high_watermark=19600370336 stage2_remaining=0 cleanup_remaining=0 active_contexts=0 active_context_limit=32 repair_remaining=0 remaining=0
[STATUS]: storage-owner maintenance observation: enqueued=282 stage2_enqueued=282 cleanup_enqueued=0 stage2_tasks_done=282 stage2_finalized_live=282 cleanup_processed=0 stale=0 stage2_completion_ratio=1.000000 live_stage2_completion_ratio=1.000000 avg_stage2_delay_ms=16027.175863 p99_stage2_delay_upper_ms=30000.000000 p99_stage2_delay_over_30s=false stage2_delay_histogram=0,0,0,0,0,0,0,0,0,0,0,0,0,0,0,95,187,0 max_stage2_delay_ms=16213.789716 compaction_batch_target=32 compaction_max_delay_ms=25.000000 stage2_rate_per_sec=3.131746 stage1_search_budget_exhausted=0 stage2_search_budget_exhausted=0 stage2_continuations=282 stage2_remote_frontier_items=1571626 avg_stage2_remote_frontier=5573.141844 stage2_remote_expansions=31889 avg_stage2_remote_expansions=113.081560 stage2_scored_candidates=2301821 avg_stage2_scored_candidates=8162.485816 stage2_graph_read_waves=4104 avg_stage2_expansions_per_graph_wave=7.770224 stage2_graph_unique_reads=32547 stage2_graph_prefetch_issued=23850 stage2_graph_prefetch_hits=23192 stage2_graph_prefetch_wasted=658 stage2_graph_prefetch_promotion_ratio=0.972411 stage2_graph_issue_width_current=16 stage2_vector_read_waves=6069 avg_stage2_scores_per_vector_wave=379.275169 stage2_vector_unique_reads=2119478 stage2_home_rpc_batches=12588 stage2_home_rpc_items=1618422 avg_stage2_home_rpc_batch=128.568637 stage2_home_score_rpc_batches=6214 stage2_home_score_rpc_items=1585875 stage2_home_score_rpc_queries=47675 stage2_home_score_rpc_request_bytes=43126772 stage2_home_score_rpc_response_bytes=50996560 avg_stage2_home_score_queries_per_rpc=7.672192 avg_stage2_home_score_rpc_batch=255.210010 stage2_home_scored_neighbors=1768215 home_scores_per_expansion=1.092555 stage2_migrations=260 home_match_rate=0.078014 stage2_final_edges=10274 stage2_cross_edges_stage1_home=8953 stage2_cross_edges_final_home=7201 cross_edge_reduction_ratio=0.195689 failed=0 rpc_timeouts=0 reverse_aggregate_batches=0 reverse_aggregate_logical_requests=0 reverse_aggregate_ops=0 avg_reverse_aggregate_logicals=0.000000 avg_reverse_aggregate_ops=0.000000 max_backlog=282 admission_window=65536 completion_outstanding=0 completion_incomplete=0 completed_behind_hole=0 completion_logical_full_failures=0 completion_physical_full_failures=0 pressure_yields=45493 stage2_batches=36 avg_stage2_batch_size=7.833333 packing_target_batch=8 packing_admit_queue_avg=142.000000 packing_admit_queue_max=282 packing_batch_1_7=1 packing_batch_8=35 packing_assembly_batches=36 packing_assembly_wait_ms=542372.778611 packing_arrival_interval_us=1799 packing_waited_batches=1 packing_wait_ms=12.593000 packing_target_flushes=35 packing_deadline_flushes=1 packing_cleanup_flushes=0 stage2_phase_search_attempts=36 stage2_phase_search_task_attempts=282 stage2_phase_search_elapsed_ms=26941.572654 avg_stage2_phase_search_us_per_task=95537.491681 stage2_phase_freeze_prune_attempts=38 stage2_phase_freeze_prune_task_attempts=298 stage2_phase_freeze_prune_elapsed_ms=774.350533 avg_stage2_phase_freeze_prune_us_per_task=2598.491721 stage2_phase_reverse_prepare_attempts=36 stage2_phase_reverse_prepare_task_attempts=282 stage2_phase_reverse_prepare_elapsed_ms=4815.482323 avg_stage2_phase_reverse_prepare_us_per_task=17076.178450 stage2_phase_placement_authority_attempts=36 stage2_phase_placement_authority_task_attempts=282 stage2_phase_placement_authority_elapsed_ms=1817.211761 avg_stage2_phase_placement_authority_us_per_task=6444.013337 stage2_phase_completion_handoff_attempts=36 stage2_phase_completion_handoff_task_attempts=282 stage2_phase_completion_handoff_elapsed_ms=0.076912 avg_stage2_phase_completion_handoff_us_per_task=0.272738 stage2_phase_finalize_attempts=36 stage2_phase_finalize_task_attempts=282 stage2_phase_finalize_elapsed_ms=0.637244 avg_stage2_phase_finalize_us_per_task=2.259730 maintenance_worker_idle_waits=114688 maintenance_worker_idle_ms=708397.143378 maintenance_lost_wake_avoided=25627 maintenance_targeted_wakes=262449 maintenance_generic_wakes=153 maintenance_broadcast_wakes=0 maintenance_context_slots_scanned=1651792 maintenance_ready_notifications=19743 maintenance_ready_stale_notifications=0 maintenance_ready_tickets_drained=13314 maintenance_ready_overflow_scans=0 maintenance_ready_fallback_scans=103540 stage2_search_lane_lease_limit=32 stage2_search_lane_lease_peak=32 stage2_search_lane_lease_blocked=0 maintenance_worker_observed_idle_ratio=0.983387 maintenance_worker_observed_busy_ratio=0.016613 physical_stage1_items=282 physical_stage1_total_ns=1568558919 physical_stage1_search_ns=1453707965 physical_stage1_prune_ns=58722685 physical_stage1_allocate_write_ns=50144306 physical_stage1_backlink_ns=5395308 physical_stage1_candidates=36092 physical_stage1_remote_frontier_items=1571626 physical_stage1_neighbors=10664 peer_stage1_enqueued=236 peer_stage1_processed=236 peer_stage1_items=434 avg_peer_stage1_items=1.838983 peer_stage1_rate_per_sec=4.819780 peer_stage1_max_queue=37 peer_stage1_active_workers=0 peer_stage2_home_enqueued=8810 peer_stage2_home_processed=8810 peer_stage2_home_items=1140591 avg_peer_stage2_home_items=129.465494 peer_stage2_home_max_queue=7 peer_stage2_home_response_queue_drops=0 peer_stage2_home_response_send_wait_ms=97.176714 avg_peer_stage2_home_queue_wait_us=42.047846 avg_peer_stage2_home_execution_us=75.509490 peer_stage1_release_deferred_batches=0 peer_stage1_release_deferred_items=0 peer_stage1_duplicate_retry_responses=0 peer_stage1_admission_retry_responses=0 peer_stage1_retry_response_drops=0 peer_stage1_admission_waiters=0 peer_stage1_admission_waiter_items=0 peer_stage1_admission_owned_items=0 peer_stage1_admission_wake_coverage=0 peer_stage1_admission_parked=0 peer_stage1_admission_woken=0 peer_stage1_admission_reparked=0 peer_stage1_max_admission_waiters=0 peer_stage1_duplicate_coalesced=0 peer_reverse_enqueued=169 peer_reverse_processed=169 peer_reverse_remaining=0 peer_reverse_items_enqueued=5859 peer_reverse_items_processed=5859 peer_reverse_rate_per_sec=65.067024 peer_reverse_failed=2 peer_reverse_max_queue=9 reclaim_pending=209 reclaim_reused=51 dynamic_high_watermark=19600370336 stage2_remaining=0 cleanup_remaining=0 active_contexts=0 active_context_limit=32 repair_remaining=0 remaining=0
[STATUS]: storage-owner maintenance observation: enqueued=282 stage2_enqueued=282 cleanup_enqueued=0 stage2_tasks_done=282 stage2_finalized_live=282 cleanup_processed=0 stale=0 stage2_completion_ratio=1.000000 live_stage2_completion_ratio=1.000000 avg_stage2_delay_ms=16027.175863 p99_stage2_delay_upper_ms=30000.000000 p99_stage2_delay_over_30s=false stage2_delay_histogram=0,0,0,0,0,0,0,0,0,0,0,0,0,0,0,95,187,0 max_stage2_delay_ms=16213.789716 compaction_batch_target=32 compaction_max_delay_ms=25.000000 stage2_rate_per_sec=2.966974 stage1_search_budget_exhausted=0 stage2_search_budget_exhausted=0 stage2_continuations=282 stage2_remote_frontier_items=1571626 avg_stage2_remote_frontier=5573.141844 stage2_remote_expansions=31889 avg_stage2_remote_expansions=113.081560 stage2_scored_candidates=2301821 avg_stage2_scored_candidates=8162.485816 stage2_graph_read_waves=4104 avg_stage2_expansions_per_graph_wave=7.770224 stage2_graph_unique_reads=32547 stage2_graph_prefetch_issued=23850 stage2_graph_prefetch_hits=23192 stage2_graph_prefetch_wasted=658 stage2_graph_prefetch_promotion_ratio=0.972411 stage2_graph_issue_width_current=16 stage2_vector_read_waves=6069 avg_stage2_scores_per_vector_wave=379.275169 stage2_vector_unique_reads=2119478 stage2_home_rpc_batches=12588 stage2_home_rpc_items=1618422 avg_stage2_home_rpc_batch=128.568637 stage2_home_score_rpc_batches=6214 stage2_home_score_rpc_items=1585875 stage2_home_score_rpc_queries=47675 stage2_home_score_rpc_request_bytes=43126772 stage2_home_score_rpc_response_bytes=50996560 avg_stage2_home_score_queries_per_rpc=7.672192 avg_stage2_home_score_rpc_batch=255.210010 stage2_home_scored_neighbors=1768215 home_scores_per_expansion=1.092555 stage2_migrations=260 home_match_rate=0.078014 stage2_final_edges=10274 stage2_cross_edges_stage1_home=8953 stage2_cross_edges_final_home=7201 cross_edge_reduction_ratio=0.195689 failed=0 rpc_timeouts=0 reverse_aggregate_batches=0 reverse_aggregate_logical_requests=0 reverse_aggregate_ops=0 avg_reverse_aggregate_logicals=0.000000 avg_reverse_aggregate_ops=0.000000 max_backlog=282 admission_window=65536 completion_outstanding=0 completion_incomplete=0 completed_behind_hole=0 completion_logical_full_failures=0 completion_physical_full_failures=0 pressure_yields=45493 stage2_batches=36 avg_stage2_batch_size=7.833333 packing_target_batch=8 packing_admit_queue_avg=142.000000 packing_admit_queue_max=282 packing_batch_1_7=1 packing_batch_8=35 packing_assembly_batches=36 packing_assembly_wait_ms=542372.778611 packing_arrival_interval_us=1799 packing_waited_batches=1 packing_wait_ms=12.593000 packing_target_flushes=35 packing_deadline_flushes=1 packing_cleanup_flushes=0 stage2_phase_search_attempts=36 stage2_phase_search_task_attempts=282 stage2_phase_search_elapsed_ms=26941.572654 avg_stage2_phase_search_us_per_task=95537.491681 stage2_phase_freeze_prune_attempts=38 stage2_phase_freeze_prune_task_attempts=298 stage2_phase_freeze_prune_elapsed_ms=774.350533 avg_stage2_phase_freeze_prune_us_per_task=2598.491721 stage2_phase_reverse_prepare_attempts=36 stage2_phase_reverse_prepare_task_attempts=282 stage2_phase_reverse_prepare_elapsed_ms=4815.482323 avg_stage2_phase_reverse_prepare_us_per_task=17076.178450 stage2_phase_placement_authority_attempts=36 stage2_phase_placement_authority_task_attempts=282 stage2_phase_placement_authority_elapsed_ms=1817.211761 avg_stage2_phase_placement_authority_us_per_task=6444.013337 stage2_phase_completion_handoff_attempts=36 stage2_phase_completion_handoff_task_attempts=282 stage2_phase_completion_handoff_elapsed_ms=0.076912 avg_stage2_phase_completion_handoff_us_per_task=0.272738 stage2_phase_finalize_attempts=36 stage2_phase_finalize_task_attempts=282 stage2_phase_finalize_elapsed_ms=0.637244 avg_stage2_phase_finalize_us_per_task=2.259730 maintenance_worker_idle_waits=118784 maintenance_worker_idle_ms=749615.098313 maintenance_lost_wake_avoided=25627 maintenance_targeted_wakes=262449 maintenance_generic_wakes=153 maintenance_broadcast_wakes=0 maintenance_context_slots_scanned=1717328 maintenance_ready_notifications=19743 maintenance_ready_stale_notifications=0 maintenance_ready_tickets_drained=13314 maintenance_ready_overflow_scans=0 maintenance_ready_fallback_scans=107515 stage2_search_lane_lease_limit=32 stage2_search_lane_lease_peak=32 stage2_search_lane_lease_blocked=0 maintenance_worker_observed_idle_ratio=0.985855 maintenance_worker_observed_busy_ratio=0.014145 physical_stage1_items=282 physical_stage1_total_ns=1568558919 physical_stage1_search_ns=1453707965 physical_stage1_prune_ns=58722685 physical_stage1_allocate_write_ns=50144306 physical_stage1_backlink_ns=5395308 physical_stage1_candidates=36092 physical_stage1_remote_frontier_items=1571626 physical_stage1_neighbors=10664 peer_stage1_enqueued=236 peer_stage1_processed=236 peer_stage1_items=434 avg_peer_stage1_items=1.838983 peer_stage1_rate_per_sec=4.566194 peer_stage1_max_queue=37 peer_stage1_active_workers=0 peer_stage2_home_enqueued=8810 peer_stage2_home_processed=8810 peer_stage2_home_items=1140591 avg_peer_stage2_home_items=129.465494 peer_stage2_home_max_queue=7 peer_stage2_home_response_queue_drops=0 peer_stage2_home_response_send_wait_ms=97.176714 avg_peer_stage2_home_queue_wait_us=42.047846 avg_peer_stage2_home_execution_us=75.509490 peer_stage1_release_deferred_batches=0 peer_stage1_release_deferred_items=0 peer_stage1_duplicate_retry_responses=0 peer_stage1_admission_retry_responses=0 peer_stage1_retry_response_drops=0 peer_stage1_admission_waiters=0 peer_stage1_admission_waiter_items=0 peer_stage1_admission_owned_items=0 peer_stage1_admission_wake_coverage=0 peer_stage1_admission_parked=0 peer_stage1_admission_woken=0 peer_stage1_admission_reparked=0 peer_stage1_max_admission_waiters=0 peer_stage1_duplicate_coalesced=0 peer_reverse_enqueued=169 peer_reverse_processed=169 peer_reverse_remaining=0 peer_reverse_items_enqueued=5859 peer_reverse_items_processed=5859 peer_reverse_rate_per_sec=61.643620 peer_reverse_failed=2 peer_reverse_max_queue=9 reclaim_pending=209 reclaim_reused=51 dynamic_high_watermark=19600370336 stage2_remaining=0 cleanup_remaining=0 active_contexts=0 active_context_limit=32 repair_remaining=0 remaining=0
[STATUS]: storage-owner maintenance observation: enqueued=282 stage2_enqueued=282 cleanup_enqueued=0 stage2_tasks_done=282 stage2_finalized_live=282 cleanup_processed=0 stale=0 stage2_completion_ratio=1.000000 live_stage2_completion_ratio=1.000000 avg_stage2_delay_ms=16027.175863 p99_stage2_delay_upper_ms=30000.000000 p99_stage2_delay_over_30s=false stage2_delay_histogram=0,0,0,0,0,0,0,0,0,0,0,0,0,0,0,95,187,0 max_stage2_delay_ms=16213.789716 compaction_batch_target=32 compaction_max_delay_ms=25.000000 stage2_rate_per_sec=2.818640 stage1_search_budget_exhausted=0 stage2_search_budget_exhausted=0 stage2_continuations=282 stage2_remote_frontier_items=1571626 avg_stage2_remote_frontier=5573.141844 stage2_remote_expansions=31889 avg_stage2_remote_expansions=113.081560 stage2_scored_candidates=2301821 avg_stage2_scored_candidates=8162.485816 stage2_graph_read_waves=4104 avg_stage2_expansions_per_graph_wave=7.770224 stage2_graph_unique_reads=32547 stage2_graph_prefetch_issued=23850 stage2_graph_prefetch_hits=23192 stage2_graph_prefetch_wasted=658 stage2_graph_prefetch_promotion_ratio=0.972411 stage2_graph_issue_width_current=16 stage2_vector_read_waves=6069 avg_stage2_scores_per_vector_wave=379.275169 stage2_vector_unique_reads=2119478 stage2_home_rpc_batches=12588 stage2_home_rpc_items=1618422 avg_stage2_home_rpc_batch=128.568637 stage2_home_score_rpc_batches=6214 stage2_home_score_rpc_items=1585875 stage2_home_score_rpc_queries=47675 stage2_home_score_rpc_request_bytes=43126772 stage2_home_score_rpc_response_bytes=50996560 avg_stage2_home_score_queries_per_rpc=7.672192 avg_stage2_home_score_rpc_batch=255.210010 stage2_home_scored_neighbors=1768215 home_scores_per_expansion=1.092555 stage2_migrations=260 home_match_rate=0.078014 stage2_final_edges=10274 stage2_cross_edges_stage1_home=8953 stage2_cross_edges_final_home=7201 cross_edge_reduction_ratio=0.195689 failed=0 rpc_timeouts=0 reverse_aggregate_batches=0 reverse_aggregate_logical_requests=0 reverse_aggregate_ops=0 avg_reverse_aggregate_logicals=0.000000 avg_reverse_aggregate_ops=0.000000 max_backlog=282 admission_window=65536 completion_outstanding=0 completion_incomplete=0 completed_behind_hole=0 completion_logical_full_failures=0 completion_physical_full_failures=0 pressure_yields=45493 stage2_batches=36 avg_stage2_batch_size=7.833333 packing_target_batch=8 packing_admit_queue_avg=142.000000 packing_admit_queue_max=282 packing_batch_1_7=1 packing_batch_8=35 packing_assembly_batches=36 packing_assembly_wait_ms=542372.778611 packing_arrival_interval_us=1799 packing_waited_batches=1 packing_wait_ms=12.593000 packing_target_flushes=35 packing_deadline_flushes=1 packing_cleanup_flushes=0 stage2_phase_search_attempts=36 stage2_phase_search_task_attempts=282 stage2_phase_search_elapsed_ms=26941.572654 avg_stage2_phase_search_us_per_task=95537.491681 stage2_phase_freeze_prune_attempts=38 stage2_phase_freeze_prune_task_attempts=298 stage2_phase_freeze_prune_elapsed_ms=774.350533 avg_stage2_phase_freeze_prune_us_per_task=2598.491721 stage2_phase_reverse_prepare_attempts=36 stage2_phase_reverse_prepare_task_attempts=282 stage2_phase_reverse_prepare_elapsed_ms=4815.482323 avg_stage2_phase_reverse_prepare_us_per_task=17076.178450 stage2_phase_placement_authority_attempts=36 stage2_phase_placement_authority_task_attempts=282 stage2_phase_placement_authority_elapsed_ms=1817.211761 avg_stage2_phase_placement_authority_us_per_task=6444.013337 stage2_phase_completion_handoff_attempts=36 stage2_phase_completion_handoff_task_attempts=282 stage2_phase_completion_handoff_elapsed_ms=0.076912 avg_stage2_phase_completion_handoff_us_per_task=0.272738 stage2_phase_finalize_attempts=36 stage2_phase_finalize_task_attempts=282 stage2_phase_finalize_elapsed_ms=0.637244 avg_stage2_phase_finalize_us_per_task=2.259730 maintenance_worker_idle_waits=122688 maintenance_worker_idle_ms=788893.421408 maintenance_lost_wake_avoided=25627 maintenance_targeted_wakes=262449 maintenance_generic_wakes=153 maintenance_broadcast_wakes=0 maintenance_context_slots_scanned=1779792 maintenance_ready_notifications=19743 maintenance_ready_stale_notifications=0 maintenance_ready_tickets_drained=13314 maintenance_ready_overflow_scans=0 maintenance_ready_fallback_scans=111491 stage2_search_lane_lease_limit=32 stage2_search_lane_lease_peak=32 stage2_search_lane_lease_blocked=0 maintenance_worker_observed_idle_ratio=0.985641 maintenance_worker_observed_busy_ratio=0.014359 physical_stage1_items=282 physical_stage1_total_ns=1568558919 physical_stage1_search_ns=1453707965 physical_stage1_prune_ns=58722685 physical_stage1_allocate_write_ns=50144306 physical_stage1_backlink_ns=5395308 physical_stage1_candidates=36092 physical_stage1_remote_frontier_items=1571626 physical_stage1_neighbors=10664 peer_stage1_enqueued=236 peer_stage1_processed=236 peer_stage1_items=434 avg_peer_stage1_items=1.838983 peer_stage1_rate_per_sec=4.337907 peer_stage1_max_queue=37 peer_stage1_active_workers=0 peer_stage2_home_enqueued=8810 peer_stage2_home_processed=8810 peer_stage2_home_items=1140591 avg_peer_stage2_home_items=129.465494 peer_stage2_home_max_queue=7 peer_stage2_home_response_queue_drops=0 peer_stage2_home_response_send_wait_ms=97.176714 avg_peer_stage2_home_queue_wait_us=42.047846 avg_peer_stage2_home_execution_us=75.509490 peer_stage1_release_deferred_batches=0 peer_stage1_release_deferred_items=0 peer_stage1_duplicate_retry_responses=0 peer_stage1_admission_retry_responses=0 peer_stage1_retry_response_drops=0 peer_stage1_admission_waiters=0 peer_stage1_admission_waiter_items=0 peer_stage1_admission_owned_items=0 peer_stage1_admission_wake_coverage=0 peer_stage1_admission_parked=0 peer_stage1_admission_woken=0 peer_stage1_admission_reparked=0 peer_stage1_max_admission_waiters=0 peer_stage1_duplicate_coalesced=0 peer_reverse_enqueued=169 peer_reverse_processed=169 peer_reverse_remaining=0 peer_reverse_items_enqueued=5859 peer_reverse_items_processed=5859 peer_reverse_rate_per_sec=58.561739 peer_reverse_failed=2 peer_reverse_max_queue=9 reclaim_pending=209 reclaim_reused=51 dynamic_high_watermark=19600370336 stage2_remaining=0 cleanup_remaining=0 active_contexts=0 active_context_limit=32 repair_remaining=0 remaining=0
[STATUS]: storage-owner maintenance observation: enqueued=282 stage2_enqueued=282 cleanup_enqueued=0 stage2_tasks_done=282 stage2_finalized_live=282 cleanup_processed=0 stale=0 stage2_completion_ratio=1.000000 live_stage2_completion_ratio=1.000000 avg_stage2_delay_ms=16027.175863 p99_stage2_delay_upper_ms=30000.000000 p99_stage2_delay_over_30s=false stage2_delay_histogram=0,0,0,0,0,0,0,0,0,0,0,0,0,0,0,95,187,0 max_stage2_delay_ms=16213.789716 compaction_batch_target=32 compaction_max_delay_ms=25.000000 stage2_rate_per_sec=2.684477 stage1_search_budget_exhausted=0 stage2_search_budget_exhausted=0 stage2_continuations=282 stage2_remote_frontier_items=1571626 avg_stage2_remote_frontier=5573.141844 stage2_remote_expansions=31889 avg_stage2_remote_expansions=113.081560 stage2_scored_candidates=2301821 avg_stage2_scored_candidates=8162.485816 stage2_graph_read_waves=4104 avg_stage2_expansions_per_graph_wave=7.770224 stage2_graph_unique_reads=32547 stage2_graph_prefetch_issued=23850 stage2_graph_prefetch_hits=23192 stage2_graph_prefetch_wasted=658 stage2_graph_prefetch_promotion_ratio=0.972411 stage2_graph_issue_width_current=16 stage2_vector_read_waves=6069 avg_stage2_scores_per_vector_wave=379.275169 stage2_vector_unique_reads=2119478 stage2_home_rpc_batches=12588 stage2_home_rpc_items=1618422 avg_stage2_home_rpc_batch=128.568637 stage2_home_score_rpc_batches=6214 stage2_home_score_rpc_items=1585875 stage2_home_score_rpc_queries=47675 stage2_home_score_rpc_request_bytes=43126772 stage2_home_score_rpc_response_bytes=50996560 avg_stage2_home_score_queries_per_rpc=7.672192 avg_stage2_home_score_rpc_batch=255.210010 stage2_home_scored_neighbors=1768215 home_scores_per_expansion=1.092555 stage2_migrations=260 home_match_rate=0.078014 stage2_final_edges=10274 stage2_cross_edges_stage1_home=8953 stage2_cross_edges_final_home=7201 cross_edge_reduction_ratio=0.195689 failed=0 rpc_timeouts=0 reverse_aggregate_batches=0 reverse_aggregate_logical_requests=0 reverse_aggregate_ops=0 avg_reverse_aggregate_logicals=0.000000 avg_reverse_aggregate_ops=0.000000 max_backlog=282 admission_window=65536 completion_outstanding=0 completion_incomplete=0 completed_behind_hole=0 completion_logical_full_failures=0 completion_physical_full_failures=0 pressure_yields=45493 stage2_batches=36 avg_stage2_batch_size=7.833333 packing_target_batch=8 packing_admit_queue_avg=142.000000 packing_admit_queue_max=282 packing_batch_1_7=1 packing_batch_8=35 packing_assembly_batches=36 packing_assembly_wait_ms=542372.778611 packing_arrival_interval_us=1799 packing_waited_batches=1 packing_wait_ms=12.593000 packing_target_flushes=35 packing_deadline_flushes=1 packing_cleanup_flushes=0 stage2_phase_search_attempts=36 stage2_phase_search_task_attempts=282 stage2_phase_search_elapsed_ms=26941.572654 avg_stage2_phase_search_us_per_task=95537.491681 stage2_phase_freeze_prune_attempts=38 stage2_phase_freeze_prune_task_attempts=298 stage2_phase_freeze_prune_elapsed_ms=774.350533 avg_stage2_phase_freeze_prune_us_per_task=2598.491721 stage2_phase_reverse_prepare_attempts=36 stage2_phase_reverse_prepare_task_attempts=282 stage2_phase_reverse_prepare_elapsed_ms=4815.482323 avg_stage2_phase_reverse_prepare_us_per_task=17076.178450 stage2_phase_placement_authority_attempts=36 stage2_phase_placement_authority_task_attempts=282 stage2_phase_placement_authority_elapsed_ms=1817.211761 avg_stage2_phase_placement_authority_us_per_task=6444.013337 stage2_phase_completion_handoff_attempts=36 stage2_phase_completion_handoff_task_attempts=282 stage2_phase_completion_handoff_elapsed_ms=0.076912 avg_stage2_phase_completion_handoff_us_per_task=0.272738 stage2_phase_finalize_attempts=36 stage2_phase_finalize_task_attempts=282 stage2_phase_finalize_elapsed_ms=0.637244 avg_stage2_phase_finalize_us_per_task=2.259730 maintenance_worker_idle_waits=126592 maintenance_worker_idle_ms=828172.566963 maintenance_lost_wake_avoided=25627 maintenance_targeted_wakes=262449 maintenance_generic_wakes=153 maintenance_broadcast_wakes=0 maintenance_context_slots_scanned=1842256 maintenance_ready_notifications=19743 maintenance_ready_stale_notifications=0 maintenance_ready_tickets_drained=13314 maintenance_ready_overflow_scans=0 maintenance_ready_fallback_scans=115466 stage2_search_lane_lease_limit=32 stage2_search_lane_lease_peak=32 stage2_search_lane_lease_blocked=0 maintenance_worker_observed_idle_ratio=0.985465 maintenance_worker_observed_busy_ratio=0.014535 physical_stage1_items=282 physical_stage1_total_ns=1568558919 physical_stage1_search_ns=1453707965 physical_stage1_prune_ns=58722685 physical_stage1_allocate_write_ns=50144306 physical_stage1_backlink_ns=5395308 physical_stage1_candidates=36092 physical_stage1_remote_frontier_items=1571626 physical_stage1_neighbors=10664 peer_stage1_enqueued=236 peer_stage1_processed=236 peer_stage1_items=434 avg_peer_stage1_items=1.838983 peer_stage1_rate_per_sec=4.131429 peer_stage1_max_queue=37 peer_stage1_active_workers=0 peer_stage2_home_enqueued=8810 peer_stage2_home_processed=8810 peer_stage2_home_items=1140591 avg_peer_stage2_home_items=129.465494 peer_stage2_home_max_queue=7 peer_stage2_home_response_queue_drops=0 peer_stage2_home_response_send_wait_ms=97.176714 avg_peer_stage2_home_queue_wait_us=42.047846 avg_peer_stage2_home_execution_us=75.509490 peer_stage1_release_deferred_batches=0 peer_stage1_release_deferred_items=0 peer_stage1_duplicate_retry_responses=0 peer_stage1_admission_retry_responses=0 peer_stage1_retry_response_drops=0 peer_stage1_admission_waiters=0 peer_stage1_admission_waiter_items=0 peer_stage1_admission_owned_items=0 peer_stage1_admission_wake_coverage=0 peer_stage1_admission_parked=0 peer_stage1_admission_woken=0 peer_stage1_admission_reparked=0 peer_stage1_max_admission_waiters=0 peer_stage1_duplicate_coalesced=0 peer_reverse_enqueued=169 peer_reverse_processed=169 peer_reverse_remaining=0 peer_reverse_items_enqueued=5859 peer_reverse_items_processed=5859 peer_reverse_rate_per_sec=55.774285 peer_reverse_failed=2 peer_reverse_max_queue=9 reclaim_pending=209 reclaim_reused=51 dynamic_high_watermark=19600370336 stage2_remaining=0 cleanup_remaining=0 active_contexts=0 active_context_limit=32 repair_remaining=0 remaining=0
[STATUS]: storage-owner maintenance observation: enqueued=282 stage2_enqueued=282 cleanup_enqueued=0 stage2_tasks_done=282 stage2_finalized_live=282 cleanup_processed=0 stale=0 stage2_completion_ratio=1.000000 live_stage2_completion_ratio=1.000000 avg_stage2_delay_ms=16027.175863 p99_stage2_delay_upper_ms=30000.000000 p99_stage2_delay_over_30s=false stage2_delay_histogram=0,0,0,0,0,0,0,0,0,0,0,0,0,0,0,95,187,0 max_stage2_delay_ms=16213.789716 compaction_batch_target=32 compaction_max_delay_ms=25.000000 stage2_rate_per_sec=2.562480 stage1_search_budget_exhausted=0 stage2_search_budget_exhausted=0 stage2_continuations=282 stage2_remote_frontier_items=1571626 avg_stage2_remote_frontier=5573.141844 stage2_remote_expansions=31889 avg_stage2_remote_expansions=113.081560 stage2_scored_candidates=2301821 avg_stage2_scored_candidates=8162.485816 stage2_graph_read_waves=4104 avg_stage2_expansions_per_graph_wave=7.770224 stage2_graph_unique_reads=32547 stage2_graph_prefetch_issued=23850 stage2_graph_prefetch_hits=23192 stage2_graph_prefetch_wasted=658 stage2_graph_prefetch_promotion_ratio=0.972411 stage2_graph_issue_width_current=16 stage2_vector_read_waves=6069 avg_stage2_scores_per_vector_wave=379.275169 stage2_vector_unique_reads=2119478 stage2_home_rpc_batches=12588 stage2_home_rpc_items=1618422 avg_stage2_home_rpc_batch=128.568637 stage2_home_score_rpc_batches=6214 stage2_home_score_rpc_items=1585875 stage2_home_score_rpc_queries=47675 stage2_home_score_rpc_request_bytes=43126772 stage2_home_score_rpc_response_bytes=50996560 avg_stage2_home_score_queries_per_rpc=7.672192 avg_stage2_home_score_rpc_batch=255.210010 stage2_home_scored_neighbors=1768215 home_scores_per_expansion=1.092555 stage2_migrations=260 home_match_rate=0.078014 stage2_final_edges=10274 stage2_cross_edges_stage1_home=8953 stage2_cross_edges_final_home=7201 cross_edge_reduction_ratio=0.195689 failed=0 rpc_timeouts=0 reverse_aggregate_batches=0 reverse_aggregate_logical_requests=0 reverse_aggregate_ops=0 avg_reverse_aggregate_logicals=0.000000 avg_reverse_aggregate_ops=0.000000 max_backlog=282 admission_window=65536 completion_outstanding=0 completion_incomplete=0 completed_behind_hole=0 completion_logical_full_failures=0 completion_physical_full_failures=0 pressure_yields=45493 stage2_batches=36 avg_stage2_batch_size=7.833333 packing_target_batch=8 packing_admit_queue_avg=142.000000 packing_admit_queue_max=282 packing_batch_1_7=1 packing_batch_8=35 packing_assembly_batches=36 packing_assembly_wait_ms=542372.778611 packing_arrival_interval_us=1799 packing_waited_batches=1 packing_wait_ms=12.593000 packing_target_flushes=35 packing_deadline_flushes=1 packing_cleanup_flushes=0 stage2_phase_search_attempts=36 stage2_phase_search_task_attempts=282 stage2_phase_search_elapsed_ms=26941.572654 avg_stage2_phase_search_us_per_task=95537.491681 stage2_phase_freeze_prune_attempts=38 stage2_phase_freeze_prune_task_attempts=298 stage2_phase_freeze_prune_elapsed_ms=774.350533 avg_stage2_phase_freeze_prune_us_per_task=2598.491721 stage2_phase_reverse_prepare_attempts=36 stage2_phase_reverse_prepare_task_attempts=282 stage2_phase_reverse_prepare_elapsed_ms=4815.482323 avg_stage2_phase_reverse_prepare_us_per_task=17076.178450 stage2_phase_placement_authority_attempts=36 stage2_phase_placement_authority_task_attempts=282 stage2_phase_placement_authority_elapsed_ms=1817.211761 avg_stage2_phase_placement_authority_us_per_task=6444.013337 stage2_phase_completion_handoff_attempts=36 stage2_phase_completion_handoff_task_attempts=282 stage2_phase_completion_handoff_elapsed_ms=0.076912 avg_stage2_phase_completion_handoff_us_per_task=0.272738 stage2_phase_finalize_attempts=36 stage2_phase_finalize_task_attempts=282 stage2_phase_finalize_elapsed_ms=0.637244 avg_stage2_phase_finalize_us_per_task=2.259730 maintenance_worker_idle_waits=130560 maintenance_worker_idle_ms=868099.229901 maintenance_lost_wake_avoided=25627 maintenance_targeted_wakes=262449 maintenance_generic_wakes=153 maintenance_broadcast_wakes=0 maintenance_context_slots_scanned=1905744 maintenance_ready_notifications=19743 maintenance_ready_stale_notifications=0 maintenance_ready_tickets_drained=13314 maintenance_ready_overflow_scans=0 maintenance_ready_fallback_scans=119441 stage2_search_lane_lease_limit=32 stage2_search_lane_lease_peak=32 stage2_search_lane_lease_blocked=0 maintenance_worker_observed_idle_ratio=0.986031 maintenance_worker_observed_busy_ratio=0.013969 physical_stage1_items=282 physical_stage1_total_ns=1568558919 physical_stage1_search_ns=1453707965 physical_stage1_prune_ns=58722685 physical_stage1_allocate_write_ns=50144306 physical_stage1_backlink_ns=5395308 physical_stage1_candidates=36092 physical_stage1_remote_frontier_items=1571626 physical_stage1_neighbors=10664 peer_stage1_enqueued=236 peer_stage1_processed=236 peer_stage1_items=434 avg_peer_stage1_items=1.838983 peer_stage1_rate_per_sec=3.943674 peer_stage1_max_queue=37 peer_stage1_active_workers=0 peer_stage2_home_enqueued=8810 peer_stage2_home_processed=8810 peer_stage2_home_items=1140591 avg_peer_stage2_home_items=129.465494 peer_stage2_home_max_queue=7 peer_stage2_home_response_queue_drops=0 peer_stage2_home_response_send_wait_ms=97.176714 avg_peer_stage2_home_queue_wait_us=42.047846 avg_peer_stage2_home_execution_us=75.509490 peer_stage1_release_deferred_batches=0 peer_stage1_release_deferred_items=0 peer_stage1_duplicate_retry_responses=0 peer_stage1_admission_retry_responses=0 peer_stage1_retry_response_drops=0 peer_stage1_admission_waiters=0 peer_stage1_admission_waiter_items=0 peer_stage1_admission_owned_items=0 peer_stage1_admission_wake_coverage=0 peer_stage1_admission_parked=0 peer_stage1_admission_woken=0 peer_stage1_admission_reparked=0 peer_stage1_max_admission_waiters=0 peer_stage1_duplicate_coalesced=0 peer_reverse_enqueued=169 peer_reverse_processed=169 peer_reverse_remaining=0 peer_reverse_items_enqueued=5859 peer_reverse_items_processed=5859 peer_reverse_rate_per_sec=53.239605 peer_reverse_failed=2 peer_reverse_max_queue=9 reclaim_pending=209 reclaim_reused=51 dynamic_high_watermark=19600370336 stage2_remaining=0 cleanup_remaining=0 active_contexts=0 active_context_limit=32 repair_remaining=0 remaining=0
[STATUS]: storage-owner maintenance observation: enqueued=282 stage2_enqueued=282 cleanup_enqueued=0 stage2_tasks_done=282 stage2_finalized_live=282 cleanup_processed=0 stale=0 stage2_completion_ratio=1.000000 live_stage2_completion_ratio=1.000000 avg_stage2_delay_ms=16027.175863 p99_stage2_delay_upper_ms=30000.000000 p99_stage2_delay_over_30s=false stage2_delay_histogram=0,0,0,0,0,0,0,0,0,0,0,0,0,0,0,95,187,0 max_stage2_delay_ms=16213.789716 compaction_batch_target=32 compaction_max_delay_ms=25.000000 stage2_rate_per_sec=2.451065 stage1_search_budget_exhausted=0 stage2_search_budget_exhausted=0 stage2_continuations=282 stage2_remote_frontier_items=1571626 avg_stage2_remote_frontier=5573.141844 stage2_remote_expansions=31889 avg_stage2_remote_expansions=113.081560 stage2_scored_candidates=2301821 avg_stage2_scored_candidates=8162.485816 stage2_graph_read_waves=4104 avg_stage2_expansions_per_graph_wave=7.770224 stage2_graph_unique_reads=32547 stage2_graph_prefetch_issued=23850 stage2_graph_prefetch_hits=23192 stage2_graph_prefetch_wasted=658 stage2_graph_prefetch_promotion_ratio=0.972411 stage2_graph_issue_width_current=16 stage2_vector_read_waves=6069 avg_stage2_scores_per_vector_wave=379.275169 stage2_vector_unique_reads=2119478 stage2_home_rpc_batches=12588 stage2_home_rpc_items=1618422 avg_stage2_home_rpc_batch=128.568637 stage2_home_score_rpc_batches=6214 stage2_home_score_rpc_items=1585875 stage2_home_score_rpc_queries=47675 stage2_home_score_rpc_request_bytes=43126772 stage2_home_score_rpc_response_bytes=50996560 avg_stage2_home_score_queries_per_rpc=7.672192 avg_stage2_home_score_rpc_batch=255.210010 stage2_home_scored_neighbors=1768215 home_scores_per_expansion=1.092555 stage2_migrations=260 home_match_rate=0.078014 stage2_final_edges=10274 stage2_cross_edges_stage1_home=8953 stage2_cross_edges_final_home=7201 cross_edge_reduction_ratio=0.195689 failed=0 rpc_timeouts=0 reverse_aggregate_batches=0 reverse_aggregate_logical_requests=0 reverse_aggregate_ops=0 avg_reverse_aggregate_logicals=0.000000 avg_reverse_aggregate_ops=0.000000 max_backlog=282 admission_window=65536 completion_outstanding=0 completion_incomplete=0 completed_behind_hole=0 completion_logical_full_failures=0 completion_physical_full_failures=0 pressure_yields=45493 stage2_batches=36 avg_stage2_batch_size=7.833333 packing_target_batch=8 packing_admit_queue_avg=142.000000 packing_admit_queue_max=282 packing_batch_1_7=1 packing_batch_8=35 packing_assembly_batches=36 packing_assembly_wait_ms=542372.778611 packing_arrival_interval_us=1799 packing_waited_batches=1 packing_wait_ms=12.593000 packing_target_flushes=35 packing_deadline_flushes=1 packing_cleanup_flushes=0 stage2_phase_search_attempts=36 stage2_phase_search_task_attempts=282 stage2_phase_search_elapsed_ms=26941.572654 avg_stage2_phase_search_us_per_task=95537.491681 stage2_phase_freeze_prune_attempts=38 stage2_phase_freeze_prune_task_attempts=298 stage2_phase_freeze_prune_elapsed_ms=774.350533 avg_stage2_phase_freeze_prune_us_per_task=2598.491721 stage2_phase_reverse_prepare_attempts=36 stage2_phase_reverse_prepare_task_attempts=282 stage2_phase_reverse_prepare_elapsed_ms=4815.482323 avg_stage2_phase_reverse_prepare_us_per_task=17076.178450 stage2_phase_placement_authority_attempts=36 stage2_phase_placement_authority_task_attempts=282 stage2_phase_placement_authority_elapsed_ms=1817.211761 avg_stage2_phase_placement_authority_us_per_task=6444.013337 stage2_phase_completion_handoff_attempts=36 stage2_phase_completion_handoff_task_attempts=282 stage2_phase_completion_handoff_elapsed_ms=0.076912 avg_stage2_phase_completion_handoff_us_per_task=0.272738 stage2_phase_finalize_attempts=36 stage2_phase_finalize_task_attempts=282 stage2_phase_finalize_elapsed_ms=0.637244 avg_stage2_phase_finalize_us_per_task=2.259730 maintenance_worker_idle_waits=134656 maintenance_worker_idle_ms=909318.252687 maintenance_lost_wake_avoided=25627 maintenance_targeted_wakes=262449 maintenance_generic_wakes=153 maintenance_broadcast_wakes=0 maintenance_context_slots_scanned=1971280 maintenance_ready_notifications=19743 maintenance_ready_stale_notifications=0 maintenance_ready_tickets_drained=13314 maintenance_ready_overflow_scans=0 maintenance_ready_fallback_scans=123417 stage2_search_lane_lease_limit=32 stage2_search_lane_lease_peak=32 stage2_search_lane_lease_blocked=0 maintenance_worker_observed_idle_ratio=0.987943 maintenance_worker_observed_busy_ratio=0.012057 physical_stage1_items=282 physical_stage1_total_ns=1568558919 physical_stage1_search_ns=1453707965 physical_stage1_prune_ns=58722685 physical_stage1_allocate_write_ns=50144306 physical_stage1_backlink_ns=5395308 physical_stage1_candidates=36092 physical_stage1_remote_frontier_items=1571626 physical_stage1_neighbors=10664 peer_stage1_enqueued=236 peer_stage1_processed=236 peer_stage1_items=434 avg_peer_stage1_items=1.838983 peer_stage1_rate_per_sec=3.772207 peer_stage1_max_queue=37 peer_stage1_active_workers=0 peer_stage2_home_enqueued=8810 peer_stage2_home_processed=8810 peer_stage2_home_items=1140591 avg_peer_stage2_home_items=129.465494 peer_stage2_home_max_queue=7 peer_stage2_home_response_queue_drops=0 peer_stage2_home_response_send_wait_ms=97.176714 avg_peer_stage2_home_queue_wait_us=42.047846 avg_peer_stage2_home_execution_us=75.509490 peer_stage1_release_deferred_batches=0 peer_stage1_release_deferred_items=0 peer_stage1_duplicate_retry_responses=0 peer_stage1_admission_retry_responses=0 peer_stage1_retry_response_drops=0 peer_stage1_admission_waiters=0 peer_stage1_admission_waiter_items=0 peer_stage1_admission_owned_items=0 peer_stage1_admission_wake_coverage=0 peer_stage1_admission_parked=0 peer_stage1_admission_woken=0 peer_stage1_admission_reparked=0 peer_stage1_max_admission_waiters=0 peer_stage1_duplicate_coalesced=0 peer_reverse_enqueued=169 peer_reverse_processed=169 peer_reverse_remaining=0 peer_reverse_items_enqueued=5859 peer_reverse_items_processed=5859 peer_reverse_rate_per_sec=50.924795 peer_reverse_failed=2 peer_reverse_max_queue=9 reclaim_pending=209 reclaim_reused=51 dynamic_high_watermark=19600370336 stage2_remaining=0 cleanup_remaining=0 active_contexts=0 active_context_limit=32 repair_remaining=0 remaining=0
[STATUS]: storage-owner maintenance observation: enqueued=282 stage2_enqueued=282 cleanup_enqueued=0 stage2_tasks_done=282 stage2_finalized_live=282 cleanup_processed=0 stale=0 stage2_completion_ratio=1.000000 live_stage2_completion_ratio=1.000000 avg_stage2_delay_ms=16027.175863 p99_stage2_delay_upper_ms=30000.000000 p99_stage2_delay_over_30s=false stage2_delay_histogram=0,0,0,0,0,0,0,0,0,0,0,0,0,0,0,95,187,0 max_stage2_delay_ms=16213.789716 compaction_batch_target=32 compaction_max_delay_ms=25.000000 stage2_rate_per_sec=2.348947 stage1_search_budget_exhausted=0 stage2_search_budget_exhausted=0 stage2_continuations=282 stage2_remote_frontier_items=1571626 avg_stage2_remote_frontier=5573.141844 stage2_remote_expansions=31889 avg_stage2_remote_expansions=113.081560 stage2_scored_candidates=2301821 avg_stage2_scored_candidates=8162.485816 stage2_graph_read_waves=4104 avg_stage2_expansions_per_graph_wave=7.770224 stage2_graph_unique_reads=32547 stage2_graph_prefetch_issued=23850 stage2_graph_prefetch_hits=23192 stage2_graph_prefetch_wasted=658 stage2_graph_prefetch_promotion_ratio=0.972411 stage2_graph_issue_width_current=16 stage2_vector_read_waves=6069 avg_stage2_scores_per_vector_wave=379.275169 stage2_vector_unique_reads=2119478 stage2_home_rpc_batches=12588 stage2_home_rpc_items=1618422 avg_stage2_home_rpc_batch=128.568637 stage2_home_score_rpc_batches=6214 stage2_home_score_rpc_items=1585875 stage2_home_score_rpc_queries=47675 stage2_home_score_rpc_request_bytes=43126772 stage2_home_score_rpc_response_bytes=50996560 avg_stage2_home_score_queries_per_rpc=7.672192 avg_stage2_home_score_rpc_batch=255.210010 stage2_home_scored_neighbors=1768215 home_scores_per_expansion=1.092555 stage2_migrations=260 home_match_rate=0.078014 stage2_final_edges=10274 stage2_cross_edges_stage1_home=8953 stage2_cross_edges_final_home=7201 cross_edge_reduction_ratio=0.195689 failed=0 rpc_timeouts=0 reverse_aggregate_batches=0 reverse_aggregate_logical_requests=0 reverse_aggregate_ops=0 avg_reverse_aggregate_logicals=0.000000 avg_reverse_aggregate_ops=0.000000 max_backlog=282 admission_window=65536 completion_outstanding=0 completion_incomplete=0 completed_behind_hole=0 completion_logical_full_failures=0 completion_physical_full_failures=0 pressure_yields=45493 stage2_batches=36 avg_stage2_batch_size=7.833333 packing_target_batch=8 packing_admit_queue_avg=142.000000 packing_admit_queue_max=282 packing_batch_1_7=1 packing_batch_8=35 packing_assembly_batches=36 packing_assembly_wait_ms=542372.778611 packing_arrival_interval_us=1799 packing_waited_batches=1 packing_wait_ms=12.593000 packing_target_flushes=35 packing_deadline_flushes=1 packing_cleanup_flushes=0 stage2_phase_search_attempts=36 stage2_phase_search_task_attempts=282 stage2_phase_search_elapsed_ms=26941.572654 avg_stage2_phase_search_us_per_task=95537.491681 stage2_phase_freeze_prune_attempts=38 stage2_phase_freeze_prune_task_attempts=298 stage2_phase_freeze_prune_elapsed_ms=774.350533 avg_stage2_phase_freeze_prune_us_per_task=2598.491721 stage2_phase_reverse_prepare_attempts=36 stage2_phase_reverse_prepare_task_attempts=282 stage2_phase_reverse_prepare_elapsed_ms=4815.482323 avg_stage2_phase_reverse_prepare_us_per_task=17076.178450 stage2_phase_placement_authority_attempts=36 stage2_phase_placement_authority_task_attempts=282 stage2_phase_placement_authority_elapsed_ms=1817.211761 avg_stage2_phase_placement_authority_us_per_task=6444.013337 stage2_phase_completion_handoff_attempts=36 stage2_phase_completion_handoff_task_attempts=282 stage2_phase_completion_handoff_elapsed_ms=0.076912 avg_stage2_phase_completion_handoff_us_per_task=0.272738 stage2_phase_finalize_attempts=36 stage2_phase_finalize_task_attempts=282 stage2_phase_finalize_elapsed_ms=0.637244 avg_stage2_phase_finalize_us_per_task=2.259730 maintenance_worker_idle_waits=138624 maintenance_worker_idle_ms=949249.800231 maintenance_lost_wake_avoided=25627 maintenance_targeted_wakes=262449 maintenance_generic_wakes=153 maintenance_broadcast_wakes=0 maintenance_context_slots_scanned=2034768 maintenance_ready_notifications=19743 maintenance_ready_stale_notifications=0 maintenance_ready_tickets_drained=13314 maintenance_ready_overflow_scans=0 maintenance_ready_fallback_scans=127390 stage2_search_lane_lease_limit=32 stage2_search_lane_lease_peak=32 stage2_search_lane_lease_blocked=0 maintenance_worker_observed_idle_ratio=0.988359 maintenance_worker_observed_busy_ratio=0.011641 physical_stage1_items=282 physical_stage1_total_ns=1568558919 physical_stage1_search_ns=1453707965 physical_stage1_prune_ns=58722685 physical_stage1_allocate_write_ns=50144306 physical_stage1_backlink_ns=5395308 physical_stage1_candidates=36092 physical_stage1_remote_frontier_items=1571626 physical_stage1_neighbors=10664 peer_stage1_enqueued=236 peer_stage1_processed=236 peer_stage1_items=434 avg_peer_stage1_items=1.838983 peer_stage1_rate_per_sec=3.615046 peer_stage1_max_queue=37 peer_stage1_active_workers=0 peer_stage2_home_enqueued=8810 peer_stage2_home_processed=8810 peer_stage2_home_items=1140591 avg_peer_stage2_home_items=129.465494 peer_stage2_home_max_queue=7 peer_stage2_home_response_queue_drops=0 peer_stage2_home_response_send_wait_ms=97.176714 avg_peer_stage2_home_queue_wait_us=42.047846 avg_peer_stage2_home_execution_us=75.509490 peer_stage1_release_deferred_batches=0 peer_stage1_release_deferred_items=0 peer_stage1_duplicate_retry_responses=0 peer_stage1_admission_retry_responses=0 peer_stage1_retry_response_drops=0 peer_stage1_admission_waiters=0 peer_stage1_admission_waiter_items=0 peer_stage1_admission_owned_items=0 peer_stage1_admission_wake_coverage=0 peer_stage1_admission_parked=0 peer_stage1_admission_woken=0 peer_stage1_admission_reparked=0 peer_stage1_max_admission_waiters=0 peer_stage1_duplicate_coalesced=0 peer_reverse_enqueued=169 peer_reverse_processed=169 peer_reverse_remaining=0 peer_reverse_items_enqueued=5859 peer_reverse_items_processed=5859 peer_reverse_rate_per_sec=48.803120 peer_reverse_failed=2 peer_reverse_max_queue=9 reclaim_pending=209 reclaim_reused=51 dynamic_high_watermark=19600370336 stage2_remaining=0 cleanup_remaining=0 active_contexts=0 active_context_limit=32 repair_remaining=0 remaining=0
[STATUS]: storage-owner maintenance observation: enqueued=282 stage2_enqueued=282 cleanup_enqueued=0 stage2_tasks_done=282 stage2_finalized_live=282 cleanup_processed=0 stale=0 stage2_completion_ratio=1.000000 live_stage2_completion_ratio=1.000000 avg_stage2_delay_ms=16027.175863 p99_stage2_delay_upper_ms=30000.000000 p99_stage2_delay_over_30s=false stage2_delay_histogram=0,0,0,0,0,0,0,0,0,0,0,0,0,0,0,95,187,0 max_stage2_delay_ms=16213.789716 compaction_batch_target=32 compaction_max_delay_ms=25.000000 stage2_rate_per_sec=2.255021 stage1_search_budget_exhausted=0 stage2_search_budget_exhausted=0 stage2_continuations=282 stage2_remote_frontier_items=1571626 avg_stage2_remote_frontier=5573.141844 stage2_remote_expansions=31889 avg_stage2_remote_expansions=113.081560 stage2_scored_candidates=2301821 avg_stage2_scored_candidates=8162.485816 stage2_graph_read_waves=4104 avg_stage2_expansions_per_graph_wave=7.770224 stage2_graph_unique_reads=32547 stage2_graph_prefetch_issued=23850 stage2_graph_prefetch_hits=23192 stage2_graph_prefetch_wasted=658 stage2_graph_prefetch_promotion_ratio=0.972411 stage2_graph_issue_width_current=16 stage2_vector_read_waves=6069 avg_stage2_scores_per_vector_wave=379.275169 stage2_vector_unique_reads=2119478 stage2_home_rpc_batches=12588 stage2_home_rpc_items=1618422 avg_stage2_home_rpc_batch=128.568637 stage2_home_score_rpc_batches=6214 stage2_home_score_rpc_items=1585875 stage2_home_score_rpc_queries=47675 stage2_home_score_rpc_request_bytes=43126772 stage2_home_score_rpc_response_bytes=50996560 avg_stage2_home_score_queries_per_rpc=7.672192 avg_stage2_home_score_rpc_batch=255.210010 stage2_home_scored_neighbors=1768215 home_scores_per_expansion=1.092555 stage2_migrations=260 home_match_rate=0.078014 stage2_final_edges=10274 stage2_cross_edges_stage1_home=8953 stage2_cross_edges_final_home=7201 cross_edge_reduction_ratio=0.195689 failed=0 rpc_timeouts=0 reverse_aggregate_batches=0 reverse_aggregate_logical_requests=0 reverse_aggregate_ops=0 avg_reverse_aggregate_logicals=0.000000 avg_reverse_aggregate_ops=0.000000 max_backlog=282 admission_window=65536 completion_outstanding=0 completion_incomplete=0 completed_behind_hole=0 completion_logical_full_failures=0 completion_physical_full_failures=0 pressure_yields=45493 stage2_batches=36 avg_stage2_batch_size=7.833333 packing_target_batch=8 packing_admit_queue_avg=142.000000 packing_admit_queue_max=282 packing_batch_1_7=1 packing_batch_8=35 packing_assembly_batches=36 packing_assembly_wait_ms=542372.778611 packing_arrival_interval_us=1799 packing_waited_batches=1 packing_wait_ms=12.593000 packing_target_flushes=35 packing_deadline_flushes=1 packing_cleanup_flushes=0 stage2_phase_search_attempts=36 stage2_phase_search_task_attempts=282 stage2_phase_search_elapsed_ms=26941.572654 avg_stage2_phase_search_us_per_task=95537.491681 stage2_phase_freeze_prune_attempts=38 stage2_phase_freeze_prune_task_attempts=298 stage2_phase_freeze_prune_elapsed_ms=774.350533 avg_stage2_phase_freeze_prune_us_per_task=2598.491721 stage2_phase_reverse_prepare_attempts=36 stage2_phase_reverse_prepare_task_attempts=282 stage2_phase_reverse_prepare_elapsed_ms=4815.482323 avg_stage2_phase_reverse_prepare_us_per_task=17076.178450 stage2_phase_placement_authority_attempts=36 stage2_phase_placement_authority_task_attempts=282 stage2_phase_placement_authority_elapsed_ms=1817.211761 avg_stage2_phase_placement_authority_us_per_task=6444.013337 stage2_phase_completion_handoff_attempts=36 stage2_phase_completion_handoff_task_attempts=282 stage2_phase_completion_handoff_elapsed_ms=0.076912 avg_stage2_phase_completion_handoff_us_per_task=0.272738 stage2_phase_finalize_attempts=36 stage2_phase_finalize_task_attempts=282 stage2_phase_finalize_elapsed_ms=0.637244 avg_stage2_phase_finalize_us_per_task=2.259730 maintenance_worker_idle_waits=142528 maintenance_worker_idle_ms=988537.608944 maintenance_lost_wake_avoided=25627 maintenance_targeted_wakes=262449 maintenance_generic_wakes=153 maintenance_broadcast_wakes=0 maintenance_context_slots_scanned=2097232 maintenance_ready_notifications=19743 maintenance_ready_stale_notifications=0 maintenance_ready_tickets_drained=13314 maintenance_ready_overflow_scans=0 maintenance_ready_fallback_scans=131365 stage2_search_lane_lease_limit=32 stage2_search_lane_lease_peak=32 stage2_search_lane_lease_blocked=0 maintenance_worker_observed_idle_ratio=0.988108 maintenance_worker_observed_busy_ratio=0.011892 physical_stage1_items=282 physical_stage1_total_ns=1568558919 physical_stage1_search_ns=1453707965 physical_stage1_prune_ns=58722685 physical_stage1_allocate_write_ns=50144306 physical_stage1_backlink_ns=5395308 physical_stage1_candidates=36092 physical_stage1_remote_frontier_items=1571626 physical_stage1_neighbors=10664 peer_stage1_enqueued=236 peer_stage1_processed=236 peer_stage1_items=434 avg_peer_stage1_items=1.838983 peer_stage1_rate_per_sec=3.470493 peer_stage1_max_queue=37 peer_stage1_active_workers=0 peer_stage2_home_enqueued=8810 peer_stage2_home_processed=8810 peer_stage2_home_items=1140591 avg_peer_stage2_home_items=129.465494 peer_stage2_home_max_queue=7 peer_stage2_home_response_queue_drops=0 peer_stage2_home_response_send_wait_ms=97.176714 avg_peer_stage2_home_queue_wait_us=42.047846 avg_peer_stage2_home_execution_us=75.509490 peer_stage1_release_deferred_batches=0 peer_stage1_release_deferred_items=0 peer_stage1_duplicate_retry_responses=0 peer_stage1_admission_retry_responses=0 peer_stage1_retry_response_drops=0 peer_stage1_admission_waiters=0 peer_stage1_admission_waiter_items=0 peer_stage1_admission_owned_items=0 peer_stage1_admission_wake_coverage=0 peer_stage1_admission_parked=0 peer_stage1_admission_woken=0 peer_stage1_admission_reparked=0 peer_stage1_max_admission_waiters=0 peer_stage1_duplicate_coalesced=0 peer_reverse_enqueued=169 peer_reverse_processed=169 peer_reverse_remaining=0 peer_reverse_items_enqueued=5859 peer_reverse_items_processed=5859 peer_reverse_rate_per_sec=46.851653 peer_reverse_failed=2 peer_reverse_max_queue=9 reclaim_pending=209 reclaim_reused=51 dynamic_high_watermark=19600370336 stage2_remaining=0 cleanup_remaining=0 active_contexts=0 active_context_limit=32 repair_remaining=0 remaining=0
[STATUS]: storage-owner maintenance observation: enqueued=282 stage2_enqueued=282 cleanup_enqueued=0 stage2_tasks_done=282 stage2_finalized_live=282 cleanup_processed=0 stale=0 stage2_completion_ratio=1.000000 live_stage2_completion_ratio=1.000000 avg_stage2_delay_ms=16027.175863 p99_stage2_delay_upper_ms=30000.000000 p99_stage2_delay_over_30s=false stage2_delay_histogram=0,0,0,0,0,0,0,0,0,0,0,0,0,0,0,95,187,0 max_stage2_delay_ms=16213.789716 compaction_batch_target=32 compaction_max_delay_ms=25.000000 stage2_rate_per_sec=2.168314 stage1_search_budget_exhausted=0 stage2_search_budget_exhausted=0 stage2_continuations=282 stage2_remote_frontier_items=1571626 avg_stage2_remote_frontier=5573.141844 stage2_remote_expansions=31889 avg_stage2_remote_expansions=113.081560 stage2_scored_candidates=2301821 avg_stage2_scored_candidates=8162.485816 stage2_graph_read_waves=4104 avg_stage2_expansions_per_graph_wave=7.770224 stage2_graph_unique_reads=32547 stage2_graph_prefetch_issued=23850 stage2_graph_prefetch_hits=23192 stage2_graph_prefetch_wasted=658 stage2_graph_prefetch_promotion_ratio=0.972411 stage2_graph_issue_width_current=16 stage2_vector_read_waves=6069 avg_stage2_scores_per_vector_wave=379.275169 stage2_vector_unique_reads=2119478 stage2_home_rpc_batches=12588 stage2_home_rpc_items=1618422 avg_stage2_home_rpc_batch=128.568637 stage2_home_score_rpc_batches=6214 stage2_home_score_rpc_items=1585875 stage2_home_score_rpc_queries=47675 stage2_home_score_rpc_request_bytes=43126772 stage2_home_score_rpc_response_bytes=50996560 avg_stage2_home_score_queries_per_rpc=7.672192 avg_stage2_home_score_rpc_batch=255.210010 stage2_home_scored_neighbors=1768215 home_scores_per_expansion=1.092555 stage2_migrations=260 home_match_rate=0.078014 stage2_final_edges=10274 stage2_cross_edges_stage1_home=8953 stage2_cross_edges_final_home=7201 cross_edge_reduction_ratio=0.195689 failed=0 rpc_timeouts=0 reverse_aggregate_batches=0 reverse_aggregate_logical_requests=0 reverse_aggregate_ops=0 avg_reverse_aggregate_logicals=0.000000 avg_reverse_aggregate_ops=0.000000 max_backlog=282 admission_window=65536 completion_outstanding=0 completion_incomplete=0 completed_behind_hole=0 completion_logical_full_failures=0 completion_physical_full_failures=0 pressure_yields=45493 stage2_batches=36 avg_stage2_batch_size=7.833333 packing_target_batch=8 packing_admit_queue_avg=142.000000 packing_admit_queue_max=282 packing_batch_1_7=1 packing_batch_8=35 packing_assembly_batches=36 packing_assembly_wait_ms=542372.778611 packing_arrival_interval_us=1799 packing_waited_batches=1 packing_wait_ms=12.593000 packing_target_flushes=35 packing_deadline_flushes=1 packing_cleanup_flushes=0 stage2_phase_search_attempts=36 stage2_phase_search_task_attempts=282 stage2_phase_search_elapsed_ms=26941.572654 avg_stage2_phase_search_us_per_task=95537.491681 stage2_phase_freeze_prune_attempts=38 stage2_phase_freeze_prune_task_attempts=298 stage2_phase_freeze_prune_elapsed_ms=774.350533 avg_stage2_phase_freeze_prune_us_per_task=2598.491721 stage2_phase_reverse_prepare_attempts=36 stage2_phase_reverse_prepare_task_attempts=282 stage2_phase_reverse_prepare_elapsed_ms=4815.482323 avg_stage2_phase_reverse_prepare_us_per_task=17076.178450 stage2_phase_placement_authority_attempts=36 stage2_phase_placement_authority_task_attempts=282 stage2_phase_placement_authority_elapsed_ms=1817.211761 avg_stage2_phase_placement_authority_us_per_task=6444.013337 stage2_phase_completion_handoff_attempts=36 stage2_phase_completion_handoff_task_attempts=282 stage2_phase_completion_handoff_elapsed_ms=0.076912 avg_stage2_phase_completion_handoff_us_per_task=0.272738 stage2_phase_finalize_attempts=36 stage2_phase_finalize_task_attempts=282 stage2_phase_finalize_elapsed_ms=0.637244 avg_stage2_phase_finalize_us_per_task=2.259730 maintenance_worker_idle_waits=146496 maintenance_worker_idle_ms=1028479.697187 maintenance_lost_wake_avoided=25627 maintenance_targeted_wakes=262449 maintenance_generic_wakes=153 maintenance_broadcast_wakes=0 maintenance_context_slots_scanned=2160720 maintenance_ready_notifications=19743 maintenance_ready_stale_notifications=0 maintenance_ready_tickets_drained=13314 maintenance_ready_overflow_scans=0 maintenance_ready_fallback_scans=135338 stage2_search_lane_lease_limit=32 stage2_search_lane_lease_peak=32 stage2_search_lane_lease_blocked=0 maintenance_worker_observed_idle_ratio=0.988505 maintenance_worker_observed_busy_ratio=0.011495 physical_stage1_items=282 physical_stage1_total_ns=1568558919 physical_stage1_search_ns=1453707965 physical_stage1_prune_ns=58722685 physical_stage1_allocate_write_ns=50144306 physical_stage1_backlink_ns=5395308 physical_stage1_candidates=36092 physical_stage1_remote_frontier_items=1571626 physical_stage1_neighbors=10664 peer_stage1_enqueued=236 peer_stage1_processed=236 peer_stage1_items=434 avg_peer_stage1_items=1.838983 peer_stage1_rate_per_sec=3.337050 peer_stage1_max_queue=37 peer_stage1_active_workers=0 peer_stage2_home_enqueued=8810 peer_stage2_home_processed=8810 peer_stage2_home_items=1140591 avg_peer_stage2_home_items=129.465494 peer_stage2_home_max_queue=7 peer_stage2_home_response_queue_drops=0 peer_stage2_home_response_send_wait_ms=97.176714 avg_peer_stage2_home_queue_wait_us=42.047846 avg_peer_stage2_home_execution_us=75.509490 peer_stage1_release_deferred_batches=0 peer_stage1_release_deferred_items=0 peer_stage1_duplicate_retry_responses=0 peer_stage1_admission_retry_responses=0 peer_stage1_retry_response_drops=0 peer_stage1_admission_waiters=0 peer_stage1_admission_waiter_items=0 peer_stage1_admission_owned_items=0 peer_stage1_admission_wake_coverage=0 peer_stage1_admission_parked=0 peer_stage1_admission_woken=0 peer_stage1_admission_reparked=0 peer_stage1_max_admission_waiters=0 peer_stage1_duplicate_coalesced=0 peer_reverse_enqueued=169 peer_reverse_processed=169 peer_reverse_remaining=0 peer_reverse_items_enqueued=5859 peer_reverse_items_processed=5859 peer_reverse_rate_per_sec=45.050174 peer_reverse_failed=2 peer_reverse_max_queue=9 reclaim_pending=209 reclaim_reused=51 dynamic_high_watermark=19600370336 stage2_remaining=0 cleanup_remaining=0 active_contexts=0 active_context_limit=32 repair_remaining=0 remaining=0
