============================================================
                        SERVER
============================================================
num clients:                  1
TCP port:                     1235
QP handshake timeout (ms):    10000
IB device:                    <auto>
IB port:                      1
max outstanding CQEs:         64
max send work requests:       4096
max receive work requests:    4096
============================================================
index prefix:                     "/data/xjs/index/dvstor_spacev100m/index/spacev100m_R96_bw128_balanced_pmd32_pq20_schema16"
storage shard:                    "/data/xjs/index/dvstor_spacev100m/index/spacev100m_R96_bw128_balanced_pmd32_pq20_schema16_node2_of5.dat"
storage id:                       1
base vectors:                     100000000
vector ID namespace [0,N):        4294967295
registered memory GiB:            22
====================================================================
1 device(s) found
Selected device: ibp86s0
Selected port state: 4, lid: 8, active_mtu: 5
interleaved policy
num_cores: 112
physical cores per socket: 28
hyperthreading enabled
local process CPU partition: rank 1/5 logical_cpus=22
pairing: 76526 -- 7065
[STATUS]: loaded index metadata from /data/xjs/index/dvstor_spacev100m/index/spacev100m_R96_bw128_balanced_pmd32_pq20_schema16 (layout=plain, vector_data_type=int8)
[STATUS]: storage-owner stage2 candidate width L=128 per shard
allocation size: 23622320128
allocated ALIGNED MEM (no hugepage) at 127683532947520 with buffer size 23622320128
[STATUS]: loading index (19200000128 Bytes) from /data/xjs/index/dvstor_spacev100m/index/spacev100m_R96_bw128_balanced_pmd32_pq20_schema16_node2_of5.dat
[STATUS]: loaded GPU PQ codes (400000000 Bytes) at remote offset 19200004224
[STATUS]: storage-owner idmap loaded entries=20000000 format=owner_sharded_v2_bound immutable_base=true dynamic_shards=256 dynamic_reserved=65536
[STATUS]: compensated physical centroid restored on shard 1: vectors=20000000 entries=4
[STATUS]: register memory and distribute access token
[STATUS]: connect QPs of compute threads
[STATUS]: reserving 64 GPU/bootstrap QPs per compute node
pairing: 76532 -- 7070
pairing: 76536 -- 7075
pairing: 76541 -- 7080
pairing: 76546 -- 7085
pairing: 76551 -- 7090
pairing: 76556 -- 7095
pairing: 76561 -- 7100
pairing: 76566 -- 7105
pairing: 76571 -- 7110
pairing: 76576 -- 7115
pairing: 76581 -- 7120
pairing: 76586 -- 7125
pairing: 76591 -- 7130
pairing: 76596 -- 7135
pairing: 76601 -- 7140
pairing: 76606 -- 7145
pairing: 76611 -- 7150
pairing: 76616 -- 7155
pairing: 76621 -- 7160
pairing: 76626 -- 7165
pairing: 76631 -- 7170
pairing: 76636 -- 7175
pairing: 76641 -- 7180
pairing: 76646 -- 7185
pairing: 76651 -- 7190
pairing: 76656 -- 7195
pairing: 76661 -- 7200
pairing: 76666 -- 7205
pairing: 76671 -- 7210
pairing: 76676 -- 7215
pairing: 76681 -- 7220
pairing: 76686 -- 7225
pairing: 76691 -- 7261
pairing: 76726 -- 7262
pairing: 76727 -- 7263
pairing: 76728 -- 7264
pairing: 76729 -- 7265
pairing: 76730 -- 7266
pairing: 76731 -- 7267
pairing: 76732 -- 7268
pairing: 76733 -- 7269
pairing: 76734 -- 7270
pairing: 76735 -- 7271
pairing: 76736 -- 7272
pairing: 76737 -- 7273
pairing: 76738 -- 7274
pairing: 76739 -- 7275
pairing: 76740 -- 7276
pairing: 76741 -- 7277
pairing: 76742 -- 7278
pairing: 76743 -- 7279
pairing: 76744 -- 7280
pairing: 76745 -- 7281
pairing: 76746 -- 7282
pairing: 76747 -- 7283
pairing: 76748 -- 7284
pairing: 76749 -- 7285
pairing: 76750 -- 7286
pairing: 76751 -- 7287
pairing: 76752 -- 7288
pairing: 76753 -- 7289
pairing: 76754 -- 7290
pairing: 76755 -- 7291
pairing: 76756 -- 7292
[STATUS]: waiting for compute-node startup barrier
1 device(s) found
Selected device: ibp86s0
Selected port state: 4, lid: 8, active_mtu: 5
pairing: 76851 -- 76850
pairing: 76855 -- 76859
pairing: 76862 -- 76867
pairing: 76870 -- 76875
pairing: 76878 -- 76883
pairing: 76886 -- 76891
pairing: 76894 -- 76899
pairing: 76902 -- 76907
pairing: 76910 -- 76914
pairing: 76917 -- 76916
pairing: 76920 -- 76918
pairing: 76922 -- 76919
pairing: 76924 -- 76921
pairing: 76926 -- 76923
pairing: 76929 -- 76925
pairing: 76930 -- 76927
pairing: 76932 -- 76928
pairing: 76935 -- 76931
pairing: 76936 -- 76933
pairing: 76938 -- 76934
pairing: 76940 -- 76937
pairing: 76942 -- 76939
pairing: 76944 -- 76941
pairing: 76947 -- 76943
pairing: 76949 -- 76945
pairing: 76951 -- 76946
pairing: 76953 -- 76948
pairing: 76954 -- 76950
pairing: 76956 -- 76952
pairing: 76958 -- 76955
pairing: 76960 -- 76957
pairing: 76963 -- 76961
[STATUS]: storage-owner peer RDMA QPs per peer: 8
[STATUS]: storage-owner peer QP0 reserved for RPC; data RDMA uses QP1..7
allocated ALIGNED MEM (no hugepage) at 127682465497152 with buffer size 67108864
allocated ALIGNED MEM (no hugepage) at 127682425651264 with buffer size 39839040
[STATUS]: storage-owner peer RPC receive slots per peer: 64 (requested=64)
[STATUS]: storage-owner peer RPC concurrent sends per peer: 16
[STATUS]: storage-owner peer RPC send credits: Stage1/graph are split at depth >= 2; responses use a dedicated sync buffer
[STATUS]: storage-owner peer async response capacity: 32768
[STATUS]: storage-owner Stage2 home RPC combining: enabled logical_capacity=18432 aggregate_capacity=4608 byte_budget=33586224
allocated ALIGNED MEM (no hugepage) at 100540743243264 with buffer size 96256
allocated ALIGNED MEM (no hugepage) at 127682700558400 with buffer size 212992
allocated ALIGNED MEM (no hugepage) at 127682696286272 with buffer size 212992
[STATUS]: storage-owner peer reverse-update workers: 2
[STATUS]: storage-owner peer Stage1 workers: 3; Stage2-home workers: 1 (one reserved; shared lanes borrow authoritative work only)
[STATUS]: storage-owner physical control workers: cleanup=1 placement=1 (separate blocking domains)
[STATUS]: storage-owner peer progress threads: cq=1 response_dispatch=1
[STATUS]: storage-owner Stage1 artifact capacity: 67584 (64-way, per shard=1056) cleanup replay per shard=2048 active migration receipts=131072
[STATUS]: storage-owner peer reverse-update tuning: queue_depth=65536 coalesce_max=256
allocated ALIGNED MEM (no hugepage) at 127682683789376 with buffer size 855296
allocated ALIGNED MEM (no hugepage) at 127682680647744 with buffer size 855296
allocated ALIGNED MEM (no hugepage) at 127682679791680 with buffer size 855296
allocated ALIGNED MEM (no hugepage) at 127682676453440 with buffer size 855296
allocated ALIGNED MEM (no hugepage) at 127682675396672 with buffer size 855296
allocated ALIGNED MEM (no hugepage) at 127682672058432 with buffer size 855296
allocated ALIGNED MEM (no hugepage) at 127682668064832 with buffer size 855296
allocated ALIGNED MEM (no hugepage) at 127682667208768 with buffer size 855296
[STATUS]: storage-owner peer scratch: snapshot_slot=192 graph_slot=832 batch=256 lane_peak_rdma_wrs=56 lane_useful_wave_rdma_wrs=56 global_read_window=224 search_lanes_global=32 search_lanes_credit_derived=16 search_lane_lease_cap=32 search_lanes_physical_per_worker=4 ready_context_runtime_epoch=1 bytes_per_lane=213824 bytes_total=6842368
[STATUS]: storage-owner maintenance workers: 8 (configured=8, admission_baseline_workers=2, context_limit=32, semantic_execution_batch=8, work_conserving=true)
[STATUS]: storage-owner stage2 reverse outbox descriptors: 128 aggregates=128 wire_max_ops=3072 (shared per-peer work-conserving aggregation)
[STATUS]: storage-owner maintenance tuning: protocol=centroid-home-two-stage compaction_batch_target=32 packing_policy=deterministic_b8 packing_tail_wait_us=arrival_adaptive_capped_25000 packing_context_limit=8 backlog_limit=65536 admission_credit=bounded_accepted_backlog admission_window=65536 physical_completion_capacity=65536
[STATUS]: storage-owner peer RDMA read credits: per_data_qp=8 data_qps_per_peer=7 per_peer=56 global=224 shared_cq_read_budget=8095 ordered_snapshot_pairs_per_chain=4 (requested_per_data_qp=16)
[STATUS]: storage-owner online insert tuning: construction_beam=128 snapshot_batch=256 protocol=centroid-home-two-stage
[STATUS]: storage-owner stage1=physical-home local search and backlinks; stage2=generation-fenced home expand+score continuation
[STATUS]: storage-owner responses=foreground direct post; completion=repost by service poller
[STATUS]: storage-owner foreground pipeline: coordinators=12 cpu_lanes=3 (assigned_cpus=22, rpc_parallelism=16)
[STATUS]: storage-owner CPU plan: foreground_cpu=3 foreground_coordinators=12 maintenance=8 peer_stage1=4 (split into isolated Stage1/Stage2-home domains) peer_reverse=2 peer_cleanup=1 peer_placement=1 peer_progress=2 foreground_progress=1
[STATUS]: storage-owner insert runtime enabled on shard 1
[STATUS]: storage-owner maintenance observation: enqueued=149 stage2_enqueued=149 cleanup_enqueued=0 stage2_tasks_done=140 stage2_finalized_live=140 cleanup_processed=0 stale=0 stage2_completion_ratio=0.939597 live_stage2_completion_ratio=0.939597 avg_stage2_delay_ms=175.389606 p99_stage2_delay_upper_ms=512.000000 p99_stage2_delay_over_30s=false stage2_delay_histogram=0,0,0,0,0,0,6,59,43,32,0,0,0,0,0,0,0,0 max_stage2_delay_ms=432.449787 compaction_batch_target=32 compaction_max_delay_ms=25.000000 stage2_rate_per_sec=27.875223 stage1_search_budget_exhausted=0 stage2_search_budget_exhausted=0 stage2_continuations=148 stage2_remote_frontier_items=975379 avg_stage2_remote_frontier=6590.398649 stage2_remote_expansions=15973 avg_stage2_remote_expansions=107.925676 stage2_scored_candidates=1499972 avg_stage2_scored_candidates=10134.945946 stage2_graph_read_waves=4082 avg_stage2_expansions_per_graph_wave=3.913033 stage2_graph_unique_reads=17289 stage2_graph_prefetch_issued=11250 stage2_graph_prefetch_hits=10680 stage2_graph_prefetch_wasted=502 stage2_graph_prefetch_promotion_ratio=0.955106 stage2_graph_issue_width_current=16 stage2_vector_read_waves=7333 avg_stage2_scores_per_vector_wave=204.550934 stage2_vector_unique_reads=1368867 stage2_home_rpc_batches=9301 stage2_home_rpc_items=993227 avg_stage2_home_rpc_batch=106.787120 stage2_home_score_rpc_batches=3857 stage2_home_score_rpc_items=975938 stage2_home_score_rpc_queries=14635 stage2_home_score_rpc_request_bytes=25071036 stage2_home_score_rpc_response_bytes=31384408 avg_stage2_home_score_queries_per_rpc=3.794400 avg_stage2_home_score_rpc_batch=253.030334 stage2_home_scored_neighbors=1107024 home_scores_per_expansion=1.114573 stage2_migrations=135 home_match_rate=0.035714 stage2_final_edges=5345 stage2_cross_edges_stage1_home=4703 stage2_cross_edges_final_home=3754 cross_edge_reduction_ratio=0.201786 failed=0 rpc_timeouts=0 reverse_aggregate_batches=0 reverse_aggregate_logical_requests=0 reverse_aggregate_ops=0 avg_reverse_aggregate_logicals=0.000000 avg_reverse_aggregate_ops=0.000000 max_backlog=8 admission_window=65536 completion_outstanding=12 completion_incomplete=9 completed_behind_hole=3 completion_logical_full_failures=0 completion_physical_full_failures=0 pressure_yields=221 stage2_batches=49 avg_stage2_batch_size=3.020408 packing_target_batch=8 packing_admit_queue_avg=3.020408 packing_admit_queue_max=8 packing_batch_1_7=48 packing_batch_8=1 packing_assembly_batches=49 packing_assembly_wait_ms=1222.505306 packing_arrival_interval_us=13181 packing_waited_batches=48 packing_wait_ms=1200.000000 packing_target_flushes=1 packing_deadline_flushes=48 packing_cleanup_flushes=0 stage2_phase_search_attempts=46 stage2_phase_search_task_attempts=140 stage2_phase_search_elapsed_ms=4182.715020 avg_stage2_phase_search_us_per_task=29876.535857 stage2_phase_freeze_prune_attempts=46 stage2_phase_freeze_prune_task_attempts=140 stage2_phase_freeze_prune_elapsed_ms=129.478600 avg_stage2_phase_freeze_prune_us_per_task=924.847143 stage2_phase_reverse_prepare_attempts=46 stage2_phase_reverse_prepare_task_attempts=140 stage2_phase_reverse_prepare_elapsed_ms=532.181923 avg_stage2_phase_reverse_prepare_us_per_task=3801.299450 stage2_phase_placement_authority_attempts=46 stage2_phase_placement_authority_task_attempts=140 stage2_phase_placement_authority_elapsed_ms=111.447429 avg_stage2_phase_placement_authority_us_per_task=796.053064 stage2_phase_completion_handoff_attempts=46 stage2_phase_completion_handoff_task_attempts=140 stage2_phase_completion_handoff_elapsed_ms=0.061950 avg_stage2_phase_completion_handoff_us_per_task=0.442500 stage2_phase_finalize_attempts=46 stage2_phase_finalize_task_attempts=140 stage2_phase_finalize_elapsed_ms=0.237834 avg_stage2_phase_finalize_us_per_task=1.698814 maintenance_worker_idle_waits=16704 maintenance_worker_idle_ms=36279.945488 maintenance_lost_wake_avoided=2235 maintenance_targeted_wakes=29294 maintenance_generic_wakes=149 maintenance_broadcast_wakes=0 maintenance_context_slots_scanned=125920 maintenance_ready_notifications=16782 maintenance_ready_stale_notifications=0 maintenance_ready_tickets_drained=14004 maintenance_ready_overflow_scans=0 maintenance_ready_fallback_scans=8079 stage2_search_lane_lease_limit=32 stage2_search_lane_lease_peak=8 stage2_search_lane_lease_blocked=0 maintenance_worker_observed_idle_ratio=0.902957 maintenance_worker_observed_busy_ratio=0.097043 physical_stage1_items=149 physical_stage1_total_ns=1003070739 physical_stage1_search_ns=958514684 physical_stage1_prune_ns=28899834 physical_stage1_allocate_write_ns=11108342 physical_stage1_backlink_ns=4046820 physical_stage1_candidates=19072 physical_stage1_remote_frontier_items=982882 physical_stage1_neighbors=5206 peer_stage1_enqueued=243 peer_stage1_processed=242 peer_stage1_items=240 avg_peer_stage1_items=0.991736 peer_stage1_rate_per_sec=47.786096 peer_stage1_max_queue=2 peer_stage1_active_workers=2 peer_stage2_home_enqueued=12219 peer_stage2_home_processed=12217 peer_stage2_home_items=1333310 avg_peer_stage2_home_items=109.135631 peer_stage2_home_max_queue=9 peer_stage2_home_response_queue_drops=0 peer_stage2_home_response_send_wait_ms=72.589003 avg_peer_stage2_home_queue_wait_us=14.001338 avg_peer_stage2_home_execution_us=56.991353 peer_stage1_release_deferred_batches=2 peer_stage1_release_deferred_items=2 peer_stage1_duplicate_retry_responses=0 peer_stage1_admission_retry_responses=0 peer_stage1_retry_response_drops=0 peer_stage1_admission_waiters=0 peer_stage1_admission_waiter_items=0 peer_stage1_admission_owned_items=0 peer_stage1_admission_wake_coverage=0 peer_stage1_admission_parked=0 peer_stage1_admission_woken=0 peer_stage1_admission_reparked=0 peer_stage1_max_admission_waiters=0 peer_stage1_duplicate_coalesced=0 peer_reverse_enqueued=353 peer_reverse_processed=353 peer_reverse_remaining=0 peer_reverse_items_enqueued=6702 peer_reverse_items_processed=6702 peer_reverse_rate_per_sec=1334.426732 peer_reverse_failed=5 peer_reverse_max_queue=2 reclaim_pending=15 reclaim_reused=120 dynamic_high_watermark=19600251296 stage2_remaining=1 cleanup_remaining=0 active_contexts=3 active_context_limit=32 repair_remaining=0 remaining=9
[STATUS]: storage-owner maintenance observation: enqueued=334 stage2_enqueued=334 cleanup_enqueued=0 stage2_tasks_done=333 stage2_finalized_live=333 cleanup_processed=0 stale=0 stage2_completion_ratio=0.997006 live_stage2_completion_ratio=0.997006 avg_stage2_delay_ms=131.442532 p99_stage2_delay_upper_ms=512.000000 p99_stage2_delay_over_30s=false stage2_delay_histogram=0,0,0,0,0,0,43,175,83,32,0,0,0,0,0,0,0,0 max_stage2_delay_ms=432.449787 compaction_batch_target=32 compaction_max_delay_ms=25.000000 stage2_rate_per_sec=33.224756 stage1_search_budget_exhausted=0 stage2_search_budget_exhausted=0 stage2_continuations=334 stage2_remote_frontier_items=2111663 avg_stage2_remote_frontier=6322.344311 stage2_remote_expansions=37929 avg_stage2_remote_expansions=113.559880 stage2_scored_candidates=3240761 avg_stage2_scored_candidates=9702.877246 stage2_graph_read_waves=9949 avg_stage2_expansions_per_graph_wave=3.812343 stage2_graph_unique_reads=39112 stage2_graph_prefetch_issued=25554 stage2_graph_prefetch_hits=24371 stage2_graph_prefetch_wasted=1183 stage2_graph_prefetch_promotion_ratio=0.953706 stage2_graph_issue_width_current=16 stage2_vector_read_waves=19088 avg_stage2_scores_per_vector_wave=169.780019 stage2_vector_unique_reads=2957949 stage2_home_rpc_batches=20809 stage2_home_rpc_items=2144801 avg_stage2_home_rpc_batch=103.070835 stage2_home_score_rpc_batches=8343 stage2_home_score_rpc_items=2105689 stage2_home_score_rpc_queries=27903 stage2_home_score_rpc_request_bytes=53726932 stage2_home_score_rpc_response_bytes=67716168 avg_stage2_home_score_queries_per_rpc=3.344480 avg_stage2_home_score_rpc_batch=252.389908 stage2_home_scored_neighbors=2388376 home_scores_per_expansion=1.113565 stage2_migrations=315 home_match_rate=0.054054 stage2_final_edges=12793 stage2_cross_edges_stage1_home=11199 stage2_cross_edges_final_home=8972 cross_edge_reduction_ratio=0.198857 failed=0 rpc_timeouts=0 reverse_aggregate_batches=0 reverse_aggregate_logical_requests=0 reverse_aggregate_ops=0 avg_reverse_aggregate_logicals=0.000000 avg_reverse_aggregate_ops=0.000000 max_backlog=8 admission_window=65536 completion_outstanding=1 completion_incomplete=1 completed_behind_hole=0 completion_logical_full_failures=0 completion_physical_full_failures=0 pressure_yields=221 stage2_batches=132 avg_stage2_batch_size=2.530303 packing_target_batch=8 packing_admit_queue_avg=2.530303 packing_admit_queue_max=8 packing_batch_1_7=131 packing_batch_8=1 packing_assembly_batches=132 packing_assembly_wait_ms=3301.921991 packing_arrival_interval_us=25000 packing_waited_batches=131 packing_wait_ms=3275.000000 packing_target_flushes=1 packing_deadline_flushes=131 packing_cleanup_flushes=0 stage2_phase_search_attempts=132 stage2_phase_search_task_attempts=334 stage2_phase_search_elapsed_ms=7967.683885 avg_stage2_phase_search_us_per_task=23855.340973 stage2_phase_freeze_prune_attempts=131 stage2_phase_freeze_prune_task_attempts=333 stage2_phase_freeze_prune_elapsed_ms=250.061579 avg_stage2_phase_freeze_prune_us_per_task=750.935673 stage2_phase_reverse_prepare_attempts=131 stage2_phase_reverse_prepare_task_attempts=333 stage2_phase_reverse_prepare_elapsed_ms=995.220325 avg_stage2_phase_reverse_prepare_us_per_task=2988.649625 stage2_phase_placement_authority_attempts=131 stage2_phase_placement_authority_task_attempts=333 stage2_phase_placement_authority_elapsed_ms=197.749627 avg_stage2_phase_placement_authority_us_per_task=593.842724 stage2_phase_completion_handoff_attempts=131 stage2_phase_completion_handoff_task_attempts=333 stage2_phase_completion_handoff_elapsed_ms=0.178559 avg_stage2_phase_completion_handoff_us_per_task=0.536213 stage2_phase_finalize_attempts=131 stage2_phase_finalize_task_attempts=333 stage2_phase_finalize_elapsed_ms=0.536073 avg_stage2_phase_finalize_us_per_task=1.609829 maintenance_worker_idle_waits=39040 maintenance_worker_idle_ms=74237.107604 maintenance_lost_wake_avoided=3589 maintenance_targeted_wakes=57553 maintenance_generic_wakes=334 maintenance_broadcast_wakes=0 maintenance_context_slots_scanned=223824 maintenance_ready_notifications=40550 maintenance_ready_stale_notifications=0 maintenance_ready_tickets_drained=34397 maintenance_ready_overflow_scans=0 maintenance_ready_fallback_scans=14112 stage2_search_lane_lease_limit=32 stage2_search_lane_lease_peak=8 stage2_search_lane_lease_blocked=0 maintenance_worker_observed_idle_ratio=0.925867 maintenance_worker_observed_busy_ratio=0.074133 physical_stage1_items=334 physical_stage1_total_ns=1885171271 physical_stage1_search_ns=1794798163 physical_stage1_prune_ns=59120210 physical_stage1_allocate_write_ns=22273979 physical_stage1_backlink_ns=7965909 physical_stage1_candidates=42750 physical_stage1_remote_frontier_items=2111663 physical_stage1_neighbors=11668 peer_stage1_enqueued=539 peer_stage1_processed=539 peer_stage1_items=534 avg_peer_stage1_items=0.990724 peer_stage1_rate_per_sec=53.279338 peer_stage1_max_queue=2 peer_stage1_active_workers=0 peer_stage2_home_enqueued=42592 peer_stage2_home_processed=42592 peer_stage2_home_items=4723030 avg_peer_stage2_home_items=110.890073 peer_stage2_home_max_queue=9 peer_stage2_home_response_queue_drops=0 peer_stage2_home_response_send_wait_ms=237.965516 avg_peer_stage2_home_queue_wait_us=12.989360 avg_peer_stage2_home_execution_us=52.147612 peer_stage1_release_deferred_batches=6 peer_stage1_release_deferred_items=6 peer_stage1_duplicate_retry_responses=0 peer_stage1_admission_retry_responses=0 peer_stage1_retry_response_drops=0 peer_stage1_admission_waiters=0 peer_stage1_admission_waiter_items=0 peer_stage1_admission_owned_items=0 peer_stage1_admission_wake_coverage=0 peer_stage1_admission_parked=0 peer_stage1_admission_woken=0 peer_stage1_admission_reparked=0 peer_stage1_max_admission_waiters=0 peer_stage1_duplicate_coalesced=0 peer_reverse_enqueued=1195 peer_reverse_processed=1195 peer_reverse_remaining=0 peer_reverse_items_enqueued=26806 peer_reverse_items_processed=26806 peer_reverse_rate_per_sec=2674.542949 peer_reverse_failed=26 peer_reverse_max_queue=5 reclaim_pending=0 reclaim_reused=315 dynamic_high_watermark=19600768128 stage2_remaining=0 cleanup_remaining=0 active_contexts=1 active_context_limit=32 repair_remaining=0 remaining=1
[STATUS]: storage-owner maintenance observation: enqueued=474 stage2_enqueued=474 cleanup_enqueued=0 stage2_tasks_done=473 stage2_finalized_live=473 cleanup_processed=0 stale=0 stage2_completion_ratio=0.997890 live_stage2_completion_ratio=0.997890 avg_stage2_delay_ms=115.696674 p99_stage2_delay_upper_ms=512.000000 p99_stage2_delay_over_30s=false stage2_delay_histogram=0,0,0,0,0,0,88,264,89,32,0,0,0,0,0,0,0,0 max_stage2_delay_ms=432.449787 compaction_batch_target=32 compaction_max_delay_ms=25.000000 stage2_rate_per_sec=31.485210 stage1_search_budget_exhausted=0 stage2_search_budget_exhausted=0 stage2_continuations=474 stage2_remote_frontier_items=2915356 avg_stage2_remote_frontier=6150.540084 stage2_remote_expansions=53680 avg_stage2_remote_expansions=113.248945 stage2_scored_candidates=4476751 avg_stage2_scored_candidates=9444.622363 stage2_graph_read_waves=14724 avg_stage2_expansions_per_graph_wave=3.645748 stage2_graph_unique_reads=55298 stage2_graph_prefetch_issued=36062 stage2_graph_prefetch_hits=34444 stage2_graph_prefetch_wasted=1618 stage2_graph_prefetch_promotion_ratio=0.955133 stage2_graph_issue_width_current=16 stage2_vector_read_waves=30427 avg_stage2_scores_per_vector_wave=147.130871 stage2_vector_unique_reads=4085970 stage2_home_rpc_batches=29483 stage2_home_rpc_items=2957614 avg_stage2_home_rpc_batch=100.315911 stage2_home_score_rpc_batches=11591 stage2_home_score_rpc_items=2902316 stage2_home_score_rpc_queries=35500 stage2_home_score_rpc_request_bytes=73760776 stage2_home_score_rpc_response_bytes=93339072 avg_stage2_home_score_queries_per_rpc=3.062721 avg_stage2_home_score_rpc_batch=250.393926 stage2_home_scored_neighbors=3292956 home_scores_per_expansion=1.113383 stage2_migrations=445 home_match_rate=0.059197 stage2_final_edges=18750 stage2_cross_edges_stage1_home=16366 stage2_cross_edges_final_home=13158 cross_edge_reduction_ratio=0.196016 failed=0 rpc_timeouts=0 reverse_aggregate_batches=0 reverse_aggregate_logical_requests=0 reverse_aggregate_ops=0 avg_reverse_aggregate_logicals=0.000000 avg_reverse_aggregate_ops=0.000000 max_backlog=8 admission_window=65536 completion_outstanding=1 completion_incomplete=1 completed_behind_hole=0 completion_logical_full_failures=0 completion_physical_full_failures=0 pressure_yields=221 stage2_batches=203 avg_stage2_batch_size=2.334975 packing_target_batch=8 packing_admit_queue_avg=2.334975 packing_admit_queue_max=8 packing_batch_1_7=202 packing_batch_8=1 packing_assembly_batches=203 packing_assembly_wait_ms=5080.786513 packing_arrival_interval_us=25000 packing_waited_batches=202 packing_wait_ms=5050.000000 packing_target_flushes=1 packing_deadline_flushes=202 packing_cleanup_flushes=0 stage2_phase_search_attempts=203 stage2_phase_search_task_attempts=474 stage2_phase_search_elapsed_ms=10385.774540 avg_stage2_phase_search_us_per_task=21910.916751 stage2_phase_freeze_prune_attempts=203 stage2_phase_freeze_prune_task_attempts=474 stage2_phase_freeze_prune_elapsed_ms=339.081498 avg_stage2_phase_freeze_prune_us_per_task=715.361810 stage2_phase_reverse_prepare_attempts=202 stage2_phase_reverse_prepare_task_attempts=473 stage2_phase_reverse_prepare_elapsed_ms=1286.102622 avg_stage2_phase_reverse_prepare_us_per_task=2719.033027 stage2_phase_placement_authority_attempts=202 stage2_phase_placement_authority_task_attempts=473 stage2_phase_placement_authority_elapsed_ms=266.654706 avg_stage2_phase_placement_authority_us_per_task=563.752021 stage2_phase_completion_handoff_attempts=202 stage2_phase_completion_handoff_task_attempts=473 stage2_phase_completion_handoff_elapsed_ms=0.266853 avg_stage2_phase_completion_handoff_us_per_task=0.564171 stage2_phase_finalize_attempts=202 stage2_phase_finalize_task_attempts=473 stage2_phase_finalize_elapsed_ms=0.779653 avg_stage2_phase_finalize_us_per_task=1.648315 maintenance_worker_idle_waits=60352 maintenance_worker_idle_ms=112068.853126 maintenance_lost_wake_avoided=4458 maintenance_targeted_wakes=79182 maintenance_generic_wakes=474 maintenance_broadcast_wakes=0 maintenance_context_slots_scanned=304112 maintenance_ready_notifications=60953 maintenance_ready_stale_notifications=0 maintenance_ready_tickets_drained=52672 maintenance_ready_overflow_scans=0 maintenance_ready_fallback_scans=19202 stage2_search_lane_lease_limit=32 stage2_search_lane_lease_peak=8 stage2_search_lane_lease_blocked=0 maintenance_worker_observed_idle_ratio=0.932482 maintenance_worker_observed_busy_ratio=0.067518 physical_stage1_items=474 physical_stage1_total_ns=2513521330 physical_stage1_search_ns=2387018777 physical_stage1_prune_ns=83859882 physical_stage1_allocate_write_ns=30112931 physical_stage1_backlink_ns=10913692 physical_stage1_candidates=60666 physical_stage1_remote_frontier_items=2915356 physical_stage1_neighbors=17301 peer_stage1_enqueued=768 peer_stage1_processed=768 peer_stage1_items=760 avg_peer_stage1_items=0.989583 peer_stage1_rate_per_sec=50.589345 peer_stage1_max_queue=2 peer_stage1_active_workers=0 peer_stage2_home_enqueued=74941 peer_stage2_home_processed=74941 peer_stage2_home_items=8231218 avg_peer_stage2_home_items=109.835978 peer_stage2_home_max_queue=13 peer_stage2_home_response_queue_drops=0 peer_stage2_home_response_send_wait_ms=410.752899 avg_peer_stage2_home_queue_wait_us=13.082220 avg_peer_stage2_home_execution_us=49.969143 peer_stage1_release_deferred_batches=9 peer_stage1_release_deferred_items=9 peer_stage1_duplicate_retry_responses=0 peer_stage1_admission_retry_responses=0 peer_stage1_retry_response_drops=0 peer_stage1_admission_waiters=0 peer_stage1_admission_waiter_items=0 peer_stage1_admission_owned_items=0 peer_stage1_admission_wake_coverage=0 peer_stage1_admission_parked=0 peer_stage1_admission_woken=0 peer_stage1_admission_reparked=0 peer_stage1_max_admission_waiters=0 peer_stage1_duplicate_coalesced=0 peer_reverse_enqueued=2067 peer_reverse_processed=2067 peer_reverse_remaining=0 peer_reverse_items_enqueued=49442 peer_reverse_items_processed=49442 peer_reverse_rate_per_sec=3291.103121 peer_reverse_failed=48 peer_reverse_max_queue=5 reclaim_pending=0 reclaim_reused=445 dynamic_high_watermark=19601374240 stage2_remaining=0 cleanup_remaining=0 active_contexts=1 active_context_limit=32 repair_remaining=0 remaining=1
[STATUS]: storage-owner maintenance observation: enqueued=744 stage2_enqueued=744 cleanup_enqueued=0 stage2_tasks_done=741 stage2_finalized_live=741 cleanup_processed=0 stale=0 stage2_completion_ratio=0.995968 live_stage2_completion_ratio=0.995968 avg_stage2_delay_ms=105.070469 p99_stage2_delay_upper_ms=512.000000 p99_stage2_delay_over_30s=false stage2_delay_histogram=0,0,0,0,0,0,151,449,109,32,0,0,0,0,0,0,0,0 max_stage2_delay_ms=432.449787 compaction_batch_target=32 compaction_max_delay_ms=25.000000 stage2_rate_per_sec=37.006547 stage1_search_budget_exhausted=0 stage2_search_budget_exhausted=0 stage2_continuations=743 stage2_remote_frontier_items=4369184 avg_stage2_remote_frontier=5880.462988 stage2_remote_expansions=83705 avg_stage2_remote_expansions=112.658143 stage2_scored_candidates=6657019 avg_stage2_scored_candidates=8959.648721 stage2_graph_read_waves=22875 avg_stage2_expansions_per_graph_wave=3.659235 stage2_graph_unique_reads=86080 stage2_graph_prefetch_issued=56684 stage2_graph_prefetch_hits=54310 stage2_graph_prefetch_wasted=2359 stage2_graph_prefetch_promotion_ratio=0.958372 stage2_graph_issue_width_current=16 stage2_vector_read_waves=48621 avg_stage2_scores_per_vector_wave=136.916538 stage2_vector_unique_reads=6085046 stage2_home_rpc_batches=44925 stage2_home_rpc_items=4432172 avg_stage2_home_rpc_batch=98.657140 stage2_home_score_rpc_batches=17462 stage2_home_score_rpc_items=4346092 stage2_home_score_rpc_queries=52387 stage2_home_score_rpc_request_bytes=110380468 stage2_home_score_rpc_response_bytes=139776336 avg_stage2_home_score_queries_per_rpc=3.000057 avg_stage2_home_score_rpc_batch=248.888558 stage2_home_scored_neighbors=4917887 home_scores_per_expansion=1.109588 stage2_migrations=694 home_match_rate=0.063428 stage2_final_edges=29361 stage2_cross_edges_stage1_home=25513 stage2_cross_edges_final_home=20605 cross_edge_reduction_ratio=0.192373 failed=0 rpc_timeouts=0 reverse_aggregate_batches=0 reverse_aggregate_logical_requests=0 reverse_aggregate_ops=0 avg_reverse_aggregate_logicals=0.000000 avg_reverse_aggregate_ops=0.000000 max_backlog=8 admission_window=65536 completion_outstanding=3 completion_incomplete=3 completed_behind_hole=0 completion_logical_full_failures=0 completion_physical_full_failures=0 pressure_yields=221 stage2_batches=310 avg_stage2_batch_size=2.396774 packing_target_batch=8 packing_admit_queue_avg=2.396774 packing_admit_queue_max=8 packing_batch_1_7=309 packing_batch_8=1 packing_assembly_batches=310 packing_assembly_wait_ms=7761.048576 packing_arrival_interval_us=16682 packing_waited_batches=309 packing_wait_ms=7725.000000 packing_target_flushes=1 packing_deadline_flushes=309 packing_cleanup_flushes=0 stage2_phase_search_attempts=309 stage2_phase_search_task_attempts=741 stage2_phase_search_elapsed_ms=14581.356049 avg_stage2_phase_search_us_per_task=19677.943386 stage2_phase_freeze_prune_attempts=309 stage2_phase_freeze_prune_task_attempts=741 stage2_phase_freeze_prune_elapsed_ms=536.691456 avg_stage2_phase_freeze_prune_us_per_task=724.279968 stage2_phase_reverse_prepare_attempts=309 stage2_phase_reverse_prepare_task_attempts=741 stage2_phase_reverse_prepare_elapsed_ms=1766.805009 avg_stage2_phase_reverse_prepare_us_per_task=2384.352239 stage2_phase_placement_authority_attempts=309 stage2_phase_placement_authority_task_attempts=741 stage2_phase_placement_authority_elapsed_ms=400.205337 avg_stage2_phase_placement_authority_us_per_task=540.088174 stage2_phase_completion_handoff_attempts=309 stage2_phase_completion_handoff_task_attempts=741 stage2_phase_completion_handoff_elapsed_ms=0.410513 avg_stage2_phase_completion_handoff_us_per_task=0.553999 stage2_phase_finalize_attempts=309 stage2_phase_finalize_task_attempts=741 stage2_phase_finalize_elapsed_ms=1.161911 avg_stage2_phase_finalize_us_per_task=1.568031 maintenance_worker_idle_waits=90752 maintenance_worker_idle_ms=149842.460611 maintenance_lost_wake_avoided=6051 maintenance_targeted_wakes=116197 maintenance_generic_wakes=744 maintenance_broadcast_wakes=0 maintenance_context_slots_scanned=405232 maintenance_ready_notifications=95061 maintenance_ready_stale_notifications=0 maintenance_ready_tickets_drained=82814 maintenance_ready_overflow_scans=0 maintenance_ready_fallback_scans=25483 stage2_search_lane_lease_limit=32 stage2_search_lane_lease_peak=8 stage2_search_lane_lease_blocked=0 maintenance_worker_observed_idle_ratio=0.935417 maintenance_worker_observed_busy_ratio=0.064583 physical_stage1_items=744 physical_stage1_total_ns=3615981010 physical_stage1_search_ns=3425373155 physical_stage1_prune_ns=127928812 physical_stage1_allocate_write_ns=44727393 physical_stage1_backlink_ns=15548209 physical_stage1_candidates=95224 physical_stage1_remote_frontier_items=4376662 physical_stage1_neighbors=27685 peer_stage1_enqueued=1209 peer_stage1_processed=1209 peer_stage1_items=1198 avg_peer_stage1_items=0.990902 peer_stage1_rate_per_sec=59.829748 peer_stage1_max_queue=2 peer_stage1_active_workers=3 peer_stage2_home_enqueued=104381 peer_stage2_home_processed=104374 peer_stage2_home_items=11372102 avg_peer_stage2_home_items=108.955315 peer_stage2_home_max_queue=13 peer_stage2_home_response_queue_drops=0 peer_stage2_home_response_send_wait_ms=570.107649 avg_peer_stage2_home_queue_wait_us=13.218086 avg_peer_stage2_home_execution_us=48.907553 peer_stage1_release_deferred_batches=12 peer_stage1_release_deferred_items=12 peer_stage1_duplicate_retry_responses=0 peer_stage1_admission_retry_responses=0 peer_stage1_retry_response_drops=0 peer_stage1_admission_waiters=0 peer_stage1_admission_waiter_items=0 peer_stage1_admission_owned_items=0 peer_stage1_admission_wake_coverage=0 peer_stage1_admission_parked=0 peer_stage1_admission_woken=0 peer_stage1_admission_reparked=0 peer_stage1_max_admission_waiters=0 peer_stage1_duplicate_coalesced=0 peer_reverse_enqueued=2912 peer_reverse_processed=2911 peer_reverse_remaining=1 peer_reverse_items_enqueued=70107 peer_reverse_items_processed=70080 peer_reverse_rate_per_sec=3499.890450 peer_reverse_failed=67 peer_reverse_max_queue=5 reclaim_pending=0 reclaim_reused=694 dynamic_high_watermark=19601955552 stage2_remaining=1 cleanup_remaining=0 active_contexts=1 active_context_limit=32 repair_remaining=0 remaining=3
[STATUS]: storage-owner maintenance observation: enqueued=1040 stage2_enqueued=1040 cleanup_enqueued=0 stage2_tasks_done=1031 stage2_finalized_live=1031 cleanup_processed=0 stale=0 stage2_completion_ratio=0.991346 live_stage2_completion_ratio=0.991346 avg_stage2_delay_ms=102.302795 p99_stage2_delay_upper_ms=512.000000 p99_stage2_delay_over_30s=false stage2_delay_histogram=0,0,0,0,0,0,214,636,146,35,0,0,0,0,0,0,0,0 max_stage2_delay_ms=432.449787 compaction_batch_target=32 compaction_max_delay_ms=25.000000 stage2_rate_per_sec=41.201126 stage1_search_budget_exhausted=0 stage2_search_budget_exhausted=0 stage2_continuations=1036 stage2_remote_frontier_items=5913104 avg_stage2_remote_frontier=5707.629344 stage2_remote_expansions=116018 avg_stage2_remote_expansions=111.986486 stage2_scored_candidates=8962375 avg_stage2_scored_candidates=8650.941120 stage2_graph_read_waves=31436 avg_stage2_expansions_per_graph_wave=3.690609 stage2_graph_unique_reads=119469 stage2_graph_prefetch_issued=79479 stage2_graph_prefetch_hits=76371 stage2_graph_prefetch_wasted=3038 stage2_graph_prefetch_promotion_ratio=0.961742 stage2_graph_issue_width_current=16 stage2_vector_read_waves=69047 avg_stage2_scores_per_vector_wave=129.801078 stage2_vector_unique_reads=8199712 stage2_home_rpc_batches=61292 stage2_home_rpc_items=6003376 avg_stage2_home_rpc_batch=97.947138 stage2_home_score_rpc_batches=23811 stage2_home_score_rpc_items=5883907 stage2_home_score_rpc_queries=73073 stage2_home_score_rpc_request_bytes=149659100 stage2_home_score_rpc_response_bytes=189242928 avg_stage2_home_score_queries_per_rpc=3.068876 avg_stage2_home_score_rpc_batch=247.108773 stage2_home_scored_neighbors=6646393 home_scores_per_expansion=1.107109 stage2_migrations=956 home_match_rate=0.072745 stage2_final_edges=40875 stage2_cross_edges_stage1_home=35320 stage2_cross_edges_final_home=28756 cross_edge_reduction_ratio=0.185844 failed=0 rpc_timeouts=0 reverse_aggregate_batches=0 reverse_aggregate_logical_requests=0 reverse_aggregate_ops=0 avg_reverse_aggregate_logicals=0.000000 avg_reverse_aggregate_ops=0.000000 max_backlog=8 admission_window=65536 completion_outstanding=9 completion_incomplete=9 completed_behind_hole=0 completion_logical_full_failures=0 completion_physical_full_failures=0 pressure_yields=221 stage2_batches=419 avg_stage2_batch_size=2.472554 packing_target_batch=8 packing_admit_queue_avg=2.472554 packing_admit_queue_max=8 packing_batch_1_7=417 packing_batch_8=2 packing_assembly_batches=419 packing_assembly_wait_ms=10485.534171 packing_arrival_interval_us=11349 packing_waited_batches=417 packing_wait_ms=10425.000000 packing_target_flushes=2 packing_deadline_flushes=417 packing_cleanup_flushes=0 stage2_phase_search_attempts=418 stage2_phase_search_task_attempts=1031 stage2_phase_search_elapsed_ms=19300.665901 avg_stage2_phase_search_us_per_task=18720.335500 stage2_phase_freeze_prune_attempts=418 stage2_phase_freeze_prune_task_attempts=1031 stage2_phase_freeze_prune_elapsed_ms=708.150715 avg_stage2_phase_freeze_prune_us_per_task=686.858113 stage2_phase_reverse_prepare_attempts=418 stage2_phase_reverse_prepare_task_attempts=1031 stage2_phase_reverse_prepare_elapsed_ms=2296.714634 avg_stage2_phase_reverse_prepare_us_per_task=2227.657259 stage2_phase_placement_authority_attempts=418 stage2_phase_placement_authority_task_attempts=1031 stage2_phase_placement_authority_elapsed_ms=512.243289 avg_stage2_phase_placement_authority_us_per_task=496.841211 stage2_phase_completion_handoff_attempts=418 stage2_phase_completion_handoff_task_attempts=1031 stage2_phase_completion_handoff_elapsed_ms=0.544227 avg_stage2_phase_completion_handoff_us_per_task=0.527863 stage2_phase_finalize_attempts=418 stage2_phase_finalize_task_attempts=1031 stage2_phase_finalize_elapsed_ms=1.542436 avg_stage2_phase_finalize_us_per_task=1.496058 maintenance_worker_idle_waits=123584 maintenance_worker_idle_ms=186737.250265 maintenance_lost_wake_avoided=8022 maintenance_targeted_wakes=158415 maintenance_generic_wakes=1040 maintenance_broadcast_wakes=0 maintenance_context_slots_scanned=519824 maintenance_ready_notifications=132249 maintenance_ready_stale_notifications=0 maintenance_ready_tickets_drained=115818 maintenance_ready_overflow_scans=0 maintenance_ready_fallback_scans=32649 stage2_search_lane_lease_limit=32 stage2_search_lane_lease_peak=8 stage2_search_lane_lease_blocked=0 maintenance_worker_observed_idle_ratio=0.932806 maintenance_worker_observed_busy_ratio=0.067194 physical_stage1_items=1040 physical_stage1_total_ns=4864798303 physical_stage1_search_ns=4595334323 physical_stage1_prune_ns=182406978 physical_stage1_allocate_write_ns=62342136 physical_stage1_backlink_ns=21484738 physical_stage1_candidates=133109 physical_stage1_remote_frontier_items=5937041 physical_stage1_neighbors=39134 peer_stage1_enqueued=1691 peer_stage1_processed=1691 peer_stage1_items=1674 avg_peer_stage1_items=0.989947 peer_stage1_rate_per_sec=66.896882 peer_stage1_max_queue=2 peer_stage1_active_workers=0 peer_stage2_home_enqueued=132835 peer_stage2_home_processed=132834 peer_stage2_home_items=14331625 avg_peer_stage2_home_items=107.891240 peer_stage2_home_max_queue=13 peer_stage2_home_response_queue_drops=0 peer_stage2_home_response_send_wait_ms=724.352860 avg_peer_stage2_home_queue_wait_us=13.161774 avg_peer_stage2_home_execution_us=48.054532 peer_stage1_release_deferred_batches=19 peer_stage1_release_deferred_items=19 peer_stage1_duplicate_retry_responses=0 peer_stage1_admission_retry_responses=0 peer_stage1_retry_response_drops=0 peer_stage1_admission_waiters=0 peer_stage1_admission_waiter_items=0 peer_stage1_admission_owned_items=0 peer_stage1_admission_wake_coverage=0 peer_stage1_admission_parked=0 peer_stage1_admission_woken=0 peer_stage1_admission_reparked=0 peer_stage1_max_admission_waiters=0 peer_stage1_duplicate_coalesced=0 peer_reverse_enqueued=3716 peer_reverse_processed=3716 peer_reverse_remaining=0 peer_reverse_items_enqueued=89239 peer_reverse_items_processed=89239 peer_reverse_rate_per_sec=3566.195233 peer_reverse_failed=80 peer_reverse_max_queue=5 reclaim_pending=0 reclaim_reused=956 dynamic_high_watermark=19602518016 stage2_remaining=4 cleanup_remaining=0 active_contexts=1 active_context_limit=32 repair_remaining=0 remaining=9
[STATUS]: storage-owner maintenance observation: enqueued=1201 stage2_enqueued=1201 cleanup_enqueued=0 stage2_tasks_done=1201 stage2_finalized_live=1201 cleanup_processed=0 stale=0 stage2_completion_ratio=1.000000 live_stage2_completion_ratio=1.000000 avg_stage2_delay_ms=100.384232 p99_stage2_delay_upper_ms=512.000000 p99_stage2_delay_over_30s=false stage2_delay_histogram=0,0,0,0,0,0,255,740,171,35,0,0,0,0,0,0,0,0 max_stage2_delay_ms=432.449787 compaction_batch_target=32 compaction_max_delay_ms=25.000000 stage2_rate_per_sec=40.001737 stage1_search_budget_exhausted=0 stage2_search_budget_exhausted=0 stage2_continuations=1201 stage2_remote_frontier_items=6791324 avg_stage2_remote_frontier=5654.724396 stage2_remote_expansions=135046 avg_stage2_remote_expansions=112.444629 stage2_scored_candidates=10275609 avg_stage2_scored_candidates=8555.877602 stage2_graph_read_waves=36790 avg_stage2_expansions_per_graph_wave=3.670726 stage2_graph_unique_reads=138523 stage2_graph_prefetch_issued=92220 stage2_graph_prefetch_hits=88743 stage2_graph_prefetch_wasted=3477 stage2_graph_prefetch_promotion_ratio=0.962297 stage2_graph_issue_width_current=16 stage2_vector_read_waves=81993 avg_stage2_scores_per_vector_wave=125.323003 stage2_vector_unique_reads=9403980 stage2_home_rpc_batches=71023 stage2_home_rpc_items=6894079 avg_stage2_home_rpc_batch=97.068260 stage2_home_score_rpc_batches=27508 stage2_home_score_rpc_items=6755556 stage2_home_score_rpc_queries=84312 stage2_home_score_rpc_request_bytes=171877944 stage2_home_score_rpc_response_bytes=217285960 avg_stage2_home_score_queries_per_rpc=3.064999 avg_stage2_home_score_rpc_batch=245.585139 stage2_home_scored_neighbors=7626879 home_scores_per_expansion=1.106294 stage2_migrations=1116 home_match_rate=0.070774 stage2_final_edges=47419 stage2_cross_edges_stage1_home=40941 stage2_cross_edges_final_home=33381 cross_edge_reduction_ratio=0.184656 failed=0 rpc_timeouts=0 reverse_aggregate_batches=0 reverse_aggregate_logical_requests=0 reverse_aggregate_ops=0 avg_reverse_aggregate_logicals=0.000000 avg_reverse_aggregate_ops=0.000000 max_backlog=8 admission_window=65536 completion_outstanding=0 completion_incomplete=0 completed_behind_hole=0 completion_logical_full_failures=0 completion_physical_full_failures=0 pressure_yields=221 stage2_batches=486 avg_stage2_batch_size=2.471193 packing_target_batch=8 packing_admit_queue_avg=2.471193 packing_admit_queue_max=8 packing_batch_1_7=484 packing_batch_8=2 packing_assembly_batches=486 packing_assembly_wait_ms=12163.956251 packing_arrival_interval_us=10870 packing_waited_batches=484 packing_wait_ms=12100.000000 packing_target_flushes=2 packing_deadline_flushes=484 packing_cleanup_flushes=0 stage2_phase_search_attempts=486 stage2_phase_search_task_attempts=1201 stage2_phase_search_elapsed_ms=21845.095625 avg_stage2_phase_search_us_per_task=18189.088780 stage2_phase_freeze_prune_attempts=486 stage2_phase_freeze_prune_task_attempts=1201 stage2_phase_freeze_prune_elapsed_ms=795.852820 avg_stage2_phase_freeze_prune_us_per_task=662.658468 stage2_phase_reverse_prepare_attempts=486 stage2_phase_reverse_prepare_task_attempts=1201 stage2_phase_reverse_prepare_elapsed_ms=2695.927727 avg_stage2_phase_reverse_prepare_us_per_task=2244.735826 stage2_phase_placement_authority_attempts=486 stage2_phase_placement_authority_task_attempts=1201 stage2_phase_placement_authority_elapsed_ms=586.185572 avg_stage2_phase_placement_authority_us_per_task=488.081242 stage2_phase_completion_handoff_attempts=486 stage2_phase_completion_handoff_task_attempts=1201 stage2_phase_completion_handoff_elapsed_ms=0.624813 avg_stage2_phase_completion_handoff_us_per_task=0.520244 stage2_phase_finalize_attempts=486 stage2_phase_finalize_task_attempts=1201 stage2_phase_finalize_elapsed_ms=1.770647 avg_stage2_phase_finalize_us_per_task=1.474311 maintenance_worker_idle_waits=146176 maintenance_worker_idle_ms=224248.068582 maintenance_lost_wake_avoided=8986 maintenance_targeted_wakes=182804 maintenance_generic_wakes=1201 maintenance_broadcast_wakes=0 maintenance_context_slots_scanned=602288 maintenance_ready_notifications=155125 maintenance_ready_stale_notifications=0 maintenance_ready_tickets_drained=136416 maintenance_ready_overflow_scans=0 maintenance_ready_fallback_scans=37880 stage2_search_lane_lease_limit=32 stage2_search_lane_lease_peak=8 stage2_search_lane_lease_blocked=0 maintenance_worker_observed_idle_ratio=0.933629 maintenance_worker_observed_busy_ratio=0.066371 physical_stage1_items=1201 physical_stage1_total_ns=5514355756 physical_stage1_search_ns=5206885150 physical_stage1_prune_ns=207602213 physical_stage1_allocate_write_ns=71870048 physical_stage1_backlink_ns=24350447 physical_stage1_candidates=153710 physical_stage1_remote_frontier_items=6791324 physical_stage1_neighbors=45319 peer_stage1_enqueued=1957 peer_stage1_processed=1957 peer_stage1_items=1936 avg_peer_stage1_items=0.989269 peer_stage1_rate_per_sec=64.482400 peer_stage1_max_queue=2 peer_stage1_active_workers=0 peer_stage2_home_enqueued=151465 peer_stage2_home_processed=151465 peer_stage2_home_items=16230995 avg_peer_stage2_home_items=107.160037 peer_stage2_home_max_queue=13 peer_stage2_home_response_queue_drops=0 peer_stage2_home_response_send_wait_ms=831.685262 avg_peer_stage2_home_queue_wait_us=13.089890 avg_peer_stage2_home_execution_us=47.551591 peer_stage1_release_deferred_batches=24 peer_stage1_release_deferred_items=24 peer_stage1_duplicate_retry_responses=0 peer_stage1_admission_retry_responses=0 peer_stage1_retry_response_drops=0 peer_stage1_admission_waiters=0 peer_stage1_admission_waiter_items=0 peer_stage1_admission_owned_items=0 peer_stage1_admission_wake_coverage=0 peer_stage1_admission_parked=0 peer_stage1_admission_woken=0 peer_stage1_admission_reparked=0 peer_stage1_max_admission_waiters=0 peer_stage1_duplicate_coalesced=0 peer_reverse_enqueued=4273 peer_reverse_processed=4273 peer_reverse_remaining=0 peer_reverse_items_enqueued=102203 peer_reverse_items_processed=102203 peer_reverse_rate_per_sec=3404.077861 peer_reverse_failed=94 peer_reverse_max_queue=5 reclaim_pending=5 reclaim_reused=1111 dynamic_high_watermark=19602887040 stage2_remaining=0 cleanup_remaining=0 active_contexts=0 active_context_limit=32 repair_remaining=0 remaining=0
[STATUS]: storage-owner maintenance observation: enqueued=1201 stage2_enqueued=1201 cleanup_enqueued=0 stage2_tasks_done=1201 stage2_finalized_live=1201 cleanup_processed=0 stale=0 stage2_completion_ratio=1.000000 live_stage2_completion_ratio=1.000000 avg_stage2_delay_ms=100.384232 p99_stage2_delay_upper_ms=512.000000 p99_stage2_delay_over_30s=false stage2_delay_histogram=0,0,0,0,0,0,255,740,171,35,0,0,0,0,0,0,0,0 max_stage2_delay_ms=432.449787 compaction_batch_target=32 compaction_max_delay_ms=25.000000 stage2_rate_per_sec=34.289779 stage1_search_budget_exhausted=0 stage2_search_budget_exhausted=0 stage2_continuations=1201 stage2_remote_frontier_items=6791324 avg_stage2_remote_frontier=5654.724396 stage2_remote_expansions=135046 avg_stage2_remote_expansions=112.444629 stage2_scored_candidates=10275609 avg_stage2_scored_candidates=8555.877602 stage2_graph_read_waves=36790 avg_stage2_expansions_per_graph_wave=3.670726 stage2_graph_unique_reads=138523 stage2_graph_prefetch_issued=92220 stage2_graph_prefetch_hits=88743 stage2_graph_prefetch_wasted=3477 stage2_graph_prefetch_promotion_ratio=0.962297 stage2_graph_issue_width_current=16 stage2_vector_read_waves=81993 avg_stage2_scores_per_vector_wave=125.323003 stage2_vector_unique_reads=9403980 stage2_home_rpc_batches=71023 stage2_home_rpc_items=6894079 avg_stage2_home_rpc_batch=97.068260 stage2_home_score_rpc_batches=27508 stage2_home_score_rpc_items=6755556 stage2_home_score_rpc_queries=84312 stage2_home_score_rpc_request_bytes=171877944 stage2_home_score_rpc_response_bytes=217285960 avg_stage2_home_score_queries_per_rpc=3.064999 avg_stage2_home_score_rpc_batch=245.585139 stage2_home_scored_neighbors=7626879 home_scores_per_expansion=1.106294 stage2_migrations=1116 home_match_rate=0.070774 stage2_final_edges=47419 stage2_cross_edges_stage1_home=40941 stage2_cross_edges_final_home=33381 cross_edge_reduction_ratio=0.184656 failed=0 rpc_timeouts=0 reverse_aggregate_batches=0 reverse_aggregate_logical_requests=0 reverse_aggregate_ops=0 avg_reverse_aggregate_logicals=0.000000 avg_reverse_aggregate_ops=0.000000 max_backlog=8 admission_window=65536 completion_outstanding=0 completion_incomplete=0 completed_behind_hole=0 completion_logical_full_failures=0 completion_physical_full_failures=0 pressure_yields=221 stage2_batches=486 avg_stage2_batch_size=2.471193 packing_target_batch=8 packing_admit_queue_avg=2.471193 packing_admit_queue_max=8 packing_batch_1_7=484 packing_batch_8=2 packing_assembly_batches=486 packing_assembly_wait_ms=12163.956251 packing_arrival_interval_us=10870 packing_waited_batches=484 packing_wait_ms=12100.000000 packing_target_flushes=2 packing_deadline_flushes=484 packing_cleanup_flushes=0 stage2_phase_search_attempts=486 stage2_phase_search_task_attempts=1201 stage2_phase_search_elapsed_ms=21845.095625 avg_stage2_phase_search_us_per_task=18189.088780 stage2_phase_freeze_prune_attempts=486 stage2_phase_freeze_prune_task_attempts=1201 stage2_phase_freeze_prune_elapsed_ms=795.852820 avg_stage2_phase_freeze_prune_us_per_task=662.658468 stage2_phase_reverse_prepare_attempts=486 stage2_phase_reverse_prepare_task_attempts=1201 stage2_phase_reverse_prepare_elapsed_ms=2695.927727 avg_stage2_phase_reverse_prepare_us_per_task=2244.735826 stage2_phase_placement_authority_attempts=486 stage2_phase_placement_authority_task_attempts=1201 stage2_phase_placement_authority_elapsed_ms=586.185572 avg_stage2_phase_placement_authority_us_per_task=488.081242 stage2_phase_completion_handoff_attempts=486 stage2_phase_completion_handoff_task_attempts=1201 stage2_phase_completion_handoff_elapsed_ms=0.624813 avg_stage2_phase_completion_handoff_us_per_task=0.520244 stage2_phase_finalize_attempts=486 stage2_phase_finalize_task_attempts=1201 stage2_phase_finalize_elapsed_ms=1.770647 avg_stage2_phase_finalize_us_per_task=1.474311 maintenance_worker_idle_waits=150144 maintenance_worker_idle_ms=264168.494809 maintenance_lost_wake_avoided=8986 maintenance_targeted_wakes=182804 maintenance_generic_wakes=1201 maintenance_broadcast_wakes=0 maintenance_context_slots_scanned=665776 maintenance_ready_notifications=155125 maintenance_ready_stale_notifications=0 maintenance_ready_tickets_drained=136416 maintenance_ready_overflow_scans=0 maintenance_ready_fallback_scans=41856 stage2_search_lane_lease_limit=32 stage2_search_lane_lease_peak=8 stage2_search_lane_lease_blocked=0 maintenance_worker_observed_idle_ratio=0.942785 maintenance_worker_observed_busy_ratio=0.057215 physical_stage1_items=1201 physical_stage1_total_ns=5514355756 physical_stage1_search_ns=5206885150 physical_stage1_prune_ns=207602213 physical_stage1_allocate_write_ns=71870048 physical_stage1_backlink_ns=24350447 physical_stage1_candidates=153710 physical_stage1_remote_frontier_items=6791324 physical_stage1_neighbors=45319 peer_stage1_enqueued=1957 peer_stage1_processed=1957 peer_stage1_items=1936 avg_peer_stage1_items=0.989269 peer_stage1_rate_per_sec=55.274781 peer_stage1_max_queue=2 peer_stage1_active_workers=0 peer_stage2_home_enqueued=151465 peer_stage2_home_processed=151465 peer_stage2_home_items=16230995 avg_peer_stage2_home_items=107.160037 peer_stage2_home_max_queue=13 peer_stage2_home_response_queue_drops=0 peer_stage2_home_response_send_wait_ms=831.685262 avg_peer_stage2_home_queue_wait_us=13.089890 avg_peer_stage2_home_execution_us=47.551591 peer_stage1_release_deferred_batches=24 peer_stage1_release_deferred_items=24 peer_stage1_duplicate_retry_responses=0 peer_stage1_admission_retry_responses=0 peer_stage1_retry_response_drops=0 peer_stage1_admission_waiters=0 peer_stage1_admission_waiter_items=0 peer_stage1_admission_owned_items=0 peer_stage1_admission_wake_coverage=0 peer_stage1_admission_parked=0 peer_stage1_admission_woken=0 peer_stage1_admission_reparked=0 peer_stage1_max_admission_waiters=0 peer_stage1_duplicate_coalesced=0 peer_reverse_enqueued=4273 peer_reverse_processed=4273 peer_reverse_remaining=0 peer_reverse_items_enqueued=102203 peer_reverse_items_processed=102203 peer_reverse_rate_per_sec=2918.000236 peer_reverse_failed=94 peer_reverse_max_queue=5 reclaim_pending=5 reclaim_reused=1111 dynamic_high_watermark=19602887040 stage2_remaining=0 cleanup_remaining=0 active_contexts=0 active_context_limit=32 repair_remaining=0 remaining=0
[STATUS]: storage-owner maintenance observation: enqueued=1201 stage2_enqueued=1201 cleanup_enqueued=0 stage2_tasks_done=1201 stage2_finalized_live=1201 cleanup_processed=0 stale=0 stage2_completion_ratio=1.000000 live_stage2_completion_ratio=1.000000 avg_stage2_delay_ms=100.384232 p99_stage2_delay_upper_ms=512.000000 p99_stage2_delay_over_30s=false stage2_delay_histogram=0,0,0,0,0,0,255,740,171,35,0,0,0,0,0,0,0,0 max_stage2_delay_ms=432.449787 compaction_batch_target=32 compaction_max_delay_ms=25.000000 stage2_rate_per_sec=30.005405 stage1_search_budget_exhausted=0 stage2_search_budget_exhausted=0 stage2_continuations=1201 stage2_remote_frontier_items=6791324 avg_stage2_remote_frontier=5654.724396 stage2_remote_expansions=135046 avg_stage2_remote_expansions=112.444629 stage2_scored_candidates=10275609 avg_stage2_scored_candidates=8555.877602 stage2_graph_read_waves=36790 avg_stage2_expansions_per_graph_wave=3.670726 stage2_graph_unique_reads=138523 stage2_graph_prefetch_issued=92220 stage2_graph_prefetch_hits=88743 stage2_graph_prefetch_wasted=3477 stage2_graph_prefetch_promotion_ratio=0.962297 stage2_graph_issue_width_current=16 stage2_vector_read_waves=81993 avg_stage2_scores_per_vector_wave=125.323003 stage2_vector_unique_reads=9403980 stage2_home_rpc_batches=71023 stage2_home_rpc_items=6894079 avg_stage2_home_rpc_batch=97.068260 stage2_home_score_rpc_batches=27508 stage2_home_score_rpc_items=6755556 stage2_home_score_rpc_queries=84312 stage2_home_score_rpc_request_bytes=171877944 stage2_home_score_rpc_response_bytes=217285960 avg_stage2_home_score_queries_per_rpc=3.064999 avg_stage2_home_score_rpc_batch=245.585139 stage2_home_scored_neighbors=7626879 home_scores_per_expansion=1.106294 stage2_migrations=1116 home_match_rate=0.070774 stage2_final_edges=47419 stage2_cross_edges_stage1_home=40941 stage2_cross_edges_final_home=33381 cross_edge_reduction_ratio=0.184656 failed=0 rpc_timeouts=0 reverse_aggregate_batches=0 reverse_aggregate_logical_requests=0 reverse_aggregate_ops=0 avg_reverse_aggregate_logicals=0.000000 avg_reverse_aggregate_ops=0.000000 max_backlog=8 admission_window=65536 completion_outstanding=0 completion_incomplete=0 completed_behind_hole=0 completion_logical_full_failures=0 completion_physical_full_failures=0 pressure_yields=221 stage2_batches=486 avg_stage2_batch_size=2.471193 packing_target_batch=8 packing_admit_queue_avg=2.471193 packing_admit_queue_max=8 packing_batch_1_7=484 packing_batch_8=2 packing_assembly_batches=486 packing_assembly_wait_ms=12163.956251 packing_arrival_interval_us=10870 packing_waited_batches=484 packing_wait_ms=12100.000000 packing_target_flushes=2 packing_deadline_flushes=484 packing_cleanup_flushes=0 stage2_phase_search_attempts=486 stage2_phase_search_task_attempts=1201 stage2_phase_search_elapsed_ms=21845.095625 avg_stage2_phase_search_us_per_task=18189.088780 stage2_phase_freeze_prune_attempts=486 stage2_phase_freeze_prune_task_attempts=1201 stage2_phase_freeze_prune_elapsed_ms=795.852820 avg_stage2_phase_freeze_prune_us_per_task=662.658468 stage2_phase_reverse_prepare_attempts=486 stage2_phase_reverse_prepare_task_attempts=1201 stage2_phase_reverse_prepare_elapsed_ms=2695.927727 avg_stage2_phase_reverse_prepare_us_per_task=2244.735826 stage2_phase_placement_authority_attempts=486 stage2_phase_placement_authority_task_attempts=1201 stage2_phase_placement_authority_elapsed_ms=586.185572 avg_stage2_phase_placement_authority_us_per_task=488.081242 stage2_phase_completion_handoff_attempts=486 stage2_phase_completion_handoff_task_attempts=1201 stage2_phase_completion_handoff_elapsed_ms=0.624813 avg_stage2_phase_completion_handoff_us_per_task=0.520244 stage2_phase_finalize_attempts=486 stage2_phase_finalize_task_attempts=1201 stage2_phase_finalize_elapsed_ms=1.770647 avg_stage2_phase_finalize_us_per_task=1.474311 maintenance_worker_idle_waits=154048 maintenance_worker_idle_ms=303443.367156 maintenance_lost_wake_avoided=8986 maintenance_targeted_wakes=182804 maintenance_generic_wakes=1201 maintenance_broadcast_wakes=0 maintenance_context_slots_scanned=728240 maintenance_ready_notifications=155125 maintenance_ready_stale_notifications=0 maintenance_ready_tickets_drained=136416 maintenance_ready_overflow_scans=0 maintenance_ready_fallback_scans=45833 stage2_search_lane_lease_limit=32 stage2_search_lane_lease_peak=8 stage2_search_lane_lease_blocked=0 maintenance_worker_observed_idle_ratio=0.947642 maintenance_worker_observed_busy_ratio=0.052358 physical_stage1_items=1201 physical_stage1_total_ns=5514355756 physical_stage1_search_ns=5206885150 physical_stage1_prune_ns=207602213 physical_stage1_allocate_write_ns=71870048 physical_stage1_backlink_ns=24350447 physical_stage1_candidates=153710 physical_stage1_remote_frontier_items=6791324 physical_stage1_neighbors=45319 peer_stage1_enqueued=1957 peer_stage1_processed=1957 peer_stage1_items=1936 avg_peer_stage1_items=0.989269 peer_stage1_rate_per_sec=48.368412 peer_stage1_max_queue=2 peer_stage1_active_workers=0 peer_stage2_home_enqueued=151465 peer_stage2_home_processed=151465 peer_stage2_home_items=16230995 avg_peer_stage2_home_items=107.160037 peer_stage2_home_max_queue=13 peer_stage2_home_response_queue_drops=0 peer_stage2_home_response_send_wait_ms=831.685262 avg_peer_stage2_home_queue_wait_us=13.089890 avg_peer_stage2_home_execution_us=47.551591 peer_stage1_release_deferred_batches=24 peer_stage1_release_deferred_items=24 peer_stage1_duplicate_retry_responses=0 peer_stage1_admission_retry_responses=0 peer_stage1_retry_response_drops=0 peer_stage1_admission_waiters=0 peer_stage1_admission_waiter_items=0 peer_stage1_admission_owned_items=0 peer_stage1_admission_wake_coverage=0 peer_stage1_admission_parked=0 peer_stage1_admission_woken=0 peer_stage1_admission_reparked=0 peer_stage1_max_admission_waiters=0 peer_stage1_duplicate_coalesced=0 peer_reverse_enqueued=4273 peer_reverse_processed=4273 peer_reverse_remaining=0 peer_reverse_items_enqueued=102203 peer_reverse_items_processed=102203 peer_reverse_rate_per_sec=2553.407459 peer_reverse_failed=94 peer_reverse_max_queue=5 reclaim_pending=5 reclaim_reused=1111 dynamic_high_watermark=19602887040 stage2_remaining=0 cleanup_remaining=0 active_contexts=0 active_context_limit=32 repair_remaining=0 remaining=0
[STATUS]: storage-owner maintenance observation: enqueued=1201 stage2_enqueued=1201 cleanup_enqueued=0 stage2_tasks_done=1201 stage2_finalized_live=1201 cleanup_processed=0 stale=0 stage2_completion_ratio=1.000000 live_stage2_completion_ratio=1.000000 avg_stage2_delay_ms=100.384232 p99_stage2_delay_upper_ms=512.000000 p99_stage2_delay_over_30s=false stage2_delay_histogram=0,0,0,0,0,0,255,740,171,35,0,0,0,0,0,0,0,0 max_stage2_delay_ms=432.449787 compaction_batch_target=32 compaction_max_delay_ms=25.000000 stage2_rate_per_sec=26.673017 stage1_search_budget_exhausted=0 stage2_search_budget_exhausted=0 stage2_continuations=1201 stage2_remote_frontier_items=6791324 avg_stage2_remote_frontier=5654.724396 stage2_remote_expansions=135046 avg_stage2_remote_expansions=112.444629 stage2_scored_candidates=10275609 avg_stage2_scored_candidates=8555.877602 stage2_graph_read_waves=36790 avg_stage2_expansions_per_graph_wave=3.670726 stage2_graph_unique_reads=138523 stage2_graph_prefetch_issued=92220 stage2_graph_prefetch_hits=88743 stage2_graph_prefetch_wasted=3477 stage2_graph_prefetch_promotion_ratio=0.962297 stage2_graph_issue_width_current=16 stage2_vector_read_waves=81993 avg_stage2_scores_per_vector_wave=125.323003 stage2_vector_unique_reads=9403980 stage2_home_rpc_batches=71023 stage2_home_rpc_items=6894079 avg_stage2_home_rpc_batch=97.068260 stage2_home_score_rpc_batches=27508 stage2_home_score_rpc_items=6755556 stage2_home_score_rpc_queries=84312 stage2_home_score_rpc_request_bytes=171877944 stage2_home_score_rpc_response_bytes=217285960 avg_stage2_home_score_queries_per_rpc=3.064999 avg_stage2_home_score_rpc_batch=245.585139 stage2_home_scored_neighbors=7626879 home_scores_per_expansion=1.106294 stage2_migrations=1116 home_match_rate=0.070774 stage2_final_edges=47419 stage2_cross_edges_stage1_home=40941 stage2_cross_edges_final_home=33381 cross_edge_reduction_ratio=0.184656 failed=0 rpc_timeouts=0 reverse_aggregate_batches=0 reverse_aggregate_logical_requests=0 reverse_aggregate_ops=0 avg_reverse_aggregate_logicals=0.000000 avg_reverse_aggregate_ops=0.000000 max_backlog=8 admission_window=65536 completion_outstanding=0 completion_incomplete=0 completed_behind_hole=0 completion_logical_full_failures=0 completion_physical_full_failures=0 pressure_yields=221 stage2_batches=486 avg_stage2_batch_size=2.471193 packing_target_batch=8 packing_admit_queue_avg=2.471193 packing_admit_queue_max=8 packing_batch_1_7=484 packing_batch_8=2 packing_assembly_batches=486 packing_assembly_wait_ms=12163.956251 packing_arrival_interval_us=10870 packing_waited_batches=484 packing_wait_ms=12100.000000 packing_target_flushes=2 packing_deadline_flushes=484 packing_cleanup_flushes=0 stage2_phase_search_attempts=486 stage2_phase_search_task_attempts=1201 stage2_phase_search_elapsed_ms=21845.095625 avg_stage2_phase_search_us_per_task=18189.088780 stage2_phase_freeze_prune_attempts=486 stage2_phase_freeze_prune_task_attempts=1201 stage2_phase_freeze_prune_elapsed_ms=795.852820 avg_stage2_phase_freeze_prune_us_per_task=662.658468 stage2_phase_reverse_prepare_attempts=486 stage2_phase_reverse_prepare_task_attempts=1201 stage2_phase_reverse_prepare_elapsed_ms=2695.927727 avg_stage2_phase_reverse_prepare_us_per_task=2244.735826 stage2_phase_placement_authority_attempts=486 stage2_phase_placement_authority_task_attempts=1201 stage2_phase_placement_authority_elapsed_ms=586.185572 avg_stage2_phase_placement_authority_us_per_task=488.081242 stage2_phase_completion_handoff_attempts=486 stage2_phase_completion_handoff_task_attempts=1201 stage2_phase_completion_handoff_elapsed_ms=0.624813 avg_stage2_phase_completion_handoff_us_per_task=0.520244 stage2_phase_finalize_attempts=486 stage2_phase_finalize_task_attempts=1201 stage2_phase_finalize_elapsed_ms=1.770647 avg_stage2_phase_finalize_us_per_task=1.474311 maintenance_worker_idle_waits=158144 maintenance_worker_idle_ms=344648.248564 maintenance_lost_wake_avoided=8986 maintenance_targeted_wakes=182804 maintenance_generic_wakes=1201 maintenance_broadcast_wakes=0 maintenance_context_slots_scanned=793776 maintenance_ready_notifications=155125 maintenance_ready_stale_notifications=0 maintenance_ready_tickets_drained=136416 maintenance_ready_overflow_scans=0 maintenance_ready_fallback_scans=49807 stage2_search_lane_lease_limit=32 stage2_search_lane_lease_peak=8 stage2_search_lane_lease_blocked=0 maintenance_worker_observed_idle_ratio=0.956787 maintenance_worker_observed_busy_ratio=0.043213 physical_stage1_items=1201 physical_stage1_total_ns=5514355756 physical_stage1_search_ns=5206885150 physical_stage1_prune_ns=207602213 physical_stage1_allocate_write_ns=71870048 physical_stage1_backlink_ns=24350447 physical_stage1_candidates=153710 physical_stage1_remote_frontier_items=6791324 physical_stage1_neighbors=45319 peer_stage1_enqueued=1957 peer_stage1_processed=1957 peer_stage1_items=1936 avg_peer_stage1_items=0.989269 peer_stage1_rate_per_sec=42.996636 peer_stage1_max_queue=2 peer_stage1_active_workers=0 peer_stage2_home_enqueued=151465 peer_stage2_home_processed=151465 peer_stage2_home_items=16230995 avg_peer_stage2_home_items=107.160037 peer_stage2_home_max_queue=13 peer_stage2_home_response_queue_drops=0 peer_stage2_home_response_send_wait_ms=831.685262 avg_peer_stage2_home_queue_wait_us=13.089890 avg_peer_stage2_home_execution_us=47.551591 peer_stage1_release_deferred_batches=24 peer_stage1_release_deferred_items=24 peer_stage1_duplicate_retry_responses=0 peer_stage1_admission_retry_responses=0 peer_stage1_retry_response_drops=0 peer_stage1_admission_waiters=0 peer_stage1_admission_waiter_items=0 peer_stage1_admission_owned_items=0 peer_stage1_admission_wake_coverage=0 peer_stage1_admission_parked=0 peer_stage1_admission_woken=0 peer_stage1_admission_reparked=0 peer_stage1_max_admission_waiters=0 peer_stage1_duplicate_coalesced=0 peer_reverse_enqueued=4273 peer_reverse_processed=4273 peer_reverse_remaining=0 peer_reverse_items_enqueued=102203 peer_reverse_items_processed=102203 peer_reverse_rate_per_sec=2269.827072 peer_reverse_failed=94 peer_reverse_max_queue=5 reclaim_pending=5 reclaim_reused=1111 dynamic_high_watermark=19602887040 stage2_remaining=0 cleanup_remaining=0 active_contexts=0 active_context_limit=32 repair_remaining=0 remaining=0
[STATUS]: storage-owner maintenance observation: enqueued=1201 stage2_enqueued=1201 cleanup_enqueued=0 stage2_tasks_done=1201 stage2_finalized_live=1201 cleanup_processed=0 stale=0 stage2_completion_ratio=1.000000 live_stage2_completion_ratio=1.000000 avg_stage2_delay_ms=100.384232 p99_stage2_delay_upper_ms=512.000000 p99_stage2_delay_over_30s=false stage2_delay_histogram=0,0,0,0,0,0,255,740,171,35,0,0,0,0,0,0,0,0 max_stage2_delay_ms=432.449787 compaction_batch_target=32 compaction_max_delay_ms=25.000000 stage2_rate_per_sec=24.006398 stage1_search_budget_exhausted=0 stage2_search_budget_exhausted=0 stage2_continuations=1201 stage2_remote_frontier_items=6791324 avg_stage2_remote_frontier=5654.724396 stage2_remote_expansions=135046 avg_stage2_remote_expansions=112.444629 stage2_scored_candidates=10275609 avg_stage2_scored_candidates=8555.877602 stage2_graph_read_waves=36790 avg_stage2_expansions_per_graph_wave=3.670726 stage2_graph_unique_reads=138523 stage2_graph_prefetch_issued=92220 stage2_graph_prefetch_hits=88743 stage2_graph_prefetch_wasted=3477 stage2_graph_prefetch_promotion_ratio=0.962297 stage2_graph_issue_width_current=16 stage2_vector_read_waves=81993 avg_stage2_scores_per_vector_wave=125.323003 stage2_vector_unique_reads=9403980 stage2_home_rpc_batches=71023 stage2_home_rpc_items=6894079 avg_stage2_home_rpc_batch=97.068260 stage2_home_score_rpc_batches=27508 stage2_home_score_rpc_items=6755556 stage2_home_score_rpc_queries=84312 stage2_home_score_rpc_request_bytes=171877944 stage2_home_score_rpc_response_bytes=217285960 avg_stage2_home_score_queries_per_rpc=3.064999 avg_stage2_home_score_rpc_batch=245.585139 stage2_home_scored_neighbors=7626879 home_scores_per_expansion=1.106294 stage2_migrations=1116 home_match_rate=0.070774 stage2_final_edges=47419 stage2_cross_edges_stage1_home=40941 stage2_cross_edges_final_home=33381 cross_edge_reduction_ratio=0.184656 failed=0 rpc_timeouts=0 reverse_aggregate_batches=0 reverse_aggregate_logical_requests=0 reverse_aggregate_ops=0 avg_reverse_aggregate_logicals=0.000000 avg_reverse_aggregate_ops=0.000000 max_backlog=8 admission_window=65536 completion_outstanding=0 completion_incomplete=0 completed_behind_hole=0 completion_logical_full_failures=0 completion_physical_full_failures=0 pressure_yields=221 stage2_batches=486 avg_stage2_batch_size=2.471193 packing_target_batch=8 packing_admit_queue_avg=2.471193 packing_admit_queue_max=8 packing_batch_1_7=484 packing_batch_8=2 packing_assembly_batches=486 packing_assembly_wait_ms=12163.956251 packing_arrival_interval_us=10870 packing_waited_batches=484 packing_wait_ms=12100.000000 packing_target_flushes=2 packing_deadline_flushes=484 packing_cleanup_flushes=0 stage2_phase_search_attempts=486 stage2_phase_search_task_attempts=1201 stage2_phase_search_elapsed_ms=21845.095625 avg_stage2_phase_search_us_per_task=18189.088780 stage2_phase_freeze_prune_attempts=486 stage2_phase_freeze_prune_task_attempts=1201 stage2_phase_freeze_prune_elapsed_ms=795.852820 avg_stage2_phase_freeze_prune_us_per_task=662.658468 stage2_phase_reverse_prepare_attempts=486 stage2_phase_reverse_prepare_task_attempts=1201 stage2_phase_reverse_prepare_elapsed_ms=2695.927727 avg_stage2_phase_reverse_prepare_us_per_task=2244.735826 stage2_phase_placement_authority_attempts=486 stage2_phase_placement_authority_task_attempts=1201 stage2_phase_placement_authority_elapsed_ms=586.185572 avg_stage2_phase_placement_authority_us_per_task=488.081242 stage2_phase_completion_handoff_attempts=486 stage2_phase_completion_handoff_task_attempts=1201 stage2_phase_completion_handoff_elapsed_ms=0.624813 avg_stage2_phase_completion_handoff_us_per_task=0.520244 stage2_phase_finalize_attempts=486 stage2_phase_finalize_task_attempts=1201 stage2_phase_finalize_elapsed_ms=1.770647 avg_stage2_phase_finalize_us_per_task=1.474311 maintenance_worker_idle_waits=162048 maintenance_worker_idle_ms=383918.362466 maintenance_lost_wake_avoided=8986 maintenance_targeted_wakes=182804 maintenance_generic_wakes=1201 maintenance_broadcast_wakes=0 maintenance_context_slots_scanned=856240 maintenance_ready_notifications=155125 maintenance_ready_stale_notifications=0 maintenance_ready_tickets_drained=136416 maintenance_ready_overflow_scans=0 maintenance_ready_fallback_scans=53783 stage2_search_lane_lease_limit=32 stage2_search_lane_lease_peak=8 stage2_search_lane_lease_blocked=0 maintenance_worker_observed_idle_ratio=0.959252 maintenance_worker_observed_busy_ratio=0.040748 physical_stage1_items=1201 physical_stage1_total_ns=5514355756 physical_stage1_search_ns=5206885150 physical_stage1_prune_ns=207602213 physical_stage1_allocate_write_ns=71870048 physical_stage1_backlink_ns=24350447 physical_stage1_candidates=153710 physical_stage1_remote_frontier_items=6791324 physical_stage1_neighbors=45319 peer_stage1_enqueued=1957 peer_stage1_processed=1957 peer_stage1_items=1936 avg_peer_stage1_items=0.989269 peer_stage1_rate_per_sec=38.698075 peer_stage1_max_queue=2 peer_stage1_active_workers=0 peer_stage2_home_enqueued=151465 peer_stage2_home_processed=151465 peer_stage2_home_items=16230995 avg_peer_stage2_home_items=107.160037 peer_stage2_home_max_queue=13 peer_stage2_home_response_queue_drops=0 peer_stage2_home_response_send_wait_ms=831.685262 avg_peer_stage2_home_queue_wait_us=13.089890 avg_peer_stage2_home_execution_us=47.551591 peer_stage1_release_deferred_batches=24 peer_stage1_release_deferred_items=24 peer_stage1_duplicate_retry_responses=0 peer_stage1_admission_retry_responses=0 peer_stage1_retry_response_drops=0 peer_stage1_admission_waiters=0 peer_stage1_admission_waiter_items=0 peer_stage1_admission_owned_items=0 peer_stage1_admission_wake_coverage=0 peer_stage1_admission_parked=0 peer_stage1_admission_woken=0 peer_stage1_admission_reparked=0 peer_stage1_max_admission_waiters=0 peer_stage1_duplicate_coalesced=0 peer_reverse_enqueued=4273 peer_reverse_processed=4273 peer_reverse_remaining=0 peer_reverse_items_enqueued=102203 peer_reverse_items_processed=102203 peer_reverse_rate_per_sec=2042.902535 peer_reverse_failed=94 peer_reverse_max_queue=5 reclaim_pending=5 reclaim_reused=1111 dynamic_high_watermark=19602887040 stage2_remaining=0 cleanup_remaining=0 active_contexts=0 active_context_limit=32 repair_remaining=0 remaining=0
[STATUS]: storage-owner maintenance observation: enqueued=1201 stage2_enqueued=1201 cleanup_enqueued=0 stage2_tasks_done=1201 stage2_finalized_live=1201 cleanup_processed=0 stale=0 stage2_completion_ratio=1.000000 live_stage2_completion_ratio=1.000000 avg_stage2_delay_ms=100.384232 p99_stage2_delay_upper_ms=512.000000 p99_stage2_delay_over_30s=false stage2_delay_histogram=0,0,0,0,0,0,255,740,171,35,0,0,0,0,0,0,0,0 max_stage2_delay_ms=432.449787 compaction_batch_target=32 compaction_max_delay_ms=25.000000 stage2_rate_per_sec=21.824445 stage1_search_budget_exhausted=0 stage2_search_budget_exhausted=0 stage2_continuations=1201 stage2_remote_frontier_items=6791324 avg_stage2_remote_frontier=5654.724396 stage2_remote_expansions=135046 avg_stage2_remote_expansions=112.444629 stage2_scored_candidates=10275609 avg_stage2_scored_candidates=8555.877602 stage2_graph_read_waves=36790 avg_stage2_expansions_per_graph_wave=3.670726 stage2_graph_unique_reads=138523 stage2_graph_prefetch_issued=92220 stage2_graph_prefetch_hits=88743 stage2_graph_prefetch_wasted=3477 stage2_graph_prefetch_promotion_ratio=0.962297 stage2_graph_issue_width_current=16 stage2_vector_read_waves=81993 avg_stage2_scores_per_vector_wave=125.323003 stage2_vector_unique_reads=9403980 stage2_home_rpc_batches=71023 stage2_home_rpc_items=6894079 avg_stage2_home_rpc_batch=97.068260 stage2_home_score_rpc_batches=27508 stage2_home_score_rpc_items=6755556 stage2_home_score_rpc_queries=84312 stage2_home_score_rpc_request_bytes=171877944 stage2_home_score_rpc_response_bytes=217285960 avg_stage2_home_score_queries_per_rpc=3.064999 avg_stage2_home_score_rpc_batch=245.585139 stage2_home_scored_neighbors=7626879 home_scores_per_expansion=1.106294 stage2_migrations=1116 home_match_rate=0.070774 stage2_final_edges=47419 stage2_cross_edges_stage1_home=40941 stage2_cross_edges_final_home=33381 cross_edge_reduction_ratio=0.184656 failed=0 rpc_timeouts=0 reverse_aggregate_batches=0 reverse_aggregate_logical_requests=0 reverse_aggregate_ops=0 avg_reverse_aggregate_logicals=0.000000 avg_reverse_aggregate_ops=0.000000 max_backlog=8 admission_window=65536 completion_outstanding=0 completion_incomplete=0 completed_behind_hole=0 completion_logical_full_failures=0 completion_physical_full_failures=0 pressure_yields=221 stage2_batches=486 avg_stage2_batch_size=2.471193 packing_target_batch=8 packing_admit_queue_avg=2.471193 packing_admit_queue_max=8 packing_batch_1_7=484 packing_batch_8=2 packing_assembly_batches=486 packing_assembly_wait_ms=12163.956251 packing_arrival_interval_us=10870 packing_waited_batches=484 packing_wait_ms=12100.000000 packing_target_flushes=2 packing_deadline_flushes=484 packing_cleanup_flushes=0 stage2_phase_search_attempts=486 stage2_phase_search_task_attempts=1201 stage2_phase_search_elapsed_ms=21845.095625 avg_stage2_phase_search_us_per_task=18189.088780 stage2_phase_freeze_prune_attempts=486 stage2_phase_freeze_prune_task_attempts=1201 stage2_phase_freeze_prune_elapsed_ms=795.852820 avg_stage2_phase_freeze_prune_us_per_task=662.658468 stage2_phase_reverse_prepare_attempts=486 stage2_phase_reverse_prepare_task_attempts=1201 stage2_phase_reverse_prepare_elapsed_ms=2695.927727 avg_stage2_phase_reverse_prepare_us_per_task=2244.735826 stage2_phase_placement_authority_attempts=486 stage2_phase_placement_authority_task_attempts=1201 stage2_phase_placement_authority_elapsed_ms=586.185572 avg_stage2_phase_placement_authority_us_per_task=488.081242 stage2_phase_completion_handoff_attempts=486 stage2_phase_completion_handoff_task_attempts=1201 stage2_phase_completion_handoff_elapsed_ms=0.624813 avg_stage2_phase_completion_handoff_us_per_task=0.520244 stage2_phase_finalize_attempts=486 stage2_phase_finalize_task_attempts=1201 stage2_phase_finalize_elapsed_ms=1.770647 avg_stage2_phase_finalize_us_per_task=1.474311 maintenance_worker_idle_waits=166080 maintenance_worker_idle_ms=424477.286921 maintenance_lost_wake_avoided=8986 maintenance_targeted_wakes=182804 maintenance_generic_wakes=1201 maintenance_broadcast_wakes=0 maintenance_context_slots_scanned=920752 maintenance_ready_notifications=155125 maintenance_ready_stale_notifications=0 maintenance_ready_tickets_drained=136416 maintenance_ready_overflow_scans=0 maintenance_ready_fallback_scans=57760 stage2_search_lane_lease_limit=32 stage2_search_lane_lease_peak=8 stage2_search_lane_lease_blocked=0 maintenance_worker_observed_idle_ratio=0.964195 maintenance_worker_observed_busy_ratio=0.035805 physical_stage1_items=1201 physical_stage1_total_ns=5514355756 physical_stage1_search_ns=5206885150 physical_stage1_prune_ns=207602213 physical_stage1_allocate_write_ns=71870048 physical_stage1_backlink_ns=24350447 physical_stage1_candidates=153710 physical_stage1_remote_frontier_items=6791324 physical_stage1_neighbors=45319 peer_stage1_enqueued=1957 peer_stage1_processed=1957 peer_stage1_items=1936 avg_peer_stage1_items=0.989269 peer_stage1_rate_per_sec=35.180788 peer_stage1_max_queue=2 peer_stage1_active_workers=0 peer_stage2_home_enqueued=151465 peer_stage2_home_processed=151465 peer_stage2_home_items=16230995 avg_peer_stage2_home_items=107.160037 peer_stage2_home_max_queue=13 peer_stage2_home_response_queue_drops=0 peer_stage2_home_response_send_wait_ms=831.685262 avg_peer_stage2_home_queue_wait_us=13.089890 avg_peer_stage2_home_execution_us=47.551591 peer_stage1_release_deferred_batches=24 peer_stage1_release_deferred_items=24 peer_stage1_duplicate_retry_responses=0 peer_stage1_admission_retry_responses=0 peer_stage1_retry_response_drops=0 peer_stage1_admission_waiters=0 peer_stage1_admission_waiter_items=0 peer_stage1_admission_owned_items=0 peer_stage1_admission_wake_coverage=0 peer_stage1_admission_parked=0 peer_stage1_admission_woken=0 peer_stage1_admission_reparked=0 peer_stage1_max_admission_waiters=0 peer_stage1_duplicate_coalesced=0 peer_reverse_enqueued=4273 peer_reverse_processed=4273 peer_reverse_remaining=0 peer_reverse_items_enqueued=102203 peer_reverse_items_processed=102203 peer_reverse_rate_per_sec=1857.222144 peer_reverse_failed=94 peer_reverse_max_queue=5 reclaim_pending=5 reclaim_reused=1111 dynamic_high_watermark=19602887040 stage2_remaining=0 cleanup_remaining=0 active_contexts=0 active_context_limit=32 repair_remaining=0 remaining=0
[STATUS]: storage-owner maintenance observation: enqueued=1201 stage2_enqueued=1201 cleanup_enqueued=0 stage2_tasks_done=1201 stage2_finalized_live=1201 cleanup_processed=0 stale=0 stage2_completion_ratio=1.000000 live_stage2_completion_ratio=1.000000 avg_stage2_delay_ms=100.384232 p99_stage2_delay_upper_ms=512.000000 p99_stage2_delay_over_30s=false stage2_delay_histogram=0,0,0,0,0,0,255,740,171,35,0,0,0,0,0,0,0,0 max_stage2_delay_ms=432.449787 compaction_batch_target=32 compaction_max_delay_ms=25.000000 stage2_rate_per_sec=20.006513 stage1_search_budget_exhausted=0 stage2_search_budget_exhausted=0 stage2_continuations=1201 stage2_remote_frontier_items=6791324 avg_stage2_remote_frontier=5654.724396 stage2_remote_expansions=135046 avg_stage2_remote_expansions=112.444629 stage2_scored_candidates=10275609 avg_stage2_scored_candidates=8555.877602 stage2_graph_read_waves=36790 avg_stage2_expansions_per_graph_wave=3.670726 stage2_graph_unique_reads=138523 stage2_graph_prefetch_issued=92220 stage2_graph_prefetch_hits=88743 stage2_graph_prefetch_wasted=3477 stage2_graph_prefetch_promotion_ratio=0.962297 stage2_graph_issue_width_current=16 stage2_vector_read_waves=81993 avg_stage2_scores_per_vector_wave=125.323003 stage2_vector_unique_reads=9403980 stage2_home_rpc_batches=71023 stage2_home_rpc_items=6894079 avg_stage2_home_rpc_batch=97.068260 stage2_home_score_rpc_batches=27508 stage2_home_score_rpc_items=6755556 stage2_home_score_rpc_queries=84312 stage2_home_score_rpc_request_bytes=171877944 stage2_home_score_rpc_response_bytes=217285960 avg_stage2_home_score_queries_per_rpc=3.064999 avg_stage2_home_score_rpc_batch=245.585139 stage2_home_scored_neighbors=7626879 home_scores_per_expansion=1.106294 stage2_migrations=1116 home_match_rate=0.070774 stage2_final_edges=47419 stage2_cross_edges_stage1_home=40941 stage2_cross_edges_final_home=33381 cross_edge_reduction_ratio=0.184656 failed=0 rpc_timeouts=0 reverse_aggregate_batches=0 reverse_aggregate_logical_requests=0 reverse_aggregate_ops=0 avg_reverse_aggregate_logicals=0.000000 avg_reverse_aggregate_ops=0.000000 max_backlog=8 admission_window=65536 completion_outstanding=0 completion_incomplete=0 completed_behind_hole=0 completion_logical_full_failures=0 completion_physical_full_failures=0 pressure_yields=221 stage2_batches=486 avg_stage2_batch_size=2.471193 packing_target_batch=8 packing_admit_queue_avg=2.471193 packing_admit_queue_max=8 packing_batch_1_7=484 packing_batch_8=2 packing_assembly_batches=486 packing_assembly_wait_ms=12163.956251 packing_arrival_interval_us=10870 packing_waited_batches=484 packing_wait_ms=12100.000000 packing_target_flushes=2 packing_deadline_flushes=484 packing_cleanup_flushes=0 stage2_phase_search_attempts=486 stage2_phase_search_task_attempts=1201 stage2_phase_search_elapsed_ms=21845.095625 avg_stage2_phase_search_us_per_task=18189.088780 stage2_phase_freeze_prune_attempts=486 stage2_phase_freeze_prune_task_attempts=1201 stage2_phase_freeze_prune_elapsed_ms=795.852820 avg_stage2_phase_freeze_prune_us_per_task=662.658468 stage2_phase_reverse_prepare_attempts=486 stage2_phase_reverse_prepare_task_attempts=1201 stage2_phase_reverse_prepare_elapsed_ms=2695.927727 avg_stage2_phase_reverse_prepare_us_per_task=2244.735826 stage2_phase_placement_authority_attempts=486 stage2_phase_placement_authority_task_attempts=1201 stage2_phase_placement_authority_elapsed_ms=586.185572 avg_stage2_phase_placement_authority_us_per_task=488.081242 stage2_phase_completion_handoff_attempts=486 stage2_phase_completion_handoff_task_attempts=1201 stage2_phase_completion_handoff_elapsed_ms=0.624813 avg_stage2_phase_completion_handoff_us_per_task=0.520244 stage2_phase_finalize_attempts=486 stage2_phase_finalize_task_attempts=1201 stage2_phase_finalize_elapsed_ms=1.770647 avg_stage2_phase_finalize_us_per_task=1.474311 maintenance_worker_idle_waits=169920 maintenance_worker_idle_ms=463104.833287 maintenance_lost_wake_avoided=8986 maintenance_targeted_wakes=182804 maintenance_generic_wakes=1201 maintenance_broadcast_wakes=0 maintenance_context_slots_scanned=982192 maintenance_ready_notifications=155125 maintenance_ready_stale_notifications=0 maintenance_ready_tickets_drained=136416 maintenance_ready_overflow_scans=0 maintenance_ready_fallback_scans=61736 stage2_search_lane_lease_limit=32 stage2_search_lane_lease_peak=8 stage2_search_lane_lease_blocked=0 maintenance_worker_observed_idle_ratio=0.964312 maintenance_worker_observed_busy_ratio=0.035688 physical_stage1_items=1201 physical_stage1_total_ns=5514355756 physical_stage1_search_ns=5206885150 physical_stage1_prune_ns=207602213 physical_stage1_allocate_write_ns=71870048 physical_stage1_backlink_ns=24350447 physical_stage1_candidates=153710 physical_stage1_remote_frontier_items=6791324 physical_stage1_neighbors=45319 peer_stage1_enqueued=1957 peer_stage1_processed=1957 peer_stage1_items=1936 avg_peer_stage1_items=0.989269 peer_stage1_rate_per_sec=32.250299 peer_stage1_max_queue=2 peer_stage1_active_workers=0 peer_stage2_home_enqueued=151465 peer_stage2_home_processed=151465 peer_stage2_home_items=16230995 avg_peer_stage2_home_items=107.160037 peer_stage2_home_max_queue=13 peer_stage2_home_response_queue_drops=0 peer_stage2_home_response_send_wait_ms=831.685262 avg_peer_stage2_home_queue_wait_us=13.089890 avg_peer_stage2_home_execution_us=47.551591 peer_stage1_release_deferred_batches=24 peer_stage1_release_deferred_items=24 peer_stage1_duplicate_retry_responses=0 peer_stage1_admission_retry_responses=0 peer_stage1_retry_response_drops=0 peer_stage1_admission_waiters=0 peer_stage1_admission_waiter_items=0 peer_stage1_admission_owned_items=0 peer_stage1_admission_wake_coverage=0 peer_stage1_admission_parked=0 peer_stage1_admission_woken=0 peer_stage1_admission_reparked=0 peer_stage1_max_admission_waiters=0 peer_stage1_duplicate_coalesced=0 peer_reverse_enqueued=4273 peer_reverse_processed=4273 peer_reverse_remaining=0 peer_reverse_items_enqueued=102203 peer_reverse_items_processed=102203 peer_reverse_rate_per_sec=1702.519268 peer_reverse_failed=94 peer_reverse_max_queue=5 reclaim_pending=5 reclaim_reused=1111 dynamic_high_watermark=19602887040 stage2_remaining=0 cleanup_remaining=0 active_contexts=0 active_context_limit=32 repair_remaining=0 remaining=0
[STATUS]: storage-owner maintenance observation: enqueued=1201 stage2_enqueued=1201 cleanup_enqueued=0 stage2_tasks_done=1201 stage2_finalized_live=1201 cleanup_processed=0 stale=0 stage2_completion_ratio=1.000000 live_stage2_completion_ratio=1.000000 avg_stage2_delay_ms=100.384232 p99_stage2_delay_upper_ms=512.000000 p99_stage2_delay_over_30s=false stage2_delay_histogram=0,0,0,0,0,0,255,740,171,35,0,0,0,0,0,0,0,0 max_stage2_delay_ms=432.449787 compaction_batch_target=32 compaction_max_delay_ms=25.000000 stage2_rate_per_sec=18.468157 stage1_search_budget_exhausted=0 stage2_search_budget_exhausted=0 stage2_continuations=1201 stage2_remote_frontier_items=6791324 avg_stage2_remote_frontier=5654.724396 stage2_remote_expansions=135046 avg_stage2_remote_expansions=112.444629 stage2_scored_candidates=10275609 avg_stage2_scored_candidates=8555.877602 stage2_graph_read_waves=36790 avg_stage2_expansions_per_graph_wave=3.670726 stage2_graph_unique_reads=138523 stage2_graph_prefetch_issued=92220 stage2_graph_prefetch_hits=88743 stage2_graph_prefetch_wasted=3477 stage2_graph_prefetch_promotion_ratio=0.962297 stage2_graph_issue_width_current=16 stage2_vector_read_waves=81993 avg_stage2_scores_per_vector_wave=125.323003 stage2_vector_unique_reads=9403980 stage2_home_rpc_batches=71023 stage2_home_rpc_items=6894079 avg_stage2_home_rpc_batch=97.068260 stage2_home_score_rpc_batches=27508 stage2_home_score_rpc_items=6755556 stage2_home_score_rpc_queries=84312 stage2_home_score_rpc_request_bytes=171877944 stage2_home_score_rpc_response_bytes=217285960 avg_stage2_home_score_queries_per_rpc=3.064999 avg_stage2_home_score_rpc_batch=245.585139 stage2_home_scored_neighbors=7626879 home_scores_per_expansion=1.106294 stage2_migrations=1116 home_match_rate=0.070774 stage2_final_edges=47419 stage2_cross_edges_stage1_home=40941 stage2_cross_edges_final_home=33381 cross_edge_reduction_ratio=0.184656 failed=0 rpc_timeouts=0 reverse_aggregate_batches=0 reverse_aggregate_logical_requests=0 reverse_aggregate_ops=0 avg_reverse_aggregate_logicals=0.000000 avg_reverse_aggregate_ops=0.000000 max_backlog=8 admission_window=65536 completion_outstanding=0 completion_incomplete=0 completed_behind_hole=0 completion_logical_full_failures=0 completion_physical_full_failures=0 pressure_yields=221 stage2_batches=486 avg_stage2_batch_size=2.471193 packing_target_batch=8 packing_admit_queue_avg=2.471193 packing_admit_queue_max=8 packing_batch_1_7=484 packing_batch_8=2 packing_assembly_batches=486 packing_assembly_wait_ms=12163.956251 packing_arrival_interval_us=10870 packing_waited_batches=484 packing_wait_ms=12100.000000 packing_target_flushes=2 packing_deadline_flushes=484 packing_cleanup_flushes=0 stage2_phase_search_attempts=486 stage2_phase_search_task_attempts=1201 stage2_phase_search_elapsed_ms=21845.095625 avg_stage2_phase_search_us_per_task=18189.088780 stage2_phase_freeze_prune_attempts=486 stage2_phase_freeze_prune_task_attempts=1201 stage2_phase_freeze_prune_elapsed_ms=795.852820 avg_stage2_phase_freeze_prune_us_per_task=662.658468 stage2_phase_reverse_prepare_attempts=486 stage2_phase_reverse_prepare_task_attempts=1201 stage2_phase_reverse_prepare_elapsed_ms=2695.927727 avg_stage2_phase_reverse_prepare_us_per_task=2244.735826 stage2_phase_placement_authority_attempts=486 stage2_phase_placement_authority_task_attempts=1201 stage2_phase_placement_authority_elapsed_ms=586.185572 avg_stage2_phase_placement_authority_us_per_task=488.081242 stage2_phase_completion_handoff_attempts=486 stage2_phase_completion_handoff_task_attempts=1201 stage2_phase_completion_handoff_elapsed_ms=0.624813 avg_stage2_phase_completion_handoff_us_per_task=0.520244 stage2_phase_finalize_attempts=486 stage2_phase_finalize_task_attempts=1201 stage2_phase_finalize_elapsed_ms=1.770647 avg_stage2_phase_finalize_us_per_task=1.474311 maintenance_worker_idle_waits=174016 maintenance_worker_idle_ms=504309.274186 maintenance_lost_wake_avoided=8986 maintenance_targeted_wakes=182804 maintenance_generic_wakes=1201 maintenance_broadcast_wakes=0 maintenance_context_slots_scanned=1047728 maintenance_ready_notifications=155125 maintenance_ready_stale_notifications=0 maintenance_ready_tickets_drained=136416 maintenance_ready_overflow_scans=0 maintenance_ready_fallback_scans=65712 stage2_search_lane_lease_limit=32 stage2_search_lane_lease_peak=8 stage2_search_lane_lease_blocked=0 maintenance_worker_observed_idle_ratio=0.969365 maintenance_worker_observed_busy_ratio=0.030635 physical_stage1_items=1201 physical_stage1_total_ns=5514355756 physical_stage1_search_ns=5206885150 physical_stage1_prune_ns=207602213 physical_stage1_allocate_write_ns=71870048 physical_stage1_backlink_ns=24350447 physical_stage1_candidates=153710 physical_stage1_remote_frontier_items=6791324 physical_stage1_neighbors=45319 peer_stage1_enqueued=1957 peer_stage1_processed=1957 peer_stage1_items=1936 avg_peer_stage1_items=0.989269 peer_stage1_rate_per_sec=29.770485 peer_stage1_max_queue=2 peer_stage1_active_workers=0 peer_stage2_home_enqueued=151465 peer_stage2_home_processed=151465 peer_stage2_home_items=16230995 avg_peer_stage2_home_items=107.160037 peer_stage2_home_max_queue=13 peer_stage2_home_response_queue_drops=0 peer_stage2_home_response_send_wait_ms=831.685262 avg_peer_stage2_home_queue_wait_us=13.089890 avg_peer_stage2_home_execution_us=47.551591 peer_stage1_release_deferred_batches=24 peer_stage1_release_deferred_items=24 peer_stage1_duplicate_retry_responses=0 peer_stage1_admission_retry_responses=0 peer_stage1_retry_response_drops=0 peer_stage1_admission_waiters=0 peer_stage1_admission_waiter_items=0 peer_stage1_admission_owned_items=0 peer_stage1_admission_wake_coverage=0 peer_stage1_admission_parked=0 peer_stage1_admission_woken=0 peer_stage1_admission_reparked=0 peer_stage1_max_admission_waiters=0 peer_stage1_duplicate_coalesced=0 peer_reverse_enqueued=4273 peer_reverse_processed=4273 peer_reverse_remaining=0 peer_reverse_items_enqueued=102203 peer_reverse_items_processed=102203 peer_reverse_rate_per_sec=1571.607907 peer_reverse_failed=94 peer_reverse_max_queue=5 reclaim_pending=5 reclaim_reused=1111 dynamic_high_watermark=19602887040 stage2_remaining=0 cleanup_remaining=0 active_contexts=0 active_context_limit=32 repair_remaining=0 remaining=0
[STATUS]: storage-owner maintenance observation: enqueued=1201 stage2_enqueued=1201 cleanup_enqueued=0 stage2_tasks_done=1201 stage2_finalized_live=1201 cleanup_processed=0 stale=0 stage2_completion_ratio=1.000000 live_stage2_completion_ratio=1.000000 avg_stage2_delay_ms=100.384232 p99_stage2_delay_upper_ms=512.000000 p99_stage2_delay_over_30s=false stage2_delay_histogram=0,0,0,0,0,0,255,740,171,35,0,0,0,0,0,0,0,0 max_stage2_delay_ms=432.449787 compaction_batch_target=32 compaction_max_delay_ms=25.000000 stage2_rate_per_sec=17.149319 stage1_search_budget_exhausted=0 stage2_search_budget_exhausted=0 stage2_continuations=1201 stage2_remote_frontier_items=6791324 avg_stage2_remote_frontier=5654.724396 stage2_remote_expansions=135046 avg_stage2_remote_expansions=112.444629 stage2_scored_candidates=10275609 avg_stage2_scored_candidates=8555.877602 stage2_graph_read_waves=36790 avg_stage2_expansions_per_graph_wave=3.670726 stage2_graph_unique_reads=138523 stage2_graph_prefetch_issued=92220 stage2_graph_prefetch_hits=88743 stage2_graph_prefetch_wasted=3477 stage2_graph_prefetch_promotion_ratio=0.962297 stage2_graph_issue_width_current=16 stage2_vector_read_waves=81993 avg_stage2_scores_per_vector_wave=125.323003 stage2_vector_unique_reads=9403980 stage2_home_rpc_batches=71023 stage2_home_rpc_items=6894079 avg_stage2_home_rpc_batch=97.068260 stage2_home_score_rpc_batches=27508 stage2_home_score_rpc_items=6755556 stage2_home_score_rpc_queries=84312 stage2_home_score_rpc_request_bytes=171877944 stage2_home_score_rpc_response_bytes=217285960 avg_stage2_home_score_queries_per_rpc=3.064999 avg_stage2_home_score_rpc_batch=245.585139 stage2_home_scored_neighbors=7626879 home_scores_per_expansion=1.106294 stage2_migrations=1116 home_match_rate=0.070774 stage2_final_edges=47419 stage2_cross_edges_stage1_home=40941 stage2_cross_edges_final_home=33381 cross_edge_reduction_ratio=0.184656 failed=0 rpc_timeouts=0 reverse_aggregate_batches=0 reverse_aggregate_logical_requests=0 reverse_aggregate_ops=0 avg_reverse_aggregate_logicals=0.000000 avg_reverse_aggregate_ops=0.000000 max_backlog=8 admission_window=65536 completion_outstanding=0 completion_incomplete=0 completed_behind_hole=0 completion_logical_full_failures=0 completion_physical_full_failures=0 pressure_yields=221 stage2_batches=486 avg_stage2_batch_size=2.471193 packing_target_batch=8 packing_admit_queue_avg=2.471193 packing_admit_queue_max=8 packing_batch_1_7=484 packing_batch_8=2 packing_assembly_batches=486 packing_assembly_wait_ms=12163.956251 packing_arrival_interval_us=10870 packing_waited_batches=484 packing_wait_ms=12100.000000 packing_target_flushes=2 packing_deadline_flushes=484 packing_cleanup_flushes=0 stage2_phase_search_attempts=486 stage2_phase_search_task_attempts=1201 stage2_phase_search_elapsed_ms=21845.095625 avg_stage2_phase_search_us_per_task=18189.088780 stage2_phase_freeze_prune_attempts=486 stage2_phase_freeze_prune_task_attempts=1201 stage2_phase_freeze_prune_elapsed_ms=795.852820 avg_stage2_phase_freeze_prune_us_per_task=662.658468 stage2_phase_reverse_prepare_attempts=486 stage2_phase_reverse_prepare_task_attempts=1201 stage2_phase_reverse_prepare_elapsed_ms=2695.927727 avg_stage2_phase_reverse_prepare_us_per_task=2244.735826 stage2_phase_placement_authority_attempts=486 stage2_phase_placement_authority_task_attempts=1201 stage2_phase_placement_authority_elapsed_ms=586.185572 avg_stage2_phase_placement_authority_us_per_task=488.081242 stage2_phase_completion_handoff_attempts=486 stage2_phase_completion_handoff_task_attempts=1201 stage2_phase_completion_handoff_elapsed_ms=0.624813 avg_stage2_phase_completion_handoff_us_per_task=0.520244 stage2_phase_finalize_attempts=486 stage2_phase_finalize_task_attempts=1201 stage2_phase_finalize_elapsed_ms=1.770647 avg_stage2_phase_finalize_us_per_task=1.474311 maintenance_worker_idle_waits=177920 maintenance_worker_idle_ms=543612.230546 maintenance_lost_wake_avoided=8986 maintenance_targeted_wakes=182804 maintenance_generic_wakes=1201 maintenance_broadcast_wakes=0 maintenance_context_slots_scanned=1110192 maintenance_ready_notifications=155125 maintenance_ready_stale_notifications=0 maintenance_ready_tickets_drained=136416 maintenance_ready_overflow_scans=0 maintenance_ready_fallback_scans=69685 stage2_search_lane_lease_limit=32 stage2_search_lane_lease_peak=8 stage2_search_lane_lease_blocked=0 maintenance_worker_observed_idle_ratio=0.970293 maintenance_worker_observed_busy_ratio=0.029707 physical_stage1_items=1201 physical_stage1_total_ns=5514355756 physical_stage1_search_ns=5206885150 physical_stage1_prune_ns=207602213 physical_stage1_allocate_write_ns=71870048 physical_stage1_backlink_ns=24350447 physical_stage1_candidates=153710 physical_stage1_remote_frontier_items=6791324 physical_stage1_neighbors=45319 peer_stage1_enqueued=1957 peer_stage1_processed=1957 peer_stage1_items=1936 avg_peer_stage1_items=0.989269 peer_stage1_rate_per_sec=27.644531 peer_stage1_max_queue=2 peer_stage1_active_workers=0 peer_stage2_home_enqueued=151465 peer_stage2_home_processed=151465 peer_stage2_home_items=16230995 avg_peer_stage2_home_items=107.160037 peer_stage2_home_max_queue=13 peer_stage2_home_response_queue_drops=0 peer_stage2_home_response_send_wait_ms=831.685262 avg_peer_stage2_home_queue_wait_us=13.089890 avg_peer_stage2_home_execution_us=47.551591 peer_stage1_release_deferred_batches=24 peer_stage1_release_deferred_items=24 peer_stage1_duplicate_retry_responses=0 peer_stage1_admission_retry_responses=0 peer_stage1_retry_response_drops=0 peer_stage1_admission_waiters=0 peer_stage1_admission_waiter_items=0 peer_stage1_admission_owned_items=0 peer_stage1_admission_wake_coverage=0 peer_stage1_admission_parked=0 peer_stage1_admission_woken=0 peer_stage1_admission_reparked=0 peer_stage1_max_admission_waiters=0 peer_stage1_duplicate_coalesced=0 peer_reverse_enqueued=4273 peer_reverse_processed=4273 peer_reverse_remaining=0 peer_reverse_items_enqueued=102203 peer_reverse_items_processed=102203 peer_reverse_rate_per_sec=1459.377062 peer_reverse_failed=94 peer_reverse_max_queue=5 reclaim_pending=5 reclaim_reused=1111 dynamic_high_watermark=19602887040 stage2_remaining=0 cleanup_remaining=0 active_contexts=0 active_context_limit=32 repair_remaining=0 remaining=0
[STATUS]: storage-owner maintenance observation: enqueued=1201 stage2_enqueued=1201 cleanup_enqueued=0 stage2_tasks_done=1201 stage2_finalized_live=1201 cleanup_processed=0 stale=0 stage2_completion_ratio=1.000000 live_stage2_completion_ratio=1.000000 avg_stage2_delay_ms=100.384232 p99_stage2_delay_upper_ms=512.000000 p99_stage2_delay_over_30s=false stage2_delay_histogram=0,0,0,0,0,0,255,740,171,35,0,0,0,0,0,0,0,0 max_stage2_delay_ms=432.449787 compaction_batch_target=32 compaction_max_delay_ms=25.000000 stage2_rate_per_sec=16.006401 stage1_search_budget_exhausted=0 stage2_search_budget_exhausted=0 stage2_continuations=1201 stage2_remote_frontier_items=6791324 avg_stage2_remote_frontier=5654.724396 stage2_remote_expansions=135046 avg_stage2_remote_expansions=112.444629 stage2_scored_candidates=10275609 avg_stage2_scored_candidates=8555.877602 stage2_graph_read_waves=36790 avg_stage2_expansions_per_graph_wave=3.670726 stage2_graph_unique_reads=138523 stage2_graph_prefetch_issued=92220 stage2_graph_prefetch_hits=88743 stage2_graph_prefetch_wasted=3477 stage2_graph_prefetch_promotion_ratio=0.962297 stage2_graph_issue_width_current=16 stage2_vector_read_waves=81993 avg_stage2_scores_per_vector_wave=125.323003 stage2_vector_unique_reads=9403980 stage2_home_rpc_batches=71023 stage2_home_rpc_items=6894079 avg_stage2_home_rpc_batch=97.068260 stage2_home_score_rpc_batches=27508 stage2_home_score_rpc_items=6755556 stage2_home_score_rpc_queries=84312 stage2_home_score_rpc_request_bytes=171877944 stage2_home_score_rpc_response_bytes=217285960 avg_stage2_home_score_queries_per_rpc=3.064999 avg_stage2_home_score_rpc_batch=245.585139 stage2_home_scored_neighbors=7626879 home_scores_per_expansion=1.106294 stage2_migrations=1116 home_match_rate=0.070774 stage2_final_edges=47419 stage2_cross_edges_stage1_home=40941 stage2_cross_edges_final_home=33381 cross_edge_reduction_ratio=0.184656 failed=0 rpc_timeouts=0 reverse_aggregate_batches=0 reverse_aggregate_logical_requests=0 reverse_aggregate_ops=0 avg_reverse_aggregate_logicals=0.000000 avg_reverse_aggregate_ops=0.000000 max_backlog=8 admission_window=65536 completion_outstanding=0 completion_incomplete=0 completed_behind_hole=0 completion_logical_full_failures=0 completion_physical_full_failures=0 pressure_yields=221 stage2_batches=486 avg_stage2_batch_size=2.471193 packing_target_batch=8 packing_admit_queue_avg=2.471193 packing_admit_queue_max=8 packing_batch_1_7=484 packing_batch_8=2 packing_assembly_batches=486 packing_assembly_wait_ms=12163.956251 packing_arrival_interval_us=10870 packing_waited_batches=484 packing_wait_ms=12100.000000 packing_target_flushes=2 packing_deadline_flushes=484 packing_cleanup_flushes=0 stage2_phase_search_attempts=486 stage2_phase_search_task_attempts=1201 stage2_phase_search_elapsed_ms=21845.095625 avg_stage2_phase_search_us_per_task=18189.088780 stage2_phase_freeze_prune_attempts=486 stage2_phase_freeze_prune_task_attempts=1201 stage2_phase_freeze_prune_elapsed_ms=795.852820 avg_stage2_phase_freeze_prune_us_per_task=662.658468 stage2_phase_reverse_prepare_attempts=486 stage2_phase_reverse_prepare_task_attempts=1201 stage2_phase_reverse_prepare_elapsed_ms=2695.927727 avg_stage2_phase_reverse_prepare_us_per_task=2244.735826 stage2_phase_placement_authority_attempts=486 stage2_phase_placement_authority_task_attempts=1201 stage2_phase_placement_authority_elapsed_ms=586.185572 avg_stage2_phase_placement_authority_us_per_task=488.081242 stage2_phase_completion_handoff_attempts=486 stage2_phase_completion_handoff_task_attempts=1201 stage2_phase_completion_handoff_elapsed_ms=0.624813 avg_stage2_phase_completion_handoff_us_per_task=0.520244 stage2_phase_finalize_attempts=486 stage2_phase_finalize_task_attempts=1201 stage2_phase_finalize_elapsed_ms=1.770647 avg_stage2_phase_finalize_us_per_task=1.474311 maintenance_worker_idle_waits=181952 maintenance_worker_idle_ms=584170.031843 maintenance_lost_wake_avoided=8986 maintenance_targeted_wakes=182804 maintenance_generic_wakes=1201 maintenance_broadcast_wakes=0 maintenance_context_slots_scanned=1174704 maintenance_ready_notifications=155125 maintenance_ready_stale_notifications=0 maintenance_ready_tickets_drained=136416 maintenance_ready_overflow_scans=0 maintenance_ready_fallback_scans=73661 stage2_search_lane_lease_limit=32 stage2_search_lane_lease_peak=8 stage2_search_lane_lease_blocked=0 maintenance_worker_observed_idle_ratio=0.973195 maintenance_worker_observed_busy_ratio=0.026805 physical_stage1_items=1201 physical_stage1_total_ns=5514355756 physical_stage1_search_ns=5206885150 physical_stage1_prune_ns=207602213 physical_stage1_allocate_write_ns=71870048 physical_stage1_backlink_ns=24350447 physical_stage1_candidates=153710 physical_stage1_remote_frontier_items=6791324 physical_stage1_neighbors=45319 peer_stage1_enqueued=1957 peer_stage1_processed=1957 peer_stage1_items=1936 avg_peer_stage1_items=0.989269 peer_stage1_rate_per_sec=25.802159 peer_stage1_max_queue=2 peer_stage1_active_workers=0 peer_stage2_home_enqueued=151465 peer_stage2_home_processed=151465 peer_stage2_home_items=16230995 avg_peer_stage2_home_items=107.160037 peer_stage2_home_max_queue=13 peer_stage2_home_response_queue_drops=0 peer_stage2_home_response_send_wait_ms=831.685262 avg_peer_stage2_home_queue_wait_us=13.089890 avg_peer_stage2_home_execution_us=47.551591 peer_stage1_release_deferred_batches=24 peer_stage1_release_deferred_items=24 peer_stage1_duplicate_retry_responses=0 peer_stage1_admission_retry_responses=0 peer_stage1_retry_response_drops=0 peer_stage1_admission_waiters=0 peer_stage1_admission_waiter_items=0 peer_stage1_admission_owned_items=0 peer_stage1_admission_wake_coverage=0 peer_stage1_admission_parked=0 peer_stage1_admission_woken=0 peer_stage1_admission_reparked=0 peer_stage1_max_admission_waiters=0 peer_stage1_duplicate_coalesced=0 peer_reverse_enqueued=4273 peer_reverse_processed=4273 peer_reverse_remaining=0 peer_reverse_items_enqueued=102203 peer_reverse_items_processed=102203 peer_reverse_rate_per_sec=1362.116764 peer_reverse_failed=94 peer_reverse_max_queue=5 reclaim_pending=5 reclaim_reused=1111 dynamic_high_watermark=19602887040 stage2_remaining=0 cleanup_remaining=0 active_contexts=0 active_context_limit=32 repair_remaining=0 remaining=0
[STATUS]: storage-owner maintenance observation: enqueued=1201 stage2_enqueued=1201 cleanup_enqueued=0 stage2_tasks_done=1201 stage2_finalized_live=1201 cleanup_processed=0 stale=0 stage2_completion_ratio=1.000000 live_stage2_completion_ratio=1.000000 avg_stage2_delay_ms=100.384232 p99_stage2_delay_upper_ms=512.000000 p99_stage2_delay_over_30s=false stage2_delay_histogram=0,0,0,0,0,0,255,740,171,35,0,0,0,0,0,0,0,0 max_stage2_delay_ms=432.449787 compaction_batch_target=32 compaction_max_delay_ms=25.000000 stage2_rate_per_sec=15.006341 stage1_search_budget_exhausted=0 stage2_search_budget_exhausted=0 stage2_continuations=1201 stage2_remote_frontier_items=6791324 avg_stage2_remote_frontier=5654.724396 stage2_remote_expansions=135046 avg_stage2_remote_expansions=112.444629 stage2_scored_candidates=10275609 avg_stage2_scored_candidates=8555.877602 stage2_graph_read_waves=36790 avg_stage2_expansions_per_graph_wave=3.670726 stage2_graph_unique_reads=138523 stage2_graph_prefetch_issued=92220 stage2_graph_prefetch_hits=88743 stage2_graph_prefetch_wasted=3477 stage2_graph_prefetch_promotion_ratio=0.962297 stage2_graph_issue_width_current=16 stage2_vector_read_waves=81993 avg_stage2_scores_per_vector_wave=125.323003 stage2_vector_unique_reads=9403980 stage2_home_rpc_batches=71023 stage2_home_rpc_items=6894079 avg_stage2_home_rpc_batch=97.068260 stage2_home_score_rpc_batches=27508 stage2_home_score_rpc_items=6755556 stage2_home_score_rpc_queries=84312 stage2_home_score_rpc_request_bytes=171877944 stage2_home_score_rpc_response_bytes=217285960 avg_stage2_home_score_queries_per_rpc=3.064999 avg_stage2_home_score_rpc_batch=245.585139 stage2_home_scored_neighbors=7626879 home_scores_per_expansion=1.106294 stage2_migrations=1116 home_match_rate=0.070774 stage2_final_edges=47419 stage2_cross_edges_stage1_home=40941 stage2_cross_edges_final_home=33381 cross_edge_reduction_ratio=0.184656 failed=0 rpc_timeouts=0 reverse_aggregate_batches=0 reverse_aggregate_logical_requests=0 reverse_aggregate_ops=0 avg_reverse_aggregate_logicals=0.000000 avg_reverse_aggregate_ops=0.000000 max_backlog=8 admission_window=65536 completion_outstanding=0 completion_incomplete=0 completed_behind_hole=0 completion_logical_full_failures=0 completion_physical_full_failures=0 pressure_yields=221 stage2_batches=486 avg_stage2_batch_size=2.471193 packing_target_batch=8 packing_admit_queue_avg=2.471193 packing_admit_queue_max=8 packing_batch_1_7=484 packing_batch_8=2 packing_assembly_batches=486 packing_assembly_wait_ms=12163.956251 packing_arrival_interval_us=10870 packing_waited_batches=484 packing_wait_ms=12100.000000 packing_target_flushes=2 packing_deadline_flushes=484 packing_cleanup_flushes=0 stage2_phase_search_attempts=486 stage2_phase_search_task_attempts=1201 stage2_phase_search_elapsed_ms=21845.095625 avg_stage2_phase_search_us_per_task=18189.088780 stage2_phase_freeze_prune_attempts=486 stage2_phase_freeze_prune_task_attempts=1201 stage2_phase_freeze_prune_elapsed_ms=795.852820 avg_stage2_phase_freeze_prune_us_per_task=662.658468 stage2_phase_reverse_prepare_attempts=486 stage2_phase_reverse_prepare_task_attempts=1201 stage2_phase_reverse_prepare_elapsed_ms=2695.927727 avg_stage2_phase_reverse_prepare_us_per_task=2244.735826 stage2_phase_placement_authority_attempts=486 stage2_phase_placement_authority_task_attempts=1201 stage2_phase_placement_authority_elapsed_ms=586.185572 avg_stage2_phase_placement_authority_us_per_task=488.081242 stage2_phase_completion_handoff_attempts=486 stage2_phase_completion_handoff_task_attempts=1201 stage2_phase_completion_handoff_elapsed_ms=0.624813 avg_stage2_phase_completion_handoff_us_per_task=0.520244 stage2_phase_finalize_attempts=486 stage2_phase_finalize_task_attempts=1201 stage2_phase_finalize_elapsed_ms=1.770647 avg_stage2_phase_finalize_us_per_task=1.474311 maintenance_worker_idle_waits=185792 maintenance_worker_idle_ms=622798.575918 maintenance_lost_wake_avoided=8986 maintenance_targeted_wakes=182804 maintenance_generic_wakes=1201 maintenance_broadcast_wakes=0 maintenance_context_slots_scanned=1236144 maintenance_ready_notifications=155125 maintenance_ready_stale_notifications=0 maintenance_ready_tickets_drained=136416 maintenance_ready_overflow_scans=0 maintenance_ready_fallback_scans=77636 stage2_search_lane_lease_limit=32 stage2_search_lane_lease_peak=8 stage2_search_lane_lease_blocked=0 maintenance_worker_observed_idle_ratio=0.972724 maintenance_worker_observed_busy_ratio=0.027276 physical_stage1_items=1201 physical_stage1_total_ns=5514355756 physical_stage1_search_ns=5206885150 physical_stage1_prune_ns=207602213 physical_stage1_allocate_write_ns=71870048 physical_stage1_backlink_ns=24350447 physical_stage1_candidates=153710 physical_stage1_remote_frontier_items=6791324 physical_stage1_neighbors=45319 peer_stage1_enqueued=1957 peer_stage1_processed=1957 peer_stage1_items=1936 avg_peer_stage1_items=0.989269 peer_stage1_rate_per_sec=24.190071 peer_stage1_max_queue=2 peer_stage1_active_workers=0 peer_stage2_home_enqueued=151465 peer_stage2_home_processed=151465 peer_stage2_home_items=16230995 avg_peer_stage2_home_items=107.160037 peer_stage2_home_max_queue=13 peer_stage2_home_response_queue_drops=0 peer_stage2_home_response_send_wait_ms=831.685262 avg_peer_stage2_home_queue_wait_us=13.089890 avg_peer_stage2_home_execution_us=47.551591 peer_stage1_release_deferred_batches=24 peer_stage1_release_deferred_items=24 peer_stage1_duplicate_retry_responses=0 peer_stage1_admission_retry_responses=0 peer_stage1_retry_response_drops=0 peer_stage1_admission_waiters=0 peer_stage1_admission_waiter_items=0 peer_stage1_admission_owned_items=0 peer_stage1_admission_wake_coverage=0 peer_stage1_admission_parked=0 peer_stage1_admission_woken=0 peer_stage1_admission_reparked=0 peer_stage1_max_admission_waiters=0 peer_stage1_duplicate_coalesced=0 peer_reverse_enqueued=4273 peer_reverse_processed=4273 peer_reverse_remaining=0 peer_reverse_items_enqueued=102203 peer_reverse_items_processed=102203 peer_reverse_rate_per_sec=1277.013354 peer_reverse_failed=94 peer_reverse_max_queue=5 reclaim_pending=5 reclaim_reused=1111 dynamic_high_watermark=19602887040 stage2_remaining=0 cleanup_remaining=0 active_contexts=0 active_context_limit=32 repair_remaining=0 remaining=0
[STATUS]: storage-owner maintenance observation: enqueued=1201 stage2_enqueued=1201 cleanup_enqueued=0 stage2_tasks_done=1201 stage2_finalized_live=1201 cleanup_processed=0 stale=0 stage2_completion_ratio=1.000000 live_stage2_completion_ratio=1.000000 avg_stage2_delay_ms=100.384232 p99_stage2_delay_upper_ms=512.000000 p99_stage2_delay_over_30s=false stage2_delay_histogram=0,0,0,0,0,0,255,740,171,35,0,0,0,0,0,0,0,0 max_stage2_delay_ms=432.449787 compaction_batch_target=32 compaction_max_delay_ms=25.000000 stage2_rate_per_sec=14.123670 stage1_search_budget_exhausted=0 stage2_search_budget_exhausted=0 stage2_continuations=1201 stage2_remote_frontier_items=6791324 avg_stage2_remote_frontier=5654.724396 stage2_remote_expansions=135046 avg_stage2_remote_expansions=112.444629 stage2_scored_candidates=10275609 avg_stage2_scored_candidates=8555.877602 stage2_graph_read_waves=36790 avg_stage2_expansions_per_graph_wave=3.670726 stage2_graph_unique_reads=138523 stage2_graph_prefetch_issued=92220 stage2_graph_prefetch_hits=88743 stage2_graph_prefetch_wasted=3477 stage2_graph_prefetch_promotion_ratio=0.962297 stage2_graph_issue_width_current=16 stage2_vector_read_waves=81993 avg_stage2_scores_per_vector_wave=125.323003 stage2_vector_unique_reads=9403980 stage2_home_rpc_batches=71023 stage2_home_rpc_items=6894079 avg_stage2_home_rpc_batch=97.068260 stage2_home_score_rpc_batches=27508 stage2_home_score_rpc_items=6755556 stage2_home_score_rpc_queries=84312 stage2_home_score_rpc_request_bytes=171877944 stage2_home_score_rpc_response_bytes=217285960 avg_stage2_home_score_queries_per_rpc=3.064999 avg_stage2_home_score_rpc_batch=245.585139 stage2_home_scored_neighbors=7626879 home_scores_per_expansion=1.106294 stage2_migrations=1116 home_match_rate=0.070774 stage2_final_edges=47419 stage2_cross_edges_stage1_home=40941 stage2_cross_edges_final_home=33381 cross_edge_reduction_ratio=0.184656 failed=0 rpc_timeouts=0 reverse_aggregate_batches=0 reverse_aggregate_logical_requests=0 reverse_aggregate_ops=0 avg_reverse_aggregate_logicals=0.000000 avg_reverse_aggregate_ops=0.000000 max_backlog=8 admission_window=65536 completion_outstanding=0 completion_incomplete=0 completed_behind_hole=0 completion_logical_full_failures=0 completion_physical_full_failures=0 pressure_yields=221 stage2_batches=486 avg_stage2_batch_size=2.471193 packing_target_batch=8 packing_admit_queue_avg=2.471193 packing_admit_queue_max=8 packing_batch_1_7=484 packing_batch_8=2 packing_assembly_batches=486 packing_assembly_wait_ms=12163.956251 packing_arrival_interval_us=10870 packing_waited_batches=484 packing_wait_ms=12100.000000 packing_target_flushes=2 packing_deadline_flushes=484 packing_cleanup_flushes=0 stage2_phase_search_attempts=486 stage2_phase_search_task_attempts=1201 stage2_phase_search_elapsed_ms=21845.095625 avg_stage2_phase_search_us_per_task=18189.088780 stage2_phase_freeze_prune_attempts=486 stage2_phase_freeze_prune_task_attempts=1201 stage2_phase_freeze_prune_elapsed_ms=795.852820 avg_stage2_phase_freeze_prune_us_per_task=662.658468 stage2_phase_reverse_prepare_attempts=486 stage2_phase_reverse_prepare_task_attempts=1201 stage2_phase_reverse_prepare_elapsed_ms=2695.927727 avg_stage2_phase_reverse_prepare_us_per_task=2244.735826 stage2_phase_placement_authority_attempts=486 stage2_phase_placement_authority_task_attempts=1201 stage2_phase_placement_authority_elapsed_ms=586.185572 avg_stage2_phase_placement_authority_us_per_task=488.081242 stage2_phase_completion_handoff_attempts=486 stage2_phase_completion_handoff_task_attempts=1201 stage2_phase_completion_handoff_elapsed_ms=0.624813 avg_stage2_phase_completion_handoff_us_per_task=0.520244 stage2_phase_finalize_attempts=486 stage2_phase_finalize_task_attempts=1201 stage2_phase_finalize_elapsed_ms=1.770647 avg_stage2_phase_finalize_us_per_task=1.474311 maintenance_worker_idle_waits=189888 maintenance_worker_idle_ms=664006.204094 maintenance_lost_wake_avoided=8986 maintenance_targeted_wakes=182804 maintenance_generic_wakes=1201 maintenance_broadcast_wakes=0 maintenance_context_slots_scanned=1301680 maintenance_ready_notifications=155125 maintenance_ready_stale_notifications=0 maintenance_ready_tickets_drained=136416 maintenance_ready_overflow_scans=0 maintenance_ready_fallback_scans=81612 stage2_search_lane_lease_limit=32 stage2_search_lane_lease_peak=8 stage2_search_lane_lease_blocked=0 maintenance_worker_observed_idle_ratio=0.976083 maintenance_worker_observed_busy_ratio=0.023917 physical_stage1_items=1201 physical_stage1_total_ns=5514355756 physical_stage1_search_ns=5206885150 physical_stage1_prune_ns=207602213 physical_stage1_allocate_write_ns=71870048 physical_stage1_backlink_ns=24350447 physical_stage1_candidates=153710 physical_stage1_remote_frontier_items=6791324 physical_stage1_neighbors=45319 peer_stage1_enqueued=1957 peer_stage1_processed=1957 peer_stage1_items=1936 avg_peer_stage1_items=0.989269 peer_stage1_rate_per_sec=22.767215 peer_stage1_max_queue=2 peer_stage1_active_workers=0 peer_stage2_home_enqueued=151465 peer_stage2_home_processed=151465 peer_stage2_home_items=16230995 avg_peer_stage2_home_items=107.160037 peer_stage2_home_max_queue=13 peer_stage2_home_response_queue_drops=0 peer_stage2_home_response_send_wait_ms=831.685262 avg_peer_stage2_home_queue_wait_us=13.089890 avg_peer_stage2_home_execution_us=47.551591 peer_stage1_release_deferred_batches=24 peer_stage1_release_deferred_items=24 peer_stage1_duplicate_retry_responses=0 peer_stage1_admission_retry_responses=0 peer_stage1_retry_response_drops=0 peer_stage1_admission_waiters=0 peer_stage1_admission_waiter_items=0 peer_stage1_admission_owned_items=0 peer_stage1_admission_wake_coverage=0 peer_stage1_admission_parked=0 peer_stage1_admission_woken=0 peer_stage1_admission_reparked=0 peer_stage1_max_admission_waiters=0 peer_stage1_duplicate_coalesced=0 peer_reverse_enqueued=4273 peer_reverse_processed=4273 peer_reverse_remaining=0 peer_reverse_items_enqueued=102203 peer_reverse_items_processed=102203 peer_reverse_rate_per_sec=1201.899636 peer_reverse_failed=94 peer_reverse_max_queue=5 reclaim_pending=5 reclaim_reused=1111 dynamic_high_watermark=19602887040 stage2_remaining=0 cleanup_remaining=0 active_contexts=0 active_context_limit=32 repair_remaining=0 remaining=0
[STATUS]: storage-owner maintenance observation: enqueued=1201 stage2_enqueued=1201 cleanup_enqueued=0 stage2_tasks_done=1201 stage2_finalized_live=1201 cleanup_processed=0 stale=0 stage2_completion_ratio=1.000000 live_stage2_completion_ratio=1.000000 avg_stage2_delay_ms=100.384232 p99_stage2_delay_upper_ms=512.000000 p99_stage2_delay_over_30s=false stage2_delay_histogram=0,0,0,0,0,0,255,740,171,35,0,0,0,0,0,0,0,0 max_stage2_delay_ms=432.449787 compaction_batch_target=32 compaction_max_delay_ms=25.000000 stage2_rate_per_sec=13.339077 stage1_search_budget_exhausted=0 stage2_search_budget_exhausted=0 stage2_continuations=1201 stage2_remote_frontier_items=6791324 avg_stage2_remote_frontier=5654.724396 stage2_remote_expansions=135046 avg_stage2_remote_expansions=112.444629 stage2_scored_candidates=10275609 avg_stage2_scored_candidates=8555.877602 stage2_graph_read_waves=36790 avg_stage2_expansions_per_graph_wave=3.670726 stage2_graph_unique_reads=138523 stage2_graph_prefetch_issued=92220 stage2_graph_prefetch_hits=88743 stage2_graph_prefetch_wasted=3477 stage2_graph_prefetch_promotion_ratio=0.962297 stage2_graph_issue_width_current=16 stage2_vector_read_waves=81993 avg_stage2_scores_per_vector_wave=125.323003 stage2_vector_unique_reads=9403980 stage2_home_rpc_batches=71023 stage2_home_rpc_items=6894079 avg_stage2_home_rpc_batch=97.068260 stage2_home_score_rpc_batches=27508 stage2_home_score_rpc_items=6755556 stage2_home_score_rpc_queries=84312 stage2_home_score_rpc_request_bytes=171877944 stage2_home_score_rpc_response_bytes=217285960 avg_stage2_home_score_queries_per_rpc=3.064999 avg_stage2_home_score_rpc_batch=245.585139 stage2_home_scored_neighbors=7626879 home_scores_per_expansion=1.106294 stage2_migrations=1116 home_match_rate=0.070774 stage2_final_edges=47419 stage2_cross_edges_stage1_home=40941 stage2_cross_edges_final_home=33381 cross_edge_reduction_ratio=0.184656 failed=0 rpc_timeouts=0 reverse_aggregate_batches=0 reverse_aggregate_logical_requests=0 reverse_aggregate_ops=0 avg_reverse_aggregate_logicals=0.000000 avg_reverse_aggregate_ops=0.000000 max_backlog=8 admission_window=65536 completion_outstanding=0 completion_incomplete=0 completed_behind_hole=0 completion_logical_full_failures=0 completion_physical_full_failures=0 pressure_yields=221 stage2_batches=486 avg_stage2_batch_size=2.471193 packing_target_batch=8 packing_admit_queue_avg=2.471193 packing_admit_queue_max=8 packing_batch_1_7=484 packing_batch_8=2 packing_assembly_batches=486 packing_assembly_wait_ms=12163.956251 packing_arrival_interval_us=10870 packing_waited_batches=484 packing_wait_ms=12100.000000 packing_target_flushes=2 packing_deadline_flushes=484 packing_cleanup_flushes=0 stage2_phase_search_attempts=486 stage2_phase_search_task_attempts=1201 stage2_phase_search_elapsed_ms=21845.095625 avg_stage2_phase_search_us_per_task=18189.088780 stage2_phase_freeze_prune_attempts=486 stage2_phase_freeze_prune_task_attempts=1201 stage2_phase_freeze_prune_elapsed_ms=795.852820 avg_stage2_phase_freeze_prune_us_per_task=662.658468 stage2_phase_reverse_prepare_attempts=486 stage2_phase_reverse_prepare_task_attempts=1201 stage2_phase_reverse_prepare_elapsed_ms=2695.927727 avg_stage2_phase_reverse_prepare_us_per_task=2244.735826 stage2_phase_placement_authority_attempts=486 stage2_phase_placement_authority_task_attempts=1201 stage2_phase_placement_authority_elapsed_ms=586.185572 avg_stage2_phase_placement_authority_us_per_task=488.081242 stage2_phase_completion_handoff_attempts=486 stage2_phase_completion_handoff_task_attempts=1201 stage2_phase_completion_handoff_elapsed_ms=0.624813 avg_stage2_phase_completion_handoff_us_per_task=0.520244 stage2_phase_finalize_attempts=486 stage2_phase_finalize_task_attempts=1201 stage2_phase_finalize_elapsed_ms=1.770647 avg_stage2_phase_finalize_us_per_task=1.474311 maintenance_worker_idle_waits=193856 maintenance_worker_idle_ms=703920.608842 maintenance_lost_wake_avoided=8986 maintenance_targeted_wakes=182804 maintenance_generic_wakes=1201 maintenance_broadcast_wakes=0 maintenance_context_slots_scanned=1365168 maintenance_ready_notifications=155125 maintenance_ready_stale_notifications=0 maintenance_ready_tickets_drained=136416 maintenance_ready_overflow_scans=0 maintenance_ready_fallback_scans=85588 stage2_search_lane_lease_limit=32 stage2_search_lane_lease_peak=8 stage2_search_lane_lease_blocked=0 maintenance_worker_observed_idle_ratio=0.977274 maintenance_worker_observed_busy_ratio=0.022726 physical_stage1_items=1201 physical_stage1_total_ns=5514355756 physical_stage1_search_ns=5206885150 physical_stage1_prune_ns=207602213 physical_stage1_allocate_write_ns=71870048 physical_stage1_backlink_ns=24350447 physical_stage1_candidates=153710 physical_stage1_remote_frontier_items=6791324 physical_stage1_neighbors=45319 peer_stage1_enqueued=1957 peer_stage1_processed=1957 peer_stage1_items=1936 avg_peer_stage1_items=0.989269 peer_stage1_rate_per_sec=21.502458 peer_stage1_max_queue=2 peer_stage1_active_workers=0 peer_stage2_home_enqueued=151465 peer_stage2_home_processed=151465 peer_stage2_home_items=16230995 avg_peer_stage2_home_items=107.160037 peer_stage2_home_max_queue=13 peer_stage2_home_response_queue_drops=0 peer_stage2_home_response_send_wait_ms=831.685262 avg_peer_stage2_home_queue_wait_us=13.089890 avg_peer_stage2_home_execution_us=47.551591 peer_stage1_release_deferred_batches=24 peer_stage1_release_deferred_items=24 peer_stage1_duplicate_retry_responses=0 peer_stage1_admission_retry_responses=0 peer_stage1_retry_response_drops=0 peer_stage1_admission_waiters=0 peer_stage1_admission_waiter_items=0 peer_stage1_admission_owned_items=0 peer_stage1_admission_wake_coverage=0 peer_stage1_admission_parked=0 peer_stage1_admission_woken=0 peer_stage1_admission_reparked=0 peer_stage1_max_admission_waiters=0 peer_stage1_duplicate_coalesced=0 peer_reverse_enqueued=4273 peer_reverse_processed=4273 peer_reverse_remaining=0 peer_reverse_items_enqueued=102203 peer_reverse_items_processed=102203 peer_reverse_rate_per_sec=1135.132102 peer_reverse_failed=94 peer_reverse_max_queue=5 reclaim_pending=5 reclaim_reused=1111 dynamic_high_watermark=19602887040 stage2_remaining=0 cleanup_remaining=0 active_contexts=0 active_context_limit=32 repair_remaining=0 remaining=0
[STATUS]: storage-owner maintenance observation: enqueued=1201 stage2_enqueued=1201 cleanup_enqueued=0 stage2_tasks_done=1201 stage2_finalized_live=1201 cleanup_processed=0 stale=0 stage2_completion_ratio=1.000000 live_stage2_completion_ratio=1.000000 avg_stage2_delay_ms=100.384232 p99_stage2_delay_upper_ms=512.000000 p99_stage2_delay_over_30s=false stage2_delay_histogram=0,0,0,0,0,0,255,740,171,35,0,0,0,0,0,0,0,0 max_stage2_delay_ms=432.449787 compaction_batch_target=32 compaction_max_delay_ms=25.000000 stage2_rate_per_sec=12.637231 stage1_search_budget_exhausted=0 stage2_search_budget_exhausted=0 stage2_continuations=1201 stage2_remote_frontier_items=6791324 avg_stage2_remote_frontier=5654.724396 stage2_remote_expansions=135046 avg_stage2_remote_expansions=112.444629 stage2_scored_candidates=10275609 avg_stage2_scored_candidates=8555.877602 stage2_graph_read_waves=36790 avg_stage2_expansions_per_graph_wave=3.670726 stage2_graph_unique_reads=138523 stage2_graph_prefetch_issued=92220 stage2_graph_prefetch_hits=88743 stage2_graph_prefetch_wasted=3477 stage2_graph_prefetch_promotion_ratio=0.962297 stage2_graph_issue_width_current=16 stage2_vector_read_waves=81993 avg_stage2_scores_per_vector_wave=125.323003 stage2_vector_unique_reads=9403980 stage2_home_rpc_batches=71023 stage2_home_rpc_items=6894079 avg_stage2_home_rpc_batch=97.068260 stage2_home_score_rpc_batches=27508 stage2_home_score_rpc_items=6755556 stage2_home_score_rpc_queries=84312 stage2_home_score_rpc_request_bytes=171877944 stage2_home_score_rpc_response_bytes=217285960 avg_stage2_home_score_queries_per_rpc=3.064999 avg_stage2_home_score_rpc_batch=245.585139 stage2_home_scored_neighbors=7626879 home_scores_per_expansion=1.106294 stage2_migrations=1116 home_match_rate=0.070774 stage2_final_edges=47419 stage2_cross_edges_stage1_home=40941 stage2_cross_edges_final_home=33381 cross_edge_reduction_ratio=0.184656 failed=0 rpc_timeouts=0 reverse_aggregate_batches=0 reverse_aggregate_logical_requests=0 reverse_aggregate_ops=0 avg_reverse_aggregate_logicals=0.000000 avg_reverse_aggregate_ops=0.000000 max_backlog=8 admission_window=65536 completion_outstanding=0 completion_incomplete=0 completed_behind_hole=0 completion_logical_full_failures=0 completion_physical_full_failures=0 pressure_yields=221 stage2_batches=486 avg_stage2_batch_size=2.471193 packing_target_batch=8 packing_admit_queue_avg=2.471193 packing_admit_queue_max=8 packing_batch_1_7=484 packing_batch_8=2 packing_assembly_batches=486 packing_assembly_wait_ms=12163.956251 packing_arrival_interval_us=10870 packing_waited_batches=484 packing_wait_ms=12100.000000 packing_target_flushes=2 packing_deadline_flushes=484 packing_cleanup_flushes=0 stage2_phase_search_attempts=486 stage2_phase_search_task_attempts=1201 stage2_phase_search_elapsed_ms=21845.095625 avg_stage2_phase_search_us_per_task=18189.088780 stage2_phase_freeze_prune_attempts=486 stage2_phase_freeze_prune_task_attempts=1201 stage2_phase_freeze_prune_elapsed_ms=795.852820 avg_stage2_phase_freeze_prune_us_per_task=662.658468 stage2_phase_reverse_prepare_attempts=486 stage2_phase_reverse_prepare_task_attempts=1201 stage2_phase_reverse_prepare_elapsed_ms=2695.927727 avg_stage2_phase_reverse_prepare_us_per_task=2244.735826 stage2_phase_placement_authority_attempts=486 stage2_phase_placement_authority_task_attempts=1201 stage2_phase_placement_authority_elapsed_ms=586.185572 avg_stage2_phase_placement_authority_us_per_task=488.081242 stage2_phase_completion_handoff_attempts=486 stage2_phase_completion_handoff_task_attempts=1201 stage2_phase_completion_handoff_elapsed_ms=0.624813 avg_stage2_phase_completion_handoff_us_per_task=0.520244 stage2_phase_finalize_attempts=486 stage2_phase_finalize_task_attempts=1201 stage2_phase_finalize_elapsed_ms=1.770647 avg_stage2_phase_finalize_us_per_task=1.474311 maintenance_worker_idle_waits=197888 maintenance_worker_idle_ms=744479.776071 maintenance_lost_wake_avoided=8986 maintenance_targeted_wakes=182804 maintenance_generic_wakes=1201 maintenance_broadcast_wakes=0 maintenance_context_slots_scanned=1429680 maintenance_ready_notifications=155125 maintenance_ready_stale_notifications=0 maintenance_ready_tickets_drained=136416 maintenance_ready_overflow_scans=0 maintenance_ready_fallback_scans=89564 stage2_search_lane_lease_limit=32 stage2_search_lane_lease_peak=8 stage2_search_lane_lease_blocked=0 maintenance_worker_observed_idle_ratio=0.979201 maintenance_worker_observed_busy_ratio=0.020799 physical_stage1_items=1201 physical_stage1_total_ns=5514355756 physical_stage1_search_ns=5206885150 physical_stage1_prune_ns=207602213 physical_stage1_allocate_write_ns=71870048 physical_stage1_backlink_ns=24350447 physical_stage1_candidates=153710 physical_stage1_remote_frontier_items=6791324 physical_stage1_neighbors=45319 peer_stage1_enqueued=1957 peer_stage1_processed=1957 peer_stage1_items=1936 avg_peer_stage1_items=0.989269 peer_stage1_rate_per_sec=20.371089 peer_stage1_max_queue=2 peer_stage1_active_workers=0 peer_stage2_home_enqueued=151465 peer_stage2_home_processed=151465 peer_stage2_home_items=16230995 avg_peer_stage2_home_items=107.160037 peer_stage2_home_max_queue=13 peer_stage2_home_response_queue_drops=0 peer_stage2_home_response_send_wait_ms=831.685262 avg_peer_stage2_home_queue_wait_us=13.089890 avg_peer_stage2_home_execution_us=47.551591 peer_stage1_release_deferred_batches=24 peer_stage1_release_deferred_items=24 peer_stage1_duplicate_retry_responses=0 peer_stage1_admission_retry_responses=0 peer_stage1_retry_response_drops=0 peer_stage1_admission_waiters=0 peer_stage1_admission_waiter_items=0 peer_stage1_admission_owned_items=0 peer_stage1_admission_wake_coverage=0 peer_stage1_admission_parked=0 peer_stage1_admission_woken=0 peer_stage1_admission_reparked=0 peer_stage1_max_admission_waiters=0 peer_stage1_duplicate_coalesced=0 peer_reverse_enqueued=4273 peer_reverse_processed=4273 peer_reverse_remaining=0 peer_reverse_items_enqueued=102203 peer_reverse_items_processed=102203 peer_reverse_rate_per_sec=1075.406225 peer_reverse_failed=94 peer_reverse_max_queue=5 reclaim_pending=5 reclaim_reused=1111 dynamic_high_watermark=19602887040 stage2_remaining=0 cleanup_remaining=0 active_contexts=0 active_context_limit=32 repair_remaining=0 remaining=0
[STATUS]: storage-owner maintenance observation: enqueued=1201 stage2_enqueued=1201 cleanup_enqueued=0 stage2_tasks_done=1201 stage2_finalized_live=1201 cleanup_processed=0 stale=0 stage2_completion_ratio=1.000000 live_stage2_completion_ratio=1.000000 avg_stage2_delay_ms=100.384232 p99_stage2_delay_upper_ms=512.000000 p99_stage2_delay_over_30s=false stage2_delay_histogram=0,0,0,0,0,0,255,740,171,35,0,0,0,0,0,0,0,0 max_stage2_delay_ms=432.449787 compaction_batch_target=32 compaction_max_delay_ms=25.000000 stage2_rate_per_sec=12.005542 stage1_search_budget_exhausted=0 stage2_search_budget_exhausted=0 stage2_continuations=1201 stage2_remote_frontier_items=6791324 avg_stage2_remote_frontier=5654.724396 stage2_remote_expansions=135046 avg_stage2_remote_expansions=112.444629 stage2_scored_candidates=10275609 avg_stage2_scored_candidates=8555.877602 stage2_graph_read_waves=36790 avg_stage2_expansions_per_graph_wave=3.670726 stage2_graph_unique_reads=138523 stage2_graph_prefetch_issued=92220 stage2_graph_prefetch_hits=88743 stage2_graph_prefetch_wasted=3477 stage2_graph_prefetch_promotion_ratio=0.962297 stage2_graph_issue_width_current=16 stage2_vector_read_waves=81993 avg_stage2_scores_per_vector_wave=125.323003 stage2_vector_unique_reads=9403980 stage2_home_rpc_batches=71023 stage2_home_rpc_items=6894079 avg_stage2_home_rpc_batch=97.068260 stage2_home_score_rpc_batches=27508 stage2_home_score_rpc_items=6755556 stage2_home_score_rpc_queries=84312 stage2_home_score_rpc_request_bytes=171877944 stage2_home_score_rpc_response_bytes=217285960 avg_stage2_home_score_queries_per_rpc=3.064999 avg_stage2_home_score_rpc_batch=245.585139 stage2_home_scored_neighbors=7626879 home_scores_per_expansion=1.106294 stage2_migrations=1116 home_match_rate=0.070774 stage2_final_edges=47419 stage2_cross_edges_stage1_home=40941 stage2_cross_edges_final_home=33381 cross_edge_reduction_ratio=0.184656 failed=0 rpc_timeouts=0 reverse_aggregate_batches=0 reverse_aggregate_logical_requests=0 reverse_aggregate_ops=0 avg_reverse_aggregate_logicals=0.000000 avg_reverse_aggregate_ops=0.000000 max_backlog=8 admission_window=65536 completion_outstanding=0 completion_incomplete=0 completed_behind_hole=0 completion_logical_full_failures=0 completion_physical_full_failures=0 pressure_yields=221 stage2_batches=486 avg_stage2_batch_size=2.471193 packing_target_batch=8 packing_admit_queue_avg=2.471193 packing_admit_queue_max=8 packing_batch_1_7=484 packing_batch_8=2 packing_assembly_batches=486 packing_assembly_wait_ms=12163.956251 packing_arrival_interval_us=10870 packing_waited_batches=484 packing_wait_ms=12100.000000 packing_target_flushes=2 packing_deadline_flushes=484 packing_cleanup_flushes=0 stage2_phase_search_attempts=486 stage2_phase_search_task_attempts=1201 stage2_phase_search_elapsed_ms=21845.095625 avg_stage2_phase_search_us_per_task=18189.088780 stage2_phase_freeze_prune_attempts=486 stage2_phase_freeze_prune_task_attempts=1201 stage2_phase_freeze_prune_elapsed_ms=795.852820 avg_stage2_phase_freeze_prune_us_per_task=662.658468 stage2_phase_reverse_prepare_attempts=486 stage2_phase_reverse_prepare_task_attempts=1201 stage2_phase_reverse_prepare_elapsed_ms=2695.927727 avg_stage2_phase_reverse_prepare_us_per_task=2244.735826 stage2_phase_placement_authority_attempts=486 stage2_phase_placement_authority_task_attempts=1201 stage2_phase_placement_authority_elapsed_ms=586.185572 avg_stage2_phase_placement_authority_us_per_task=488.081242 stage2_phase_completion_handoff_attempts=486 stage2_phase_completion_handoff_task_attempts=1201 stage2_phase_completion_handoff_elapsed_ms=0.624813 avg_stage2_phase_completion_handoff_us_per_task=0.520244 stage2_phase_finalize_attempts=486 stage2_phase_finalize_task_attempts=1201 stage2_phase_finalize_elapsed_ms=1.770647 avg_stage2_phase_finalize_us_per_task=1.474311 maintenance_worker_idle_waits=201792 maintenance_worker_idle_ms=783751.058857 maintenance_lost_wake_avoided=8986 maintenance_targeted_wakes=182804 maintenance_generic_wakes=1201 maintenance_broadcast_wakes=0 maintenance_context_slots_scanned=1492144 maintenance_ready_notifications=155125 maintenance_ready_stale_notifications=0 maintenance_ready_tickets_drained=136416 maintenance_ready_overflow_scans=0 maintenance_ready_fallback_scans=93541 stage2_search_lane_lease_limit=32 stage2_search_lane_lease_peak=8 stage2_search_lane_lease_blocked=0 maintenance_worker_observed_idle_ratio=0.979325 maintenance_worker_observed_busy_ratio=0.020675 physical_stage1_items=1201 physical_stage1_total_ns=5514355756 physical_stage1_search_ns=5206885150 physical_stage1_prune_ns=207602213 physical_stage1_allocate_write_ns=71870048 physical_stage1_backlink_ns=24350447 physical_stage1_candidates=153710 physical_stage1_remote_frontier_items=6791324 physical_stage1_neighbors=45319 peer_stage1_enqueued=1957 peer_stage1_processed=1957 peer_stage1_items=1936 avg_peer_stage1_items=0.989269 peer_stage1_rate_per_sec=19.352814 peer_stage1_max_queue=2 peer_stage1_active_workers=0 peer_stage2_home_enqueued=151465 peer_stage2_home_processed=151465 peer_stage2_home_items=16230995 avg_peer_stage2_home_items=107.160037 peer_stage2_home_max_queue=13 peer_stage2_home_response_queue_drops=0 peer_stage2_home_response_send_wait_ms=831.685262 avg_peer_stage2_home_queue_wait_us=13.089890 avg_peer_stage2_home_execution_us=47.551591 peer_stage1_release_deferred_batches=24 peer_stage1_release_deferred_items=24 peer_stage1_duplicate_retry_responses=0 peer_stage1_admission_retry_responses=0 peer_stage1_retry_response_drops=0 peer_stage1_admission_waiters=0 peer_stage1_admission_waiter_items=0 peer_stage1_admission_owned_items=0 peer_stage1_admission_wake_coverage=0 peer_stage1_admission_parked=0 peer_stage1_admission_woken=0 peer_stage1_admission_reparked=0 peer_stage1_max_admission_waiters=0 peer_stage1_duplicate_coalesced=0 peer_reverse_enqueued=4273 peer_reverse_processed=4273 peer_reverse_remaining=0 peer_reverse_items_enqueued=102203 peer_reverse_items_processed=102203 peer_reverse_rate_per_sec=1021.650644 peer_reverse_failed=94 peer_reverse_max_queue=5 reclaim_pending=5 reclaim_reused=1111 dynamic_high_watermark=19602887040 stage2_remaining=0 cleanup_remaining=0 active_contexts=0 active_context_limit=32 repair_remaining=0 remaining=0
[STATUS]: storage-owner maintenance observation: enqueued=1201 stage2_enqueued=1201 cleanup_enqueued=0 stage2_tasks_done=1201 stage2_finalized_live=1201 cleanup_processed=0 stale=0 stage2_completion_ratio=1.000000 live_stage2_completion_ratio=1.000000 avg_stage2_delay_ms=100.384232 p99_stage2_delay_upper_ms=512.000000 p99_stage2_delay_over_30s=false stage2_delay_histogram=0,0,0,0,0,0,255,740,171,35,0,0,0,0,0,0,0,0 max_stage2_delay_ms=432.449787 compaction_batch_target=32 compaction_max_delay_ms=25.000000 stage2_rate_per_sec=11.434013 stage1_search_budget_exhausted=0 stage2_search_budget_exhausted=0 stage2_continuations=1201 stage2_remote_frontier_items=6791324 avg_stage2_remote_frontier=5654.724396 stage2_remote_expansions=135046 avg_stage2_remote_expansions=112.444629 stage2_scored_candidates=10275609 avg_stage2_scored_candidates=8555.877602 stage2_graph_read_waves=36790 avg_stage2_expansions_per_graph_wave=3.670726 stage2_graph_unique_reads=138523 stage2_graph_prefetch_issued=92220 stage2_graph_prefetch_hits=88743 stage2_graph_prefetch_wasted=3477 stage2_graph_prefetch_promotion_ratio=0.962297 stage2_graph_issue_width_current=16 stage2_vector_read_waves=81993 avg_stage2_scores_per_vector_wave=125.323003 stage2_vector_unique_reads=9403980 stage2_home_rpc_batches=71023 stage2_home_rpc_items=6894079 avg_stage2_home_rpc_batch=97.068260 stage2_home_score_rpc_batches=27508 stage2_home_score_rpc_items=6755556 stage2_home_score_rpc_queries=84312 stage2_home_score_rpc_request_bytes=171877944 stage2_home_score_rpc_response_bytes=217285960 avg_stage2_home_score_queries_per_rpc=3.064999 avg_stage2_home_score_rpc_batch=245.585139 stage2_home_scored_neighbors=7626879 home_scores_per_expansion=1.106294 stage2_migrations=1116 home_match_rate=0.070774 stage2_final_edges=47419 stage2_cross_edges_stage1_home=40941 stage2_cross_edges_final_home=33381 cross_edge_reduction_ratio=0.184656 failed=0 rpc_timeouts=0 reverse_aggregate_batches=0 reverse_aggregate_logical_requests=0 reverse_aggregate_ops=0 avg_reverse_aggregate_logicals=0.000000 avg_reverse_aggregate_ops=0.000000 max_backlog=8 admission_window=65536 completion_outstanding=0 completion_incomplete=0 completed_behind_hole=0 completion_logical_full_failures=0 completion_physical_full_failures=0 pressure_yields=221 stage2_batches=486 avg_stage2_batch_size=2.471193 packing_target_batch=8 packing_admit_queue_avg=2.471193 packing_admit_queue_max=8 packing_batch_1_7=484 packing_batch_8=2 packing_assembly_batches=486 packing_assembly_wait_ms=12163.956251 packing_arrival_interval_us=10870 packing_waited_batches=484 packing_wait_ms=12100.000000 packing_target_flushes=2 packing_deadline_flushes=484 packing_cleanup_flushes=0 stage2_phase_search_attempts=486 stage2_phase_search_task_attempts=1201 stage2_phase_search_elapsed_ms=21845.095625 avg_stage2_phase_search_us_per_task=18189.088780 stage2_phase_freeze_prune_attempts=486 stage2_phase_freeze_prune_task_attempts=1201 stage2_phase_freeze_prune_elapsed_ms=795.852820 avg_stage2_phase_freeze_prune_us_per_task=662.658468 stage2_phase_reverse_prepare_attempts=486 stage2_phase_reverse_prepare_task_attempts=1201 stage2_phase_reverse_prepare_elapsed_ms=2695.927727 avg_stage2_phase_reverse_prepare_us_per_task=2244.735826 stage2_phase_placement_authority_attempts=486 stage2_phase_placement_authority_task_attempts=1201 stage2_phase_placement_authority_elapsed_ms=586.185572 avg_stage2_phase_placement_authority_us_per_task=488.081242 stage2_phase_completion_handoff_attempts=486 stage2_phase_completion_handoff_task_attempts=1201 stage2_phase_completion_handoff_elapsed_ms=0.624813 avg_stage2_phase_completion_handoff_us_per_task=0.520244 stage2_phase_finalize_attempts=486 stage2_phase_finalize_task_attempts=1201 stage2_phase_finalize_elapsed_ms=1.770647 avg_stage2_phase_finalize_us_per_task=1.474311 maintenance_worker_idle_waits=205760 maintenance_worker_idle_ms=823666.771658 maintenance_lost_wake_avoided=8986 maintenance_targeted_wakes=182804 maintenance_generic_wakes=1201 maintenance_broadcast_wakes=0 maintenance_context_slots_scanned=1555632 maintenance_ready_notifications=155125 maintenance_ready_stale_notifications=0 maintenance_ready_tickets_drained=136416 maintenance_ready_overflow_scans=0 maintenance_ready_fallback_scans=97515 stage2_search_lane_lease_limit=32 stage2_search_lane_lease_peak=8 stage2_search_lane_lease_blocked=0 maintenance_worker_observed_idle_ratio=0.980206 maintenance_worker_observed_busy_ratio=0.019794 physical_stage1_items=1201 physical_stage1_total_ns=5514355756 physical_stage1_search_ns=5206885150 physical_stage1_prune_ns=207602213 physical_stage1_allocate_write_ns=71870048 physical_stage1_backlink_ns=24350447 physical_stage1_candidates=153710 physical_stage1_remote_frontier_items=6791324 physical_stage1_neighbors=45319 peer_stage1_enqueued=1957 peer_stage1_processed=1957 peer_stage1_items=1936 avg_peer_stage1_items=0.989269 peer_stage1_rate_per_sec=18.431515 peer_stage1_max_queue=2 peer_stage1_active_workers=0 peer_stage2_home_enqueued=151465 peer_stage2_home_processed=151465 peer_stage2_home_items=16230995 avg_peer_stage2_home_items=107.160037 peer_stage2_home_max_queue=13 peer_stage2_home_response_queue_drops=0 peer_stage2_home_response_send_wait_ms=831.685262 avg_peer_stage2_home_queue_wait_us=13.089890 avg_peer_stage2_home_execution_us=47.551591 peer_stage1_release_deferred_batches=24 peer_stage1_release_deferred_items=24 peer_stage1_duplicate_retry_responses=0 peer_stage1_admission_retry_responses=0 peer_stage1_retry_response_drops=0 peer_stage1_admission_waiters=0 peer_stage1_admission_waiter_items=0 peer_stage1_admission_owned_items=0 peer_stage1_admission_wake_coverage=0 peer_stage1_admission_parked=0 peer_stage1_admission_woken=0 peer_stage1_admission_reparked=0 peer_stage1_max_admission_waiters=0 peer_stage1_duplicate_coalesced=0 peer_reverse_enqueued=4273 peer_reverse_processed=4273 peer_reverse_remaining=0 peer_reverse_items_enqueued=102203 peer_reverse_items_processed=102203 peer_reverse_rate_per_sec=973.014519 peer_reverse_failed=94 peer_reverse_max_queue=5 reclaim_pending=5 reclaim_reused=1111 dynamic_high_watermark=19602887040 stage2_remaining=0 cleanup_remaining=0 active_contexts=0 active_context_limit=32 repair_remaining=0 remaining=0
[STATUS]: storage-owner maintenance observation: enqueued=1201 stage2_enqueued=1201 cleanup_enqueued=0 stage2_tasks_done=1201 stage2_finalized_live=1201 cleanup_processed=0 stale=0 stage2_completion_ratio=1.000000 live_stage2_completion_ratio=1.000000 avg_stage2_delay_ms=100.384232 p99_stage2_delay_upper_ms=512.000000 p99_stage2_delay_over_30s=false stage2_delay_histogram=0,0,0,0,0,0,255,740,171,35,0,0,0,0,0,0,0,0 max_stage2_delay_ms=432.449787 compaction_batch_target=32 compaction_max_delay_ms=25.000000 stage2_rate_per_sec=10.914389 stage1_search_budget_exhausted=0 stage2_search_budget_exhausted=0 stage2_continuations=1201 stage2_remote_frontier_items=6791324 avg_stage2_remote_frontier=5654.724396 stage2_remote_expansions=135046 avg_stage2_remote_expansions=112.444629 stage2_scored_candidates=10275609 avg_stage2_scored_candidates=8555.877602 stage2_graph_read_waves=36790 avg_stage2_expansions_per_graph_wave=3.670726 stage2_graph_unique_reads=138523 stage2_graph_prefetch_issued=92220 stage2_graph_prefetch_hits=88743 stage2_graph_prefetch_wasted=3477 stage2_graph_prefetch_promotion_ratio=0.962297 stage2_graph_issue_width_current=16 stage2_vector_read_waves=81993 avg_stage2_scores_per_vector_wave=125.323003 stage2_vector_unique_reads=9403980 stage2_home_rpc_batches=71023 stage2_home_rpc_items=6894079 avg_stage2_home_rpc_batch=97.068260 stage2_home_score_rpc_batches=27508 stage2_home_score_rpc_items=6755556 stage2_home_score_rpc_queries=84312 stage2_home_score_rpc_request_bytes=171877944 stage2_home_score_rpc_response_bytes=217285960 avg_stage2_home_score_queries_per_rpc=3.064999 avg_stage2_home_score_rpc_batch=245.585139 stage2_home_scored_neighbors=7626879 home_scores_per_expansion=1.106294 stage2_migrations=1116 home_match_rate=0.070774 stage2_final_edges=47419 stage2_cross_edges_stage1_home=40941 stage2_cross_edges_final_home=33381 cross_edge_reduction_ratio=0.184656 failed=0 rpc_timeouts=0 reverse_aggregate_batches=0 reverse_aggregate_logical_requests=0 reverse_aggregate_ops=0 avg_reverse_aggregate_logicals=0.000000 avg_reverse_aggregate_ops=0.000000 max_backlog=8 admission_window=65536 completion_outstanding=0 completion_incomplete=0 completed_behind_hole=0 completion_logical_full_failures=0 completion_physical_full_failures=0 pressure_yields=221 stage2_batches=486 avg_stage2_batch_size=2.471193 packing_target_batch=8 packing_admit_queue_avg=2.471193 packing_admit_queue_max=8 packing_batch_1_7=484 packing_batch_8=2 packing_assembly_batches=486 packing_assembly_wait_ms=12163.956251 packing_arrival_interval_us=10870 packing_waited_batches=484 packing_wait_ms=12100.000000 packing_target_flushes=2 packing_deadline_flushes=484 packing_cleanup_flushes=0 stage2_phase_search_attempts=486 stage2_phase_search_task_attempts=1201 stage2_phase_search_elapsed_ms=21845.095625 avg_stage2_phase_search_us_per_task=18189.088780 stage2_phase_freeze_prune_attempts=486 stage2_phase_freeze_prune_task_attempts=1201 stage2_phase_freeze_prune_elapsed_ms=795.852820 avg_stage2_phase_freeze_prune_us_per_task=662.658468 stage2_phase_reverse_prepare_attempts=486 stage2_phase_reverse_prepare_task_attempts=1201 stage2_phase_reverse_prepare_elapsed_ms=2695.927727 avg_stage2_phase_reverse_prepare_us_per_task=2244.735826 stage2_phase_placement_authority_attempts=486 stage2_phase_placement_authority_task_attempts=1201 stage2_phase_placement_authority_elapsed_ms=586.185572 avg_stage2_phase_placement_authority_us_per_task=488.081242 stage2_phase_completion_handoff_attempts=486 stage2_phase_completion_handoff_task_attempts=1201 stage2_phase_completion_handoff_elapsed_ms=0.624813 avg_stage2_phase_completion_handoff_us_per_task=0.520244 stage2_phase_finalize_attempts=486 stage2_phase_finalize_task_attempts=1201 stage2_phase_finalize_elapsed_ms=1.770647 avg_stage2_phase_finalize_us_per_task=1.474311 maintenance_worker_idle_waits=209792 maintenance_worker_idle_ms=864223.935669 maintenance_lost_wake_avoided=8986 maintenance_targeted_wakes=182804 maintenance_generic_wakes=1201 maintenance_broadcast_wakes=0 maintenance_context_slots_scanned=1620144 maintenance_ready_notifications=155125 maintenance_ready_stale_notifications=0 maintenance_ready_tickets_drained=136416 maintenance_ready_overflow_scans=0 maintenance_ready_fallback_scans=101490 stage2_search_lane_lease_limit=32 stage2_search_lane_lease_peak=8 stage2_search_lane_lease_blocked=0 maintenance_worker_observed_idle_ratio=0.981731 maintenance_worker_observed_busy_ratio=0.018269 physical_stage1_items=1201 physical_stage1_total_ns=5514355756 physical_stage1_search_ns=5206885150 physical_stage1_prune_ns=207602213 physical_stage1_allocate_write_ns=71870048 physical_stage1_backlink_ns=24350447 physical_stage1_candidates=153710 physical_stage1_remote_frontier_items=6791324 physical_stage1_neighbors=45319 peer_stage1_enqueued=1957 peer_stage1_processed=1957 peer_stage1_items=1936 avg_peer_stage1_items=0.989269 peer_stage1_rate_per_sec=17.593885 peer_stage1_max_queue=2 peer_stage1_active_workers=0 peer_stage2_home_enqueued=151465 peer_stage2_home_processed=151465 peer_stage2_home_items=16230995 avg_peer_stage2_home_items=107.160037 peer_stage2_home_max_queue=13 peer_stage2_home_response_queue_drops=0 peer_stage2_home_response_send_wait_ms=831.685262 avg_peer_stage2_home_queue_wait_us=13.089890 avg_peer_stage2_home_execution_us=47.551591 peer_stage1_release_deferred_batches=24 peer_stage1_release_deferred_items=24 peer_stage1_duplicate_retry_responses=0 peer_stage1_admission_retry_responses=0 peer_stage1_retry_response_drops=0 peer_stage1_admission_waiters=0 peer_stage1_admission_waiter_items=0 peer_stage1_admission_owned_items=0 peer_stage1_admission_wake_coverage=0 peer_stage1_admission_parked=0 peer_stage1_admission_woken=0 peer_stage1_admission_reparked=0 peer_stage1_max_admission_waiters=0 peer_stage1_duplicate_coalesced=0 peer_reverse_enqueued=4273 peer_reverse_processed=4273 peer_reverse_remaining=0 peer_reverse_items_enqueued=102203 peer_reverse_items_processed=102203 peer_reverse_rate_per_sec=928.795388 peer_reverse_failed=94 peer_reverse_max_queue=5 reclaim_pending=5 reclaim_reused=1111 dynamic_high_watermark=19602887040 stage2_remaining=0 cleanup_remaining=0 active_contexts=0 active_context_limit=32 repair_remaining=0 remaining=0
[STATUS]: storage-owner maintenance observation: enqueued=1201 stage2_enqueued=1201 cleanup_enqueued=0 stage2_tasks_done=1201 stage2_finalized_live=1201 cleanup_processed=0 stale=0 stage2_completion_ratio=1.000000 live_stage2_completion_ratio=1.000000 avg_stage2_delay_ms=100.384232 p99_stage2_delay_upper_ms=512.000000 p99_stage2_delay_over_30s=false stage2_delay_histogram=0,0,0,0,0,0,255,740,171,35,0,0,0,0,0,0,0,0 max_stage2_delay_ms=432.449787 compaction_batch_target=32 compaction_max_delay_ms=25.000000 stage2_rate_per_sec=10.439799 stage1_search_budget_exhausted=0 stage2_search_budget_exhausted=0 stage2_continuations=1201 stage2_remote_frontier_items=6791324 avg_stage2_remote_frontier=5654.724396 stage2_remote_expansions=135046 avg_stage2_remote_expansions=112.444629 stage2_scored_candidates=10275609 avg_stage2_scored_candidates=8555.877602 stage2_graph_read_waves=36790 avg_stage2_expansions_per_graph_wave=3.670726 stage2_graph_unique_reads=138523 stage2_graph_prefetch_issued=92220 stage2_graph_prefetch_hits=88743 stage2_graph_prefetch_wasted=3477 stage2_graph_prefetch_promotion_ratio=0.962297 stage2_graph_issue_width_current=16 stage2_vector_read_waves=81993 avg_stage2_scores_per_vector_wave=125.323003 stage2_vector_unique_reads=9403980 stage2_home_rpc_batches=71023 stage2_home_rpc_items=6894079 avg_stage2_home_rpc_batch=97.068260 stage2_home_score_rpc_batches=27508 stage2_home_score_rpc_items=6755556 stage2_home_score_rpc_queries=84312 stage2_home_score_rpc_request_bytes=171877944 stage2_home_score_rpc_response_bytes=217285960 avg_stage2_home_score_queries_per_rpc=3.064999 avg_stage2_home_score_rpc_batch=245.585139 stage2_home_scored_neighbors=7626879 home_scores_per_expansion=1.106294 stage2_migrations=1116 home_match_rate=0.070774 stage2_final_edges=47419 stage2_cross_edges_stage1_home=40941 stage2_cross_edges_final_home=33381 cross_edge_reduction_ratio=0.184656 failed=0 rpc_timeouts=0 reverse_aggregate_batches=0 reverse_aggregate_logical_requests=0 reverse_aggregate_ops=0 avg_reverse_aggregate_logicals=0.000000 avg_reverse_aggregate_ops=0.000000 max_backlog=8 admission_window=65536 completion_outstanding=0 completion_incomplete=0 completed_behind_hole=0 completion_logical_full_failures=0 completion_physical_full_failures=0 pressure_yields=221 stage2_batches=486 avg_stage2_batch_size=2.471193 packing_target_batch=8 packing_admit_queue_avg=2.471193 packing_admit_queue_max=8 packing_batch_1_7=484 packing_batch_8=2 packing_assembly_batches=486 packing_assembly_wait_ms=12163.956251 packing_arrival_interval_us=10870 packing_waited_batches=484 packing_wait_ms=12100.000000 packing_target_flushes=2 packing_deadline_flushes=484 packing_cleanup_flushes=0 stage2_phase_search_attempts=486 stage2_phase_search_task_attempts=1201 stage2_phase_search_elapsed_ms=21845.095625 avg_stage2_phase_search_us_per_task=18189.088780 stage2_phase_freeze_prune_attempts=486 stage2_phase_freeze_prune_task_attempts=1201 stage2_phase_freeze_prune_elapsed_ms=795.852820 avg_stage2_phase_freeze_prune_us_per_task=662.658468 stage2_phase_reverse_prepare_attempts=486 stage2_phase_reverse_prepare_task_attempts=1201 stage2_phase_reverse_prepare_elapsed_ms=2695.927727 avg_stage2_phase_reverse_prepare_us_per_task=2244.735826 stage2_phase_placement_authority_attempts=486 stage2_phase_placement_authority_task_attempts=1201 stage2_phase_placement_authority_elapsed_ms=586.185572 avg_stage2_phase_placement_authority_us_per_task=488.081242 stage2_phase_completion_handoff_attempts=486 stage2_phase_completion_handoff_task_attempts=1201 stage2_phase_completion_handoff_elapsed_ms=0.624813 avg_stage2_phase_completion_handoff_us_per_task=0.520244 stage2_phase_finalize_attempts=486 stage2_phase_finalize_task_attempts=1201 stage2_phase_finalize_elapsed_ms=1.770647 avg_stage2_phase_finalize_us_per_task=1.474311 maintenance_worker_idle_waits=213760 maintenance_worker_idle_ms=904138.718406 maintenance_lost_wake_avoided=8986 maintenance_targeted_wakes=182804 maintenance_generic_wakes=1201 maintenance_broadcast_wakes=0 maintenance_context_slots_scanned=1683632 maintenance_ready_notifications=155125 maintenance_ready_stale_notifications=0 maintenance_ready_tickets_drained=136416 maintenance_ready_overflow_scans=0 maintenance_ready_fallback_scans=105467 stage2_search_lane_lease_limit=32 stage2_search_lane_lease_peak=8 stage2_search_lane_lease_blocked=0 maintenance_worker_observed_idle_ratio=0.982413 maintenance_worker_observed_busy_ratio=0.017587 physical_stage1_items=1201 physical_stage1_total_ns=5514355756 physical_stage1_search_ns=5206885150 physical_stage1_prune_ns=207602213 physical_stage1_allocate_write_ns=71870048 physical_stage1_backlink_ns=24350447 physical_stage1_candidates=153710 physical_stage1_remote_frontier_items=6791324 physical_stage1_neighbors=45319 peer_stage1_enqueued=1957 peer_stage1_processed=1957 peer_stage1_items=1936 avg_peer_stage1_items=0.989269 peer_stage1_rate_per_sec=16.828852 peer_stage1_max_queue=2 peer_stage1_active_workers=0 peer_stage2_home_enqueued=151465 peer_stage2_home_processed=151465 peer_stage2_home_items=16230995 avg_peer_stage2_home_items=107.160037 peer_stage2_home_max_queue=13 peer_stage2_home_response_queue_drops=0 peer_stage2_home_response_send_wait_ms=831.685262 avg_peer_stage2_home_queue_wait_us=13.089890 avg_peer_stage2_home_execution_us=47.551591 peer_stage1_release_deferred_batches=24 peer_stage1_release_deferred_items=24 peer_stage1_duplicate_retry_responses=0 peer_stage1_admission_retry_responses=0 peer_stage1_retry_response_drops=0 peer_stage1_admission_waiters=0 peer_stage1_admission_waiter_items=0 peer_stage1_admission_owned_items=0 peer_stage1_admission_wake_coverage=0 peer_stage1_admission_parked=0 peer_stage1_admission_woken=0 peer_stage1_admission_reparked=0 peer_stage1_max_admission_waiters=0 peer_stage1_duplicate_coalesced=0 peer_reverse_enqueued=4273 peer_reverse_processed=4273 peer_reverse_remaining=0 peer_reverse_items_enqueued=102203 peer_reverse_items_processed=102203 peer_reverse_rate_per_sec=888.408642 peer_reverse_failed=94 peer_reverse_max_queue=5 reclaim_pending=5 reclaim_reused=1111 dynamic_high_watermark=19602887040 stage2_remaining=0 cleanup_remaining=0 active_contexts=0 active_context_limit=32 repair_remaining=0 remaining=0
[STATUS]: storage-owner maintenance observation: enqueued=1201 stage2_enqueued=1201 cleanup_enqueued=0 stage2_tasks_done=1201 stage2_finalized_live=1201 cleanup_processed=0 stale=0 stage2_completion_ratio=1.000000 live_stage2_completion_ratio=1.000000 avg_stage2_delay_ms=100.384232 p99_stage2_delay_upper_ms=512.000000 p99_stage2_delay_over_30s=false stage2_delay_histogram=0,0,0,0,0,0,255,740,171,35,0,0,0,0,0,0,0,0 max_stage2_delay_ms=432.449787 compaction_batch_target=32 compaction_max_delay_ms=25.000000 stage2_rate_per_sec=10.004948 stage1_search_budget_exhausted=0 stage2_search_budget_exhausted=0 stage2_continuations=1201 stage2_remote_frontier_items=6791324 avg_stage2_remote_frontier=5654.724396 stage2_remote_expansions=135046 avg_stage2_remote_expansions=112.444629 stage2_scored_candidates=10275609 avg_stage2_scored_candidates=8555.877602 stage2_graph_read_waves=36790 avg_stage2_expansions_per_graph_wave=3.670726 stage2_graph_unique_reads=138523 stage2_graph_prefetch_issued=92220 stage2_graph_prefetch_hits=88743 stage2_graph_prefetch_wasted=3477 stage2_graph_prefetch_promotion_ratio=0.962297 stage2_graph_issue_width_current=16 stage2_vector_read_waves=81993 avg_stage2_scores_per_vector_wave=125.323003 stage2_vector_unique_reads=9403980 stage2_home_rpc_batches=71023 stage2_home_rpc_items=6894079 avg_stage2_home_rpc_batch=97.068260 stage2_home_score_rpc_batches=27508 stage2_home_score_rpc_items=6755556 stage2_home_score_rpc_queries=84312 stage2_home_score_rpc_request_bytes=171877944 stage2_home_score_rpc_response_bytes=217285960 avg_stage2_home_score_queries_per_rpc=3.064999 avg_stage2_home_score_rpc_batch=245.585139 stage2_home_scored_neighbors=7626879 home_scores_per_expansion=1.106294 stage2_migrations=1116 home_match_rate=0.070774 stage2_final_edges=47419 stage2_cross_edges_stage1_home=40941 stage2_cross_edges_final_home=33381 cross_edge_reduction_ratio=0.184656 failed=0 rpc_timeouts=0 reverse_aggregate_batches=0 reverse_aggregate_logical_requests=0 reverse_aggregate_ops=0 avg_reverse_aggregate_logicals=0.000000 avg_reverse_aggregate_ops=0.000000 max_backlog=8 admission_window=65536 completion_outstanding=0 completion_incomplete=0 completed_behind_hole=0 completion_logical_full_failures=0 completion_physical_full_failures=0 pressure_yields=221 stage2_batches=486 avg_stage2_batch_size=2.471193 packing_target_batch=8 packing_admit_queue_avg=2.471193 packing_admit_queue_max=8 packing_batch_1_7=484 packing_batch_8=2 packing_assembly_batches=486 packing_assembly_wait_ms=12163.956251 packing_arrival_interval_us=10870 packing_waited_batches=484 packing_wait_ms=12100.000000 packing_target_flushes=2 packing_deadline_flushes=484 packing_cleanup_flushes=0 stage2_phase_search_attempts=486 stage2_phase_search_task_attempts=1201 stage2_phase_search_elapsed_ms=21845.095625 avg_stage2_phase_search_us_per_task=18189.088780 stage2_phase_freeze_prune_attempts=486 stage2_phase_freeze_prune_task_attempts=1201 stage2_phase_freeze_prune_elapsed_ms=795.852820 avg_stage2_phase_freeze_prune_us_per_task=662.658468 stage2_phase_reverse_prepare_attempts=486 stage2_phase_reverse_prepare_task_attempts=1201 stage2_phase_reverse_prepare_elapsed_ms=2695.927727 avg_stage2_phase_reverse_prepare_us_per_task=2244.735826 stage2_phase_placement_authority_attempts=486 stage2_phase_placement_authority_task_attempts=1201 stage2_phase_placement_authority_elapsed_ms=586.185572 avg_stage2_phase_placement_authority_us_per_task=488.081242 stage2_phase_completion_handoff_attempts=486 stage2_phase_completion_handoff_task_attempts=1201 stage2_phase_completion_handoff_elapsed_ms=0.624813 avg_stage2_phase_completion_handoff_us_per_task=0.520244 stage2_phase_finalize_attempts=486 stage2_phase_finalize_task_attempts=1201 stage2_phase_finalize_elapsed_ms=1.770647 avg_stage2_phase_finalize_us_per_task=1.474311 maintenance_worker_idle_waits=217728 maintenance_worker_idle_ms=944053.069433 maintenance_lost_wake_avoided=8986 maintenance_targeted_wakes=182804 maintenance_generic_wakes=1201 maintenance_broadcast_wakes=0 maintenance_context_slots_scanned=1747120 maintenance_ready_notifications=155125 maintenance_ready_stale_notifications=0 maintenance_ready_tickets_drained=136416 maintenance_ready_overflow_scans=0 maintenance_ready_fallback_scans=109442 stage2_search_lane_lease_limit=32 stage2_search_lane_lease_peak=8 stage2_search_lane_lease_blocked=0 maintenance_worker_observed_idle_ratio=0.983056 maintenance_worker_observed_busy_ratio=0.016944 physical_stage1_items=1201 physical_stage1_total_ns=5514355756 physical_stage1_search_ns=5206885150 physical_stage1_prune_ns=207602213 physical_stage1_allocate_write_ns=71870048 physical_stage1_backlink_ns=24350447 physical_stage1_candidates=153710 physical_stage1_remote_frontier_items=6791324 physical_stage1_neighbors=45319 peer_stage1_enqueued=1957 peer_stage1_processed=1957 peer_stage1_items=1936 avg_peer_stage1_items=0.989269 peer_stage1_rate_per_sec=16.127876 peer_stage1_max_queue=2 peer_stage1_active_workers=0 peer_stage2_home_enqueued=151465 peer_stage2_home_processed=151465 peer_stage2_home_items=16230995 avg_peer_stage2_home_items=107.160037 peer_stage2_home_max_queue=13 peer_stage2_home_response_queue_drops=0 peer_stage2_home_response_send_wait_ms=831.685262 avg_peer_stage2_home_queue_wait_us=13.089890 avg_peer_stage2_home_execution_us=47.551591 peer_stage1_release_deferred_batches=24 peer_stage1_release_deferred_items=24 peer_stage1_duplicate_retry_responses=0 peer_stage1_admission_retry_responses=0 peer_stage1_retry_response_drops=0 peer_stage1_admission_waiters=0 peer_stage1_admission_waiter_items=0 peer_stage1_admission_owned_items=0 peer_stage1_admission_wake_coverage=0 peer_stage1_admission_parked=0 peer_stage1_admission_woken=0 peer_stage1_admission_reparked=0 peer_stage1_max_admission_waiters=0 peer_stage1_duplicate_coalesced=0 peer_reverse_enqueued=4273 peer_reverse_processed=4273 peer_reverse_remaining=0 peer_reverse_items_enqueued=102203 peer_reverse_items_processed=102203 peer_reverse_rate_per_sec=851.403547 peer_reverse_failed=94 peer_reverse_max_queue=5 reclaim_pending=5 reclaim_reused=1111 dynamic_high_watermark=19602887040 stage2_remaining=0 cleanup_remaining=0 active_contexts=0 active_context_limit=32 repair_remaining=0 remaining=0
[STATUS]: storage-owner maintenance observation: enqueued=1201 stage2_enqueued=1201 cleanup_enqueued=0 stage2_tasks_done=1201 stage2_finalized_live=1201 cleanup_processed=0 stale=0 stage2_completion_ratio=1.000000 live_stage2_completion_ratio=1.000000 avg_stage2_delay_ms=100.384232 p99_stage2_delay_upper_ms=512.000000 p99_stage2_delay_over_30s=false stage2_delay_histogram=0,0,0,0,0,0,255,740,171,35,0,0,0,0,0,0,0,0 max_stage2_delay_ms=432.449787 compaction_batch_target=32 compaction_max_delay_ms=25.000000 stage2_rate_per_sec=9.604658 stage1_search_budget_exhausted=0 stage2_search_budget_exhausted=0 stage2_continuations=1201 stage2_remote_frontier_items=6791324 avg_stage2_remote_frontier=5654.724396 stage2_remote_expansions=135046 avg_stage2_remote_expansions=112.444629 stage2_scored_candidates=10275609 avg_stage2_scored_candidates=8555.877602 stage2_graph_read_waves=36790 avg_stage2_expansions_per_graph_wave=3.670726 stage2_graph_unique_reads=138523 stage2_graph_prefetch_issued=92220 stage2_graph_prefetch_hits=88743 stage2_graph_prefetch_wasted=3477 stage2_graph_prefetch_promotion_ratio=0.962297 stage2_graph_issue_width_current=16 stage2_vector_read_waves=81993 avg_stage2_scores_per_vector_wave=125.323003 stage2_vector_unique_reads=9403980 stage2_home_rpc_batches=71023 stage2_home_rpc_items=6894079 avg_stage2_home_rpc_batch=97.068260 stage2_home_score_rpc_batches=27508 stage2_home_score_rpc_items=6755556 stage2_home_score_rpc_queries=84312 stage2_home_score_rpc_request_bytes=171877944 stage2_home_score_rpc_response_bytes=217285960 avg_stage2_home_score_queries_per_rpc=3.064999 avg_stage2_home_score_rpc_batch=245.585139 stage2_home_scored_neighbors=7626879 home_scores_per_expansion=1.106294 stage2_migrations=1116 home_match_rate=0.070774 stage2_final_edges=47419 stage2_cross_edges_stage1_home=40941 stage2_cross_edges_final_home=33381 cross_edge_reduction_ratio=0.184656 failed=0 rpc_timeouts=0 reverse_aggregate_batches=0 reverse_aggregate_logical_requests=0 reverse_aggregate_ops=0 avg_reverse_aggregate_logicals=0.000000 avg_reverse_aggregate_ops=0.000000 max_backlog=8 admission_window=65536 completion_outstanding=0 completion_incomplete=0 completed_behind_hole=0 completion_logical_full_failures=0 completion_physical_full_failures=0 pressure_yields=221 stage2_batches=486 avg_stage2_batch_size=2.471193 packing_target_batch=8 packing_admit_queue_avg=2.471193 packing_admit_queue_max=8 packing_batch_1_7=484 packing_batch_8=2 packing_assembly_batches=486 packing_assembly_wait_ms=12163.956251 packing_arrival_interval_us=10870 packing_waited_batches=484 packing_wait_ms=12100.000000 packing_target_flushes=2 packing_deadline_flushes=484 packing_cleanup_flushes=0 stage2_phase_search_attempts=486 stage2_phase_search_task_attempts=1201 stage2_phase_search_elapsed_ms=21845.095625 avg_stage2_phase_search_us_per_task=18189.088780 stage2_phase_freeze_prune_attempts=486 stage2_phase_freeze_prune_task_attempts=1201 stage2_phase_freeze_prune_elapsed_ms=795.852820 avg_stage2_phase_freeze_prune_us_per_task=662.658468 stage2_phase_reverse_prepare_attempts=486 stage2_phase_reverse_prepare_task_attempts=1201 stage2_phase_reverse_prepare_elapsed_ms=2695.927727 avg_stage2_phase_reverse_prepare_us_per_task=2244.735826 stage2_phase_placement_authority_attempts=486 stage2_phase_placement_authority_task_attempts=1201 stage2_phase_placement_authority_elapsed_ms=586.185572 avg_stage2_phase_placement_authority_us_per_task=488.081242 stage2_phase_completion_handoff_attempts=486 stage2_phase_completion_handoff_task_attempts=1201 stage2_phase_completion_handoff_elapsed_ms=0.624813 avg_stage2_phase_completion_handoff_us_per_task=0.520244 stage2_phase_finalize_attempts=486 stage2_phase_finalize_task_attempts=1201 stage2_phase_finalize_elapsed_ms=1.770647 avg_stage2_phase_finalize_us_per_task=1.474311 maintenance_worker_idle_waits=221632 maintenance_worker_idle_ms=983322.197313 maintenance_lost_wake_avoided=8986 maintenance_targeted_wakes=182804 maintenance_generic_wakes=1201 maintenance_broadcast_wakes=0 maintenance_context_slots_scanned=1809584 maintenance_ready_notifications=155125 maintenance_ready_stale_notifications=0 maintenance_ready_tickets_drained=136416 maintenance_ready_overflow_scans=0 maintenance_ready_fallback_scans=113421 stage2_search_lane_lease_limit=32 stage2_search_lane_lease_peak=8 stage2_search_lane_lease_blocked=0 maintenance_worker_observed_idle_ratio=0.982980 maintenance_worker_observed_busy_ratio=0.017020 physical_stage1_items=1201 physical_stage1_total_ns=5514355756 physical_stage1_search_ns=5206885150 physical_stage1_prune_ns=207602213 physical_stage1_allocate_write_ns=71870048 physical_stage1_backlink_ns=24350447 physical_stage1_candidates=153710 physical_stage1_remote_frontier_items=6791324 physical_stage1_neighbors=45319 peer_stage1_enqueued=1957 peer_stage1_processed=1957 peer_stage1_items=1936 avg_peer_stage1_items=0.989269 peer_stage1_rate_per_sec=15.482613 peer_stage1_max_queue=2 peer_stage1_active_workers=0 peer_stage2_home_enqueued=151465 peer_stage2_home_processed=151465 peer_stage2_home_items=16230995 avg_peer_stage2_home_items=107.160037 peer_stage2_home_max_queue=13 peer_stage2_home_response_queue_drops=0 peer_stage2_home_response_send_wait_ms=831.685262 avg_peer_stage2_home_queue_wait_us=13.089890 avg_peer_stage2_home_execution_us=47.551591 peer_stage1_release_deferred_batches=24 peer_stage1_release_deferred_items=24 peer_stage1_duplicate_retry_responses=0 peer_stage1_admission_retry_responses=0 peer_stage1_retry_response_drops=0 peer_stage1_admission_waiters=0 peer_stage1_admission_waiter_items=0 peer_stage1_admission_owned_items=0 peer_stage1_admission_wake_coverage=0 peer_stage1_admission_parked=0 peer_stage1_admission_woken=0 peer_stage1_admission_reparked=0 peer_stage1_max_admission_waiters=0 peer_stage1_duplicate_coalesced=0 peer_reverse_enqueued=4273 peer_reverse_processed=4273 peer_reverse_remaining=0 peer_reverse_items_enqueued=102203 peer_reverse_items_processed=102203 peer_reverse_rate_per_sec=817.339611 peer_reverse_failed=94 peer_reverse_max_queue=5 reclaim_pending=5 reclaim_reused=1111 dynamic_high_watermark=19602887040 stage2_remaining=0 cleanup_remaining=0 active_contexts=0 active_context_limit=32 repair_remaining=0 remaining=0
[STATUS]: storage-owner maintenance observation: enqueued=1201 stage2_enqueued=1201 cleanup_enqueued=0 stage2_tasks_done=1201 stage2_finalized_live=1201 cleanup_processed=0 stale=0 stage2_completion_ratio=1.000000 live_stage2_completion_ratio=1.000000 avg_stage2_delay_ms=100.384232 p99_stage2_delay_upper_ms=512.000000 p99_stage2_delay_over_30s=false stage2_delay_histogram=0,0,0,0,0,0,255,740,171,35,0,0,0,0,0,0,0,0 max_stage2_delay_ms=432.449787 compaction_batch_target=32 compaction_max_delay_ms=25.000000 stage2_rate_per_sec=9.235188 stage1_search_budget_exhausted=0 stage2_search_budget_exhausted=0 stage2_continuations=1201 stage2_remote_frontier_items=6791324 avg_stage2_remote_frontier=5654.724396 stage2_remote_expansions=135046 avg_stage2_remote_expansions=112.444629 stage2_scored_candidates=10275609 avg_stage2_scored_candidates=8555.877602 stage2_graph_read_waves=36790 avg_stage2_expansions_per_graph_wave=3.670726 stage2_graph_unique_reads=138523 stage2_graph_prefetch_issued=92220 stage2_graph_prefetch_hits=88743 stage2_graph_prefetch_wasted=3477 stage2_graph_prefetch_promotion_ratio=0.962297 stage2_graph_issue_width_current=16 stage2_vector_read_waves=81993 avg_stage2_scores_per_vector_wave=125.323003 stage2_vector_unique_reads=9403980 stage2_home_rpc_batches=71023 stage2_home_rpc_items=6894079 avg_stage2_home_rpc_batch=97.068260 stage2_home_score_rpc_batches=27508 stage2_home_score_rpc_items=6755556 stage2_home_score_rpc_queries=84312 stage2_home_score_rpc_request_bytes=171877944 stage2_home_score_rpc_response_bytes=217285960 avg_stage2_home_score_queries_per_rpc=3.064999 avg_stage2_home_score_rpc_batch=245.585139 stage2_home_scored_neighbors=7626879 home_scores_per_expansion=1.106294 stage2_migrations=1116 home_match_rate=0.070774 stage2_final_edges=47419 stage2_cross_edges_stage1_home=40941 stage2_cross_edges_final_home=33381 cross_edge_reduction_ratio=0.184656 failed=0 rpc_timeouts=0 reverse_aggregate_batches=0 reverse_aggregate_logical_requests=0 reverse_aggregate_ops=0 avg_reverse_aggregate_logicals=0.000000 avg_reverse_aggregate_ops=0.000000 max_backlog=8 admission_window=65536 completion_outstanding=0 completion_incomplete=0 completed_behind_hole=0 completion_logical_full_failures=0 completion_physical_full_failures=0 pressure_yields=221 stage2_batches=486 avg_stage2_batch_size=2.471193 packing_target_batch=8 packing_admit_queue_avg=2.471193 packing_admit_queue_max=8 packing_batch_1_7=484 packing_batch_8=2 packing_assembly_batches=486 packing_assembly_wait_ms=12163.956251 packing_arrival_interval_us=10870 packing_waited_batches=484 packing_wait_ms=12100.000000 packing_target_flushes=2 packing_deadline_flushes=484 packing_cleanup_flushes=0 stage2_phase_search_attempts=486 stage2_phase_search_task_attempts=1201 stage2_phase_search_elapsed_ms=21845.095625 avg_stage2_phase_search_us_per_task=18189.088780 stage2_phase_freeze_prune_attempts=486 stage2_phase_freeze_prune_task_attempts=1201 stage2_phase_freeze_prune_elapsed_ms=795.852820 avg_stage2_phase_freeze_prune_us_per_task=662.658468 stage2_phase_reverse_prepare_attempts=486 stage2_phase_reverse_prepare_task_attempts=1201 stage2_phase_reverse_prepare_elapsed_ms=2695.927727 avg_stage2_phase_reverse_prepare_us_per_task=2244.735826 stage2_phase_placement_authority_attempts=486 stage2_phase_placement_authority_task_attempts=1201 stage2_phase_placement_authority_elapsed_ms=586.185572 avg_stage2_phase_placement_authority_us_per_task=488.081242 stage2_phase_completion_handoff_attempts=486 stage2_phase_completion_handoff_task_attempts=1201 stage2_phase_completion_handoff_elapsed_ms=0.624813 avg_stage2_phase_completion_handoff_us_per_task=0.520244 stage2_phase_finalize_attempts=486 stage2_phase_finalize_task_attempts=1201 stage2_phase_finalize_elapsed_ms=1.770647 avg_stage2_phase_finalize_us_per_task=1.474311 maintenance_worker_idle_waits=225728 maintenance_worker_idle_ms=1024524.622184 maintenance_lost_wake_avoided=8986 maintenance_targeted_wakes=182804 maintenance_generic_wakes=1201 maintenance_broadcast_wakes=0 maintenance_context_slots_scanned=1875120 maintenance_ready_notifications=155125 maintenance_ready_stale_notifications=0 maintenance_ready_tickets_drained=136416 maintenance_ready_overflow_scans=0 maintenance_ready_fallback_scans=117398 stage2_search_lane_lease_limit=32 stage2_search_lane_lease_peak=8 stage2_search_lane_lease_blocked=0 maintenance_worker_observed_idle_ratio=0.984771 maintenance_worker_observed_busy_ratio=0.015229 physical_stage1_items=1201 physical_stage1_total_ns=5514355756 physical_stage1_search_ns=5206885150 physical_stage1_prune_ns=207602213 physical_stage1_allocate_write_ns=71870048 physical_stage1_backlink_ns=24350447 physical_stage1_candidates=153710 physical_stage1_remote_frontier_items=6791324 physical_stage1_neighbors=45319 peer_stage1_enqueued=1957 peer_stage1_processed=1957 peer_stage1_items=1936 avg_peer_stage1_items=0.989269 peer_stage1_rate_per_sec=14.887031 peer_stage1_max_queue=2 peer_stage1_active_workers=0 peer_stage2_home_enqueued=151465 peer_stage2_home_processed=151465 peer_stage2_home_items=16230995 avg_peer_stage2_home_items=107.160037 peer_stage2_home_max_queue=13 peer_stage2_home_response_queue_drops=0 peer_stage2_home_response_send_wait_ms=831.685262 avg_peer_stage2_home_queue_wait_us=13.089890 avg_peer_stage2_home_execution_us=47.551591 peer_stage1_release_deferred_batches=24 peer_stage1_release_deferred_items=24 peer_stage1_duplicate_retry_responses=0 peer_stage1_admission_retry_responses=0 peer_stage1_retry_response_drops=0 peer_stage1_admission_waiters=0 peer_stage1_admission_waiter_items=0 peer_stage1_admission_owned_items=0 peer_stage1_admission_wake_coverage=0 peer_stage1_admission_parked=0 peer_stage1_admission_woken=0 peer_stage1_admission_reparked=0 peer_stage1_max_admission_waiters=0 peer_stage1_duplicate_coalesced=0 peer_reverse_enqueued=4273 peer_reverse_processed=4273 peer_reverse_remaining=0 peer_reverse_items_enqueued=102203 peer_reverse_items_processed=102203 peer_reverse_rate_per_sec=785.898359 peer_reverse_failed=94 peer_reverse_max_queue=5 reclaim_pending=5 reclaim_reused=1111 dynamic_high_watermark=19602887040 stage2_remaining=0 cleanup_remaining=0 active_contexts=0 active_context_limit=32 repair_remaining=0 remaining=0
[STATUS]: storage-owner maintenance observation: enqueued=1201 stage2_enqueued=1201 cleanup_enqueued=0 stage2_tasks_done=1201 stage2_finalized_live=1201 cleanup_processed=0 stale=0 stage2_completion_ratio=1.000000 live_stage2_completion_ratio=1.000000 avg_stage2_delay_ms=100.384232 p99_stage2_delay_upper_ms=512.000000 p99_stage2_delay_over_30s=false stage2_delay_histogram=0,0,0,0,0,0,255,740,171,35,0,0,0,0,0,0,0,0 max_stage2_delay_ms=432.449787 compaction_batch_target=32 compaction_max_delay_ms=25.000000 stage2_rate_per_sec=8.893188 stage1_search_budget_exhausted=0 stage2_search_budget_exhausted=0 stage2_continuations=1201 stage2_remote_frontier_items=6791324 avg_stage2_remote_frontier=5654.724396 stage2_remote_expansions=135046 avg_stage2_remote_expansions=112.444629 stage2_scored_candidates=10275609 avg_stage2_scored_candidates=8555.877602 stage2_graph_read_waves=36790 avg_stage2_expansions_per_graph_wave=3.670726 stage2_graph_unique_reads=138523 stage2_graph_prefetch_issued=92220 stage2_graph_prefetch_hits=88743 stage2_graph_prefetch_wasted=3477 stage2_graph_prefetch_promotion_ratio=0.962297 stage2_graph_issue_width_current=16 stage2_vector_read_waves=81993 avg_stage2_scores_per_vector_wave=125.323003 stage2_vector_unique_reads=9403980 stage2_home_rpc_batches=71023 stage2_home_rpc_items=6894079 avg_stage2_home_rpc_batch=97.068260 stage2_home_score_rpc_batches=27508 stage2_home_score_rpc_items=6755556 stage2_home_score_rpc_queries=84312 stage2_home_score_rpc_request_bytes=171877944 stage2_home_score_rpc_response_bytes=217285960 avg_stage2_home_score_queries_per_rpc=3.064999 avg_stage2_home_score_rpc_batch=245.585139 stage2_home_scored_neighbors=7626879 home_scores_per_expansion=1.106294 stage2_migrations=1116 home_match_rate=0.070774 stage2_final_edges=47419 stage2_cross_edges_stage1_home=40941 stage2_cross_edges_final_home=33381 cross_edge_reduction_ratio=0.184656 failed=0 rpc_timeouts=0 reverse_aggregate_batches=0 reverse_aggregate_logical_requests=0 reverse_aggregate_ops=0 avg_reverse_aggregate_logicals=0.000000 avg_reverse_aggregate_ops=0.000000 max_backlog=8 admission_window=65536 completion_outstanding=0 completion_incomplete=0 completed_behind_hole=0 completion_logical_full_failures=0 completion_physical_full_failures=0 pressure_yields=221 stage2_batches=486 avg_stage2_batch_size=2.471193 packing_target_batch=8 packing_admit_queue_avg=2.471193 packing_admit_queue_max=8 packing_batch_1_7=484 packing_batch_8=2 packing_assembly_batches=486 packing_assembly_wait_ms=12163.956251 packing_arrival_interval_us=10870 packing_waited_batches=484 packing_wait_ms=12100.000000 packing_target_flushes=2 packing_deadline_flushes=484 packing_cleanup_flushes=0 stage2_phase_search_attempts=486 stage2_phase_search_task_attempts=1201 stage2_phase_search_elapsed_ms=21845.095625 avg_stage2_phase_search_us_per_task=18189.088780 stage2_phase_freeze_prune_attempts=486 stage2_phase_freeze_prune_task_attempts=1201 stage2_phase_freeze_prune_elapsed_ms=795.852820 avg_stage2_phase_freeze_prune_us_per_task=662.658468 stage2_phase_reverse_prepare_attempts=486 stage2_phase_reverse_prepare_task_attempts=1201 stage2_phase_reverse_prepare_elapsed_ms=2695.927727 avg_stage2_phase_reverse_prepare_us_per_task=2244.735826 stage2_phase_placement_authority_attempts=486 stage2_phase_placement_authority_task_attempts=1201 stage2_phase_placement_authority_elapsed_ms=586.185572 avg_stage2_phase_placement_authority_us_per_task=488.081242 stage2_phase_completion_handoff_attempts=486 stage2_phase_completion_handoff_task_attempts=1201 stage2_phase_completion_handoff_elapsed_ms=0.624813 avg_stage2_phase_completion_handoff_us_per_task=0.520244 stage2_phase_finalize_attempts=486 stage2_phase_finalize_task_attempts=1201 stage2_phase_finalize_elapsed_ms=1.770647 avg_stage2_phase_finalize_us_per_task=1.474311 maintenance_worker_idle_waits=229632 maintenance_worker_idle_ms=1063794.209023 maintenance_lost_wake_avoided=8986 maintenance_targeted_wakes=182804 maintenance_generic_wakes=1201 maintenance_broadcast_wakes=0 maintenance_context_slots_scanned=1937584 maintenance_ready_notifications=155125 maintenance_ready_stale_notifications=0 maintenance_ready_tickets_drained=136416 maintenance_ready_overflow_scans=0 maintenance_ready_fallback_scans=121374 stage2_search_lane_lease_limit=32 stage2_search_lane_lease_peak=8 stage2_search_lane_lease_blocked=0 maintenance_worker_observed_idle_ratio=0.984650 maintenance_worker_observed_busy_ratio=0.015350 physical_stage1_items=1201 physical_stage1_total_ns=5514355756 physical_stage1_search_ns=5206885150 physical_stage1_prune_ns=207602213 physical_stage1_allocate_write_ns=71870048 physical_stage1_backlink_ns=24350447 physical_stage1_candidates=153710 physical_stage1_remote_frontier_items=6791324 physical_stage1_neighbors=45319 peer_stage1_enqueued=1957 peer_stage1_processed=1957 peer_stage1_items=1936 avg_peer_stage1_items=0.989269 peer_stage1_rate_per_sec=14.335729 peer_stage1_max_queue=2 peer_stage1_active_workers=0 peer_stage2_home_enqueued=151465 peer_stage2_home_processed=151465 peer_stage2_home_items=16230995 avg_peer_stage2_home_items=107.160037 peer_stage2_home_max_queue=13 peer_stage2_home_response_queue_drops=0 peer_stage2_home_response_send_wait_ms=831.685262 avg_peer_stage2_home_queue_wait_us=13.089890 avg_peer_stage2_home_execution_us=47.551591 peer_stage1_release_deferred_batches=24 peer_stage1_release_deferred_items=24 peer_stage1_duplicate_retry_responses=0 peer_stage1_admission_retry_responses=0 peer_stage1_retry_response_drops=0 peer_stage1_admission_waiters=0 peer_stage1_admission_waiter_items=0 peer_stage1_admission_owned_items=0 peer_stage1_admission_wake_coverage=0 peer_stage1_admission_parked=0 peer_stage1_admission_woken=0 peer_stage1_admission_reparked=0 peer_stage1_max_admission_waiters=0 peer_stage1_duplicate_coalesced=0 peer_reverse_enqueued=4273 peer_reverse_processed=4273 peer_reverse_remaining=0 peer_reverse_items_enqueued=102203 peer_reverse_items_processed=102203 peer_reverse_rate_per_sec=756.794711 peer_reverse_failed=94 peer_reverse_max_queue=5 reclaim_pending=5 reclaim_reused=1111 dynamic_high_watermark=19602887040 stage2_remaining=0 cleanup_remaining=0 active_contexts=0 active_context_limit=32 repair_remaining=0 remaining=0
[STATUS]: storage-owner maintenance observation: enqueued=1201 stage2_enqueued=1201 cleanup_enqueued=0 stage2_tasks_done=1201 stage2_finalized_live=1201 cleanup_processed=0 stale=0 stage2_completion_ratio=1.000000 live_stage2_completion_ratio=1.000000 avg_stage2_delay_ms=100.384232 p99_stage2_delay_upper_ms=512.000000 p99_stage2_delay_over_30s=false stage2_delay_histogram=0,0,0,0,0,0,255,740,171,35,0,0,0,0,0,0,0,0 max_stage2_delay_ms=432.449787 compaction_batch_target=32 compaction_max_delay_ms=25.000000 stage2_rate_per_sec=8.575666 stage1_search_budget_exhausted=0 stage2_search_budget_exhausted=0 stage2_continuations=1201 stage2_remote_frontier_items=6791324 avg_stage2_remote_frontier=5654.724396 stage2_remote_expansions=135046 avg_stage2_remote_expansions=112.444629 stage2_scored_candidates=10275609 avg_stage2_scored_candidates=8555.877602 stage2_graph_read_waves=36790 avg_stage2_expansions_per_graph_wave=3.670726 stage2_graph_unique_reads=138523 stage2_graph_prefetch_issued=92220 stage2_graph_prefetch_hits=88743 stage2_graph_prefetch_wasted=3477 stage2_graph_prefetch_promotion_ratio=0.962297 stage2_graph_issue_width_current=16 stage2_vector_read_waves=81993 avg_stage2_scores_per_vector_wave=125.323003 stage2_vector_unique_reads=9403980 stage2_home_rpc_batches=71023 stage2_home_rpc_items=6894079 avg_stage2_home_rpc_batch=97.068260 stage2_home_score_rpc_batches=27508 stage2_home_score_rpc_items=6755556 stage2_home_score_rpc_queries=84312 stage2_home_score_rpc_request_bytes=171877944 stage2_home_score_rpc_response_bytes=217285960 avg_stage2_home_score_queries_per_rpc=3.064999 avg_stage2_home_score_rpc_batch=245.585139 stage2_home_scored_neighbors=7626879 home_scores_per_expansion=1.106294 stage2_migrations=1116 home_match_rate=0.070774 stage2_final_edges=47419 stage2_cross_edges_stage1_home=40941 stage2_cross_edges_final_home=33381 cross_edge_reduction_ratio=0.184656 failed=0 rpc_timeouts=0 reverse_aggregate_batches=0 reverse_aggregate_logical_requests=0 reverse_aggregate_ops=0 avg_reverse_aggregate_logicals=0.000000 avg_reverse_aggregate_ops=0.000000 max_backlog=8 admission_window=65536 completion_outstanding=0 completion_incomplete=0 completed_behind_hole=0 completion_logical_full_failures=0 completion_physical_full_failures=0 pressure_yields=221 stage2_batches=486 avg_stage2_batch_size=2.471193 packing_target_batch=8 packing_admit_queue_avg=2.471193 packing_admit_queue_max=8 packing_batch_1_7=484 packing_batch_8=2 packing_assembly_batches=486 packing_assembly_wait_ms=12163.956251 packing_arrival_interval_us=10870 packing_waited_batches=484 packing_wait_ms=12100.000000 packing_target_flushes=2 packing_deadline_flushes=484 packing_cleanup_flushes=0 stage2_phase_search_attempts=486 stage2_phase_search_task_attempts=1201 stage2_phase_search_elapsed_ms=21845.095625 avg_stage2_phase_search_us_per_task=18189.088780 stage2_phase_freeze_prune_attempts=486 stage2_phase_freeze_prune_task_attempts=1201 stage2_phase_freeze_prune_elapsed_ms=795.852820 avg_stage2_phase_freeze_prune_us_per_task=662.658468 stage2_phase_reverse_prepare_attempts=486 stage2_phase_reverse_prepare_task_attempts=1201 stage2_phase_reverse_prepare_elapsed_ms=2695.927727 avg_stage2_phase_reverse_prepare_us_per_task=2244.735826 stage2_phase_placement_authority_attempts=486 stage2_phase_placement_authority_task_attempts=1201 stage2_phase_placement_authority_elapsed_ms=586.185572 avg_stage2_phase_placement_authority_us_per_task=488.081242 stage2_phase_completion_handoff_attempts=486 stage2_phase_completion_handoff_task_attempts=1201 stage2_phase_completion_handoff_elapsed_ms=0.624813 avg_stage2_phase_completion_handoff_us_per_task=0.520244 stage2_phase_finalize_attempts=486 stage2_phase_finalize_task_attempts=1201 stage2_phase_finalize_elapsed_ms=1.770647 avg_stage2_phase_finalize_us_per_task=1.474311 maintenance_worker_idle_waits=233664 maintenance_worker_idle_ms=1104350.030470 maintenance_lost_wake_avoided=8986 maintenance_targeted_wakes=182804 maintenance_generic_wakes=1201 maintenance_broadcast_wakes=0 maintenance_context_slots_scanned=2002096 maintenance_ready_notifications=155125 maintenance_ready_stale_notifications=0 maintenance_ready_tickets_drained=136416 maintenance_ready_overflow_scans=0 maintenance_ready_fallback_scans=125350 stage2_search_lane_lease_limit=32 stage2_search_lane_lease_peak=8 stage2_search_lane_lease_blocked=0 maintenance_worker_observed_idle_ratio=0.985693 maintenance_worker_observed_busy_ratio=0.014307 physical_stage1_items=1201 physical_stage1_total_ns=5514355756 physical_stage1_search_ns=5206885150 physical_stage1_prune_ns=207602213 physical_stage1_allocate_write_ns=71870048 physical_stage1_backlink_ns=24350447 physical_stage1_candidates=153710 physical_stage1_remote_frontier_items=6791324 physical_stage1_neighbors=45319 peer_stage1_enqueued=1957 peer_stage1_processed=1957 peer_stage1_items=1936 avg_peer_stage1_items=0.989269 peer_stage1_rate_per_sec=13.823888 peer_stage1_max_queue=2 peer_stage1_active_workers=0 peer_stage2_home_enqueued=151465 peer_stage2_home_processed=151465 peer_stage2_home_items=16230995 avg_peer_stage2_home_items=107.160037 peer_stage2_home_max_queue=13 peer_stage2_home_response_queue_drops=0 peer_stage2_home_response_send_wait_ms=831.685262 avg_peer_stage2_home_queue_wait_us=13.089890 avg_peer_stage2_home_execution_us=47.551591 peer_stage1_release_deferred_batches=24 peer_stage1_release_deferred_items=24 peer_stage1_duplicate_retry_responses=0 peer_stage1_admission_retry_responses=0 peer_stage1_retry_response_drops=0 peer_stage1_admission_waiters=0 peer_stage1_admission_waiter_items=0 peer_stage1_admission_owned_items=0 peer_stage1_admission_wake_coverage=0 peer_stage1_admission_parked=0 peer_stage1_admission_woken=0 peer_stage1_admission_reparked=0 peer_stage1_max_admission_waiters=0 peer_stage1_duplicate_coalesced=0 peer_reverse_enqueued=4273 peer_reverse_processed=4273 peer_reverse_remaining=0 peer_reverse_items_enqueued=102203 peer_reverse_items_processed=102203 peer_reverse_rate_per_sec=729.774212 peer_reverse_failed=94 peer_reverse_max_queue=5 reclaim_pending=5 reclaim_reused=1111 dynamic_high_watermark=19602887040 stage2_remaining=0 cleanup_remaining=0 active_contexts=0 active_context_limit=32 repair_remaining=0 remaining=0
[STATUS]: storage-owner maintenance observation: enqueued=1201 stage2_enqueued=1201 cleanup_enqueued=0 stage2_tasks_done=1201 stage2_finalized_live=1201 cleanup_processed=0 stale=0 stage2_completion_ratio=1.000000 live_stage2_completion_ratio=1.000000 avg_stage2_delay_ms=100.384232 p99_stage2_delay_upper_ms=512.000000 p99_stage2_delay_over_30s=false stage2_delay_histogram=0,0,0,0,0,0,255,740,171,35,0,0,0,0,0,0,0,0 max_stage2_delay_ms=432.449787 compaction_batch_target=32 compaction_max_delay_ms=25.000000 stage2_rate_per_sec=8.280000 stage1_search_budget_exhausted=0 stage2_search_budget_exhausted=0 stage2_continuations=1201 stage2_remote_frontier_items=6791324 avg_stage2_remote_frontier=5654.724396 stage2_remote_expansions=135046 avg_stage2_remote_expansions=112.444629 stage2_scored_candidates=10275609 avg_stage2_scored_candidates=8555.877602 stage2_graph_read_waves=36790 avg_stage2_expansions_per_graph_wave=3.670726 stage2_graph_unique_reads=138523 stage2_graph_prefetch_issued=92220 stage2_graph_prefetch_hits=88743 stage2_graph_prefetch_wasted=3477 stage2_graph_prefetch_promotion_ratio=0.962297 stage2_graph_issue_width_current=16 stage2_vector_read_waves=81993 avg_stage2_scores_per_vector_wave=125.323003 stage2_vector_unique_reads=9403980 stage2_home_rpc_batches=71023 stage2_home_rpc_items=6894079 avg_stage2_home_rpc_batch=97.068260 stage2_home_score_rpc_batches=27508 stage2_home_score_rpc_items=6755556 stage2_home_score_rpc_queries=84312 stage2_home_score_rpc_request_bytes=171877944 stage2_home_score_rpc_response_bytes=217285960 avg_stage2_home_score_queries_per_rpc=3.064999 avg_stage2_home_score_rpc_batch=245.585139 stage2_home_scored_neighbors=7626879 home_scores_per_expansion=1.106294 stage2_migrations=1116 home_match_rate=0.070774 stage2_final_edges=47419 stage2_cross_edges_stage1_home=40941 stage2_cross_edges_final_home=33381 cross_edge_reduction_ratio=0.184656 failed=0 rpc_timeouts=0 reverse_aggregate_batches=0 reverse_aggregate_logical_requests=0 reverse_aggregate_ops=0 avg_reverse_aggregate_logicals=0.000000 avg_reverse_aggregate_ops=0.000000 max_backlog=8 admission_window=65536 completion_outstanding=0 completion_incomplete=0 completed_behind_hole=0 completion_logical_full_failures=0 completion_physical_full_failures=0 pressure_yields=221 stage2_batches=486 avg_stage2_batch_size=2.471193 packing_target_batch=8 packing_admit_queue_avg=2.471193 packing_admit_queue_max=8 packing_batch_1_7=484 packing_batch_8=2 packing_assembly_batches=486 packing_assembly_wait_ms=12163.956251 packing_arrival_interval_us=10870 packing_waited_batches=484 packing_wait_ms=12100.000000 packing_target_flushes=2 packing_deadline_flushes=484 packing_cleanup_flushes=0 stage2_phase_search_attempts=486 stage2_phase_search_task_attempts=1201 stage2_phase_search_elapsed_ms=21845.095625 avg_stage2_phase_search_us_per_task=18189.088780 stage2_phase_freeze_prune_attempts=486 stage2_phase_freeze_prune_task_attempts=1201 stage2_phase_freeze_prune_elapsed_ms=795.852820 avg_stage2_phase_freeze_prune_us_per_task=662.658468 stage2_phase_reverse_prepare_attempts=486 stage2_phase_reverse_prepare_task_attempts=1201 stage2_phase_reverse_prepare_elapsed_ms=2695.927727 avg_stage2_phase_reverse_prepare_us_per_task=2244.735826 stage2_phase_placement_authority_attempts=486 stage2_phase_placement_authority_task_attempts=1201 stage2_phase_placement_authority_elapsed_ms=586.185572 avg_stage2_phase_placement_authority_us_per_task=488.081242 stage2_phase_completion_handoff_attempts=486 stage2_phase_completion_handoff_task_attempts=1201 stage2_phase_completion_handoff_elapsed_ms=0.624813 avg_stage2_phase_completion_handoff_us_per_task=0.520244 stage2_phase_finalize_attempts=486 stage2_phase_finalize_task_attempts=1201 stage2_phase_finalize_elapsed_ms=1.770647 avg_stage2_phase_finalize_us_per_task=1.474311 maintenance_worker_idle_waits=237504 maintenance_worker_idle_ms=1142974.983069 maintenance_lost_wake_avoided=8986 maintenance_targeted_wakes=182804 maintenance_generic_wakes=1201 maintenance_broadcast_wakes=0 maintenance_context_slots_scanned=2063536 maintenance_ready_notifications=155125 maintenance_ready_stale_notifications=0 maintenance_ready_tickets_drained=136416 maintenance_ready_overflow_scans=0 maintenance_ready_fallback_scans=129326 stage2_search_lane_lease_limit=32 stage2_search_lane_lease_peak=8 stage2_search_lane_lease_blocked=0 maintenance_worker_observed_idle_ratio=0.984995 maintenance_worker_observed_busy_ratio=0.015005 physical_stage1_items=1201 physical_stage1_total_ns=5514355756 physical_stage1_search_ns=5206885150 physical_stage1_prune_ns=207602213 physical_stage1_allocate_write_ns=71870048 physical_stage1_backlink_ns=24350447 physical_stage1_candidates=153710 physical_stage1_remote_frontier_items=6791324 physical_stage1_neighbors=45319 peer_stage1_enqueued=1957 peer_stage1_processed=1957 peer_stage1_items=1936 avg_peer_stage1_items=0.989269 peer_stage1_rate_per_sec=13.347277 peer_stage1_max_queue=2 peer_stage1_active_workers=0 peer_stage2_home_enqueued=151465 peer_stage2_home_processed=151465 peer_stage2_home_items=16230995 avg_peer_stage2_home_items=107.160037 peer_stage2_home_max_queue=13 peer_stage2_home_response_queue_drops=0 peer_stage2_home_response_send_wait_ms=831.685262 avg_peer_stage2_home_queue_wait_us=13.089890 avg_peer_stage2_home_execution_us=47.551591 peer_stage1_release_deferred_batches=24 peer_stage1_release_deferred_items=24 peer_stage1_duplicate_retry_responses=0 peer_stage1_admission_retry_responses=0 peer_stage1_retry_response_drops=0 peer_stage1_admission_waiters=0 peer_stage1_admission_waiter_items=0 peer_stage1_admission_owned_items=0 peer_stage1_admission_wake_coverage=0 peer_stage1_admission_parked=0 peer_stage1_admission_woken=0 peer_stage1_admission_reparked=0 peer_stage1_max_admission_waiters=0 peer_stage1_duplicate_coalesced=0 peer_reverse_enqueued=4273 peer_reverse_processed=4273 peer_reverse_remaining=0 peer_reverse_items_enqueued=102203 peer_reverse_items_processed=102203 peer_reverse_rate_per_sec=704.613533 peer_reverse_failed=94 peer_reverse_max_queue=5 reclaim_pending=5 reclaim_reused=1111 dynamic_high_watermark=19602887040 stage2_remaining=0 cleanup_remaining=0 active_contexts=0 active_context_limit=32 repair_remaining=0 remaining=0
[STATUS]: storage-owner maintenance observation: enqueued=1201 stage2_enqueued=1201 cleanup_enqueued=0 stage2_tasks_done=1201 stage2_finalized_live=1201 cleanup_processed=0 stale=0 stage2_completion_ratio=1.000000 live_stage2_completion_ratio=1.000000 avg_stage2_delay_ms=100.384232 p99_stage2_delay_upper_ms=512.000000 p99_stage2_delay_over_30s=false stage2_delay_histogram=0,0,0,0,0,0,255,740,171,35,0,0,0,0,0,0,0,0 max_stage2_delay_ms=432.449787 compaction_batch_target=32 compaction_max_delay_ms=25.000000 stage2_rate_per_sec=8.004080 stage1_search_budget_exhausted=0 stage2_search_budget_exhausted=0 stage2_continuations=1201 stage2_remote_frontier_items=6791324 avg_stage2_remote_frontier=5654.724396 stage2_remote_expansions=135046 avg_stage2_remote_expansions=112.444629 stage2_scored_candidates=10275609 avg_stage2_scored_candidates=8555.877602 stage2_graph_read_waves=36790 avg_stage2_expansions_per_graph_wave=3.670726 stage2_graph_unique_reads=138523 stage2_graph_prefetch_issued=92220 stage2_graph_prefetch_hits=88743 stage2_graph_prefetch_wasted=3477 stage2_graph_prefetch_promotion_ratio=0.962297 stage2_graph_issue_width_current=16 stage2_vector_read_waves=81993 avg_stage2_scores_per_vector_wave=125.323003 stage2_vector_unique_reads=9403980 stage2_home_rpc_batches=71023 stage2_home_rpc_items=6894079 avg_stage2_home_rpc_batch=97.068260 stage2_home_score_rpc_batches=27508 stage2_home_score_rpc_items=6755556 stage2_home_score_rpc_queries=84312 stage2_home_score_rpc_request_bytes=171877944 stage2_home_score_rpc_response_bytes=217285960 avg_stage2_home_score_queries_per_rpc=3.064999 avg_stage2_home_score_rpc_batch=245.585139 stage2_home_scored_neighbors=7626879 home_scores_per_expansion=1.106294 stage2_migrations=1116 home_match_rate=0.070774 stage2_final_edges=47419 stage2_cross_edges_stage1_home=40941 stage2_cross_edges_final_home=33381 cross_edge_reduction_ratio=0.184656 failed=0 rpc_timeouts=0 reverse_aggregate_batches=0 reverse_aggregate_logical_requests=0 reverse_aggregate_ops=0 avg_reverse_aggregate_logicals=0.000000 avg_reverse_aggregate_ops=0.000000 max_backlog=8 admission_window=65536 completion_outstanding=0 completion_incomplete=0 completed_behind_hole=0 completion_logical_full_failures=0 completion_physical_full_failures=0 pressure_yields=221 stage2_batches=486 avg_stage2_batch_size=2.471193 packing_target_batch=8 packing_admit_queue_avg=2.471193 packing_admit_queue_max=8 packing_batch_1_7=484 packing_batch_8=2 packing_assembly_batches=486 packing_assembly_wait_ms=12163.956251 packing_arrival_interval_us=10870 packing_waited_batches=484 packing_wait_ms=12100.000000 packing_target_flushes=2 packing_deadline_flushes=484 packing_cleanup_flushes=0 stage2_phase_search_attempts=486 stage2_phase_search_task_attempts=1201 stage2_phase_search_elapsed_ms=21845.095625 avg_stage2_phase_search_us_per_task=18189.088780 stage2_phase_freeze_prune_attempts=486 stage2_phase_freeze_prune_task_attempts=1201 stage2_phase_freeze_prune_elapsed_ms=795.852820 avg_stage2_phase_freeze_prune_us_per_task=662.658468 stage2_phase_reverse_prepare_attempts=486 stage2_phase_reverse_prepare_task_attempts=1201 stage2_phase_reverse_prepare_elapsed_ms=2695.927727 avg_stage2_phase_reverse_prepare_us_per_task=2244.735826 stage2_phase_placement_authority_attempts=486 stage2_phase_placement_authority_task_attempts=1201 stage2_phase_placement_authority_elapsed_ms=586.185572 avg_stage2_phase_placement_authority_us_per_task=488.081242 stage2_phase_completion_handoff_attempts=486 stage2_phase_completion_handoff_task_attempts=1201 stage2_phase_completion_handoff_elapsed_ms=0.624813 avg_stage2_phase_completion_handoff_us_per_task=0.520244 stage2_phase_finalize_attempts=486 stage2_phase_finalize_task_attempts=1201 stage2_phase_finalize_elapsed_ms=1.770647 avg_stage2_phase_finalize_us_per_task=1.474311 maintenance_worker_idle_waits=241600 maintenance_worker_idle_ms=1184174.762766 maintenance_lost_wake_avoided=8986 maintenance_targeted_wakes=182804 maintenance_generic_wakes=1201 maintenance_broadcast_wakes=0 maintenance_context_slots_scanned=2129072 maintenance_ready_notifications=155125 maintenance_ready_stale_notifications=0 maintenance_ready_tickets_drained=136416 maintenance_ready_overflow_scans=0 maintenance_ready_fallback_scans=133302 stage2_search_lane_lease_limit=32 stage2_search_lane_lease_peak=8 stage2_search_lane_lease_blocked=0 maintenance_worker_observed_idle_ratio=0.986493 maintenance_worker_observed_busy_ratio=0.013507 physical_stage1_items=1201 physical_stage1_total_ns=5514355756 physical_stage1_search_ns=5206885150 physical_stage1_prune_ns=207602213 physical_stage1_allocate_write_ns=71870048 physical_stage1_backlink_ns=24350447 physical_stage1_candidates=153710 physical_stage1_remote_frontier_items=6791324 physical_stage1_neighbors=45319 peer_stage1_enqueued=1957 peer_stage1_processed=1957 peer_stage1_items=1936 avg_peer_stage1_items=0.989269 peer_stage1_rate_per_sec=12.902496 peer_stage1_max_queue=2 peer_stage1_active_workers=0 peer_stage2_home_enqueued=151465 peer_stage2_home_processed=151465 peer_stage2_home_items=16230995 avg_peer_stage2_home_items=107.160037 peer_stage2_home_max_queue=13 peer_stage2_home_response_queue_drops=0 peer_stage2_home_response_send_wait_ms=831.685262 avg_peer_stage2_home_queue_wait_us=13.089890 avg_peer_stage2_home_execution_us=47.551591 peer_stage1_release_deferred_batches=24 peer_stage1_release_deferred_items=24 peer_stage1_duplicate_retry_responses=0 peer_stage1_admission_retry_responses=0 peer_stage1_retry_response_drops=0 peer_stage1_admission_waiters=0 peer_stage1_admission_waiter_items=0 peer_stage1_admission_owned_items=0 peer_stage1_admission_wake_coverage=0 peer_stage1_admission_parked=0 peer_stage1_admission_woken=0 peer_stage1_admission_reparked=0 peer_stage1_max_admission_waiters=0 peer_stage1_duplicate_coalesced=0 peer_reverse_enqueued=4273 peer_reverse_processed=4273 peer_reverse_remaining=0 peer_reverse_items_enqueued=102203 peer_reverse_items_processed=102203 peer_reverse_rate_per_sec=681.133184 peer_reverse_failed=94 peer_reverse_max_queue=5 reclaim_pending=5 reclaim_reused=1111 dynamic_high_watermark=19602887040 stage2_remaining=0 cleanup_remaining=0 active_contexts=0 active_context_limit=32 repair_remaining=0 remaining=0
[STATUS]: storage-owner maintenance observation: enqueued=1201 stage2_enqueued=1201 cleanup_enqueued=0 stage2_tasks_done=1201 stage2_finalized_live=1201 cleanup_processed=0 stale=0 stage2_completion_ratio=1.000000 live_stage2_completion_ratio=1.000000 avg_stage2_delay_ms=100.384232 p99_stage2_delay_upper_ms=512.000000 p99_stage2_delay_over_30s=false stage2_delay_histogram=0,0,0,0,0,0,255,740,171,35,0,0,0,0,0,0,0,0 max_stage2_delay_ms=432.449787 compaction_batch_target=32 compaction_max_delay_ms=25.000000 stage2_rate_per_sec=7.745897 stage1_search_budget_exhausted=0 stage2_search_budget_exhausted=0 stage2_continuations=1201 stage2_remote_frontier_items=6791324 avg_stage2_remote_frontier=5654.724396 stage2_remote_expansions=135046 avg_stage2_remote_expansions=112.444629 stage2_scored_candidates=10275609 avg_stage2_scored_candidates=8555.877602 stage2_graph_read_waves=36790 avg_stage2_expansions_per_graph_wave=3.670726 stage2_graph_unique_reads=138523 stage2_graph_prefetch_issued=92220 stage2_graph_prefetch_hits=88743 stage2_graph_prefetch_wasted=3477 stage2_graph_prefetch_promotion_ratio=0.962297 stage2_graph_issue_width_current=16 stage2_vector_read_waves=81993 avg_stage2_scores_per_vector_wave=125.323003 stage2_vector_unique_reads=9403980 stage2_home_rpc_batches=71023 stage2_home_rpc_items=6894079 avg_stage2_home_rpc_batch=97.068260 stage2_home_score_rpc_batches=27508 stage2_home_score_rpc_items=6755556 stage2_home_score_rpc_queries=84312 stage2_home_score_rpc_request_bytes=171877944 stage2_home_score_rpc_response_bytes=217285960 avg_stage2_home_score_queries_per_rpc=3.064999 avg_stage2_home_score_rpc_batch=245.585139 stage2_home_scored_neighbors=7626879 home_scores_per_expansion=1.106294 stage2_migrations=1116 home_match_rate=0.070774 stage2_final_edges=47419 stage2_cross_edges_stage1_home=40941 stage2_cross_edges_final_home=33381 cross_edge_reduction_ratio=0.184656 failed=0 rpc_timeouts=0 reverse_aggregate_batches=0 reverse_aggregate_logical_requests=0 reverse_aggregate_ops=0 avg_reverse_aggregate_logicals=0.000000 avg_reverse_aggregate_ops=0.000000 max_backlog=8 admission_window=65536 completion_outstanding=0 completion_incomplete=0 completed_behind_hole=0 completion_logical_full_failures=0 completion_physical_full_failures=0 pressure_yields=221 stage2_batches=486 avg_stage2_batch_size=2.471193 packing_target_batch=8 packing_admit_queue_avg=2.471193 packing_admit_queue_max=8 packing_batch_1_7=484 packing_batch_8=2 packing_assembly_batches=486 packing_assembly_wait_ms=12163.956251 packing_arrival_interval_us=10870 packing_waited_batches=484 packing_wait_ms=12100.000000 packing_target_flushes=2 packing_deadline_flushes=484 packing_cleanup_flushes=0 stage2_phase_search_attempts=486 stage2_phase_search_task_attempts=1201 stage2_phase_search_elapsed_ms=21845.095625 avg_stage2_phase_search_us_per_task=18189.088780 stage2_phase_freeze_prune_attempts=486 stage2_phase_freeze_prune_task_attempts=1201 stage2_phase_freeze_prune_elapsed_ms=795.852820 avg_stage2_phase_freeze_prune_us_per_task=662.658468 stage2_phase_reverse_prepare_attempts=486 stage2_phase_reverse_prepare_task_attempts=1201 stage2_phase_reverse_prepare_elapsed_ms=2695.927727 avg_stage2_phase_reverse_prepare_us_per_task=2244.735826 stage2_phase_placement_authority_attempts=486 stage2_phase_placement_authority_task_attempts=1201 stage2_phase_placement_authority_elapsed_ms=586.185572 avg_stage2_phase_placement_authority_us_per_task=488.081242 stage2_phase_completion_handoff_attempts=486 stage2_phase_completion_handoff_task_attempts=1201 stage2_phase_completion_handoff_elapsed_ms=0.624813 avg_stage2_phase_completion_handoff_us_per_task=0.520244 stage2_phase_finalize_attempts=486 stage2_phase_finalize_task_attempts=1201 stage2_phase_finalize_elapsed_ms=1.770647 avg_stage2_phase_finalize_us_per_task=1.474311 maintenance_worker_idle_waits=245504 maintenance_worker_idle_ms=1223443.851245 maintenance_lost_wake_avoided=8986 maintenance_targeted_wakes=182804 maintenance_generic_wakes=1201 maintenance_broadcast_wakes=0 maintenance_context_slots_scanned=2191536 maintenance_ready_notifications=155125 maintenance_ready_stale_notifications=0 maintenance_ready_tickets_drained=136416 maintenance_ready_overflow_scans=0 maintenance_ready_fallback_scans=137278 stage2_search_lane_lease_limit=32 stage2_search_lane_lease_peak=8 stage2_search_lane_lease_blocked=0 maintenance_worker_observed_idle_ratio=0.986331 maintenance_worker_observed_busy_ratio=0.013669 physical_stage1_items=1201 physical_stage1_total_ns=5514355756 physical_stage1_search_ns=5206885150 physical_stage1_prune_ns=207602213 physical_stage1_allocate_write_ns=71870048 physical_stage1_backlink_ns=24350447 physical_stage1_candidates=153710 physical_stage1_remote_frontier_items=6791324 physical_stage1_neighbors=45319 peer_stage1_enqueued=1957 peer_stage1_processed=1957 peer_stage1_items=1936 avg_peer_stage1_items=0.989269 peer_stage1_rate_per_sec=12.486309 peer_stage1_max_queue=2 peer_stage1_active_workers=0 peer_stage2_home_enqueued=151465 peer_stage2_home_processed=151465 peer_stage2_home_items=16230995 avg_peer_stage2_home_items=107.160037 peer_stage2_home_max_queue=13 peer_stage2_home_response_queue_drops=0 peer_stage2_home_response_send_wait_ms=831.685262 avg_peer_stage2_home_queue_wait_us=13.089890 avg_peer_stage2_home_execution_us=47.551591 peer_stage1_release_deferred_batches=24 peer_stage1_release_deferred_items=24 peer_stage1_duplicate_retry_responses=0 peer_stage1_admission_retry_responses=0 peer_stage1_retry_response_drops=0 peer_stage1_admission_waiters=0 peer_stage1_admission_waiter_items=0 peer_stage1_admission_owned_items=0 peer_stage1_admission_wake_coverage=0 peer_stage1_admission_parked=0 peer_stage1_admission_woken=0 peer_stage1_admission_reparked=0 peer_stage1_max_admission_waiters=0 peer_stage1_duplicate_coalesced=0 peer_reverse_enqueued=4273 peer_reverse_processed=4273 peer_reverse_remaining=0 peer_reverse_items_enqueued=102203 peer_reverse_items_processed=102203 peer_reverse_rate_per_sec=659.162327 peer_reverse_failed=94 peer_reverse_max_queue=5 reclaim_pending=5 reclaim_reused=1111 dynamic_high_watermark=19602887040 stage2_remaining=0 cleanup_remaining=0 active_contexts=0 active_context_limit=32 repair_remaining=0 remaining=0
[STATUS]: storage-owner maintenance observation: enqueued=1201 stage2_enqueued=1201 cleanup_enqueued=0 stage2_tasks_done=1201 stage2_finalized_live=1201 cleanup_processed=0 stale=0 stage2_completion_ratio=1.000000 live_stage2_completion_ratio=1.000000 avg_stage2_delay_ms=100.384232 p99_stage2_delay_upper_ms=512.000000 p99_stage2_delay_over_30s=false stage2_delay_histogram=0,0,0,0,0,0,255,740,171,35,0,0,0,0,0,0,0,0 max_stage2_delay_ms=432.449787 compaction_batch_target=32 compaction_max_delay_ms=25.000000 stage2_rate_per_sec=7.503884 stage1_search_budget_exhausted=0 stage2_search_budget_exhausted=0 stage2_continuations=1201 stage2_remote_frontier_items=6791324 avg_stage2_remote_frontier=5654.724396 stage2_remote_expansions=135046 avg_stage2_remote_expansions=112.444629 stage2_scored_candidates=10275609 avg_stage2_scored_candidates=8555.877602 stage2_graph_read_waves=36790 avg_stage2_expansions_per_graph_wave=3.670726 stage2_graph_unique_reads=138523 stage2_graph_prefetch_issued=92220 stage2_graph_prefetch_hits=88743 stage2_graph_prefetch_wasted=3477 stage2_graph_prefetch_promotion_ratio=0.962297 stage2_graph_issue_width_current=16 stage2_vector_read_waves=81993 avg_stage2_scores_per_vector_wave=125.323003 stage2_vector_unique_reads=9403980 stage2_home_rpc_batches=71023 stage2_home_rpc_items=6894079 avg_stage2_home_rpc_batch=97.068260 stage2_home_score_rpc_batches=27508 stage2_home_score_rpc_items=6755556 stage2_home_score_rpc_queries=84312 stage2_home_score_rpc_request_bytes=171877944 stage2_home_score_rpc_response_bytes=217285960 avg_stage2_home_score_queries_per_rpc=3.064999 avg_stage2_home_score_rpc_batch=245.585139 stage2_home_scored_neighbors=7626879 home_scores_per_expansion=1.106294 stage2_migrations=1116 home_match_rate=0.070774 stage2_final_edges=47419 stage2_cross_edges_stage1_home=40941 stage2_cross_edges_final_home=33381 cross_edge_reduction_ratio=0.184656 failed=0 rpc_timeouts=0 reverse_aggregate_batches=0 reverse_aggregate_logical_requests=0 reverse_aggregate_ops=0 avg_reverse_aggregate_logicals=0.000000 avg_reverse_aggregate_ops=0.000000 max_backlog=8 admission_window=65536 completion_outstanding=0 completion_incomplete=0 completed_behind_hole=0 completion_logical_full_failures=0 completion_physical_full_failures=0 pressure_yields=221 stage2_batches=486 avg_stage2_batch_size=2.471193 packing_target_batch=8 packing_admit_queue_avg=2.471193 packing_admit_queue_max=8 packing_batch_1_7=484 packing_batch_8=2 packing_assembly_batches=486 packing_assembly_wait_ms=12163.956251 packing_arrival_interval_us=10870 packing_waited_batches=484 packing_wait_ms=12100.000000 packing_target_flushes=2 packing_deadline_flushes=484 packing_cleanup_flushes=0 stage2_phase_search_attempts=486 stage2_phase_search_task_attempts=1201 stage2_phase_search_elapsed_ms=21845.095625 avg_stage2_phase_search_us_per_task=18189.088780 stage2_phase_freeze_prune_attempts=486 stage2_phase_freeze_prune_task_attempts=1201 stage2_phase_freeze_prune_elapsed_ms=795.852820 avg_stage2_phase_freeze_prune_us_per_task=662.658468 stage2_phase_reverse_prepare_attempts=486 stage2_phase_reverse_prepare_task_attempts=1201 stage2_phase_reverse_prepare_elapsed_ms=2695.927727 avg_stage2_phase_reverse_prepare_us_per_task=2244.735826 stage2_phase_placement_authority_attempts=486 stage2_phase_placement_authority_task_attempts=1201 stage2_phase_placement_authority_elapsed_ms=586.185572 avg_stage2_phase_placement_authority_us_per_task=488.081242 stage2_phase_completion_handoff_attempts=486 stage2_phase_completion_handoff_task_attempts=1201 stage2_phase_completion_handoff_elapsed_ms=0.624813 avg_stage2_phase_completion_handoff_us_per_task=0.520244 stage2_phase_finalize_attempts=486 stage2_phase_finalize_task_attempts=1201 stage2_phase_finalize_elapsed_ms=1.770647 avg_stage2_phase_finalize_us_per_task=1.474311 maintenance_worker_idle_waits=249536 maintenance_worker_idle_ms=1264001.324004 maintenance_lost_wake_avoided=8986 maintenance_targeted_wakes=182804 maintenance_generic_wakes=1201 maintenance_broadcast_wakes=0 maintenance_context_slots_scanned=2256048 maintenance_ready_notifications=155125 maintenance_ready_stale_notifications=0 maintenance_ready_tickets_drained=136416 maintenance_ready_overflow_scans=0 maintenance_ready_fallback_scans=141255 stage2_search_lane_lease_limit=32 stage2_search_lane_lease_peak=8 stage2_search_lane_lease_blocked=0 maintenance_worker_observed_idle_ratio=0.987190 maintenance_worker_observed_busy_ratio=0.012810 physical_stage1_items=1201 physical_stage1_total_ns=5514355756 physical_stage1_search_ns=5206885150 physical_stage1_prune_ns=207602213 physical_stage1_allocate_write_ns=71870048 physical_stage1_backlink_ns=24350447 physical_stage1_candidates=153710 physical_stage1_remote_frontier_items=6791324 physical_stage1_neighbors=45319 peer_stage1_enqueued=1957 peer_stage1_processed=1957 peer_stage1_items=1936 avg_peer_stage1_items=0.989269 peer_stage1_rate_per_sec=12.096187 peer_stage1_max_queue=2 peer_stage1_active_workers=0 peer_stage2_home_enqueued=151465 peer_stage2_home_processed=151465 peer_stage2_home_items=16230995 avg_peer_stage2_home_items=107.160037 peer_stage2_home_max_queue=13 peer_stage2_home_response_queue_drops=0 peer_stage2_home_response_send_wait_ms=831.685262 avg_peer_stage2_home_queue_wait_us=13.089890 avg_peer_stage2_home_execution_us=47.551591 peer_stage1_release_deferred_batches=24 peer_stage1_release_deferred_items=24 peer_stage1_duplicate_retry_responses=0 peer_stage1_admission_retry_responses=0 peer_stage1_retry_response_drops=0 peer_stage1_admission_waiters=0 peer_stage1_admission_waiter_items=0 peer_stage1_admission_owned_items=0 peer_stage1_admission_wake_coverage=0 peer_stage1_admission_parked=0 peer_stage1_admission_woken=0 peer_stage1_admission_reparked=0 peer_stage1_max_admission_waiters=0 peer_stage1_duplicate_coalesced=0 peer_reverse_enqueued=4273 peer_reverse_processed=4273 peer_reverse_remaining=0 peer_reverse_items_enqueued=102203 peer_reverse_items_processed=102203 peer_reverse_rate_per_sec=638.567436 peer_reverse_failed=94 peer_reverse_max_queue=5 reclaim_pending=5 reclaim_reused=1111 dynamic_high_watermark=19602887040 stage2_remaining=0 cleanup_remaining=0 active_contexts=0 active_context_limit=32 repair_remaining=0 remaining=0
[STATUS]: storage-owner maintenance observation: enqueued=1201 stage2_enqueued=1201 cleanup_enqueued=0 stage2_tasks_done=1201 stage2_finalized_live=1201 cleanup_processed=0 stale=0 stage2_completion_ratio=1.000000 live_stage2_completion_ratio=1.000000 avg_stage2_delay_ms=100.384232 p99_stage2_delay_upper_ms=512.000000 p99_stage2_delay_over_30s=false stage2_delay_histogram=0,0,0,0,0,0,255,740,171,35,0,0,0,0,0,0,0,0 max_stage2_delay_ms=432.449787 compaction_batch_target=32 compaction_max_delay_ms=25.000000 stage2_rate_per_sec=7.276322 stage1_search_budget_exhausted=0 stage2_search_budget_exhausted=0 stage2_continuations=1201 stage2_remote_frontier_items=6791324 avg_stage2_remote_frontier=5654.724396 stage2_remote_expansions=135046 avg_stage2_remote_expansions=112.444629 stage2_scored_candidates=10275609 avg_stage2_scored_candidates=8555.877602 stage2_graph_read_waves=36790 avg_stage2_expansions_per_graph_wave=3.670726 stage2_graph_unique_reads=138523 stage2_graph_prefetch_issued=92220 stage2_graph_prefetch_hits=88743 stage2_graph_prefetch_wasted=3477 stage2_graph_prefetch_promotion_ratio=0.962297 stage2_graph_issue_width_current=16 stage2_vector_read_waves=81993 avg_stage2_scores_per_vector_wave=125.323003 stage2_vector_unique_reads=9403980 stage2_home_rpc_batches=71023 stage2_home_rpc_items=6894079 avg_stage2_home_rpc_batch=97.068260 stage2_home_score_rpc_batches=27508 stage2_home_score_rpc_items=6755556 stage2_home_score_rpc_queries=84312 stage2_home_score_rpc_request_bytes=171877944 stage2_home_score_rpc_response_bytes=217285960 avg_stage2_home_score_queries_per_rpc=3.064999 avg_stage2_home_score_rpc_batch=245.585139 stage2_home_scored_neighbors=7626879 home_scores_per_expansion=1.106294 stage2_migrations=1116 home_match_rate=0.070774 stage2_final_edges=47419 stage2_cross_edges_stage1_home=40941 stage2_cross_edges_final_home=33381 cross_edge_reduction_ratio=0.184656 failed=0 rpc_timeouts=0 reverse_aggregate_batches=0 reverse_aggregate_logical_requests=0 reverse_aggregate_ops=0 avg_reverse_aggregate_logicals=0.000000 avg_reverse_aggregate_ops=0.000000 max_backlog=8 admission_window=65536 completion_outstanding=0 completion_incomplete=0 completed_behind_hole=0 completion_logical_full_failures=0 completion_physical_full_failures=0 pressure_yields=221 stage2_batches=486 avg_stage2_batch_size=2.471193 packing_target_batch=8 packing_admit_queue_avg=2.471193 packing_admit_queue_max=8 packing_batch_1_7=484 packing_batch_8=2 packing_assembly_batches=486 packing_assembly_wait_ms=12163.956251 packing_arrival_interval_us=10870 packing_waited_batches=484 packing_wait_ms=12100.000000 packing_target_flushes=2 packing_deadline_flushes=484 packing_cleanup_flushes=0 stage2_phase_search_attempts=486 stage2_phase_search_task_attempts=1201 stage2_phase_search_elapsed_ms=21845.095625 avg_stage2_phase_search_us_per_task=18189.088780 stage2_phase_freeze_prune_attempts=486 stage2_phase_freeze_prune_task_attempts=1201 stage2_phase_freeze_prune_elapsed_ms=795.852820 avg_stage2_phase_freeze_prune_us_per_task=662.658468 stage2_phase_reverse_prepare_attempts=486 stage2_phase_reverse_prepare_task_attempts=1201 stage2_phase_reverse_prepare_elapsed_ms=2695.927727 avg_stage2_phase_reverse_prepare_us_per_task=2244.735826 stage2_phase_placement_authority_attempts=486 stage2_phase_placement_authority_task_attempts=1201 stage2_phase_placement_authority_elapsed_ms=586.185572 avg_stage2_phase_placement_authority_us_per_task=488.081242 stage2_phase_completion_handoff_attempts=486 stage2_phase_completion_handoff_task_attempts=1201 stage2_phase_completion_handoff_elapsed_ms=0.624813 avg_stage2_phase_completion_handoff_us_per_task=0.520244 stage2_phase_finalize_attempts=486 stage2_phase_finalize_task_attempts=1201 stage2_phase_finalize_elapsed_ms=1.770647 avg_stage2_phase_finalize_us_per_task=1.474311 maintenance_worker_idle_waits=253440 maintenance_worker_idle_ms=1303270.492552 maintenance_lost_wake_avoided=8986 maintenance_targeted_wakes=182804 maintenance_generic_wakes=1201 maintenance_broadcast_wakes=0 maintenance_context_slots_scanned=2318512 maintenance_ready_notifications=155125 maintenance_ready_stale_notifications=0 maintenance_ready_tickets_drained=136416 maintenance_ready_overflow_scans=0 maintenance_ready_fallback_scans=145233 stage2_search_lane_lease_limit=32 stage2_search_lane_lease_peak=8 stage2_search_lane_lease_blocked=0 maintenance_worker_observed_idle_ratio=0.986992 maintenance_worker_observed_busy_ratio=0.013008 physical_stage1_items=1201 physical_stage1_total_ns=5514355756 physical_stage1_search_ns=5206885150 physical_stage1_prune_ns=207602213 physical_stage1_allocate_write_ns=71870048 physical_stage1_backlink_ns=24350447 physical_stage1_candidates=153710 physical_stage1_remote_frontier_items=6791324 physical_stage1_neighbors=45319 peer_stage1_enqueued=1957 peer_stage1_processed=1957 peer_stage1_items=1936 avg_peer_stage1_items=0.989269 peer_stage1_rate_per_sec=11.729359 peer_stage1_max_queue=2 peer_stage1_active_workers=0 peer_stage2_home_enqueued=151465 peer_stage2_home_processed=151465 peer_stage2_home_items=16230995 avg_peer_stage2_home_items=107.160037 peer_stage2_home_max_queue=13 peer_stage2_home_response_queue_drops=0 peer_stage2_home_response_send_wait_ms=831.685262 avg_peer_stage2_home_queue_wait_us=13.089890 avg_peer_stage2_home_execution_us=47.551591 peer_stage1_release_deferred_batches=24 peer_stage1_release_deferred_items=24 peer_stage1_duplicate_retry_responses=0 peer_stage1_admission_retry_responses=0 peer_stage1_retry_response_drops=0 peer_stage1_admission_waiters=0 peer_stage1_admission_waiter_items=0 peer_stage1_admission_owned_items=0 peer_stage1_admission_wake_coverage=0 peer_stage1_admission_parked=0 peer_stage1_admission_woken=0 peer_stage1_admission_reparked=0 peer_stage1_max_admission_waiters=0 peer_stage1_duplicate_coalesced=0 peer_reverse_enqueued=4273 peer_reverse_processed=4273 peer_reverse_remaining=0 peer_reverse_items_enqueued=102203 peer_reverse_items_processed=102203 peer_reverse_rate_per_sec=619.202319 peer_reverse_failed=94 peer_reverse_max_queue=5 reclaim_pending=5 reclaim_reused=1111 dynamic_high_watermark=19602887040 stage2_remaining=0 cleanup_remaining=0 active_contexts=0 active_context_limit=32 repair_remaining=0 remaining=0
