============================================================
                        SERVER
============================================================
num clients:                  1
TCP port:                     1237
QP handshake timeout (ms):    10000
IB device:                    <auto>
IB port:                      1
max outstanding CQEs:         64
max send work requests:       4096
max receive work requests:    4096
============================================================
index prefix:                     "/data/xjs/index/dvstor_spacev100m/index/spacev100m_R96_bw128_balanced_pmd32_pq20_schema16"
storage shard:                    "/data/xjs/index/dvstor_spacev100m/index/spacev100m_R96_bw128_balanced_pmd32_pq20_schema16_node4_of5.dat"
storage id:                       3
base vectors:                     100000000
vector ID namespace [0,N):        4294967295
registered memory GiB:            22
====================================================================
1 device(s) found
Selected device: ibp86s0
Selected port state: 4, lid: 8, active_mtu: 5
interleaved policy
num_cores: 112
physical cores per socket: 28
hyperthreading enabled
local process CPU partition: rank 3/5 logical_cpus=22
pairing: 76528 -- 7067
[STATUS]: loaded index metadata from /data/xjs/index/dvstor_spacev100m/index/spacev100m_R96_bw128_balanced_pmd32_pq20_schema16 (layout=plain, vector_data_type=int8)
[STATUS]: storage-owner stage2 candidate width L=128 per shard
allocation size: 23622320128
allocated ALIGNED MEM (no hugepage) at 130452495007808 with buffer size 23622320128
[STATUS]: loading index (19200000128 Bytes) from /data/xjs/index/dvstor_spacev100m/index/spacev100m_R96_bw128_balanced_pmd32_pq20_schema16_node4_of5.dat
[STATUS]: loaded GPU PQ codes (400000000 Bytes) at remote offset 19200004224
[STATUS]: storage-owner idmap loaded entries=20000000 format=owner_sharded_v2_bound immutable_base=true dynamic_shards=256 dynamic_reserved=65536
[STATUS]: compensated physical centroid restored on shard 3: vectors=20000000 entries=4
[STATUS]: register memory and distribute access token
[STATUS]: connect QPs of compute threads
[STATUS]: reserving 64 GPU/bootstrap QPs per compute node
pairing: 76530 -- 7072
pairing: 76538 -- 7077
pairing: 76543 -- 7082
pairing: 76548 -- 7087
pairing: 76553 -- 7092
pairing: 76558 -- 7097
pairing: 76563 -- 7102
pairing: 76568 -- 7107
pairing: 76573 -- 7112
pairing: 76578 -- 7117
pairing: 76583 -- 7122
pairing: 76588 -- 7127
pairing: 76593 -- 7132
pairing: 76598 -- 7137
pairing: 76603 -- 7142
pairing: 76608 -- 7147
pairing: 76613 -- 7152
pairing: 76618 -- 7157
pairing: 76623 -- 7162
pairing: 76628 -- 7167
pairing: 76633 -- 7172
pairing: 76638 -- 7177
pairing: 76643 -- 7182
pairing: 76648 -- 7187
pairing: 76653 -- 7192
pairing: 76658 -- 7197
pairing: 76663 -- 7202
pairing: 76668 -- 7207
pairing: 76673 -- 7212
pairing: 76678 -- 7217
pairing: 76683 -- 7222
pairing: 76688 -- 7227
pairing: 76693 -- 7325
pairing: 76788 -- 7326
pairing: 76789 -- 7327
pairing: 76790 -- 7328
pairing: 76791 -- 7329
pairing: 76792 -- 7330
pairing: 76793 -- 7331
pairing: 76794 -- 7332
pairing: 76795 -- 7333
pairing: 76796 -- 7334
pairing: 76797 -- 7335
pairing: 76798 -- 7336
pairing: 76799 -- 7337
pairing: 76800 -- 7338
pairing: 76801 -- 7339
pairing: 76802 -- 7340
pairing: 76803 -- 7341
pairing: 76804 -- 7342
pairing: 76805 -- 7343
pairing: 76806 -- 7344
pairing: 76807 -- 7345
pairing: 76808 -- 7346
pairing: 76809 -- 7347
pairing: 76810 -- 7348
pairing: 76811 -- 7349
pairing: 76812 -- 7350
pairing: 76813 -- 7351
pairing: 76814 -- 7352
pairing: 76815 -- 7353
pairing: 76816 -- 7354
pairing: 76817 -- 7355
pairing: 76818 -- 7356
[STATUS]: waiting for compute-node startup barrier
1 device(s) found
Selected device: ibp86s0
Selected port state: 4, lid: 8, active_mtu: 5
pairing: 76853 -- 76858
pairing: 76860 -- 76865
pairing: 76868 -- 76873
pairing: 76876 -- 76881
pairing: 76884 -- 76889
pairing: 76892 -- 76897
pairing: 76900 -- 76905
pairing: 76908 -- 76913
pairing: 76916 -- 76917
pairing: 76921 -- 76924
pairing: 76927 -- 76930
pairing: 76933 -- 76936
pairing: 76939 -- 76942
pairing: 76945 -- 76949
pairing: 76950 -- 76954
pairing: 76957 -- 76960
pairing: 76962 -- 76959
pairing: 76966 -- 76968
pairing: 76970 -- 76972
pairing: 76973 -- 76975
pairing: 76977 -- 76979
pairing: 76982 -- 76984
pairing: 76986 -- 76988
pairing: 76989 -- 76992
pairing: 76994 -- 76995
pairing: 76997 -- 76996
pairing: 76998 -- 76999
pairing: 77001 -- 77000
pairing: 77003 -- 77002
pairing: 77005 -- 77004
pairing: 77007 -- 77006
pairing: 77008 -- 77009
[STATUS]: storage-owner peer RDMA QPs per peer: 8
[STATUS]: storage-owner peer QP0 reserved for RPC; data RDMA uses QP1..7
allocated ALIGNED MEM (no hugepage) at 130451427557440 with buffer size 67108864
allocated ALIGNED MEM (no hugepage) at 130451387711552 with buffer size 39839040
[STATUS]: storage-owner peer RPC receive slots per peer: 64 (requested=64)
[STATUS]: storage-owner peer RPC concurrent sends per peer: 16
[STATUS]: storage-owner peer RPC send credits: Stage1/graph are split at depth >= 2; responses use a dedicated sync buffer
[STATUS]: storage-owner peer async response capacity: 32768
[STATUS]: storage-owner Stage2 home RPC combining: enabled logical_capacity=18432 aggregate_capacity=4608 byte_budget=33586224
allocated ALIGNED MEM (no hugepage) at 98419991410176 with buffer size 96256
allocated ALIGNED MEM (no hugepage) at 130451658440768 with buffer size 212992
allocated ALIGNED MEM (no hugepage) at 130451654635584 with buffer size 212992
[STATUS]: storage-owner peer reverse-update workers: 2
[STATUS]: storage-owner peer Stage1 workers: 3; Stage2-home workers: 1 (one reserved; shared lanes borrow authoritative work only)
[STATUS]: storage-owner physical control workers: cleanup=1 placement=1 (separate blocking domains)
[STATUS]: storage-owner peer progress threads: cq=1 response_dispatch=1
[STATUS]: storage-owner Stage1 artifact capacity: 67584 (64-way, per shard=1056) cleanup replay per shard=2048 active migration receipts=131072
[STATUS]: storage-owner peer reverse-update tuning: queue_depth=65536 coalesce_max=256
allocated ALIGNED MEM (no hugepage) at 130451646902336 with buffer size 855296
allocated ALIGNED MEM (no hugepage) at 130451645845568 with buffer size 855296
allocated ALIGNED MEM (no hugepage) at 130451642507328 with buffer size 855296
allocated ALIGNED MEM (no hugepage) at 130451638513728 with buffer size 855296
allocated ALIGNED MEM (no hugepage) at 130451637657664 with buffer size 855296
allocated ALIGNED MEM (no hugepage) at 130451634319424 with buffer size 855296
allocated ALIGNED MEM (no hugepage) at 130451633463360 with buffer size 855296
allocated ALIGNED MEM (no hugepage) at 130451630125120 with buffer size 855296
[STATUS]: storage-owner peer scratch: snapshot_slot=192 graph_slot=832 batch=256 lane_peak_rdma_wrs=56 lane_useful_wave_rdma_wrs=56 global_read_window=224 search_lanes_global=32 search_lanes_credit_derived=16 search_lane_lease_cap=32 search_lanes_physical_per_worker=4 ready_context_runtime_epoch=1 bytes_per_lane=213824 bytes_total=6842368
[STATUS]: storage-owner maintenance workers: 8 (configured=8, admission_baseline_workers=2, context_limit=32, semantic_execution_batch=8, work_conserving=true)
[STATUS]: storage-owner stage2 reverse outbox descriptors: 128 aggregates=128 wire_max_ops=3072 (shared per-peer work-conserving aggregation)
[STATUS]: storage-owner maintenance tuning: protocol=centroid-home-two-stage compaction_batch_target=32 packing_policy=deterministic_b8 packing_tail_wait_us=arrival_adaptive_capped_25000 packing_context_limit=8 backlog_limit=65536 admission_credit=bounded_accepted_backlog admission_window=65536 physical_completion_capacity=65536
[STATUS]: storage-owner peer RDMA read credits: per_data_qp=8 data_qps_per_peer=7 per_peer=56 global=224 shared_cq_read_budget=8095 ordered_snapshot_pairs_per_chain=4 (requested_per_data_qp=16)
[STATUS]: storage-owner online insert tuning: construction_beam=128 snapshot_batch=256 protocol=centroid-home-two-stage
[STATUS]: storage-owner stage1=physical-home local search and backlinks; stage2=generation-fenced home expand+score continuation
[STATUS]: storage-owner responses=foreground direct post; completion=repost by service poller
[STATUS]: storage-owner foreground pipeline: coordinators=12 cpu_lanes=3 (assigned_cpus=22, rpc_parallelism=16)
[STATUS]: storage-owner CPU plan: foreground_cpu=3 foreground_coordinators=12 maintenance=8 peer_stage1=4 (split into isolated Stage1/Stage2-home domains) peer_reverse=2 peer_cleanup=1 peer_placement=1 peer_progress=2 foreground_progress=1
[STATUS]: storage-owner insert runtime enabled on shard 3
[STATUS]: storage-owner maintenance observation: enqueued=185 stage2_enqueued=185 cleanup_enqueued=0 stage2_tasks_done=184 stage2_finalized_live=184 cleanup_processed=0 stale=0 stage2_completion_ratio=0.994595 live_stage2_completion_ratio=0.994595 avg_stage2_delay_ms=152.090907 p99_stage2_delay_upper_ms=512.000000 p99_stage2_delay_over_30s=false stage2_delay_histogram=0,0,0,0,0,0,9,72,82,21,0,0,0,0,0,0,0,0 max_stage2_delay_ms=326.513894 compaction_batch_target=32 compaction_max_delay_ms=25.000000 stage2_rate_per_sec=36.631653 stage1_search_budget_exhausted=0 stage2_search_budget_exhausted=0 stage2_continuations=185 stage2_remote_frontier_items=1011324 avg_stage2_remote_frontier=5466.616216 stage2_remote_expansions=20875 avg_stage2_remote_expansions=112.837838 stage2_scored_candidates=1513996 avg_stage2_scored_candidates=8183.762162 stage2_graph_read_waves=4383 avg_stage2_expansions_per_graph_wave=4.762720 stage2_graph_unique_reads=21452 stage2_graph_prefetch_issued=14612 stage2_graph_prefetch_hits=14049 stage2_graph_prefetch_wasted=547 stage2_graph_prefetch_promotion_ratio=0.962524 stage2_graph_issue_width_current=16 stage2_vector_read_waves=7485 avg_stage2_scores_per_vector_wave=202.270675 stage2_vector_unique_reads=1388554 stage2_home_rpc_batches=10063 stage2_home_rpc_items=1033465 avg_stage2_home_rpc_batch=102.699493 stage2_home_score_rpc_batches=3990 stage2_home_score_rpc_items=1012013 stage2_home_score_rpc_queries=17747 stage2_home_score_rpc_request_bytes=26254468 stage2_home_score_rpc_response_bytes=32544096 avg_stage2_home_score_queries_per_rpc=4.447870 avg_stage2_home_score_rpc_batch=253.637343 stage2_home_scored_neighbors=1137421 home_scores_per_expansion=1.100590 stage2_migrations=174 home_match_rate=0.054348 stage2_final_edges=6135 stage2_cross_edges_stage1_home=5331 stage2_cross_edges_final_home=4315 cross_edge_reduction_ratio=0.190583 failed=0 rpc_timeouts=0 reverse_aggregate_batches=0 reverse_aggregate_logical_requests=0 reverse_aggregate_ops=0 avg_reverse_aggregate_logicals=0.000000 avg_reverse_aggregate_ops=0.000000 max_backlog=8 admission_window=65536 completion_outstanding=1 completion_incomplete=1 completed_behind_hole=0 completion_logical_full_failures=0 completion_physical_full_failures=0 pressure_yields=0 stage2_batches=52 avg_stage2_batch_size=3.557692 packing_target_batch=8 packing_admit_queue_avg=3.557692 packing_admit_queue_max=8 packing_batch_1_7=50 packing_batch_8=2 packing_assembly_batches=52 packing_assembly_wait_ms=1293.102059 packing_arrival_interval_us=19316 packing_waited_batches=50 packing_wait_ms=1250.000000 packing_target_flushes=2 packing_deadline_flushes=50 packing_cleanup_flushes=0 stage2_phase_search_attempts=51 stage2_phase_search_task_attempts=184 stage2_phase_search_elapsed_ms=4444.112214 avg_stage2_phase_search_us_per_task=24152.783772 stage2_phase_freeze_prune_attempts=51 stage2_phase_freeze_prune_task_attempts=184 stage2_phase_freeze_prune_elapsed_ms=168.313234 avg_stage2_phase_freeze_prune_us_per_task=914.745837 stage2_phase_reverse_prepare_attempts=51 stage2_phase_reverse_prepare_task_attempts=184 stage2_phase_reverse_prepare_elapsed_ms=289.650692 avg_stage2_phase_reverse_prepare_us_per_task=1574.188543 stage2_phase_placement_authority_attempts=51 stage2_phase_placement_authority_task_attempts=184 stage2_phase_placement_authority_elapsed_ms=77.911152 avg_stage2_phase_placement_authority_us_per_task=423.430174 stage2_phase_completion_handoff_attempts=51 stage2_phase_completion_handoff_task_attempts=184 stage2_phase_completion_handoff_elapsed_ms=0.069893 avg_stage2_phase_completion_handoff_us_per_task=0.379853 stage2_phase_finalize_attempts=51 stage2_phase_finalize_task_attempts=184 stage2_phase_finalize_elapsed_ms=0.245661 avg_stage2_phase_finalize_us_per_task=1.335114 maintenance_worker_idle_waits=15808 maintenance_worker_idle_ms=36524.688906 maintenance_lost_wake_avoided=1802 maintenance_targeted_wakes=27661 maintenance_generic_wakes=185 maintenance_broadcast_wakes=0 maintenance_context_slots_scanned=115936 maintenance_ready_notifications=17772 maintenance_ready_stale_notifications=0 maintenance_ready_tickets_drained=14395 maintenance_ready_overflow_scans=0 maintenance_ready_fallback_scans=7355 stage2_search_lane_lease_limit=32 stage2_search_lane_lease_peak=7 stage2_search_lane_lease_blocked=0 maintenance_worker_observed_idle_ratio=0.908940 maintenance_worker_observed_busy_ratio=0.091060 physical_stage1_items=185 physical_stage1_total_ns=1095072017 physical_stage1_search_ns=1040481589 physical_stage1_prune_ns=34686087 physical_stage1_allocate_write_ns=14700182 physical_stage1_backlink_ns=4603129 physical_stage1_candidates=23678 physical_stage1_remote_frontier_items=1011324 physical_stage1_neighbors=6137 peer_stage1_enqueued=312 peer_stage1_processed=311 peer_stage1_items=296 avg_peer_stage1_items=0.951768 peer_stage1_rate_per_sec=58.929180 peer_stage1_max_queue=5 peer_stage1_active_workers=1 peer_stage2_home_enqueued=12012 peer_stage2_home_processed=12012 peer_stage2_home_items=1326581 avg_peer_stage2_home_items=110.437979 peer_stage2_home_max_queue=12 peer_stage2_home_response_queue_drops=0 peer_stage2_home_response_send_wait_ms=83.423566 avg_peer_stage2_home_queue_wait_us=33.377398 avg_peer_stage2_home_execution_us=56.924468 peer_stage1_release_deferred_batches=15 peer_stage1_release_deferred_items=15 peer_stage1_duplicate_retry_responses=0 peer_stage1_admission_retry_responses=0 peer_stage1_retry_response_drops=0 peer_stage1_admission_waiters=0 peer_stage1_admission_waiter_items=0 peer_stage1_admission_owned_items=0 peer_stage1_admission_wake_coverage=0 peer_stage1_admission_parked=0 peer_stage1_admission_woken=0 peer_stage1_admission_reparked=0 peer_stage1_max_admission_waiters=0 peer_stage1_duplicate_coalesced=0 peer_reverse_enqueued=328 peer_reverse_processed=328 peer_reverse_remaining=0 peer_reverse_items_enqueued=6400 peer_reverse_items_processed=6400 peer_reverse_rate_per_sec=1274.144438 peer_reverse_failed=5 peer_reverse_max_queue=6 reclaim_pending=1 reclaim_reused=173 dynamic_high_watermark=19600172928 stage2_remaining=0 cleanup_remaining=0 active_contexts=1 active_context_limit=32 repair_remaining=0 remaining=1
[STATUS]: storage-owner maintenance observation: enqueued=1139 stage2_enqueued=1139 cleanup_enqueued=0 stage2_tasks_done=1073 stage2_finalized_live=1073 cleanup_processed=0 stale=0 stage2_completion_ratio=0.942054 live_stage2_completion_ratio=0.942054 avg_stage2_delay_ms=202.191076 p99_stage2_delay_upper_ms=512.000000 p99_stage2_delay_over_30s=false stage2_delay_histogram=0,0,0,0,0,0,34,211,560,260,8,0,0,0,0,0,0,0 max_stage2_delay_ms=550.394862 compaction_batch_target=32 compaction_max_delay_ms=25.000000 stage2_rate_per_sec=107.053348 stage1_search_budget_exhausted=0 stage2_search_budget_exhausted=0 stage2_continuations=1136 stage2_remote_frontier_items=6478246 avg_stage2_remote_frontier=5702.681338 stage2_remote_expansions=121495 avg_stage2_remote_expansions=106.949824 stage2_scored_candidates=9521234 avg_stage2_scored_candidates=8381.367958 stage2_graph_read_waves=22215 avg_stage2_expansions_per_graph_wave=5.469052 stage2_graph_unique_reads=126654 stage2_graph_prefetch_issued=89750 stage2_graph_prefetch_hits=86723 stage2_graph_prefetch_wasted=2717 stage2_graph_prefetch_promotion_ratio=0.969622 stage2_graph_issue_width_current=16 stage2_vector_read_waves=39347 avg_stage2_scores_per_vector_wave=241.981193 stage2_vector_unique_reads=8737690 stage2_home_rpc_batches=57116 stage2_home_rpc_items=6538638 avg_stage2_home_rpc_batch=114.479971 stage2_home_score_rpc_batches=25369 stage2_home_score_rpc_items=6411984 stage2_home_score_rpc_queries=153080 stage2_home_score_rpc_request_bytes=170415060 stage2_home_score_rpc_response_bytes=206201224 avg_stage2_home_score_queries_per_rpc=6.034136 avg_stage2_home_score_rpc_batch=252.748788 stage2_home_scored_neighbors=7196174 home_scores_per_expansion=1.100562 stage2_migrations=992 home_match_rate=0.075489 stage2_final_edges=41606 stage2_cross_edges_stage1_home=35827 stage2_cross_edges_final_home=29362 cross_edge_reduction_ratio=0.180450 failed=0 rpc_timeouts=0 reverse_aggregate_batches=0 reverse_aggregate_logical_requests=0 reverse_aggregate_ops=0 avg_reverse_aggregate_logicals=0.000000 avg_reverse_aggregate_ops=0.000000 max_backlog=8 admission_window=65536 completion_outstanding=73 completion_incomplete=66 completed_behind_hole=7 completion_logical_full_failures=0 completion_physical_full_failures=0 pressure_yields=266 stage2_batches=221 avg_stage2_batch_size=5.140271 packing_target_batch=8 packing_admit_queue_avg=5.140271 packing_admit_queue_max=8 packing_batch_1_7=167 packing_batch_8=54 packing_assembly_batches=221 packing_assembly_wait_ms=5019.604130 packing_arrival_interval_us=2587 packing_waited_batches=167 packing_wait_ms=4038.900000 packing_target_flushes=54 packing_deadline_flushes=167 packing_cleanup_flushes=0 stage2_phase_search_attempts=213 stage2_phase_search_task_attempts=1080 stage2_phase_search_elapsed_ms=28428.103309 avg_stage2_phase_search_us_per_task=26322.317879 stage2_phase_freeze_prune_attempts=217 stage2_phase_freeze_prune_task_attempts=1105 stage2_phase_freeze_prune_elapsed_ms=630.908283 avg_stage2_phase_freeze_prune_us_per_task=570.957722 stage2_phase_reverse_prepare_attempts=212 stage2_phase_reverse_prepare_task_attempts=1073 stage2_phase_reverse_prepare_elapsed_ms=1864.605679 avg_stage2_phase_reverse_prepare_us_per_task=1737.749934 stage2_phase_placement_authority_attempts=212 stage2_phase_placement_authority_task_attempts=1073 stage2_phase_placement_authority_elapsed_ms=278.458849 avg_stage2_phase_placement_authority_us_per_task=259.514305 stage2_phase_completion_handoff_attempts=212 stage2_phase_completion_handoff_task_attempts=1073 stage2_phase_completion_handoff_elapsed_ms=0.283870 avg_stage2_phase_completion_handoff_us_per_task=0.264557 stage2_phase_finalize_attempts=212 stage2_phase_finalize_task_attempts=1073 stage2_phase_finalize_elapsed_ms=1.379891 avg_stage2_phase_finalize_us_per_task=1.286012 maintenance_worker_idle_waits=79296 maintenance_worker_idle_ms=63234.277985 maintenance_lost_wake_avoided=20923 maintenance_targeted_wakes=258651 maintenance_generic_wakes=1139 maintenance_broadcast_wakes=0 maintenance_context_slots_scanned=727456 maintenance_ready_notifications=97339 maintenance_ready_stale_notifications=0 maintenance_ready_tickets_drained=75527 maintenance_ready_overflow_scans=0 maintenance_ready_fallback_scans=45628 stage2_search_lane_lease_limit=32 stage2_search_lane_lease_peak=16 stage2_search_lane_lease_blocked=0 maintenance_worker_observed_idle_ratio=0.788612 maintenance_worker_observed_busy_ratio=0.211388 physical_stage1_items=1139 physical_stage1_total_ns=5566758435 physical_stage1_search_ns=5243003547 physical_stage1_prune_ns=214422236 physical_stage1_allocate_write_ns=79400797 physical_stage1_backlink_ns=26881385 physical_stage1_candidates=145755 physical_stage1_remote_frontier_items=6495864 physical_stage1_neighbors=43348 peer_stage1_enqueued=1881 peer_stage1_processed=1879 peer_stage1_items=1834 avg_peer_stage1_items=0.976051 peer_stage1_rate_per_sec=182.978415 peer_stage1_max_queue=5 peer_stage1_active_workers=2 peer_stage2_home_enqueued=33456 peer_stage2_home_processed=33456 peer_stage2_home_items=3622307 avg_peer_stage2_home_items=108.270774 peer_stage2_home_max_queue=12 peer_stage2_home_response_queue_drops=0 peer_stage2_home_response_send_wait_ms=228.834469 avg_peer_stage2_home_queue_wait_us=22.735628 avg_peer_stage2_home_execution_us=52.814085 peer_stage1_release_deferred_batches=46 peer_stage1_release_deferred_items=46 peer_stage1_duplicate_retry_responses=0 peer_stage1_admission_retry_responses=0 peer_stage1_retry_response_drops=0 peer_stage1_admission_waiters=0 peer_stage1_admission_waiter_items=0 peer_stage1_admission_owned_items=0 peer_stage1_admission_wake_coverage=0 peer_stage1_admission_parked=0 peer_stage1_admission_woken=0 peer_stage1_admission_reparked=0 peer_stage1_max_admission_waiters=0 peer_stage1_duplicate_coalesced=0 peer_reverse_enqueued=995 peer_reverse_processed=995 peer_reverse_remaining=0 peer_reverse_items_enqueued=19322 peer_reverse_items_processed=19322 peer_reverse_rate_per_sec=1927.758418 peer_reverse_failed=19 peer_reverse_max_queue=6 reclaim_pending=115 reclaim_reused=877 dynamic_high_watermark=19600733408 stage2_remaining=3 cleanup_remaining=0 active_contexts=9 active_context_limit=32 repair_remaining=0 remaining=66
[STATUS]: storage-owner maintenance observation: enqueued=2677 stage2_enqueued=2677 cleanup_enqueued=0 stage2_tasks_done=2591 stage2_finalized_live=2591 cleanup_processed=0 stale=0 stage2_completion_ratio=0.967874 live_stage2_completion_ratio=0.967874 avg_stage2_delay_ms=238.678417 p99_stage2_delay_upper_ms=512.000000 p99_stage2_delay_over_30s=false stage2_delay_histogram=0,0,0,0,0,0,34,258,1300,977,22,0,0,0,0,0,0,0 max_stage2_delay_ms=616.446189 compaction_batch_target=32 compaction_max_delay_ms=25.000000 stage2_rate_per_sec=172.468289 stage1_search_budget_exhausted=0 stage2_search_budget_exhausted=0 stage2_continuations=2670 stage2_remote_frontier_items=15361496 avg_stage2_remote_frontier=5753.369288 stage2_remote_expansions=291527 avg_stage2_remote_expansions=109.186142 stage2_scored_candidates=22822315 avg_stage2_scored_candidates=8547.683521 stage2_graph_read_waves=54225 avg_stage2_expansions_per_graph_wave=5.376247 stage2_graph_unique_reads=302814 stage2_graph_prefetch_issued=214913 stage2_graph_prefetch_hits=208107 stage2_graph_prefetch_wasted=6325 stage2_graph_prefetch_promotion_ratio=0.970503 stage2_graph_issue_width_current=16 stage2_vector_read_waves=100954 avg_stage2_scores_per_vector_wave=226.066476 stage2_vector_unique_reads=20939782 stage2_home_rpc_batches=137435 stage2_home_rpc_items=15712084 avg_stage2_home_rpc_batch=114.323746 stage2_home_score_rpc_batches=61668 stage2_home_score_rpc_items=15409280 stage2_home_score_rpc_queries=400467 stage2_home_score_rpc_request_bytes=412845736 stage2_home_score_rpc_response_bytes=495585264 avg_stage2_home_score_queries_per_rpc=6.493919 avg_stage2_home_score_rpc_batch=249.874814 stage2_home_scored_neighbors=17292190 home_scores_per_expansion=1.100566 stage2_migrations=2396 home_match_rate=0.075261 stage2_final_edges=102981 stage2_cross_edges_stage1_home=88815 stage2_cross_edges_final_home=72746 cross_edge_reduction_ratio=0.180927 failed=0 rpc_timeouts=0 reverse_aggregate_batches=0 reverse_aggregate_logical_requests=0 reverse_aggregate_ops=0 avg_reverse_aggregate_logicals=0.000000 avg_reverse_aggregate_ops=0.000000 max_backlog=8 admission_window=65536 completion_outstanding=117 completion_incomplete=86 completed_behind_hole=31 completion_logical_full_failures=0 completion_physical_full_failures=0 pressure_yields=1446 stage2_batches=440 avg_stage2_batch_size=6.068182 packing_target_batch=8 packing_admit_queue_avg=6.068182 packing_admit_queue_max=8 packing_batch_1_7=287 packing_batch_8=153 packing_assembly_batches=440 packing_assembly_wait_ms=9394.407298 packing_arrival_interval_us=2764 packing_waited_batches=287 packing_wait_ms=6608.163000 packing_target_flushes=153 packing_deadline_flushes=287 packing_cleanup_flushes=0 stage2_phase_search_attempts=429 stage2_phase_search_task_attempts=2591 stage2_phase_search_elapsed_ms=76782.616047 avg_stage2_phase_search_us_per_task=29634.355865 stage2_phase_freeze_prune_attempts=435 stage2_phase_freeze_prune_task_attempts=2631 stage2_phase_freeze_prune_elapsed_ms=1510.778529 avg_stage2_phase_freeze_prune_us_per_task=574.222170 stage2_phase_reverse_prepare_attempts=429 stage2_phase_reverse_prepare_task_attempts=2591 stage2_phase_reverse_prepare_elapsed_ms=4574.367292 avg_stage2_phase_reverse_prepare_us_per_task=1765.483324 stage2_phase_placement_authority_attempts=429 stage2_phase_placement_authority_task_attempts=2591 stage2_phase_placement_authority_elapsed_ms=669.239062 avg_stage2_phase_placement_authority_us_per_task=258.293733 stage2_phase_completion_handoff_attempts=429 stage2_phase_completion_handoff_task_attempts=2591 stage2_phase_completion_handoff_elapsed_ms=0.581182 avg_stage2_phase_completion_handoff_us_per_task=0.224308 stage2_phase_finalize_attempts=429 stage2_phase_finalize_task_attempts=2591 stage2_phase_finalize_elapsed_ms=3.251649 avg_stage2_phase_finalize_us_per_task=1.254978 maintenance_worker_idle_waits=191168 maintenance_worker_idle_ms=78050.939086 maintenance_lost_wake_avoided=60359 maintenance_targeted_wakes=721431 maintenance_generic_wakes=2677 maintenance_broadcast_wakes=0 maintenance_context_slots_scanned=2023568 maintenance_ready_notifications=240558 maintenance_ready_stale_notifications=0 maintenance_ready_tickets_drained=187299 maintenance_ready_overflow_scans=0 maintenance_ready_fallback_scans=126662 stage2_search_lane_lease_limit=32 stage2_search_lane_lease_peak=16 stage2_search_lane_lease_blocked=0 maintenance_worker_observed_idle_ratio=0.649426 maintenance_worker_observed_busy_ratio=0.350574 physical_stage1_items=2677 physical_stage1_total_ns=12719185118 physical_stage1_search_ns=11948910499 physical_stage1_prune_ns=508496409 physical_stage1_allocate_write_ns=186346207 physical_stage1_backlink_ns=67269136 physical_stage1_candidates=342563 physical_stage1_remote_frontier_items=15394427 physical_stage1_neighbors=104644 peer_stage1_enqueued=4375 peer_stage1_processed=4373 peer_stage1_items=4271 avg_peer_stage1_items=0.976675 peer_stage1_rate_per_sec=284.296434 peer_stage1_max_queue=5 peer_stage1_active_workers=2 peer_stage2_home_enqueued=47651 peer_stage2_home_processed=47651 peer_stage2_home_items=5030239 avg_peer_stage2_home_items=105.564185 peer_stage2_home_max_queue=12 peer_stage2_home_response_queue_drops=0 peer_stage2_home_response_send_wait_ms=343.504687 avg_peer_stage2_home_queue_wait_us=19.822025 avg_peer_stage2_home_execution_us=50.507816 peer_stage1_release_deferred_batches=107 peer_stage1_release_deferred_items=107 peer_stage1_duplicate_retry_responses=0 peer_stage1_admission_retry_responses=0 peer_stage1_retry_response_drops=0 peer_stage1_admission_waiters=0 peer_stage1_admission_waiter_items=0 peer_stage1_admission_owned_items=0 peer_stage1_admission_wake_coverage=0 peer_stage1_admission_parked=0 peer_stage1_admission_woken=0 peer_stage1_admission_reparked=0 peer_stage1_max_admission_waiters=0 peer_stage1_duplicate_coalesced=0 peer_reverse_enqueued=1511 peer_reverse_processed=1511 peer_reverse_remaining=0 peer_reverse_items_enqueued=28544 peer_reverse_items_processed=28544 peer_reverse_rate_per_sec=1900.013442 peer_reverse_failed=32 peer_reverse_max_queue=6 reclaim_pending=29 reclaim_reused=2367 dynamic_high_watermark=19600951648 stage2_remaining=7 cleanup_remaining=0 active_contexts=11 active_context_limit=32 repair_remaining=0 remaining=86
[STATUS]: storage-owner maintenance observation: enqueued=4204 stage2_enqueued=4204 cleanup_enqueued=0 stage2_tasks_done=4126 stage2_finalized_live=4126 cleanup_processed=0 stale=0 stage2_completion_ratio=0.981446 live_stage2_completion_ratio=0.981446 avg_stage2_delay_ms=236.298991 p99_stage2_delay_upper_ms=512.000000 p99_stage2_delay_over_30s=false stage2_delay_histogram=0,0,0,0,0,0,34,347,2269,1453,23,0,0,0,0,0,0,0 max_stage2_delay_ms=616.446189 compaction_batch_target=32 compaction_max_delay_ms=25.000000 stage2_rate_per_sec=206.062453 stage1_search_budget_exhausted=0 stage2_search_budget_exhausted=0 stage2_continuations=4199 stage2_remote_frontier_items=23671393 avg_stage2_remote_frontier=5637.388188 stage2_remote_expansions=463328 avg_stage2_remote_expansions=110.342462 stage2_scored_candidates=35146083 avg_stage2_scored_candidates=8370.107883 stage2_graph_read_waves=85339 avg_stage2_expansions_per_graph_wave=5.429264 stage2_graph_unique_reads=476834 stage2_graph_prefetch_issued=340122 stage2_graph_prefetch_hits=329994 stage2_graph_prefetch_wasted=9684 stage2_graph_prefetch_promotion_ratio=0.971491 stage2_graph_issue_width_current=16 stage2_vector_read_waves=163790 avg_stage2_scores_per_vector_wave=214.580151 stage2_vector_unique_reads=32254882 stage2_home_rpc_batches=213831 stage2_home_rpc_items=24240360 avg_stage2_home_rpc_batch=113.362235 stage2_home_score_rpc_batches=95729 stage2_home_score_rpc_items=23763535 stage2_home_score_rpc_queries=628318 stage2_home_score_rpc_request_bytes=637778712 stage2_home_score_rpc_response_bytes=764304776 avg_stage2_home_score_queries_per_rpc=6.563507 avg_stage2_home_score_rpc_batch=248.237577 stage2_home_scored_neighbors=26653495 home_scores_per_expansion=1.099550 stage2_migrations=3800 home_match_rate=0.079011 stage2_final_edges=163071 stage2_cross_edges_stage1_home=140355 stage2_cross_edges_final_home=115241 cross_edge_reduction_ratio=0.178932 failed=0 rpc_timeouts=0 reverse_aggregate_batches=0 reverse_aggregate_logical_requests=0 reverse_aggregate_ops=0 avg_reverse_aggregate_logicals=0.000000 avg_reverse_aggregate_ops=0.000000 max_backlog=8 admission_window=65536 completion_outstanding=126 completion_incomplete=78 completed_behind_hole=48 completion_logical_full_failures=0 completion_physical_full_failures=0 pressure_yields=2090 stage2_batches=662 avg_stage2_batch_size=6.342900 packing_target_batch=8 packing_admit_queue_avg=6.342900 packing_admit_queue_max=8 packing_batch_1_7=408 packing_batch_8=254 packing_assembly_batches=662 packing_assembly_wait_ms=13829.236256 packing_arrival_interval_us=2469 packing_waited_batches=408 packing_wait_ms=9244.580000 packing_target_flushes=254 packing_deadline_flushes=408 packing_cleanup_flushes=0 stage2_phase_search_attempts=652 stage2_phase_search_task_attempts=4126 stage2_phase_search_elapsed_ms=119636.506097 avg_stage2_phase_search_us_per_task=28995.760082 stage2_phase_freeze_prune_attempts=667 stage2_phase_freeze_prune_task_attempts=4231 stage2_phase_freeze_prune_elapsed_ms=2502.724837 avg_stage2_phase_freeze_prune_us_per_task=591.520879 stage2_phase_reverse_prepare_attempts=652 stage2_phase_reverse_prepare_task_attempts=4126 stage2_phase_reverse_prepare_elapsed_ms=6907.081951 avg_stage2_phase_reverse_prepare_us_per_task=1674.038282 stage2_phase_placement_authority_attempts=652 stage2_phase_placement_authority_task_attempts=4126 stage2_phase_placement_authority_elapsed_ms=1042.191643 avg_stage2_phase_placement_authority_us_per_task=252.591285 stage2_phase_completion_handoff_attempts=652 stage2_phase_completion_handoff_task_attempts=4126 stage2_phase_completion_handoff_elapsed_ms=0.882765 avg_stage2_phase_completion_handoff_us_per_task=0.213952 stage2_phase_finalize_attempts=652 stage2_phase_finalize_task_attempts=4126 stage2_phase_finalize_elapsed_ms=5.046479 avg_stage2_phase_finalize_us_per_task=1.223092 maintenance_worker_idle_waits=297536 maintenance_worker_idle_ms=95447.344821 maintenance_lost_wake_avoided=94805 maintenance_targeted_wakes=1125969 maintenance_generic_wakes=4204 maintenance_broadcast_wakes=0 maintenance_context_slots_scanned=3213840 maintenance_ready_notifications=381413 maintenance_ready_stale_notifications=0 maintenance_ready_tickets_drained=297991 maintenance_ready_overflow_scans=0 maintenance_ready_fallback_scans=201025 stage2_search_lane_lease_limit=32 stage2_search_lane_lease_peak=16 stage2_search_lane_lease_blocked=0 maintenance_worker_observed_idle_ratio=0.595859 maintenance_worker_observed_busy_ratio=0.404141 physical_stage1_items=4204 physical_stage1_total_ns=19415996909 physical_stage1_search_ns=18211846617 physical_stage1_prune_ns=792627083 physical_stage1_allocate_write_ns=293744755 physical_stage1_backlink_ns=105103466 physical_stage1_candidates=537941 physical_stage1_remote_frontier_items=23699023 physical_stage1_neighbors=164307 peer_stage1_enqueued=6878 peer_stage1_processed=6876 peer_stage1_items=6698 avg_peer_stage1_items=0.974113 peer_stage1_rate_per_sec=334.514375 peer_stage1_max_queue=5 peer_stage1_active_workers=2 peer_stage2_home_enqueued=61589 peer_stage2_home_processed=61589 peer_stage2_home_items=6394513 avg_peer_stage2_home_items=103.825570 peer_stage2_home_max_queue=12 peer_stage2_home_response_queue_drops=0 peer_stage2_home_response_send_wait_ms=452.206837 avg_peer_stage2_home_queue_wait_us=18.284233 avg_peer_stage2_home_execution_us=49.021807 peer_stage1_release_deferred_batches=184 peer_stage1_release_deferred_items=184 peer_stage1_duplicate_retry_responses=0 peer_stage1_admission_retry_responses=0 peer_stage1_retry_response_drops=0 peer_stage1_admission_waiters=0 peer_stage1_admission_waiter_items=0 peer_stage1_admission_owned_items=0 peer_stage1_admission_wake_coverage=0 peer_stage1_admission_parked=0 peer_stage1_admission_woken=0 peer_stage1_admission_reparked=0 peer_stage1_max_admission_waiters=0 peer_stage1_duplicate_coalesced=0 peer_reverse_enqueued=2052 peer_reverse_processed=2052 peer_reverse_remaining=0 peer_reverse_items_enqueued=37515 peer_reverse_items_processed=37515 peer_reverse_rate_per_sec=1873.590143 peer_reverse_failed=47 peer_reverse_max_queue=6 reclaim_pending=46 reclaim_reused=3754 dynamic_high_watermark=19601277024 stage2_remaining=5 cleanup_remaining=0 active_contexts=10 active_context_limit=32 repair_remaining=0 remaining=78
[STATUS]: storage-owner maintenance observation: enqueued=5732 stage2_enqueued=5732 cleanup_enqueued=0 stage2_tasks_done=5648 stage2_finalized_live=5648 cleanup_processed=0 stale=0 stage2_completion_ratio=0.985345 live_stage2_completion_ratio=0.985345 avg_stage2_delay_ms=228.341527 p99_stage2_delay_upper_ms=512.000000 p99_stage2_delay_over_30s=false stage2_delay_histogram=0,0,0,0,0,0,36,534,3288,1767,23,0,0,0,0,0,0,0 max_stage2_delay_ms=616.446189 compaction_batch_target=32 compaction_max_delay_ms=25.000000 stage2_rate_per_sec=225.711381 stage1_search_budget_exhausted=0 stage2_search_budget_exhausted=0 stage2_continuations=5725 stage2_remote_frontier_items=31568657 avg_stage2_remote_frontier=5514.175895 stage2_remote_expansions=633360 avg_stage2_remote_expansions=110.630568 stage2_scored_candidates=46727200 avg_stage2_scored_candidates=8161.956332 stage2_graph_read_waves=116546 avg_stage2_expansions_per_graph_wave=5.434421 stage2_graph_unique_reads=650145 stage2_graph_prefetch_issued=465598 stage2_graph_prefetch_hits=452390 stage2_graph_prefetch_wasted=12820 stage2_graph_prefetch_promotion_ratio=0.972443 stage2_graph_issue_width_current=16 stage2_vector_read_waves=229333 avg_stage2_scores_per_vector_wave=203.752622 stage2_vector_unique_reads=42910131 stage2_home_rpc_batches=288046 stage2_home_rpc_items=32330893 avg_stage2_home_rpc_batch=112.242118 stage2_home_score_rpc_batches=128145 stage2_home_score_rpc_items=31680748 stage2_home_score_rpc_queries=846964 stage2_home_score_rpc_request_bytes=851228036 stage2_home_score_rpc_response_bytes=1018976104 avg_stage2_home_score_queries_per_rpc=6.609419 avg_stage2_home_score_rpc_batch=247.225783 stage2_home_scored_neighbors=35496248 home_scores_per_expansion=1.097905 stage2_migrations=5182 home_match_rate=0.082507 stage2_final_edges=220315 stage2_cross_edges_stage1_home=189059 stage2_cross_edges_final_home=155651 cross_edge_reduction_ratio=0.176707 failed=0 rpc_timeouts=0 reverse_aggregate_batches=0 reverse_aggregate_logical_requests=0 reverse_aggregate_ops=0 avg_reverse_aggregate_logicals=0.000000 avg_reverse_aggregate_ops=0.000000 max_backlog=8 admission_window=65536 completion_outstanding=107 completion_incomplete=84 completed_behind_hole=23 completion_logical_full_failures=0 completion_physical_full_failures=0 pressure_yields=2625 stage2_batches=880 avg_stage2_batch_size=6.505682 packing_target_batch=8 packing_admit_queue_avg=6.505682 packing_admit_queue_max=8 packing_batch_1_7=525 packing_batch_8=355 packing_assembly_batches=880 packing_assembly_wait_ms=18159.312430 packing_arrival_interval_us=2655 packing_waited_batches=525 packing_wait_ms=11761.421000 packing_target_flushes=355 packing_deadline_flushes=525 packing_cleanup_flushes=0 stage2_phase_search_attempts=870 stage2_phase_search_task_attempts=5648 stage2_phase_search_elapsed_ms=156409.715174 avg_stage2_phase_search_us_per_task=27692.938239 stage2_phase_freeze_prune_attempts=894 stage2_phase_freeze_prune_task_attempts=5812 stage2_phase_freeze_prune_elapsed_ms=3303.316619 avg_stage2_phase_freeze_prune_us_per_task=568.361428 stage2_phase_reverse_prepare_attempts=870 stage2_phase_reverse_prepare_task_attempts=5648 stage2_phase_reverse_prepare_elapsed_ms=9286.439400 avg_stage2_phase_reverse_prepare_us_per_task=1644.199610 stage2_phase_placement_authority_attempts=870 stage2_phase_placement_authority_task_attempts=5648 stage2_phase_placement_authority_elapsed_ms=1397.730682 avg_stage2_phase_placement_authority_us_per_task=247.473563 stage2_phase_completion_handoff_attempts=870 stage2_phase_completion_handoff_task_attempts=5648 stage2_phase_completion_handoff_elapsed_ms=1.176135 avg_stage2_phase_completion_handoff_us_per_task=0.208239 stage2_phase_finalize_attempts=870 stage2_phase_finalize_task_attempts=5648 stage2_phase_finalize_elapsed_ms=6.770970 avg_stage2_phase_finalize_us_per_task=1.198826 maintenance_worker_idle_waits=406080 maintenance_worker_idle_ms=115009.265199 maintenance_lost_wake_avoided=124667 maintenance_targeted_wakes=1483760 maintenance_generic_wakes=5731 maintenance_broadcast_wakes=0 maintenance_context_slots_scanned=4295376 maintenance_ready_notifications=522802 maintenance_ready_stale_notifications=0 maintenance_ready_tickets_drained=412218 maintenance_ready_overflow_scans=0 maintenance_ready_fallback_scans=268614 stage2_search_lane_lease_limit=32 stage2_search_lane_lease_peak=16 stage2_search_lane_lease_blocked=0 maintenance_worker_observed_idle_ratio=0.574515 maintenance_worker_observed_busy_ratio=0.425485 physical_stage1_items=5732 physical_stage1_total_ns=25893545122 physical_stage1_search_ns=24262746271 physical_stage1_prune_ns=1062970910 physical_stage1_allocate_write_ns=403228406 physical_stage1_backlink_ns=147849920 physical_stage1_candidates=733449 physical_stage1_remote_frontier_items=31603197 physical_stage1_neighbors=221813 peer_stage1_enqueued=9385 peer_stage1_processed=9383 peer_stage1_items=9148 avg_peer_stage1_items=0.974955 peer_stage1_rate_per_sec=365.582102 peer_stage1_max_queue=5 peer_stage1_active_workers=2 peer_stage2_home_enqueued=75303 peer_stage2_home_processed=75303 peer_stage2_home_items=7708347 avg_peer_stage2_home_items=102.364408 peer_stage2_home_max_queue=12 peer_stage2_home_response_queue_drops=0 peer_stage2_home_response_send_wait_ms=559.320128 avg_peer_stage2_home_queue_wait_us=17.330737 avg_peer_stage2_home_execution_us=47.927967 peer_stage1_release_deferred_batches=243 peer_stage1_release_deferred_items=243 peer_stage1_duplicate_retry_responses=0 peer_stage1_admission_retry_responses=0 peer_stage1_retry_response_drops=0 peer_stage1_admission_waiters=0 peer_stage1_admission_waiter_items=0 peer_stage1_admission_owned_items=0 peer_stage1_admission_wake_coverage=0 peer_stage1_admission_parked=0 peer_stage1_admission_woken=0 peer_stage1_admission_reparked=0 peer_stage1_max_admission_waiters=0 peer_stage1_duplicate_coalesced=0 peer_reverse_enqueued=2591 peer_reverse_processed=2591 peer_reverse_remaining=0 peer_reverse_items_enqueued=46426 peer_reverse_items_processed=46426 peer_reverse_rate_per_sec=1855.325169 peer_reverse_failed=58 peer_reverse_max_queue=6 reclaim_pending=36 reclaim_reused=5146 dynamic_high_watermark=19601607360 stage2_remaining=7 cleanup_remaining=0 active_contexts=10 active_context_limit=32 repair_remaining=0 remaining=84
[STATUS]: storage-owner maintenance observation: enqueued=6691 stage2_enqueued=6691 cleanup_enqueued=0 stage2_tasks_done=6691 stage2_finalized_live=6691 cleanup_processed=0 stale=0 stage2_completion_ratio=1.000000 live_stage2_completion_ratio=1.000000 avg_stage2_delay_ms=228.582297 p99_stage2_delay_upper_ms=512.000000 p99_stage2_delay_over_30s=false stage2_delay_histogram=0,0,0,0,0,0,36,608,3926,2090,31,0,0,0,0,0,0,0 max_stage2_delay_ms=616.446189 compaction_batch_target=32 compaction_max_delay_ms=25.000000 stage2_rate_per_sec=222.856882 stage1_search_budget_exhausted=0 stage2_search_budget_exhausted=0 stage2_continuations=6691 stage2_remote_frontier_items=36525086 avg_stage2_remote_frontier=5458.838141 stage2_remote_expansions=750329 avg_stage2_remote_expansions=112.140039 stage2_scored_candidates=54231864 avg_stage2_scored_candidates=8105.195636 stage2_graph_read_waves=138244 avg_stage2_expansions_per_graph_wave=5.427570 stage2_graph_unique_reads=765335 stage2_graph_prefetch_issued=548291 stage2_graph_prefetch_hits=533285 stage2_graph_prefetch_wasted=15006 stage2_graph_prefetch_promotion_ratio=0.972631 stage2_graph_issue_width_current=16 stage2_vector_read_waves=275840 avg_stage2_scores_per_vector_wave=196.606235 stage2_vector_unique_reads=49801054 stage2_home_rpc_batches=337793 stage2_home_rpc_items=37539436 avg_stage2_home_rpc_batch=111.131480 stage2_home_score_rpc_batches=149326 stage2_home_score_rpc_items=36774101 stage2_home_score_rpc_queries=987888 stage2_home_score_rpc_request_bytes=988588088 stage2_home_score_rpc_response_bytes=1182831272 avg_stage2_home_score_queries_per_rpc=6.615646 avg_stage2_home_score_rpc_batch=246.267234 stage2_home_scored_neighbors=41202938 home_scores_per_expansion=1.097591 stage2_migrations=6131 home_match_rate=0.083695 stage2_final_edges=259149 stage2_cross_edges_stage1_home=222327 stage2_cross_edges_final_home=182999 cross_edge_reduction_ratio=0.176893 failed=0 rpc_timeouts=0 reverse_aggregate_batches=0 reverse_aggregate_logical_requests=0 reverse_aggregate_ops=0 avg_reverse_aggregate_logicals=0.000000 avg_reverse_aggregate_ops=0.000000 max_backlog=8 admission_window=65536 completion_outstanding=0 completion_incomplete=0 completed_behind_hole=0 completion_logical_full_failures=0 completion_physical_full_failures=0 pressure_yields=4119 stage2_batches=1019 avg_stage2_batch_size=6.566241 packing_target_batch=8 packing_admit_queue_avg=6.566241 packing_admit_queue_max=8 packing_batch_1_7=598 packing_batch_8=421 packing_assembly_batches=1019 packing_assembly_wait_ms=20926.372725 packing_arrival_interval_us=3424 packing_waited_batches=598 packing_wait_ms=13342.750000 packing_target_flushes=421 packing_deadline_flushes=598 packing_cleanup_flushes=0 stage2_phase_search_attempts=1019 stage2_phase_search_task_attempts=6691 stage2_phase_search_elapsed_ms=184580.392962 avg_stage2_phase_search_us_per_task=27586.368699 stage2_phase_freeze_prune_attempts=1051 stage2_phase_freeze_prune_task_attempts=6913 stage2_phase_freeze_prune_elapsed_ms=3938.163151 avg_stage2_phase_freeze_prune_us_per_task=569.674982 stage2_phase_reverse_prepare_attempts=1019 stage2_phase_reverse_prepare_task_attempts=6691 stage2_phase_reverse_prepare_elapsed_ms=11012.802991 avg_stage2_phase_reverse_prepare_us_per_task=1645.912867 stage2_phase_placement_authority_attempts=1019 stage2_phase_placement_authority_task_attempts=6691 stage2_phase_placement_authority_elapsed_ms=1620.746527 avg_stage2_phase_placement_authority_us_per_task=242.227847 stage2_phase_completion_handoff_attempts=1019 stage2_phase_completion_handoff_task_attempts=6691 stage2_phase_completion_handoff_elapsed_ms=1.376540 avg_stage2_phase_completion_handoff_us_per_task=0.205730 stage2_phase_finalize_attempts=1019 stage2_phase_finalize_task_attempts=6691 stage2_phase_finalize_elapsed_ms=7.988190 avg_stage2_phase_finalize_us_per_task=1.193871 maintenance_worker_idle_waits=469440 maintenance_worker_idle_ms=139141.868727 maintenance_lost_wake_avoided=139728 maintenance_targeted_wakes=1707023 maintenance_generic_wakes=6690 maintenance_broadcast_wakes=0 maintenance_context_slots_scanned=4927824 maintenance_ready_notifications=620529 maintenance_ready_stale_notifications=0 maintenance_ready_tickets_drained=490743 maintenance_ready_overflow_scans=0 maintenance_ready_fallback_scans=308225 stage2_search_lane_lease_limit=32 stage2_search_lane_lease_peak=16 stage2_search_lane_lease_blocked=0 maintenance_worker_observed_idle_ratio=0.579299 maintenance_worker_observed_busy_ratio=0.420701 physical_stage1_items=6691 physical_stage1_total_ns=29876006368 physical_stage1_search_ns=27966064371 physical_stage1_prune_ns=1231409368 physical_stage1_allocate_write_ns=480053794 physical_stage1_backlink_ns=178793653 physical_stage1_candidates=856154 physical_stage1_remote_frontier_items=36525086 physical_stage1_neighbors=257987 peer_stage1_enqueued=10959 peer_stage1_processed=10959 peer_stage1_items=10678 avg_peer_stage1_items=0.974359 peer_stage1_rate_per_sec=355.651738 peer_stage1_max_queue=5 peer_stage1_active_workers=0 peer_stage2_home_enqueued=83980 peer_stage2_home_processed=83980 peer_stage2_home_items=8517969 avg_peer_stage2_home_items=101.428543 peer_stage2_home_max_queue=12 peer_stage2_home_response_queue_drops=0 peer_stage2_home_response_send_wait_ms=622.811513 avg_peer_stage2_home_queue_wait_us=16.982533 avg_peer_stage2_home_execution_us=47.372019 peer_stage1_release_deferred_batches=291 peer_stage1_release_deferred_items=291 peer_stage1_duplicate_retry_responses=0 peer_stage1_admission_retry_responses=0 peer_stage1_retry_response_drops=0 peer_stage1_admission_waiters=0 peer_stage1_admission_waiter_items=0 peer_stage1_admission_owned_items=0 peer_stage1_admission_wake_coverage=0 peer_stage1_admission_parked=0 peer_stage1_admission_woken=0 peer_stage1_admission_reparked=0 peer_stage1_max_admission_waiters=0 peer_stage1_duplicate_coalesced=0 peer_reverse_enqueued=2944 peer_reverse_processed=2944 peer_reverse_remaining=0 peer_reverse_items_enqueued=51864 peer_reverse_items_processed=51864 peer_reverse_rate_per_sec=1727.432268 peer_reverse_failed=64 peer_reverse_max_queue=6 reclaim_pending=100 reclaim_reused=6031 dynamic_high_watermark=19601804768 stage2_remaining=0 cleanup_remaining=0 active_contexts=0 active_context_limit=32 repair_remaining=0 remaining=0
[STATUS]: storage-owner maintenance observation: enqueued=6691 stage2_enqueued=6691 cleanup_enqueued=0 stage2_tasks_done=6691 stage2_finalized_live=6691 cleanup_processed=0 stale=0 stage2_completion_ratio=1.000000 live_stage2_completion_ratio=1.000000 avg_stage2_delay_ms=228.582297 p99_stage2_delay_upper_ms=512.000000 p99_stage2_delay_over_30s=false stage2_delay_histogram=0,0,0,0,0,0,36,608,3926,2090,31,0,0,0,0,0,0,0 max_stage2_delay_ms=616.446189 compaction_batch_target=32 compaction_max_delay_ms=25.000000 stage2_rate_per_sec=191.033927 stage1_search_budget_exhausted=0 stage2_search_budget_exhausted=0 stage2_continuations=6691 stage2_remote_frontier_items=36525086 avg_stage2_remote_frontier=5458.838141 stage2_remote_expansions=750329 avg_stage2_remote_expansions=112.140039 stage2_scored_candidates=54231864 avg_stage2_scored_candidates=8105.195636 stage2_graph_read_waves=138244 avg_stage2_expansions_per_graph_wave=5.427570 stage2_graph_unique_reads=765335 stage2_graph_prefetch_issued=548291 stage2_graph_prefetch_hits=533285 stage2_graph_prefetch_wasted=15006 stage2_graph_prefetch_promotion_ratio=0.972631 stage2_graph_issue_width_current=16 stage2_vector_read_waves=275840 avg_stage2_scores_per_vector_wave=196.606235 stage2_vector_unique_reads=49801054 stage2_home_rpc_batches=337793 stage2_home_rpc_items=37539436 avg_stage2_home_rpc_batch=111.131480 stage2_home_score_rpc_batches=149326 stage2_home_score_rpc_items=36774101 stage2_home_score_rpc_queries=987888 stage2_home_score_rpc_request_bytes=988588088 stage2_home_score_rpc_response_bytes=1182831272 avg_stage2_home_score_queries_per_rpc=6.615646 avg_stage2_home_score_rpc_batch=246.267234 stage2_home_scored_neighbors=41202938 home_scores_per_expansion=1.097591 stage2_migrations=6131 home_match_rate=0.083695 stage2_final_edges=259149 stage2_cross_edges_stage1_home=222327 stage2_cross_edges_final_home=182999 cross_edge_reduction_ratio=0.176893 failed=0 rpc_timeouts=0 reverse_aggregate_batches=0 reverse_aggregate_logical_requests=0 reverse_aggregate_ops=0 avg_reverse_aggregate_logicals=0.000000 avg_reverse_aggregate_ops=0.000000 max_backlog=8 admission_window=65536 completion_outstanding=0 completion_incomplete=0 completed_behind_hole=0 completion_logical_full_failures=0 completion_physical_full_failures=0 pressure_yields=4119 stage2_batches=1019 avg_stage2_batch_size=6.566241 packing_target_batch=8 packing_admit_queue_avg=6.566241 packing_admit_queue_max=8 packing_batch_1_7=598 packing_batch_8=421 packing_assembly_batches=1019 packing_assembly_wait_ms=20926.372725 packing_arrival_interval_us=3424 packing_waited_batches=598 packing_wait_ms=13342.750000 packing_target_flushes=421 packing_deadline_flushes=598 packing_cleanup_flushes=0 stage2_phase_search_attempts=1019 stage2_phase_search_task_attempts=6691 stage2_phase_search_elapsed_ms=184580.392962 avg_stage2_phase_search_us_per_task=27586.368699 stage2_phase_freeze_prune_attempts=1051 stage2_phase_freeze_prune_task_attempts=6913 stage2_phase_freeze_prune_elapsed_ms=3938.163151 avg_stage2_phase_freeze_prune_us_per_task=569.674982 stage2_phase_reverse_prepare_attempts=1019 stage2_phase_reverse_prepare_task_attempts=6691 stage2_phase_reverse_prepare_elapsed_ms=11012.802991 avg_stage2_phase_reverse_prepare_us_per_task=1645.912867 stage2_phase_placement_authority_attempts=1019 stage2_phase_placement_authority_task_attempts=6691 stage2_phase_placement_authority_elapsed_ms=1620.746527 avg_stage2_phase_placement_authority_us_per_task=242.227847 stage2_phase_completion_handoff_attempts=1019 stage2_phase_completion_handoff_task_attempts=6691 stage2_phase_completion_handoff_elapsed_ms=1.376540 avg_stage2_phase_completion_handoff_us_per_task=0.205730 stage2_phase_finalize_attempts=1019 stage2_phase_finalize_task_attempts=6691 stage2_phase_finalize_elapsed_ms=7.988190 avg_stage2_phase_finalize_us_per_task=1.193871 maintenance_worker_idle_waits=473344 maintenance_worker_idle_ms=178415.539880 maintenance_lost_wake_avoided=139728 maintenance_targeted_wakes=1707023 maintenance_generic_wakes=6690 maintenance_broadcast_wakes=0 maintenance_context_slots_scanned=4990288 maintenance_ready_notifications=620529 maintenance_ready_stale_notifications=0 maintenance_ready_tickets_drained=490743 maintenance_ready_overflow_scans=0 maintenance_ready_fallback_scans=312201 stage2_search_lane_lease_limit=32 stage2_search_lane_lease_peak=16 stage2_search_lane_lease_blocked=0 maintenance_worker_observed_idle_ratio=0.636740 maintenance_worker_observed_busy_ratio=0.363260 physical_stage1_items=6691 physical_stage1_total_ns=29876006368 physical_stage1_search_ns=27966064371 physical_stage1_prune_ns=1231409368 physical_stage1_allocate_write_ns=480053794 physical_stage1_backlink_ns=178793653 physical_stage1_candidates=856154 physical_stage1_remote_frontier_items=36525086 physical_stage1_neighbors=257987 peer_stage1_enqueued=10959 peer_stage1_processed=10959 peer_stage1_items=10678 avg_peer_stage1_items=0.974359 peer_stage1_rate_per_sec=304.866279 peer_stage1_max_queue=5 peer_stage1_active_workers=0 peer_stage2_home_enqueued=83980 peer_stage2_home_processed=83980 peer_stage2_home_items=8517969 avg_peer_stage2_home_items=101.428543 peer_stage2_home_max_queue=12 peer_stage2_home_response_queue_drops=0 peer_stage2_home_response_send_wait_ms=622.811513 avg_peer_stage2_home_queue_wait_us=16.982533 avg_peer_stage2_home_execution_us=47.372019 peer_stage1_release_deferred_batches=291 peer_stage1_release_deferred_items=291 peer_stage1_duplicate_retry_responses=0 peer_stage1_admission_retry_responses=0 peer_stage1_retry_response_drops=0 peer_stage1_admission_waiters=0 peer_stage1_admission_waiter_items=0 peer_stage1_admission_owned_items=0 peer_stage1_admission_wake_coverage=0 peer_stage1_admission_parked=0 peer_stage1_admission_woken=0 peer_stage1_admission_reparked=0 peer_stage1_max_admission_waiters=0 peer_stage1_duplicate_coalesced=0 peer_reverse_enqueued=2944 peer_reverse_processed=2944 peer_reverse_remaining=0 peer_reverse_items_enqueued=51864 peer_reverse_items_processed=51864 peer_reverse_rate_per_sec=1480.762753 peer_reverse_failed=64 peer_reverse_max_queue=6 reclaim_pending=100 reclaim_reused=6031 dynamic_high_watermark=19601804768 stage2_remaining=0 cleanup_remaining=0 active_contexts=0 active_context_limit=32 repair_remaining=0 remaining=0
[STATUS]: storage-owner maintenance observation: enqueued=6691 stage2_enqueued=6691 cleanup_enqueued=0 stage2_tasks_done=6691 stage2_finalized_live=6691 cleanup_processed=0 stale=0 stage2_completion_ratio=1.000000 live_stage2_completion_ratio=1.000000 avg_stage2_delay_ms=228.582297 p99_stage2_delay_upper_ms=512.000000 p99_stage2_delay_over_30s=false stage2_delay_histogram=0,0,0,0,0,0,36,608,3926,2090,31,0,0,0,0,0,0,0 max_stage2_delay_ms=616.446189 compaction_batch_target=32 compaction_max_delay_ms=25.000000 stage2_rate_per_sec=167.167111 stage1_search_budget_exhausted=0 stage2_search_budget_exhausted=0 stage2_continuations=6691 stage2_remote_frontier_items=36525086 avg_stage2_remote_frontier=5458.838141 stage2_remote_expansions=750329 avg_stage2_remote_expansions=112.140039 stage2_scored_candidates=54231864 avg_stage2_scored_candidates=8105.195636 stage2_graph_read_waves=138244 avg_stage2_expansions_per_graph_wave=5.427570 stage2_graph_unique_reads=765335 stage2_graph_prefetch_issued=548291 stage2_graph_prefetch_hits=533285 stage2_graph_prefetch_wasted=15006 stage2_graph_prefetch_promotion_ratio=0.972631 stage2_graph_issue_width_current=16 stage2_vector_read_waves=275840 avg_stage2_scores_per_vector_wave=196.606235 stage2_vector_unique_reads=49801054 stage2_home_rpc_batches=337793 stage2_home_rpc_items=37539436 avg_stage2_home_rpc_batch=111.131480 stage2_home_score_rpc_batches=149326 stage2_home_score_rpc_items=36774101 stage2_home_score_rpc_queries=987888 stage2_home_score_rpc_request_bytes=988588088 stage2_home_score_rpc_response_bytes=1182831272 avg_stage2_home_score_queries_per_rpc=6.615646 avg_stage2_home_score_rpc_batch=246.267234 stage2_home_scored_neighbors=41202938 home_scores_per_expansion=1.097591 stage2_migrations=6131 home_match_rate=0.083695 stage2_final_edges=259149 stage2_cross_edges_stage1_home=222327 stage2_cross_edges_final_home=182999 cross_edge_reduction_ratio=0.176893 failed=0 rpc_timeouts=0 reverse_aggregate_batches=0 reverse_aggregate_logical_requests=0 reverse_aggregate_ops=0 avg_reverse_aggregate_logicals=0.000000 avg_reverse_aggregate_ops=0.000000 max_backlog=8 admission_window=65536 completion_outstanding=0 completion_incomplete=0 completed_behind_hole=0 completion_logical_full_failures=0 completion_physical_full_failures=0 pressure_yields=4119 stage2_batches=1019 avg_stage2_batch_size=6.566241 packing_target_batch=8 packing_admit_queue_avg=6.566241 packing_admit_queue_max=8 packing_batch_1_7=598 packing_batch_8=421 packing_assembly_batches=1019 packing_assembly_wait_ms=20926.372725 packing_arrival_interval_us=3424 packing_waited_batches=598 packing_wait_ms=13342.750000 packing_target_flushes=421 packing_deadline_flushes=598 packing_cleanup_flushes=0 stage2_phase_search_attempts=1019 stage2_phase_search_task_attempts=6691 stage2_phase_search_elapsed_ms=184580.392962 avg_stage2_phase_search_us_per_task=27586.368699 stage2_phase_freeze_prune_attempts=1051 stage2_phase_freeze_prune_task_attempts=6913 stage2_phase_freeze_prune_elapsed_ms=3938.163151 avg_stage2_phase_freeze_prune_us_per_task=569.674982 stage2_phase_reverse_prepare_attempts=1019 stage2_phase_reverse_prepare_task_attempts=6691 stage2_phase_reverse_prepare_elapsed_ms=11012.802991 avg_stage2_phase_reverse_prepare_us_per_task=1645.912867 stage2_phase_placement_authority_attempts=1019 stage2_phase_placement_authority_task_attempts=6691 stage2_phase_placement_authority_elapsed_ms=1620.746527 avg_stage2_phase_placement_authority_us_per_task=242.227847 stage2_phase_completion_handoff_attempts=1019 stage2_phase_completion_handoff_task_attempts=6691 stage2_phase_completion_handoff_elapsed_ms=1.376540 avg_stage2_phase_completion_handoff_us_per_task=0.205730 stage2_phase_finalize_attempts=1019 stage2_phase_finalize_task_attempts=6691 stage2_phase_finalize_elapsed_ms=7.988190 avg_stage2_phase_finalize_us_per_task=1.193871 maintenance_worker_idle_waits=477312 maintenance_worker_idle_ms=218329.740093 maintenance_lost_wake_avoided=139728 maintenance_targeted_wakes=1707023 maintenance_generic_wakes=6690 maintenance_broadcast_wakes=0 maintenance_context_slots_scanned=5053776 maintenance_ready_notifications=620529 maintenance_ready_stale_notifications=0 maintenance_ready_tickets_drained=490743 maintenance_ready_overflow_scans=0 maintenance_ready_fallback_scans=316178 stage2_search_lane_lease_limit=32 stage2_search_lane_lease_peak=16 stage2_search_lane_lease_blocked=0 maintenance_worker_observed_idle_ratio=0.681840 maintenance_worker_observed_busy_ratio=0.318160 physical_stage1_items=6691 physical_stage1_total_ns=29876006368 physical_stage1_search_ns=27966064371 physical_stage1_prune_ns=1231409368 physical_stage1_allocate_write_ns=480053794 physical_stage1_backlink_ns=178793653 physical_stage1_candidates=856154 physical_stage1_remote_frontier_items=36525086 physical_stage1_neighbors=257987 peer_stage1_enqueued=10959 peer_stage1_processed=10959 peer_stage1_items=10678 avg_peer_stage1_items=0.974359 peer_stage1_rate_per_sec=266.777822 peer_stage1_max_queue=5 peer_stage1_active_workers=0 peer_stage2_home_enqueued=83980 peer_stage2_home_processed=83980 peer_stage2_home_items=8517969 avg_peer_stage2_home_items=101.428543 peer_stage2_home_max_queue=12 peer_stage2_home_response_queue_drops=0 peer_stage2_home_response_send_wait_ms=622.811513 avg_peer_stage2_home_queue_wait_us=16.982533 avg_peer_stage2_home_execution_us=47.372019 peer_stage1_release_deferred_batches=291 peer_stage1_release_deferred_items=291 peer_stage1_duplicate_retry_responses=0 peer_stage1_admission_retry_responses=0 peer_stage1_retry_response_drops=0 peer_stage1_admission_waiters=0 peer_stage1_admission_waiter_items=0 peer_stage1_admission_owned_items=0 peer_stage1_admission_wake_coverage=0 peer_stage1_admission_parked=0 peer_stage1_admission_woken=0 peer_stage1_admission_reparked=0 peer_stage1_max_admission_waiters=0 peer_stage1_duplicate_coalesced=0 peer_reverse_enqueued=2944 peer_reverse_processed=2944 peer_reverse_remaining=0 peer_reverse_items_enqueued=51864 peer_reverse_items_processed=51864 peer_reverse_rate_per_sec=1295.763716 peer_reverse_failed=64 peer_reverse_max_queue=6 reclaim_pending=100 reclaim_reused=6031 dynamic_high_watermark=19601804768 stage2_remaining=0 cleanup_remaining=0 active_contexts=0 active_context_limit=32 repair_remaining=0 remaining=0
[STATUS]: storage-owner maintenance observation: enqueued=6691 stage2_enqueued=6691 cleanup_enqueued=0 stage2_tasks_done=6691 stage2_finalized_live=6691 cleanup_processed=0 stale=0 stage2_completion_ratio=1.000000 live_stage2_completion_ratio=1.000000 avg_stage2_delay_ms=228.582297 p99_stage2_delay_upper_ms=512.000000 p99_stage2_delay_over_30s=false stage2_delay_histogram=0,0,0,0,0,0,36,608,3926,2090,31,0,0,0,0,0,0,0 max_stage2_delay_ms=616.446189 compaction_batch_target=32 compaction_max_delay_ms=25.000000 stage2_rate_per_sec=148.594101 stage1_search_budget_exhausted=0 stage2_search_budget_exhausted=0 stage2_continuations=6691 stage2_remote_frontier_items=36525086 avg_stage2_remote_frontier=5458.838141 stage2_remote_expansions=750329 avg_stage2_remote_expansions=112.140039 stage2_scored_candidates=54231864 avg_stage2_scored_candidates=8105.195636 stage2_graph_read_waves=138244 avg_stage2_expansions_per_graph_wave=5.427570 stage2_graph_unique_reads=765335 stage2_graph_prefetch_issued=548291 stage2_graph_prefetch_hits=533285 stage2_graph_prefetch_wasted=15006 stage2_graph_prefetch_promotion_ratio=0.972631 stage2_graph_issue_width_current=16 stage2_vector_read_waves=275840 avg_stage2_scores_per_vector_wave=196.606235 stage2_vector_unique_reads=49801054 stage2_home_rpc_batches=337793 stage2_home_rpc_items=37539436 avg_stage2_home_rpc_batch=111.131480 stage2_home_score_rpc_batches=149326 stage2_home_score_rpc_items=36774101 stage2_home_score_rpc_queries=987888 stage2_home_score_rpc_request_bytes=988588088 stage2_home_score_rpc_response_bytes=1182831272 avg_stage2_home_score_queries_per_rpc=6.615646 avg_stage2_home_score_rpc_batch=246.267234 stage2_home_scored_neighbors=41202938 home_scores_per_expansion=1.097591 stage2_migrations=6131 home_match_rate=0.083695 stage2_final_edges=259149 stage2_cross_edges_stage1_home=222327 stage2_cross_edges_final_home=182999 cross_edge_reduction_ratio=0.176893 failed=0 rpc_timeouts=0 reverse_aggregate_batches=0 reverse_aggregate_logical_requests=0 reverse_aggregate_ops=0 avg_reverse_aggregate_logicals=0.000000 avg_reverse_aggregate_ops=0.000000 max_backlog=8 admission_window=65536 completion_outstanding=0 completion_incomplete=0 completed_behind_hole=0 completion_logical_full_failures=0 completion_physical_full_failures=0 pressure_yields=4119 stage2_batches=1019 avg_stage2_batch_size=6.566241 packing_target_batch=8 packing_admit_queue_avg=6.566241 packing_admit_queue_max=8 packing_batch_1_7=598 packing_batch_8=421 packing_assembly_batches=1019 packing_assembly_wait_ms=20926.372725 packing_arrival_interval_us=3424 packing_waited_batches=598 packing_wait_ms=13342.750000 packing_target_flushes=421 packing_deadline_flushes=598 packing_cleanup_flushes=0 stage2_phase_search_attempts=1019 stage2_phase_search_task_attempts=6691 stage2_phase_search_elapsed_ms=184580.392962 avg_stage2_phase_search_us_per_task=27586.368699 stage2_phase_freeze_prune_attempts=1051 stage2_phase_freeze_prune_task_attempts=6913 stage2_phase_freeze_prune_elapsed_ms=3938.163151 avg_stage2_phase_freeze_prune_us_per_task=569.674982 stage2_phase_reverse_prepare_attempts=1019 stage2_phase_reverse_prepare_task_attempts=6691 stage2_phase_reverse_prepare_elapsed_ms=11012.802991 avg_stage2_phase_reverse_prepare_us_per_task=1645.912867 stage2_phase_placement_authority_attempts=1019 stage2_phase_placement_authority_task_attempts=6691 stage2_phase_placement_authority_elapsed_ms=1620.746527 avg_stage2_phase_placement_authority_us_per_task=242.227847 stage2_phase_completion_handoff_attempts=1019 stage2_phase_completion_handoff_task_attempts=6691 stage2_phase_completion_handoff_elapsed_ms=1.376540 avg_stage2_phase_completion_handoff_us_per_task=0.205730 stage2_phase_finalize_attempts=1019 stage2_phase_finalize_task_attempts=6691 stage2_phase_finalize_elapsed_ms=7.988190 avg_stage2_phase_finalize_us_per_task=1.193871 maintenance_worker_idle_waits=481344 maintenance_worker_idle_ms=258886.914390 maintenance_lost_wake_avoided=139728 maintenance_targeted_wakes=1707023 maintenance_generic_wakes=6690 maintenance_broadcast_wakes=0 maintenance_context_slots_scanned=5118288 maintenance_ready_notifications=620529 maintenance_ready_stale_notifications=0 maintenance_ready_tickets_drained=490743 maintenance_ready_overflow_scans=0 maintenance_ready_fallback_scans=320155 stage2_search_lane_lease_limit=32 stage2_search_lane_lease_peak=16 stage2_search_lane_lease_blocked=0 maintenance_worker_observed_idle_ratio=0.718672 maintenance_worker_observed_busy_ratio=0.281328 physical_stage1_items=6691 physical_stage1_total_ns=29876006368 physical_stage1_search_ns=27966064371 physical_stage1_prune_ns=1231409368 physical_stage1_allocate_write_ns=480053794 physical_stage1_backlink_ns=178793653 physical_stage1_candidates=856154 physical_stage1_remote_frontier_items=36525086 physical_stage1_neighbors=257987 peer_stage1_enqueued=10959 peer_stage1_processed=10959 peer_stage1_items=10678 avg_peer_stage1_items=0.974359 peer_stage1_rate_per_sec=237.137620 peer_stage1_max_queue=5 peer_stage1_active_workers=0 peer_stage2_home_enqueued=83980 peer_stage2_home_processed=83980 peer_stage2_home_items=8517969 avg_peer_stage2_home_items=101.428543 peer_stage2_home_max_queue=12 peer_stage2_home_response_queue_drops=0 peer_stage2_home_response_send_wait_ms=622.811513 avg_peer_stage2_home_queue_wait_us=16.982533 avg_peer_stage2_home_execution_us=47.372019 peer_stage1_release_deferred_batches=291 peer_stage1_release_deferred_items=291 peer_stage1_duplicate_retry_responses=0 peer_stage1_admission_retry_responses=0 peer_stage1_retry_response_drops=0 peer_stage1_admission_waiters=0 peer_stage1_admission_waiter_items=0 peer_stage1_admission_owned_items=0 peer_stage1_admission_wake_coverage=0 peer_stage1_admission_parked=0 peer_stage1_admission_woken=0 peer_stage1_admission_reparked=0 peer_stage1_max_admission_waiters=0 peer_stage1_duplicate_coalesced=0 peer_reverse_enqueued=2944 peer_reverse_processed=2944 peer_reverse_remaining=0 peer_reverse_items_enqueued=51864 peer_reverse_items_processed=51864 peer_reverse_rate_per_sec=1151.798607 peer_reverse_failed=64 peer_reverse_max_queue=6 reclaim_pending=100 reclaim_reused=6031 dynamic_high_watermark=19601804768 stage2_remaining=0 cleanup_remaining=0 active_contexts=0 active_context_limit=32 repair_remaining=0 remaining=0
[STATUS]: storage-owner maintenance observation: enqueued=6691 stage2_enqueued=6691 cleanup_enqueued=0 stage2_tasks_done=6691 stage2_finalized_live=6691 cleanup_processed=0 stale=0 stage2_completion_ratio=1.000000 live_stage2_completion_ratio=1.000000 avg_stage2_delay_ms=228.582297 p99_stage2_delay_upper_ms=512.000000 p99_stage2_delay_over_30s=false stage2_delay_histogram=0,0,0,0,0,0,36,608,3926,2090,31,0,0,0,0,0,0,0 max_stage2_delay_ms=616.446189 compaction_batch_target=32 compaction_max_delay_ms=25.000000 stage2_rate_per_sec=133.740601 stage1_search_budget_exhausted=0 stage2_search_budget_exhausted=0 stage2_continuations=6691 stage2_remote_frontier_items=36525086 avg_stage2_remote_frontier=5458.838141 stage2_remote_expansions=750329 avg_stage2_remote_expansions=112.140039 stage2_scored_candidates=54231864 avg_stage2_scored_candidates=8105.195636 stage2_graph_read_waves=138244 avg_stage2_expansions_per_graph_wave=5.427570 stage2_graph_unique_reads=765335 stage2_graph_prefetch_issued=548291 stage2_graph_prefetch_hits=533285 stage2_graph_prefetch_wasted=15006 stage2_graph_prefetch_promotion_ratio=0.972631 stage2_graph_issue_width_current=16 stage2_vector_read_waves=275840 avg_stage2_scores_per_vector_wave=196.606235 stage2_vector_unique_reads=49801054 stage2_home_rpc_batches=337793 stage2_home_rpc_items=37539436 avg_stage2_home_rpc_batch=111.131480 stage2_home_score_rpc_batches=149326 stage2_home_score_rpc_items=36774101 stage2_home_score_rpc_queries=987888 stage2_home_score_rpc_request_bytes=988588088 stage2_home_score_rpc_response_bytes=1182831272 avg_stage2_home_score_queries_per_rpc=6.615646 avg_stage2_home_score_rpc_batch=246.267234 stage2_home_scored_neighbors=41202938 home_scores_per_expansion=1.097591 stage2_migrations=6131 home_match_rate=0.083695 stage2_final_edges=259149 stage2_cross_edges_stage1_home=222327 stage2_cross_edges_final_home=182999 cross_edge_reduction_ratio=0.176893 failed=0 rpc_timeouts=0 reverse_aggregate_batches=0 reverse_aggregate_logical_requests=0 reverse_aggregate_ops=0 avg_reverse_aggregate_logicals=0.000000 avg_reverse_aggregate_ops=0.000000 max_backlog=8 admission_window=65536 completion_outstanding=0 completion_incomplete=0 completed_behind_hole=0 completion_logical_full_failures=0 completion_physical_full_failures=0 pressure_yields=4119 stage2_batches=1019 avg_stage2_batch_size=6.566241 packing_target_batch=8 packing_admit_queue_avg=6.566241 packing_admit_queue_max=8 packing_batch_1_7=598 packing_batch_8=421 packing_assembly_batches=1019 packing_assembly_wait_ms=20926.372725 packing_arrival_interval_us=3424 packing_waited_batches=598 packing_wait_ms=13342.750000 packing_target_flushes=421 packing_deadline_flushes=598 packing_cleanup_flushes=0 stage2_phase_search_attempts=1019 stage2_phase_search_task_attempts=6691 stage2_phase_search_elapsed_ms=184580.392962 avg_stage2_phase_search_us_per_task=27586.368699 stage2_phase_freeze_prune_attempts=1051 stage2_phase_freeze_prune_task_attempts=6913 stage2_phase_freeze_prune_elapsed_ms=3938.163151 avg_stage2_phase_freeze_prune_us_per_task=569.674982 stage2_phase_reverse_prepare_attempts=1019 stage2_phase_reverse_prepare_task_attempts=6691 stage2_phase_reverse_prepare_elapsed_ms=11012.802991 avg_stage2_phase_reverse_prepare_us_per_task=1645.912867 stage2_phase_placement_authority_attempts=1019 stage2_phase_placement_authority_task_attempts=6691 stage2_phase_placement_authority_elapsed_ms=1620.746527 avg_stage2_phase_placement_authority_us_per_task=242.227847 stage2_phase_completion_handoff_attempts=1019 stage2_phase_completion_handoff_task_attempts=6691 stage2_phase_completion_handoff_elapsed_ms=1.376540 avg_stage2_phase_completion_handoff_us_per_task=0.205730 stage2_phase_finalize_attempts=1019 stage2_phase_finalize_task_attempts=6691 stage2_phase_finalize_elapsed_ms=7.988190 avg_stage2_phase_finalize_us_per_task=1.193871 maintenance_worker_idle_waits=485376 maintenance_worker_idle_ms=299446.450528 maintenance_lost_wake_avoided=139728 maintenance_targeted_wakes=1707023 maintenance_generic_wakes=6690 maintenance_broadcast_wakes=0 maintenance_context_slots_scanned=5182800 maintenance_ready_notifications=620529 maintenance_ready_stale_notifications=0 maintenance_ready_tickets_drained=490743 maintenance_ready_overflow_scans=0 maintenance_ready_fallback_scans=324132 stage2_search_lane_lease_limit=32 stage2_search_lane_lease_peak=16 stage2_search_lane_lease_blocked=0 maintenance_worker_observed_idle_ratio=0.748172 maintenance_worker_observed_busy_ratio=0.251828 physical_stage1_items=6691 physical_stage1_total_ns=29876006368 physical_stage1_search_ns=27966064371 physical_stage1_prune_ns=1231409368 physical_stage1_allocate_write_ns=480053794 physical_stage1_backlink_ns=178793653 physical_stage1_candidates=856154 physical_stage1_remote_frontier_items=36525086 physical_stage1_neighbors=257987 peer_stage1_enqueued=10959 peer_stage1_processed=10959 peer_stage1_items=10678 avg_peer_stage1_items=0.974359 peer_stage1_rate_per_sec=213.433289 peer_stage1_max_queue=5 peer_stage1_active_workers=0 peer_stage2_home_enqueued=83980 peer_stage2_home_processed=83980 peer_stage2_home_items=8517969 avg_peer_stage2_home_items=101.428543 peer_stage2_home_max_queue=12 peer_stage2_home_response_queue_drops=0 peer_stage2_home_response_send_wait_ms=622.811513 avg_peer_stage2_home_queue_wait_us=16.982533 avg_peer_stage2_home_execution_us=47.372019 peer_stage1_release_deferred_batches=291 peer_stage1_release_deferred_items=291 peer_stage1_duplicate_retry_responses=0 peer_stage1_admission_retry_responses=0 peer_stage1_retry_response_drops=0 peer_stage1_admission_waiters=0 peer_stage1_admission_waiter_items=0 peer_stage1_admission_owned_items=0 peer_stage1_admission_wake_coverage=0 peer_stage1_admission_parked=0 peer_stage1_admission_woken=0 peer_stage1_admission_reparked=0 peer_stage1_max_admission_waiters=0 peer_stage1_duplicate_coalesced=0 peer_reverse_enqueued=2944 peer_reverse_processed=2944 peer_reverse_remaining=0 peer_reverse_items_enqueued=51864 peer_reverse_items_processed=51864 peer_reverse_rate_per_sec=1036.664553 peer_reverse_failed=64 peer_reverse_max_queue=6 reclaim_pending=100 reclaim_reused=6031 dynamic_high_watermark=19601804768 stage2_remaining=0 cleanup_remaining=0 active_contexts=0 active_context_limit=32 repair_remaining=0 remaining=0
[STATUS]: storage-owner maintenance observation: enqueued=6691 stage2_enqueued=6691 cleanup_enqueued=0 stage2_tasks_done=6691 stage2_finalized_live=6691 cleanup_processed=0 stale=0 stage2_completion_ratio=1.000000 live_stage2_completion_ratio=1.000000 avg_stage2_delay_ms=228.582297 p99_stage2_delay_upper_ms=512.000000 p99_stage2_delay_over_30s=false stage2_delay_histogram=0,0,0,0,0,0,36,608,3926,2090,31,0,0,0,0,0,0,0 max_stage2_delay_ms=616.446189 compaction_batch_target=32 compaction_max_delay_ms=25.000000 stage2_rate_per_sec=121.583070 stage1_search_budget_exhausted=0 stage2_search_budget_exhausted=0 stage2_continuations=6691 stage2_remote_frontier_items=36525086 avg_stage2_remote_frontier=5458.838141 stage2_remote_expansions=750329 avg_stage2_remote_expansions=112.140039 stage2_scored_candidates=54231864 avg_stage2_scored_candidates=8105.195636 stage2_graph_read_waves=138244 avg_stage2_expansions_per_graph_wave=5.427570 stage2_graph_unique_reads=765335 stage2_graph_prefetch_issued=548291 stage2_graph_prefetch_hits=533285 stage2_graph_prefetch_wasted=15006 stage2_graph_prefetch_promotion_ratio=0.972631 stage2_graph_issue_width_current=16 stage2_vector_read_waves=275840 avg_stage2_scores_per_vector_wave=196.606235 stage2_vector_unique_reads=49801054 stage2_home_rpc_batches=337793 stage2_home_rpc_items=37539436 avg_stage2_home_rpc_batch=111.131480 stage2_home_score_rpc_batches=149326 stage2_home_score_rpc_items=36774101 stage2_home_score_rpc_queries=987888 stage2_home_score_rpc_request_bytes=988588088 stage2_home_score_rpc_response_bytes=1182831272 avg_stage2_home_score_queries_per_rpc=6.615646 avg_stage2_home_score_rpc_batch=246.267234 stage2_home_scored_neighbors=41202938 home_scores_per_expansion=1.097591 stage2_migrations=6131 home_match_rate=0.083695 stage2_final_edges=259149 stage2_cross_edges_stage1_home=222327 stage2_cross_edges_final_home=182999 cross_edge_reduction_ratio=0.176893 failed=0 rpc_timeouts=0 reverse_aggregate_batches=0 reverse_aggregate_logical_requests=0 reverse_aggregate_ops=0 avg_reverse_aggregate_logicals=0.000000 avg_reverse_aggregate_ops=0.000000 max_backlog=8 admission_window=65536 completion_outstanding=0 completion_incomplete=0 completed_behind_hole=0 completion_logical_full_failures=0 completion_physical_full_failures=0 pressure_yields=4119 stage2_batches=1019 avg_stage2_batch_size=6.566241 packing_target_batch=8 packing_admit_queue_avg=6.566241 packing_admit_queue_max=8 packing_batch_1_7=598 packing_batch_8=421 packing_assembly_batches=1019 packing_assembly_wait_ms=20926.372725 packing_arrival_interval_us=3424 packing_waited_batches=598 packing_wait_ms=13342.750000 packing_target_flushes=421 packing_deadline_flushes=598 packing_cleanup_flushes=0 stage2_phase_search_attempts=1019 stage2_phase_search_task_attempts=6691 stage2_phase_search_elapsed_ms=184580.392962 avg_stage2_phase_search_us_per_task=27586.368699 stage2_phase_freeze_prune_attempts=1051 stage2_phase_freeze_prune_task_attempts=6913 stage2_phase_freeze_prune_elapsed_ms=3938.163151 avg_stage2_phase_freeze_prune_us_per_task=569.674982 stage2_phase_reverse_prepare_attempts=1019 stage2_phase_reverse_prepare_task_attempts=6691 stage2_phase_reverse_prepare_elapsed_ms=11012.802991 avg_stage2_phase_reverse_prepare_us_per_task=1645.912867 stage2_phase_placement_authority_attempts=1019 stage2_phase_placement_authority_task_attempts=6691 stage2_phase_placement_authority_elapsed_ms=1620.746527 avg_stage2_phase_placement_authority_us_per_task=242.227847 stage2_phase_completion_handoff_attempts=1019 stage2_phase_completion_handoff_task_attempts=6691 stage2_phase_completion_handoff_elapsed_ms=1.376540 avg_stage2_phase_completion_handoff_us_per_task=0.205730 stage2_phase_finalize_attempts=1019 stage2_phase_finalize_task_attempts=6691 stage2_phase_finalize_elapsed_ms=7.988190 avg_stage2_phase_finalize_us_per_task=1.193871 maintenance_worker_idle_waits=489344 maintenance_worker_idle_ms=339359.005093 maintenance_lost_wake_avoided=139728 maintenance_targeted_wakes=1707023 maintenance_generic_wakes=6690 maintenance_broadcast_wakes=0 maintenance_context_slots_scanned=5246288 maintenance_ready_notifications=620529 maintenance_ready_stale_notifications=0 maintenance_ready_tickets_drained=490743 maintenance_ready_overflow_scans=0 maintenance_ready_fallback_scans=328108 stage2_search_lane_lease_limit=32 stage2_search_lane_lease_peak=16 stage2_search_lane_lease_blocked=0 maintenance_worker_observed_idle_ratio=0.770817 maintenance_worker_observed_busy_ratio=0.229183 physical_stage1_items=6691 physical_stage1_total_ns=29876006368 physical_stage1_search_ns=27966064371 physical_stage1_prune_ns=1231409368 physical_stage1_allocate_write_ns=480053794 physical_stage1_backlink_ns=178793653 physical_stage1_candidates=856154 physical_stage1_remote_frontier_items=36525086 physical_stage1_neighbors=257987 peer_stage1_enqueued=10959 peer_stage1_processed=10959 peer_stage1_items=10678 avg_peer_stage1_items=0.974359 peer_stage1_rate_per_sec=194.031389 peer_stage1_max_queue=5 peer_stage1_active_workers=0 peer_stage2_home_enqueued=83980 peer_stage2_home_processed=83980 peer_stage2_home_items=8517969 avg_peer_stage2_home_items=101.428543 peer_stage2_home_max_queue=12 peer_stage2_home_response_queue_drops=0 peer_stage2_home_response_send_wait_ms=622.811513 avg_peer_stage2_home_queue_wait_us=16.982533 avg_peer_stage2_home_execution_us=47.372019 peer_stage1_release_deferred_batches=291 peer_stage1_release_deferred_items=291 peer_stage1_duplicate_retry_responses=0 peer_stage1_admission_retry_responses=0 peer_stage1_retry_response_drops=0 peer_stage1_admission_waiters=0 peer_stage1_admission_waiter_items=0 peer_stage1_admission_owned_items=0 peer_stage1_admission_wake_coverage=0 peer_stage1_admission_parked=0 peer_stage1_admission_woken=0 peer_stage1_admission_reparked=0 peer_stage1_max_admission_waiters=0 peer_stage1_duplicate_coalesced=0 peer_reverse_enqueued=2944 peer_reverse_processed=2944 peer_reverse_remaining=0 peer_reverse_items_enqueued=51864 peer_reverse_items_processed=51864 peer_reverse_rate_per_sec=942.427789 peer_reverse_failed=64 peer_reverse_max_queue=6 reclaim_pending=100 reclaim_reused=6031 dynamic_high_watermark=19601804768 stage2_remaining=0 cleanup_remaining=0 active_contexts=0 active_context_limit=32 repair_remaining=0 remaining=0
[STATUS]: storage-owner maintenance observation: enqueued=6691 stage2_enqueued=6691 cleanup_enqueued=0 stage2_tasks_done=6691 stage2_finalized_live=6691 cleanup_processed=0 stale=0 stage2_completion_ratio=1.000000 live_stage2_completion_ratio=1.000000 avg_stage2_delay_ms=228.582297 p99_stage2_delay_upper_ms=512.000000 p99_stage2_delay_over_30s=false stage2_delay_histogram=0,0,0,0,0,0,36,608,3926,2090,31,0,0,0,0,0,0,0 max_stage2_delay_ms=616.446189 compaction_batch_target=32 compaction_max_delay_ms=25.000000 stage2_rate_per_sec=111.456125 stage1_search_budget_exhausted=0 stage2_search_budget_exhausted=0 stage2_continuations=6691 stage2_remote_frontier_items=36525086 avg_stage2_remote_frontier=5458.838141 stage2_remote_expansions=750329 avg_stage2_remote_expansions=112.140039 stage2_scored_candidates=54231864 avg_stage2_scored_candidates=8105.195636 stage2_graph_read_waves=138244 avg_stage2_expansions_per_graph_wave=5.427570 stage2_graph_unique_reads=765335 stage2_graph_prefetch_issued=548291 stage2_graph_prefetch_hits=533285 stage2_graph_prefetch_wasted=15006 stage2_graph_prefetch_promotion_ratio=0.972631 stage2_graph_issue_width_current=16 stage2_vector_read_waves=275840 avg_stage2_scores_per_vector_wave=196.606235 stage2_vector_unique_reads=49801054 stage2_home_rpc_batches=337793 stage2_home_rpc_items=37539436 avg_stage2_home_rpc_batch=111.131480 stage2_home_score_rpc_batches=149326 stage2_home_score_rpc_items=36774101 stage2_home_score_rpc_queries=987888 stage2_home_score_rpc_request_bytes=988588088 stage2_home_score_rpc_response_bytes=1182831272 avg_stage2_home_score_queries_per_rpc=6.615646 avg_stage2_home_score_rpc_batch=246.267234 stage2_home_scored_neighbors=41202938 home_scores_per_expansion=1.097591 stage2_migrations=6131 home_match_rate=0.083695 stage2_final_edges=259149 stage2_cross_edges_stage1_home=222327 stage2_cross_edges_final_home=182999 cross_edge_reduction_ratio=0.176893 failed=0 rpc_timeouts=0 reverse_aggregate_batches=0 reverse_aggregate_logical_requests=0 reverse_aggregate_ops=0 avg_reverse_aggregate_logicals=0.000000 avg_reverse_aggregate_ops=0.000000 max_backlog=8 admission_window=65536 completion_outstanding=0 completion_incomplete=0 completed_behind_hole=0 completion_logical_full_failures=0 completion_physical_full_failures=0 pressure_yields=4119 stage2_batches=1019 avg_stage2_batch_size=6.566241 packing_target_batch=8 packing_admit_queue_avg=6.566241 packing_admit_queue_max=8 packing_batch_1_7=598 packing_batch_8=421 packing_assembly_batches=1019 packing_assembly_wait_ms=20926.372725 packing_arrival_interval_us=3424 packing_waited_batches=598 packing_wait_ms=13342.750000 packing_target_flushes=421 packing_deadline_flushes=598 packing_cleanup_flushes=0 stage2_phase_search_attempts=1019 stage2_phase_search_task_attempts=6691 stage2_phase_search_elapsed_ms=184580.392962 avg_stage2_phase_search_us_per_task=27586.368699 stage2_phase_freeze_prune_attempts=1051 stage2_phase_freeze_prune_task_attempts=6913 stage2_phase_freeze_prune_elapsed_ms=3938.163151 avg_stage2_phase_freeze_prune_us_per_task=569.674982 stage2_phase_reverse_prepare_attempts=1019 stage2_phase_reverse_prepare_task_attempts=6691 stage2_phase_reverse_prepare_elapsed_ms=11012.802991 avg_stage2_phase_reverse_prepare_us_per_task=1645.912867 stage2_phase_placement_authority_attempts=1019 stage2_phase_placement_authority_task_attempts=6691 stage2_phase_placement_authority_elapsed_ms=1620.746527 avg_stage2_phase_placement_authority_us_per_task=242.227847 stage2_phase_completion_handoff_attempts=1019 stage2_phase_completion_handoff_task_attempts=6691 stage2_phase_completion_handoff_elapsed_ms=1.376540 avg_stage2_phase_completion_handoff_us_per_task=0.205730 stage2_phase_finalize_attempts=1019 stage2_phase_finalize_task_attempts=6691 stage2_phase_finalize_elapsed_ms=7.988190 avg_stage2_phase_finalize_us_per_task=1.193871 maintenance_worker_idle_waits=493312 maintenance_worker_idle_ms=379271.484937 maintenance_lost_wake_avoided=139728 maintenance_targeted_wakes=1707023 maintenance_generic_wakes=6690 maintenance_broadcast_wakes=0 maintenance_context_slots_scanned=5309776 maintenance_ready_notifications=620529 maintenance_ready_stale_notifications=0 maintenance_ready_tickets_drained=490743 maintenance_ready_overflow_scans=0 maintenance_ready_fallback_scans=332084 stage2_search_lane_lease_limit=32 stage2_search_lane_lease_peak=16 stage2_search_lane_lease_blocked=0 maintenance_worker_observed_idle_ratio=0.789720 maintenance_worker_observed_busy_ratio=0.210280 physical_stage1_items=6691 physical_stage1_total_ns=29876006368 physical_stage1_search_ns=27966064371 physical_stage1_prune_ns=1231409368 physical_stage1_allocate_write_ns=480053794 physical_stage1_backlink_ns=178793653 physical_stage1_candidates=856154 physical_stage1_remote_frontier_items=36525086 physical_stage1_neighbors=257987 peer_stage1_enqueued=10959 peer_stage1_processed=10959 peer_stage1_items=10678 avg_peer_stage1_items=0.974359 peer_stage1_rate_per_sec=177.870049 peer_stage1_max_queue=5 peer_stage1_active_workers=0 peer_stage2_home_enqueued=83980 peer_stage2_home_processed=83980 peer_stage2_home_items=8517969 avg_peer_stage2_home_items=101.428543 peer_stage2_home_max_queue=12 peer_stage2_home_response_queue_drops=0 peer_stage2_home_response_send_wait_ms=622.811513 avg_peer_stage2_home_queue_wait_us=16.982533 avg_peer_stage2_home_execution_us=47.372019 peer_stage1_release_deferred_batches=291 peer_stage1_release_deferred_items=291 peer_stage1_duplicate_retry_responses=0 peer_stage1_admission_retry_responses=0 peer_stage1_retry_response_drops=0 peer_stage1_admission_waiters=0 peer_stage1_admission_waiter_items=0 peer_stage1_admission_owned_items=0 peer_stage1_admission_wake_coverage=0 peer_stage1_admission_parked=0 peer_stage1_admission_woken=0 peer_stage1_admission_reparked=0 peer_stage1_max_admission_waiters=0 peer_stage1_duplicate_coalesced=0 peer_reverse_enqueued=2944 peer_reverse_processed=2944 peer_reverse_remaining=0 peer_reverse_items_enqueued=51864 peer_reverse_items_processed=51864 peer_reverse_rate_per_sec=863.930719 peer_reverse_failed=64 peer_reverse_max_queue=6 reclaim_pending=100 reclaim_reused=6031 dynamic_high_watermark=19601804768 stage2_remaining=0 cleanup_remaining=0 active_contexts=0 active_context_limit=32 repair_remaining=0 remaining=0
[STATUS]: storage-owner maintenance observation: enqueued=6691 stage2_enqueued=6691 cleanup_enqueued=0 stage2_tasks_done=6691 stage2_finalized_live=6691 cleanup_processed=0 stale=0 stage2_completion_ratio=1.000000 live_stage2_completion_ratio=1.000000 avg_stage2_delay_ms=228.582297 p99_stage2_delay_upper_ms=512.000000 p99_stage2_delay_over_30s=false stage2_delay_histogram=0,0,0,0,0,0,36,608,3926,2090,31,0,0,0,0,0,0,0 max_stage2_delay_ms=616.446189 compaction_batch_target=32 compaction_max_delay_ms=25.000000 stage2_rate_per_sec=102.886662 stage1_search_budget_exhausted=0 stage2_search_budget_exhausted=0 stage2_continuations=6691 stage2_remote_frontier_items=36525086 avg_stage2_remote_frontier=5458.838141 stage2_remote_expansions=750329 avg_stage2_remote_expansions=112.140039 stage2_scored_candidates=54231864 avg_stage2_scored_candidates=8105.195636 stage2_graph_read_waves=138244 avg_stage2_expansions_per_graph_wave=5.427570 stage2_graph_unique_reads=765335 stage2_graph_prefetch_issued=548291 stage2_graph_prefetch_hits=533285 stage2_graph_prefetch_wasted=15006 stage2_graph_prefetch_promotion_ratio=0.972631 stage2_graph_issue_width_current=16 stage2_vector_read_waves=275840 avg_stage2_scores_per_vector_wave=196.606235 stage2_vector_unique_reads=49801054 stage2_home_rpc_batches=337793 stage2_home_rpc_items=37539436 avg_stage2_home_rpc_batch=111.131480 stage2_home_score_rpc_batches=149326 stage2_home_score_rpc_items=36774101 stage2_home_score_rpc_queries=987888 stage2_home_score_rpc_request_bytes=988588088 stage2_home_score_rpc_response_bytes=1182831272 avg_stage2_home_score_queries_per_rpc=6.615646 avg_stage2_home_score_rpc_batch=246.267234 stage2_home_scored_neighbors=41202938 home_scores_per_expansion=1.097591 stage2_migrations=6131 home_match_rate=0.083695 stage2_final_edges=259149 stage2_cross_edges_stage1_home=222327 stage2_cross_edges_final_home=182999 cross_edge_reduction_ratio=0.176893 failed=0 rpc_timeouts=0 reverse_aggregate_batches=0 reverse_aggregate_logical_requests=0 reverse_aggregate_ops=0 avg_reverse_aggregate_logicals=0.000000 avg_reverse_aggregate_ops=0.000000 max_backlog=8 admission_window=65536 completion_outstanding=0 completion_incomplete=0 completed_behind_hole=0 completion_logical_full_failures=0 completion_physical_full_failures=0 pressure_yields=4119 stage2_batches=1019 avg_stage2_batch_size=6.566241 packing_target_batch=8 packing_admit_queue_avg=6.566241 packing_admit_queue_max=8 packing_batch_1_7=598 packing_batch_8=421 packing_assembly_batches=1019 packing_assembly_wait_ms=20926.372725 packing_arrival_interval_us=3424 packing_waited_batches=598 packing_wait_ms=13342.750000 packing_target_flushes=421 packing_deadline_flushes=598 packing_cleanup_flushes=0 stage2_phase_search_attempts=1019 stage2_phase_search_task_attempts=6691 stage2_phase_search_elapsed_ms=184580.392962 avg_stage2_phase_search_us_per_task=27586.368699 stage2_phase_freeze_prune_attempts=1051 stage2_phase_freeze_prune_task_attempts=6913 stage2_phase_freeze_prune_elapsed_ms=3938.163151 avg_stage2_phase_freeze_prune_us_per_task=569.674982 stage2_phase_reverse_prepare_attempts=1019 stage2_phase_reverse_prepare_task_attempts=6691 stage2_phase_reverse_prepare_elapsed_ms=11012.802991 avg_stage2_phase_reverse_prepare_us_per_task=1645.912867 stage2_phase_placement_authority_attempts=1019 stage2_phase_placement_authority_task_attempts=6691 stage2_phase_placement_authority_elapsed_ms=1620.746527 avg_stage2_phase_placement_authority_us_per_task=242.227847 stage2_phase_completion_handoff_attempts=1019 stage2_phase_completion_handoff_task_attempts=6691 stage2_phase_completion_handoff_elapsed_ms=1.376540 avg_stage2_phase_completion_handoff_us_per_task=0.205730 stage2_phase_finalize_attempts=1019 stage2_phase_finalize_task_attempts=6691 stage2_phase_finalize_elapsed_ms=7.988190 avg_stage2_phase_finalize_us_per_task=1.193871 maintenance_worker_idle_waits=497216 maintenance_worker_idle_ms=418540.255320 maintenance_lost_wake_avoided=139728 maintenance_targeted_wakes=1707023 maintenance_generic_wakes=6690 maintenance_broadcast_wakes=0 maintenance_context_slots_scanned=5372240 maintenance_ready_notifications=620529 maintenance_ready_stale_notifications=0 maintenance_ready_tickets_drained=490743 maintenance_ready_overflow_scans=0 maintenance_ready_fallback_scans=336061 stage2_search_lane_lease_limit=32 stage2_search_lane_lease_peak=16 stage2_search_lane_lease_blocked=0 maintenance_worker_observed_idle_ratio=0.804480 maintenance_worker_observed_busy_ratio=0.195520 physical_stage1_items=6691 physical_stage1_total_ns=29876006368 physical_stage1_search_ns=27966064371 physical_stage1_prune_ns=1231409368 physical_stage1_allocate_write_ns=480053794 physical_stage1_backlink_ns=178793653 physical_stage1_candidates=856154 physical_stage1_remote_frontier_items=36525086 physical_stage1_neighbors=257987 peer_stage1_enqueued=10959 peer_stage1_processed=10959 peer_stage1_items=10678 avg_peer_stage1_items=0.974359 peer_stage1_rate_per_sec=164.194258 peer_stage1_max_queue=5 peer_stage1_active_workers=0 peer_stage2_home_enqueued=83980 peer_stage2_home_processed=83980 peer_stage2_home_items=8517969 avg_peer_stage2_home_items=101.428543 peer_stage2_home_max_queue=12 peer_stage2_home_response_queue_drops=0 peer_stage2_home_response_send_wait_ms=622.811513 avg_peer_stage2_home_queue_wait_us=16.982533 avg_peer_stage2_home_execution_us=47.372019 peer_stage1_release_deferred_batches=291 peer_stage1_release_deferred_items=291 peer_stage1_duplicate_retry_responses=0 peer_stage1_admission_retry_responses=0 peer_stage1_retry_response_drops=0 peer_stage1_admission_waiters=0 peer_stage1_admission_waiter_items=0 peer_stage1_admission_owned_items=0 peer_stage1_admission_wake_coverage=0 peer_stage1_admission_parked=0 peer_stage1_admission_woken=0 peer_stage1_admission_reparked=0 peer_stage1_max_admission_waiters=0 peer_stage1_duplicate_coalesced=0 peer_reverse_enqueued=2944 peer_reverse_processed=2944 peer_reverse_remaining=0 peer_reverse_items_enqueued=51864 peer_reverse_items_processed=51864 peer_reverse_rate_per_sec=797.506180 peer_reverse_failed=64 peer_reverse_max_queue=6 reclaim_pending=100 reclaim_reused=6031 dynamic_high_watermark=19601804768 stage2_remaining=0 cleanup_remaining=0 active_contexts=0 active_context_limit=32 repair_remaining=0 remaining=0
[STATUS]: storage-owner maintenance observation: enqueued=6691 stage2_enqueued=6691 cleanup_enqueued=0 stage2_tasks_done=6691 stage2_finalized_live=6691 cleanup_processed=0 stale=0 stage2_completion_ratio=1.000000 live_stage2_completion_ratio=1.000000 avg_stage2_delay_ms=228.582297 p99_stage2_delay_upper_ms=512.000000 p99_stage2_delay_over_30s=false stage2_delay_histogram=0,0,0,0,0,0,36,608,3926,2090,31,0,0,0,0,0,0,0 max_stage2_delay_ms=616.446189 compaction_batch_target=32 compaction_max_delay_ms=25.000000 stage2_rate_per_sec=95.540909 stage1_search_budget_exhausted=0 stage2_search_budget_exhausted=0 stage2_continuations=6691 stage2_remote_frontier_items=36525086 avg_stage2_remote_frontier=5458.838141 stage2_remote_expansions=750329 avg_stage2_remote_expansions=112.140039 stage2_scored_candidates=54231864 avg_stage2_scored_candidates=8105.195636 stage2_graph_read_waves=138244 avg_stage2_expansions_per_graph_wave=5.427570 stage2_graph_unique_reads=765335 stage2_graph_prefetch_issued=548291 stage2_graph_prefetch_hits=533285 stage2_graph_prefetch_wasted=15006 stage2_graph_prefetch_promotion_ratio=0.972631 stage2_graph_issue_width_current=16 stage2_vector_read_waves=275840 avg_stage2_scores_per_vector_wave=196.606235 stage2_vector_unique_reads=49801054 stage2_home_rpc_batches=337793 stage2_home_rpc_items=37539436 avg_stage2_home_rpc_batch=111.131480 stage2_home_score_rpc_batches=149326 stage2_home_score_rpc_items=36774101 stage2_home_score_rpc_queries=987888 stage2_home_score_rpc_request_bytes=988588088 stage2_home_score_rpc_response_bytes=1182831272 avg_stage2_home_score_queries_per_rpc=6.615646 avg_stage2_home_score_rpc_batch=246.267234 stage2_home_scored_neighbors=41202938 home_scores_per_expansion=1.097591 stage2_migrations=6131 home_match_rate=0.083695 stage2_final_edges=259149 stage2_cross_edges_stage1_home=222327 stage2_cross_edges_final_home=182999 cross_edge_reduction_ratio=0.176893 failed=0 rpc_timeouts=0 reverse_aggregate_batches=0 reverse_aggregate_logical_requests=0 reverse_aggregate_ops=0 avg_reverse_aggregate_logicals=0.000000 avg_reverse_aggregate_ops=0.000000 max_backlog=8 admission_window=65536 completion_outstanding=0 completion_incomplete=0 completed_behind_hole=0 completion_logical_full_failures=0 completion_physical_full_failures=0 pressure_yields=4119 stage2_batches=1019 avg_stage2_batch_size=6.566241 packing_target_batch=8 packing_admit_queue_avg=6.566241 packing_admit_queue_max=8 packing_batch_1_7=598 packing_batch_8=421 packing_assembly_batches=1019 packing_assembly_wait_ms=20926.372725 packing_arrival_interval_us=3424 packing_waited_batches=598 packing_wait_ms=13342.750000 packing_target_flushes=421 packing_deadline_flushes=598 packing_cleanup_flushes=0 stage2_phase_search_attempts=1019 stage2_phase_search_task_attempts=6691 stage2_phase_search_elapsed_ms=184580.392962 avg_stage2_phase_search_us_per_task=27586.368699 stage2_phase_freeze_prune_attempts=1051 stage2_phase_freeze_prune_task_attempts=6913 stage2_phase_freeze_prune_elapsed_ms=3938.163151 avg_stage2_phase_freeze_prune_us_per_task=569.674982 stage2_phase_reverse_prepare_attempts=1019 stage2_phase_reverse_prepare_task_attempts=6691 stage2_phase_reverse_prepare_elapsed_ms=11012.802991 avg_stage2_phase_reverse_prepare_us_per_task=1645.912867 stage2_phase_placement_authority_attempts=1019 stage2_phase_placement_authority_task_attempts=6691 stage2_phase_placement_authority_elapsed_ms=1620.746527 avg_stage2_phase_placement_authority_us_per_task=242.227847 stage2_phase_completion_handoff_attempts=1019 stage2_phase_completion_handoff_task_attempts=6691 stage2_phase_completion_handoff_elapsed_ms=1.376540 avg_stage2_phase_completion_handoff_us_per_task=0.205730 stage2_phase_finalize_attempts=1019 stage2_phase_finalize_task_attempts=6691 stage2_phase_finalize_elapsed_ms=7.988190 avg_stage2_phase_finalize_us_per_task=1.193871 maintenance_worker_idle_waits=501248 maintenance_worker_idle_ms=459096.416783 maintenance_lost_wake_avoided=139728 maintenance_targeted_wakes=1707023 maintenance_generic_wakes=6690 maintenance_broadcast_wakes=0 maintenance_context_slots_scanned=5436752 maintenance_ready_notifications=620529 maintenance_ready_stale_notifications=0 maintenance_ready_tickets_drained=490743 maintenance_ready_overflow_scans=0 maintenance_ready_fallback_scans=340036 stage2_search_lane_lease_limit=32 stage2_search_lane_lease_peak=16 stage2_search_lane_lease_blocked=0 maintenance_worker_observed_idle_ratio=0.819431 maintenance_worker_observed_busy_ratio=0.180569 physical_stage1_items=6691 physical_stage1_total_ns=29876006368 physical_stage1_search_ns=27966064371 physical_stage1_prune_ns=1231409368 physical_stage1_allocate_write_ns=480053794 physical_stage1_backlink_ns=178793653 physical_stage1_candidates=856154 physical_stage1_remote_frontier_items=36525086 physical_stage1_neighbors=257987 peer_stage1_enqueued=10959 peer_stage1_processed=10959 peer_stage1_items=10678 avg_peer_stage1_items=0.974359 peer_stage1_rate_per_sec=152.471353 peer_stage1_max_queue=5 peer_stage1_active_workers=0 peer_stage2_home_enqueued=83980 peer_stage2_home_processed=83980 peer_stage2_home_items=8517969 avg_peer_stage2_home_items=101.428543 peer_stage2_home_max_queue=12 peer_stage2_home_response_queue_drops=0 peer_stage2_home_response_send_wait_ms=622.811513 avg_peer_stage2_home_queue_wait_us=16.982533 avg_peer_stage2_home_execution_us=47.372019 peer_stage1_release_deferred_batches=291 peer_stage1_release_deferred_items=291 peer_stage1_duplicate_retry_responses=0 peer_stage1_admission_retry_responses=0 peer_stage1_retry_response_drops=0 peer_stage1_admission_waiters=0 peer_stage1_admission_waiter_items=0 peer_stage1_admission_owned_items=0 peer_stage1_admission_wake_coverage=0 peer_stage1_admission_parked=0 peer_stage1_admission_woken=0 peer_stage1_admission_reparked=0 peer_stage1_max_admission_waiters=0 peer_stage1_duplicate_coalesced=0 peer_reverse_enqueued=2944 peer_reverse_processed=2944 peer_reverse_remaining=0 peer_reverse_items_enqueued=51864 peer_reverse_items_processed=51864 peer_reverse_rate_per_sec=740.566984 peer_reverse_failed=64 peer_reverse_max_queue=6 reclaim_pending=100 reclaim_reused=6031 dynamic_high_watermark=19601804768 stage2_remaining=0 cleanup_remaining=0 active_contexts=0 active_context_limit=32 repair_remaining=0 remaining=0
[STATUS]: storage-owner maintenance observation: enqueued=6691 stage2_enqueued=6691 cleanup_enqueued=0 stage2_tasks_done=6691 stage2_finalized_live=6691 cleanup_processed=0 stale=0 stage2_completion_ratio=1.000000 live_stage2_completion_ratio=1.000000 avg_stage2_delay_ms=228.582297 p99_stage2_delay_upper_ms=512.000000 p99_stage2_delay_over_30s=false stage2_delay_histogram=0,0,0,0,0,0,36,608,3926,2090,31,0,0,0,0,0,0,0 max_stage2_delay_ms=616.446189 compaction_batch_target=32 compaction_max_delay_ms=25.000000 stage2_rate_per_sec=89.173766 stage1_search_budget_exhausted=0 stage2_search_budget_exhausted=0 stage2_continuations=6691 stage2_remote_frontier_items=36525086 avg_stage2_remote_frontier=5458.838141 stage2_remote_expansions=750329 avg_stage2_remote_expansions=112.140039 stage2_scored_candidates=54231864 avg_stage2_scored_candidates=8105.195636 stage2_graph_read_waves=138244 avg_stage2_expansions_per_graph_wave=5.427570 stage2_graph_unique_reads=765335 stage2_graph_prefetch_issued=548291 stage2_graph_prefetch_hits=533285 stage2_graph_prefetch_wasted=15006 stage2_graph_prefetch_promotion_ratio=0.972631 stage2_graph_issue_width_current=16 stage2_vector_read_waves=275840 avg_stage2_scores_per_vector_wave=196.606235 stage2_vector_unique_reads=49801054 stage2_home_rpc_batches=337793 stage2_home_rpc_items=37539436 avg_stage2_home_rpc_batch=111.131480 stage2_home_score_rpc_batches=149326 stage2_home_score_rpc_items=36774101 stage2_home_score_rpc_queries=987888 stage2_home_score_rpc_request_bytes=988588088 stage2_home_score_rpc_response_bytes=1182831272 avg_stage2_home_score_queries_per_rpc=6.615646 avg_stage2_home_score_rpc_batch=246.267234 stage2_home_scored_neighbors=41202938 home_scores_per_expansion=1.097591 stage2_migrations=6131 home_match_rate=0.083695 stage2_final_edges=259149 stage2_cross_edges_stage1_home=222327 stage2_cross_edges_final_home=182999 cross_edge_reduction_ratio=0.176893 failed=0 rpc_timeouts=0 reverse_aggregate_batches=0 reverse_aggregate_logical_requests=0 reverse_aggregate_ops=0 avg_reverse_aggregate_logicals=0.000000 avg_reverse_aggregate_ops=0.000000 max_backlog=8 admission_window=65536 completion_outstanding=0 completion_incomplete=0 completed_behind_hole=0 completion_logical_full_failures=0 completion_physical_full_failures=0 pressure_yields=4119 stage2_batches=1019 avg_stage2_batch_size=6.566241 packing_target_batch=8 packing_admit_queue_avg=6.566241 packing_admit_queue_max=8 packing_batch_1_7=598 packing_batch_8=421 packing_assembly_batches=1019 packing_assembly_wait_ms=20926.372725 packing_arrival_interval_us=3424 packing_waited_batches=598 packing_wait_ms=13342.750000 packing_target_flushes=421 packing_deadline_flushes=598 packing_cleanup_flushes=0 stage2_phase_search_attempts=1019 stage2_phase_search_task_attempts=6691 stage2_phase_search_elapsed_ms=184580.392962 avg_stage2_phase_search_us_per_task=27586.368699 stage2_phase_freeze_prune_attempts=1051 stage2_phase_freeze_prune_task_attempts=6913 stage2_phase_freeze_prune_elapsed_ms=3938.163151 avg_stage2_phase_freeze_prune_us_per_task=569.674982 stage2_phase_reverse_prepare_attempts=1019 stage2_phase_reverse_prepare_task_attempts=6691 stage2_phase_reverse_prepare_elapsed_ms=11012.802991 avg_stage2_phase_reverse_prepare_us_per_task=1645.912867 stage2_phase_placement_authority_attempts=1019 stage2_phase_placement_authority_task_attempts=6691 stage2_phase_placement_authority_elapsed_ms=1620.746527 avg_stage2_phase_placement_authority_us_per_task=242.227847 stage2_phase_completion_handoff_attempts=1019 stage2_phase_completion_handoff_task_attempts=6691 stage2_phase_completion_handoff_elapsed_ms=1.376540 avg_stage2_phase_completion_handoff_us_per_task=0.205730 stage2_phase_finalize_attempts=1019 stage2_phase_finalize_task_attempts=6691 stage2_phase_finalize_elapsed_ms=7.988190 avg_stage2_phase_finalize_us_per_task=1.193871 maintenance_worker_idle_waits=505280 maintenance_worker_idle_ms=499653.122115 maintenance_lost_wake_avoided=139728 maintenance_targeted_wakes=1707023 maintenance_generic_wakes=6690 maintenance_broadcast_wakes=0 maintenance_context_slots_scanned=5501264 maintenance_ready_notifications=620529 maintenance_ready_stale_notifications=0 maintenance_ready_tickets_drained=490743 maintenance_ready_overflow_scans=0 maintenance_ready_fallback_scans=344012 stage2_search_lane_lease_limit=32 stage2_search_lane_lease_peak=16 stage2_search_lane_lease_blocked=0 maintenance_worker_observed_idle_ratio=0.832386 maintenance_worker_observed_busy_ratio=0.167614 physical_stage1_items=6691 physical_stage1_total_ns=29876006368 physical_stage1_search_ns=27966064371 physical_stage1_prune_ns=1231409368 physical_stage1_allocate_write_ns=480053794 physical_stage1_backlink_ns=178793653 physical_stage1_candidates=856154 physical_stage1_remote_frontier_items=36525086 physical_stage1_neighbors=257987 peer_stage1_enqueued=10959 peer_stage1_processed=10959 peer_stage1_items=10678 avg_peer_stage1_items=0.974359 peer_stage1_rate_per_sec=142.310189 peer_stage1_max_queue=5 peer_stage1_active_workers=0 peer_stage2_home_enqueued=83980 peer_stage2_home_processed=83980 peer_stage2_home_items=8517969 avg_peer_stage2_home_items=101.428543 peer_stage2_home_max_queue=12 peer_stage2_home_response_queue_drops=0 peer_stage2_home_response_send_wait_ms=622.811513 avg_peer_stage2_home_queue_wait_us=16.982533 avg_peer_stage2_home_execution_us=47.372019 peer_stage1_release_deferred_batches=291 peer_stage1_release_deferred_items=291 peer_stage1_duplicate_retry_responses=0 peer_stage1_admission_retry_responses=0 peer_stage1_retry_response_drops=0 peer_stage1_admission_waiters=0 peer_stage1_admission_waiter_items=0 peer_stage1_admission_owned_items=0 peer_stage1_admission_wake_coverage=0 peer_stage1_admission_parked=0 peer_stage1_admission_woken=0 peer_stage1_admission_reparked=0 peer_stage1_max_admission_waiters=0 peer_stage1_duplicate_coalesced=0 peer_reverse_enqueued=2944 peer_reverse_processed=2944 peer_reverse_remaining=0 peer_reverse_items_enqueued=51864 peer_reverse_items_processed=51864 peer_reverse_rate_per_sec=691.213304 peer_reverse_failed=64 peer_reverse_max_queue=6 reclaim_pending=100 reclaim_reused=6031 dynamic_high_watermark=19601804768 stage2_remaining=0 cleanup_remaining=0 active_contexts=0 active_context_limit=32 repair_remaining=0 remaining=0
[STATUS]: storage-owner maintenance observation: enqueued=6691 stage2_enqueued=6691 cleanup_enqueued=0 stage2_tasks_done=6691 stage2_finalized_live=6691 cleanup_processed=0 stale=0 stage2_completion_ratio=1.000000 live_stage2_completion_ratio=1.000000 avg_stage2_delay_ms=228.582297 p99_stage2_delay_upper_ms=512.000000 p99_stage2_delay_over_30s=false stage2_delay_histogram=0,0,0,0,0,0,36,608,3926,2090,31,0,0,0,0,0,0,0 max_stage2_delay_ms=616.446189 compaction_batch_target=32 compaction_max_delay_ms=25.000000 stage2_rate_per_sec=83.602337 stage1_search_budget_exhausted=0 stage2_search_budget_exhausted=0 stage2_continuations=6691 stage2_remote_frontier_items=36525086 avg_stage2_remote_frontier=5458.838141 stage2_remote_expansions=750329 avg_stage2_remote_expansions=112.140039 stage2_scored_candidates=54231864 avg_stage2_scored_candidates=8105.195636 stage2_graph_read_waves=138244 avg_stage2_expansions_per_graph_wave=5.427570 stage2_graph_unique_reads=765335 stage2_graph_prefetch_issued=548291 stage2_graph_prefetch_hits=533285 stage2_graph_prefetch_wasted=15006 stage2_graph_prefetch_promotion_ratio=0.972631 stage2_graph_issue_width_current=16 stage2_vector_read_waves=275840 avg_stage2_scores_per_vector_wave=196.606235 stage2_vector_unique_reads=49801054 stage2_home_rpc_batches=337793 stage2_home_rpc_items=37539436 avg_stage2_home_rpc_batch=111.131480 stage2_home_score_rpc_batches=149326 stage2_home_score_rpc_items=36774101 stage2_home_score_rpc_queries=987888 stage2_home_score_rpc_request_bytes=988588088 stage2_home_score_rpc_response_bytes=1182831272 avg_stage2_home_score_queries_per_rpc=6.615646 avg_stage2_home_score_rpc_batch=246.267234 stage2_home_scored_neighbors=41202938 home_scores_per_expansion=1.097591 stage2_migrations=6131 home_match_rate=0.083695 stage2_final_edges=259149 stage2_cross_edges_stage1_home=222327 stage2_cross_edges_final_home=182999 cross_edge_reduction_ratio=0.176893 failed=0 rpc_timeouts=0 reverse_aggregate_batches=0 reverse_aggregate_logical_requests=0 reverse_aggregate_ops=0 avg_reverse_aggregate_logicals=0.000000 avg_reverse_aggregate_ops=0.000000 max_backlog=8 admission_window=65536 completion_outstanding=0 completion_incomplete=0 completed_behind_hole=0 completion_logical_full_failures=0 completion_physical_full_failures=0 pressure_yields=4119 stage2_batches=1019 avg_stage2_batch_size=6.566241 packing_target_batch=8 packing_admit_queue_avg=6.566241 packing_admit_queue_max=8 packing_batch_1_7=598 packing_batch_8=421 packing_assembly_batches=1019 packing_assembly_wait_ms=20926.372725 packing_arrival_interval_us=3424 packing_waited_batches=598 packing_wait_ms=13342.750000 packing_target_flushes=421 packing_deadline_flushes=598 packing_cleanup_flushes=0 stage2_phase_search_attempts=1019 stage2_phase_search_task_attempts=6691 stage2_phase_search_elapsed_ms=184580.392962 avg_stage2_phase_search_us_per_task=27586.368699 stage2_phase_freeze_prune_attempts=1051 stage2_phase_freeze_prune_task_attempts=6913 stage2_phase_freeze_prune_elapsed_ms=3938.163151 avg_stage2_phase_freeze_prune_us_per_task=569.674982 stage2_phase_reverse_prepare_attempts=1019 stage2_phase_reverse_prepare_task_attempts=6691 stage2_phase_reverse_prepare_elapsed_ms=11012.802991 avg_stage2_phase_reverse_prepare_us_per_task=1645.912867 stage2_phase_placement_authority_attempts=1019 stage2_phase_placement_authority_task_attempts=6691 stage2_phase_placement_authority_elapsed_ms=1620.746527 avg_stage2_phase_placement_authority_us_per_task=242.227847 stage2_phase_completion_handoff_attempts=1019 stage2_phase_completion_handoff_task_attempts=6691 stage2_phase_completion_handoff_elapsed_ms=1.376540 avg_stage2_phase_completion_handoff_us_per_task=0.205730 stage2_phase_finalize_attempts=1019 stage2_phase_finalize_task_attempts=6691 stage2_phase_finalize_elapsed_ms=7.988190 avg_stage2_phase_finalize_us_per_task=1.193871 maintenance_worker_idle_waits=509184 maintenance_worker_idle_ms=538922.030669 maintenance_lost_wake_avoided=139728 maintenance_targeted_wakes=1707023 maintenance_generic_wakes=6690 maintenance_broadcast_wakes=0 maintenance_context_slots_scanned=5563728 maintenance_ready_notifications=620529 maintenance_ready_stale_notifications=0 maintenance_ready_tickets_drained=490743 maintenance_ready_overflow_scans=0 maintenance_ready_fallback_scans=347987 stage2_search_lane_lease_limit=32 stage2_search_lane_lease_peak=16 stage2_search_lane_lease_blocked=0 maintenance_worker_observed_idle_ratio=0.841712 maintenance_worker_observed_busy_ratio=0.158288 physical_stage1_items=6691 physical_stage1_total_ns=29876006368 physical_stage1_search_ns=27966064371 physical_stage1_prune_ns=1231409368 physical_stage1_allocate_write_ns=480053794 physical_stage1_backlink_ns=178793653 physical_stage1_candidates=856154 physical_stage1_remote_frontier_items=36525086 physical_stage1_neighbors=257987 peer_stage1_enqueued=10959 peer_stage1_processed=10959 peer_stage1_items=10678 avg_peer_stage1_items=0.974359 peer_stage1_rate_per_sec=133.418885 peer_stage1_max_queue=5 peer_stage1_active_workers=0 peer_stage2_home_enqueued=83980 peer_stage2_home_processed=83980 peer_stage2_home_items=8517969 avg_peer_stage2_home_items=101.428543 peer_stage2_home_max_queue=12 peer_stage2_home_response_queue_drops=0 peer_stage2_home_response_send_wait_ms=622.811513 avg_peer_stage2_home_queue_wait_us=16.982533 avg_peer_stage2_home_execution_us=47.372019 peer_stage1_release_deferred_batches=291 peer_stage1_release_deferred_items=291 peer_stage1_duplicate_retry_responses=0 peer_stage1_admission_retry_responses=0 peer_stage1_retry_response_drops=0 peer_stage1_admission_waiters=0 peer_stage1_admission_waiter_items=0 peer_stage1_admission_owned_items=0 peer_stage1_admission_wake_coverage=0 peer_stage1_admission_parked=0 peer_stage1_admission_woken=0 peer_stage1_admission_reparked=0 peer_stage1_max_admission_waiters=0 peer_stage1_duplicate_coalesced=0 peer_reverse_enqueued=2944 peer_reverse_processed=2944 peer_reverse_remaining=0 peer_reverse_items_enqueued=51864 peer_reverse_items_processed=51864 peer_reverse_rate_per_sec=648.027443 peer_reverse_failed=64 peer_reverse_max_queue=6 reclaim_pending=100 reclaim_reused=6031 dynamic_high_watermark=19601804768 stage2_remaining=0 cleanup_remaining=0 active_contexts=0 active_context_limit=32 repair_remaining=0 remaining=0
[STATUS]: storage-owner maintenance observation: enqueued=6691 stage2_enqueued=6691 cleanup_enqueued=0 stage2_tasks_done=6691 stage2_finalized_live=6691 cleanup_processed=0 stale=0 stage2_completion_ratio=1.000000 live_stage2_completion_ratio=1.000000 avg_stage2_delay_ms=228.582297 p99_stage2_delay_upper_ms=512.000000 p99_stage2_delay_over_30s=false stage2_delay_histogram=0,0,0,0,0,0,36,608,3926,2090,31,0,0,0,0,0,0,0 max_stage2_delay_ms=616.446189 compaction_batch_target=32 compaction_max_delay_ms=25.000000 stage2_rate_per_sec=78.686001 stage1_search_budget_exhausted=0 stage2_search_budget_exhausted=0 stage2_continuations=6691 stage2_remote_frontier_items=36525086 avg_stage2_remote_frontier=5458.838141 stage2_remote_expansions=750329 avg_stage2_remote_expansions=112.140039 stage2_scored_candidates=54231864 avg_stage2_scored_candidates=8105.195636 stage2_graph_read_waves=138244 avg_stage2_expansions_per_graph_wave=5.427570 stage2_graph_unique_reads=765335 stage2_graph_prefetch_issued=548291 stage2_graph_prefetch_hits=533285 stage2_graph_prefetch_wasted=15006 stage2_graph_prefetch_promotion_ratio=0.972631 stage2_graph_issue_width_current=16 stage2_vector_read_waves=275840 avg_stage2_scores_per_vector_wave=196.606235 stage2_vector_unique_reads=49801054 stage2_home_rpc_batches=337793 stage2_home_rpc_items=37539436 avg_stage2_home_rpc_batch=111.131480 stage2_home_score_rpc_batches=149326 stage2_home_score_rpc_items=36774101 stage2_home_score_rpc_queries=987888 stage2_home_score_rpc_request_bytes=988588088 stage2_home_score_rpc_response_bytes=1182831272 avg_stage2_home_score_queries_per_rpc=6.615646 avg_stage2_home_score_rpc_batch=246.267234 stage2_home_scored_neighbors=41202938 home_scores_per_expansion=1.097591 stage2_migrations=6131 home_match_rate=0.083695 stage2_final_edges=259149 stage2_cross_edges_stage1_home=222327 stage2_cross_edges_final_home=182999 cross_edge_reduction_ratio=0.176893 failed=0 rpc_timeouts=0 reverse_aggregate_batches=0 reverse_aggregate_logical_requests=0 reverse_aggregate_ops=0 avg_reverse_aggregate_logicals=0.000000 avg_reverse_aggregate_ops=0.000000 max_backlog=8 admission_window=65536 completion_outstanding=0 completion_incomplete=0 completed_behind_hole=0 completion_logical_full_failures=0 completion_physical_full_failures=0 pressure_yields=4119 stage2_batches=1019 avg_stage2_batch_size=6.566241 packing_target_batch=8 packing_admit_queue_avg=6.566241 packing_admit_queue_max=8 packing_batch_1_7=598 packing_batch_8=421 packing_assembly_batches=1019 packing_assembly_wait_ms=20926.372725 packing_arrival_interval_us=3424 packing_waited_batches=598 packing_wait_ms=13342.750000 packing_target_flushes=421 packing_deadline_flushes=598 packing_cleanup_flushes=0 stage2_phase_search_attempts=1019 stage2_phase_search_task_attempts=6691 stage2_phase_search_elapsed_ms=184580.392962 avg_stage2_phase_search_us_per_task=27586.368699 stage2_phase_freeze_prune_attempts=1051 stage2_phase_freeze_prune_task_attempts=6913 stage2_phase_freeze_prune_elapsed_ms=3938.163151 avg_stage2_phase_freeze_prune_us_per_task=569.674982 stage2_phase_reverse_prepare_attempts=1019 stage2_phase_reverse_prepare_task_attempts=6691 stage2_phase_reverse_prepare_elapsed_ms=11012.802991 avg_stage2_phase_reverse_prepare_us_per_task=1645.912867 stage2_phase_placement_authority_attempts=1019 stage2_phase_placement_authority_task_attempts=6691 stage2_phase_placement_authority_elapsed_ms=1620.746527 avg_stage2_phase_placement_authority_us_per_task=242.227847 stage2_phase_completion_handoff_attempts=1019 stage2_phase_completion_handoff_task_attempts=6691 stage2_phase_completion_handoff_elapsed_ms=1.376540 avg_stage2_phase_completion_handoff_us_per_task=0.205730 stage2_phase_finalize_attempts=1019 stage2_phase_finalize_task_attempts=6691 stage2_phase_finalize_elapsed_ms=7.988190 avg_stage2_phase_finalize_us_per_task=1.193871 maintenance_worker_idle_waits=513088 maintenance_worker_idle_ms=578191.338289 maintenance_lost_wake_avoided=139728 maintenance_targeted_wakes=1707023 maintenance_generic_wakes=6690 maintenance_broadcast_wakes=0 maintenance_context_slots_scanned=5626192 maintenance_ready_notifications=620529 maintenance_ready_stale_notifications=0 maintenance_ready_tickets_drained=490743 maintenance_ready_overflow_scans=0 maintenance_ready_fallback_scans=351963 stage2_search_lane_lease_limit=32 stage2_search_lane_lease_peak=16 stage2_search_lane_lease_blocked=0 maintenance_worker_observed_idle_ratio=0.849940 maintenance_worker_observed_busy_ratio=0.150060 physical_stage1_items=6691 physical_stage1_total_ns=29876006368 physical_stage1_search_ns=27966064371 physical_stage1_prune_ns=1231409368 physical_stage1_allocate_write_ns=480053794 physical_stage1_backlink_ns=178793653 physical_stage1_candidates=856154 physical_stage1_remote_frontier_items=36525086 physical_stage1_neighbors=257987 peer_stage1_enqueued=10959 peer_stage1_processed=10959 peer_stage1_items=10678 avg_peer_stage1_items=0.974359 peer_stage1_rate_per_sec=125.573025 peer_stage1_max_queue=5 peer_stage1_active_workers=0 peer_stage2_home_enqueued=83980 peer_stage2_home_processed=83980 peer_stage2_home_items=8517969 avg_peer_stage2_home_items=101.428543 peer_stage2_home_max_queue=12 peer_stage2_home_response_queue_drops=0 peer_stage2_home_response_send_wait_ms=622.811513 avg_peer_stage2_home_queue_wait_us=16.982533 avg_peer_stage2_home_execution_us=47.372019 peer_stage1_release_deferred_batches=291 peer_stage1_release_deferred_items=291 peer_stage1_duplicate_retry_responses=0 peer_stage1_admission_retry_responses=0 peer_stage1_retry_response_drops=0 peer_stage1_admission_waiters=0 peer_stage1_admission_waiter_items=0 peer_stage1_admission_owned_items=0 peer_stage1_admission_wake_coverage=0 peer_stage1_admission_parked=0 peer_stage1_admission_woken=0 peer_stage1_admission_reparked=0 peer_stage1_max_admission_waiters=0 peer_stage1_duplicate_coalesced=0 peer_reverse_enqueued=2944 peer_reverse_processed=2944 peer_reverse_remaining=0 peer_reverse_items_enqueued=51864 peer_reverse_items_processed=51864 peer_reverse_rate_per_sec=609.919404 peer_reverse_failed=64 peer_reverse_max_queue=6 reclaim_pending=100 reclaim_reused=6031 dynamic_high_watermark=19601804768 stage2_remaining=0 cleanup_remaining=0 active_contexts=0 active_context_limit=32 repair_remaining=0 remaining=0
[STATUS]: storage-owner maintenance observation: enqueued=6691 stage2_enqueued=6691 cleanup_enqueued=0 stage2_tasks_done=6691 stage2_finalized_live=6691 cleanup_processed=0 stale=0 stage2_completion_ratio=1.000000 live_stage2_completion_ratio=1.000000 avg_stage2_delay_ms=228.582297 p99_stage2_delay_upper_ms=512.000000 p99_stage2_delay_over_30s=false stage2_delay_histogram=0,0,0,0,0,0,36,608,3926,2090,31,0,0,0,0,0,0,0 max_stage2_delay_ms=616.446189 compaction_batch_target=32 compaction_max_delay_ms=25.000000 stage2_rate_per_sec=74.313743 stage1_search_budget_exhausted=0 stage2_search_budget_exhausted=0 stage2_continuations=6691 stage2_remote_frontier_items=36525086 avg_stage2_remote_frontier=5458.838141 stage2_remote_expansions=750329 avg_stage2_remote_expansions=112.140039 stage2_scored_candidates=54231864 avg_stage2_scored_candidates=8105.195636 stage2_graph_read_waves=138244 avg_stage2_expansions_per_graph_wave=5.427570 stage2_graph_unique_reads=765335 stage2_graph_prefetch_issued=548291 stage2_graph_prefetch_hits=533285 stage2_graph_prefetch_wasted=15006 stage2_graph_prefetch_promotion_ratio=0.972631 stage2_graph_issue_width_current=16 stage2_vector_read_waves=275840 avg_stage2_scores_per_vector_wave=196.606235 stage2_vector_unique_reads=49801054 stage2_home_rpc_batches=337793 stage2_home_rpc_items=37539436 avg_stage2_home_rpc_batch=111.131480 stage2_home_score_rpc_batches=149326 stage2_home_score_rpc_items=36774101 stage2_home_score_rpc_queries=987888 stage2_home_score_rpc_request_bytes=988588088 stage2_home_score_rpc_response_bytes=1182831272 avg_stage2_home_score_queries_per_rpc=6.615646 avg_stage2_home_score_rpc_batch=246.267234 stage2_home_scored_neighbors=41202938 home_scores_per_expansion=1.097591 stage2_migrations=6131 home_match_rate=0.083695 stage2_final_edges=259149 stage2_cross_edges_stage1_home=222327 stage2_cross_edges_final_home=182999 cross_edge_reduction_ratio=0.176893 failed=0 rpc_timeouts=0 reverse_aggregate_batches=0 reverse_aggregate_logical_requests=0 reverse_aggregate_ops=0 avg_reverse_aggregate_logicals=0.000000 avg_reverse_aggregate_ops=0.000000 max_backlog=8 admission_window=65536 completion_outstanding=0 completion_incomplete=0 completed_behind_hole=0 completion_logical_full_failures=0 completion_physical_full_failures=0 pressure_yields=4119 stage2_batches=1019 avg_stage2_batch_size=6.566241 packing_target_batch=8 packing_admit_queue_avg=6.566241 packing_admit_queue_max=8 packing_batch_1_7=598 packing_batch_8=421 packing_assembly_batches=1019 packing_assembly_wait_ms=20926.372725 packing_arrival_interval_us=3424 packing_waited_batches=598 packing_wait_ms=13342.750000 packing_target_flushes=421 packing_deadline_flushes=598 packing_cleanup_flushes=0 stage2_phase_search_attempts=1019 stage2_phase_search_task_attempts=6691 stage2_phase_search_elapsed_ms=184580.392962 avg_stage2_phase_search_us_per_task=27586.368699 stage2_phase_freeze_prune_attempts=1051 stage2_phase_freeze_prune_task_attempts=6913 stage2_phase_freeze_prune_elapsed_ms=3938.163151 avg_stage2_phase_freeze_prune_us_per_task=569.674982 stage2_phase_reverse_prepare_attempts=1019 stage2_phase_reverse_prepare_task_attempts=6691 stage2_phase_reverse_prepare_elapsed_ms=11012.802991 avg_stage2_phase_reverse_prepare_us_per_task=1645.912867 stage2_phase_placement_authority_attempts=1019 stage2_phase_placement_authority_task_attempts=6691 stage2_phase_placement_authority_elapsed_ms=1620.746527 avg_stage2_phase_placement_authority_us_per_task=242.227847 stage2_phase_completion_handoff_attempts=1019 stage2_phase_completion_handoff_task_attempts=6691 stage2_phase_completion_handoff_elapsed_ms=1.376540 avg_stage2_phase_completion_handoff_us_per_task=0.205730 stage2_phase_finalize_attempts=1019 stage2_phase_finalize_task_attempts=6691 stage2_phase_finalize_elapsed_ms=7.988190 avg_stage2_phase_finalize_us_per_task=1.193871 maintenance_worker_idle_waits=517120 maintenance_worker_idle_ms=618746.601697 maintenance_lost_wake_avoided=139728 maintenance_targeted_wakes=1707023 maintenance_generic_wakes=6690 maintenance_broadcast_wakes=0 maintenance_context_slots_scanned=5690704 maintenance_ready_notifications=620529 maintenance_ready_stale_notifications=0 maintenance_ready_tickets_drained=490743 maintenance_ready_overflow_scans=0 maintenance_ready_fallback_scans=355940 stage2_search_lane_lease_limit=32 stage2_search_lane_lease_peak=16 stage2_search_lane_lease_blocked=0 maintenance_worker_observed_idle_ratio=0.859015 maintenance_worker_observed_busy_ratio=0.140985 physical_stage1_items=6691 physical_stage1_total_ns=29876006368 physical_stage1_search_ns=27966064371 physical_stage1_prune_ns=1231409368 physical_stage1_allocate_write_ns=480053794 physical_stage1_backlink_ns=178793653 physical_stage1_candidates=856154 physical_stage1_remote_frontier_items=36525086 physical_stage1_neighbors=257987 peer_stage1_enqueued=10959 peer_stage1_processed=10959 peer_stage1_items=10678 avg_peer_stage1_items=0.974359 peer_stage1_rate_per_sec=118.595450 peer_stage1_max_queue=5 peer_stage1_active_workers=0 peer_stage2_home_enqueued=83980 peer_stage2_home_processed=83980 peer_stage2_home_items=8517969 avg_peer_stage2_home_items=101.428543 peer_stage2_home_max_queue=12 peer_stage2_home_response_queue_drops=0 peer_stage2_home_response_send_wait_ms=622.811513 avg_peer_stage2_home_queue_wait_us=16.982533 avg_peer_stage2_home_execution_us=47.372019 peer_stage1_release_deferred_batches=291 peer_stage1_release_deferred_items=291 peer_stage1_duplicate_retry_responses=0 peer_stage1_admission_retry_responses=0 peer_stage1_retry_response_drops=0 peer_stage1_admission_waiters=0 peer_stage1_admission_waiter_items=0 peer_stage1_admission_owned_items=0 peer_stage1_admission_wake_coverage=0 peer_stage1_admission_parked=0 peer_stage1_admission_woken=0 peer_stage1_admission_reparked=0 peer_stage1_max_admission_waiters=0 peer_stage1_duplicate_coalesced=0 peer_reverse_enqueued=2944 peer_reverse_processed=2944 peer_reverse_remaining=0 peer_reverse_items_enqueued=51864 peer_reverse_items_processed=51864 peer_reverse_rate_per_sec=576.028694 peer_reverse_failed=64 peer_reverse_max_queue=6 reclaim_pending=100 reclaim_reused=6031 dynamic_high_watermark=19601804768 stage2_remaining=0 cleanup_remaining=0 active_contexts=0 active_context_limit=32 repair_remaining=0 remaining=0
[STATUS]: storage-owner maintenance observation: enqueued=6691 stage2_enqueued=6691 cleanup_enqueued=0 stage2_tasks_done=6691 stage2_finalized_live=6691 cleanup_processed=0 stale=0 stage2_completion_ratio=1.000000 live_stage2_completion_ratio=1.000000 avg_stage2_delay_ms=228.582297 p99_stage2_delay_upper_ms=512.000000 p99_stage2_delay_over_30s=false stage2_delay_histogram=0,0,0,0,0,0,36,608,3926,2090,31,0,0,0,0,0,0,0 max_stage2_delay_ms=616.446189 compaction_batch_target=32 compaction_max_delay_ms=25.000000 stage2_rate_per_sec=70.403017 stage1_search_budget_exhausted=0 stage2_search_budget_exhausted=0 stage2_continuations=6691 stage2_remote_frontier_items=36525086 avg_stage2_remote_frontier=5458.838141 stage2_remote_expansions=750329 avg_stage2_remote_expansions=112.140039 stage2_scored_candidates=54231864 avg_stage2_scored_candidates=8105.195636 stage2_graph_read_waves=138244 avg_stage2_expansions_per_graph_wave=5.427570 stage2_graph_unique_reads=765335 stage2_graph_prefetch_issued=548291 stage2_graph_prefetch_hits=533285 stage2_graph_prefetch_wasted=15006 stage2_graph_prefetch_promotion_ratio=0.972631 stage2_graph_issue_width_current=16 stage2_vector_read_waves=275840 avg_stage2_scores_per_vector_wave=196.606235 stage2_vector_unique_reads=49801054 stage2_home_rpc_batches=337793 stage2_home_rpc_items=37539436 avg_stage2_home_rpc_batch=111.131480 stage2_home_score_rpc_batches=149326 stage2_home_score_rpc_items=36774101 stage2_home_score_rpc_queries=987888 stage2_home_score_rpc_request_bytes=988588088 stage2_home_score_rpc_response_bytes=1182831272 avg_stage2_home_score_queries_per_rpc=6.615646 avg_stage2_home_score_rpc_batch=246.267234 stage2_home_scored_neighbors=41202938 home_scores_per_expansion=1.097591 stage2_migrations=6131 home_match_rate=0.083695 stage2_final_edges=259149 stage2_cross_edges_stage1_home=222327 stage2_cross_edges_final_home=182999 cross_edge_reduction_ratio=0.176893 failed=0 rpc_timeouts=0 reverse_aggregate_batches=0 reverse_aggregate_logical_requests=0 reverse_aggregate_ops=0 avg_reverse_aggregate_logicals=0.000000 avg_reverse_aggregate_ops=0.000000 max_backlog=8 admission_window=65536 completion_outstanding=0 completion_incomplete=0 completed_behind_hole=0 completion_logical_full_failures=0 completion_physical_full_failures=0 pressure_yields=4119 stage2_batches=1019 avg_stage2_batch_size=6.566241 packing_target_batch=8 packing_admit_queue_avg=6.566241 packing_admit_queue_max=8 packing_batch_1_7=598 packing_batch_8=421 packing_assembly_batches=1019 packing_assembly_wait_ms=20926.372725 packing_arrival_interval_us=3424 packing_waited_batches=598 packing_wait_ms=13342.750000 packing_target_flushes=421 packing_deadline_flushes=598 packing_cleanup_flushes=0 stage2_phase_search_attempts=1019 stage2_phase_search_task_attempts=6691 stage2_phase_search_elapsed_ms=184580.392962 avg_stage2_phase_search_us_per_task=27586.368699 stage2_phase_freeze_prune_attempts=1051 stage2_phase_freeze_prune_task_attempts=6913 stage2_phase_freeze_prune_elapsed_ms=3938.163151 avg_stage2_phase_freeze_prune_us_per_task=569.674982 stage2_phase_reverse_prepare_attempts=1019 stage2_phase_reverse_prepare_task_attempts=6691 stage2_phase_reverse_prepare_elapsed_ms=11012.802991 avg_stage2_phase_reverse_prepare_us_per_task=1645.912867 stage2_phase_placement_authority_attempts=1019 stage2_phase_placement_authority_task_attempts=6691 stage2_phase_placement_authority_elapsed_ms=1620.746527 avg_stage2_phase_placement_authority_us_per_task=242.227847 stage2_phase_completion_handoff_attempts=1019 stage2_phase_completion_handoff_task_attempts=6691 stage2_phase_completion_handoff_elapsed_ms=1.376540 avg_stage2_phase_completion_handoff_us_per_task=0.205730 stage2_phase_finalize_attempts=1019 stage2_phase_finalize_task_attempts=6691 stage2_phase_finalize_elapsed_ms=7.988190 avg_stage2_phase_finalize_us_per_task=1.193871 maintenance_worker_idle_waits=521152 maintenance_worker_idle_ms=659302.156985 maintenance_lost_wake_avoided=139728 maintenance_targeted_wakes=1707023 maintenance_generic_wakes=6690 maintenance_broadcast_wakes=0 maintenance_context_slots_scanned=5755216 maintenance_ready_notifications=620529 maintenance_ready_stale_notifications=0 maintenance_ready_tickets_drained=490743 maintenance_ready_overflow_scans=0 maintenance_ready_fallback_scans=359916 stage2_search_lane_lease_limit=32 stage2_search_lane_lease_peak=16 stage2_search_lane_lease_blocked=0 maintenance_worker_observed_idle_ratio=0.867151 maintenance_worker_observed_busy_ratio=0.132849 physical_stage1_items=6691 physical_stage1_total_ns=29876006368 physical_stage1_search_ns=27966064371 physical_stage1_prune_ns=1231409368 physical_stage1_allocate_write_ns=480053794 physical_stage1_backlink_ns=178793653 physical_stage1_candidates=856154 physical_stage1_remote_frontier_items=36525086 physical_stage1_neighbors=257987 peer_stage1_enqueued=10959 peer_stage1_processed=10959 peer_stage1_items=10678 avg_peer_stage1_items=0.974359 peer_stage1_rate_per_sec=112.354419 peer_stage1_max_queue=5 peer_stage1_active_workers=0 peer_stage2_home_enqueued=83980 peer_stage2_home_processed=83980 peer_stage2_home_items=8517969 avg_peer_stage2_home_items=101.428543 peer_stage2_home_max_queue=12 peer_stage2_home_response_queue_drops=0 peer_stage2_home_response_send_wait_ms=622.811513 avg_peer_stage2_home_queue_wait_us=16.982533 avg_peer_stage2_home_execution_us=47.372019 peer_stage1_release_deferred_batches=291 peer_stage1_release_deferred_items=291 peer_stage1_duplicate_retry_responses=0 peer_stage1_admission_retry_responses=0 peer_stage1_retry_response_drops=0 peer_stage1_admission_waiters=0 peer_stage1_admission_waiter_items=0 peer_stage1_admission_owned_items=0 peer_stage1_admission_wake_coverage=0 peer_stage1_admission_parked=0 peer_stage1_admission_woken=0 peer_stage1_admission_reparked=0 peer_stage1_max_admission_waiters=0 peer_stage1_duplicate_coalesced=0 peer_reverse_enqueued=2944 peer_reverse_processed=2944 peer_reverse_remaining=0 peer_reverse_items_enqueued=51864 peer_reverse_items_processed=51864 peer_reverse_rate_per_sec=545.715452 peer_reverse_failed=64 peer_reverse_max_queue=6 reclaim_pending=100 reclaim_reused=6031 dynamic_high_watermark=19601804768 stage2_remaining=0 cleanup_remaining=0 active_contexts=0 active_context_limit=32 repair_remaining=0 remaining=0
[STATUS]: storage-owner maintenance observation: enqueued=6691 stage2_enqueued=6691 cleanup_enqueued=0 stage2_tasks_done=6691 stage2_finalized_live=6691 cleanup_processed=0 stale=0 stage2_completion_ratio=1.000000 live_stage2_completion_ratio=1.000000 avg_stage2_delay_ms=228.582297 p99_stage2_delay_upper_ms=512.000000 p99_stage2_delay_over_30s=false stage2_delay_histogram=0,0,0,0,0,0,36,608,3926,2090,31,0,0,0,0,0,0,0 max_stage2_delay_ms=616.446189 compaction_batch_target=32 compaction_max_delay_ms=25.000000 stage2_rate_per_sec=66.882840 stage1_search_budget_exhausted=0 stage2_search_budget_exhausted=0 stage2_continuations=6691 stage2_remote_frontier_items=36525086 avg_stage2_remote_frontier=5458.838141 stage2_remote_expansions=750329 avg_stage2_remote_expansions=112.140039 stage2_scored_candidates=54231864 avg_stage2_scored_candidates=8105.195636 stage2_graph_read_waves=138244 avg_stage2_expansions_per_graph_wave=5.427570 stage2_graph_unique_reads=765335 stage2_graph_prefetch_issued=548291 stage2_graph_prefetch_hits=533285 stage2_graph_prefetch_wasted=15006 stage2_graph_prefetch_promotion_ratio=0.972631 stage2_graph_issue_width_current=16 stage2_vector_read_waves=275840 avg_stage2_scores_per_vector_wave=196.606235 stage2_vector_unique_reads=49801054 stage2_home_rpc_batches=337793 stage2_home_rpc_items=37539436 avg_stage2_home_rpc_batch=111.131480 stage2_home_score_rpc_batches=149326 stage2_home_score_rpc_items=36774101 stage2_home_score_rpc_queries=987888 stage2_home_score_rpc_request_bytes=988588088 stage2_home_score_rpc_response_bytes=1182831272 avg_stage2_home_score_queries_per_rpc=6.615646 avg_stage2_home_score_rpc_batch=246.267234 stage2_home_scored_neighbors=41202938 home_scores_per_expansion=1.097591 stage2_migrations=6131 home_match_rate=0.083695 stage2_final_edges=259149 stage2_cross_edges_stage1_home=222327 stage2_cross_edges_final_home=182999 cross_edge_reduction_ratio=0.176893 failed=0 rpc_timeouts=0 reverse_aggregate_batches=0 reverse_aggregate_logical_requests=0 reverse_aggregate_ops=0 avg_reverse_aggregate_logicals=0.000000 avg_reverse_aggregate_ops=0.000000 max_backlog=8 admission_window=65536 completion_outstanding=0 completion_incomplete=0 completed_behind_hole=0 completion_logical_full_failures=0 completion_physical_full_failures=0 pressure_yields=4119 stage2_batches=1019 avg_stage2_batch_size=6.566241 packing_target_batch=8 packing_admit_queue_avg=6.566241 packing_admit_queue_max=8 packing_batch_1_7=598 packing_batch_8=421 packing_assembly_batches=1019 packing_assembly_wait_ms=20926.372725 packing_arrival_interval_us=3424 packing_waited_batches=598 packing_wait_ms=13342.750000 packing_target_flushes=421 packing_deadline_flushes=598 packing_cleanup_flushes=0 stage2_phase_search_attempts=1019 stage2_phase_search_task_attempts=6691 stage2_phase_search_elapsed_ms=184580.392962 avg_stage2_phase_search_us_per_task=27586.368699 stage2_phase_freeze_prune_attempts=1051 stage2_phase_freeze_prune_task_attempts=6913 stage2_phase_freeze_prune_elapsed_ms=3938.163151 avg_stage2_phase_freeze_prune_us_per_task=569.674982 stage2_phase_reverse_prepare_attempts=1019 stage2_phase_reverse_prepare_task_attempts=6691 stage2_phase_reverse_prepare_elapsed_ms=11012.802991 avg_stage2_phase_reverse_prepare_us_per_task=1645.912867 stage2_phase_placement_authority_attempts=1019 stage2_phase_placement_authority_task_attempts=6691 stage2_phase_placement_authority_elapsed_ms=1620.746527 avg_stage2_phase_placement_authority_us_per_task=242.227847 stage2_phase_completion_handoff_attempts=1019 stage2_phase_completion_handoff_task_attempts=6691 stage2_phase_completion_handoff_elapsed_ms=1.376540 avg_stage2_phase_completion_handoff_us_per_task=0.205730 stage2_phase_finalize_attempts=1019 stage2_phase_finalize_task_attempts=6691 stage2_phase_finalize_elapsed_ms=7.988190 avg_stage2_phase_finalize_us_per_task=1.193871 maintenance_worker_idle_waits=525056 maintenance_worker_idle_ms=698570.854590 maintenance_lost_wake_avoided=139728 maintenance_targeted_wakes=1707023 maintenance_generic_wakes=6690 maintenance_broadcast_wakes=0 maintenance_context_slots_scanned=5817680 maintenance_ready_notifications=620529 maintenance_ready_stale_notifications=0 maintenance_ready_tickets_drained=490743 maintenance_ready_overflow_scans=0 maintenance_ready_fallback_scans=363895 stage2_search_lane_lease_limit=32 stage2_search_lane_lease_peak=16 stage2_search_lane_lease_blocked=0 maintenance_worker_observed_idle_ratio=0.872859 maintenance_worker_observed_busy_ratio=0.127141 physical_stage1_items=6691 physical_stage1_total_ns=29876006368 physical_stage1_search_ns=27966064371 physical_stage1_prune_ns=1231409368 physical_stage1_allocate_write_ns=480053794 physical_stage1_backlink_ns=178793653 physical_stage1_candidates=856154 physical_stage1_remote_frontier_items=36525086 physical_stage1_neighbors=257987 peer_stage1_enqueued=10959 peer_stage1_processed=10959 peer_stage1_items=10678 avg_peer_stage1_items=0.974359 peer_stage1_rate_per_sec=106.736657 peer_stage1_max_queue=5 peer_stage1_active_workers=0 peer_stage2_home_enqueued=83980 peer_stage2_home_processed=83980 peer_stage2_home_items=8517969 avg_peer_stage2_home_items=101.428543 peer_stage2_home_max_queue=12 peer_stage2_home_response_queue_drops=0 peer_stage2_home_response_send_wait_ms=622.811513 avg_peer_stage2_home_queue_wait_us=16.982533 avg_peer_stage2_home_execution_us=47.372019 peer_stage1_release_deferred_batches=291 peer_stage1_release_deferred_items=291 peer_stage1_duplicate_retry_responses=0 peer_stage1_admission_retry_responses=0 peer_stage1_retry_response_drops=0 peer_stage1_admission_waiters=0 peer_stage1_admission_waiter_items=0 peer_stage1_admission_owned_items=0 peer_stage1_admission_wake_coverage=0 peer_stage1_admission_parked=0 peer_stage1_admission_woken=0 peer_stage1_admission_reparked=0 peer_stage1_max_admission_waiters=0 peer_stage1_duplicate_coalesced=0 peer_reverse_enqueued=2944 peer_reverse_processed=2944 peer_reverse_remaining=0 peer_reverse_items_enqueued=51864 peer_reverse_items_processed=51864 peer_reverse_rate_per_sec=518.429478 peer_reverse_failed=64 peer_reverse_max_queue=6 reclaim_pending=100 reclaim_reused=6031 dynamic_high_watermark=19601804768 stage2_remaining=0 cleanup_remaining=0 active_contexts=0 active_context_limit=32 repair_remaining=0 remaining=0
[STATUS]: storage-owner maintenance observation: enqueued=6691 stage2_enqueued=6691 cleanup_enqueued=0 stage2_tasks_done=6691 stage2_finalized_live=6691 cleanup_processed=0 stale=0 stage2_completion_ratio=1.000000 live_stage2_completion_ratio=1.000000 avg_stage2_delay_ms=228.582297 p99_stage2_delay_upper_ms=512.000000 p99_stage2_delay_over_30s=false stage2_delay_histogram=0,0,0,0,0,0,36,608,3926,2090,31,0,0,0,0,0,0,0 max_stage2_delay_ms=616.446189 compaction_batch_target=32 compaction_max_delay_ms=25.000000 stage2_rate_per_sec=63.699056 stage1_search_budget_exhausted=0 stage2_search_budget_exhausted=0 stage2_continuations=6691 stage2_remote_frontier_items=36525086 avg_stage2_remote_frontier=5458.838141 stage2_remote_expansions=750329 avg_stage2_remote_expansions=112.140039 stage2_scored_candidates=54231864 avg_stage2_scored_candidates=8105.195636 stage2_graph_read_waves=138244 avg_stage2_expansions_per_graph_wave=5.427570 stage2_graph_unique_reads=765335 stage2_graph_prefetch_issued=548291 stage2_graph_prefetch_hits=533285 stage2_graph_prefetch_wasted=15006 stage2_graph_prefetch_promotion_ratio=0.972631 stage2_graph_issue_width_current=16 stage2_vector_read_waves=275840 avg_stage2_scores_per_vector_wave=196.606235 stage2_vector_unique_reads=49801054 stage2_home_rpc_batches=337793 stage2_home_rpc_items=37539436 avg_stage2_home_rpc_batch=111.131480 stage2_home_score_rpc_batches=149326 stage2_home_score_rpc_items=36774101 stage2_home_score_rpc_queries=987888 stage2_home_score_rpc_request_bytes=988588088 stage2_home_score_rpc_response_bytes=1182831272 avg_stage2_home_score_queries_per_rpc=6.615646 avg_stage2_home_score_rpc_batch=246.267234 stage2_home_scored_neighbors=41202938 home_scores_per_expansion=1.097591 stage2_migrations=6131 home_match_rate=0.083695 stage2_final_edges=259149 stage2_cross_edges_stage1_home=222327 stage2_cross_edges_final_home=182999 cross_edge_reduction_ratio=0.176893 failed=0 rpc_timeouts=0 reverse_aggregate_batches=0 reverse_aggregate_logical_requests=0 reverse_aggregate_ops=0 avg_reverse_aggregate_logicals=0.000000 avg_reverse_aggregate_ops=0.000000 max_backlog=8 admission_window=65536 completion_outstanding=0 completion_incomplete=0 completed_behind_hole=0 completion_logical_full_failures=0 completion_physical_full_failures=0 pressure_yields=4119 stage2_batches=1019 avg_stage2_batch_size=6.566241 packing_target_batch=8 packing_admit_queue_avg=6.566241 packing_admit_queue_max=8 packing_batch_1_7=598 packing_batch_8=421 packing_assembly_batches=1019 packing_assembly_wait_ms=20926.372725 packing_arrival_interval_us=3424 packing_waited_batches=598 packing_wait_ms=13342.750000 packing_target_flushes=421 packing_deadline_flushes=598 packing_cleanup_flushes=0 stage2_phase_search_attempts=1019 stage2_phase_search_task_attempts=6691 stage2_phase_search_elapsed_ms=184580.392962 avg_stage2_phase_search_us_per_task=27586.368699 stage2_phase_freeze_prune_attempts=1051 stage2_phase_freeze_prune_task_attempts=6913 stage2_phase_freeze_prune_elapsed_ms=3938.163151 avg_stage2_phase_freeze_prune_us_per_task=569.674982 stage2_phase_reverse_prepare_attempts=1019 stage2_phase_reverse_prepare_task_attempts=6691 stage2_phase_reverse_prepare_elapsed_ms=11012.802991 avg_stage2_phase_reverse_prepare_us_per_task=1645.912867 stage2_phase_placement_authority_attempts=1019 stage2_phase_placement_authority_task_attempts=6691 stage2_phase_placement_authority_elapsed_ms=1620.746527 avg_stage2_phase_placement_authority_us_per_task=242.227847 stage2_phase_completion_handoff_attempts=1019 stage2_phase_completion_handoff_task_attempts=6691 stage2_phase_completion_handoff_elapsed_ms=1.376540 avg_stage2_phase_completion_handoff_us_per_task=0.205730 stage2_phase_finalize_attempts=1019 stage2_phase_finalize_task_attempts=6691 stage2_phase_finalize_elapsed_ms=7.988190 avg_stage2_phase_finalize_us_per_task=1.193871 maintenance_worker_idle_waits=529024 maintenance_worker_idle_ms=738483.252252 maintenance_lost_wake_avoided=139728 maintenance_targeted_wakes=1707023 maintenance_generic_wakes=6690 maintenance_broadcast_wakes=0 maintenance_context_slots_scanned=5881168 maintenance_ready_notifications=620529 maintenance_ready_stale_notifications=0 maintenance_ready_tickets_drained=490743 maintenance_ready_overflow_scans=0 maintenance_ready_fallback_scans=367871 stage2_search_lane_lease_limit=32 stage2_search_lane_lease_peak=16 stage2_search_lane_lease_blocked=0 maintenance_worker_observed_idle_ratio=0.878805 maintenance_worker_observed_busy_ratio=0.121195 physical_stage1_items=6691 physical_stage1_total_ns=29876006368 physical_stage1_search_ns=27966064371 physical_stage1_prune_ns=1231409368 physical_stage1_allocate_write_ns=480053794 physical_stage1_backlink_ns=178793653 physical_stage1_candidates=856154 physical_stage1_remote_frontier_items=36525086 physical_stage1_neighbors=257987 peer_stage1_enqueued=10959 peer_stage1_processed=10959 peer_stage1_items=10678 avg_peer_stage1_items=0.974359 peer_stage1_rate_per_sec=101.655735 peer_stage1_max_queue=5 peer_stage1_active_workers=0 peer_stage2_home_enqueued=83980 peer_stage2_home_processed=83980 peer_stage2_home_items=8517969 avg_peer_stage2_home_items=101.428543 peer_stage2_home_max_queue=12 peer_stage2_home_response_queue_drops=0 peer_stage2_home_response_send_wait_ms=622.811513 avg_peer_stage2_home_queue_wait_us=16.982533 avg_peer_stage2_home_execution_us=47.372019 peer_stage1_release_deferred_batches=291 peer_stage1_release_deferred_items=291 peer_stage1_duplicate_retry_responses=0 peer_stage1_admission_retry_responses=0 peer_stage1_retry_response_drops=0 peer_stage1_admission_waiters=0 peer_stage1_admission_waiter_items=0 peer_stage1_admission_owned_items=0 peer_stage1_admission_wake_coverage=0 peer_stage1_admission_parked=0 peer_stage1_admission_woken=0 peer_stage1_admission_reparked=0 peer_stage1_max_admission_waiters=0 peer_stage1_duplicate_coalesced=0 peer_reverse_enqueued=2944 peer_reverse_processed=2944 peer_reverse_remaining=0 peer_reverse_items_enqueued=51864 peer_reverse_items_processed=51864 peer_reverse_rate_per_sec=493.750986 peer_reverse_failed=64 peer_reverse_max_queue=6 reclaim_pending=100 reclaim_reused=6031 dynamic_high_watermark=19601804768 stage2_remaining=0 cleanup_remaining=0 active_contexts=0 active_context_limit=32 repair_remaining=0 remaining=0
[STATUS]: storage-owner maintenance observation: enqueued=6691 stage2_enqueued=6691 cleanup_enqueued=0 stage2_tasks_done=6691 stage2_finalized_live=6691 cleanup_processed=0 stale=0 stage2_completion_ratio=1.000000 live_stage2_completion_ratio=1.000000 avg_stage2_delay_ms=228.582297 p99_stage2_delay_upper_ms=512.000000 p99_stage2_delay_over_30s=false stage2_delay_histogram=0,0,0,0,0,0,36,608,3926,2090,31,0,0,0,0,0,0,0 max_stage2_delay_ms=616.446189 compaction_batch_target=32 compaction_max_delay_ms=25.000000 stage2_rate_per_sec=60.804661 stage1_search_budget_exhausted=0 stage2_search_budget_exhausted=0 stage2_continuations=6691 stage2_remote_frontier_items=36525086 avg_stage2_remote_frontier=5458.838141 stage2_remote_expansions=750329 avg_stage2_remote_expansions=112.140039 stage2_scored_candidates=54231864 avg_stage2_scored_candidates=8105.195636 stage2_graph_read_waves=138244 avg_stage2_expansions_per_graph_wave=5.427570 stage2_graph_unique_reads=765335 stage2_graph_prefetch_issued=548291 stage2_graph_prefetch_hits=533285 stage2_graph_prefetch_wasted=15006 stage2_graph_prefetch_promotion_ratio=0.972631 stage2_graph_issue_width_current=16 stage2_vector_read_waves=275840 avg_stage2_scores_per_vector_wave=196.606235 stage2_vector_unique_reads=49801054 stage2_home_rpc_batches=337793 stage2_home_rpc_items=37539436 avg_stage2_home_rpc_batch=111.131480 stage2_home_score_rpc_batches=149326 stage2_home_score_rpc_items=36774101 stage2_home_score_rpc_queries=987888 stage2_home_score_rpc_request_bytes=988588088 stage2_home_score_rpc_response_bytes=1182831272 avg_stage2_home_score_queries_per_rpc=6.615646 avg_stage2_home_score_rpc_batch=246.267234 stage2_home_scored_neighbors=41202938 home_scores_per_expansion=1.097591 stage2_migrations=6131 home_match_rate=0.083695 stage2_final_edges=259149 stage2_cross_edges_stage1_home=222327 stage2_cross_edges_final_home=182999 cross_edge_reduction_ratio=0.176893 failed=0 rpc_timeouts=0 reverse_aggregate_batches=0 reverse_aggregate_logical_requests=0 reverse_aggregate_ops=0 avg_reverse_aggregate_logicals=0.000000 avg_reverse_aggregate_ops=0.000000 max_backlog=8 admission_window=65536 completion_outstanding=0 completion_incomplete=0 completed_behind_hole=0 completion_logical_full_failures=0 completion_physical_full_failures=0 pressure_yields=4119 stage2_batches=1019 avg_stage2_batch_size=6.566241 packing_target_batch=8 packing_admit_queue_avg=6.566241 packing_admit_queue_max=8 packing_batch_1_7=598 packing_batch_8=421 packing_assembly_batches=1019 packing_assembly_wait_ms=20926.372725 packing_arrival_interval_us=3424 packing_waited_batches=598 packing_wait_ms=13342.750000 packing_target_flushes=421 packing_deadline_flushes=598 packing_cleanup_flushes=0 stage2_phase_search_attempts=1019 stage2_phase_search_task_attempts=6691 stage2_phase_search_elapsed_ms=184580.392962 avg_stage2_phase_search_us_per_task=27586.368699 stage2_phase_freeze_prune_attempts=1051 stage2_phase_freeze_prune_task_attempts=6913 stage2_phase_freeze_prune_elapsed_ms=3938.163151 avg_stage2_phase_freeze_prune_us_per_task=569.674982 stage2_phase_reverse_prepare_attempts=1019 stage2_phase_reverse_prepare_task_attempts=6691 stage2_phase_reverse_prepare_elapsed_ms=11012.802991 avg_stage2_phase_reverse_prepare_us_per_task=1645.912867 stage2_phase_placement_authority_attempts=1019 stage2_phase_placement_authority_task_attempts=6691 stage2_phase_placement_authority_elapsed_ms=1620.746527 avg_stage2_phase_placement_authority_us_per_task=242.227847 stage2_phase_completion_handoff_attempts=1019 stage2_phase_completion_handoff_task_attempts=6691 stage2_phase_completion_handoff_elapsed_ms=1.376540 avg_stage2_phase_completion_handoff_us_per_task=0.205730 stage2_phase_finalize_attempts=1019 stage2_phase_finalize_task_attempts=6691 stage2_phase_finalize_elapsed_ms=7.988190 avg_stage2_phase_finalize_us_per_task=1.193871 maintenance_worker_idle_waits=532992 maintenance_worker_idle_ms=778396.095025 maintenance_lost_wake_avoided=139728 maintenance_targeted_wakes=1707023 maintenance_generic_wakes=6690 maintenance_broadcast_wakes=0 maintenance_context_slots_scanned=5944656 maintenance_ready_notifications=620529 maintenance_ready_stale_notifications=0 maintenance_ready_tickets_drained=490743 maintenance_ready_overflow_scans=0 maintenance_ready_fallback_scans=371847 stage2_search_lane_lease_limit=32 stage2_search_lane_lease_peak=16 stage2_search_lane_lease_blocked=0 maintenance_worker_observed_idle_ratio=0.884212 maintenance_worker_observed_busy_ratio=0.115788 physical_stage1_items=6691 physical_stage1_total_ns=29876006368 physical_stage1_search_ns=27966064371 physical_stage1_prune_ns=1231409368 physical_stage1_allocate_write_ns=480053794 physical_stage1_backlink_ns=178793653 physical_stage1_candidates=856154 physical_stage1_remote_frontier_items=36525086 physical_stage1_neighbors=257987 peer_stage1_enqueued=10959 peer_stage1_processed=10959 peer_stage1_items=10678 avg_peer_stage1_items=0.974359 peer_stage1_rate_per_sec=97.036641 peer_stage1_max_queue=5 peer_stage1_active_workers=0 peer_stage2_home_enqueued=83980 peer_stage2_home_processed=83980 peer_stage2_home_items=8517969 avg_peer_stage2_home_items=101.428543 peer_stage2_home_max_queue=12 peer_stage2_home_response_queue_drops=0 peer_stage2_home_response_send_wait_ms=622.811513 avg_peer_stage2_home_queue_wait_us=16.982533 avg_peer_stage2_home_execution_us=47.372019 peer_stage1_release_deferred_batches=291 peer_stage1_release_deferred_items=291 peer_stage1_duplicate_retry_responses=0 peer_stage1_admission_retry_responses=0 peer_stage1_retry_response_drops=0 peer_stage1_admission_waiters=0 peer_stage1_admission_waiter_items=0 peer_stage1_admission_owned_items=0 peer_stage1_admission_wake_coverage=0 peer_stage1_admission_parked=0 peer_stage1_admission_woken=0 peer_stage1_admission_reparked=0 peer_stage1_max_admission_waiters=0 peer_stage1_duplicate_coalesced=0 peer_reverse_enqueued=2944 peer_reverse_processed=2944 peer_reverse_remaining=0 peer_reverse_items_enqueued=51864 peer_reverse_items_processed=51864 peer_reverse_rate_per_sec=471.315637 peer_reverse_failed=64 peer_reverse_max_queue=6 reclaim_pending=100 reclaim_reused=6031 dynamic_high_watermark=19601804768 stage2_remaining=0 cleanup_remaining=0 active_contexts=0 active_context_limit=32 repair_remaining=0 remaining=0
[STATUS]: storage-owner maintenance observation: enqueued=6691 stage2_enqueued=6691 cleanup_enqueued=0 stage2_tasks_done=6691 stage2_finalized_live=6691 cleanup_processed=0 stale=0 stage2_completion_ratio=1.000000 live_stage2_completion_ratio=1.000000 avg_stage2_delay_ms=228.582297 p99_stage2_delay_upper_ms=512.000000 p99_stage2_delay_over_30s=false stage2_delay_histogram=0,0,0,0,0,0,36,608,3926,2090,31,0,0,0,0,0,0,0 max_stage2_delay_ms=616.446189 compaction_batch_target=32 compaction_max_delay_ms=25.000000 stage2_rate_per_sec=58.161117 stage1_search_budget_exhausted=0 stage2_search_budget_exhausted=0 stage2_continuations=6691 stage2_remote_frontier_items=36525086 avg_stage2_remote_frontier=5458.838141 stage2_remote_expansions=750329 avg_stage2_remote_expansions=112.140039 stage2_scored_candidates=54231864 avg_stage2_scored_candidates=8105.195636 stage2_graph_read_waves=138244 avg_stage2_expansions_per_graph_wave=5.427570 stage2_graph_unique_reads=765335 stage2_graph_prefetch_issued=548291 stage2_graph_prefetch_hits=533285 stage2_graph_prefetch_wasted=15006 stage2_graph_prefetch_promotion_ratio=0.972631 stage2_graph_issue_width_current=16 stage2_vector_read_waves=275840 avg_stage2_scores_per_vector_wave=196.606235 stage2_vector_unique_reads=49801054 stage2_home_rpc_batches=337793 stage2_home_rpc_items=37539436 avg_stage2_home_rpc_batch=111.131480 stage2_home_score_rpc_batches=149326 stage2_home_score_rpc_items=36774101 stage2_home_score_rpc_queries=987888 stage2_home_score_rpc_request_bytes=988588088 stage2_home_score_rpc_response_bytes=1182831272 avg_stage2_home_score_queries_per_rpc=6.615646 avg_stage2_home_score_rpc_batch=246.267234 stage2_home_scored_neighbors=41202938 home_scores_per_expansion=1.097591 stage2_migrations=6131 home_match_rate=0.083695 stage2_final_edges=259149 stage2_cross_edges_stage1_home=222327 stage2_cross_edges_final_home=182999 cross_edge_reduction_ratio=0.176893 failed=0 rpc_timeouts=0 reverse_aggregate_batches=0 reverse_aggregate_logical_requests=0 reverse_aggregate_ops=0 avg_reverse_aggregate_logicals=0.000000 avg_reverse_aggregate_ops=0.000000 max_backlog=8 admission_window=65536 completion_outstanding=0 completion_incomplete=0 completed_behind_hole=0 completion_logical_full_failures=0 completion_physical_full_failures=0 pressure_yields=4119 stage2_batches=1019 avg_stage2_batch_size=6.566241 packing_target_batch=8 packing_admit_queue_avg=6.566241 packing_admit_queue_max=8 packing_batch_1_7=598 packing_batch_8=421 packing_assembly_batches=1019 packing_assembly_wait_ms=20926.372725 packing_arrival_interval_us=3424 packing_waited_batches=598 packing_wait_ms=13342.750000 packing_target_flushes=421 packing_deadline_flushes=598 packing_cleanup_flushes=0 stage2_phase_search_attempts=1019 stage2_phase_search_task_attempts=6691 stage2_phase_search_elapsed_ms=184580.392962 avg_stage2_phase_search_us_per_task=27586.368699 stage2_phase_freeze_prune_attempts=1051 stage2_phase_freeze_prune_task_attempts=6913 stage2_phase_freeze_prune_elapsed_ms=3938.163151 avg_stage2_phase_freeze_prune_us_per_task=569.674982 stage2_phase_reverse_prepare_attempts=1019 stage2_phase_reverse_prepare_task_attempts=6691 stage2_phase_reverse_prepare_elapsed_ms=11012.802991 avg_stage2_phase_reverse_prepare_us_per_task=1645.912867 stage2_phase_placement_authority_attempts=1019 stage2_phase_placement_authority_task_attempts=6691 stage2_phase_placement_authority_elapsed_ms=1620.746527 avg_stage2_phase_placement_authority_us_per_task=242.227847 stage2_phase_completion_handoff_attempts=1019 stage2_phase_completion_handoff_task_attempts=6691 stage2_phase_completion_handoff_elapsed_ms=1.376540 avg_stage2_phase_completion_handoff_us_per_task=0.205730 stage2_phase_finalize_attempts=1019 stage2_phase_finalize_task_attempts=6691 stage2_phase_finalize_elapsed_ms=7.988190 avg_stage2_phase_finalize_us_per_task=1.193871 maintenance_worker_idle_waits=537088 maintenance_worker_idle_ms=819597.955769 maintenance_lost_wake_avoided=139728 maintenance_targeted_wakes=1707023 maintenance_generic_wakes=6690 maintenance_broadcast_wakes=0 maintenance_context_slots_scanned=6010192 maintenance_ready_notifications=620529 maintenance_ready_stale_notifications=0 maintenance_ready_tickets_drained=490743 maintenance_ready_overflow_scans=0 maintenance_ready_fallback_scans=375822 stage2_search_lane_lease_limit=32 stage2_search_lane_lease_peak=16 stage2_search_lane_lease_blocked=0 maintenance_worker_observed_idle_ratio=0.890538 maintenance_worker_observed_busy_ratio=0.109462 physical_stage1_items=6691 physical_stage1_total_ns=29876006368 physical_stage1_search_ns=27966064371 physical_stage1_prune_ns=1231409368 physical_stage1_allocate_write_ns=480053794 physical_stage1_backlink_ns=178793653 physical_stage1_candidates=856154 physical_stage1_remote_frontier_items=36525086 physical_stage1_neighbors=257987 peer_stage1_enqueued=10959 peer_stage1_processed=10959 peer_stage1_items=10678 avg_peer_stage1_items=0.974359 peer_stage1_rate_per_sec=92.817877 peer_stage1_max_queue=5 peer_stage1_active_workers=0 peer_stage2_home_enqueued=83980 peer_stage2_home_processed=83980 peer_stage2_home_items=8517969 avg_peer_stage2_home_items=101.428543 peer_stage2_home_max_queue=12 peer_stage2_home_response_queue_drops=0 peer_stage2_home_response_send_wait_ms=622.811513 avg_peer_stage2_home_queue_wait_us=16.982533 avg_peer_stage2_home_execution_us=47.372019 peer_stage1_release_deferred_batches=291 peer_stage1_release_deferred_items=291 peer_stage1_duplicate_retry_responses=0 peer_stage1_admission_retry_responses=0 peer_stage1_retry_response_drops=0 peer_stage1_admission_waiters=0 peer_stage1_admission_waiter_items=0 peer_stage1_admission_owned_items=0 peer_stage1_admission_wake_coverage=0 peer_stage1_admission_parked=0 peer_stage1_admission_woken=0 peer_stage1_admission_reparked=0 peer_stage1_max_admission_waiters=0 peer_stage1_duplicate_coalesced=0 peer_reverse_enqueued=2944 peer_reverse_processed=2944 peer_reverse_remaining=0 peer_reverse_items_enqueued=51864 peer_reverse_items_processed=51864 peer_reverse_rate_per_sec=450.824719 peer_reverse_failed=64 peer_reverse_max_queue=6 reclaim_pending=100 reclaim_reused=6031 dynamic_high_watermark=19601804768 stage2_remaining=0 cleanup_remaining=0 active_contexts=0 active_context_limit=32 repair_remaining=0 remaining=0
[STATUS]: storage-owner maintenance observation: enqueued=6691 stage2_enqueued=6691 cleanup_enqueued=0 stage2_tasks_done=6691 stage2_finalized_live=6691 cleanup_processed=0 stale=0 stage2_completion_ratio=1.000000 live_stage2_completion_ratio=1.000000 avg_stage2_delay_ms=228.582297 p99_stage2_delay_upper_ms=512.000000 p99_stage2_delay_over_30s=false stage2_delay_histogram=0,0,0,0,0,0,36,608,3926,2090,31,0,0,0,0,0,0,0 max_stage2_delay_ms=616.446189 compaction_batch_target=32 compaction_max_delay_ms=25.000000 stage2_rate_per_sec=55.738369 stage1_search_budget_exhausted=0 stage2_search_budget_exhausted=0 stage2_continuations=6691 stage2_remote_frontier_items=36525086 avg_stage2_remote_frontier=5458.838141 stage2_remote_expansions=750329 avg_stage2_remote_expansions=112.140039 stage2_scored_candidates=54231864 avg_stage2_scored_candidates=8105.195636 stage2_graph_read_waves=138244 avg_stage2_expansions_per_graph_wave=5.427570 stage2_graph_unique_reads=765335 stage2_graph_prefetch_issued=548291 stage2_graph_prefetch_hits=533285 stage2_graph_prefetch_wasted=15006 stage2_graph_prefetch_promotion_ratio=0.972631 stage2_graph_issue_width_current=16 stage2_vector_read_waves=275840 avg_stage2_scores_per_vector_wave=196.606235 stage2_vector_unique_reads=49801054 stage2_home_rpc_batches=337793 stage2_home_rpc_items=37539436 avg_stage2_home_rpc_batch=111.131480 stage2_home_score_rpc_batches=149326 stage2_home_score_rpc_items=36774101 stage2_home_score_rpc_queries=987888 stage2_home_score_rpc_request_bytes=988588088 stage2_home_score_rpc_response_bytes=1182831272 avg_stage2_home_score_queries_per_rpc=6.615646 avg_stage2_home_score_rpc_batch=246.267234 stage2_home_scored_neighbors=41202938 home_scores_per_expansion=1.097591 stage2_migrations=6131 home_match_rate=0.083695 stage2_final_edges=259149 stage2_cross_edges_stage1_home=222327 stage2_cross_edges_final_home=182999 cross_edge_reduction_ratio=0.176893 failed=0 rpc_timeouts=0 reverse_aggregate_batches=0 reverse_aggregate_logical_requests=0 reverse_aggregate_ops=0 avg_reverse_aggregate_logicals=0.000000 avg_reverse_aggregate_ops=0.000000 max_backlog=8 admission_window=65536 completion_outstanding=0 completion_incomplete=0 completed_behind_hole=0 completion_logical_full_failures=0 completion_physical_full_failures=0 pressure_yields=4119 stage2_batches=1019 avg_stage2_batch_size=6.566241 packing_target_batch=8 packing_admit_queue_avg=6.566241 packing_admit_queue_max=8 packing_batch_1_7=598 packing_batch_8=421 packing_assembly_batches=1019 packing_assembly_wait_ms=20926.372725 packing_arrival_interval_us=3424 packing_waited_batches=598 packing_wait_ms=13342.750000 packing_target_flushes=421 packing_deadline_flushes=598 packing_cleanup_flushes=0 stage2_phase_search_attempts=1019 stage2_phase_search_task_attempts=6691 stage2_phase_search_elapsed_ms=184580.392962 avg_stage2_phase_search_us_per_task=27586.368699 stage2_phase_freeze_prune_attempts=1051 stage2_phase_freeze_prune_task_attempts=6913 stage2_phase_freeze_prune_elapsed_ms=3938.163151 avg_stage2_phase_freeze_prune_us_per_task=569.674982 stage2_phase_reverse_prepare_attempts=1019 stage2_phase_reverse_prepare_task_attempts=6691 stage2_phase_reverse_prepare_elapsed_ms=11012.802991 avg_stage2_phase_reverse_prepare_us_per_task=1645.912867 stage2_phase_placement_authority_attempts=1019 stage2_phase_placement_authority_task_attempts=6691 stage2_phase_placement_authority_elapsed_ms=1620.746527 avg_stage2_phase_placement_authority_us_per_task=242.227847 stage2_phase_completion_handoff_attempts=1019 stage2_phase_completion_handoff_task_attempts=6691 stage2_phase_completion_handoff_elapsed_ms=1.376540 avg_stage2_phase_completion_handoff_us_per_task=0.205730 stage2_phase_finalize_attempts=1019 stage2_phase_finalize_task_attempts=6691 stage2_phase_finalize_elapsed_ms=7.988190 avg_stage2_phase_finalize_us_per_task=1.193871 maintenance_worker_idle_waits=540928 maintenance_worker_idle_ms=858222.638920 maintenance_lost_wake_avoided=139728 maintenance_targeted_wakes=1707023 maintenance_generic_wakes=6690 maintenance_broadcast_wakes=0 maintenance_context_slots_scanned=6071632 maintenance_ready_notifications=620529 maintenance_ready_stale_notifications=0 maintenance_ready_tickets_drained=490743 maintenance_ready_overflow_scans=0 maintenance_ready_fallback_scans=379798 stage2_search_lane_lease_limit=32 stage2_search_lane_lease_peak=16 stage2_search_lane_lease_blocked=0 maintenance_worker_observed_idle_ratio=0.893662 maintenance_worker_observed_busy_ratio=0.106338 physical_stage1_items=6691 physical_stage1_total_ns=29876006368 physical_stage1_search_ns=27966064371 physical_stage1_prune_ns=1231409368 physical_stage1_allocate_write_ns=480053794 physical_stage1_backlink_ns=178793653 physical_stage1_candidates=856154 physical_stage1_remote_frontier_items=36525086 physical_stage1_neighbors=257987 peer_stage1_enqueued=10959 peer_stage1_processed=10959 peer_stage1_items=10678 avg_peer_stage1_items=0.974359 peer_stage1_rate_per_sec=88.951474 peer_stage1_max_queue=5 peer_stage1_active_workers=0 peer_stage2_home_enqueued=83980 peer_stage2_home_processed=83980 peer_stage2_home_items=8517969 avg_peer_stage2_home_items=101.428543 peer_stage2_home_max_queue=12 peer_stage2_home_response_queue_drops=0 peer_stage2_home_response_send_wait_ms=622.811513 avg_peer_stage2_home_queue_wait_us=16.982533 avg_peer_stage2_home_execution_us=47.372019 peer_stage1_release_deferred_batches=291 peer_stage1_release_deferred_items=291 peer_stage1_duplicate_retry_responses=0 peer_stage1_admission_retry_responses=0 peer_stage1_retry_response_drops=0 peer_stage1_admission_waiters=0 peer_stage1_admission_waiter_items=0 peer_stage1_admission_owned_items=0 peer_stage1_admission_wake_coverage=0 peer_stage1_admission_parked=0 peer_stage1_admission_woken=0 peer_stage1_admission_reparked=0 peer_stage1_max_admission_waiters=0 peer_stage1_duplicate_coalesced=0 peer_reverse_enqueued=2944 peer_reverse_processed=2944 peer_reverse_remaining=0 peer_reverse_items_enqueued=51864 peer_reverse_items_processed=51864 peer_reverse_rate_per_sec=432.045254 peer_reverse_failed=64 peer_reverse_max_queue=6 reclaim_pending=100 reclaim_reused=6031 dynamic_high_watermark=19601804768 stage2_remaining=0 cleanup_remaining=0 active_contexts=0 active_context_limit=32 repair_remaining=0 remaining=0
[STATUS]: storage-owner maintenance observation: enqueued=6691 stage2_enqueued=6691 cleanup_enqueued=0 stage2_tasks_done=6691 stage2_finalized_live=6691 cleanup_processed=0 stale=0 stage2_completion_ratio=1.000000 live_stage2_completion_ratio=1.000000 avg_stage2_delay_ms=228.582297 p99_stage2_delay_upper_ms=512.000000 p99_stage2_delay_over_30s=false stage2_delay_histogram=0,0,0,0,0,0,36,608,3926,2090,31,0,0,0,0,0,0,0 max_stage2_delay_ms=616.446189 compaction_batch_target=32 compaction_max_delay_ms=25.000000 stage2_rate_per_sec=53.508297 stage1_search_budget_exhausted=0 stage2_search_budget_exhausted=0 stage2_continuations=6691 stage2_remote_frontier_items=36525086 avg_stage2_remote_frontier=5458.838141 stage2_remote_expansions=750329 avg_stage2_remote_expansions=112.140039 stage2_scored_candidates=54231864 avg_stage2_scored_candidates=8105.195636 stage2_graph_read_waves=138244 avg_stage2_expansions_per_graph_wave=5.427570 stage2_graph_unique_reads=765335 stage2_graph_prefetch_issued=548291 stage2_graph_prefetch_hits=533285 stage2_graph_prefetch_wasted=15006 stage2_graph_prefetch_promotion_ratio=0.972631 stage2_graph_issue_width_current=16 stage2_vector_read_waves=275840 avg_stage2_scores_per_vector_wave=196.606235 stage2_vector_unique_reads=49801054 stage2_home_rpc_batches=337793 stage2_home_rpc_items=37539436 avg_stage2_home_rpc_batch=111.131480 stage2_home_score_rpc_batches=149326 stage2_home_score_rpc_items=36774101 stage2_home_score_rpc_queries=987888 stage2_home_score_rpc_request_bytes=988588088 stage2_home_score_rpc_response_bytes=1182831272 avg_stage2_home_score_queries_per_rpc=6.615646 avg_stage2_home_score_rpc_batch=246.267234 stage2_home_scored_neighbors=41202938 home_scores_per_expansion=1.097591 stage2_migrations=6131 home_match_rate=0.083695 stage2_final_edges=259149 stage2_cross_edges_stage1_home=222327 stage2_cross_edges_final_home=182999 cross_edge_reduction_ratio=0.176893 failed=0 rpc_timeouts=0 reverse_aggregate_batches=0 reverse_aggregate_logical_requests=0 reverse_aggregate_ops=0 avg_reverse_aggregate_logicals=0.000000 avg_reverse_aggregate_ops=0.000000 max_backlog=8 admission_window=65536 completion_outstanding=0 completion_incomplete=0 completed_behind_hole=0 completion_logical_full_failures=0 completion_physical_full_failures=0 pressure_yields=4119 stage2_batches=1019 avg_stage2_batch_size=6.566241 packing_target_batch=8 packing_admit_queue_avg=6.566241 packing_admit_queue_max=8 packing_batch_1_7=598 packing_batch_8=421 packing_assembly_batches=1019 packing_assembly_wait_ms=20926.372725 packing_arrival_interval_us=3424 packing_waited_batches=598 packing_wait_ms=13342.750000 packing_target_flushes=421 packing_deadline_flushes=598 packing_cleanup_flushes=0 stage2_phase_search_attempts=1019 stage2_phase_search_task_attempts=6691 stage2_phase_search_elapsed_ms=184580.392962 avg_stage2_phase_search_us_per_task=27586.368699 stage2_phase_freeze_prune_attempts=1051 stage2_phase_freeze_prune_task_attempts=6913 stage2_phase_freeze_prune_elapsed_ms=3938.163151 avg_stage2_phase_freeze_prune_us_per_task=569.674982 stage2_phase_reverse_prepare_attempts=1019 stage2_phase_reverse_prepare_task_attempts=6691 stage2_phase_reverse_prepare_elapsed_ms=11012.802991 avg_stage2_phase_reverse_prepare_us_per_task=1645.912867 stage2_phase_placement_authority_attempts=1019 stage2_phase_placement_authority_task_attempts=6691 stage2_phase_placement_authority_elapsed_ms=1620.746527 avg_stage2_phase_placement_authority_us_per_task=242.227847 stage2_phase_completion_handoff_attempts=1019 stage2_phase_completion_handoff_task_attempts=6691 stage2_phase_completion_handoff_elapsed_ms=1.376540 avg_stage2_phase_completion_handoff_us_per_task=0.205730 stage2_phase_finalize_attempts=1019 stage2_phase_finalize_task_attempts=6691 stage2_phase_finalize_elapsed_ms=7.988190 avg_stage2_phase_finalize_us_per_task=1.193871 maintenance_worker_idle_waits=544960 maintenance_worker_idle_ms=898778.415439 maintenance_lost_wake_avoided=139728 maintenance_targeted_wakes=1707023 maintenance_generic_wakes=6690 maintenance_broadcast_wakes=0 maintenance_context_slots_scanned=6136144 maintenance_ready_notifications=620529 maintenance_ready_stale_notifications=0 maintenance_ready_tickets_drained=490743 maintenance_ready_overflow_scans=0 maintenance_ready_fallback_scans=383776 stage2_search_lane_lease_limit=32 stage2_search_lane_lease_peak=16 stage2_search_lane_lease_blocked=0 maintenance_worker_observed_idle_ratio=0.898448 maintenance_worker_observed_busy_ratio=0.101552 physical_stage1_items=6691 physical_stage1_total_ns=29876006368 physical_stage1_search_ns=27966064371 physical_stage1_prune_ns=1231409368 physical_stage1_allocate_write_ns=480053794 physical_stage1_backlink_ns=178793653 physical_stage1_candidates=856154 physical_stage1_remote_frontier_items=36525086 physical_stage1_neighbors=257987 peer_stage1_enqueued=10959 peer_stage1_processed=10959 peer_stage1_items=10678 avg_peer_stage1_items=0.974359 peer_stage1_rate_per_sec=85.392557 peer_stage1_max_queue=5 peer_stage1_active_workers=0 peer_stage2_home_enqueued=83980 peer_stage2_home_processed=83980 peer_stage2_home_items=8517969 avg_peer_stage2_home_items=101.428543 peer_stage2_home_max_queue=12 peer_stage2_home_response_queue_drops=0 peer_stage2_home_response_send_wait_ms=622.811513 avg_peer_stage2_home_queue_wait_us=16.982533 avg_peer_stage2_home_execution_us=47.372019 peer_stage1_release_deferred_batches=291 peer_stage1_release_deferred_items=291 peer_stage1_duplicate_retry_responses=0 peer_stage1_admission_retry_responses=0 peer_stage1_retry_response_drops=0 peer_stage1_admission_waiters=0 peer_stage1_admission_waiter_items=0 peer_stage1_admission_owned_items=0 peer_stage1_admission_wake_coverage=0 peer_stage1_admission_parked=0 peer_stage1_admission_woken=0 peer_stage1_admission_reparked=0 peer_stage1_max_admission_waiters=0 peer_stage1_duplicate_coalesced=0 peer_reverse_enqueued=2944 peer_reverse_processed=2944 peer_reverse_remaining=0 peer_reverse_items_enqueued=51864 peer_reverse_items_processed=51864 peer_reverse_rate_per_sec=414.759278 peer_reverse_failed=64 peer_reverse_max_queue=6 reclaim_pending=100 reclaim_reused=6031 dynamic_high_watermark=19601804768 stage2_remaining=0 cleanup_remaining=0 active_contexts=0 active_context_limit=32 repair_remaining=0 remaining=0
[STATUS]: storage-owner maintenance observation: enqueued=6691 stage2_enqueued=6691 cleanup_enqueued=0 stage2_tasks_done=6691 stage2_finalized_live=6691 cleanup_processed=0 stale=0 stage2_completion_ratio=1.000000 live_stage2_completion_ratio=1.000000 avg_stage2_delay_ms=228.582297 p99_stage2_delay_upper_ms=512.000000 p99_stage2_delay_over_30s=false stage2_delay_histogram=0,0,0,0,0,0,36,608,3926,2090,31,0,0,0,0,0,0,0 max_stage2_delay_ms=616.446189 compaction_batch_target=32 compaction_max_delay_ms=25.000000 stage2_rate_per_sec=51.450708 stage1_search_budget_exhausted=0 stage2_search_budget_exhausted=0 stage2_continuations=6691 stage2_remote_frontier_items=36525086 avg_stage2_remote_frontier=5458.838141 stage2_remote_expansions=750329 avg_stage2_remote_expansions=112.140039 stage2_scored_candidates=54231864 avg_stage2_scored_candidates=8105.195636 stage2_graph_read_waves=138244 avg_stage2_expansions_per_graph_wave=5.427570 stage2_graph_unique_reads=765335 stage2_graph_prefetch_issued=548291 stage2_graph_prefetch_hits=533285 stage2_graph_prefetch_wasted=15006 stage2_graph_prefetch_promotion_ratio=0.972631 stage2_graph_issue_width_current=16 stage2_vector_read_waves=275840 avg_stage2_scores_per_vector_wave=196.606235 stage2_vector_unique_reads=49801054 stage2_home_rpc_batches=337793 stage2_home_rpc_items=37539436 avg_stage2_home_rpc_batch=111.131480 stage2_home_score_rpc_batches=149326 stage2_home_score_rpc_items=36774101 stage2_home_score_rpc_queries=987888 stage2_home_score_rpc_request_bytes=988588088 stage2_home_score_rpc_response_bytes=1182831272 avg_stage2_home_score_queries_per_rpc=6.615646 avg_stage2_home_score_rpc_batch=246.267234 stage2_home_scored_neighbors=41202938 home_scores_per_expansion=1.097591 stage2_migrations=6131 home_match_rate=0.083695 stage2_final_edges=259149 stage2_cross_edges_stage1_home=222327 stage2_cross_edges_final_home=182999 cross_edge_reduction_ratio=0.176893 failed=0 rpc_timeouts=0 reverse_aggregate_batches=0 reverse_aggregate_logical_requests=0 reverse_aggregate_ops=0 avg_reverse_aggregate_logicals=0.000000 avg_reverse_aggregate_ops=0.000000 max_backlog=8 admission_window=65536 completion_outstanding=0 completion_incomplete=0 completed_behind_hole=0 completion_logical_full_failures=0 completion_physical_full_failures=0 pressure_yields=4119 stage2_batches=1019 avg_stage2_batch_size=6.566241 packing_target_batch=8 packing_admit_queue_avg=6.566241 packing_admit_queue_max=8 packing_batch_1_7=598 packing_batch_8=421 packing_assembly_batches=1019 packing_assembly_wait_ms=20926.372725 packing_arrival_interval_us=3424 packing_waited_batches=598 packing_wait_ms=13342.750000 packing_target_flushes=421 packing_deadline_flushes=598 packing_cleanup_flushes=0 stage2_phase_search_attempts=1019 stage2_phase_search_task_attempts=6691 stage2_phase_search_elapsed_ms=184580.392962 avg_stage2_phase_search_us_per_task=27586.368699 stage2_phase_freeze_prune_attempts=1051 stage2_phase_freeze_prune_task_attempts=6913 stage2_phase_freeze_prune_elapsed_ms=3938.163151 avg_stage2_phase_freeze_prune_us_per_task=569.674982 stage2_phase_reverse_prepare_attempts=1019 stage2_phase_reverse_prepare_task_attempts=6691 stage2_phase_reverse_prepare_elapsed_ms=11012.802991 avg_stage2_phase_reverse_prepare_us_per_task=1645.912867 stage2_phase_placement_authority_attempts=1019 stage2_phase_placement_authority_task_attempts=6691 stage2_phase_placement_authority_elapsed_ms=1620.746527 avg_stage2_phase_placement_authority_us_per_task=242.227847 stage2_phase_completion_handoff_attempts=1019 stage2_phase_completion_handoff_task_attempts=6691 stage2_phase_completion_handoff_elapsed_ms=1.376540 avg_stage2_phase_completion_handoff_us_per_task=0.205730 stage2_phase_finalize_attempts=1019 stage2_phase_finalize_task_attempts=6691 stage2_phase_finalize_elapsed_ms=7.988190 avg_stage2_phase_finalize_us_per_task=1.193871 maintenance_worker_idle_waits=548928 maintenance_worker_idle_ms=938690.087259 maintenance_lost_wake_avoided=139728 maintenance_targeted_wakes=1707023 maintenance_generic_wakes=6690 maintenance_broadcast_wakes=0 maintenance_context_slots_scanned=6199632 maintenance_ready_notifications=620529 maintenance_ready_stale_notifications=0 maintenance_ready_tickets_drained=490743 maintenance_ready_overflow_scans=0 maintenance_ready_fallback_scans=387753 stage2_search_lane_lease_limit=32 stage2_search_lane_lease_peak=16 stage2_search_lane_lease_blocked=0 maintenance_worker_observed_idle_ratio=0.902262 maintenance_worker_observed_busy_ratio=0.097738 physical_stage1_items=6691 physical_stage1_total_ns=29876006368 physical_stage1_search_ns=27966064371 physical_stage1_prune_ns=1231409368 physical_stage1_allocate_write_ns=480053794 physical_stage1_backlink_ns=178793653 physical_stage1_candidates=856154 physical_stage1_remote_frontier_items=36525086 physical_stage1_neighbors=257987 peer_stage1_enqueued=10959 peer_stage1_processed=10959 peer_stage1_items=10678 avg_peer_stage1_items=0.974359 peer_stage1_rate_per_sec=82.108901 peer_stage1_max_queue=5 peer_stage1_active_workers=0 peer_stage2_home_enqueued=83980 peer_stage2_home_processed=83980 peer_stage2_home_items=8517969 avg_peer_stage2_home_items=101.428543 peer_stage2_home_max_queue=12 peer_stage2_home_response_queue_drops=0 peer_stage2_home_response_send_wait_ms=622.811513 avg_peer_stage2_home_queue_wait_us=16.982533 avg_peer_stage2_home_execution_us=47.372019 peer_stage1_release_deferred_batches=291 peer_stage1_release_deferred_items=291 peer_stage1_duplicate_retry_responses=0 peer_stage1_admission_retry_responses=0 peer_stage1_retry_response_drops=0 peer_stage1_admission_waiters=0 peer_stage1_admission_waiter_items=0 peer_stage1_admission_owned_items=0 peer_stage1_admission_wake_coverage=0 peer_stage1_admission_parked=0 peer_stage1_admission_woken=0 peer_stage1_admission_reparked=0 peer_stage1_max_admission_waiters=0 peer_stage1_duplicate_coalesced=0 peer_reverse_enqueued=2944 peer_reverse_processed=2944 peer_reverse_remaining=0 peer_reverse_items_enqueued=51864 peer_reverse_items_processed=51864 peer_reverse_rate_per_sec=398.810269 peer_reverse_failed=64 peer_reverse_max_queue=6 reclaim_pending=100 reclaim_reused=6031 dynamic_high_watermark=19601804768 stage2_remaining=0 cleanup_remaining=0 active_contexts=0 active_context_limit=32 repair_remaining=0 remaining=0
[STATUS]: storage-owner maintenance observation: enqueued=6691 stage2_enqueued=6691 cleanup_enqueued=0 stage2_tasks_done=6691 stage2_finalized_live=6691 cleanup_processed=0 stale=0 stage2_completion_ratio=1.000000 live_stage2_completion_ratio=1.000000 avg_stage2_delay_ms=228.582297 p99_stage2_delay_upper_ms=512.000000 p99_stage2_delay_over_30s=false stage2_delay_histogram=0,0,0,0,0,0,36,608,3926,2090,31,0,0,0,0,0,0,0 max_stage2_delay_ms=616.446189 compaction_batch_target=32 compaction_max_delay_ms=25.000000 stage2_rate_per_sec=49.544906 stage1_search_budget_exhausted=0 stage2_search_budget_exhausted=0 stage2_continuations=6691 stage2_remote_frontier_items=36525086 avg_stage2_remote_frontier=5458.838141 stage2_remote_expansions=750329 avg_stage2_remote_expansions=112.140039 stage2_scored_candidates=54231864 avg_stage2_scored_candidates=8105.195636 stage2_graph_read_waves=138244 avg_stage2_expansions_per_graph_wave=5.427570 stage2_graph_unique_reads=765335 stage2_graph_prefetch_issued=548291 stage2_graph_prefetch_hits=533285 stage2_graph_prefetch_wasted=15006 stage2_graph_prefetch_promotion_ratio=0.972631 stage2_graph_issue_width_current=16 stage2_vector_read_waves=275840 avg_stage2_scores_per_vector_wave=196.606235 stage2_vector_unique_reads=49801054 stage2_home_rpc_batches=337793 stage2_home_rpc_items=37539436 avg_stage2_home_rpc_batch=111.131480 stage2_home_score_rpc_batches=149326 stage2_home_score_rpc_items=36774101 stage2_home_score_rpc_queries=987888 stage2_home_score_rpc_request_bytes=988588088 stage2_home_score_rpc_response_bytes=1182831272 avg_stage2_home_score_queries_per_rpc=6.615646 avg_stage2_home_score_rpc_batch=246.267234 stage2_home_scored_neighbors=41202938 home_scores_per_expansion=1.097591 stage2_migrations=6131 home_match_rate=0.083695 stage2_final_edges=259149 stage2_cross_edges_stage1_home=222327 stage2_cross_edges_final_home=182999 cross_edge_reduction_ratio=0.176893 failed=0 rpc_timeouts=0 reverse_aggregate_batches=0 reverse_aggregate_logical_requests=0 reverse_aggregate_ops=0 avg_reverse_aggregate_logicals=0.000000 avg_reverse_aggregate_ops=0.000000 max_backlog=8 admission_window=65536 completion_outstanding=0 completion_incomplete=0 completed_behind_hole=0 completion_logical_full_failures=0 completion_physical_full_failures=0 pressure_yields=4119 stage2_batches=1019 avg_stage2_batch_size=6.566241 packing_target_batch=8 packing_admit_queue_avg=6.566241 packing_admit_queue_max=8 packing_batch_1_7=598 packing_batch_8=421 packing_assembly_batches=1019 packing_assembly_wait_ms=20926.372725 packing_arrival_interval_us=3424 packing_waited_batches=598 packing_wait_ms=13342.750000 packing_target_flushes=421 packing_deadline_flushes=598 packing_cleanup_flushes=0 stage2_phase_search_attempts=1019 stage2_phase_search_task_attempts=6691 stage2_phase_search_elapsed_ms=184580.392962 avg_stage2_phase_search_us_per_task=27586.368699 stage2_phase_freeze_prune_attempts=1051 stage2_phase_freeze_prune_task_attempts=6913 stage2_phase_freeze_prune_elapsed_ms=3938.163151 avg_stage2_phase_freeze_prune_us_per_task=569.674982 stage2_phase_reverse_prepare_attempts=1019 stage2_phase_reverse_prepare_task_attempts=6691 stage2_phase_reverse_prepare_elapsed_ms=11012.802991 avg_stage2_phase_reverse_prepare_us_per_task=1645.912867 stage2_phase_placement_authority_attempts=1019 stage2_phase_placement_authority_task_attempts=6691 stage2_phase_placement_authority_elapsed_ms=1620.746527 avg_stage2_phase_placement_authority_us_per_task=242.227847 stage2_phase_completion_handoff_attempts=1019 stage2_phase_completion_handoff_task_attempts=6691 stage2_phase_completion_handoff_elapsed_ms=1.376540 avg_stage2_phase_completion_handoff_us_per_task=0.205730 stage2_phase_finalize_attempts=1019 stage2_phase_finalize_task_attempts=6691 stage2_phase_finalize_elapsed_ms=7.988190 avg_stage2_phase_finalize_us_per_task=1.193871 maintenance_worker_idle_waits=552960 maintenance_worker_idle_ms=979246.211415 maintenance_lost_wake_avoided=139728 maintenance_targeted_wakes=1707023 maintenance_generic_wakes=6690 maintenance_broadcast_wakes=0 maintenance_context_slots_scanned=6264144 maintenance_ready_notifications=620529 maintenance_ready_stale_notifications=0 maintenance_ready_tickets_drained=490743 maintenance_ready_overflow_scans=0 maintenance_ready_fallback_scans=391730 stage2_search_lane_lease_limit=32 stage2_search_lane_lease_peak=16 stage2_search_lane_lease_blocked=0 maintenance_worker_observed_idle_ratio=0.906379 maintenance_worker_observed_busy_ratio=0.093621 physical_stage1_items=6691 physical_stage1_total_ns=29876006368 physical_stage1_search_ns=27966064371 physical_stage1_prune_ns=1231409368 physical_stage1_allocate_write_ns=480053794 physical_stage1_backlink_ns=178793653 physical_stage1_candidates=856154 physical_stage1_remote_frontier_items=36525086 physical_stage1_neighbors=257987 peer_stage1_enqueued=10959 peer_stage1_processed=10959 peer_stage1_items=10678 avg_peer_stage1_items=0.974359 peer_stage1_rate_per_sec=79.067479 peer_stage1_max_queue=5 peer_stage1_active_workers=0 peer_stage2_home_enqueued=83980 peer_stage2_home_processed=83980 peer_stage2_home_items=8517969 avg_peer_stage2_home_items=101.428543 peer_stage2_home_max_queue=12 peer_stage2_home_response_queue_drops=0 peer_stage2_home_response_send_wait_ms=622.811513 avg_peer_stage2_home_queue_wait_us=16.982533 avg_peer_stage2_home_execution_us=47.372019 peer_stage1_release_deferred_batches=291 peer_stage1_release_deferred_items=291 peer_stage1_duplicate_retry_responses=0 peer_stage1_admission_retry_responses=0 peer_stage1_retry_response_drops=0 peer_stage1_admission_waiters=0 peer_stage1_admission_waiter_items=0 peer_stage1_admission_owned_items=0 peer_stage1_admission_wake_coverage=0 peer_stage1_admission_parked=0 peer_stage1_admission_woken=0 peer_stage1_admission_reparked=0 peer_stage1_max_admission_waiters=0 peer_stage1_duplicate_coalesced=0 peer_reverse_enqueued=2944 peer_reverse_processed=2944 peer_reverse_remaining=0 peer_reverse_items_enqueued=51864 peer_reverse_items_processed=51864 peer_reverse_rate_per_sec=384.037812 peer_reverse_failed=64 peer_reverse_max_queue=6 reclaim_pending=100 reclaim_reused=6031 dynamic_high_watermark=19601804768 stage2_remaining=0 cleanup_remaining=0 active_contexts=0 active_context_limit=32 repair_remaining=0 remaining=0
[STATUS]: storage-owner maintenance observation: enqueued=6691 stage2_enqueued=6691 cleanup_enqueued=0 stage2_tasks_done=6691 stage2_finalized_live=6691 cleanup_processed=0 stale=0 stage2_completion_ratio=1.000000 live_stage2_completion_ratio=1.000000 avg_stage2_delay_ms=228.582297 p99_stage2_delay_upper_ms=512.000000 p99_stage2_delay_over_30s=false stage2_delay_histogram=0,0,0,0,0,0,36,608,3926,2090,31,0,0,0,0,0,0,0 max_stage2_delay_ms=616.446189 compaction_batch_target=32 compaction_max_delay_ms=25.000000 stage2_rate_per_sec=47.775184 stage1_search_budget_exhausted=0 stage2_search_budget_exhausted=0 stage2_continuations=6691 stage2_remote_frontier_items=36525086 avg_stage2_remote_frontier=5458.838141 stage2_remote_expansions=750329 avg_stage2_remote_expansions=112.140039 stage2_scored_candidates=54231864 avg_stage2_scored_candidates=8105.195636 stage2_graph_read_waves=138244 avg_stage2_expansions_per_graph_wave=5.427570 stage2_graph_unique_reads=765335 stage2_graph_prefetch_issued=548291 stage2_graph_prefetch_hits=533285 stage2_graph_prefetch_wasted=15006 stage2_graph_prefetch_promotion_ratio=0.972631 stage2_graph_issue_width_current=16 stage2_vector_read_waves=275840 avg_stage2_scores_per_vector_wave=196.606235 stage2_vector_unique_reads=49801054 stage2_home_rpc_batches=337793 stage2_home_rpc_items=37539436 avg_stage2_home_rpc_batch=111.131480 stage2_home_score_rpc_batches=149326 stage2_home_score_rpc_items=36774101 stage2_home_score_rpc_queries=987888 stage2_home_score_rpc_request_bytes=988588088 stage2_home_score_rpc_response_bytes=1182831272 avg_stage2_home_score_queries_per_rpc=6.615646 avg_stage2_home_score_rpc_batch=246.267234 stage2_home_scored_neighbors=41202938 home_scores_per_expansion=1.097591 stage2_migrations=6131 home_match_rate=0.083695 stage2_final_edges=259149 stage2_cross_edges_stage1_home=222327 stage2_cross_edges_final_home=182999 cross_edge_reduction_ratio=0.176893 failed=0 rpc_timeouts=0 reverse_aggregate_batches=0 reverse_aggregate_logical_requests=0 reverse_aggregate_ops=0 avg_reverse_aggregate_logicals=0.000000 avg_reverse_aggregate_ops=0.000000 max_backlog=8 admission_window=65536 completion_outstanding=0 completion_incomplete=0 completed_behind_hole=0 completion_logical_full_failures=0 completion_physical_full_failures=0 pressure_yields=4119 stage2_batches=1019 avg_stage2_batch_size=6.566241 packing_target_batch=8 packing_admit_queue_avg=6.566241 packing_admit_queue_max=8 packing_batch_1_7=598 packing_batch_8=421 packing_assembly_batches=1019 packing_assembly_wait_ms=20926.372725 packing_arrival_interval_us=3424 packing_waited_batches=598 packing_wait_ms=13342.750000 packing_target_flushes=421 packing_deadline_flushes=598 packing_cleanup_flushes=0 stage2_phase_search_attempts=1019 stage2_phase_search_task_attempts=6691 stage2_phase_search_elapsed_ms=184580.392962 avg_stage2_phase_search_us_per_task=27586.368699 stage2_phase_freeze_prune_attempts=1051 stage2_phase_freeze_prune_task_attempts=6913 stage2_phase_freeze_prune_elapsed_ms=3938.163151 avg_stage2_phase_freeze_prune_us_per_task=569.674982 stage2_phase_reverse_prepare_attempts=1019 stage2_phase_reverse_prepare_task_attempts=6691 stage2_phase_reverse_prepare_elapsed_ms=11012.802991 avg_stage2_phase_reverse_prepare_us_per_task=1645.912867 stage2_phase_placement_authority_attempts=1019 stage2_phase_placement_authority_task_attempts=6691 stage2_phase_placement_authority_elapsed_ms=1620.746527 avg_stage2_phase_placement_authority_us_per_task=242.227847 stage2_phase_completion_handoff_attempts=1019 stage2_phase_completion_handoff_task_attempts=6691 stage2_phase_completion_handoff_elapsed_ms=1.376540 avg_stage2_phase_completion_handoff_us_per_task=0.205730 stage2_phase_finalize_attempts=1019 stage2_phase_finalize_task_attempts=6691 stage2_phase_finalize_elapsed_ms=7.988190 avg_stage2_phase_finalize_us_per_task=1.193871 maintenance_worker_idle_waits=556928 maintenance_worker_idle_ms=1019159.892055 maintenance_lost_wake_avoided=139728 maintenance_targeted_wakes=1707023 maintenance_generic_wakes=6690 maintenance_broadcast_wakes=0 maintenance_context_slots_scanned=6327632 maintenance_ready_notifications=620529 maintenance_ready_stale_notifications=0 maintenance_ready_tickets_drained=490743 maintenance_ready_overflow_scans=0 maintenance_ready_fallback_scans=395707 stage2_search_lane_lease_limit=32 stage2_search_lane_lease_peak=16 stage2_search_lane_lease_blocked=0 maintenance_worker_observed_idle_ratio=0.909628 maintenance_worker_observed_busy_ratio=0.090372 physical_stage1_items=6691 physical_stage1_total_ns=29876006368 physical_stage1_search_ns=27966064371 physical_stage1_prune_ns=1231409368 physical_stage1_allocate_write_ns=480053794 physical_stage1_backlink_ns=178793653 physical_stage1_candidates=856154 physical_stage1_remote_frontier_items=36525086 physical_stage1_neighbors=257987 peer_stage1_enqueued=10959 peer_stage1_processed=10959 peer_stage1_items=10678 avg_peer_stage1_items=0.974359 peer_stage1_rate_per_sec=76.243225 peer_stage1_max_queue=5 peer_stage1_active_workers=0 peer_stage2_home_enqueued=83980 peer_stage2_home_processed=83980 peer_stage2_home_items=8517969 avg_peer_stage2_home_items=101.428543 peer_stage2_home_max_queue=12 peer_stage2_home_response_queue_drops=0 peer_stage2_home_response_send_wait_ms=622.811513 avg_peer_stage2_home_queue_wait_us=16.982533 avg_peer_stage2_home_execution_us=47.372019 peer_stage1_release_deferred_batches=291 peer_stage1_release_deferred_items=291 peer_stage1_duplicate_retry_responses=0 peer_stage1_admission_retry_responses=0 peer_stage1_retry_response_drops=0 peer_stage1_admission_waiters=0 peer_stage1_admission_waiter_items=0 peer_stage1_admission_owned_items=0 peer_stage1_admission_wake_coverage=0 peer_stage1_admission_parked=0 peer_stage1_admission_woken=0 peer_stage1_admission_reparked=0 peer_stage1_max_admission_waiters=0 peer_stage1_duplicate_coalesced=0 peer_reverse_enqueued=2944 peer_reverse_processed=2944 peer_reverse_remaining=0 peer_reverse_items_enqueued=51864 peer_reverse_items_processed=51864 peer_reverse_rate_per_sec=370.320155 peer_reverse_failed=64 peer_reverse_max_queue=6 reclaim_pending=100 reclaim_reused=6031 dynamic_high_watermark=19601804768 stage2_remaining=0 cleanup_remaining=0 active_contexts=0 active_context_limit=32 repair_remaining=0 remaining=0
[STATUS]: storage-owner maintenance observation: enqueued=6691 stage2_enqueued=6691 cleanup_enqueued=0 stage2_tasks_done=6691 stage2_finalized_live=6691 cleanup_processed=0 stale=0 stage2_completion_ratio=1.000000 live_stage2_completion_ratio=1.000000 avg_stage2_delay_ms=228.582297 p99_stage2_delay_upper_ms=512.000000 p99_stage2_delay_over_30s=false stage2_delay_histogram=0,0,0,0,0,0,36,608,3926,2090,31,0,0,0,0,0,0,0 max_stage2_delay_ms=616.446189 compaction_batch_target=32 compaction_max_delay_ms=25.000000 stage2_rate_per_sec=46.127841 stage1_search_budget_exhausted=0 stage2_search_budget_exhausted=0 stage2_continuations=6691 stage2_remote_frontier_items=36525086 avg_stage2_remote_frontier=5458.838141 stage2_remote_expansions=750329 avg_stage2_remote_expansions=112.140039 stage2_scored_candidates=54231864 avg_stage2_scored_candidates=8105.195636 stage2_graph_read_waves=138244 avg_stage2_expansions_per_graph_wave=5.427570 stage2_graph_unique_reads=765335 stage2_graph_prefetch_issued=548291 stage2_graph_prefetch_hits=533285 stage2_graph_prefetch_wasted=15006 stage2_graph_prefetch_promotion_ratio=0.972631 stage2_graph_issue_width_current=16 stage2_vector_read_waves=275840 avg_stage2_scores_per_vector_wave=196.606235 stage2_vector_unique_reads=49801054 stage2_home_rpc_batches=337793 stage2_home_rpc_items=37539436 avg_stage2_home_rpc_batch=111.131480 stage2_home_score_rpc_batches=149326 stage2_home_score_rpc_items=36774101 stage2_home_score_rpc_queries=987888 stage2_home_score_rpc_request_bytes=988588088 stage2_home_score_rpc_response_bytes=1182831272 avg_stage2_home_score_queries_per_rpc=6.615646 avg_stage2_home_score_rpc_batch=246.267234 stage2_home_scored_neighbors=41202938 home_scores_per_expansion=1.097591 stage2_migrations=6131 home_match_rate=0.083695 stage2_final_edges=259149 stage2_cross_edges_stage1_home=222327 stage2_cross_edges_final_home=182999 cross_edge_reduction_ratio=0.176893 failed=0 rpc_timeouts=0 reverse_aggregate_batches=0 reverse_aggregate_logical_requests=0 reverse_aggregate_ops=0 avg_reverse_aggregate_logicals=0.000000 avg_reverse_aggregate_ops=0.000000 max_backlog=8 admission_window=65536 completion_outstanding=0 completion_incomplete=0 completed_behind_hole=0 completion_logical_full_failures=0 completion_physical_full_failures=0 pressure_yields=4119 stage2_batches=1019 avg_stage2_batch_size=6.566241 packing_target_batch=8 packing_admit_queue_avg=6.566241 packing_admit_queue_max=8 packing_batch_1_7=598 packing_batch_8=421 packing_assembly_batches=1019 packing_assembly_wait_ms=20926.372725 packing_arrival_interval_us=3424 packing_waited_batches=598 packing_wait_ms=13342.750000 packing_target_flushes=421 packing_deadline_flushes=598 packing_cleanup_flushes=0 stage2_phase_search_attempts=1019 stage2_phase_search_task_attempts=6691 stage2_phase_search_elapsed_ms=184580.392962 avg_stage2_phase_search_us_per_task=27586.368699 stage2_phase_freeze_prune_attempts=1051 stage2_phase_freeze_prune_task_attempts=6913 stage2_phase_freeze_prune_elapsed_ms=3938.163151 avg_stage2_phase_freeze_prune_us_per_task=569.674982 stage2_phase_reverse_prepare_attempts=1019 stage2_phase_reverse_prepare_task_attempts=6691 stage2_phase_reverse_prepare_elapsed_ms=11012.802991 avg_stage2_phase_reverse_prepare_us_per_task=1645.912867 stage2_phase_placement_authority_attempts=1019 stage2_phase_placement_authority_task_attempts=6691 stage2_phase_placement_authority_elapsed_ms=1620.746527 avg_stage2_phase_placement_authority_us_per_task=242.227847 stage2_phase_completion_handoff_attempts=1019 stage2_phase_completion_handoff_task_attempts=6691 stage2_phase_completion_handoff_elapsed_ms=1.376540 avg_stage2_phase_completion_handoff_us_per_task=0.205730 stage2_phase_finalize_attempts=1019 stage2_phase_finalize_task_attempts=6691 stage2_phase_finalize_elapsed_ms=7.988190 avg_stage2_phase_finalize_us_per_task=1.193871 maintenance_worker_idle_waits=560896 maintenance_worker_idle_ms=1059072.228017 maintenance_lost_wake_avoided=139728 maintenance_targeted_wakes=1707023 maintenance_generic_wakes=6690 maintenance_broadcast_wakes=0 maintenance_context_slots_scanned=6391120 maintenance_ready_notifications=620529 maintenance_ready_stale_notifications=0 maintenance_ready_tickets_drained=490743 maintenance_ready_overflow_scans=0 maintenance_ready_fallback_scans=399683 stage2_search_lane_lease_limit=32 stage2_search_lane_lease_peak=16 stage2_search_lane_lease_blocked=0 maintenance_worker_observed_idle_ratio=0.912657 maintenance_worker_observed_busy_ratio=0.087343 physical_stage1_items=6691 physical_stage1_total_ns=29876006368 physical_stage1_search_ns=27966064371 physical_stage1_prune_ns=1231409368 physical_stage1_allocate_write_ns=480053794 physical_stage1_backlink_ns=178793653 physical_stage1_candidates=856154 physical_stage1_remote_frontier_items=36525086 physical_stage1_neighbors=257987 peer_stage1_enqueued=10959 peer_stage1_processed=10959 peer_stage1_items=10678 avg_peer_stage1_items=0.974359 peer_stage1_rate_per_sec=73.614271 peer_stage1_max_queue=5 peer_stage1_active_workers=0 peer_stage2_home_enqueued=83980 peer_stage2_home_processed=83980 peer_stage2_home_items=8517969 avg_peer_stage2_home_items=101.428543 peer_stage2_home_max_queue=12 peer_stage2_home_response_queue_drops=0 peer_stage2_home_response_send_wait_ms=622.811513 avg_peer_stage2_home_queue_wait_us=16.982533 avg_peer_stage2_home_execution_us=47.372019 peer_stage1_release_deferred_batches=291 peer_stage1_release_deferred_items=291 peer_stage1_duplicate_retry_responses=0 peer_stage1_admission_retry_responses=0 peer_stage1_retry_response_drops=0 peer_stage1_admission_waiters=0 peer_stage1_admission_waiter_items=0 peer_stage1_admission_owned_items=0 peer_stage1_admission_wake_coverage=0 peer_stage1_admission_parked=0 peer_stage1_admission_woken=0 peer_stage1_admission_reparked=0 peer_stage1_max_admission_waiters=0 peer_stage1_duplicate_coalesced=0 peer_reverse_enqueued=2944 peer_reverse_processed=2944 peer_reverse_remaining=0 peer_reverse_items_enqueued=51864 peer_reverse_items_processed=51864 peer_reverse_rate_per_sec=357.551093 peer_reverse_failed=64 peer_reverse_max_queue=6 reclaim_pending=100 reclaim_reused=6031 dynamic_high_watermark=19601804768 stage2_remaining=0 cleanup_remaining=0 active_contexts=0 active_context_limit=32 repair_remaining=0 remaining=0
[STATUS]: storage-owner maintenance observation: enqueued=6691 stage2_enqueued=6691 cleanup_enqueued=0 stage2_tasks_done=6691 stage2_finalized_live=6691 cleanup_processed=0 stale=0 stage2_completion_ratio=1.000000 live_stage2_completion_ratio=1.000000 avg_stage2_delay_ms=228.582297 p99_stage2_delay_upper_ms=512.000000 p99_stage2_delay_over_30s=false stage2_delay_histogram=0,0,0,0,0,0,36,608,3926,2090,31,0,0,0,0,0,0,0 max_stage2_delay_ms=616.446189 compaction_batch_target=32 compaction_max_delay_ms=25.000000 stage2_rate_per_sec=44.590728 stage1_search_budget_exhausted=0 stage2_search_budget_exhausted=0 stage2_continuations=6691 stage2_remote_frontier_items=36525086 avg_stage2_remote_frontier=5458.838141 stage2_remote_expansions=750329 avg_stage2_remote_expansions=112.140039 stage2_scored_candidates=54231864 avg_stage2_scored_candidates=8105.195636 stage2_graph_read_waves=138244 avg_stage2_expansions_per_graph_wave=5.427570 stage2_graph_unique_reads=765335 stage2_graph_prefetch_issued=548291 stage2_graph_prefetch_hits=533285 stage2_graph_prefetch_wasted=15006 stage2_graph_prefetch_promotion_ratio=0.972631 stage2_graph_issue_width_current=16 stage2_vector_read_waves=275840 avg_stage2_scores_per_vector_wave=196.606235 stage2_vector_unique_reads=49801054 stage2_home_rpc_batches=337793 stage2_home_rpc_items=37539436 avg_stage2_home_rpc_batch=111.131480 stage2_home_score_rpc_batches=149326 stage2_home_score_rpc_items=36774101 stage2_home_score_rpc_queries=987888 stage2_home_score_rpc_request_bytes=988588088 stage2_home_score_rpc_response_bytes=1182831272 avg_stage2_home_score_queries_per_rpc=6.615646 avg_stage2_home_score_rpc_batch=246.267234 stage2_home_scored_neighbors=41202938 home_scores_per_expansion=1.097591 stage2_migrations=6131 home_match_rate=0.083695 stage2_final_edges=259149 stage2_cross_edges_stage1_home=222327 stage2_cross_edges_final_home=182999 cross_edge_reduction_ratio=0.176893 failed=0 rpc_timeouts=0 reverse_aggregate_batches=0 reverse_aggregate_logical_requests=0 reverse_aggregate_ops=0 avg_reverse_aggregate_logicals=0.000000 avg_reverse_aggregate_ops=0.000000 max_backlog=8 admission_window=65536 completion_outstanding=0 completion_incomplete=0 completed_behind_hole=0 completion_logical_full_failures=0 completion_physical_full_failures=0 pressure_yields=4119 stage2_batches=1019 avg_stage2_batch_size=6.566241 packing_target_batch=8 packing_admit_queue_avg=6.566241 packing_admit_queue_max=8 packing_batch_1_7=598 packing_batch_8=421 packing_assembly_batches=1019 packing_assembly_wait_ms=20926.372725 packing_arrival_interval_us=3424 packing_waited_batches=598 packing_wait_ms=13342.750000 packing_target_flushes=421 packing_deadline_flushes=598 packing_cleanup_flushes=0 stage2_phase_search_attempts=1019 stage2_phase_search_task_attempts=6691 stage2_phase_search_elapsed_ms=184580.392962 avg_stage2_phase_search_us_per_task=27586.368699 stage2_phase_freeze_prune_attempts=1051 stage2_phase_freeze_prune_task_attempts=6913 stage2_phase_freeze_prune_elapsed_ms=3938.163151 avg_stage2_phase_freeze_prune_us_per_task=569.674982 stage2_phase_reverse_prepare_attempts=1019 stage2_phase_reverse_prepare_task_attempts=6691 stage2_phase_reverse_prepare_elapsed_ms=11012.802991 avg_stage2_phase_reverse_prepare_us_per_task=1645.912867 stage2_phase_placement_authority_attempts=1019 stage2_phase_placement_authority_task_attempts=6691 stage2_phase_placement_authority_elapsed_ms=1620.746527 avg_stage2_phase_placement_authority_us_per_task=242.227847 stage2_phase_completion_handoff_attempts=1019 stage2_phase_completion_handoff_task_attempts=6691 stage2_phase_completion_handoff_elapsed_ms=1.376540 avg_stage2_phase_completion_handoff_us_per_task=0.205730 stage2_phase_finalize_attempts=1019 stage2_phase_finalize_task_attempts=6691 stage2_phase_finalize_elapsed_ms=7.988190 avg_stage2_phase_finalize_us_per_task=1.193871 maintenance_worker_idle_waits=564800 maintenance_worker_idle_ms=1098342.157099 maintenance_lost_wake_avoided=139728 maintenance_targeted_wakes=1707023 maintenance_generic_wakes=6690 maintenance_broadcast_wakes=0 maintenance_context_slots_scanned=6453584 maintenance_ready_notifications=620529 maintenance_ready_stale_notifications=0 maintenance_ready_tickets_drained=490743 maintenance_ready_overflow_scans=0 maintenance_ready_fallback_scans=403660 stage2_search_lane_lease_limit=32 stage2_search_lane_lease_peak=16 stage2_search_lane_lease_blocked=0 maintenance_worker_observed_idle_ratio=0.914958 maintenance_worker_observed_busy_ratio=0.085042 physical_stage1_items=6691 physical_stage1_total_ns=29876006368 physical_stage1_search_ns=27966064371 physical_stage1_prune_ns=1231409368 physical_stage1_allocate_write_ns=480053794 physical_stage1_backlink_ns=178793653 physical_stage1_candidates=856154 physical_stage1_remote_frontier_items=36525086 physical_stage1_neighbors=257987 peer_stage1_enqueued=10959 peer_stage1_processed=10959 peer_stage1_items=10678 avg_peer_stage1_items=0.974359 peer_stage1_rate_per_sec=71.161231 peer_stage1_max_queue=5 peer_stage1_active_workers=0 peer_stage2_home_enqueued=83980 peer_stage2_home_processed=83980 peer_stage2_home_items=8517969 avg_peer_stage2_home_items=101.428543 peer_stage2_home_max_queue=12 peer_stage2_home_response_queue_drops=0 peer_stage2_home_response_send_wait_ms=622.811513 avg_peer_stage2_home_queue_wait_us=16.982533 avg_peer_stage2_home_execution_us=47.372019 peer_stage1_release_deferred_batches=291 peer_stage1_release_deferred_items=291 peer_stage1_duplicate_retry_responses=0 peer_stage1_admission_retry_responses=0 peer_stage1_retry_response_drops=0 peer_stage1_admission_waiters=0 peer_stage1_admission_waiter_items=0 peer_stage1_admission_owned_items=0 peer_stage1_admission_wake_coverage=0 peer_stage1_admission_parked=0 peer_stage1_admission_woken=0 peer_stage1_admission_reparked=0 peer_stage1_max_admission_waiters=0 peer_stage1_duplicate_coalesced=0 peer_reverse_enqueued=2944 peer_reverse_processed=2944 peer_reverse_remaining=0 peer_reverse_items_enqueued=51864 peer_reverse_items_processed=51864 peer_reverse_rate_per_sec=345.636458 peer_reverse_failed=64 peer_reverse_max_queue=6 reclaim_pending=100 reclaim_reused=6031 dynamic_high_watermark=19601804768 stage2_remaining=0 cleanup_remaining=0 active_contexts=0 active_context_limit=32 repair_remaining=0 remaining=0
[STATUS]: storage-owner maintenance observation: enqueued=6691 stage2_enqueued=6691 cleanup_enqueued=0 stage2_tasks_done=6691 stage2_finalized_live=6691 cleanup_processed=0 stale=0 stage2_completion_ratio=1.000000 live_stage2_completion_ratio=1.000000 avg_stage2_delay_ms=228.582297 p99_stage2_delay_upper_ms=512.000000 p99_stage2_delay_over_30s=false stage2_delay_histogram=0,0,0,0,0,0,36,608,3926,2090,31,0,0,0,0,0,0,0 max_stage2_delay_ms=616.446189 compaction_batch_target=32 compaction_max_delay_ms=25.000000 stage2_rate_per_sec=43.152725 stage1_search_budget_exhausted=0 stage2_search_budget_exhausted=0 stage2_continuations=6691 stage2_remote_frontier_items=36525086 avg_stage2_remote_frontier=5458.838141 stage2_remote_expansions=750329 avg_stage2_remote_expansions=112.140039 stage2_scored_candidates=54231864 avg_stage2_scored_candidates=8105.195636 stage2_graph_read_waves=138244 avg_stage2_expansions_per_graph_wave=5.427570 stage2_graph_unique_reads=765335 stage2_graph_prefetch_issued=548291 stage2_graph_prefetch_hits=533285 stage2_graph_prefetch_wasted=15006 stage2_graph_prefetch_promotion_ratio=0.972631 stage2_graph_issue_width_current=16 stage2_vector_read_waves=275840 avg_stage2_scores_per_vector_wave=196.606235 stage2_vector_unique_reads=49801054 stage2_home_rpc_batches=337793 stage2_home_rpc_items=37539436 avg_stage2_home_rpc_batch=111.131480 stage2_home_score_rpc_batches=149326 stage2_home_score_rpc_items=36774101 stage2_home_score_rpc_queries=987888 stage2_home_score_rpc_request_bytes=988588088 stage2_home_score_rpc_response_bytes=1182831272 avg_stage2_home_score_queries_per_rpc=6.615646 avg_stage2_home_score_rpc_batch=246.267234 stage2_home_scored_neighbors=41202938 home_scores_per_expansion=1.097591 stage2_migrations=6131 home_match_rate=0.083695 stage2_final_edges=259149 stage2_cross_edges_stage1_home=222327 stage2_cross_edges_final_home=182999 cross_edge_reduction_ratio=0.176893 failed=0 rpc_timeouts=0 reverse_aggregate_batches=0 reverse_aggregate_logical_requests=0 reverse_aggregate_ops=0 avg_reverse_aggregate_logicals=0.000000 avg_reverse_aggregate_ops=0.000000 max_backlog=8 admission_window=65536 completion_outstanding=0 completion_incomplete=0 completed_behind_hole=0 completion_logical_full_failures=0 completion_physical_full_failures=0 pressure_yields=4119 stage2_batches=1019 avg_stage2_batch_size=6.566241 packing_target_batch=8 packing_admit_queue_avg=6.566241 packing_admit_queue_max=8 packing_batch_1_7=598 packing_batch_8=421 packing_assembly_batches=1019 packing_assembly_wait_ms=20926.372725 packing_arrival_interval_us=3424 packing_waited_batches=598 packing_wait_ms=13342.750000 packing_target_flushes=421 packing_deadline_flushes=598 packing_cleanup_flushes=0 stage2_phase_search_attempts=1019 stage2_phase_search_task_attempts=6691 stage2_phase_search_elapsed_ms=184580.392962 avg_stage2_phase_search_us_per_task=27586.368699 stage2_phase_freeze_prune_attempts=1051 stage2_phase_freeze_prune_task_attempts=6913 stage2_phase_freeze_prune_elapsed_ms=3938.163151 avg_stage2_phase_freeze_prune_us_per_task=569.674982 stage2_phase_reverse_prepare_attempts=1019 stage2_phase_reverse_prepare_task_attempts=6691 stage2_phase_reverse_prepare_elapsed_ms=11012.802991 avg_stage2_phase_reverse_prepare_us_per_task=1645.912867 stage2_phase_placement_authority_attempts=1019 stage2_phase_placement_authority_task_attempts=6691 stage2_phase_placement_authority_elapsed_ms=1620.746527 avg_stage2_phase_placement_authority_us_per_task=242.227847 stage2_phase_completion_handoff_attempts=1019 stage2_phase_completion_handoff_task_attempts=6691 stage2_phase_completion_handoff_elapsed_ms=1.376540 avg_stage2_phase_completion_handoff_us_per_task=0.205730 stage2_phase_finalize_attempts=1019 stage2_phase_finalize_task_attempts=6691 stage2_phase_finalize_elapsed_ms=7.988190 avg_stage2_phase_finalize_us_per_task=1.193871 maintenance_worker_idle_waits=568832 maintenance_worker_idle_ms=1138898.762410 maintenance_lost_wake_avoided=139728 maintenance_targeted_wakes=1707023 maintenance_generic_wakes=6690 maintenance_broadcast_wakes=0 maintenance_context_slots_scanned=6518096 maintenance_ready_notifications=620529 maintenance_ready_stale_notifications=0 maintenance_ready_tickets_drained=490743 maintenance_ready_overflow_scans=0 maintenance_ready_fallback_scans=407637 stage2_search_lane_lease_limit=32 stage2_search_lane_lease_peak=16 stage2_search_lane_lease_blocked=0 maintenance_worker_observed_idle_ratio=0.918147 maintenance_worker_observed_busy_ratio=0.081853 physical_stage1_items=6691 physical_stage1_total_ns=29876006368 physical_stage1_search_ns=27966064371 physical_stage1_prune_ns=1231409368 physical_stage1_allocate_write_ns=480053794 physical_stage1_backlink_ns=178793653 physical_stage1_candidates=856154 physical_stage1_remote_frontier_items=36525086 physical_stage1_neighbors=257987 peer_stage1_enqueued=10959 peer_stage1_processed=10959 peer_stage1_items=10678 avg_peer_stage1_items=0.974359 peer_stage1_rate_per_sec=68.866357 peer_stage1_max_queue=5 peer_stage1_active_workers=0 peer_stage2_home_enqueued=83980 peer_stage2_home_processed=83980 peer_stage2_home_items=8517969 avg_peer_stage2_home_items=101.428543 peer_stage2_home_max_queue=12 peer_stage2_home_response_queue_drops=0 peer_stage2_home_response_send_wait_ms=622.811513 avg_peer_stage2_home_queue_wait_us=16.982533 avg_peer_stage2_home_execution_us=47.372019 peer_stage1_release_deferred_batches=291 peer_stage1_release_deferred_items=291 peer_stage1_duplicate_retry_responses=0 peer_stage1_admission_retry_responses=0 peer_stage1_retry_response_drops=0 peer_stage1_admission_waiters=0 peer_stage1_admission_waiter_items=0 peer_stage1_admission_owned_items=0 peer_stage1_admission_wake_coverage=0 peer_stage1_admission_parked=0 peer_stage1_admission_woken=0 peer_stage1_admission_reparked=0 peer_stage1_max_admission_waiters=0 peer_stage1_duplicate_coalesced=0 peer_reverse_enqueued=2944 peer_reverse_processed=2944 peer_reverse_remaining=0 peer_reverse_items_enqueued=51864 peer_reverse_items_processed=51864 peer_reverse_rate_per_sec=334.490050 peer_reverse_failed=64 peer_reverse_max_queue=6 reclaim_pending=100 reclaim_reused=6031 dynamic_high_watermark=19601804768 stage2_remaining=0 cleanup_remaining=0 active_contexts=0 active_context_limit=32 repair_remaining=0 remaining=0
[STATUS]: storage-owner maintenance observation: enqueued=6691 stage2_enqueued=6691 cleanup_enqueued=0 stage2_tasks_done=6691 stage2_finalized_live=6691 cleanup_processed=0 stale=0 stage2_completion_ratio=1.000000 live_stage2_completion_ratio=1.000000 avg_stage2_delay_ms=228.582297 p99_stage2_delay_upper_ms=512.000000 p99_stage2_delay_over_30s=false stage2_delay_histogram=0,0,0,0,0,0,36,608,3926,2090,31,0,0,0,0,0,0,0 max_stage2_delay_ms=616.446189 compaction_batch_target=32 compaction_max_delay_ms=25.000000 stage2_rate_per_sec=41.804346 stage1_search_budget_exhausted=0 stage2_search_budget_exhausted=0 stage2_continuations=6691 stage2_remote_frontier_items=36525086 avg_stage2_remote_frontier=5458.838141 stage2_remote_expansions=750329 avg_stage2_remote_expansions=112.140039 stage2_scored_candidates=54231864 avg_stage2_scored_candidates=8105.195636 stage2_graph_read_waves=138244 avg_stage2_expansions_per_graph_wave=5.427570 stage2_graph_unique_reads=765335 stage2_graph_prefetch_issued=548291 stage2_graph_prefetch_hits=533285 stage2_graph_prefetch_wasted=15006 stage2_graph_prefetch_promotion_ratio=0.972631 stage2_graph_issue_width_current=16 stage2_vector_read_waves=275840 avg_stage2_scores_per_vector_wave=196.606235 stage2_vector_unique_reads=49801054 stage2_home_rpc_batches=337793 stage2_home_rpc_items=37539436 avg_stage2_home_rpc_batch=111.131480 stage2_home_score_rpc_batches=149326 stage2_home_score_rpc_items=36774101 stage2_home_score_rpc_queries=987888 stage2_home_score_rpc_request_bytes=988588088 stage2_home_score_rpc_response_bytes=1182831272 avg_stage2_home_score_queries_per_rpc=6.615646 avg_stage2_home_score_rpc_batch=246.267234 stage2_home_scored_neighbors=41202938 home_scores_per_expansion=1.097591 stage2_migrations=6131 home_match_rate=0.083695 stage2_final_edges=259149 stage2_cross_edges_stage1_home=222327 stage2_cross_edges_final_home=182999 cross_edge_reduction_ratio=0.176893 failed=0 rpc_timeouts=0 reverse_aggregate_batches=0 reverse_aggregate_logical_requests=0 reverse_aggregate_ops=0 avg_reverse_aggregate_logicals=0.000000 avg_reverse_aggregate_ops=0.000000 max_backlog=8 admission_window=65536 completion_outstanding=0 completion_incomplete=0 completed_behind_hole=0 completion_logical_full_failures=0 completion_physical_full_failures=0 pressure_yields=4119 stage2_batches=1019 avg_stage2_batch_size=6.566241 packing_target_batch=8 packing_admit_queue_avg=6.566241 packing_admit_queue_max=8 packing_batch_1_7=598 packing_batch_8=421 packing_assembly_batches=1019 packing_assembly_wait_ms=20926.372725 packing_arrival_interval_us=3424 packing_waited_batches=598 packing_wait_ms=13342.750000 packing_target_flushes=421 packing_deadline_flushes=598 packing_cleanup_flushes=0 stage2_phase_search_attempts=1019 stage2_phase_search_task_attempts=6691 stage2_phase_search_elapsed_ms=184580.392962 avg_stage2_phase_search_us_per_task=27586.368699 stage2_phase_freeze_prune_attempts=1051 stage2_phase_freeze_prune_task_attempts=6913 stage2_phase_freeze_prune_elapsed_ms=3938.163151 avg_stage2_phase_freeze_prune_us_per_task=569.674982 stage2_phase_reverse_prepare_attempts=1019 stage2_phase_reverse_prepare_task_attempts=6691 stage2_phase_reverse_prepare_elapsed_ms=11012.802991 avg_stage2_phase_reverse_prepare_us_per_task=1645.912867 stage2_phase_placement_authority_attempts=1019 stage2_phase_placement_authority_task_attempts=6691 stage2_phase_placement_authority_elapsed_ms=1620.746527 avg_stage2_phase_placement_authority_us_per_task=242.227847 stage2_phase_completion_handoff_attempts=1019 stage2_phase_completion_handoff_task_attempts=6691 stage2_phase_completion_handoff_elapsed_ms=1.376540 avg_stage2_phase_completion_handoff_us_per_task=0.205730 stage2_phase_finalize_attempts=1019 stage2_phase_finalize_task_attempts=6691 stage2_phase_finalize_elapsed_ms=7.988190 avg_stage2_phase_finalize_us_per_task=1.193871 maintenance_worker_idle_waits=572864 maintenance_worker_idle_ms=1179456.238478 maintenance_lost_wake_avoided=139728 maintenance_targeted_wakes=1707023 maintenance_generic_wakes=6690 maintenance_broadcast_wakes=0 maintenance_context_slots_scanned=6582608 maintenance_ready_notifications=620529 maintenance_ready_stale_notifications=0 maintenance_ready_tickets_drained=490743 maintenance_ready_overflow_scans=0 maintenance_ready_fallback_scans=411612 stage2_search_lane_lease_limit=32 stage2_search_lane_lease_peak=16 stage2_search_lane_lease_blocked=0 maintenance_worker_observed_idle_ratio=0.921133 maintenance_worker_observed_busy_ratio=0.078867 physical_stage1_items=6691 physical_stage1_total_ns=29876006368 physical_stage1_search_ns=27966064371 physical_stage1_prune_ns=1231409368 physical_stage1_allocate_write_ns=480053794 physical_stage1_backlink_ns=178793653 physical_stage1_candidates=856154 physical_stage1_remote_frontier_items=36525086 physical_stage1_neighbors=257987 peer_stage1_enqueued=10959 peer_stage1_processed=10959 peer_stage1_items=10678 avg_peer_stage1_items=0.974359 peer_stage1_rate_per_sec=66.714512 peer_stage1_max_queue=5 peer_stage1_active_workers=0 peer_stage2_home_enqueued=83980 peer_stage2_home_processed=83980 peer_stage2_home_items=8517969 avg_peer_stage2_home_items=101.428543 peer_stage2_home_max_queue=12 peer_stage2_home_response_queue_drops=0 peer_stage2_home_response_send_wait_ms=622.811513 avg_peer_stage2_home_queue_wait_us=16.982533 avg_peer_stage2_home_execution_us=47.372019 peer_stage1_release_deferred_batches=291 peer_stage1_release_deferred_items=291 peer_stage1_duplicate_retry_responses=0 peer_stage1_admission_retry_responses=0 peer_stage1_retry_response_drops=0 peer_stage1_admission_waiters=0 peer_stage1_admission_waiter_items=0 peer_stage1_admission_owned_items=0 peer_stage1_admission_wake_coverage=0 peer_stage1_admission_parked=0 peer_stage1_admission_woken=0 peer_stage1_admission_reparked=0 peer_stage1_max_admission_waiters=0 peer_stage1_duplicate_coalesced=0 peer_reverse_enqueued=2944 peer_reverse_processed=2944 peer_reverse_remaining=0 peer_reverse_items_enqueued=51864 peer_reverse_items_processed=51864 peer_reverse_rate_per_sec=324.038347 peer_reverse_failed=64 peer_reverse_max_queue=6 reclaim_pending=100 reclaim_reused=6031 dynamic_high_watermark=19601804768 stage2_remaining=0 cleanup_remaining=0 active_contexts=0 active_context_limit=32 repair_remaining=0 remaining=0
[STATUS]: storage-owner maintenance observation: enqueued=6691 stage2_enqueued=6691 cleanup_enqueued=0 stage2_tasks_done=6691 stage2_finalized_live=6691 cleanup_processed=0 stale=0 stage2_completion_ratio=1.000000 live_stage2_completion_ratio=1.000000 avg_stage2_delay_ms=228.582297 p99_stage2_delay_upper_ms=512.000000 p99_stage2_delay_over_30s=false stage2_delay_histogram=0,0,0,0,0,0,36,608,3926,2090,31,0,0,0,0,0,0,0 max_stage2_delay_ms=616.446189 compaction_batch_target=32 compaction_max_delay_ms=25.000000 stage2_rate_per_sec=40.537466 stage1_search_budget_exhausted=0 stage2_search_budget_exhausted=0 stage2_continuations=6691 stage2_remote_frontier_items=36525086 avg_stage2_remote_frontier=5458.838141 stage2_remote_expansions=750329 avg_stage2_remote_expansions=112.140039 stage2_scored_candidates=54231864 avg_stage2_scored_candidates=8105.195636 stage2_graph_read_waves=138244 avg_stage2_expansions_per_graph_wave=5.427570 stage2_graph_unique_reads=765335 stage2_graph_prefetch_issued=548291 stage2_graph_prefetch_hits=533285 stage2_graph_prefetch_wasted=15006 stage2_graph_prefetch_promotion_ratio=0.972631 stage2_graph_issue_width_current=16 stage2_vector_read_waves=275840 avg_stage2_scores_per_vector_wave=196.606235 stage2_vector_unique_reads=49801054 stage2_home_rpc_batches=337793 stage2_home_rpc_items=37539436 avg_stage2_home_rpc_batch=111.131480 stage2_home_score_rpc_batches=149326 stage2_home_score_rpc_items=36774101 stage2_home_score_rpc_queries=987888 stage2_home_score_rpc_request_bytes=988588088 stage2_home_score_rpc_response_bytes=1182831272 avg_stage2_home_score_queries_per_rpc=6.615646 avg_stage2_home_score_rpc_batch=246.267234 stage2_home_scored_neighbors=41202938 home_scores_per_expansion=1.097591 stage2_migrations=6131 home_match_rate=0.083695 stage2_final_edges=259149 stage2_cross_edges_stage1_home=222327 stage2_cross_edges_final_home=182999 cross_edge_reduction_ratio=0.176893 failed=0 rpc_timeouts=0 reverse_aggregate_batches=0 reverse_aggregate_logical_requests=0 reverse_aggregate_ops=0 avg_reverse_aggregate_logicals=0.000000 avg_reverse_aggregate_ops=0.000000 max_backlog=8 admission_window=65536 completion_outstanding=0 completion_incomplete=0 completed_behind_hole=0 completion_logical_full_failures=0 completion_physical_full_failures=0 pressure_yields=4119 stage2_batches=1019 avg_stage2_batch_size=6.566241 packing_target_batch=8 packing_admit_queue_avg=6.566241 packing_admit_queue_max=8 packing_batch_1_7=598 packing_batch_8=421 packing_assembly_batches=1019 packing_assembly_wait_ms=20926.372725 packing_arrival_interval_us=3424 packing_waited_batches=598 packing_wait_ms=13342.750000 packing_target_flushes=421 packing_deadline_flushes=598 packing_cleanup_flushes=0 stage2_phase_search_attempts=1019 stage2_phase_search_task_attempts=6691 stage2_phase_search_elapsed_ms=184580.392962 avg_stage2_phase_search_us_per_task=27586.368699 stage2_phase_freeze_prune_attempts=1051 stage2_phase_freeze_prune_task_attempts=6913 stage2_phase_freeze_prune_elapsed_ms=3938.163151 avg_stage2_phase_freeze_prune_us_per_task=569.674982 stage2_phase_reverse_prepare_attempts=1019 stage2_phase_reverse_prepare_task_attempts=6691 stage2_phase_reverse_prepare_elapsed_ms=11012.802991 avg_stage2_phase_reverse_prepare_us_per_task=1645.912867 stage2_phase_placement_authority_attempts=1019 stage2_phase_placement_authority_task_attempts=6691 stage2_phase_placement_authority_elapsed_ms=1620.746527 avg_stage2_phase_placement_authority_us_per_task=242.227847 stage2_phase_completion_handoff_attempts=1019 stage2_phase_completion_handoff_task_attempts=6691 stage2_phase_completion_handoff_elapsed_ms=1.376540 avg_stage2_phase_completion_handoff_us_per_task=0.205730 stage2_phase_finalize_attempts=1019 stage2_phase_finalize_task_attempts=6691 stage2_phase_finalize_elapsed_ms=7.988190 avg_stage2_phase_finalize_us_per_task=1.193871 maintenance_worker_idle_waits=576768 maintenance_worker_idle_ms=1218725.201133 maintenance_lost_wake_avoided=139728 maintenance_targeted_wakes=1707023 maintenance_generic_wakes=6690 maintenance_broadcast_wakes=0 maintenance_context_slots_scanned=6645072 maintenance_ready_notifications=620529 maintenance_ready_stale_notifications=0 maintenance_ready_tickets_drained=490743 maintenance_ready_overflow_scans=0 maintenance_ready_fallback_scans=415588 stage2_search_lane_lease_limit=32 stage2_search_lane_lease_peak=16 stage2_search_lane_lease_blocked=0 maintenance_worker_observed_idle_ratio=0.922957 maintenance_worker_observed_busy_ratio=0.077043 physical_stage1_items=6691 physical_stage1_total_ns=29876006368 physical_stage1_search_ns=27966064371 physical_stage1_prune_ns=1231409368 physical_stage1_allocate_write_ns=480053794 physical_stage1_backlink_ns=178793653 physical_stage1_candidates=856154 physical_stage1_remote_frontier_items=36525086 physical_stage1_neighbors=257987 peer_stage1_enqueued=10959 peer_stage1_processed=10959 peer_stage1_items=10678 avg_peer_stage1_items=0.974359 peer_stage1_rate_per_sec=64.692731 peer_stage1_max_queue=5 peer_stage1_active_workers=0 peer_stage2_home_enqueued=83980 peer_stage2_home_processed=83980 peer_stage2_home_items=8517969 avg_peer_stage2_home_items=101.428543 peer_stage2_home_max_queue=12 peer_stage2_home_response_queue_drops=0 peer_stage2_home_response_send_wait_ms=622.811513 avg_peer_stage2_home_queue_wait_us=16.982533 avg_peer_stage2_home_execution_us=47.372019 peer_stage1_release_deferred_batches=291 peer_stage1_release_deferred_items=291 peer_stage1_duplicate_retry_responses=0 peer_stage1_admission_retry_responses=0 peer_stage1_retry_response_drops=0 peer_stage1_admission_waiters=0 peer_stage1_admission_waiter_items=0 peer_stage1_admission_owned_items=0 peer_stage1_admission_wake_coverage=0 peer_stage1_admission_parked=0 peer_stage1_admission_woken=0 peer_stage1_admission_reparked=0 peer_stage1_max_admission_waiters=0 peer_stage1_duplicate_coalesced=0 peer_reverse_enqueued=2944 peer_reverse_processed=2944 peer_reverse_remaining=0 peer_reverse_items_enqueued=51864 peer_reverse_items_processed=51864 peer_reverse_rate_per_sec=314.218376 peer_reverse_failed=64 peer_reverse_max_queue=6 reclaim_pending=100 reclaim_reused=6031 dynamic_high_watermark=19601804768 stage2_remaining=0 cleanup_remaining=0 active_contexts=0 active_context_limit=32 repair_remaining=0 remaining=0
