============================================================
                        SERVER
============================================================
num clients:                  1
TCP port:                     1236
QP handshake timeout (ms):    10000
IB device:                    <auto>
IB port:                      1
max outstanding CQEs:         64
max send work requests:       4096
max receive work requests:    4096
============================================================
index prefix:                     "/data/xjs/index/dvstor_spacev100m/index/spacev100m_R96_bw128_metis_pmd32_pq20_schema16"
storage shard:                    "/data/xjs/index/dvstor_spacev100m/index/spacev100m_R96_bw128_metis_pmd32_pq20_schema16_node3_of5.dat"
storage id:                       2
base vectors:                     100000000
vector ID namespace [0,N):        4294967295
registered memory GiB:            23
====================================================================
1 device(s) found
Selected device: ibp86s0
Selected port state: 4, lid: 8, active_mtu: 5
interleaved policy
num_cores: 112
physical cores per socket: 28
hyperthreading enabled
local process CPU partition: rank 2/5 logical_cpus=22
pairing: 82347 -- 10966
[STATUS]: loaded index metadata from /data/xjs/index/dvstor_spacev100m/index/spacev100m_R96_bw128_metis_pmd32_pq20_schema16 (layout=plain, vector_data_type=int8)
[STATUS]: storage-owner stage2 candidate width L=128 per shard
allocation size: 24696061952
allocated ALIGNED MEM (no hugepage) at 140353147502656 with buffer size 24696061952
[STATUS]: loading index (19573325888 Bytes) from /data/xjs/index/dvstor_spacev100m/index/spacev100m_R96_bw128_metis_pmd32_pq20_schema16_node3_of5.dat
[STATUS]: loaded GPU PQ codes (407777620 Bytes) at remote offset 19573329984
[STATUS]: storage-owner idmap loaded entries=20000000 format=owner_sharded_v2_bound immutable_base=true dynamic_shards=256 dynamic_reserved=65536
[STATUS]: compensated physical centroid restored on shard 2: vectors=20388881 entries=4
[STATUS]: register memory and distribute access token
[STATUS]: connect QPs of compute threads
[STATUS]: reserving 64 GPU/bootstrap QPs per compute node
pairing: 82351 -- 10971
pairing: 82357 -- 10976
pairing: 82362 -- 10981
pairing: 82367 -- 10986
pairing: 82372 -- 10991
pairing: 82377 -- 10996
pairing: 82382 -- 11001
pairing: 82387 -- 11006
pairing: 82392 -- 11011
pairing: 82397 -- 11016
pairing: 82402 -- 11021
pairing: 82407 -- 11026
pairing: 82412 -- 11031
pairing: 82417 -- 11036
pairing: 82422 -- 11041
pairing: 82426 -- 11046
pairing: 82432 -- 11051
pairing: 82437 -- 11056
pairing: 82441 -- 11061
pairing: 82448 -- 11066
pairing: 82452 -- 11071
pairing: 82457 -- 11076
pairing: 82462 -- 11081
pairing: 82467 -- 11086
pairing: 82472 -- 11091
pairing: 82477 -- 11096
pairing: 82482 -- 11101
pairing: 82487 -- 11106
pairing: 82492 -- 11111
pairing: 82497 -- 11116
pairing: 82502 -- 11121
pairing: 82507 -- 11126
pairing: 82512 -- 11193
pairing: 82577 -- 11194
pairing: 82578 -- 11195
pairing: 82579 -- 11196
pairing: 82580 -- 11197
pairing: 82581 -- 11198
pairing: 82582 -- 11199
pairing: 82583 -- 11200
pairing: 82584 -- 11201
pairing: 82585 -- 11202
pairing: 82586 -- 11203
pairing: 82587 -- 11204
pairing: 82588 -- 11205
pairing: 82589 -- 11206
pairing: 82590 -- 11207
pairing: 82591 -- 11208
pairing: 82592 -- 11209
pairing: 82593 -- 11210
pairing: 82594 -- 11211
pairing: 82595 -- 11212
pairing: 82596 -- 11213
pairing: 82597 -- 11214
pairing: 82598 -- 11215
pairing: 82599 -- 11216
pairing: 82600 -- 11217
pairing: 82601 -- 11218
pairing: 82602 -- 11219
pairing: 82603 -- 11220
pairing: 82604 -- 11221
pairing: 82605 -- 11222
pairing: 82606 -- 11223
pairing: 82607 -- 11224
[STATUS]: waiting for compute-node startup barrier
1 device(s) found
Selected device: ibp86s0
Selected port state: 4, lid: 8, active_mtu: 5
pairing: 82671 -- 82675
pairing: 82677 -- 82684
pairing: 82685 -- 82692
pairing: 82693 -- 82700
pairing: 82702 -- 82707
pairing: 82710 -- 82715
pairing: 82718 -- 82723
pairing: 82726 -- 82731
pairing: 82734 -- 82730
pairing: 82738 -- 82740
pairing: 82743 -- 82746
pairing: 82748 -- 82753
pairing: 82754 -- 82758
pairing: 82761 -- 82764
pairing: 82766 -- 82771
pairing: 82773 -- 82777
pairing: 82779 -- 82782
pairing: 82786 -- 82785
pairing: 82787 -- 82784
pairing: 82789 -- 82788
pairing: 82791 -- 82790
pairing: 82794 -- 82792
pairing: 82795 -- 82793
pairing: 82797 -- 82796
pairing: 82800 -- 82798
pairing: 82801 -- 82799
pairing: 82803 -- 82802
pairing: 82806 -- 82804
pairing: 82808 -- 82805
pairing: 82809 -- 82807
pairing: 82811 -- 82810
pairing: 82813 -- 82814
[STATUS]: storage-owner peer RDMA QPs per peer: 8
[STATUS]: storage-owner peer QP0 reserved for RPC; data RDMA uses QP1..7
allocated ALIGNED MEM (no hugepage) at 140352080052288 with buffer size 67108864
allocated ALIGNED MEM (no hugepage) at 140352040206400 with buffer size 39839040
[STATUS]: storage-owner peer RPC receive slots per peer: 64 (requested=64)
[STATUS]: storage-owner peer RPC concurrent sends per peer: 16
[STATUS]: storage-owner peer RPC send credits: Stage1/graph are split at depth >= 2; responses use a dedicated sync buffer
[STATUS]: storage-owner peer async response capacity: 32768
[STATUS]: storage-owner Stage2 home RPC combining: enabled logical_capacity=18432 aggregate_capacity=4608 byte_budget=33586224
allocated ALIGNED MEM (no hugepage) at 109328560599552 with buffer size 96256
allocated ALIGNED MEM (no hugepage) at 140352319307840 with buffer size 212992
allocated ALIGNED MEM (no hugepage) at 140352315035712 with buffer size 212992
[STATUS]: storage-owner peer reverse-update workers: 2
[STATUS]: storage-owner peer Stage1 workers: 3; Stage2-home workers: 1 (one reserved; shared lanes borrow authoritative work only)
[STATUS]: storage-owner physical control workers: cleanup=1 placement=1 (separate blocking domains)
[STATUS]: storage-owner peer progress threads: cq=1 response_dispatch=1
[STATUS]: storage-owner Stage1 artifact capacity: 67584 (64-way, per shard=1056) cleanup replay per shard=2048 active migration receipts=131072
[STATUS]: storage-owner peer reverse-update tuning: queue_depth=65536 coalesce_max=256
allocated ALIGNED MEM (no hugepage) at 140352302538816 with buffer size 855296
allocated ALIGNED MEM (no hugepage) at 140352299397184 with buffer size 855296
allocated ALIGNED MEM (no hugepage) at 140352298541120 with buffer size 855296
allocated ALIGNED MEM (no hugepage) at 140352295202880 with buffer size 855296
allocated ALIGNED MEM (no hugepage) at 140352294146112 with buffer size 855296
allocated ALIGNED MEM (no hugepage) at 140352290807872 with buffer size 855296
allocated ALIGNED MEM (no hugepage) at 140352286814272 with buffer size 855296
allocated ALIGNED MEM (no hugepage) at 140352285958208 with buffer size 855296
[STATUS]: storage-owner peer scratch: snapshot_slot=192 graph_slot=832 batch=256 lane_peak_rdma_wrs=56 lane_useful_wave_rdma_wrs=56 global_read_window=224 search_lanes_global=32 search_lanes_credit_derived=16 search_lane_lease_cap=32 search_lanes_physical_per_worker=4 ready_context_runtime_epoch=1 bytes_per_lane=213824 bytes_total=6842368
[STATUS]: storage-owner maintenance workers: 8 (configured=8, admission_baseline_workers=2, context_limit=32, semantic_execution_batch=8, work_conserving=true)
[STATUS]: storage-owner stage2 reverse outbox descriptors: 128 aggregates=128 wire_max_ops=3072 (shared per-peer work-conserving aggregation)
[STATUS]: storage-owner maintenance tuning: protocol=centroid-home-two-stage compaction_batch_target=32 packing_policy=deterministic_b8 packing_tail_wait_us=arrival_adaptive_capped_25000 packing_context_limit=8 backlog_limit=65536 admission_credit=bounded_accepted_backlog admission_window=65536 physical_completion_capacity=65536
[STATUS]: storage-owner peer RDMA read credits: per_data_qp=8 data_qps_per_peer=7 per_peer=56 global=224 shared_cq_read_budget=8095 ordered_snapshot_pairs_per_chain=4 (requested_per_data_qp=16)
[STATUS]: storage-owner online insert tuning: construction_beam=128 snapshot_batch=256 protocol=centroid-home-two-stage
[STATUS]: storage-owner stage1=physical-home local search and backlinks; stage2=generation-fenced home expand+score continuation
[STATUS]: storage-owner responses=foreground direct post; completion=repost by service poller
[STATUS]: storage-owner foreground pipeline: coordinators=12 cpu_lanes=3 (assigned_cpus=22, rpc_parallelism=16)
[STATUS]: storage-owner CPU plan: foreground_cpu=3 foreground_coordinators=12 maintenance=8 peer_stage1=4 (split into isolated Stage1/Stage2-home domains) peer_reverse=2 peer_cleanup=1 peer_placement=1 peer_progress=2 foreground_progress=1
[STATUS]: storage-owner insert runtime enabled on shard 2
[STATUS]: storage-owner maintenance observation: enqueued=241 stage2_enqueued=241 cleanup_enqueued=0 stage2_tasks_done=238 stage2_finalized_live=238 cleanup_processed=0 stale=0 stage2_completion_ratio=0.987552 live_stage2_completion_ratio=0.987552 avg_stage2_delay_ms=54.781612 p99_stage2_delay_upper_ms=128.000000 p99_stage2_delay_over_30s=false stage2_delay_histogram=0,0,0,0,0,19,170,49,0,0,0,0,0,0,0,0,0,0 max_stage2_delay_ms=115.247500 compaction_batch_target=32 compaction_max_delay_ms=25.000000 stage2_rate_per_sec=47.382873 stage1_search_budget_exhausted=0 stage2_search_budget_exhausted=0 stage2_continuations=238 stage2_remote_frontier_items=368776 avg_stage2_remote_frontier=1549.478992 stage2_remote_expansions=10286 avg_stage2_remote_expansions=43.218487 stage2_scored_candidates=724623 avg_stage2_scored_candidates=3044.634454 stage2_graph_read_waves=2950 avg_stage2_expansions_per_graph_wave=3.486780 stage2_graph_unique_reads=10737 stage2_graph_prefetch_issued=7041 stage2_graph_prefetch_hits=6590 stage2_graph_prefetch_wasted=451 stage2_graph_prefetch_promotion_ratio=0.935947 stage2_graph_issue_width_current=16 stage2_vector_read_waves=5845 avg_stage2_scores_per_vector_wave=123.973139 stage2_vector_unique_reads=455188 stage2_home_rpc_batches=4851 stage2_home_rpc_items=371103 avg_stage2_home_rpc_batch=76.500309 stage2_home_score_rpc_batches=1445 stage2_home_score_rpc_items=360366 stage2_home_score_rpc_queries=4834 stage2_home_score_rpc_request_bytes=9201528 stage2_home_score_rpc_response_bytes=11589528 avg_stage2_home_score_queries_per_rpc=3.345329 avg_stage2_home_score_rpc_batch=249.388235 stage2_home_scored_neighbors=629796 home_scores_per_expansion=1.697092 stage2_migrations=67 home_match_rate=0.718487 stage2_final_edges=7239 stage2_cross_edges_stage1_home=2780 stage2_cross_edges_final_home=1715 cross_edge_reduction_ratio=0.383094 failed=0 rpc_timeouts=0 reverse_aggregate_batches=0 reverse_aggregate_logical_requests=0 reverse_aggregate_ops=0 avg_reverse_aggregate_logicals=0.000000 avg_reverse_aggregate_ops=0.000000 max_backlog=8 admission_window=65536 completion_outstanding=3 completion_incomplete=3 completed_behind_hole=0 completion_logical_full_failures=0 completion_physical_full_failures=0 pressure_yields=0 stage2_batches=67 avg_stage2_batch_size=3.552239 packing_target_batch=8 packing_admit_queue_avg=3.552239 packing_admit_queue_max=8 packing_batch_1_7=66 packing_batch_8=1 packing_assembly_batches=67 packing_assembly_wait_ms=1674.582374 packing_arrival_interval_us=19996 packing_waited_batches=66 packing_wait_ms=1650.000000 packing_target_flushes=1 packing_deadline_flushes=66 packing_cleanup_flushes=0 stage2_phase_search_attempts=67 stage2_phase_search_task_attempts=238 stage2_phase_search_elapsed_ms=1125.607563 avg_stage2_phase_search_us_per_task=4729.443542 stage2_phase_freeze_prune_attempts=67 stage2_phase_freeze_prune_task_attempts=238 stage2_phase_freeze_prune_elapsed_ms=83.069601 avg_stage2_phase_freeze_prune_us_per_task=349.031937 stage2_phase_reverse_prepare_attempts=67 stage2_phase_reverse_prepare_task_attempts=238 stage2_phase_reverse_prepare_elapsed_ms=298.237407 avg_stage2_phase_reverse_prepare_us_per_task=1253.098349 stage2_phase_placement_authority_attempts=67 stage2_phase_placement_authority_task_attempts=238 stage2_phase_placement_authority_elapsed_ms=23.305101 avg_stage2_phase_placement_authority_us_per_task=97.920592 stage2_phase_completion_handoff_attempts=67 stage2_phase_completion_handoff_task_attempts=238 stage2_phase_completion_handoff_elapsed_ms=0.089786 avg_stage2_phase_completion_handoff_us_per_task=0.377252 stage2_phase_finalize_attempts=67 stage2_phase_finalize_task_attempts=238 stage2_phase_finalize_elapsed_ms=0.237345 avg_stage2_phase_finalize_us_per_task=0.997248 maintenance_worker_idle_waits=13760 maintenance_worker_idle_ms=37062.188229 maintenance_lost_wake_avoided=327 maintenance_targeted_wakes=12404 maintenance_generic_wakes=241 maintenance_broadcast_wakes=0 maintenance_context_slots_scanned=65776 maintenance_ready_notifications=11586 maintenance_ready_stale_notifications=0 maintenance_ready_tickets_drained=9867 maintenance_ready_overflow_scans=0 maintenance_ready_fallback_scans=4338 stage2_search_lane_lease_limit=32 stage2_search_lane_lease_peak=2 stage2_search_lane_lease_blocked=0 maintenance_worker_observed_idle_ratio=0.922328 maintenance_worker_observed_busy_ratio=0.077672 physical_stage1_items=241 physical_stage1_total_ns=1129624813 physical_stage1_search_ns=1080445282 physical_stage1_prune_ns=29970113 physical_stage1_allocate_write_ns=13746052 physical_stage1_backlink_ns=4829423 physical_stage1_candidates=30848 physical_stage1_remote_frontier_items=371703 physical_stage1_neighbors=6217 peer_stage1_enqueued=405 peer_stage1_processed=404 peer_stage1_items=396 avg_peer_stage1_items=0.980198 peer_stage1_rate_per_sec=78.838729 peer_stage1_max_queue=2 peer_stage1_active_workers=1 peer_stage2_home_enqueued=5020 peer_stage2_home_processed=5020 peer_stage2_home_items=350187 avg_peer_stage2_home_items=69.758367 peer_stage2_home_max_queue=3 peer_stage2_home_response_queue_drops=0 peer_stage2_home_response_send_wait_ms=24.704313 avg_peer_stage2_home_queue_wait_us=17.585647 avg_peer_stage2_home_execution_us=50.234790 peer_stage1_release_deferred_batches=8 peer_stage1_release_deferred_items=8 peer_stage1_duplicate_retry_responses=0 peer_stage1_admission_retry_responses=0 peer_stage1_retry_response_drops=0 peer_stage1_admission_waiters=0 peer_stage1_admission_waiter_items=0 peer_stage1_admission_owned_items=0 peer_stage1_admission_wake_coverage=0 peer_stage1_admission_parked=0 peer_stage1_admission_woken=0 peer_stage1_admission_reparked=0 peer_stage1_max_admission_waiters=0 peer_stage1_duplicate_coalesced=0 peer_reverse_enqueued=228 peer_reverse_processed=228 peer_reverse_remaining=0 peer_reverse_items_enqueued=2814 peer_reverse_items_processed=2814 peer_reverse_rate_per_sec=560.232787 peer_reverse_failed=3 peer_reverse_max_queue=2 reclaim_pending=0 reclaim_reused=67 dynamic_high_watermark=19981358304 stage2_remaining=3 cleanup_remaining=0 active_contexts=0 active_context_limit=32 repair_remaining=0 remaining=3
[STATUS]: storage-owner maintenance observation: enqueued=563 stage2_enqueued=563 cleanup_enqueued=0 stage2_tasks_done=563 stage2_finalized_live=563 cleanup_processed=0 stale=0 stage2_completion_ratio=1.000000 live_stage2_completion_ratio=1.000000 avg_stage2_delay_ms=77.158193 p99_stage2_delay_upper_ms=256.000000 p99_stage2_delay_over_30s=false stage2_delay_histogram=0,0,0,0,0,34,290,153,86,0,0,0,0,0,0,0,0,0 max_stage2_delay_ms=224.711718 compaction_batch_target=32 compaction_max_delay_ms=25.000000 stage2_rate_per_sec=56.164946 stage1_search_budget_exhausted=0 stage2_search_budget_exhausted=0 stage2_continuations=563 stage2_remote_frontier_items=972782 avg_stage2_remote_frontier=1727.854352 stage2_remote_expansions=32363 avg_stage2_remote_expansions=57.483126 stage2_scored_candidates=1980632 avg_stage2_scored_candidates=3517.996448 stage2_graph_read_waves=7368 avg_stage2_expansions_per_graph_wave=4.392372 stage2_graph_unique_reads=33621 stage2_graph_prefetch_issued=22739 stage2_graph_prefetch_hits=21481 stage2_graph_prefetch_wasted=1258 stage2_graph_prefetch_promotion_ratio=0.944677 stage2_graph_issue_width_current=16 stage2_vector_read_waves=14201 avg_stage2_scores_per_vector_wave=139.471305 stage2_vector_unique_reads=1192908 stage2_home_rpc_batches=12471 stage2_home_rpc_items=989970 avg_stage2_home_rpc_batch=79.381766 stage2_home_score_rpc_batches=3835 stage2_home_score_rpc_items=956349 stage2_home_score_rpc_queries=16224 stage2_home_score_rpc_request_bytes=24758648 stage2_home_score_rpc_response_bytes=30756888 avg_stage2_home_score_queries_per_rpc=4.230508 avg_stage2_home_score_rpc_batch=249.373924 stage2_home_scored_neighbors=1743930 home_scores_per_expansion=1.761599 stage2_migrations=231 home_match_rate=0.589698 stage2_final_edges=17852 stage2_cross_edges_stage1_home=9296 stage2_cross_edges_final_home=3555 cross_edge_reduction_ratio=0.617577 failed=0 rpc_timeouts=0 reverse_aggregate_batches=0 reverse_aggregate_logical_requests=0 reverse_aggregate_ops=0 avg_reverse_aggregate_logicals=0.000000 avg_reverse_aggregate_ops=0.000000 max_backlog=8 admission_window=65536 completion_outstanding=0 completion_incomplete=0 completed_behind_hole=0 completion_logical_full_failures=0 completion_physical_full_failures=0 pressure_yields=60 stage2_batches=143 avg_stage2_batch_size=3.937063 packing_target_batch=8 packing_admit_queue_avg=3.937063 packing_admit_queue_max=8 packing_batch_1_7=132 packing_batch_8=11 packing_assembly_batches=143 packing_assembly_wait_ms=3518.544118 packing_arrival_interval_us=25000 packing_waited_batches=132 packing_wait_ms=3288.959000 packing_target_flushes=11 packing_deadline_flushes=132 packing_cleanup_flushes=0 stage2_phase_search_attempts=143 stage2_phase_search_task_attempts=563 stage2_phase_search_elapsed_ms=4213.359732 avg_stage2_phase_search_us_per_task=7483.765066 stage2_phase_freeze_prune_attempts=143 stage2_phase_freeze_prune_task_attempts=563 stage2_phase_freeze_prune_elapsed_ms=244.062572 avg_stage2_phase_freeze_prune_us_per_task=433.503680 stage2_phase_reverse_prepare_attempts=143 stage2_phase_reverse_prepare_task_attempts=563 stage2_phase_reverse_prepare_elapsed_ms=700.869266 avg_stage2_phase_reverse_prepare_us_per_task=1244.883243 stage2_phase_placement_authority_attempts=143 stage2_phase_placement_authority_task_attempts=563 stage2_phase_placement_authority_elapsed_ms=67.195769 avg_stage2_phase_placement_authority_us_per_task=119.353053 stage2_phase_completion_handoff_attempts=143 stage2_phase_completion_handoff_task_attempts=563 stage2_phase_completion_handoff_elapsed_ms=0.187873 avg_stage2_phase_completion_handoff_us_per_task=0.333700 stage2_phase_finalize_attempts=143 stage2_phase_finalize_task_attempts=563 stage2_phase_finalize_elapsed_ms=0.601776 avg_stage2_phase_finalize_us_per_task=1.068874 maintenance_worker_idle_waits=30336 maintenance_worker_idle_ms=74449.816091 maintenance_lost_wake_avoided=838 maintenance_targeted_wakes=34680 maintenance_generic_wakes=563 maintenance_broadcast_wakes=0 maintenance_context_slots_scanned=139296 maintenance_ready_notifications=29762 maintenance_ready_stale_notifications=0 maintenance_ready_tickets_drained=23958 maintenance_ready_overflow_scans=0 maintenance_ready_fallback_scans=9012 stage2_search_lane_lease_limit=32 stage2_search_lane_lease_peak=6 stage2_search_lane_lease_blocked=0 maintenance_worker_observed_idle_ratio=0.928390 maintenance_worker_observed_busy_ratio=0.071610 physical_stage1_items=563 physical_stage1_total_ns=2495880117 physical_stage1_search_ns=2386062005 physical_stage1_prune_ns=65820910 physical_stage1_allocate_write_ns=31241873 physical_stage1_backlink_ns=11188162 physical_stage1_candidates=71887 physical_stage1_remote_frontier_items=972782 physical_stage1_neighbors=14014 peer_stage1_enqueued=924 peer_stage1_processed=924 peer_stage1_items=906 avg_peer_stage1_items=0.980519 peer_stage1_rate_per_sec=90.382666 peer_stage1_max_queue=3 peer_stage1_active_workers=1 peer_stage2_home_enqueued=8195 peer_stage2_home_processed=8195 peer_stage2_home_items=694700 avg_peer_stage2_home_items=84.771202 peer_stage2_home_max_queue=3 peer_stage2_home_response_queue_drops=0 peer_stage2_home_response_send_wait_ms=37.929485 avg_peer_stage2_home_queue_wait_us=81.206049 avg_peer_stage2_home_execution_us=51.993381 peer_stage1_release_deferred_batches=19 peer_stage1_release_deferred_items=19 peer_stage1_duplicate_retry_responses=0 peer_stage1_admission_retry_responses=0 peer_stage1_retry_response_drops=0 peer_stage1_admission_waiters=0 peer_stage1_admission_waiter_items=0 peer_stage1_admission_owned_items=0 peer_stage1_admission_wake_coverage=0 peer_stage1_admission_parked=0 peer_stage1_admission_woken=0 peer_stage1_admission_reparked=0 peer_stage1_max_admission_waiters=0 peer_stage1_duplicate_coalesced=0 peer_reverse_enqueued=415 peer_reverse_processed=415 peer_reverse_remaining=0 peer_reverse_items_enqueued=4215 peer_reverse_items_processed=4215 peer_reverse_rate_per_sec=420.488894 peer_reverse_failed=4 peer_reverse_max_queue=2 reclaim_pending=48 reclaim_reused=183 dynamic_high_watermark=19981596384 stage2_remaining=0 cleanup_remaining=0 active_contexts=0 active_context_limit=32 repair_remaining=0 remaining=0
[STATUS]: storage-owner maintenance observation: enqueued=565 stage2_enqueued=565 cleanup_enqueued=0 stage2_tasks_done=565 stage2_finalized_live=565 cleanup_processed=0 stale=0 stage2_completion_ratio=1.000000 live_stage2_completion_ratio=1.000000 avg_stage2_delay_ms=77.053967 p99_stage2_delay_upper_ms=256.000000 p99_stage2_delay_over_30s=false stage2_delay_histogram=0,0,0,0,0,34,292,153,86,0,0,0,0,0,0,0,0,0 max_stage2_delay_ms=224.711718 compaction_batch_target=32 compaction_max_delay_ms=25.000000 stage2_rate_per_sec=37.604612 stage1_search_budget_exhausted=0 stage2_search_budget_exhausted=0 stage2_continuations=565 stage2_remote_frontier_items=975106 avg_stage2_remote_frontier=1725.851327 stage2_remote_expansions=32608 avg_stage2_remote_expansions=57.713274 stage2_scored_candidates=1992087 avg_stage2_scored_candidates=3525.817699 stage2_graph_read_waves=7445 avg_stage2_expansions_per_graph_wave=4.379852 stage2_graph_unique_reads=33870 stage2_graph_prefetch_issued=22911 stage2_graph_prefetch_hits=21649 stage2_graph_prefetch_wasted=1262 stage2_graph_prefetch_promotion_ratio=0.944917 stage2_graph_issue_width_current=16 stage2_vector_read_waves=14363 avg_stage2_scores_per_vector_wave=138.695746 stage2_vector_unique_reads=1195613 stage2_home_rpc_batches=12559 stage2_home_rpc_items=992287 avg_stage2_home_rpc_batch=79.010033 stage2_home_score_rpc_batches=3846 stage2_home_score_rpc_items=958417 stage2_home_score_rpc_queries=16238 stage2_home_score_rpc_request_bytes=24810192 stage2_home_score_rpc_response_bytes=30823544 avg_stage2_home_score_queries_per_rpc=4.222049 avg_stage2_home_score_rpc_batch=249.198388 stage2_home_scored_neighbors=1754748 home_scores_per_expansion=1.768388 stage2_migrations=233 home_match_rate=0.587611 stage2_final_edges=17916 stage2_cross_edges_stage1_home=9352 stage2_cross_edges_final_home=3563 cross_edge_reduction_ratio=0.619012 failed=0 rpc_timeouts=0 reverse_aggregate_batches=0 reverse_aggregate_logical_requests=0 reverse_aggregate_ops=0 avg_reverse_aggregate_logicals=0.000000 avg_reverse_aggregate_ops=0.000000 max_backlog=8 admission_window=65536 completion_outstanding=0 completion_incomplete=0 completed_behind_hole=0 completion_logical_full_failures=0 completion_physical_full_failures=0 pressure_yields=60 stage2_batches=145 avg_stage2_batch_size=3.896552 packing_target_batch=8 packing_admit_queue_avg=3.896552 packing_admit_queue_max=8 packing_batch_1_7=134 packing_batch_8=11 packing_assembly_batches=145 packing_assembly_wait_ms=3568.661024 packing_arrival_interval_us=25000 packing_waited_batches=134 packing_wait_ms=3338.959000 packing_target_flushes=11 packing_deadline_flushes=134 packing_cleanup_flushes=0 stage2_phase_search_attempts=145 stage2_phase_search_task_attempts=565 stage2_phase_search_elapsed_ms=4228.940040 avg_stage2_phase_search_us_per_task=7484.849628 stage2_phase_freeze_prune_attempts=145 stage2_phase_freeze_prune_task_attempts=565 stage2_phase_freeze_prune_elapsed_ms=245.290328 avg_stage2_phase_freeze_prune_us_per_task=434.142173 stage2_phase_reverse_prepare_attempts=145 stage2_phase_reverse_prepare_task_attempts=565 stage2_phase_reverse_prepare_elapsed_ms=703.114333 avg_stage2_phase_reverse_prepare_us_per_task=1244.450147 stage2_phase_placement_authority_attempts=145 stage2_phase_placement_authority_task_attempts=565 stage2_phase_placement_authority_elapsed_ms=67.620651 avg_stage2_phase_placement_authority_us_per_task=119.682568 stage2_phase_completion_handoff_attempts=145 stage2_phase_completion_handoff_task_attempts=565 stage2_phase_completion_handoff_elapsed_ms=0.189562 avg_stage2_phase_completion_handoff_us_per_task=0.335508 stage2_phase_finalize_attempts=145 stage2_phase_finalize_task_attempts=565 stage2_phase_finalize_elapsed_ms=0.607856 avg_stage2_phase_finalize_us_per_task=1.075851 maintenance_worker_idle_waits=34688 maintenance_worker_idle_ms=115534.875150 maintenance_lost_wake_avoided=843 maintenance_targeted_wakes=34983 maintenance_generic_wakes=565 maintenance_broadcast_wakes=0 maintenance_context_slots_scanned=204736 maintenance_ready_notifications=30035 maintenance_ready_stale_notifications=0 maintenance_ready_tickets_drained=24204 maintenance_ready_overflow_scans=0 maintenance_ready_fallback_scans=12993 stage2_search_lane_lease_limit=32 stage2_search_lane_lease_peak=6 stage2_search_lane_lease_blocked=0 maintenance_worker_observed_idle_ratio=0.961204 maintenance_worker_observed_busy_ratio=0.038796 physical_stage1_items=565 physical_stage1_total_ns=2513866020 physical_stage1_search_ns=2403161132 physical_stage1_prune_ns=66371809 physical_stage1_allocate_write_ns=31475287 physical_stage1_backlink_ns=11275936 physical_stage1_candidates=72143 physical_stage1_remote_frontier_items=975106 physical_stage1_neighbors=14061 peer_stage1_enqueued=928 peer_stage1_processed=928 peer_stage1_items=910 avg_peer_stage1_items=0.980603 peer_stage1_rate_per_sec=60.566719 peer_stage1_max_queue=3 peer_stage1_active_workers=0 peer_stage2_home_enqueued=9295 peer_stage2_home_processed=9295 peer_stage2_home_items=918230 avg_peer_stage2_home_items=98.787520 peer_stage2_home_max_queue=3 peer_stage2_home_response_queue_drops=0 peer_stage2_home_response_send_wait_ms=42.565682 avg_peer_stage2_home_queue_wait_us=79.290787 avg_peer_stage2_home_execution_us=55.543631 peer_stage1_release_deferred_batches=19 peer_stage1_release_deferred_items=19 peer_stage1_duplicate_retry_responses=0 peer_stage1_admission_retry_responses=0 peer_stage1_retry_response_drops=0 peer_stage1_admission_waiters=0 peer_stage1_admission_waiter_items=0 peer_stage1_admission_owned_items=0 peer_stage1_admission_wake_coverage=0 peer_stage1_admission_parked=0 peer_stage1_admission_woken=0 peer_stage1_admission_reparked=0 peer_stage1_max_admission_waiters=0 peer_stage1_duplicate_coalesced=0 peer_reverse_enqueued=459 peer_reverse_processed=459 peer_reverse_remaining=0 peer_reverse_items_enqueued=4291 peer_reverse_items_processed=4291 peer_reverse_rate_per_sec=285.595377 peer_reverse_failed=4 peer_reverse_max_queue=2 reclaim_pending=48 reclaim_reused=185 dynamic_high_watermark=19981596384 stage2_remaining=0 cleanup_remaining=0 active_contexts=0 active_context_limit=32 repair_remaining=0 remaining=0
[STATUS]: storage-owner maintenance observation: enqueued=571 stage2_enqueued=571 cleanup_enqueued=0 stage2_tasks_done=571 stage2_finalized_live=571 cleanup_processed=0 stale=0 stage2_completion_ratio=1.000000 live_stage2_completion_ratio=1.000000 avg_stage2_delay_ms=76.712797 p99_stage2_delay_upper_ms=256.000000 p99_stage2_delay_over_30s=false stage2_delay_histogram=0,0,0,0,0,34,298,153,86,0,0,0,0,0,0,0,0,0 max_stage2_delay_ms=224.711718 compaction_batch_target=32 compaction_max_delay_ms=25.000000 stage2_rate_per_sec=28.513422 stage1_search_budget_exhausted=0 stage2_search_budget_exhausted=0 stage2_continuations=571 stage2_remote_frontier_items=982591 avg_stage2_remote_frontier=1720.824869 stage2_remote_expansions=32970 avg_stage2_remote_expansions=57.740806 stage2_scored_candidates=2010226 avg_stage2_scored_candidates=3520.535902 stage2_graph_read_waves=7595 avg_stage2_expansions_per_graph_wave=4.341014 stage2_graph_unique_reads=34250 stage2_graph_prefetch_issued=23141 stage2_graph_prefetch_hits=21861 stage2_graph_prefetch_wasted=1280 stage2_graph_prefetch_promotion_ratio=0.944687 stage2_graph_issue_width_current=16 stage2_vector_read_waves=14638 avg_stage2_scores_per_vector_wave=137.329280 stage2_vector_unique_reads=1204463 stage2_home_rpc_batches=12745 stage2_home_rpc_items=999414 avg_stage2_home_rpc_batch=78.416163 stage2_home_score_rpc_batches=3882 stage2_home_score_rpc_items=965164 stage2_home_score_rpc_queries=16280 stage2_home_score_rpc_request_bytes=24977984 stage2_home_score_rpc_response_bytes=31041000 avg_stage2_home_score_queries_per_rpc=4.193715 avg_stage2_home_score_rpc_batch=248.625451 stage2_home_scored_neighbors=1770784 home_scores_per_expansion=1.771822 stage2_migrations=236 home_match_rate=0.586690 stage2_final_edges=18040 stage2_cross_edges_stage1_home=9423 stage2_cross_edges_final_home=3603 cross_edge_reduction_ratio=0.617638 failed=0 rpc_timeouts=0 reverse_aggregate_batches=0 reverse_aggregate_logical_requests=0 reverse_aggregate_ops=0 avg_reverse_aggregate_logicals=0.000000 avg_reverse_aggregate_ops=0.000000 max_backlog=8 admission_window=65536 completion_outstanding=0 completion_incomplete=0 completed_behind_hole=0 completion_logical_full_failures=0 completion_physical_full_failures=0 pressure_yields=60 stage2_batches=151 avg_stage2_batch_size=3.781457 packing_target_batch=8 packing_admit_queue_avg=3.781457 packing_admit_queue_max=8 packing_batch_1_7=140 packing_batch_8=11 packing_assembly_batches=151 packing_assembly_wait_ms=3718.988493 packing_arrival_interval_us=25000 packing_waited_batches=140 packing_wait_ms=3488.959000 packing_target_flushes=11 packing_deadline_flushes=140 packing_cleanup_flushes=0 stage2_phase_search_attempts=151 stage2_phase_search_task_attempts=571 stage2_phase_search_elapsed_ms=4261.624870 avg_stage2_phase_search_us_per_task=7463.441103 stage2_phase_freeze_prune_attempts=151 stage2_phase_freeze_prune_task_attempts=571 stage2_phase_freeze_prune_elapsed_ms=247.600163 avg_stage2_phase_freeze_prune_us_per_task=433.625504 stage2_phase_reverse_prepare_attempts=151 stage2_phase_reverse_prepare_task_attempts=571 stage2_phase_reverse_prepare_elapsed_ms=707.283228 avg_stage2_phase_reverse_prepare_us_per_task=1238.674655 stage2_phase_placement_authority_attempts=151 stage2_phase_placement_authority_task_attempts=571 stage2_phase_placement_authority_elapsed_ms=68.567013 avg_stage2_phase_placement_authority_us_per_task=120.082335 stage2_phase_completion_handoff_attempts=151 stage2_phase_completion_handoff_task_attempts=571 stage2_phase_completion_handoff_elapsed_ms=0.198090 avg_stage2_phase_completion_handoff_us_per_task=0.346918 stage2_phase_finalize_attempts=151 stage2_phase_finalize_task_attempts=571 stage2_phase_finalize_elapsed_ms=0.621826 avg_stage2_phase_finalize_us_per_task=1.089012 maintenance_worker_idle_waits=39232 maintenance_worker_idle_ms=156289.862115 maintenance_lost_wake_avoided=863 maintenance_targeted_wakes=35496 maintenance_generic_wakes=571 maintenance_broadcast_wakes=0 maintenance_context_slots_scanned=269712 maintenance_ready_notifications=30525 maintenance_ready_stale_notifications=0 maintenance_ready_tickets_drained=24657 maintenance_ready_overflow_scans=0 maintenance_ready_fallback_scans=16975 stage2_search_lane_lease_limit=32 stage2_search_lane_lease_peak=6 stage2_search_lane_lease_blocked=0 maintenance_worker_observed_idle_ratio=0.975560 maintenance_worker_observed_busy_ratio=0.024440 physical_stage1_items=571 physical_stage1_total_ns=2560084872 physical_stage1_search_ns=2446567938 physical_stage1_prune_ns=68009901 physical_stage1_allocate_write_ns=32300363 physical_stage1_backlink_ns=11547077 physical_stage1_candidates=72911 physical_stage1_remote_frontier_items=982591 physical_stage1_neighbors=14179 peer_stage1_enqueued=936 peer_stage1_processed=936 peer_stage1_items=918 avg_peer_stage1_items=0.980769 peer_stage1_rate_per_sec=45.841193 peer_stage1_max_queue=3 peer_stage1_active_workers=0 peer_stage2_home_enqueued=10106 peer_stage2_home_processed=10106 peer_stage2_home_items=1067751 avg_peer_stage2_home_items=105.655155 peer_stage2_home_max_queue=3 peer_stage2_home_response_queue_drops=0 peer_stage2_home_response_send_wait_ms=46.085432 avg_peer_stage2_home_queue_wait_us=74.528322 avg_peer_stage2_home_execution_us=58.057688 peer_stage1_release_deferred_batches=19 peer_stage1_release_deferred_items=19 peer_stage1_duplicate_retry_responses=0 peer_stage1_admission_retry_responses=0 peer_stage1_retry_response_drops=0 peer_stage1_admission_waiters=0 peer_stage1_admission_waiter_items=0 peer_stage1_admission_owned_items=0 peer_stage1_admission_wake_coverage=0 peer_stage1_admission_parked=0 peer_stage1_admission_woken=0 peer_stage1_admission_reparked=0 peer_stage1_max_admission_waiters=0 peer_stage1_duplicate_coalesced=0 peer_reverse_enqueued=498 peer_reverse_processed=498 peer_reverse_remaining=0 peer_reverse_items_enqueued=4368 peer_reverse_items_processed=4368 peer_reverse_rate_per_sec=218.120185 peer_reverse_failed=4 peer_reverse_max_queue=2 reclaim_pending=45 reclaim_reused=191 dynamic_high_watermark=19981596384 stage2_remaining=0 cleanup_remaining=0 active_contexts=0 active_context_limit=32 repair_remaining=0 remaining=0
[STATUS]: storage-owner maintenance observation: enqueued=571 stage2_enqueued=571 cleanup_enqueued=0 stage2_tasks_done=571 stage2_finalized_live=571 cleanup_processed=0 stale=0 stage2_completion_ratio=1.000000 live_stage2_completion_ratio=1.000000 avg_stage2_delay_ms=76.712797 p99_stage2_delay_upper_ms=256.000000 p99_stage2_delay_over_30s=false stage2_delay_histogram=0,0,0,0,0,34,298,153,86,0,0,0,0,0,0,0,0,0 max_stage2_delay_ms=224.711718 compaction_batch_target=32 compaction_max_delay_ms=25.000000 stage2_rate_per_sec=22.815547 stage1_search_budget_exhausted=0 stage2_search_budget_exhausted=0 stage2_continuations=571 stage2_remote_frontier_items=982591 avg_stage2_remote_frontier=1720.824869 stage2_remote_expansions=32970 avg_stage2_remote_expansions=57.740806 stage2_scored_candidates=2010226 avg_stage2_scored_candidates=3520.535902 stage2_graph_read_waves=7595 avg_stage2_expansions_per_graph_wave=4.341014 stage2_graph_unique_reads=34250 stage2_graph_prefetch_issued=23141 stage2_graph_prefetch_hits=21861 stage2_graph_prefetch_wasted=1280 stage2_graph_prefetch_promotion_ratio=0.944687 stage2_graph_issue_width_current=16 stage2_vector_read_waves=14638 avg_stage2_scores_per_vector_wave=137.329280 stage2_vector_unique_reads=1204463 stage2_home_rpc_batches=12745 stage2_home_rpc_items=999414 avg_stage2_home_rpc_batch=78.416163 stage2_home_score_rpc_batches=3882 stage2_home_score_rpc_items=965164 stage2_home_score_rpc_queries=16280 stage2_home_score_rpc_request_bytes=24977984 stage2_home_score_rpc_response_bytes=31041000 avg_stage2_home_score_queries_per_rpc=4.193715 avg_stage2_home_score_rpc_batch=248.625451 stage2_home_scored_neighbors=1770784 home_scores_per_expansion=1.771822 stage2_migrations=236 home_match_rate=0.586690 stage2_final_edges=18040 stage2_cross_edges_stage1_home=9423 stage2_cross_edges_final_home=3603 cross_edge_reduction_ratio=0.617638 failed=0 rpc_timeouts=0 reverse_aggregate_batches=0 reverse_aggregate_logical_requests=0 reverse_aggregate_ops=0 avg_reverse_aggregate_logicals=0.000000 avg_reverse_aggregate_ops=0.000000 max_backlog=8 admission_window=65536 completion_outstanding=0 completion_incomplete=0 completed_behind_hole=0 completion_logical_full_failures=0 completion_physical_full_failures=0 pressure_yields=60 stage2_batches=151 avg_stage2_batch_size=3.781457 packing_target_batch=8 packing_admit_queue_avg=3.781457 packing_admit_queue_max=8 packing_batch_1_7=140 packing_batch_8=11 packing_assembly_batches=151 packing_assembly_wait_ms=3718.988493 packing_arrival_interval_us=25000 packing_waited_batches=140 packing_wait_ms=3488.959000 packing_target_flushes=11 packing_deadline_flushes=140 packing_cleanup_flushes=0 stage2_phase_search_attempts=151 stage2_phase_search_task_attempts=571 stage2_phase_search_elapsed_ms=4261.624870 avg_stage2_phase_search_us_per_task=7463.441103 stage2_phase_freeze_prune_attempts=151 stage2_phase_freeze_prune_task_attempts=571 stage2_phase_freeze_prune_elapsed_ms=247.600163 avg_stage2_phase_freeze_prune_us_per_task=433.625504 stage2_phase_reverse_prepare_attempts=151 stage2_phase_reverse_prepare_task_attempts=571 stage2_phase_reverse_prepare_elapsed_ms=707.283228 avg_stage2_phase_reverse_prepare_us_per_task=1238.674655 stage2_phase_placement_authority_attempts=151 stage2_phase_placement_authority_task_attempts=571 stage2_phase_placement_authority_elapsed_ms=68.567013 avg_stage2_phase_placement_authority_us_per_task=120.082335 stage2_phase_completion_handoff_attempts=151 stage2_phase_completion_handoff_task_attempts=571 stage2_phase_completion_handoff_elapsed_ms=0.198090 avg_stage2_phase_completion_handoff_us_per_task=0.346918 stage2_phase_finalize_attempts=151 stage2_phase_finalize_task_attempts=571 stage2_phase_finalize_elapsed_ms=0.621826 avg_stage2_phase_finalize_us_per_task=1.089012 maintenance_worker_idle_waits=43072 maintenance_worker_idle_ms=194900.362593 maintenance_lost_wake_avoided=863 maintenance_targeted_wakes=35496 maintenance_generic_wakes=571 maintenance_broadcast_wakes=0 maintenance_context_slots_scanned=331104 maintenance_ready_notifications=30525 maintenance_ready_stale_notifications=0 maintenance_ready_tickets_drained=24657 maintenance_ready_overflow_scans=0 maintenance_ready_fallback_scans=20951 stage2_search_lane_lease_limit=32 stage2_search_lane_lease_peak=6 stage2_search_lane_lease_blocked=0 maintenance_worker_observed_idle_ratio=0.973458 maintenance_worker_observed_busy_ratio=0.026542 physical_stage1_items=571 physical_stage1_total_ns=2560084872 physical_stage1_search_ns=2446567938 physical_stage1_prune_ns=68009901 physical_stage1_allocate_write_ns=32300363 physical_stage1_backlink_ns=11547077 physical_stage1_candidates=72911 physical_stage1_remote_frontier_items=982591 physical_stage1_neighbors=14179 peer_stage1_enqueued=936 peer_stage1_processed=936 peer_stage1_items=918 avg_peer_stage1_items=0.980769 peer_stage1_rate_per_sec=36.680686 peer_stage1_max_queue=3 peer_stage1_active_workers=0 peer_stage2_home_enqueued=10739 peer_stage2_home_processed=10739 peer_stage2_home_items=1172752 avg_peer_stage2_home_items=109.204954 peer_stage2_home_max_queue=3 peer_stage2_home_response_queue_drops=0 peer_stage2_home_response_send_wait_ms=49.124908 avg_peer_stage2_home_queue_wait_us=71.322164 avg_peer_stage2_home_execution_us=59.439278 peer_stage1_release_deferred_batches=19 peer_stage1_release_deferred_items=19 peer_stage1_duplicate_retry_responses=0 peer_stage1_admission_retry_responses=0 peer_stage1_retry_response_drops=0 peer_stage1_admission_waiters=0 peer_stage1_admission_waiter_items=0 peer_stage1_admission_owned_items=0 peer_stage1_admission_wake_coverage=0 peer_stage1_admission_parked=0 peer_stage1_admission_woken=0 peer_stage1_admission_reparked=0 peer_stage1_max_admission_waiters=0 peer_stage1_duplicate_coalesced=0 peer_reverse_enqueued=533 peer_reverse_processed=533 peer_reverse_remaining=0 peer_reverse_items_enqueued=4426 peer_reverse_items_processed=4426 peer_reverse_rate_per_sec=176.850455 peer_reverse_failed=4 peer_reverse_max_queue=2 reclaim_pending=45 reclaim_reused=191 dynamic_high_watermark=19981596384 stage2_remaining=0 cleanup_remaining=0 active_contexts=0 active_context_limit=32 repair_remaining=0 remaining=0
[STATUS]: storage-owner maintenance observation: enqueued=572 stage2_enqueued=572 cleanup_enqueued=0 stage2_tasks_done=572 stage2_finalized_live=572 cleanup_processed=0 stale=0 stage2_completion_ratio=1.000000 live_stage2_completion_ratio=1.000000 avg_stage2_delay_ms=76.658832 p99_stage2_delay_upper_ms=256.000000 p99_stage2_delay_over_30s=false stage2_delay_histogram=0,0,0,0,0,34,299,153,86,0,0,0,0,0,0,0,0,0 max_stage2_delay_ms=224.711718 compaction_batch_target=32 compaction_max_delay_ms=25.000000 stage2_rate_per_sec=19.049199 stage1_search_budget_exhausted=0 stage2_search_budget_exhausted=0 stage2_continuations=572 stage2_remote_frontier_items=983401 avg_stage2_remote_frontier=1719.232517 stage2_remote_expansions=33023 avg_stage2_remote_expansions=57.732517 stage2_scored_candidates=2011534 avg_stage2_scored_candidates=3516.667832 stage2_graph_read_waves=7602 avg_stage2_expansions_per_graph_wave=4.343988 stage2_graph_unique_reads=34303 stage2_graph_prefetch_issued=23187 stage2_graph_prefetch_hits=21907 stage2_graph_prefetch_wasted=1280 stage2_graph_prefetch_promotion_ratio=0.944797 stage2_graph_issue_width_current=16 stage2_vector_read_waves=14692 avg_stage2_scores_per_vector_wave=136.913558 stage2_vector_unique_reads=1205525 stage2_home_rpc_batches=12757 stage2_home_rpc_items=1000173 avg_stage2_home_rpc_batch=78.401897 stage2_home_score_rpc_batches=3887 stage2_home_score_rpc_items=965870 stage2_home_score_rpc_queries=16288 stage2_home_score_rpc_request_bytes=24995960 stage2_home_score_rpc_response_bytes=31063824 avg_stage2_home_score_queries_per_rpc=4.190378 avg_stage2_home_score_rpc_batch=248.487265 stage2_home_scored_neighbors=1771736 home_scores_per_expansion=1.771430 stage2_migrations=236 home_match_rate=0.587413 stage2_final_edges=18060 stage2_cross_edges_stage1_home=9431 stage2_cross_edges_final_home=3611 cross_edge_reduction_ratio=0.617114 failed=0 rpc_timeouts=0 reverse_aggregate_batches=0 reverse_aggregate_logical_requests=0 reverse_aggregate_ops=0 avg_reverse_aggregate_logicals=0.000000 avg_reverse_aggregate_ops=0.000000 max_backlog=8 admission_window=65536 completion_outstanding=0 completion_incomplete=0 completed_behind_hole=0 completion_logical_full_failures=0 completion_physical_full_failures=0 pressure_yields=60 stage2_batches=152 avg_stage2_batch_size=3.763158 packing_target_batch=8 packing_admit_queue_avg=3.763158 packing_admit_queue_max=8 packing_batch_1_7=141 packing_batch_8=11 packing_assembly_batches=152 packing_assembly_wait_ms=3744.047177 packing_arrival_interval_us=25000 packing_waited_batches=141 packing_wait_ms=3513.959000 packing_target_flushes=11 packing_deadline_flushes=141 packing_cleanup_flushes=0 stage2_phase_search_attempts=152 stage2_phase_search_task_attempts=572 stage2_phase_search_elapsed_ms=4264.988788 avg_stage2_phase_search_us_per_task=7456.274105 stage2_phase_freeze_prune_attempts=152 stage2_phase_freeze_prune_task_attempts=572 stage2_phase_freeze_prune_elapsed_ms=247.856857 avg_stage2_phase_freeze_prune_us_per_task=433.316184 stage2_phase_reverse_prepare_attempts=152 stage2_phase_reverse_prepare_task_attempts=572 stage2_phase_reverse_prepare_elapsed_ms=708.042129 avg_stage2_phase_reverse_prepare_us_per_task=1237.835890 stage2_phase_placement_authority_attempts=152 stage2_phase_placement_authority_task_attempts=572 stage2_phase_placement_authority_elapsed_ms=68.604015 avg_stage2_phase_placement_authority_us_per_task=119.937089 stage2_phase_completion_handoff_attempts=152 stage2_phase_completion_handoff_task_attempts=572 stage2_phase_completion_handoff_elapsed_ms=0.200021 avg_stage2_phase_completion_handoff_us_per_task=0.349687 stage2_phase_finalize_attempts=152 stage2_phase_finalize_task_attempts=572 stage2_phase_finalize_elapsed_ms=0.623407 avg_stage2_phase_finalize_us_per_task=1.089872 maintenance_worker_idle_waits=47104 maintenance_worker_idle_ms=234717.173524 maintenance_lost_wake_avoided=865 maintenance_targeted_wakes=35563 maintenance_generic_wakes=572 maintenance_broadcast_wakes=0 maintenance_context_slots_scanned=394464 maintenance_ready_notifications=30592 maintenance_ready_stale_notifications=0 maintenance_ready_tickets_drained=24722 maintenance_ready_overflow_scans=0 maintenance_ready_fallback_scans=24928 stage2_search_lane_lease_limit=32 stage2_search_lane_lease_peak=6 stage2_search_lane_lease_blocked=0 maintenance_worker_observed_idle_ratio=0.977092 maintenance_worker_observed_busy_ratio=0.022908 physical_stage1_items=572 physical_stage1_total_ns=2565580167 physical_stage1_search_ns=2451682017 physical_stage1_prune_ns=68233779 physical_stage1_allocate_write_ns=32414956 physical_stage1_backlink_ns=11582186 physical_stage1_candidates=73039 physical_stage1_remote_frontier_items=983401 physical_stage1_neighbors=14195 peer_stage1_enqueued=936 peer_stage1_processed=936 peer_stage1_items=918 avg_peer_stage1_items=0.980769 peer_stage1_rate_per_sec=30.571967 peer_stage1_max_queue=3 peer_stage1_active_workers=0 peer_stage2_home_enqueued=11027 peer_stage2_home_processed=11027 peer_stage2_home_items=1223643 avg_peer_stage2_home_items=110.967897 peer_stage2_home_max_queue=3 peer_stage2_home_response_queue_drops=0 peer_stage2_home_response_send_wait_ms=50.775524 avg_peer_stage2_home_queue_wait_us=70.000326 avg_peer_stage2_home_execution_us=60.100689 peer_stage1_release_deferred_batches=19 peer_stage1_release_deferred_items=19 peer_stage1_duplicate_retry_responses=0 peer_stage1_admission_retry_responses=0 peer_stage1_retry_response_drops=0 peer_stage1_admission_waiters=0 peer_stage1_admission_waiter_items=0 peer_stage1_admission_owned_items=0 peer_stage1_admission_wake_coverage=0 peer_stage1_admission_parked=0 peer_stage1_admission_woken=0 peer_stage1_admission_reparked=0 peer_stage1_max_admission_waiters=0 peer_stage1_duplicate_coalesced=0 peer_reverse_enqueued=550 peer_reverse_processed=550 peer_reverse_remaining=0 peer_reverse_items_enqueued=4456 peer_reverse_items_processed=4456 peer_reverse_rate_per_sec=148.397260 peer_reverse_failed=4 peer_reverse_max_queue=2 reclaim_pending=44 reclaim_reused=192 dynamic_high_watermark=19981596384 stage2_remaining=0 cleanup_remaining=0 active_contexts=0 active_context_limit=32 repair_remaining=0 remaining=0
[STATUS]: storage-owner maintenance observation: enqueued=572 stage2_enqueued=572 cleanup_enqueued=0 stage2_tasks_done=572 stage2_finalized_live=572 cleanup_processed=0 stale=0 stage2_completion_ratio=1.000000 live_stage2_completion_ratio=1.000000 avg_stage2_delay_ms=76.658832 p99_stage2_delay_upper_ms=256.000000 p99_stage2_delay_over_30s=false stage2_delay_histogram=0,0,0,0,0,34,299,153,86,0,0,0,0,0,0,0,0,0 max_stage2_delay_ms=224.711718 compaction_batch_target=32 compaction_max_delay_ms=25.000000 stage2_rate_per_sec=16.329755 stage1_search_budget_exhausted=0 stage2_search_budget_exhausted=0 stage2_continuations=572 stage2_remote_frontier_items=983401 avg_stage2_remote_frontier=1719.232517 stage2_remote_expansions=33023 avg_stage2_remote_expansions=57.732517 stage2_scored_candidates=2011534 avg_stage2_scored_candidates=3516.667832 stage2_graph_read_waves=7602 avg_stage2_expansions_per_graph_wave=4.343988 stage2_graph_unique_reads=34303 stage2_graph_prefetch_issued=23187 stage2_graph_prefetch_hits=21907 stage2_graph_prefetch_wasted=1280 stage2_graph_prefetch_promotion_ratio=0.944797 stage2_graph_issue_width_current=16 stage2_vector_read_waves=14692 avg_stage2_scores_per_vector_wave=136.913558 stage2_vector_unique_reads=1205525 stage2_home_rpc_batches=12757 stage2_home_rpc_items=1000173 avg_stage2_home_rpc_batch=78.401897 stage2_home_score_rpc_batches=3887 stage2_home_score_rpc_items=965870 stage2_home_score_rpc_queries=16288 stage2_home_score_rpc_request_bytes=24995960 stage2_home_score_rpc_response_bytes=31063824 avg_stage2_home_score_queries_per_rpc=4.190378 avg_stage2_home_score_rpc_batch=248.487265 stage2_home_scored_neighbors=1771736 home_scores_per_expansion=1.771430 stage2_migrations=236 home_match_rate=0.587413 stage2_final_edges=18060 stage2_cross_edges_stage1_home=9431 stage2_cross_edges_final_home=3611 cross_edge_reduction_ratio=0.617114 failed=0 rpc_timeouts=0 reverse_aggregate_batches=0 reverse_aggregate_logical_requests=0 reverse_aggregate_ops=0 avg_reverse_aggregate_logicals=0.000000 avg_reverse_aggregate_ops=0.000000 max_backlog=8 admission_window=65536 completion_outstanding=0 completion_incomplete=0 completed_behind_hole=0 completion_logical_full_failures=0 completion_physical_full_failures=0 pressure_yields=60 stage2_batches=152 avg_stage2_batch_size=3.763158 packing_target_batch=8 packing_admit_queue_avg=3.763158 packing_admit_queue_max=8 packing_batch_1_7=141 packing_batch_8=11 packing_assembly_batches=152 packing_assembly_wait_ms=3744.047177 packing_arrival_interval_us=25000 packing_waited_batches=141 packing_wait_ms=3513.959000 packing_target_flushes=11 packing_deadline_flushes=141 packing_cleanup_flushes=0 stage2_phase_search_attempts=152 stage2_phase_search_task_attempts=572 stage2_phase_search_elapsed_ms=4264.988788 avg_stage2_phase_search_us_per_task=7456.274105 stage2_phase_freeze_prune_attempts=152 stage2_phase_freeze_prune_task_attempts=572 stage2_phase_freeze_prune_elapsed_ms=247.856857 avg_stage2_phase_freeze_prune_us_per_task=433.316184 stage2_phase_reverse_prepare_attempts=152 stage2_phase_reverse_prepare_task_attempts=572 stage2_phase_reverse_prepare_elapsed_ms=708.042129 avg_stage2_phase_reverse_prepare_us_per_task=1237.835890 stage2_phase_placement_authority_attempts=152 stage2_phase_placement_authority_task_attempts=572 stage2_phase_placement_authority_elapsed_ms=68.604015 avg_stage2_phase_placement_authority_us_per_task=119.937089 stage2_phase_completion_handoff_attempts=152 stage2_phase_completion_handoff_task_attempts=572 stage2_phase_completion_handoff_elapsed_ms=0.200021 avg_stage2_phase_completion_handoff_us_per_task=0.349687 stage2_phase_finalize_attempts=152 stage2_phase_finalize_task_attempts=572 stage2_phase_finalize_elapsed_ms=0.623407 avg_stage2_phase_finalize_us_per_task=1.089872 maintenance_worker_idle_waits=51072 maintenance_worker_idle_ms=274631.786277 maintenance_lost_wake_avoided=865 maintenance_targeted_wakes=35563 maintenance_generic_wakes=572 maintenance_broadcast_wakes=0 maintenance_context_slots_scanned=457952 maintenance_ready_notifications=30592 maintenance_ready_stale_notifications=0 maintenance_ready_tickets_drained=24722 maintenance_ready_overflow_scans=0 maintenance_ready_fallback_scans=28904 stage2_search_lane_lease_limit=32 stage2_search_lane_lease_peak=6 stage2_search_lane_lease_blocked=0 maintenance_worker_observed_idle_ratio=0.980041 maintenance_worker_observed_busy_ratio=0.019959 physical_stage1_items=572 physical_stage1_total_ns=2565580167 physical_stage1_search_ns=2451682017 physical_stage1_prune_ns=68233779 physical_stage1_allocate_write_ns=32414956 physical_stage1_backlink_ns=11582186 physical_stage1_candidates=73039 physical_stage1_remote_frontier_items=983401 physical_stage1_neighbors=14195 peer_stage1_enqueued=936 peer_stage1_processed=936 peer_stage1_items=918 avg_peer_stage1_items=0.980769 peer_stage1_rate_per_sec=26.207544 peer_stage1_max_queue=3 peer_stage1_active_workers=0 peer_stage2_home_enqueued=11027 peer_stage2_home_processed=11027 peer_stage2_home_items=1223643 avg_peer_stage2_home_items=110.967897 peer_stage2_home_max_queue=3 peer_stage2_home_response_queue_drops=0 peer_stage2_home_response_send_wait_ms=50.775524 avg_peer_stage2_home_queue_wait_us=70.000326 avg_peer_stage2_home_execution_us=60.100689 peer_stage1_release_deferred_batches=19 peer_stage1_release_deferred_items=19 peer_stage1_duplicate_retry_responses=0 peer_stage1_admission_retry_responses=0 peer_stage1_retry_response_drops=0 peer_stage1_admission_waiters=0 peer_stage1_admission_waiter_items=0 peer_stage1_admission_owned_items=0 peer_stage1_admission_wake_coverage=0 peer_stage1_admission_parked=0 peer_stage1_admission_woken=0 peer_stage1_admission_reparked=0 peer_stage1_max_admission_waiters=0 peer_stage1_duplicate_coalesced=0 peer_reverse_enqueued=550 peer_reverse_processed=550 peer_reverse_remaining=0 peer_reverse_items_enqueued=4456 peer_reverse_items_processed=4456 peer_reverse_rate_per_sec=127.212219 peer_reverse_failed=4 peer_reverse_max_queue=2 reclaim_pending=44 reclaim_reused=192 dynamic_high_watermark=19981596384 stage2_remaining=0 cleanup_remaining=0 active_contexts=0 active_context_limit=32 repair_remaining=0 remaining=0
[STATUS]: storage-owner maintenance observation: enqueued=572 stage2_enqueued=572 cleanup_enqueued=0 stage2_tasks_done=572 stage2_finalized_live=572 cleanup_processed=0 stale=0 stage2_completion_ratio=1.000000 live_stage2_completion_ratio=1.000000 avg_stage2_delay_ms=76.658832 p99_stage2_delay_upper_ms=256.000000 p99_stage2_delay_over_30s=false stage2_delay_histogram=0,0,0,0,0,34,299,153,86,0,0,0,0,0,0,0,0,0 max_stage2_delay_ms=224.711718 compaction_batch_target=32 compaction_max_delay_ms=25.000000 stage2_rate_per_sec=14.289727 stage1_search_budget_exhausted=0 stage2_search_budget_exhausted=0 stage2_continuations=572 stage2_remote_frontier_items=983401 avg_stage2_remote_frontier=1719.232517 stage2_remote_expansions=33023 avg_stage2_remote_expansions=57.732517 stage2_scored_candidates=2011534 avg_stage2_scored_candidates=3516.667832 stage2_graph_read_waves=7602 avg_stage2_expansions_per_graph_wave=4.343988 stage2_graph_unique_reads=34303 stage2_graph_prefetch_issued=23187 stage2_graph_prefetch_hits=21907 stage2_graph_prefetch_wasted=1280 stage2_graph_prefetch_promotion_ratio=0.944797 stage2_graph_issue_width_current=16 stage2_vector_read_waves=14692 avg_stage2_scores_per_vector_wave=136.913558 stage2_vector_unique_reads=1205525 stage2_home_rpc_batches=12757 stage2_home_rpc_items=1000173 avg_stage2_home_rpc_batch=78.401897 stage2_home_score_rpc_batches=3887 stage2_home_score_rpc_items=965870 stage2_home_score_rpc_queries=16288 stage2_home_score_rpc_request_bytes=24995960 stage2_home_score_rpc_response_bytes=31063824 avg_stage2_home_score_queries_per_rpc=4.190378 avg_stage2_home_score_rpc_batch=248.487265 stage2_home_scored_neighbors=1771736 home_scores_per_expansion=1.771430 stage2_migrations=236 home_match_rate=0.587413 stage2_final_edges=18060 stage2_cross_edges_stage1_home=9431 stage2_cross_edges_final_home=3611 cross_edge_reduction_ratio=0.617114 failed=0 rpc_timeouts=0 reverse_aggregate_batches=0 reverse_aggregate_logical_requests=0 reverse_aggregate_ops=0 avg_reverse_aggregate_logicals=0.000000 avg_reverse_aggregate_ops=0.000000 max_backlog=8 admission_window=65536 completion_outstanding=0 completion_incomplete=0 completed_behind_hole=0 completion_logical_full_failures=0 completion_physical_full_failures=0 pressure_yields=60 stage2_batches=152 avg_stage2_batch_size=3.763158 packing_target_batch=8 packing_admit_queue_avg=3.763158 packing_admit_queue_max=8 packing_batch_1_7=141 packing_batch_8=11 packing_assembly_batches=152 packing_assembly_wait_ms=3744.047177 packing_arrival_interval_us=25000 packing_waited_batches=141 packing_wait_ms=3513.959000 packing_target_flushes=11 packing_deadline_flushes=141 packing_cleanup_flushes=0 stage2_phase_search_attempts=152 stage2_phase_search_task_attempts=572 stage2_phase_search_elapsed_ms=4264.988788 avg_stage2_phase_search_us_per_task=7456.274105 stage2_phase_freeze_prune_attempts=152 stage2_phase_freeze_prune_task_attempts=572 stage2_phase_freeze_prune_elapsed_ms=247.856857 avg_stage2_phase_freeze_prune_us_per_task=433.316184 stage2_phase_reverse_prepare_attempts=152 stage2_phase_reverse_prepare_task_attempts=572 stage2_phase_reverse_prepare_elapsed_ms=708.042129 avg_stage2_phase_reverse_prepare_us_per_task=1237.835890 stage2_phase_placement_authority_attempts=152 stage2_phase_placement_authority_task_attempts=572 stage2_phase_placement_authority_elapsed_ms=68.604015 avg_stage2_phase_placement_authority_us_per_task=119.937089 stage2_phase_completion_handoff_attempts=152 stage2_phase_completion_handoff_task_attempts=572 stage2_phase_completion_handoff_elapsed_ms=0.200021 avg_stage2_phase_completion_handoff_us_per_task=0.349687 stage2_phase_finalize_attempts=152 stage2_phase_finalize_task_attempts=572 stage2_phase_finalize_elapsed_ms=0.623407 avg_stage2_phase_finalize_us_per_task=1.089872 maintenance_worker_idle_waits=55168 maintenance_worker_idle_ms=315828.122293 maintenance_lost_wake_avoided=865 maintenance_targeted_wakes=35563 maintenance_generic_wakes=572 maintenance_broadcast_wakes=0 maintenance_context_slots_scanned=523488 maintenance_ready_notifications=30592 maintenance_ready_stale_notifications=0 maintenance_ready_tickets_drained=24722 maintenance_ready_overflow_scans=0 maintenance_ready_fallback_scans=32880 stage2_search_lane_lease_limit=32 stage2_search_lane_lease_peak=6 stage2_search_lane_lease_blocked=0 maintenance_worker_observed_idle_ratio=0.986254 maintenance_worker_observed_busy_ratio=0.013746 physical_stage1_items=572 physical_stage1_total_ns=2565580167 physical_stage1_search_ns=2451682017 physical_stage1_prune_ns=68233779 physical_stage1_allocate_write_ns=32414956 physical_stage1_backlink_ns=11582186 physical_stage1_candidates=73039 physical_stage1_remote_frontier_items=983401 physical_stage1_neighbors=14195 peer_stage1_enqueued=936 peer_stage1_processed=936 peer_stage1_items=918 avg_peer_stage1_items=0.980769 peer_stage1_rate_per_sec=22.933513 peer_stage1_max_queue=3 peer_stage1_active_workers=0 peer_stage2_home_enqueued=11027 peer_stage2_home_processed=11027 peer_stage2_home_items=1223643 avg_peer_stage2_home_items=110.967897 peer_stage2_home_max_queue=3 peer_stage2_home_response_queue_drops=0 peer_stage2_home_response_send_wait_ms=50.775524 avg_peer_stage2_home_queue_wait_us=70.000326 avg_peer_stage2_home_execution_us=60.100689 peer_stage1_release_deferred_batches=19 peer_stage1_release_deferred_items=19 peer_stage1_duplicate_retry_responses=0 peer_stage1_admission_retry_responses=0 peer_stage1_retry_response_drops=0 peer_stage1_admission_waiters=0 peer_stage1_admission_waiter_items=0 peer_stage1_admission_owned_items=0 peer_stage1_admission_wake_coverage=0 peer_stage1_admission_parked=0 peer_stage1_admission_woken=0 peer_stage1_admission_reparked=0 peer_stage1_max_admission_waiters=0 peer_stage1_duplicate_coalesced=0 peer_reverse_enqueued=550 peer_reverse_processed=550 peer_reverse_remaining=0 peer_reverse_items_enqueued=4456 peer_reverse_items_processed=4456 peer_reverse_rate_per_sec=111.319970 peer_reverse_failed=4 peer_reverse_max_queue=2 reclaim_pending=44 reclaim_reused=192 dynamic_high_watermark=19981596384 stage2_remaining=0 cleanup_remaining=0 active_contexts=0 active_context_limit=32 repair_remaining=0 remaining=0
[STATUS]: storage-owner maintenance observation: enqueued=572 stage2_enqueued=572 cleanup_enqueued=0 stage2_tasks_done=572 stage2_finalized_live=572 cleanup_processed=0 stale=0 stage2_completion_ratio=1.000000 live_stage2_completion_ratio=1.000000 avg_stage2_delay_ms=76.658832 p99_stage2_delay_upper_ms=256.000000 p99_stage2_delay_over_30s=false stage2_delay_histogram=0,0,0,0,0,34,299,153,86,0,0,0,0,0,0,0,0,0 max_stage2_delay_ms=224.711718 compaction_batch_target=32 compaction_max_delay_ms=25.000000 stage2_rate_per_sec=12.702010 stage1_search_budget_exhausted=0 stage2_search_budget_exhausted=0 stage2_continuations=572 stage2_remote_frontier_items=983401 avg_stage2_remote_frontier=1719.232517 stage2_remote_expansions=33023 avg_stage2_remote_expansions=57.732517 stage2_scored_candidates=2011534 avg_stage2_scored_candidates=3516.667832 stage2_graph_read_waves=7602 avg_stage2_expansions_per_graph_wave=4.343988 stage2_graph_unique_reads=34303 stage2_graph_prefetch_issued=23187 stage2_graph_prefetch_hits=21907 stage2_graph_prefetch_wasted=1280 stage2_graph_prefetch_promotion_ratio=0.944797 stage2_graph_issue_width_current=16 stage2_vector_read_waves=14692 avg_stage2_scores_per_vector_wave=136.913558 stage2_vector_unique_reads=1205525 stage2_home_rpc_batches=12757 stage2_home_rpc_items=1000173 avg_stage2_home_rpc_batch=78.401897 stage2_home_score_rpc_batches=3887 stage2_home_score_rpc_items=965870 stage2_home_score_rpc_queries=16288 stage2_home_score_rpc_request_bytes=24995960 stage2_home_score_rpc_response_bytes=31063824 avg_stage2_home_score_queries_per_rpc=4.190378 avg_stage2_home_score_rpc_batch=248.487265 stage2_home_scored_neighbors=1771736 home_scores_per_expansion=1.771430 stage2_migrations=236 home_match_rate=0.587413 stage2_final_edges=18060 stage2_cross_edges_stage1_home=9431 stage2_cross_edges_final_home=3611 cross_edge_reduction_ratio=0.617114 failed=0 rpc_timeouts=0 reverse_aggregate_batches=0 reverse_aggregate_logical_requests=0 reverse_aggregate_ops=0 avg_reverse_aggregate_logicals=0.000000 avg_reverse_aggregate_ops=0.000000 max_backlog=8 admission_window=65536 completion_outstanding=0 completion_incomplete=0 completed_behind_hole=0 completion_logical_full_failures=0 completion_physical_full_failures=0 pressure_yields=60 stage2_batches=152 avg_stage2_batch_size=3.763158 packing_target_batch=8 packing_admit_queue_avg=3.763158 packing_admit_queue_max=8 packing_batch_1_7=141 packing_batch_8=11 packing_assembly_batches=152 packing_assembly_wait_ms=3744.047177 packing_arrival_interval_us=25000 packing_waited_batches=141 packing_wait_ms=3513.959000 packing_target_flushes=11 packing_deadline_flushes=141 packing_cleanup_flushes=0 stage2_phase_search_attempts=152 stage2_phase_search_task_attempts=572 stage2_phase_search_elapsed_ms=4264.988788 avg_stage2_phase_search_us_per_task=7456.274105 stage2_phase_freeze_prune_attempts=152 stage2_phase_freeze_prune_task_attempts=572 stage2_phase_freeze_prune_elapsed_ms=247.856857 avg_stage2_phase_freeze_prune_us_per_task=433.316184 stage2_phase_reverse_prepare_attempts=152 stage2_phase_reverse_prepare_task_attempts=572 stage2_phase_reverse_prepare_elapsed_ms=708.042129 avg_stage2_phase_reverse_prepare_us_per_task=1237.835890 stage2_phase_placement_authority_attempts=152 stage2_phase_placement_authority_task_attempts=572 stage2_phase_placement_authority_elapsed_ms=68.604015 avg_stage2_phase_placement_authority_us_per_task=119.937089 stage2_phase_completion_handoff_attempts=152 stage2_phase_completion_handoff_task_attempts=572 stage2_phase_completion_handoff_elapsed_ms=0.200021 avg_stage2_phase_completion_handoff_us_per_task=0.349687 stage2_phase_finalize_attempts=152 stage2_phase_finalize_task_attempts=572 stage2_phase_finalize_elapsed_ms=0.623407 avg_stage2_phase_finalize_us_per_task=1.089872 maintenance_worker_idle_waits=59008 maintenance_worker_idle_ms=354451.764695 maintenance_lost_wake_avoided=865 maintenance_targeted_wakes=35563 maintenance_generic_wakes=572 maintenance_broadcast_wakes=0 maintenance_context_slots_scanned=584928 maintenance_ready_notifications=30592 maintenance_ready_stale_notifications=0 maintenance_ready_tickets_drained=24722 maintenance_ready_overflow_scans=0 maintenance_ready_fallback_scans=36857 stage2_search_lane_lease_limit=32 stage2_search_lane_lease_peak=6 stage2_search_lane_lease_blocked=0 maintenance_worker_observed_idle_ratio=0.983883 maintenance_worker_observed_busy_ratio=0.016117 physical_stage1_items=572 physical_stage1_total_ns=2565580167 physical_stage1_search_ns=2451682017 physical_stage1_prune_ns=68233779 physical_stage1_allocate_write_ns=32414956 physical_stage1_backlink_ns=11582186 physical_stage1_candidates=73039 physical_stage1_remote_frontier_items=983401 physical_stage1_neighbors=14195 peer_stage1_enqueued=936 peer_stage1_processed=936 peer_stage1_items=918 avg_peer_stage1_items=0.980769 peer_stage1_rate_per_sec=20.385394 peer_stage1_max_queue=3 peer_stage1_active_workers=0 peer_stage2_home_enqueued=11027 peer_stage2_home_processed=11027 peer_stage2_home_items=1223643 avg_peer_stage2_home_items=110.967897 peer_stage2_home_max_queue=3 peer_stage2_home_response_queue_drops=0 peer_stage2_home_response_send_wait_ms=50.775524 avg_peer_stage2_home_queue_wait_us=70.000326 avg_peer_stage2_home_execution_us=60.100689 peer_stage1_release_deferred_batches=19 peer_stage1_release_deferred_items=19 peer_stage1_duplicate_retry_responses=0 peer_stage1_admission_retry_responses=0 peer_stage1_retry_response_drops=0 peer_stage1_admission_waiters=0 peer_stage1_admission_waiter_items=0 peer_stage1_admission_owned_items=0 peer_stage1_admission_wake_coverage=0 peer_stage1_admission_parked=0 peer_stage1_admission_woken=0 peer_stage1_admission_reparked=0 peer_stage1_max_admission_waiters=0 peer_stage1_duplicate_coalesced=0 peer_reverse_enqueued=550 peer_reverse_processed=550 peer_reverse_remaining=0 peer_reverse_items_enqueued=4456 peer_reverse_items_processed=4456 peer_reverse_rate_per_sec=98.951324 peer_reverse_failed=4 peer_reverse_max_queue=2 reclaim_pending=44 reclaim_reused=192 dynamic_high_watermark=19981596384 stage2_remaining=0 cleanup_remaining=0 active_contexts=0 active_context_limit=32 repair_remaining=0 remaining=0
[STATUS]: storage-owner maintenance observation: enqueued=572 stage2_enqueued=572 cleanup_enqueued=0 stage2_tasks_done=572 stage2_finalized_live=572 cleanup_processed=0 stale=0 stage2_completion_ratio=1.000000 live_stage2_completion_ratio=1.000000 avg_stage2_delay_ms=76.658832 p99_stage2_delay_upper_ms=256.000000 p99_stage2_delay_over_30s=false stage2_delay_histogram=0,0,0,0,0,34,299,153,86,0,0,0,0,0,0,0,0,0 max_stage2_delay_ms=224.711718 compaction_batch_target=32 compaction_max_delay_ms=25.000000 stage2_rate_per_sec=11.432385 stage1_search_budget_exhausted=0 stage2_search_budget_exhausted=0 stage2_continuations=572 stage2_remote_frontier_items=983401 avg_stage2_remote_frontier=1719.232517 stage2_remote_expansions=33023 avg_stage2_remote_expansions=57.732517 stage2_scored_candidates=2011534 avg_stage2_scored_candidates=3516.667832 stage2_graph_read_waves=7602 avg_stage2_expansions_per_graph_wave=4.343988 stage2_graph_unique_reads=34303 stage2_graph_prefetch_issued=23187 stage2_graph_prefetch_hits=21907 stage2_graph_prefetch_wasted=1280 stage2_graph_prefetch_promotion_ratio=0.944797 stage2_graph_issue_width_current=16 stage2_vector_read_waves=14692 avg_stage2_scores_per_vector_wave=136.913558 stage2_vector_unique_reads=1205525 stage2_home_rpc_batches=12757 stage2_home_rpc_items=1000173 avg_stage2_home_rpc_batch=78.401897 stage2_home_score_rpc_batches=3887 stage2_home_score_rpc_items=965870 stage2_home_score_rpc_queries=16288 stage2_home_score_rpc_request_bytes=24995960 stage2_home_score_rpc_response_bytes=31063824 avg_stage2_home_score_queries_per_rpc=4.190378 avg_stage2_home_score_rpc_batch=248.487265 stage2_home_scored_neighbors=1771736 home_scores_per_expansion=1.771430 stage2_migrations=236 home_match_rate=0.587413 stage2_final_edges=18060 stage2_cross_edges_stage1_home=9431 stage2_cross_edges_final_home=3611 cross_edge_reduction_ratio=0.617114 failed=0 rpc_timeouts=0 reverse_aggregate_batches=0 reverse_aggregate_logical_requests=0 reverse_aggregate_ops=0 avg_reverse_aggregate_logicals=0.000000 avg_reverse_aggregate_ops=0.000000 max_backlog=8 admission_window=65536 completion_outstanding=0 completion_incomplete=0 completed_behind_hole=0 completion_logical_full_failures=0 completion_physical_full_failures=0 pressure_yields=60 stage2_batches=152 avg_stage2_batch_size=3.763158 packing_target_batch=8 packing_admit_queue_avg=3.763158 packing_admit_queue_max=8 packing_batch_1_7=141 packing_batch_8=11 packing_assembly_batches=152 packing_assembly_wait_ms=3744.047177 packing_arrival_interval_us=25000 packing_waited_batches=141 packing_wait_ms=3513.959000 packing_target_flushes=11 packing_deadline_flushes=141 packing_cleanup_flushes=0 stage2_phase_search_attempts=152 stage2_phase_search_task_attempts=572 stage2_phase_search_elapsed_ms=4264.988788 avg_stage2_phase_search_us_per_task=7456.274105 stage2_phase_freeze_prune_attempts=152 stage2_phase_freeze_prune_task_attempts=572 stage2_phase_freeze_prune_elapsed_ms=247.856857 avg_stage2_phase_freeze_prune_us_per_task=433.316184 stage2_phase_reverse_prepare_attempts=152 stage2_phase_reverse_prepare_task_attempts=572 stage2_phase_reverse_prepare_elapsed_ms=708.042129 avg_stage2_phase_reverse_prepare_us_per_task=1237.835890 stage2_phase_placement_authority_attempts=152 stage2_phase_placement_authority_task_attempts=572 stage2_phase_placement_authority_elapsed_ms=68.604015 avg_stage2_phase_placement_authority_us_per_task=119.937089 stage2_phase_completion_handoff_attempts=152 stage2_phase_completion_handoff_task_attempts=572 stage2_phase_completion_handoff_elapsed_ms=0.200021 avg_stage2_phase_completion_handoff_us_per_task=0.349687 stage2_phase_finalize_attempts=152 stage2_phase_finalize_task_attempts=572 stage2_phase_finalize_elapsed_ms=0.623407 avg_stage2_phase_finalize_us_per_task=1.089872 maintenance_worker_idle_waits=62976 maintenance_worker_idle_ms=394361.025927 maintenance_lost_wake_avoided=865 maintenance_targeted_wakes=35563 maintenance_generic_wakes=572 maintenance_broadcast_wakes=0 maintenance_context_slots_scanned=648416 maintenance_ready_notifications=30592 maintenance_ready_stale_notifications=0 maintenance_ready_tickets_drained=24722 maintenance_ready_overflow_scans=0 maintenance_ready_fallback_scans=40834 stage2_search_lane_lease_limit=32 stage2_search_lane_lease_peak=6 stage2_search_lane_lease_blocked=0 maintenance_worker_observed_idle_ratio=0.985246 maintenance_worker_observed_busy_ratio=0.014754 physical_stage1_items=572 physical_stage1_total_ns=2565580167 physical_stage1_search_ns=2451682017 physical_stage1_prune_ns=68233779 physical_stage1_allocate_write_ns=32414956 physical_stage1_backlink_ns=11582186 physical_stage1_candidates=73039 physical_stage1_remote_frontier_items=983401 physical_stage1_neighbors=14195 peer_stage1_enqueued=936 peer_stage1_processed=936 peer_stage1_items=918 avg_peer_stage1_items=0.980769 peer_stage1_rate_per_sec=18.347778 peer_stage1_max_queue=3 peer_stage1_active_workers=0 peer_stage2_home_enqueued=11027 peer_stage2_home_processed=11027 peer_stage2_home_items=1223643 avg_peer_stage2_home_items=110.967897 peer_stage2_home_max_queue=3 peer_stage2_home_response_queue_drops=0 peer_stage2_home_response_send_wait_ms=50.775524 avg_peer_stage2_home_queue_wait_us=70.000326 avg_peer_stage2_home_execution_us=60.100689 peer_stage1_release_deferred_batches=19 peer_stage1_release_deferred_items=19 peer_stage1_duplicate_retry_responses=0 peer_stage1_admission_retry_responses=0 peer_stage1_retry_response_drops=0 peer_stage1_admission_waiters=0 peer_stage1_admission_waiter_items=0 peer_stage1_admission_owned_items=0 peer_stage1_admission_wake_coverage=0 peer_stage1_admission_parked=0 peer_stage1_admission_woken=0 peer_stage1_admission_reparked=0 peer_stage1_max_admission_waiters=0 peer_stage1_duplicate_coalesced=0 peer_reverse_enqueued=550 peer_reverse_processed=550 peer_reverse_remaining=0 peer_reverse_items_enqueued=4456 peer_reverse_items_processed=4456 peer_reverse_rate_per_sec=89.060675 peer_reverse_failed=4 peer_reverse_max_queue=2 reclaim_pending=44 reclaim_reused=192 dynamic_high_watermark=19981596384 stage2_remaining=0 cleanup_remaining=0 active_contexts=0 active_context_limit=32 repair_remaining=0 remaining=0
[STATUS]: storage-owner maintenance observation: enqueued=572 stage2_enqueued=572 cleanup_enqueued=0 stage2_tasks_done=572 stage2_finalized_live=572 cleanup_processed=0 stale=0 stage2_completion_ratio=1.000000 live_stage2_completion_ratio=1.000000 avg_stage2_delay_ms=76.658832 p99_stage2_delay_upper_ms=256.000000 p99_stage2_delay_over_30s=false stage2_delay_histogram=0,0,0,0,0,34,299,153,86,0,0,0,0,0,0,0,0,0 max_stage2_delay_ms=224.711718 compaction_batch_target=32 compaction_max_delay_ms=25.000000 stage2_rate_per_sec=10.393369 stage1_search_budget_exhausted=0 stage2_search_budget_exhausted=0 stage2_continuations=572 stage2_remote_frontier_items=983401 avg_stage2_remote_frontier=1719.232517 stage2_remote_expansions=33023 avg_stage2_remote_expansions=57.732517 stage2_scored_candidates=2011534 avg_stage2_scored_candidates=3516.667832 stage2_graph_read_waves=7602 avg_stage2_expansions_per_graph_wave=4.343988 stage2_graph_unique_reads=34303 stage2_graph_prefetch_issued=23187 stage2_graph_prefetch_hits=21907 stage2_graph_prefetch_wasted=1280 stage2_graph_prefetch_promotion_ratio=0.944797 stage2_graph_issue_width_current=16 stage2_vector_read_waves=14692 avg_stage2_scores_per_vector_wave=136.913558 stage2_vector_unique_reads=1205525 stage2_home_rpc_batches=12757 stage2_home_rpc_items=1000173 avg_stage2_home_rpc_batch=78.401897 stage2_home_score_rpc_batches=3887 stage2_home_score_rpc_items=965870 stage2_home_score_rpc_queries=16288 stage2_home_score_rpc_request_bytes=24995960 stage2_home_score_rpc_response_bytes=31063824 avg_stage2_home_score_queries_per_rpc=4.190378 avg_stage2_home_score_rpc_batch=248.487265 stage2_home_scored_neighbors=1771736 home_scores_per_expansion=1.771430 stage2_migrations=236 home_match_rate=0.587413 stage2_final_edges=18060 stage2_cross_edges_stage1_home=9431 stage2_cross_edges_final_home=3611 cross_edge_reduction_ratio=0.617114 failed=0 rpc_timeouts=0 reverse_aggregate_batches=0 reverse_aggregate_logical_requests=0 reverse_aggregate_ops=0 avg_reverse_aggregate_logicals=0.000000 avg_reverse_aggregate_ops=0.000000 max_backlog=8 admission_window=65536 completion_outstanding=0 completion_incomplete=0 completed_behind_hole=0 completion_logical_full_failures=0 completion_physical_full_failures=0 pressure_yields=60 stage2_batches=152 avg_stage2_batch_size=3.763158 packing_target_batch=8 packing_admit_queue_avg=3.763158 packing_admit_queue_max=8 packing_batch_1_7=141 packing_batch_8=11 packing_assembly_batches=152 packing_assembly_wait_ms=3744.047177 packing_arrival_interval_us=25000 packing_waited_batches=141 packing_wait_ms=3513.959000 packing_target_flushes=11 packing_deadline_flushes=141 packing_cleanup_flushes=0 stage2_phase_search_attempts=152 stage2_phase_search_task_attempts=572 stage2_phase_search_elapsed_ms=4264.988788 avg_stage2_phase_search_us_per_task=7456.274105 stage2_phase_freeze_prune_attempts=152 stage2_phase_freeze_prune_task_attempts=572 stage2_phase_freeze_prune_elapsed_ms=247.856857 avg_stage2_phase_freeze_prune_us_per_task=433.316184 stage2_phase_reverse_prepare_attempts=152 stage2_phase_reverse_prepare_task_attempts=572 stage2_phase_reverse_prepare_elapsed_ms=708.042129 avg_stage2_phase_reverse_prepare_us_per_task=1237.835890 stage2_phase_placement_authority_attempts=152 stage2_phase_placement_authority_task_attempts=572 stage2_phase_placement_authority_elapsed_ms=68.604015 avg_stage2_phase_placement_authority_us_per_task=119.937089 stage2_phase_completion_handoff_attempts=152 stage2_phase_completion_handoff_task_attempts=572 stage2_phase_completion_handoff_elapsed_ms=0.200021 avg_stage2_phase_completion_handoff_us_per_task=0.349687 stage2_phase_finalize_attempts=152 stage2_phase_finalize_task_attempts=572 stage2_phase_finalize_elapsed_ms=0.623407 avg_stage2_phase_finalize_us_per_task=1.089872 maintenance_worker_idle_waits=66944 maintenance_worker_idle_ms=434272.715228 maintenance_lost_wake_avoided=865 maintenance_targeted_wakes=35563 maintenance_generic_wakes=572 maintenance_broadcast_wakes=0 maintenance_context_slots_scanned=711904 maintenance_ready_notifications=30592 maintenance_ready_stale_notifications=0 maintenance_ready_tickets_drained=24722 maintenance_ready_overflow_scans=0 maintenance_ready_fallback_scans=44811 stage2_search_lane_lease_limit=32 stage2_search_lane_lease_peak=6 stage2_search_lane_lease_blocked=0 maintenance_worker_observed_idle_ratio=0.986354 maintenance_worker_observed_busy_ratio=0.013646 physical_stage1_items=572 physical_stage1_total_ns=2565580167 physical_stage1_search_ns=2451682017 physical_stage1_prune_ns=68233779 physical_stage1_allocate_write_ns=32414956 physical_stage1_backlink_ns=11582186 physical_stage1_candidates=73039 physical_stage1_remote_frontier_items=983401 physical_stage1_neighbors=14195 peer_stage1_enqueued=936 peer_stage1_processed=936 peer_stage1_items=918 avg_peer_stage1_items=0.980769 peer_stage1_rate_per_sec=16.680268 peer_stage1_max_queue=3 peer_stage1_active_workers=0 peer_stage2_home_enqueued=11027 peer_stage2_home_processed=11027 peer_stage2_home_items=1223643 avg_peer_stage2_home_items=110.967897 peer_stage2_home_max_queue=3 peer_stage2_home_response_queue_drops=0 peer_stage2_home_response_send_wait_ms=50.775524 avg_peer_stage2_home_queue_wait_us=70.000326 avg_peer_stage2_home_execution_us=60.100689 peer_stage1_release_deferred_batches=19 peer_stage1_release_deferred_items=19 peer_stage1_duplicate_retry_responses=0 peer_stage1_admission_retry_responses=0 peer_stage1_retry_response_drops=0 peer_stage1_admission_waiters=0 peer_stage1_admission_waiter_items=0 peer_stage1_admission_owned_items=0 peer_stage1_admission_wake_coverage=0 peer_stage1_admission_parked=0 peer_stage1_admission_woken=0 peer_stage1_admission_reparked=0 peer_stage1_max_admission_waiters=0 peer_stage1_duplicate_coalesced=0 peer_reverse_enqueued=550 peer_reverse_processed=550 peer_reverse_remaining=0 peer_reverse_items_enqueued=4456 peer_reverse_items_processed=4456 peer_reverse_rate_per_sec=80.966528 peer_reverse_failed=4 peer_reverse_max_queue=2 reclaim_pending=44 reclaim_reused=192 dynamic_high_watermark=19981596384 stage2_remaining=0 cleanup_remaining=0 active_contexts=0 active_context_limit=32 repair_remaining=0 remaining=0
[STATUS]: storage-owner maintenance observation: enqueued=572 stage2_enqueued=572 cleanup_enqueued=0 stage2_tasks_done=572 stage2_finalized_live=572 cleanup_processed=0 stale=0 stage2_completion_ratio=1.000000 live_stage2_completion_ratio=1.000000 avg_stage2_delay_ms=76.658832 p99_stage2_delay_upper_ms=256.000000 p99_stage2_delay_over_30s=false stage2_delay_histogram=0,0,0,0,0,34,299,153,86,0,0,0,0,0,0,0,0,0 max_stage2_delay_ms=224.711718 compaction_batch_target=32 compaction_max_delay_ms=25.000000 stage2_rate_per_sec=9.527626 stage1_search_budget_exhausted=0 stage2_search_budget_exhausted=0 stage2_continuations=572 stage2_remote_frontier_items=983401 avg_stage2_remote_frontier=1719.232517 stage2_remote_expansions=33023 avg_stage2_remote_expansions=57.732517 stage2_scored_candidates=2011534 avg_stage2_scored_candidates=3516.667832 stage2_graph_read_waves=7602 avg_stage2_expansions_per_graph_wave=4.343988 stage2_graph_unique_reads=34303 stage2_graph_prefetch_issued=23187 stage2_graph_prefetch_hits=21907 stage2_graph_prefetch_wasted=1280 stage2_graph_prefetch_promotion_ratio=0.944797 stage2_graph_issue_width_current=16 stage2_vector_read_waves=14692 avg_stage2_scores_per_vector_wave=136.913558 stage2_vector_unique_reads=1205525 stage2_home_rpc_batches=12757 stage2_home_rpc_items=1000173 avg_stage2_home_rpc_batch=78.401897 stage2_home_score_rpc_batches=3887 stage2_home_score_rpc_items=965870 stage2_home_score_rpc_queries=16288 stage2_home_score_rpc_request_bytes=24995960 stage2_home_score_rpc_response_bytes=31063824 avg_stage2_home_score_queries_per_rpc=4.190378 avg_stage2_home_score_rpc_batch=248.487265 stage2_home_scored_neighbors=1771736 home_scores_per_expansion=1.771430 stage2_migrations=236 home_match_rate=0.587413 stage2_final_edges=18060 stage2_cross_edges_stage1_home=9431 stage2_cross_edges_final_home=3611 cross_edge_reduction_ratio=0.617114 failed=0 rpc_timeouts=0 reverse_aggregate_batches=0 reverse_aggregate_logical_requests=0 reverse_aggregate_ops=0 avg_reverse_aggregate_logicals=0.000000 avg_reverse_aggregate_ops=0.000000 max_backlog=8 admission_window=65536 completion_outstanding=0 completion_incomplete=0 completed_behind_hole=0 completion_logical_full_failures=0 completion_physical_full_failures=0 pressure_yields=60 stage2_batches=152 avg_stage2_batch_size=3.763158 packing_target_batch=8 packing_admit_queue_avg=3.763158 packing_admit_queue_max=8 packing_batch_1_7=141 packing_batch_8=11 packing_assembly_batches=152 packing_assembly_wait_ms=3744.047177 packing_arrival_interval_us=25000 packing_waited_batches=141 packing_wait_ms=3513.959000 packing_target_flushes=11 packing_deadline_flushes=141 packing_cleanup_flushes=0 stage2_phase_search_attempts=152 stage2_phase_search_task_attempts=572 stage2_phase_search_elapsed_ms=4264.988788 avg_stage2_phase_search_us_per_task=7456.274105 stage2_phase_freeze_prune_attempts=152 stage2_phase_freeze_prune_task_attempts=572 stage2_phase_freeze_prune_elapsed_ms=247.856857 avg_stage2_phase_freeze_prune_us_per_task=433.316184 stage2_phase_reverse_prepare_attempts=152 stage2_phase_reverse_prepare_task_attempts=572 stage2_phase_reverse_prepare_elapsed_ms=708.042129 avg_stage2_phase_reverse_prepare_us_per_task=1237.835890 stage2_phase_placement_authority_attempts=152 stage2_phase_placement_authority_task_attempts=572 stage2_phase_placement_authority_elapsed_ms=68.604015 avg_stage2_phase_placement_authority_us_per_task=119.937089 stage2_phase_completion_handoff_attempts=152 stage2_phase_completion_handoff_task_attempts=572 stage2_phase_completion_handoff_elapsed_ms=0.200021 avg_stage2_phase_completion_handoff_us_per_task=0.349687 stage2_phase_finalize_attempts=152 stage2_phase_finalize_task_attempts=572 stage2_phase_finalize_elapsed_ms=0.623407 avg_stage2_phase_finalize_us_per_task=1.089872 maintenance_worker_idle_waits=71040 maintenance_worker_idle_ms=475469.663083 maintenance_lost_wake_avoided=865 maintenance_targeted_wakes=35563 maintenance_generic_wakes=572 maintenance_broadcast_wakes=0 maintenance_context_slots_scanned=777440 maintenance_ready_notifications=30592 maintenance_ready_stale_notifications=0 maintenance_ready_tickets_drained=24722 maintenance_ready_overflow_scans=0 maintenance_ready_fallback_scans=48787 stage2_search_lane_lease_limit=32 stage2_search_lane_lease_peak=6 stage2_search_lane_lease_blocked=0 maintenance_worker_observed_idle_ratio=0.989969 maintenance_worker_observed_busy_ratio=0.010031 physical_stage1_items=572 physical_stage1_total_ns=2565580167 physical_stage1_search_ns=2451682017 physical_stage1_prune_ns=68233779 physical_stage1_allocate_write_ns=32414956 physical_stage1_backlink_ns=11582186 physical_stage1_candidates=73039 physical_stage1_remote_frontier_items=983401 physical_stage1_neighbors=14195 peer_stage1_enqueued=936 peer_stage1_processed=936 peer_stage1_items=918 avg_peer_stage1_items=0.980769 peer_stage1_rate_per_sec=15.290841 peer_stage1_max_queue=3 peer_stage1_active_workers=0 peer_stage2_home_enqueued=11027 peer_stage2_home_processed=11027 peer_stage2_home_items=1223643 avg_peer_stage2_home_items=110.967897 peer_stage2_home_max_queue=3 peer_stage2_home_response_queue_drops=0 peer_stage2_home_response_send_wait_ms=50.775524 avg_peer_stage2_home_queue_wait_us=70.000326 avg_peer_stage2_home_execution_us=60.100689 peer_stage1_release_deferred_batches=19 peer_stage1_release_deferred_items=19 peer_stage1_duplicate_retry_responses=0 peer_stage1_admission_retry_responses=0 peer_stage1_retry_response_drops=0 peer_stage1_admission_waiters=0 peer_stage1_admission_waiter_items=0 peer_stage1_admission_owned_items=0 peer_stage1_admission_wake_coverage=0 peer_stage1_admission_parked=0 peer_stage1_admission_woken=0 peer_stage1_admission_reparked=0 peer_stage1_max_admission_waiters=0 peer_stage1_duplicate_coalesced=0 peer_reverse_enqueued=550 peer_reverse_processed=550 peer_reverse_remaining=0 peer_reverse_items_enqueued=4456 peer_reverse_items_processed=4456 peer_reverse_rate_per_sec=74.222207 peer_reverse_failed=4 peer_reverse_max_queue=2 reclaim_pending=44 reclaim_reused=192 dynamic_high_watermark=19981596384 stage2_remaining=0 cleanup_remaining=0 active_contexts=0 active_context_limit=32 repair_remaining=0 remaining=0
[STATUS]: storage-owner maintenance observation: enqueued=572 stage2_enqueued=572 cleanup_enqueued=0 stage2_tasks_done=572 stage2_finalized_live=572 cleanup_processed=0 stale=0 stage2_completion_ratio=1.000000 live_stage2_completion_ratio=1.000000 avg_stage2_delay_ms=76.658832 p99_stage2_delay_upper_ms=256.000000 p99_stage2_delay_over_30s=false stage2_delay_histogram=0,0,0,0,0,34,299,153,86,0,0,0,0,0,0,0,0,0 max_stage2_delay_ms=224.711718 compaction_batch_target=32 compaction_max_delay_ms=25.000000 stage2_rate_per_sec=8.794890 stage1_search_budget_exhausted=0 stage2_search_budget_exhausted=0 stage2_continuations=572 stage2_remote_frontier_items=983401 avg_stage2_remote_frontier=1719.232517 stage2_remote_expansions=33023 avg_stage2_remote_expansions=57.732517 stage2_scored_candidates=2011534 avg_stage2_scored_candidates=3516.667832 stage2_graph_read_waves=7602 avg_stage2_expansions_per_graph_wave=4.343988 stage2_graph_unique_reads=34303 stage2_graph_prefetch_issued=23187 stage2_graph_prefetch_hits=21907 stage2_graph_prefetch_wasted=1280 stage2_graph_prefetch_promotion_ratio=0.944797 stage2_graph_issue_width_current=16 stage2_vector_read_waves=14692 avg_stage2_scores_per_vector_wave=136.913558 stage2_vector_unique_reads=1205525 stage2_home_rpc_batches=12757 stage2_home_rpc_items=1000173 avg_stage2_home_rpc_batch=78.401897 stage2_home_score_rpc_batches=3887 stage2_home_score_rpc_items=965870 stage2_home_score_rpc_queries=16288 stage2_home_score_rpc_request_bytes=24995960 stage2_home_score_rpc_response_bytes=31063824 avg_stage2_home_score_queries_per_rpc=4.190378 avg_stage2_home_score_rpc_batch=248.487265 stage2_home_scored_neighbors=1771736 home_scores_per_expansion=1.771430 stage2_migrations=236 home_match_rate=0.587413 stage2_final_edges=18060 stage2_cross_edges_stage1_home=9431 stage2_cross_edges_final_home=3611 cross_edge_reduction_ratio=0.617114 failed=0 rpc_timeouts=0 reverse_aggregate_batches=0 reverse_aggregate_logical_requests=0 reverse_aggregate_ops=0 avg_reverse_aggregate_logicals=0.000000 avg_reverse_aggregate_ops=0.000000 max_backlog=8 admission_window=65536 completion_outstanding=0 completion_incomplete=0 completed_behind_hole=0 completion_logical_full_failures=0 completion_physical_full_failures=0 pressure_yields=60 stage2_batches=152 avg_stage2_batch_size=3.763158 packing_target_batch=8 packing_admit_queue_avg=3.763158 packing_admit_queue_max=8 packing_batch_1_7=141 packing_batch_8=11 packing_assembly_batches=152 packing_assembly_wait_ms=3744.047177 packing_arrival_interval_us=25000 packing_waited_batches=141 packing_wait_ms=3513.959000 packing_target_flushes=11 packing_deadline_flushes=141 packing_cleanup_flushes=0 stage2_phase_search_attempts=152 stage2_phase_search_task_attempts=572 stage2_phase_search_elapsed_ms=4264.988788 avg_stage2_phase_search_us_per_task=7456.274105 stage2_phase_freeze_prune_attempts=152 stage2_phase_freeze_prune_task_attempts=572 stage2_phase_freeze_prune_elapsed_ms=247.856857 avg_stage2_phase_freeze_prune_us_per_task=433.316184 stage2_phase_reverse_prepare_attempts=152 stage2_phase_reverse_prepare_task_attempts=572 stage2_phase_reverse_prepare_elapsed_ms=708.042129 avg_stage2_phase_reverse_prepare_us_per_task=1237.835890 stage2_phase_placement_authority_attempts=152 stage2_phase_placement_authority_task_attempts=572 stage2_phase_placement_authority_elapsed_ms=68.604015 avg_stage2_phase_placement_authority_us_per_task=119.937089 stage2_phase_completion_handoff_attempts=152 stage2_phase_completion_handoff_task_attempts=572 stage2_phase_completion_handoff_elapsed_ms=0.200021 avg_stage2_phase_completion_handoff_us_per_task=0.349687 stage2_phase_finalize_attempts=152 stage2_phase_finalize_task_attempts=572 stage2_phase_finalize_elapsed_ms=0.623407 avg_stage2_phase_finalize_us_per_task=1.089872 maintenance_worker_idle_waits=74944 maintenance_worker_idle_ms=514736.042039 maintenance_lost_wake_avoided=865 maintenance_targeted_wakes=35563 maintenance_generic_wakes=572 maintenance_broadcast_wakes=0 maintenance_context_slots_scanned=839904 maintenance_ready_notifications=30592 maintenance_ready_stale_notifications=0 maintenance_ready_tickets_drained=24722 maintenance_ready_overflow_scans=0 maintenance_ready_fallback_scans=52765 stage2_search_lane_lease_limit=32 stage2_search_lane_lease_peak=6 stage2_search_lane_lease_blocked=0 maintenance_worker_observed_idle_ratio=0.989302 maintenance_worker_observed_busy_ratio=0.010698 physical_stage1_items=572 physical_stage1_total_ns=2565580167 physical_stage1_search_ns=2451682017 physical_stage1_prune_ns=68233779 physical_stage1_allocate_write_ns=32414956 physical_stage1_backlink_ns=11582186 physical_stage1_candidates=73039 physical_stage1_remote_frontier_items=983401 physical_stage1_neighbors=14195 peer_stage1_enqueued=936 peer_stage1_processed=936 peer_stage1_items=918 avg_peer_stage1_items=0.980769 peer_stage1_rate_per_sec=14.114876 peer_stage1_max_queue=3 peer_stage1_active_workers=0 peer_stage2_home_enqueued=11027 peer_stage2_home_processed=11027 peer_stage2_home_items=1223643 avg_peer_stage2_home_items=110.967897 peer_stage2_home_max_queue=3 peer_stage2_home_response_queue_drops=0 peer_stage2_home_response_send_wait_ms=50.775524 avg_peer_stage2_home_queue_wait_us=70.000326 avg_peer_stage2_home_execution_us=60.100689 peer_stage1_release_deferred_batches=19 peer_stage1_release_deferred_items=19 peer_stage1_duplicate_retry_responses=0 peer_stage1_admission_retry_responses=0 peer_stage1_retry_response_drops=0 peer_stage1_admission_waiters=0 peer_stage1_admission_waiter_items=0 peer_stage1_admission_owned_items=0 peer_stage1_admission_wake_coverage=0 peer_stage1_admission_parked=0 peer_stage1_admission_woken=0 peer_stage1_admission_reparked=0 peer_stage1_max_admission_waiters=0 peer_stage1_duplicate_coalesced=0 peer_reverse_enqueued=550 peer_reverse_processed=550 peer_reverse_remaining=0 peer_reverse_items_enqueued=4456 peer_reverse_items_processed=4456 peer_reverse_rate_per_sec=68.514037 peer_reverse_failed=4 peer_reverse_max_queue=2 reclaim_pending=44 reclaim_reused=192 dynamic_high_watermark=19981596384 stage2_remaining=0 cleanup_remaining=0 active_contexts=0 active_context_limit=32 repair_remaining=0 remaining=0
[STATUS]: storage-owner maintenance observation: enqueued=572 stage2_enqueued=572 cleanup_enqueued=0 stage2_tasks_done=572 stage2_finalized_live=572 cleanup_processed=0 stale=0 stage2_completion_ratio=1.000000 live_stage2_completion_ratio=1.000000 avg_stage2_delay_ms=76.658832 p99_stage2_delay_upper_ms=256.000000 p99_stage2_delay_over_30s=false stage2_delay_histogram=0,0,0,0,0,34,299,153,86,0,0,0,0,0,0,0,0,0 max_stage2_delay_ms=224.711718 compaction_batch_target=32 compaction_max_delay_ms=25.000000 stage2_rate_per_sec=8.166853 stage1_search_budget_exhausted=0 stage2_search_budget_exhausted=0 stage2_continuations=572 stage2_remote_frontier_items=983401 avg_stage2_remote_frontier=1719.232517 stage2_remote_expansions=33023 avg_stage2_remote_expansions=57.732517 stage2_scored_candidates=2011534 avg_stage2_scored_candidates=3516.667832 stage2_graph_read_waves=7602 avg_stage2_expansions_per_graph_wave=4.343988 stage2_graph_unique_reads=34303 stage2_graph_prefetch_issued=23187 stage2_graph_prefetch_hits=21907 stage2_graph_prefetch_wasted=1280 stage2_graph_prefetch_promotion_ratio=0.944797 stage2_graph_issue_width_current=16 stage2_vector_read_waves=14692 avg_stage2_scores_per_vector_wave=136.913558 stage2_vector_unique_reads=1205525 stage2_home_rpc_batches=12757 stage2_home_rpc_items=1000173 avg_stage2_home_rpc_batch=78.401897 stage2_home_score_rpc_batches=3887 stage2_home_score_rpc_items=965870 stage2_home_score_rpc_queries=16288 stage2_home_score_rpc_request_bytes=24995960 stage2_home_score_rpc_response_bytes=31063824 avg_stage2_home_score_queries_per_rpc=4.190378 avg_stage2_home_score_rpc_batch=248.487265 stage2_home_scored_neighbors=1771736 home_scores_per_expansion=1.771430 stage2_migrations=236 home_match_rate=0.587413 stage2_final_edges=18060 stage2_cross_edges_stage1_home=9431 stage2_cross_edges_final_home=3611 cross_edge_reduction_ratio=0.617114 failed=0 rpc_timeouts=0 reverse_aggregate_batches=0 reverse_aggregate_logical_requests=0 reverse_aggregate_ops=0 avg_reverse_aggregate_logicals=0.000000 avg_reverse_aggregate_ops=0.000000 max_backlog=8 admission_window=65536 completion_outstanding=0 completion_incomplete=0 completed_behind_hole=0 completion_logical_full_failures=0 completion_physical_full_failures=0 pressure_yields=60 stage2_batches=152 avg_stage2_batch_size=3.763158 packing_target_batch=8 packing_admit_queue_avg=3.763158 packing_admit_queue_max=8 packing_batch_1_7=141 packing_batch_8=11 packing_assembly_batches=152 packing_assembly_wait_ms=3744.047177 packing_arrival_interval_us=25000 packing_waited_batches=141 packing_wait_ms=3513.959000 packing_target_flushes=11 packing_deadline_flushes=141 packing_cleanup_flushes=0 stage2_phase_search_attempts=152 stage2_phase_search_task_attempts=572 stage2_phase_search_elapsed_ms=4264.988788 avg_stage2_phase_search_us_per_task=7456.274105 stage2_phase_freeze_prune_attempts=152 stage2_phase_freeze_prune_task_attempts=572 stage2_phase_freeze_prune_elapsed_ms=247.856857 avg_stage2_phase_freeze_prune_us_per_task=433.316184 stage2_phase_reverse_prepare_attempts=152 stage2_phase_reverse_prepare_task_attempts=572 stage2_phase_reverse_prepare_elapsed_ms=708.042129 avg_stage2_phase_reverse_prepare_us_per_task=1237.835890 stage2_phase_placement_authority_attempts=152 stage2_phase_placement_authority_task_attempts=572 stage2_phase_placement_authority_elapsed_ms=68.604015 avg_stage2_phase_placement_authority_us_per_task=119.937089 stage2_phase_completion_handoff_attempts=152 stage2_phase_completion_handoff_task_attempts=572 stage2_phase_completion_handoff_elapsed_ms=0.200021 avg_stage2_phase_completion_handoff_us_per_task=0.349687 stage2_phase_finalize_attempts=152 stage2_phase_finalize_task_attempts=572 stage2_phase_finalize_elapsed_ms=0.623407 avg_stage2_phase_finalize_us_per_task=1.089872 maintenance_worker_idle_waits=78912 maintenance_worker_idle_ms=554645.796517 maintenance_lost_wake_avoided=865 maintenance_targeted_wakes=35563 maintenance_generic_wakes=572 maintenance_broadcast_wakes=0 maintenance_context_slots_scanned=903392 maintenance_ready_notifications=30592 maintenance_ready_stale_notifications=0 maintenance_ready_tickets_drained=24722 maintenance_ready_overflow_scans=0 maintenance_ready_fallback_scans=56742 stage2_search_lane_lease_limit=32 stage2_search_lane_lease_peak=6 stage2_search_lane_lease_blocked=0 maintenance_worker_observed_idle_ratio=0.989884 maintenance_worker_observed_busy_ratio=0.010116 physical_stage1_items=572 physical_stage1_total_ns=2565580167 physical_stage1_search_ns=2451682017 physical_stage1_prune_ns=68233779 physical_stage1_allocate_write_ns=32414956 physical_stage1_backlink_ns=11582186 physical_stage1_candidates=73039 physical_stage1_remote_frontier_items=983401 physical_stage1_neighbors=14195 peer_stage1_enqueued=936 peer_stage1_processed=936 peer_stage1_items=918 avg_peer_stage1_items=0.980769 peer_stage1_rate_per_sec=13.106943 peer_stage1_max_queue=3 peer_stage1_active_workers=0 peer_stage2_home_enqueued=11027 peer_stage2_home_processed=11027 peer_stage2_home_items=1223643 avg_peer_stage2_home_items=110.967897 peer_stage2_home_max_queue=3 peer_stage2_home_response_queue_drops=0 peer_stage2_home_response_send_wait_ms=50.775524 avg_peer_stage2_home_queue_wait_us=70.000326 avg_peer_stage2_home_execution_us=60.100689 peer_stage1_release_deferred_batches=19 peer_stage1_release_deferred_items=19 peer_stage1_duplicate_retry_responses=0 peer_stage1_admission_retry_responses=0 peer_stage1_retry_response_drops=0 peer_stage1_admission_waiters=0 peer_stage1_admission_waiter_items=0 peer_stage1_admission_owned_items=0 peer_stage1_admission_wake_coverage=0 peer_stage1_admission_parked=0 peer_stage1_admission_woken=0 peer_stage1_admission_reparked=0 peer_stage1_max_admission_waiters=0 peer_stage1_duplicate_coalesced=0 peer_reverse_enqueued=550 peer_reverse_processed=550 peer_reverse_remaining=0 peer_reverse_items_enqueued=4456 peer_reverse_items_processed=4456 peer_reverse_rate_per_sec=63.621501 peer_reverse_failed=4 peer_reverse_max_queue=2 reclaim_pending=44 reclaim_reused=192 dynamic_high_watermark=19981596384 stage2_remaining=0 cleanup_remaining=0 active_contexts=0 active_context_limit=32 repair_remaining=0 remaining=0
[STATUS]: storage-owner maintenance observation: enqueued=572 stage2_enqueued=572 cleanup_enqueued=0 stage2_tasks_done=572 stage2_finalized_live=572 cleanup_processed=0 stale=0 stage2_completion_ratio=1.000000 live_stage2_completion_ratio=1.000000 avg_stage2_delay_ms=76.658832 p99_stage2_delay_upper_ms=256.000000 p99_stage2_delay_over_30s=false stage2_delay_histogram=0,0,0,0,0,34,299,153,86,0,0,0,0,0,0,0,0,0 max_stage2_delay_ms=224.711718 compaction_batch_target=32 compaction_max_delay_ms=25.000000 stage2_rate_per_sec=7.622564 stage1_search_budget_exhausted=0 stage2_search_budget_exhausted=0 stage2_continuations=572 stage2_remote_frontier_items=983401 avg_stage2_remote_frontier=1719.232517 stage2_remote_expansions=33023 avg_stage2_remote_expansions=57.732517 stage2_scored_candidates=2011534 avg_stage2_scored_candidates=3516.667832 stage2_graph_read_waves=7602 avg_stage2_expansions_per_graph_wave=4.343988 stage2_graph_unique_reads=34303 stage2_graph_prefetch_issued=23187 stage2_graph_prefetch_hits=21907 stage2_graph_prefetch_wasted=1280 stage2_graph_prefetch_promotion_ratio=0.944797 stage2_graph_issue_width_current=16 stage2_vector_read_waves=14692 avg_stage2_scores_per_vector_wave=136.913558 stage2_vector_unique_reads=1205525 stage2_home_rpc_batches=12757 stage2_home_rpc_items=1000173 avg_stage2_home_rpc_batch=78.401897 stage2_home_score_rpc_batches=3887 stage2_home_score_rpc_items=965870 stage2_home_score_rpc_queries=16288 stage2_home_score_rpc_request_bytes=24995960 stage2_home_score_rpc_response_bytes=31063824 avg_stage2_home_score_queries_per_rpc=4.190378 avg_stage2_home_score_rpc_batch=248.487265 stage2_home_scored_neighbors=1771736 home_scores_per_expansion=1.771430 stage2_migrations=236 home_match_rate=0.587413 stage2_final_edges=18060 stage2_cross_edges_stage1_home=9431 stage2_cross_edges_final_home=3611 cross_edge_reduction_ratio=0.617114 failed=0 rpc_timeouts=0 reverse_aggregate_batches=0 reverse_aggregate_logical_requests=0 reverse_aggregate_ops=0 avg_reverse_aggregate_logicals=0.000000 avg_reverse_aggregate_ops=0.000000 max_backlog=8 admission_window=65536 completion_outstanding=0 completion_incomplete=0 completed_behind_hole=0 completion_logical_full_failures=0 completion_physical_full_failures=0 pressure_yields=60 stage2_batches=152 avg_stage2_batch_size=3.763158 packing_target_batch=8 packing_admit_queue_avg=3.763158 packing_admit_queue_max=8 packing_batch_1_7=141 packing_batch_8=11 packing_assembly_batches=152 packing_assembly_wait_ms=3744.047177 packing_arrival_interval_us=25000 packing_waited_batches=141 packing_wait_ms=3513.959000 packing_target_flushes=11 packing_deadline_flushes=141 packing_cleanup_flushes=0 stage2_phase_search_attempts=152 stage2_phase_search_task_attempts=572 stage2_phase_search_elapsed_ms=4264.988788 avg_stage2_phase_search_us_per_task=7456.274105 stage2_phase_freeze_prune_attempts=152 stage2_phase_freeze_prune_task_attempts=572 stage2_phase_freeze_prune_elapsed_ms=247.856857 avg_stage2_phase_freeze_prune_us_per_task=433.316184 stage2_phase_reverse_prepare_attempts=152 stage2_phase_reverse_prepare_task_attempts=572 stage2_phase_reverse_prepare_elapsed_ms=708.042129 avg_stage2_phase_reverse_prepare_us_per_task=1237.835890 stage2_phase_placement_authority_attempts=152 stage2_phase_placement_authority_task_attempts=572 stage2_phase_placement_authority_elapsed_ms=68.604015 avg_stage2_phase_placement_authority_us_per_task=119.937089 stage2_phase_completion_handoff_attempts=152 stage2_phase_completion_handoff_task_attempts=572 stage2_phase_completion_handoff_elapsed_ms=0.200021 avg_stage2_phase_completion_handoff_us_per_task=0.349687 stage2_phase_finalize_attempts=152 stage2_phase_finalize_task_attempts=572 stage2_phase_finalize_elapsed_ms=0.623407 avg_stage2_phase_finalize_us_per_task=1.089872 maintenance_worker_idle_waits=82816 maintenance_worker_idle_ms=593910.880614 maintenance_lost_wake_avoided=865 maintenance_targeted_wakes=35563 maintenance_generic_wakes=572 maintenance_broadcast_wakes=0 maintenance_context_slots_scanned=965856 maintenance_ready_notifications=30592 maintenance_ready_stale_notifications=0 maintenance_ready_tickets_drained=24722 maintenance_ready_overflow_scans=0 maintenance_ready_fallback_scans=60718 stage2_search_lane_lease_limit=32 stage2_search_lane_lease_peak=6 stage2_search_lane_lease_blocked=0 maintenance_worker_observed_idle_ratio=0.989319 maintenance_worker_observed_busy_ratio=0.010681 physical_stage1_items=572 physical_stage1_total_ns=2565580167 physical_stage1_search_ns=2451682017 physical_stage1_prune_ns=68233779 physical_stage1_allocate_write_ns=32414956 physical_stage1_backlink_ns=11582186 physical_stage1_candidates=73039 physical_stage1_remote_frontier_items=983401 physical_stage1_neighbors=14195 peer_stage1_enqueued=936 peer_stage1_processed=936 peer_stage1_items=918 avg_peer_stage1_items=0.980769 peer_stage1_rate_per_sec=12.233416 peer_stage1_max_queue=3 peer_stage1_active_workers=0 peer_stage2_home_enqueued=11027 peer_stage2_home_processed=11027 peer_stage2_home_items=1223643 avg_peer_stage2_home_items=110.967897 peer_stage2_home_max_queue=3 peer_stage2_home_response_queue_drops=0 peer_stage2_home_response_send_wait_ms=50.775524 avg_peer_stage2_home_queue_wait_us=70.000326 avg_peer_stage2_home_execution_us=60.100689 peer_stage1_release_deferred_batches=19 peer_stage1_release_deferred_items=19 peer_stage1_duplicate_retry_responses=0 peer_stage1_admission_retry_responses=0 peer_stage1_retry_response_drops=0 peer_stage1_admission_waiters=0 peer_stage1_admission_waiter_items=0 peer_stage1_admission_owned_items=0 peer_stage1_admission_wake_coverage=0 peer_stage1_admission_parked=0 peer_stage1_admission_woken=0 peer_stage1_admission_reparked=0 peer_stage1_max_admission_waiters=0 peer_stage1_duplicate_coalesced=0 peer_reverse_enqueued=550 peer_reverse_processed=550 peer_reverse_remaining=0 peer_reverse_items_enqueued=4456 peer_reverse_items_processed=4456 peer_reverse_rate_per_sec=59.381375 peer_reverse_failed=4 peer_reverse_max_queue=2 reclaim_pending=44 reclaim_reused=192 dynamic_high_watermark=19981596384 stage2_remaining=0 cleanup_remaining=0 active_contexts=0 active_context_limit=32 repair_remaining=0 remaining=0
[STATUS]: storage-owner maintenance observation: enqueued=572 stage2_enqueued=572 cleanup_enqueued=0 stage2_tasks_done=572 stage2_finalized_live=572 cleanup_processed=0 stale=0 stage2_completion_ratio=1.000000 live_stage2_completion_ratio=1.000000 avg_stage2_delay_ms=76.658832 p99_stage2_delay_upper_ms=256.000000 p99_stage2_delay_over_30s=false stage2_delay_histogram=0,0,0,0,0,34,299,153,86,0,0,0,0,0,0,0,0,0 max_stage2_delay_ms=224.711718 compaction_batch_target=32 compaction_max_delay_ms=25.000000 stage2_rate_per_sec=7.146392 stage1_search_budget_exhausted=0 stage2_search_budget_exhausted=0 stage2_continuations=572 stage2_remote_frontier_items=983401 avg_stage2_remote_frontier=1719.232517 stage2_remote_expansions=33023 avg_stage2_remote_expansions=57.732517 stage2_scored_candidates=2011534 avg_stage2_scored_candidates=3516.667832 stage2_graph_read_waves=7602 avg_stage2_expansions_per_graph_wave=4.343988 stage2_graph_unique_reads=34303 stage2_graph_prefetch_issued=23187 stage2_graph_prefetch_hits=21907 stage2_graph_prefetch_wasted=1280 stage2_graph_prefetch_promotion_ratio=0.944797 stage2_graph_issue_width_current=16 stage2_vector_read_waves=14692 avg_stage2_scores_per_vector_wave=136.913558 stage2_vector_unique_reads=1205525 stage2_home_rpc_batches=12757 stage2_home_rpc_items=1000173 avg_stage2_home_rpc_batch=78.401897 stage2_home_score_rpc_batches=3887 stage2_home_score_rpc_items=965870 stage2_home_score_rpc_queries=16288 stage2_home_score_rpc_request_bytes=24995960 stage2_home_score_rpc_response_bytes=31063824 avg_stage2_home_score_queries_per_rpc=4.190378 avg_stage2_home_score_rpc_batch=248.487265 stage2_home_scored_neighbors=1771736 home_scores_per_expansion=1.771430 stage2_migrations=236 home_match_rate=0.587413 stage2_final_edges=18060 stage2_cross_edges_stage1_home=9431 stage2_cross_edges_final_home=3611 cross_edge_reduction_ratio=0.617114 failed=0 rpc_timeouts=0 reverse_aggregate_batches=0 reverse_aggregate_logical_requests=0 reverse_aggregate_ops=0 avg_reverse_aggregate_logicals=0.000000 avg_reverse_aggregate_ops=0.000000 max_backlog=8 admission_window=65536 completion_outstanding=0 completion_incomplete=0 completed_behind_hole=0 completion_logical_full_failures=0 completion_physical_full_failures=0 pressure_yields=60 stage2_batches=152 avg_stage2_batch_size=3.763158 packing_target_batch=8 packing_admit_queue_avg=3.763158 packing_admit_queue_max=8 packing_batch_1_7=141 packing_batch_8=11 packing_assembly_batches=152 packing_assembly_wait_ms=3744.047177 packing_arrival_interval_us=25000 packing_waited_batches=141 packing_wait_ms=3513.959000 packing_target_flushes=11 packing_deadline_flushes=141 packing_cleanup_flushes=0 stage2_phase_search_attempts=152 stage2_phase_search_task_attempts=572 stage2_phase_search_elapsed_ms=4264.988788 avg_stage2_phase_search_us_per_task=7456.274105 stage2_phase_freeze_prune_attempts=152 stage2_phase_freeze_prune_task_attempts=572 stage2_phase_freeze_prune_elapsed_ms=247.856857 avg_stage2_phase_freeze_prune_us_per_task=433.316184 stage2_phase_reverse_prepare_attempts=152 stage2_phase_reverse_prepare_task_attempts=572 stage2_phase_reverse_prepare_elapsed_ms=708.042129 avg_stage2_phase_reverse_prepare_us_per_task=1237.835890 stage2_phase_placement_authority_attempts=152 stage2_phase_placement_authority_task_attempts=572 stage2_phase_placement_authority_elapsed_ms=68.604015 avg_stage2_phase_placement_authority_us_per_task=119.937089 stage2_phase_completion_handoff_attempts=152 stage2_phase_completion_handoff_task_attempts=572 stage2_phase_completion_handoff_elapsed_ms=0.200021 avg_stage2_phase_completion_handoff_us_per_task=0.349687 stage2_phase_finalize_attempts=152 stage2_phase_finalize_task_attempts=572 stage2_phase_finalize_elapsed_ms=0.623407 avg_stage2_phase_finalize_us_per_task=1.089872 maintenance_worker_idle_waits=86912 maintenance_worker_idle_ms=635106.800815 maintenance_lost_wake_avoided=865 maintenance_targeted_wakes=35563 maintenance_generic_wakes=572 maintenance_broadcast_wakes=0 maintenance_context_slots_scanned=1031392 maintenance_ready_notifications=30592 maintenance_ready_stale_notifications=0 maintenance_ready_tickets_drained=24722 maintenance_ready_overflow_scans=0 maintenance_ready_fallback_scans=64695 stage2_search_lane_lease_limit=32 stage2_search_lane_lease_peak=6 stage2_search_lane_lease_blocked=0 maintenance_worker_observed_idle_ratio=0.991854 maintenance_worker_observed_busy_ratio=0.008146 physical_stage1_items=572 physical_stage1_total_ns=2565580167 physical_stage1_search_ns=2451682017 physical_stage1_prune_ns=68233779 physical_stage1_allocate_write_ns=32414956 physical_stage1_backlink_ns=11582186 physical_stage1_candidates=73039 physical_stage1_remote_frontier_items=983401 physical_stage1_neighbors=14195 peer_stage1_enqueued=936 peer_stage1_processed=936 peer_stage1_items=918 avg_peer_stage1_items=0.980769 peer_stage1_rate_per_sec=11.469209 peer_stage1_max_queue=3 peer_stage1_active_workers=0 peer_stage2_home_enqueued=11027 peer_stage2_home_processed=11027 peer_stage2_home_items=1223643 avg_peer_stage2_home_items=110.967897 peer_stage2_home_max_queue=3 peer_stage2_home_response_queue_drops=0 peer_stage2_home_response_send_wait_ms=50.775524 avg_peer_stage2_home_queue_wait_us=70.000326 avg_peer_stage2_home_execution_us=60.100689 peer_stage1_release_deferred_batches=19 peer_stage1_release_deferred_items=19 peer_stage1_duplicate_retry_responses=0 peer_stage1_admission_retry_responses=0 peer_stage1_retry_response_drops=0 peer_stage1_admission_waiters=0 peer_stage1_admission_waiter_items=0 peer_stage1_admission_owned_items=0 peer_stage1_admission_wake_coverage=0 peer_stage1_admission_parked=0 peer_stage1_admission_woken=0 peer_stage1_admission_reparked=0 peer_stage1_max_admission_waiters=0 peer_stage1_duplicate_coalesced=0 peer_reverse_enqueued=550 peer_reverse_processed=550 peer_reverse_remaining=0 peer_reverse_items_enqueued=4456 peer_reverse_items_processed=4456 peer_reverse_rate_per_sec=55.671891 peer_reverse_failed=4 peer_reverse_max_queue=2 reclaim_pending=44 reclaim_reused=192 dynamic_high_watermark=19981596384 stage2_remaining=0 cleanup_remaining=0 active_contexts=0 active_context_limit=32 repair_remaining=0 remaining=0
[STATUS]: storage-owner maintenance observation: enqueued=572 stage2_enqueued=572 cleanup_enqueued=0 stage2_tasks_done=572 stage2_finalized_live=572 cleanup_processed=0 stale=0 stage2_completion_ratio=1.000000 live_stage2_completion_ratio=1.000000 avg_stage2_delay_ms=76.658832 p99_stage2_delay_upper_ms=256.000000 p99_stage2_delay_over_30s=false stage2_delay_histogram=0,0,0,0,0,34,299,153,86,0,0,0,0,0,0,0,0,0 max_stage2_delay_ms=224.711718 compaction_batch_target=32 compaction_max_delay_ms=25.000000 stage2_rate_per_sec=6.726188 stage1_search_budget_exhausted=0 stage2_search_budget_exhausted=0 stage2_continuations=572 stage2_remote_frontier_items=983401 avg_stage2_remote_frontier=1719.232517 stage2_remote_expansions=33023 avg_stage2_remote_expansions=57.732517 stage2_scored_candidates=2011534 avg_stage2_scored_candidates=3516.667832 stage2_graph_read_waves=7602 avg_stage2_expansions_per_graph_wave=4.343988 stage2_graph_unique_reads=34303 stage2_graph_prefetch_issued=23187 stage2_graph_prefetch_hits=21907 stage2_graph_prefetch_wasted=1280 stage2_graph_prefetch_promotion_ratio=0.944797 stage2_graph_issue_width_current=16 stage2_vector_read_waves=14692 avg_stage2_scores_per_vector_wave=136.913558 stage2_vector_unique_reads=1205525 stage2_home_rpc_batches=12757 stage2_home_rpc_items=1000173 avg_stage2_home_rpc_batch=78.401897 stage2_home_score_rpc_batches=3887 stage2_home_score_rpc_items=965870 stage2_home_score_rpc_queries=16288 stage2_home_score_rpc_request_bytes=24995960 stage2_home_score_rpc_response_bytes=31063824 avg_stage2_home_score_queries_per_rpc=4.190378 avg_stage2_home_score_rpc_batch=248.487265 stage2_home_scored_neighbors=1771736 home_scores_per_expansion=1.771430 stage2_migrations=236 home_match_rate=0.587413 stage2_final_edges=18060 stage2_cross_edges_stage1_home=9431 stage2_cross_edges_final_home=3611 cross_edge_reduction_ratio=0.617114 failed=0 rpc_timeouts=0 reverse_aggregate_batches=0 reverse_aggregate_logical_requests=0 reverse_aggregate_ops=0 avg_reverse_aggregate_logicals=0.000000 avg_reverse_aggregate_ops=0.000000 max_backlog=8 admission_window=65536 completion_outstanding=0 completion_incomplete=0 completed_behind_hole=0 completion_logical_full_failures=0 completion_physical_full_failures=0 pressure_yields=60 stage2_batches=152 avg_stage2_batch_size=3.763158 packing_target_batch=8 packing_admit_queue_avg=3.763158 packing_admit_queue_max=8 packing_batch_1_7=141 packing_batch_8=11 packing_assembly_batches=152 packing_assembly_wait_ms=3744.047177 packing_arrival_interval_us=25000 packing_waited_batches=141 packing_wait_ms=3513.959000 packing_target_flushes=11 packing_deadline_flushes=141 packing_cleanup_flushes=0 stage2_phase_search_attempts=152 stage2_phase_search_task_attempts=572 stage2_phase_search_elapsed_ms=4264.988788 avg_stage2_phase_search_us_per_task=7456.274105 stage2_phase_freeze_prune_attempts=152 stage2_phase_freeze_prune_task_attempts=572 stage2_phase_freeze_prune_elapsed_ms=247.856857 avg_stage2_phase_freeze_prune_us_per_task=433.316184 stage2_phase_reverse_prepare_attempts=152 stage2_phase_reverse_prepare_task_attempts=572 stage2_phase_reverse_prepare_elapsed_ms=708.042129 avg_stage2_phase_reverse_prepare_us_per_task=1237.835890 stage2_phase_placement_authority_attempts=152 stage2_phase_placement_authority_task_attempts=572 stage2_phase_placement_authority_elapsed_ms=68.604015 avg_stage2_phase_placement_authority_us_per_task=119.937089 stage2_phase_completion_handoff_attempts=152 stage2_phase_completion_handoff_task_attempts=572 stage2_phase_completion_handoff_elapsed_ms=0.200021 avg_stage2_phase_completion_handoff_us_per_task=0.349687 stage2_phase_finalize_attempts=152 stage2_phase_finalize_task_attempts=572 stage2_phase_finalize_elapsed_ms=0.623407 avg_stage2_phase_finalize_us_per_task=1.089872 maintenance_worker_idle_waits=90944 maintenance_worker_idle_ms=675659.688482 maintenance_lost_wake_avoided=865 maintenance_targeted_wakes=35563 maintenance_generic_wakes=572 maintenance_broadcast_wakes=0 maintenance_context_slots_scanned=1095904 maintenance_ready_notifications=30592 maintenance_ready_stale_notifications=0 maintenance_ready_tickets_drained=24722 maintenance_ready_overflow_scans=0 maintenance_ready_fallback_scans=68672 stage2_search_lane_lease_limit=32 stage2_search_lane_lease_peak=6 stage2_search_lane_lease_blocked=0 maintenance_worker_observed_idle_ratio=0.993141 maintenance_worker_observed_busy_ratio=0.006859 physical_stage1_items=572 physical_stage1_total_ns=2565580167 physical_stage1_search_ns=2451682017 physical_stage1_prune_ns=68233779 physical_stage1_allocate_write_ns=32414956 physical_stage1_backlink_ns=11582186 physical_stage1_candidates=73039 physical_stage1_remote_frontier_items=983401 physical_stage1_neighbors=14195 peer_stage1_enqueued=936 peer_stage1_processed=936 peer_stage1_items=918 avg_peer_stage1_items=0.980769 peer_stage1_rate_per_sec=10.794826 peer_stage1_max_queue=3 peer_stage1_active_workers=0 peer_stage2_home_enqueued=11027 peer_stage2_home_processed=11027 peer_stage2_home_items=1223643 avg_peer_stage2_home_items=110.967897 peer_stage2_home_max_queue=3 peer_stage2_home_response_queue_drops=0 peer_stage2_home_response_send_wait_ms=50.775524 avg_peer_stage2_home_queue_wait_us=70.000326 avg_peer_stage2_home_execution_us=60.100689 peer_stage1_release_deferred_batches=19 peer_stage1_release_deferred_items=19 peer_stage1_duplicate_retry_responses=0 peer_stage1_admission_retry_responses=0 peer_stage1_retry_response_drops=0 peer_stage1_admission_waiters=0 peer_stage1_admission_waiter_items=0 peer_stage1_admission_owned_items=0 peer_stage1_admission_wake_coverage=0 peer_stage1_admission_parked=0 peer_stage1_admission_woken=0 peer_stage1_admission_reparked=0 peer_stage1_max_admission_waiters=0 peer_stage1_duplicate_coalesced=0 peer_reverse_enqueued=550 peer_reverse_processed=550 peer_reverse_remaining=0 peer_reverse_items_enqueued=4456 peer_reverse_items_processed=4456 peer_reverse_rate_per_sec=52.398415 peer_reverse_failed=4 peer_reverse_max_queue=2 reclaim_pending=44 reclaim_reused=192 dynamic_high_watermark=19981596384 stage2_remaining=0 cleanup_remaining=0 active_contexts=0 active_context_limit=32 repair_remaining=0 remaining=0
[STATUS]: storage-owner maintenance observation: enqueued=572 stage2_enqueued=572 cleanup_enqueued=0 stage2_tasks_done=572 stage2_finalized_live=572 cleanup_processed=0 stale=0 stage2_completion_ratio=1.000000 live_stage2_completion_ratio=1.000000 avg_stage2_delay_ms=76.658832 p99_stage2_delay_upper_ms=256.000000 p99_stage2_delay_over_30s=false stage2_delay_histogram=0,0,0,0,0,34,299,153,86,0,0,0,0,0,0,0,0,0 max_stage2_delay_ms=224.711718 compaction_batch_target=32 compaction_max_delay_ms=25.000000 stage2_rate_per_sec=6.352611 stage1_search_budget_exhausted=0 stage2_search_budget_exhausted=0 stage2_continuations=572 stage2_remote_frontier_items=983401 avg_stage2_remote_frontier=1719.232517 stage2_remote_expansions=33023 avg_stage2_remote_expansions=57.732517 stage2_scored_candidates=2011534 avg_stage2_scored_candidates=3516.667832 stage2_graph_read_waves=7602 avg_stage2_expansions_per_graph_wave=4.343988 stage2_graph_unique_reads=34303 stage2_graph_prefetch_issued=23187 stage2_graph_prefetch_hits=21907 stage2_graph_prefetch_wasted=1280 stage2_graph_prefetch_promotion_ratio=0.944797 stage2_graph_issue_width_current=16 stage2_vector_read_waves=14692 avg_stage2_scores_per_vector_wave=136.913558 stage2_vector_unique_reads=1205525 stage2_home_rpc_batches=12757 stage2_home_rpc_items=1000173 avg_stage2_home_rpc_batch=78.401897 stage2_home_score_rpc_batches=3887 stage2_home_score_rpc_items=965870 stage2_home_score_rpc_queries=16288 stage2_home_score_rpc_request_bytes=24995960 stage2_home_score_rpc_response_bytes=31063824 avg_stage2_home_score_queries_per_rpc=4.190378 avg_stage2_home_score_rpc_batch=248.487265 stage2_home_scored_neighbors=1771736 home_scores_per_expansion=1.771430 stage2_migrations=236 home_match_rate=0.587413 stage2_final_edges=18060 stage2_cross_edges_stage1_home=9431 stage2_cross_edges_final_home=3611 cross_edge_reduction_ratio=0.617114 failed=0 rpc_timeouts=0 reverse_aggregate_batches=0 reverse_aggregate_logical_requests=0 reverse_aggregate_ops=0 avg_reverse_aggregate_logicals=0.000000 avg_reverse_aggregate_ops=0.000000 max_backlog=8 admission_window=65536 completion_outstanding=0 completion_incomplete=0 completed_behind_hole=0 completion_logical_full_failures=0 completion_physical_full_failures=0 pressure_yields=60 stage2_batches=152 avg_stage2_batch_size=3.763158 packing_target_batch=8 packing_admit_queue_avg=3.763158 packing_admit_queue_max=8 packing_batch_1_7=141 packing_batch_8=11 packing_assembly_batches=152 packing_assembly_wait_ms=3744.047177 packing_arrival_interval_us=25000 packing_waited_batches=141 packing_wait_ms=3513.959000 packing_target_flushes=11 packing_deadline_flushes=141 packing_cleanup_flushes=0 stage2_phase_search_attempts=152 stage2_phase_search_task_attempts=572 stage2_phase_search_elapsed_ms=4264.988788 avg_stage2_phase_search_us_per_task=7456.274105 stage2_phase_freeze_prune_attempts=152 stage2_phase_freeze_prune_task_attempts=572 stage2_phase_freeze_prune_elapsed_ms=247.856857 avg_stage2_phase_freeze_prune_us_per_task=433.316184 stage2_phase_reverse_prepare_attempts=152 stage2_phase_reverse_prepare_task_attempts=572 stage2_phase_reverse_prepare_elapsed_ms=708.042129 avg_stage2_phase_reverse_prepare_us_per_task=1237.835890 stage2_phase_placement_authority_attempts=152 stage2_phase_placement_authority_task_attempts=572 stage2_phase_placement_authority_elapsed_ms=68.604015 avg_stage2_phase_placement_authority_us_per_task=119.937089 stage2_phase_completion_handoff_attempts=152 stage2_phase_completion_handoff_task_attempts=572 stage2_phase_completion_handoff_elapsed_ms=0.200021 avg_stage2_phase_completion_handoff_us_per_task=0.349687 stage2_phase_finalize_attempts=152 stage2_phase_finalize_task_attempts=572 stage2_phase_finalize_elapsed_ms=0.623407 avg_stage2_phase_finalize_us_per_task=1.089872 maintenance_worker_idle_waits=94848 maintenance_worker_idle_ms=714927.335864 maintenance_lost_wake_avoided=865 maintenance_targeted_wakes=35563 maintenance_generic_wakes=572 maintenance_broadcast_wakes=0 maintenance_context_slots_scanned=1158368 maintenance_ready_notifications=30592 maintenance_ready_stale_notifications=0 maintenance_ready_tickets_drained=24722 maintenance_ready_overflow_scans=0 maintenance_ready_fallback_scans=72648 stage2_search_lane_lease_limit=32 stage2_search_lane_lease_peak=6 stage2_search_lane_lease_blocked=0 maintenance_worker_observed_idle_ratio=0.992495 maintenance_worker_observed_busy_ratio=0.007505 physical_stage1_items=572 physical_stage1_total_ns=2565580167 physical_stage1_search_ns=2451682017 physical_stage1_prune_ns=68233779 physical_stage1_allocate_write_ns=32414956 physical_stage1_backlink_ns=11582186 physical_stage1_candidates=73039 physical_stage1_remote_frontier_items=983401 physical_stage1_neighbors=14195 peer_stage1_enqueued=936 peer_stage1_processed=936 peer_stage1_items=918 avg_peer_stage1_items=0.980769 peer_stage1_rate_per_sec=10.195275 peer_stage1_max_queue=3 peer_stage1_active_workers=0 peer_stage2_home_enqueued=11027 peer_stage2_home_processed=11027 peer_stage2_home_items=1223643 avg_peer_stage2_home_items=110.967897 peer_stage2_home_max_queue=3 peer_stage2_home_response_queue_drops=0 peer_stage2_home_response_send_wait_ms=50.775524 avg_peer_stage2_home_queue_wait_us=70.000326 avg_peer_stage2_home_execution_us=60.100689 peer_stage1_release_deferred_batches=19 peer_stage1_release_deferred_items=19 peer_stage1_duplicate_retry_responses=0 peer_stage1_admission_retry_responses=0 peer_stage1_retry_response_drops=0 peer_stage1_admission_waiters=0 peer_stage1_admission_waiter_items=0 peer_stage1_admission_owned_items=0 peer_stage1_admission_wake_coverage=0 peer_stage1_admission_parked=0 peer_stage1_admission_woken=0 peer_stage1_admission_reparked=0 peer_stage1_max_admission_waiters=0 peer_stage1_duplicate_coalesced=0 peer_reverse_enqueued=550 peer_reverse_processed=550 peer_reverse_remaining=0 peer_reverse_items_enqueued=4456 peer_reverse_items_processed=4456 peer_reverse_rate_per_sec=49.488174 peer_reverse_failed=4 peer_reverse_max_queue=2 reclaim_pending=44 reclaim_reused=192 dynamic_high_watermark=19981596384 stage2_remaining=0 cleanup_remaining=0 active_contexts=0 active_context_limit=32 repair_remaining=0 remaining=0
