============================================================
                        SERVER
============================================================
num clients:                  1
TCP port:                     1238
QP handshake timeout (ms):    10000
IB device:                    <auto>
IB port:                      1
max outstanding CQEs:         64
max send work requests:       4096
max receive work requests:    4096
============================================================
index prefix:                     "/data/xjs/index/dvstor_spacev100m/index/spacev100m_R96_bw128_metis_pmd32_pq20_schema16"
storage shard:                    "/data/xjs/index/dvstor_spacev100m/index/spacev100m_R96_bw128_metis_pmd32_pq20_schema16_node5_of5.dat"
storage id:                       4
base vectors:                     100000000
vector ID namespace [0,N):        4294967295
registered memory GiB:            23
====================================================================
1 device(s) found
Selected device: ibp86s0
Selected port state: 4, lid: 8, active_mtu: 5
interleaved policy
num_cores: 112
physical cores per socket: 28
hyperthreading enabled
local process CPU partition: rank 4/5 logical_cpus=22
pairing: 82349 -- 10968
[STATUS]: loaded index metadata from /data/xjs/index/dvstor_spacev100m/index/spacev100m_R96_bw128_metis_pmd32_pq20_schema16 (layout=plain, vector_data_type=int8)
[STATUS]: storage-owner stage2 candidate width L=128 per shard
allocation size: 24696061952
allocated ALIGNED MEM (no hugepage) at 133119896191040 with buffer size 24696061952
[STATUS]: loading index (19573326848 Bytes) from /data/xjs/index/dvstor_spacev100m/index/spacev100m_R96_bw128_metis_pmd32_pq20_schema16_node5_of5.dat
[STATUS]: loaded GPU PQ codes (407777640 Bytes) at remote offset 19573330944
[STATUS]: storage-owner idmap loaded entries=20000000 format=owner_sharded_v2_bound immutable_base=true dynamic_shards=256 dynamic_reserved=65536
[STATUS]: compensated physical centroid restored on shard 4: vectors=20388882 entries=4
[STATUS]: register memory and distribute access token
[STATUS]: connect QPs of compute threads
[STATUS]: reserving 64 GPU/bootstrap QPs per compute node
pairing: 82354 -- 10973
pairing: 82359 -- 10978
pairing: 82364 -- 10983
pairing: 82369 -- 10988
pairing: 82374 -- 10993
pairing: 82379 -- 10998
pairing: 82384 -- 11003
pairing: 82389 -- 11008
pairing: 82394 -- 11013
pairing: 82399 -- 11018
pairing: 82404 -- 11023
pairing: 82409 -- 11028
pairing: 82414 -- 11033
pairing: 82419 -- 11038
pairing: 82424 -- 11043
pairing: 82429 -- 11048
pairing: 82434 -- 11053
pairing: 82439 -- 11058
pairing: 82444 -- 11063
pairing: 82449 -- 11068
pairing: 82454 -- 11073
pairing: 82459 -- 11078
pairing: 82464 -- 11083
pairing: 82469 -- 11088
pairing: 82474 -- 11093
pairing: 82479 -- 11098
pairing: 82484 -- 11103
pairing: 82489 -- 11108
pairing: 82494 -- 11113
pairing: 82499 -- 11118
pairing: 82504 -- 11123
pairing: 82509 -- 11128
pairing: 82514 -- 11257
pairing: 82639 -- 11258
pairing: 82640 -- 11259
pairing: 82641 -- 11260
pairing: 82642 -- 11261
pairing: 82643 -- 11262
pairing: 82644 -- 11263
pairing: 82645 -- 11264
pairing: 82646 -- 11265
pairing: 82647 -- 11266
pairing: 82648 -- 11267
pairing: 82649 -- 11268
pairing: 82650 -- 11269
pairing: 82651 -- 11270
pairing: 82652 -- 11271
pairing: 82653 -- 11272
pairing: 82654 -- 11273
pairing: 82655 -- 11274
pairing: 82656 -- 11275
pairing: 82657 -- 11276
pairing: 82658 -- 11277
pairing: 82659 -- 11278
pairing: 82660 -- 11279
pairing: 82661 -- 11280
pairing: 82662 -- 11281
pairing: 82663 -- 11282
pairing: 82664 -- 11283
pairing: 82665 -- 11284
pairing: 82666 -- 11285
pairing: 82667 -- 11286
pairing: 82668 -- 11287
pairing: 82669 -- 11288
[STATUS]: waiting for compute-node startup barrier
1 device(s) found
Selected device: ibp86s0
Selected port state: 4, lid: 8, active_mtu: 5
pairing: 82676 -- 82681
pairing: 82683 -- 82690
pairing: 82691 -- 82697
pairing: 82699 -- 82705
pairing: 82708 -- 82713
pairing: 82716 -- 82721
pairing: 82724 -- 82729
pairing: 82732 -- 82735
pairing: 82739 -- 82742
pairing: 82745 -- 82749
pairing: 82751 -- 82755
pairing: 82756 -- 82760
pairing: 82762 -- 82767
pairing: 82768 -- 82772
pairing: 82775 -- 82778
pairing: 82781 -- 82783
pairing: 82784 -- 82787
pairing: 82790 -- 82791
pairing: 82793 -- 82795
pairing: 82798 -- 82800
pairing: 82802 -- 82803
pairing: 82805 -- 82808
pairing: 82810 -- 82811
pairing: 82814 -- 82813
pairing: 82815 -- 82812
pairing: 82816 -- 82817
pairing: 82818 -- 82819
pairing: 82821 -- 82820
pairing: 82823 -- 82822
pairing: 82825 -- 82824
pairing: 82826 -- 82827
pairing: 82828 -- 82829
[STATUS]: storage-owner peer RDMA QPs per peer: 8
[STATUS]: storage-owner peer QP0 reserved for RPC; data RDMA uses QP1..7
allocated ALIGNED MEM (no hugepage) at 133118828740672 with buffer size 67108864
allocated ALIGNED MEM (no hugepage) at 133118788894784 with buffer size 39839040
[STATUS]: storage-owner peer RPC receive slots per peer: 64 (requested=64)
[STATUS]: storage-owner peer RPC concurrent sends per peer: 16
[STATUS]: storage-owner peer RPC send credits: Stage1/graph are split at depth >= 2; responses use a dedicated sync buffer
[STATUS]: storage-owner peer async response capacity: 32768
[STATUS]: storage-owner Stage2 home RPC combining: enabled logical_capacity=18432 aggregate_capacity=4608 byte_budget=33586224
allocated ALIGNED MEM (no hugepage) at 106590333940224 with buffer size 96256
allocated ALIGNED MEM (no hugepage) at 133119059624000 with buffer size 212992
allocated ALIGNED MEM (no hugepage) at 133119055818816 with buffer size 212992
[STATUS]: storage-owner peer reverse-update workers: 2
[STATUS]: storage-owner peer Stage1 workers: 3; Stage2-home workers: 1 (one reserved; shared lanes borrow authoritative work only)
[STATUS]: storage-owner physical control workers: cleanup=1 placement=1 (separate blocking domains)
[STATUS]: storage-owner peer progress threads: cq=1 response_dispatch=1
[STATUS]: storage-owner Stage1 artifact capacity: 67584 (64-way, per shard=1056) cleanup replay per shard=2048 active migration receipts=131072
[STATUS]: storage-owner peer reverse-update tuning: queue_depth=65536 coalesce_max=256
allocated ALIGNED MEM (no hugepage) at 133119048085568 with buffer size 855296
allocated ALIGNED MEM (no hugepage) at 133119047028800 with buffer size 855296
allocated ALIGNED MEM (no hugepage) at 133119043690560 with buffer size 855296
allocated ALIGNED MEM (no hugepage) at 133119039696960 with buffer size 855296
allocated ALIGNED MEM (no hugepage) at 133119038840896 with buffer size 855296
allocated ALIGNED MEM (no hugepage) at 133119035502656 with buffer size 855296
allocated ALIGNED MEM (no hugepage) at 133119034646592 with buffer size 855296
allocated ALIGNED MEM (no hugepage) at 133119031308352 with buffer size 855296
[STATUS]: storage-owner peer scratch: snapshot_slot=192 graph_slot=832 batch=256 lane_peak_rdma_wrs=56 lane_useful_wave_rdma_wrs=56 global_read_window=224 search_lanes_global=32 search_lanes_credit_derived=16 search_lane_lease_cap=32 search_lanes_physical_per_worker=4 ready_context_runtime_epoch=1 bytes_per_lane=213824 bytes_total=6842368
[STATUS]: storage-owner maintenance workers: 8 (configured=8, admission_baseline_workers=2, context_limit=32, semantic_execution_batch=8, work_conserving=true)
[STATUS]: storage-owner stage2 reverse outbox descriptors: 128 aggregates=128 wire_max_ops=3072 (shared per-peer work-conserving aggregation)
[STATUS]: storage-owner maintenance tuning: protocol=centroid-home-two-stage compaction_batch_target=32 packing_policy=deterministic_b8 packing_tail_wait_us=arrival_adaptive_capped_25000 packing_context_limit=8 backlog_limit=65536 admission_credit=bounded_accepted_backlog admission_window=65536 physical_completion_capacity=65536
[STATUS]: storage-owner peer RDMA read credits: per_data_qp=8 data_qps_per_peer=7 per_peer=56 global=224 shared_cq_read_budget=8095 ordered_snapshot_pairs_per_chain=4 (requested_per_data_qp=16)
[STATUS]: storage-owner online insert tuning: construction_beam=128 snapshot_batch=256 protocol=centroid-home-two-stage
[STATUS]: storage-owner stage1=physical-home local search and backlinks; stage2=generation-fenced home expand+score continuation
[STATUS]: storage-owner responses=foreground direct post; completion=repost by service poller
[STATUS]: storage-owner foreground pipeline: coordinators=12 cpu_lanes=3 (assigned_cpus=22, rpc_parallelism=16)
[STATUS]: storage-owner CPU plan: foreground_cpu=3 foreground_coordinators=12 maintenance=8 peer_stage1=4 (split into isolated Stage1/Stage2-home domains) peer_reverse=2 peer_cleanup=1 peer_placement=1 peer_progress=2 foreground_progress=1
[STATUS]: storage-owner insert runtime enabled on shard 4
[STATUS]: storage-owner maintenance observation: enqueued=455 stage2_enqueued=455 cleanup_enqueued=0 stage2_tasks_done=447 stage2_finalized_live=447 cleanup_processed=0 stale=0 stage2_completion_ratio=0.982418 live_stage2_completion_ratio=0.982418 avg_stage2_delay_ms=58.875488 p99_stage2_delay_upper_ms=256.000000 p99_stage2_delay_over_30s=false stage2_delay_histogram=0,0,0,0,1,46,237,158,5,0,0,0,0,0,0,0,0,0 max_stage2_delay_ms=138.032496 compaction_batch_target=32 compaction_max_delay_ms=25.000000 stage2_rate_per_sec=88.998878 stage1_search_budget_exhausted=0 stage2_search_budget_exhausted=0 stage2_continuations=453 stage2_remote_frontier_items=526063 avg_stage2_remote_frontier=1161.286976 stage2_remote_expansions=14384 avg_stage2_remote_expansions=31.752759 stage2_scored_candidates=908903 avg_stage2_scored_candidates=2006.408389 stage2_graph_read_waves=3631 avg_stage2_expansions_per_graph_wave=3.961443 stage2_graph_unique_reads=15094 stage2_graph_prefetch_issued=9958 stage2_graph_prefetch_hits=9314 stage2_graph_prefetch_wasted=610 stage2_graph_prefetch_promotion_ratio=0.938533 stage2_graph_issue_width_current=16 stage2_vector_read_waves=7058 avg_stage2_scores_per_vector_wave=128.776282 stage2_vector_unique_reads=605822 stage2_home_rpc_batches=6378 stage2_home_rpc_items=531061 avg_stage2_home_rpc_batch=83.264503 stage2_home_score_rpc_batches=2075 stage2_home_score_rpc_items=515967 stage2_home_score_rpc_queries=9747 stage2_home_score_rpc_request_bytes=13457340 stage2_home_score_rpc_response_bytes=16594992 avg_stage2_home_score_queries_per_rpc=4.697349 avg_stage2_home_score_rpc_batch=248.658795 stage2_home_scored_neighbors=819021 home_scores_per_expansion=1.542235 stage2_migrations=78 home_match_rate=0.825503 stage2_final_edges=14673 stage2_cross_edges_stage1_home=3623 stage2_cross_edges_final_home=1916 cross_edge_reduction_ratio=0.471157 failed=0 rpc_timeouts=0 reverse_aggregate_batches=0 reverse_aggregate_logical_requests=0 reverse_aggregate_ops=0 avg_reverse_aggregate_logicals=0.000000 avg_reverse_aggregate_ops=0.000000 max_backlog=9 admission_window=65536 completion_outstanding=8 completion_incomplete=8 completed_behind_hole=0 completion_logical_full_failures=0 completion_physical_full_failures=0 pressure_yields=0 stage2_batches=81 avg_stage2_batch_size=5.592593 packing_target_batch=8 packing_admit_queue_avg=5.604938 packing_admit_queue_max=9 packing_batch_1_7=54 packing_batch_8=27 packing_assembly_batches=81 packing_assembly_wait_ms=1858.082591 packing_arrival_interval_us=5667 packing_waited_batches=54 packing_wait_ms=1318.612000 packing_target_flushes=27 packing_deadline_flushes=54 packing_cleanup_flushes=0 stage2_phase_search_attempts=80 stage2_phase_search_task_attempts=447 stage2_phase_search_elapsed_ms=1830.745252 avg_stage2_phase_search_us_per_task=4095.626962 stage2_phase_freeze_prune_attempts=80 stage2_phase_freeze_prune_task_attempts=447 stage2_phase_freeze_prune_elapsed_ms=142.201451 avg_stage2_phase_freeze_prune_us_per_task=318.124051 stage2_phase_reverse_prepare_attempts=80 stage2_phase_reverse_prepare_task_attempts=447 stage2_phase_reverse_prepare_elapsed_ms=498.678193 avg_stage2_phase_reverse_prepare_us_per_task=1115.611170 stage2_phase_placement_authority_attempts=80 stage2_phase_placement_authority_task_attempts=447 stage2_phase_placement_authority_elapsed_ms=52.802132 avg_stage2_phase_placement_authority_us_per_task=118.125575 stage2_phase_completion_handoff_attempts=80 stage2_phase_completion_handoff_task_attempts=447 stage2_phase_completion_handoff_elapsed_ms=0.117268 avg_stage2_phase_completion_handoff_us_per_task=0.262345 stage2_phase_finalize_attempts=80 stage2_phase_finalize_task_attempts=447 stage2_phase_finalize_elapsed_ms=0.373004 avg_stage2_phase_finalize_us_per_task=0.834461 maintenance_worker_idle_waits=15040 maintenance_worker_idle_ms=37706.553617 maintenance_lost_wake_avoided=472 maintenance_targeted_wakes=16454 maintenance_generic_wakes=455 maintenance_broadcast_wakes=0 maintenance_context_slots_scanned=71040 maintenance_ready_notifications=15087 maintenance_ready_stale_notifications=0 maintenance_ready_tickets_drained=12116 maintenance_ready_overflow_scans=0 maintenance_ready_fallback_scans=4548 stage2_search_lane_lease_limit=32 stage2_search_lane_lease_peak=4 stage2_search_lane_lease_blocked=0 maintenance_worker_observed_idle_ratio=0.938434 maintenance_worker_observed_busy_ratio=0.061566 physical_stage1_items=455 physical_stage1_total_ns=1892618787 physical_stage1_search_ns=1785501615 physical_stage1_prune_ns=67976339 physical_stage1_allocate_write_ns=28768781 physical_stage1_backlink_ns=9149927 physical_stage1_candidates=58236 physical_stage1_remote_frontier_items=527582 physical_stage1_neighbors=13801 peer_stage1_enqueued=750 peer_stage1_processed=750 peer_stage1_items=740 avg_peer_stage1_items=0.986667 peer_stage1_rate_per_sec=147.335951 peer_stage1_max_queue=2 peer_stage1_active_workers=0 peer_stage2_home_enqueued=4329 peer_stage2_home_processed=4329 peer_stage2_home_items=338335 avg_peer_stage2_home_items=78.155463 peer_stage2_home_max_queue=2 peer_stage2_home_response_queue_drops=0 peer_stage2_home_response_send_wait_ms=22.028286 avg_peer_stage2_home_queue_wait_us=13.782064 avg_peer_stage2_home_execution_us=60.648162 peer_stage1_release_deferred_batches=12 peer_stage1_release_deferred_items=12 peer_stage1_duplicate_retry_responses=0 peer_stage1_admission_retry_responses=0 peer_stage1_retry_response_drops=0 peer_stage1_admission_waiters=0 peer_stage1_admission_waiter_items=0 peer_stage1_admission_owned_items=0 peer_stage1_admission_wake_coverage=0 peer_stage1_admission_parked=0 peer_stage1_admission_woken=0 peer_stage1_admission_reparked=0 peer_stage1_max_admission_waiters=0 peer_stage1_duplicate_coalesced=0 peer_reverse_enqueued=225 peer_reverse_processed=225 peer_reverse_remaining=0 peer_reverse_items_enqueued=2813 peer_reverse_items_processed=2813 peer_reverse_rate_per_sec=560.075716 peer_reverse_failed=0 peer_reverse_max_queue=1 reclaim_pending=0 reclaim_reused=78 dynamic_high_watermark=19981555680 stage2_remaining=2 cleanup_remaining=0 active_contexts=1 active_context_limit=32 repair_remaining=0 remaining=8
[STATUS]: storage-owner maintenance observation: enqueued=717 stage2_enqueued=717 cleanup_enqueued=0 stage2_tasks_done=717 stage2_finalized_live=717 cleanup_processed=0 stale=0 stage2_completion_ratio=1.000000 live_stage2_completion_ratio=1.000000 avg_stage2_delay_ms=58.126193 p99_stage2_delay_upper_ms=128.000000 p99_stage2_delay_over_30s=false stage2_delay_histogram=0,0,0,0,1,65,406,240,5,0,0,0,0,0,0,0,0,0 max_stage2_delay_ms=138.032496 compaction_batch_target=32 compaction_max_delay_ms=25.000000 stage2_rate_per_sec=71.533625 stage1_search_budget_exhausted=0 stage2_search_budget_exhausted=0 stage2_continuations=717 stage2_remote_frontier_items=854455 avg_stage2_remote_frontier=1191.708508 stage2_remote_expansions=23140 avg_stage2_remote_expansions=32.273361 stage2_scored_candidates=1488498 avg_stage2_scored_candidates=2076.008368 stage2_graph_read_waves=5973 avg_stage2_expansions_per_graph_wave=3.874100 stage2_graph_unique_reads=24070 stage2_graph_prefetch_issued=16176 stage2_graph_prefetch_hits=15246 stage2_graph_prefetch_wasted=930 stage2_graph_prefetch_promotion_ratio=0.942507 stage2_graph_issue_width_current=16 stage2_vector_read_waves=12726 avg_stage2_scores_per_vector_wave=116.965111 stage2_vector_unique_reads=995762 stage2_home_rpc_batches=10307 stage2_home_rpc_items=860154 avg_stage2_home_rpc_batch=83.453381 stage2_home_score_rpc_batches=3395 stage2_home_score_rpc_items=836084 stage2_home_score_rpc_queries=14917 stage2_home_score_rpc_request_bytes=21720220 stage2_home_score_rpc_response_bytes=26894400 avg_stage2_home_score_queries_per_rpc=4.393814 avg_stage2_home_score_rpc_batch=246.269219 stage2_home_scored_neighbors=1328752 home_scores_per_expansion=1.544784 stage2_migrations=131 home_match_rate=0.817294 stage2_final_edges=24607 stage2_cross_edges_stage1_home=6044 stage2_cross_edges_final_home=3393 cross_edge_reduction_ratio=0.438617 failed=0 rpc_timeouts=0 reverse_aggregate_batches=0 reverse_aggregate_logical_requests=0 reverse_aggregate_ops=0 avg_reverse_aggregate_logicals=0.000000 avg_reverse_aggregate_ops=0.000000 max_backlog=9 admission_window=65536 completion_outstanding=0 completion_incomplete=0 completed_behind_hole=0 completion_logical_full_failures=0 completion_physical_full_failures=0 pressure_yields=1 stage2_batches=149 avg_stage2_batch_size=4.812081 packing_target_batch=8 packing_admit_queue_avg=4.818792 packing_admit_queue_max=9 packing_batch_1_7=119 packing_batch_8=30 packing_assembly_batches=149 packing_assembly_wait_ms=3552.390105 packing_arrival_interval_us=8320 packing_waited_batches=119 packing_wait_ms=2943.612000 packing_target_flushes=30 packing_deadline_flushes=119 packing_cleanup_flushes=0 stage2_phase_search_attempts=149 stage2_phase_search_task_attempts=717 stage2_phase_search_elapsed_ms=3172.304865 avg_stage2_phase_search_us_per_task=4424.414038 stage2_phase_freeze_prune_attempts=150 stage2_phase_freeze_prune_task_attempts=720 stage2_phase_freeze_prune_elapsed_ms=216.034251 avg_stage2_phase_freeze_prune_us_per_task=300.047571 stage2_phase_reverse_prepare_attempts=149 stage2_phase_reverse_prepare_task_attempts=717 stage2_phase_reverse_prepare_elapsed_ms=792.103721 avg_stage2_phase_reverse_prepare_us_per_task=1104.747170 stage2_phase_placement_authority_attempts=149 stage2_phase_placement_authority_task_attempts=717 stage2_phase_placement_authority_elapsed_ms=86.413876 avg_stage2_phase_placement_authority_us_per_task=120.521445 stage2_phase_completion_handoff_attempts=149 stage2_phase_completion_handoff_task_attempts=717 stage2_phase_completion_handoff_elapsed_ms=0.199910 avg_stage2_phase_completion_handoff_us_per_task=0.278815 stage2_phase_finalize_attempts=149 stage2_phase_finalize_task_attempts=717 stage2_phase_finalize_elapsed_ms=0.598628 avg_stage2_phase_finalize_us_per_task=0.834907 maintenance_worker_idle_waits=28160 maintenance_worker_idle_ms=75639.980776 maintenance_lost_wake_avoided=749 maintenance_targeted_wakes=27817 maintenance_generic_wakes=717 maintenance_broadcast_wakes=0 maintenance_context_slots_scanned=137696 maintenance_ready_notifications=25801 maintenance_ready_stale_notifications=0 maintenance_ready_tickets_drained=21050 maintenance_ready_overflow_scans=0 maintenance_ready_fallback_scans=8834 stage2_search_lane_lease_limit=32 stage2_search_lane_lease_peak=4 stage2_search_lane_lease_blocked=0 maintenance_worker_observed_idle_ratio=0.943306 maintenance_worker_observed_busy_ratio=0.056694 physical_stage1_items=717 physical_stage1_total_ns=2835090273 physical_stage1_search_ns=2668618995 physical_stage1_prune_ns=108822354 physical_stage1_allocate_write_ns=42290446 physical_stage1_backlink_ns=13408782 physical_stage1_candidates=91770 physical_stage1_remote_frontier_items=854455 physical_stage1_neighbors=22857 peer_stage1_enqueued=1182 peer_stage1_processed=1182 peer_stage1_items=1168 avg_peer_stage1_items=0.988156 peer_stage1_rate_per_sec=116.528974 peer_stage1_max_queue=2 peer_stage1_active_workers=0 peer_stage2_home_enqueued=11808 peer_stage2_home_processed=11808 peer_stage2_home_items=908440 avg_peer_stage2_home_items=76.934282 peer_stage2_home_max_queue=4 peer_stage2_home_response_queue_drops=0 peer_stage2_home_response_send_wait_ms=58.725003 avg_peer_stage2_home_queue_wait_us=14.229907 avg_peer_stage2_home_execution_us=54.556877 peer_stage1_release_deferred_batches=16 peer_stage1_release_deferred_items=16 peer_stage1_duplicate_retry_responses=0 peer_stage1_admission_retry_responses=0 peer_stage1_retry_response_drops=0 peer_stage1_admission_waiters=0 peer_stage1_admission_waiter_items=0 peer_stage1_admission_owned_items=0 peer_stage1_admission_wake_coverage=0 peer_stage1_admission_parked=0 peer_stage1_admission_woken=0 peer_stage1_admission_reparked=0 peer_stage1_max_admission_waiters=0 peer_stage1_duplicate_coalesced=0 peer_reverse_enqueued=476 peer_reverse_processed=476 peer_reverse_remaining=0 peer_reverse_items_enqueued=9392 peer_reverse_items_processed=9392 peer_reverse_rate_per_sec=937.020654 peer_reverse_failed=0 peer_reverse_max_queue=2 reclaim_pending=0 reclaim_reused=131 dynamic_high_watermark=19981928672 stage2_remaining=0 cleanup_remaining=0 active_contexts=0 active_context_limit=32 repair_remaining=0 remaining=0
[STATUS]: storage-owner maintenance observation: enqueued=717 stage2_enqueued=717 cleanup_enqueued=0 stage2_tasks_done=717 stage2_finalized_live=717 cleanup_processed=0 stale=0 stage2_completion_ratio=1.000000 live_stage2_completion_ratio=1.000000 avg_stage2_delay_ms=58.126193 p99_stage2_delay_upper_ms=128.000000 p99_stage2_delay_over_30s=false stage2_delay_histogram=0,0,0,0,1,65,406,240,5,0,0,0,0,0,0,0,0,0 max_stage2_delay_ms=138.032496 compaction_batch_target=32 compaction_max_delay_ms=25.000000 stage2_rate_per_sec=47.725690 stage1_search_budget_exhausted=0 stage2_search_budget_exhausted=0 stage2_continuations=717 stage2_remote_frontier_items=854455 avg_stage2_remote_frontier=1191.708508 stage2_remote_expansions=23140 avg_stage2_remote_expansions=32.273361 stage2_scored_candidates=1488498 avg_stage2_scored_candidates=2076.008368 stage2_graph_read_waves=5973 avg_stage2_expansions_per_graph_wave=3.874100 stage2_graph_unique_reads=24070 stage2_graph_prefetch_issued=16176 stage2_graph_prefetch_hits=15246 stage2_graph_prefetch_wasted=930 stage2_graph_prefetch_promotion_ratio=0.942507 stage2_graph_issue_width_current=16 stage2_vector_read_waves=12726 avg_stage2_scores_per_vector_wave=116.965111 stage2_vector_unique_reads=995762 stage2_home_rpc_batches=10307 stage2_home_rpc_items=860154 avg_stage2_home_rpc_batch=83.453381 stage2_home_score_rpc_batches=3395 stage2_home_score_rpc_items=836084 stage2_home_score_rpc_queries=14917 stage2_home_score_rpc_request_bytes=21720220 stage2_home_score_rpc_response_bytes=26894400 avg_stage2_home_score_queries_per_rpc=4.393814 avg_stage2_home_score_rpc_batch=246.269219 stage2_home_scored_neighbors=1328752 home_scores_per_expansion=1.544784 stage2_migrations=131 home_match_rate=0.817294 stage2_final_edges=24607 stage2_cross_edges_stage1_home=6044 stage2_cross_edges_final_home=3393 cross_edge_reduction_ratio=0.438617 failed=0 rpc_timeouts=0 reverse_aggregate_batches=0 reverse_aggregate_logical_requests=0 reverse_aggregate_ops=0 avg_reverse_aggregate_logicals=0.000000 avg_reverse_aggregate_ops=0.000000 max_backlog=9 admission_window=65536 completion_outstanding=0 completion_incomplete=0 completed_behind_hole=0 completion_logical_full_failures=0 completion_physical_full_failures=0 pressure_yields=1 stage2_batches=149 avg_stage2_batch_size=4.812081 packing_target_batch=8 packing_admit_queue_avg=4.818792 packing_admit_queue_max=9 packing_batch_1_7=119 packing_batch_8=30 packing_assembly_batches=149 packing_assembly_wait_ms=3552.390105 packing_arrival_interval_us=8320 packing_waited_batches=119 packing_wait_ms=2943.612000 packing_target_flushes=30 packing_deadline_flushes=119 packing_cleanup_flushes=0 stage2_phase_search_attempts=149 stage2_phase_search_task_attempts=717 stage2_phase_search_elapsed_ms=3172.304865 avg_stage2_phase_search_us_per_task=4424.414038 stage2_phase_freeze_prune_attempts=150 stage2_phase_freeze_prune_task_attempts=720 stage2_phase_freeze_prune_elapsed_ms=216.034251 avg_stage2_phase_freeze_prune_us_per_task=300.047571 stage2_phase_reverse_prepare_attempts=149 stage2_phase_reverse_prepare_task_attempts=717 stage2_phase_reverse_prepare_elapsed_ms=792.103721 avg_stage2_phase_reverse_prepare_us_per_task=1104.747170 stage2_phase_placement_authority_attempts=149 stage2_phase_placement_authority_task_attempts=717 stage2_phase_placement_authority_elapsed_ms=86.413876 avg_stage2_phase_placement_authority_us_per_task=120.521445 stage2_phase_completion_handoff_attempts=149 stage2_phase_completion_handoff_task_attempts=717 stage2_phase_completion_handoff_elapsed_ms=0.199910 avg_stage2_phase_completion_handoff_us_per_task=0.278815 stage2_phase_finalize_attempts=149 stage2_phase_finalize_task_attempts=717 stage2_phase_finalize_elapsed_ms=0.598628 avg_stage2_phase_finalize_us_per_task=0.834907 maintenance_worker_idle_waits=32256 maintenance_worker_idle_ms=116850.170990 maintenance_lost_wake_avoided=749 maintenance_targeted_wakes=27817 maintenance_generic_wakes=717 maintenance_broadcast_wakes=0 maintenance_context_slots_scanned=203232 maintenance_ready_notifications=25801 maintenance_ready_stale_notifications=0 maintenance_ready_tickets_drained=21050 maintenance_ready_overflow_scans=0 maintenance_ready_fallback_scans=12808 stage2_search_lane_lease_limit=32 stage2_search_lane_lease_peak=4 stage2_search_lane_lease_blocked=0 maintenance_worker_observed_idle_ratio=0.972238 maintenance_worker_observed_busy_ratio=0.027762 physical_stage1_items=717 physical_stage1_total_ns=2835090273 physical_stage1_search_ns=2668618995 physical_stage1_prune_ns=108822354 physical_stage1_allocate_write_ns=42290446 physical_stage1_backlink_ns=13408782 physical_stage1_candidates=91770 physical_stage1_remote_frontier_items=854455 physical_stage1_neighbors=22857 peer_stage1_enqueued=1182 peer_stage1_processed=1182 peer_stage1_items=1168 avg_peer_stage1_items=0.988156 peer_stage1_rate_per_sec=77.745615 peer_stage1_max_queue=2 peer_stage1_active_workers=0 peer_stage2_home_enqueued=12652 peer_stage2_home_processed=12652 peer_stage2_home_items=1082555 avg_peer_stage2_home_items=85.563942 peer_stage2_home_max_queue=4 peer_stage2_home_response_queue_drops=0 peer_stage2_home_response_send_wait_ms=63.658012 avg_peer_stage2_home_queue_wait_us=15.400459 avg_peer_stage2_home_execution_us=56.863182 peer_stage1_release_deferred_batches=16 peer_stage1_release_deferred_items=16 peer_stage1_duplicate_retry_responses=0 peer_stage1_admission_retry_responses=0 peer_stage1_retry_response_drops=0 peer_stage1_admission_waiters=0 peer_stage1_admission_waiter_items=0 peer_stage1_admission_owned_items=0 peer_stage1_admission_wake_coverage=0 peer_stage1_admission_parked=0 peer_stage1_admission_woken=0 peer_stage1_admission_reparked=0 peer_stage1_max_admission_waiters=0 peer_stage1_duplicate_coalesced=0 peer_reverse_enqueued=510 peer_reverse_processed=510 peer_reverse_remaining=0 peer_reverse_items_enqueued=9446 peer_reverse_items_processed=9446 peer_reverse_rate_per_sec=628.754345 peer_reverse_failed=0 peer_reverse_max_queue=2 reclaim_pending=0 reclaim_reused=131 dynamic_high_watermark=19981928672 stage2_remaining=0 cleanup_remaining=0 active_contexts=0 active_context_limit=32 repair_remaining=0 remaining=0
[STATUS]: storage-owner maintenance observation: enqueued=717 stage2_enqueued=717 cleanup_enqueued=0 stage2_tasks_done=717 stage2_finalized_live=717 cleanup_processed=0 stale=0 stage2_completion_ratio=1.000000 live_stage2_completion_ratio=1.000000 avg_stage2_delay_ms=58.126193 p99_stage2_delay_upper_ms=128.000000 p99_stage2_delay_over_30s=false stage2_delay_histogram=0,0,0,0,1,65,406,240,5,0,0,0,0,0,0,0,0,0 max_stage2_delay_ms=138.032496 compaction_batch_target=32 compaction_max_delay_ms=25.000000 stage2_rate_per_sec=35.805236 stage1_search_budget_exhausted=0 stage2_search_budget_exhausted=0 stage2_continuations=717 stage2_remote_frontier_items=854455 avg_stage2_remote_frontier=1191.708508 stage2_remote_expansions=23140 avg_stage2_remote_expansions=32.273361 stage2_scored_candidates=1488498 avg_stage2_scored_candidates=2076.008368 stage2_graph_read_waves=5973 avg_stage2_expansions_per_graph_wave=3.874100 stage2_graph_unique_reads=24070 stage2_graph_prefetch_issued=16176 stage2_graph_prefetch_hits=15246 stage2_graph_prefetch_wasted=930 stage2_graph_prefetch_promotion_ratio=0.942507 stage2_graph_issue_width_current=16 stage2_vector_read_waves=12726 avg_stage2_scores_per_vector_wave=116.965111 stage2_vector_unique_reads=995762 stage2_home_rpc_batches=10307 stage2_home_rpc_items=860154 avg_stage2_home_rpc_batch=83.453381 stage2_home_score_rpc_batches=3395 stage2_home_score_rpc_items=836084 stage2_home_score_rpc_queries=14917 stage2_home_score_rpc_request_bytes=21720220 stage2_home_score_rpc_response_bytes=26894400 avg_stage2_home_score_queries_per_rpc=4.393814 avg_stage2_home_score_rpc_batch=246.269219 stage2_home_scored_neighbors=1328752 home_scores_per_expansion=1.544784 stage2_migrations=131 home_match_rate=0.817294 stage2_final_edges=24607 stage2_cross_edges_stage1_home=6044 stage2_cross_edges_final_home=3393 cross_edge_reduction_ratio=0.438617 failed=0 rpc_timeouts=0 reverse_aggregate_batches=0 reverse_aggregate_logical_requests=0 reverse_aggregate_ops=0 avg_reverse_aggregate_logicals=0.000000 avg_reverse_aggregate_ops=0.000000 max_backlog=9 admission_window=65536 completion_outstanding=0 completion_incomplete=0 completed_behind_hole=0 completion_logical_full_failures=0 completion_physical_full_failures=0 pressure_yields=1 stage2_batches=149 avg_stage2_batch_size=4.812081 packing_target_batch=8 packing_admit_queue_avg=4.818792 packing_admit_queue_max=9 packing_batch_1_7=119 packing_batch_8=30 packing_assembly_batches=149 packing_assembly_wait_ms=3552.390105 packing_arrival_interval_us=8320 packing_waited_batches=119 packing_wait_ms=2943.612000 packing_target_flushes=30 packing_deadline_flushes=119 packing_cleanup_flushes=0 stage2_phase_search_attempts=149 stage2_phase_search_task_attempts=717 stage2_phase_search_elapsed_ms=3172.304865 avg_stage2_phase_search_us_per_task=4424.414038 stage2_phase_freeze_prune_attempts=150 stage2_phase_freeze_prune_task_attempts=720 stage2_phase_freeze_prune_elapsed_ms=216.034251 avg_stage2_phase_freeze_prune_us_per_task=300.047571 stage2_phase_reverse_prepare_attempts=149 stage2_phase_reverse_prepare_task_attempts=717 stage2_phase_reverse_prepare_elapsed_ms=792.103721 avg_stage2_phase_reverse_prepare_us_per_task=1104.747170 stage2_phase_placement_authority_attempts=149 stage2_phase_placement_authority_task_attempts=717 stage2_phase_placement_authority_elapsed_ms=86.413876 avg_stage2_phase_placement_authority_us_per_task=120.521445 stage2_phase_completion_handoff_attempts=149 stage2_phase_completion_handoff_task_attempts=717 stage2_phase_completion_handoff_elapsed_ms=0.199910 avg_stage2_phase_completion_handoff_us_per_task=0.278815 stage2_phase_finalize_attempts=149 stage2_phase_finalize_task_attempts=717 stage2_phase_finalize_elapsed_ms=0.598628 avg_stage2_phase_finalize_us_per_task=0.834907 maintenance_worker_idle_waits=36032 maintenance_worker_idle_ms=154842.942756 maintenance_lost_wake_avoided=749 maintenance_targeted_wakes=27817 maintenance_generic_wakes=717 maintenance_broadcast_wakes=0 maintenance_context_slots_scanned=263648 maintenance_ready_notifications=25801 maintenance_ready_stale_notifications=0 maintenance_ready_tickets_drained=21050 maintenance_ready_overflow_scans=0 maintenance_ready_fallback_scans=16784 stage2_search_lane_lease_limit=32 stage2_search_lane_lease_peak=4 stage2_search_lane_lease_blocked=0 maintenance_worker_observed_idle_ratio=0.966560 maintenance_worker_observed_busy_ratio=0.033440 physical_stage1_items=717 physical_stage1_total_ns=2835090273 physical_stage1_search_ns=2668618995 physical_stage1_prune_ns=108822354 physical_stage1_allocate_write_ns=42290446 physical_stage1_backlink_ns=13408782 physical_stage1_candidates=91770 physical_stage1_remote_frontier_items=854455 physical_stage1_neighbors=22857 peer_stage1_enqueued=1182 peer_stage1_processed=1182 peer_stage1_items=1168 avg_peer_stage1_items=0.988156 peer_stage1_rate_per_sec=58.327079 peer_stage1_max_queue=2 peer_stage1_active_workers=0 peer_stage2_home_enqueued=13539 peer_stage2_home_processed=13539 peer_stage2_home_items=1258824 avg_peer_stage2_home_items=92.977620 peer_stage2_home_max_queue=4 peer_stage2_home_response_queue_drops=0 peer_stage2_home_response_send_wait_ms=69.000448 avg_peer_stage2_home_queue_wait_us=16.149068 avg_peer_stage2_home_execution_us=58.910400 peer_stage1_release_deferred_batches=16 peer_stage1_release_deferred_items=16 peer_stage1_duplicate_retry_responses=0 peer_stage1_admission_retry_responses=0 peer_stage1_retry_response_drops=0 peer_stage1_admission_waiters=0 peer_stage1_admission_waiter_items=0 peer_stage1_admission_owned_items=0 peer_stage1_admission_wake_coverage=0 peer_stage1_admission_parked=0 peer_stage1_admission_woken=0 peer_stage1_admission_reparked=0 peer_stage1_max_admission_waiters=0 peer_stage1_duplicate_coalesced=0 peer_reverse_enqueued=539 peer_reverse_processed=539 peer_reverse_remaining=0 peer_reverse_items_enqueued=9502 peer_reverse_items_processed=9502 peer_reverse_rate_per_sec=474.506766 peer_reverse_failed=0 peer_reverse_max_queue=2 reclaim_pending=0 reclaim_reused=131 dynamic_high_watermark=19981928672 stage2_remaining=0 cleanup_remaining=0 active_contexts=0 active_context_limit=32 repair_remaining=0 remaining=0
[STATUS]: storage-owner maintenance observation: enqueued=720 stage2_enqueued=720 cleanup_enqueued=0 stage2_tasks_done=720 stage2_finalized_live=720 cleanup_processed=0 stale=0 stage2_completion_ratio=1.000000 live_stage2_completion_ratio=1.000000 avg_stage2_delay_ms=58.084983 p99_stage2_delay_upper_ms=128.000000 p99_stage2_delay_over_30s=false stage2_delay_histogram=0,0,0,0,1,65,409,240,5,0,0,0,0,0,0,0,0,0 max_stage2_delay_ms=138.032496 compaction_batch_target=32 compaction_max_delay_ms=25.000000 stage2_rate_per_sec=28.770646 stage1_search_budget_exhausted=0 stage2_search_budget_exhausted=0 stage2_continuations=720 stage2_remote_frontier_items=858591 avg_stage2_remote_frontier=1192.487500 stage2_remote_expansions=23524 avg_stage2_remote_expansions=32.672222 stage2_scored_candidates=1502705 avg_stage2_scored_candidates=2087.090278 stage2_graph_read_waves=6112 avg_stage2_expansions_per_graph_wave=3.848822 stage2_graph_unique_reads=24477 stage2_graph_prefetch_issued=16444 stage2_graph_prefetch_hits=15491 stage2_graph_prefetch_wasted=953 stage2_graph_prefetch_promotion_ratio=0.942046 stage2_graph_issue_width_current=16 stage2_vector_read_waves=13039 avg_stage2_scores_per_vector_wave=115.246951 stage2_vector_unique_reads=1000722 stage2_home_rpc_batches=10466 stage2_home_rpc_items=864450 avg_stage2_home_rpc_batch=82.596025 stage2_home_score_rpc_batches=3415 stage2_home_score_rpc_items=839973 stage2_home_score_rpc_queries=14955 stage2_home_score_rpc_request_bytes=21818292 stage2_home_score_rpc_response_bytes=27019816 avg_stage2_home_score_queries_per_rpc=4.379209 avg_stage2_home_score_rpc_batch=245.965739 stage2_home_scored_neighbors=1341888 home_scores_per_expansion=1.552303 stage2_migrations=134 home_match_rate=0.813889 stage2_final_edges=24704 stage2_cross_edges_stage1_home=6138 stage2_cross_edges_final_home=3397 cross_edge_reduction_ratio=0.446562 failed=0 rpc_timeouts=0 reverse_aggregate_batches=0 reverse_aggregate_logical_requests=0 reverse_aggregate_ops=0 avg_reverse_aggregate_logicals=0.000000 avg_reverse_aggregate_ops=0.000000 max_backlog=9 admission_window=65536 completion_outstanding=0 completion_incomplete=0 completed_behind_hole=0 completion_logical_full_failures=0 completion_physical_full_failures=0 pressure_yields=1 stage2_batches=152 avg_stage2_batch_size=4.736842 packing_target_batch=8 packing_admit_queue_avg=4.743421 packing_admit_queue_max=9 packing_batch_1_7=122 packing_batch_8=30 packing_assembly_batches=152 packing_assembly_wait_ms=3627.563168 packing_arrival_interval_us=25000 packing_waited_batches=122 packing_wait_ms=3018.612000 packing_target_flushes=30 packing_deadline_flushes=122 packing_cleanup_flushes=0 stage2_phase_search_attempts=152 stage2_phase_search_task_attempts=720 stage2_phase_search_elapsed_ms=3200.627725 avg_stage2_phase_search_us_per_task=4445.316285 stage2_phase_freeze_prune_attempts=153 stage2_phase_freeze_prune_task_attempts=723 stage2_phase_freeze_prune_elapsed_ms=218.142502 avg_stage2_phase_freeze_prune_us_per_task=301.718537 stage2_phase_reverse_prepare_attempts=152 stage2_phase_reverse_prepare_task_attempts=720 stage2_phase_reverse_prepare_elapsed_ms=794.662776 avg_stage2_phase_reverse_prepare_us_per_task=1103.698300 stage2_phase_placement_authority_attempts=152 stage2_phase_placement_authority_task_attempts=720 stage2_phase_placement_authority_elapsed_ms=87.234314 avg_stage2_phase_placement_authority_us_per_task=121.158769 stage2_phase_completion_handoff_attempts=152 stage2_phase_completion_handoff_task_attempts=720 stage2_phase_completion_handoff_elapsed_ms=0.202688 avg_stage2_phase_completion_handoff_us_per_task=0.281511 stage2_phase_finalize_attempts=152 stage2_phase_finalize_task_attempts=720 stage2_phase_finalize_elapsed_ms=0.618142 avg_stage2_phase_finalize_us_per_task=0.858531 maintenance_worker_idle_waits=40384 maintenance_worker_idle_ms=193684.908845 maintenance_lost_wake_avoided=754 maintenance_targeted_wakes=28380 maintenance_generic_wakes=720 maintenance_broadcast_wakes=0 maintenance_context_slots_scanned=325536 maintenance_ready_notifications=26318 maintenance_ready_stale_notifications=0 maintenance_ready_tickets_drained=21516 maintenance_ready_overflow_scans=0 maintenance_ready_fallback_scans=20765 stage2_search_lane_lease_limit=32 stage2_search_lane_lease_peak=4 stage2_search_lane_lease_blocked=0 maintenance_worker_observed_idle_ratio=0.967437 maintenance_worker_observed_busy_ratio=0.032563 physical_stage1_items=720 physical_stage1_total_ns=2856050022 physical_stage1_search_ns=2688192570 physical_stage1_prune_ns=109550764 physical_stage1_allocate_write_ns=42756771 physical_stage1_backlink_ns=13545701 physical_stage1_candidates=92154 physical_stage1_remote_frontier_items=858591 physical_stage1_neighbors=22916 peer_stage1_enqueued=1188 peer_stage1_processed=1188 peer_stage1_items=1174 avg_peer_stage1_items=0.988215 peer_stage1_rate_per_sec=46.912137 peer_stage1_max_queue=2 peer_stage1_active_workers=0 peer_stage2_home_enqueued=14479 peer_stage2_home_processed=14479 peer_stage2_home_items=1446086 avg_peer_stage2_home_items=99.874715 peer_stage2_home_max_queue=4 peer_stage2_home_response_queue_drops=0 peer_stage2_home_response_send_wait_ms=74.440787 avg_peer_stage2_home_queue_wait_us=17.045483 avg_peer_stage2_home_execution_us=60.791740 peer_stage1_release_deferred_batches=16 peer_stage1_release_deferred_items=16 peer_stage1_duplicate_retry_responses=0 peer_stage1_admission_retry_responses=0 peer_stage1_retry_response_drops=0 peer_stage1_admission_waiters=0 peer_stage1_admission_waiter_items=0 peer_stage1_admission_owned_items=0 peer_stage1_admission_wake_coverage=0 peer_stage1_admission_parked=0 peer_stage1_admission_woken=0 peer_stage1_admission_reparked=0 peer_stage1_max_admission_waiters=0 peer_stage1_duplicate_coalesced=0 peer_reverse_enqueued=583 peer_reverse_processed=583 peer_reverse_remaining=0 peer_reverse_items_enqueued=9568 peer_reverse_items_processed=9568 peer_reverse_rate_per_sec=382.329917 peer_reverse_failed=0 peer_reverse_max_queue=2 reclaim_pending=1 reclaim_reused=133 dynamic_high_watermark=19981929664 stage2_remaining=0 cleanup_remaining=0 active_contexts=0 active_context_limit=32 repair_remaining=0 remaining=0
[STATUS]: storage-owner maintenance observation: enqueued=722 stage2_enqueued=722 cleanup_enqueued=0 stage2_tasks_done=722 stage2_finalized_live=722 cleanup_processed=0 stale=0 stage2_completion_ratio=1.000000 live_stage2_completion_ratio=1.000000 avg_stage2_delay_ms=58.072339 p99_stage2_delay_upper_ms=128.000000 p99_stage2_delay_over_30s=false stage2_delay_histogram=0,0,0,0,1,65,411,240,5,0,0,0,0,0,0,0,0,0 max_stage2_delay_ms=138.032496 compaction_batch_target=32 compaction_max_delay_ms=25.000000 stage2_rate_per_sec=24.045743 stage1_search_budget_exhausted=0 stage2_search_budget_exhausted=0 stage2_continuations=722 stage2_remote_frontier_items=860554 avg_stage2_remote_frontier=1191.903047 stage2_remote_expansions=23780 avg_stage2_remote_expansions=32.936288 stage2_scored_candidates=1509571 avg_stage2_scored_candidates=2090.818560 stage2_graph_read_waves=6168 avg_stage2_expansions_per_graph_wave=3.855383 stage2_graph_unique_reads=24754 stage2_graph_prefetch_issued=16651 stage2_graph_prefetch_hits=15677 stage2_graph_prefetch_wasted=974 stage2_graph_prefetch_promotion_ratio=0.941505 stage2_graph_issue_width_current=16 stage2_vector_read_waves=13152 avg_stage2_scores_per_vector_wave=114.778817 stage2_vector_unique_reads=1003321 stage2_home_rpc_batches=10534 stage2_home_rpc_items=866690 avg_stage2_home_rpc_batch=82.275489 stage2_home_score_rpc_batches=3424 stage2_home_score_rpc_items=841936 stage2_home_score_rpc_queries=14973 stage2_home_score_rpc_request_bytes=21867636 stage2_home_score_rpc_response_bytes=27082992 avg_stage2_home_score_queries_per_rpc=4.372956 avg_stage2_home_score_rpc_batch=245.892523 stage2_home_scored_neighbors=1348118 home_scores_per_expansion=1.555479 stage2_migrations=136 home_match_rate=0.811634 stage2_final_edges=24770 stage2_cross_edges_stage1_home=6202 stage2_cross_edges_final_home=3399 cross_edge_reduction_ratio=0.451951 failed=0 rpc_timeouts=0 reverse_aggregate_batches=0 reverse_aggregate_logical_requests=0 reverse_aggregate_ops=0 avg_reverse_aggregate_logicals=0.000000 avg_reverse_aggregate_ops=0.000000 max_backlog=9 admission_window=65536 completion_outstanding=0 completion_incomplete=0 completed_behind_hole=0 completion_logical_full_failures=0 completion_physical_full_failures=0 pressure_yields=1 stage2_batches=153 avg_stage2_batch_size=4.718954 packing_target_batch=8 packing_admit_queue_avg=4.725490 packing_admit_queue_max=9 packing_batch_1_7=123 packing_batch_8=30 packing_assembly_batches=153 packing_assembly_wait_ms=3652.621137 packing_arrival_interval_us=23153 packing_waited_batches=123 packing_wait_ms=3043.612000 packing_target_flushes=30 packing_deadline_flushes=123 packing_cleanup_flushes=0 stage2_phase_search_attempts=153 stage2_phase_search_task_attempts=722 stage2_phase_search_elapsed_ms=3212.305701 avg_stage2_phase_search_us_per_task=4449.176871 stage2_phase_freeze_prune_attempts=154 stage2_phase_freeze_prune_task_attempts=725 stage2_phase_freeze_prune_elapsed_ms=219.633334 avg_stage2_phase_freeze_prune_us_per_task=302.942530 stage2_phase_reverse_prepare_attempts=153 stage2_phase_reverse_prepare_task_attempts=722 stage2_phase_reverse_prepare_elapsed_ms=795.531460 avg_stage2_phase_reverse_prepare_us_per_task=1101.844127 stage2_phase_placement_authority_attempts=153 stage2_phase_placement_authority_task_attempts=722 stage2_phase_placement_authority_elapsed_ms=87.567927 avg_stage2_phase_placement_authority_us_per_task=121.285217 stage2_phase_completion_handoff_attempts=153 stage2_phase_completion_handoff_task_attempts=722 stage2_phase_completion_handoff_elapsed_ms=0.204071 avg_stage2_phase_completion_handoff_us_per_task=0.282647 stage2_phase_finalize_attempts=153 stage2_phase_finalize_task_attempts=722 stage2_phase_finalize_elapsed_ms=0.621812 avg_stage2_phase_finalize_us_per_task=0.861235 maintenance_worker_idle_waits=44672 maintenance_worker_idle_ms=234983.367513 maintenance_lost_wake_avoided=757 maintenance_targeted_wakes=28623 maintenance_generic_wakes=722 maintenance_broadcast_wakes=0 maintenance_context_slots_scanned=391264 maintenance_ready_notifications=26530 maintenance_ready_stale_notifications=0 maintenance_ready_tickets_drained=21693 maintenance_ready_overflow_scans=0 maintenance_ready_fallback_scans=24742 stage2_search_lane_lease_limit=32 stage2_search_lane_lease_peak=4 stage2_search_lane_lease_blocked=0 maintenance_worker_observed_idle_ratio=0.978246 maintenance_worker_observed_busy_ratio=0.021754 physical_stage1_items=722 physical_stage1_total_ns=2870003657 physical_stage1_search_ns=2701445508 physical_stage1_prune_ns=109922850 physical_stage1_allocate_write_ns=42980538 physical_stage1_backlink_ns=13636437 physical_stage1_candidates=92409 physical_stage1_remote_frontier_items=860554 physical_stage1_neighbors=22937 peer_stage1_enqueued=1192 peer_stage1_processed=1192 peer_stage1_items=1178 avg_peer_stage1_items=0.988255 peer_stage1_rate_per_sec=39.232528 peer_stage1_max_queue=2 peer_stage1_active_workers=0 peer_stage2_home_enqueued=15064 peer_stage2_home_processed=15064 peer_stage2_home_items=1549405 avg_peer_stage2_home_items=102.854819 peer_stage2_home_max_queue=4 peer_stage2_home_response_queue_drops=0 peer_stage2_home_response_send_wait_ms=77.752811 avg_peer_stage2_home_queue_wait_us=17.235039 avg_peer_stage2_home_execution_us=61.761168 peer_stage1_release_deferred_batches=16 peer_stage1_release_deferred_items=16 peer_stage1_duplicate_retry_responses=0 peer_stage1_admission_retry_responses=0 peer_stage1_retry_response_drops=0 peer_stage1_admission_waiters=0 peer_stage1_admission_waiter_items=0 peer_stage1_admission_owned_items=0 peer_stage1_admission_wake_coverage=0 peer_stage1_admission_parked=0 peer_stage1_admission_woken=0 peer_stage1_admission_reparked=0 peer_stage1_max_admission_waiters=0 peer_stage1_duplicate_coalesced=0 peer_reverse_enqueued=607 peer_reverse_processed=607 peer_reverse_remaining=0 peer_reverse_items_enqueued=9611 peer_reverse_items_processed=9611 peer_reverse_rate_per_sec=320.088136 peer_reverse_failed=0 peer_reverse_max_queue=2 reclaim_pending=1 reclaim_reused=135 dynamic_high_watermark=19981930656 stage2_remaining=0 cleanup_remaining=0 active_contexts=0 active_context_limit=32 repair_remaining=0 remaining=0
[STATUS]: storage-owner maintenance observation: enqueued=722 stage2_enqueued=722 cleanup_enqueued=0 stage2_tasks_done=722 stage2_finalized_live=722 cleanup_processed=0 stale=0 stage2_completion_ratio=1.000000 live_stage2_completion_ratio=1.000000 avg_stage2_delay_ms=58.072339 p99_stage2_delay_upper_ms=128.000000 p99_stage2_delay_over_30s=false stage2_delay_histogram=0,0,0,0,1,65,411,240,5,0,0,0,0,0,0,0,0,0 max_stage2_delay_ms=138.032496 compaction_batch_target=32 compaction_max_delay_ms=25.000000 stage2_rate_per_sec=20.612641 stage1_search_budget_exhausted=0 stage2_search_budget_exhausted=0 stage2_continuations=722 stage2_remote_frontier_items=860554 avg_stage2_remote_frontier=1191.903047 stage2_remote_expansions=23780 avg_stage2_remote_expansions=32.936288 stage2_scored_candidates=1509571 avg_stage2_scored_candidates=2090.818560 stage2_graph_read_waves=6168 avg_stage2_expansions_per_graph_wave=3.855383 stage2_graph_unique_reads=24754 stage2_graph_prefetch_issued=16651 stage2_graph_prefetch_hits=15677 stage2_graph_prefetch_wasted=974 stage2_graph_prefetch_promotion_ratio=0.941505 stage2_graph_issue_width_current=16 stage2_vector_read_waves=13152 avg_stage2_scores_per_vector_wave=114.778817 stage2_vector_unique_reads=1003321 stage2_home_rpc_batches=10534 stage2_home_rpc_items=866690 avg_stage2_home_rpc_batch=82.275489 stage2_home_score_rpc_batches=3424 stage2_home_score_rpc_items=841936 stage2_home_score_rpc_queries=14973 stage2_home_score_rpc_request_bytes=21867636 stage2_home_score_rpc_response_bytes=27082992 avg_stage2_home_score_queries_per_rpc=4.372956 avg_stage2_home_score_rpc_batch=245.892523 stage2_home_scored_neighbors=1348118 home_scores_per_expansion=1.555479 stage2_migrations=136 home_match_rate=0.811634 stage2_final_edges=24770 stage2_cross_edges_stage1_home=6202 stage2_cross_edges_final_home=3399 cross_edge_reduction_ratio=0.451951 failed=0 rpc_timeouts=0 reverse_aggregate_batches=0 reverse_aggregate_logical_requests=0 reverse_aggregate_ops=0 avg_reverse_aggregate_logicals=0.000000 avg_reverse_aggregate_ops=0.000000 max_backlog=9 admission_window=65536 completion_outstanding=0 completion_incomplete=0 completed_behind_hole=0 completion_logical_full_failures=0 completion_physical_full_failures=0 pressure_yields=1 stage2_batches=153 avg_stage2_batch_size=4.718954 packing_target_batch=8 packing_admit_queue_avg=4.725490 packing_admit_queue_max=9 packing_batch_1_7=123 packing_batch_8=30 packing_assembly_batches=153 packing_assembly_wait_ms=3652.621137 packing_arrival_interval_us=23153 packing_waited_batches=123 packing_wait_ms=3043.612000 packing_target_flushes=30 packing_deadline_flushes=123 packing_cleanup_flushes=0 stage2_phase_search_attempts=153 stage2_phase_search_task_attempts=722 stage2_phase_search_elapsed_ms=3212.305701 avg_stage2_phase_search_us_per_task=4449.176871 stage2_phase_freeze_prune_attempts=154 stage2_phase_freeze_prune_task_attempts=725 stage2_phase_freeze_prune_elapsed_ms=219.633334 avg_stage2_phase_freeze_prune_us_per_task=302.942530 stage2_phase_reverse_prepare_attempts=153 stage2_phase_reverse_prepare_task_attempts=722 stage2_phase_reverse_prepare_elapsed_ms=795.531460 avg_stage2_phase_reverse_prepare_us_per_task=1101.844127 stage2_phase_placement_authority_attempts=153 stage2_phase_placement_authority_task_attempts=722 stage2_phase_placement_authority_elapsed_ms=87.567927 avg_stage2_phase_placement_authority_us_per_task=121.285217 stage2_phase_completion_handoff_attempts=153 stage2_phase_completion_handoff_task_attempts=722 stage2_phase_completion_handoff_elapsed_ms=0.204071 avg_stage2_phase_completion_handoff_us_per_task=0.282647 stage2_phase_finalize_attempts=153 stage2_phase_finalize_task_attempts=722 stage2_phase_finalize_elapsed_ms=0.621812 avg_stage2_phase_finalize_us_per_task=0.861235 maintenance_worker_idle_waits=48768 maintenance_worker_idle_ms=276199.714128 maintenance_lost_wake_avoided=757 maintenance_targeted_wakes=28623 maintenance_generic_wakes=722 maintenance_broadcast_wakes=0 maintenance_context_slots_scanned=456800 maintenance_ready_notifications=26530 maintenance_ready_stale_notifications=0 maintenance_ready_tickets_drained=21693 maintenance_ready_overflow_scans=0 maintenance_ready_fallback_scans=28718 stage2_search_lane_lease_limit=32 stage2_search_lane_lease_peak=4 stage2_search_lane_lease_blocked=0 maintenance_worker_observed_idle_ratio=0.985666 maintenance_worker_observed_busy_ratio=0.014334 physical_stage1_items=722 physical_stage1_total_ns=2870003657 physical_stage1_search_ns=2701445508 physical_stage1_prune_ns=109922850 physical_stage1_allocate_write_ns=42980538 physical_stage1_backlink_ns=13636437 physical_stage1_candidates=92409 physical_stage1_remote_frontier_items=860554 physical_stage1_neighbors=22937 peer_stage1_enqueued=1192 peer_stage1_processed=1192 peer_stage1_items=1178 avg_peer_stage1_items=0.988255 peer_stage1_rate_per_sec=33.631152 peer_stage1_max_queue=2 peer_stage1_active_workers=0 peer_stage2_home_enqueued=15064 peer_stage2_home_processed=15064 peer_stage2_home_items=1549405 avg_peer_stage2_home_items=102.854819 peer_stage2_home_max_queue=4 peer_stage2_home_response_queue_drops=0 peer_stage2_home_response_send_wait_ms=77.752811 avg_peer_stage2_home_queue_wait_us=17.235039 avg_peer_stage2_home_execution_us=61.761168 peer_stage1_release_deferred_batches=16 peer_stage1_release_deferred_items=16 peer_stage1_duplicate_retry_responses=0 peer_stage1_admission_retry_responses=0 peer_stage1_retry_response_drops=0 peer_stage1_admission_waiters=0 peer_stage1_admission_waiter_items=0 peer_stage1_admission_owned_items=0 peer_stage1_admission_wake_coverage=0 peer_stage1_admission_parked=0 peer_stage1_admission_woken=0 peer_stage1_admission_reparked=0 peer_stage1_max_admission_waiters=0 peer_stage1_duplicate_coalesced=0 peer_reverse_enqueued=607 peer_reverse_processed=607 peer_reverse_remaining=0 peer_reverse_items_enqueued=9611 peer_reverse_items_processed=9611 peer_reverse_rate_per_sec=274.387943 peer_reverse_failed=0 peer_reverse_max_queue=2 reclaim_pending=1 reclaim_reused=135 dynamic_high_watermark=19981930656 stage2_remaining=0 cleanup_remaining=0 active_contexts=0 active_context_limit=32 repair_remaining=0 remaining=0
[STATUS]: storage-owner maintenance observation: enqueued=722 stage2_enqueued=722 cleanup_enqueued=0 stage2_tasks_done=722 stage2_finalized_live=722 cleanup_processed=0 stale=0 stage2_completion_ratio=1.000000 live_stage2_completion_ratio=1.000000 avg_stage2_delay_ms=58.072339 p99_stage2_delay_upper_ms=128.000000 p99_stage2_delay_over_30s=false stage2_delay_histogram=0,0,0,0,1,65,411,240,5,0,0,0,0,0,0,0,0,0 max_stage2_delay_ms=138.032496 compaction_batch_target=32 compaction_max_delay_ms=25.000000 stage2_rate_per_sec=18.037284 stage1_search_budget_exhausted=0 stage2_search_budget_exhausted=0 stage2_continuations=722 stage2_remote_frontier_items=860554 avg_stage2_remote_frontier=1191.903047 stage2_remote_expansions=23780 avg_stage2_remote_expansions=32.936288 stage2_scored_candidates=1509571 avg_stage2_scored_candidates=2090.818560 stage2_graph_read_waves=6168 avg_stage2_expansions_per_graph_wave=3.855383 stage2_graph_unique_reads=24754 stage2_graph_prefetch_issued=16651 stage2_graph_prefetch_hits=15677 stage2_graph_prefetch_wasted=974 stage2_graph_prefetch_promotion_ratio=0.941505 stage2_graph_issue_width_current=16 stage2_vector_read_waves=13152 avg_stage2_scores_per_vector_wave=114.778817 stage2_vector_unique_reads=1003321 stage2_home_rpc_batches=10534 stage2_home_rpc_items=866690 avg_stage2_home_rpc_batch=82.275489 stage2_home_score_rpc_batches=3424 stage2_home_score_rpc_items=841936 stage2_home_score_rpc_queries=14973 stage2_home_score_rpc_request_bytes=21867636 stage2_home_score_rpc_response_bytes=27082992 avg_stage2_home_score_queries_per_rpc=4.372956 avg_stage2_home_score_rpc_batch=245.892523 stage2_home_scored_neighbors=1348118 home_scores_per_expansion=1.555479 stage2_migrations=136 home_match_rate=0.811634 stage2_final_edges=24770 stage2_cross_edges_stage1_home=6202 stage2_cross_edges_final_home=3399 cross_edge_reduction_ratio=0.451951 failed=0 rpc_timeouts=0 reverse_aggregate_batches=0 reverse_aggregate_logical_requests=0 reverse_aggregate_ops=0 avg_reverse_aggregate_logicals=0.000000 avg_reverse_aggregate_ops=0.000000 max_backlog=9 admission_window=65536 completion_outstanding=0 completion_incomplete=0 completed_behind_hole=0 completion_logical_full_failures=0 completion_physical_full_failures=0 pressure_yields=1 stage2_batches=153 avg_stage2_batch_size=4.718954 packing_target_batch=8 packing_admit_queue_avg=4.725490 packing_admit_queue_max=9 packing_batch_1_7=123 packing_batch_8=30 packing_assembly_batches=153 packing_assembly_wait_ms=3652.621137 packing_arrival_interval_us=23153 packing_waited_batches=123 packing_wait_ms=3043.612000 packing_target_flushes=30 packing_deadline_flushes=123 packing_cleanup_flushes=0 stage2_phase_search_attempts=153 stage2_phase_search_task_attempts=722 stage2_phase_search_elapsed_ms=3212.305701 avg_stage2_phase_search_us_per_task=4449.176871 stage2_phase_freeze_prune_attempts=154 stage2_phase_freeze_prune_task_attempts=725 stage2_phase_freeze_prune_elapsed_ms=219.633334 avg_stage2_phase_freeze_prune_us_per_task=302.942530 stage2_phase_reverse_prepare_attempts=153 stage2_phase_reverse_prepare_task_attempts=722 stage2_phase_reverse_prepare_elapsed_ms=795.531460 avg_stage2_phase_reverse_prepare_us_per_task=1101.844127 stage2_phase_placement_authority_attempts=153 stage2_phase_placement_authority_task_attempts=722 stage2_phase_placement_authority_elapsed_ms=87.567927 avg_stage2_phase_placement_authority_us_per_task=121.285217 stage2_phase_completion_handoff_attempts=153 stage2_phase_completion_handoff_task_attempts=722 stage2_phase_completion_handoff_elapsed_ms=0.204071 avg_stage2_phase_completion_handoff_us_per_task=0.282647 stage2_phase_finalize_attempts=153 stage2_phase_finalize_task_attempts=722 stage2_phase_finalize_elapsed_ms=0.621812 avg_stage2_phase_finalize_us_per_task=0.861235 maintenance_worker_idle_waits=52736 maintenance_worker_idle_ms=316113.230452 maintenance_lost_wake_avoided=757 maintenance_targeted_wakes=28623 maintenance_generic_wakes=722 maintenance_broadcast_wakes=0 maintenance_context_slots_scanned=520288 maintenance_ready_notifications=26530 maintenance_ready_stale_notifications=0 maintenance_ready_tickets_drained=21693 maintenance_ready_overflow_scans=0 maintenance_ready_fallback_scans=32695 stage2_search_lane_lease_limit=32 stage2_search_lane_lease_peak=4 stage2_search_lane_lease_blocked=0 maintenance_worker_observed_idle_ratio=0.987158 maintenance_worker_observed_busy_ratio=0.012842 physical_stage1_items=722 physical_stage1_total_ns=2870003657 physical_stage1_search_ns=2701445508 physical_stage1_prune_ns=109922850 physical_stage1_allocate_write_ns=42980538 physical_stage1_backlink_ns=13636437 physical_stage1_candidates=92409 physical_stage1_remote_frontier_items=860554 physical_stage1_neighbors=22937 peer_stage1_enqueued=1192 peer_stage1_processed=1192 peer_stage1_items=1178 avg_peer_stage1_items=0.988255 peer_stage1_rate_per_sec=29.429253 peer_stage1_max_queue=2 peer_stage1_active_workers=0 peer_stage2_home_enqueued=15064 peer_stage2_home_processed=15064 peer_stage2_home_items=1549405 avg_peer_stage2_home_items=102.854819 peer_stage2_home_max_queue=4 peer_stage2_home_response_queue_drops=0 peer_stage2_home_response_send_wait_ms=77.752811 avg_peer_stage2_home_queue_wait_us=17.235039 avg_peer_stage2_home_execution_us=61.761168 peer_stage1_release_deferred_batches=16 peer_stage1_release_deferred_items=16 peer_stage1_duplicate_retry_responses=0 peer_stage1_admission_retry_responses=0 peer_stage1_retry_response_drops=0 peer_stage1_admission_waiters=0 peer_stage1_admission_waiter_items=0 peer_stage1_admission_owned_items=0 peer_stage1_admission_wake_coverage=0 peer_stage1_admission_parked=0 peer_stage1_admission_woken=0 peer_stage1_admission_reparked=0 peer_stage1_max_admission_waiters=0 peer_stage1_duplicate_coalesced=0 peer_reverse_enqueued=607 peer_reverse_processed=607 peer_reverse_remaining=0 peer_reverse_items_enqueued=9611 peer_reverse_items_processed=9611 peer_reverse_rate_per_sec=240.105731 peer_reverse_failed=0 peer_reverse_max_queue=2 reclaim_pending=1 reclaim_reused=135 dynamic_high_watermark=19981930656 stage2_remaining=0 cleanup_remaining=0 active_contexts=0 active_context_limit=32 repair_remaining=0 remaining=0
[STATUS]: storage-owner maintenance observation: enqueued=722 stage2_enqueued=722 cleanup_enqueued=0 stage2_tasks_done=722 stage2_finalized_live=722 cleanup_processed=0 stale=0 stage2_completion_ratio=1.000000 live_stage2_completion_ratio=1.000000 avg_stage2_delay_ms=58.072339 p99_stage2_delay_upper_ms=128.000000 p99_stage2_delay_over_30s=false stage2_delay_histogram=0,0,0,0,1,65,411,240,5,0,0,0,0,0,0,0,0,0 max_stage2_delay_ms=138.032496 compaction_batch_target=32 compaction_max_delay_ms=25.000000 stage2_rate_per_sec=16.033713 stage1_search_budget_exhausted=0 stage2_search_budget_exhausted=0 stage2_continuations=722 stage2_remote_frontier_items=860554 avg_stage2_remote_frontier=1191.903047 stage2_remote_expansions=23780 avg_stage2_remote_expansions=32.936288 stage2_scored_candidates=1509571 avg_stage2_scored_candidates=2090.818560 stage2_graph_read_waves=6168 avg_stage2_expansions_per_graph_wave=3.855383 stage2_graph_unique_reads=24754 stage2_graph_prefetch_issued=16651 stage2_graph_prefetch_hits=15677 stage2_graph_prefetch_wasted=974 stage2_graph_prefetch_promotion_ratio=0.941505 stage2_graph_issue_width_current=16 stage2_vector_read_waves=13152 avg_stage2_scores_per_vector_wave=114.778817 stage2_vector_unique_reads=1003321 stage2_home_rpc_batches=10534 stage2_home_rpc_items=866690 avg_stage2_home_rpc_batch=82.275489 stage2_home_score_rpc_batches=3424 stage2_home_score_rpc_items=841936 stage2_home_score_rpc_queries=14973 stage2_home_score_rpc_request_bytes=21867636 stage2_home_score_rpc_response_bytes=27082992 avg_stage2_home_score_queries_per_rpc=4.372956 avg_stage2_home_score_rpc_batch=245.892523 stage2_home_scored_neighbors=1348118 home_scores_per_expansion=1.555479 stage2_migrations=136 home_match_rate=0.811634 stage2_final_edges=24770 stage2_cross_edges_stage1_home=6202 stage2_cross_edges_final_home=3399 cross_edge_reduction_ratio=0.451951 failed=0 rpc_timeouts=0 reverse_aggregate_batches=0 reverse_aggregate_logical_requests=0 reverse_aggregate_ops=0 avg_reverse_aggregate_logicals=0.000000 avg_reverse_aggregate_ops=0.000000 max_backlog=9 admission_window=65536 completion_outstanding=0 completion_incomplete=0 completed_behind_hole=0 completion_logical_full_failures=0 completion_physical_full_failures=0 pressure_yields=1 stage2_batches=153 avg_stage2_batch_size=4.718954 packing_target_batch=8 packing_admit_queue_avg=4.725490 packing_admit_queue_max=9 packing_batch_1_7=123 packing_batch_8=30 packing_assembly_batches=153 packing_assembly_wait_ms=3652.621137 packing_arrival_interval_us=23153 packing_waited_batches=123 packing_wait_ms=3043.612000 packing_target_flushes=30 packing_deadline_flushes=123 packing_cleanup_flushes=0 stage2_phase_search_attempts=153 stage2_phase_search_task_attempts=722 stage2_phase_search_elapsed_ms=3212.305701 avg_stage2_phase_search_us_per_task=4449.176871 stage2_phase_freeze_prune_attempts=154 stage2_phase_freeze_prune_task_attempts=725 stage2_phase_freeze_prune_elapsed_ms=219.633334 avg_stage2_phase_freeze_prune_us_per_task=302.942530 stage2_phase_reverse_prepare_attempts=153 stage2_phase_reverse_prepare_task_attempts=722 stage2_phase_reverse_prepare_elapsed_ms=795.531460 avg_stage2_phase_reverse_prepare_us_per_task=1101.844127 stage2_phase_placement_authority_attempts=153 stage2_phase_placement_authority_task_attempts=722 stage2_phase_placement_authority_elapsed_ms=87.567927 avg_stage2_phase_placement_authority_us_per_task=121.285217 stage2_phase_completion_handoff_attempts=153 stage2_phase_completion_handoff_task_attempts=722 stage2_phase_completion_handoff_elapsed_ms=0.204071 avg_stage2_phase_completion_handoff_us_per_task=0.282647 stage2_phase_finalize_attempts=153 stage2_phase_finalize_task_attempts=722 stage2_phase_finalize_elapsed_ms=0.621812 avg_stage2_phase_finalize_us_per_task=0.861235 maintenance_worker_idle_waits=56576 maintenance_worker_idle_ms=354740.657730 maintenance_lost_wake_avoided=757 maintenance_targeted_wakes=28623 maintenance_generic_wakes=722 maintenance_broadcast_wakes=0 maintenance_context_slots_scanned=581728 maintenance_ready_notifications=26530 maintenance_ready_stale_notifications=0 maintenance_ready_tickets_drained=21693 maintenance_ready_overflow_scans=0 maintenance_ready_fallback_scans=36669 stage2_search_lane_lease_limit=32 stage2_search_lane_lease_peak=4 stage2_search_lane_lease_blocked=0 maintenance_worker_observed_idle_ratio=0.984732 maintenance_worker_observed_busy_ratio=0.015268 physical_stage1_items=722 physical_stage1_total_ns=2870003657 physical_stage1_search_ns=2701445508 physical_stage1_prune_ns=109922850 physical_stage1_allocate_write_ns=42980538 physical_stage1_backlink_ns=13636437 physical_stage1_candidates=92409 physical_stage1_remote_frontier_items=860554 physical_stage1_neighbors=22937 peer_stage1_enqueued=1192 peer_stage1_processed=1192 peer_stage1_items=1178 avg_peer_stage1_items=0.988255 peer_stage1_rate_per_sec=26.160269 peer_stage1_max_queue=2 peer_stage1_active_workers=0 peer_stage2_home_enqueued=15064 peer_stage2_home_processed=15064 peer_stage2_home_items=1549405 avg_peer_stage2_home_items=102.854819 peer_stage2_home_max_queue=4 peer_stage2_home_response_queue_drops=0 peer_stage2_home_response_send_wait_ms=77.752811 avg_peer_stage2_home_queue_wait_us=17.235039 avg_peer_stage2_home_execution_us=61.761168 peer_stage1_release_deferred_batches=16 peer_stage1_release_deferred_items=16 peer_stage1_duplicate_retry_responses=0 peer_stage1_admission_retry_responses=0 peer_stage1_retry_response_drops=0 peer_stage1_admission_waiters=0 peer_stage1_admission_waiter_items=0 peer_stage1_admission_owned_items=0 peer_stage1_admission_wake_coverage=0 peer_stage1_admission_parked=0 peer_stage1_admission_woken=0 peer_stage1_admission_reparked=0 peer_stage1_max_admission_waiters=0 peer_stage1_duplicate_coalesced=0 peer_reverse_enqueued=607 peer_reverse_processed=607 peer_reverse_remaining=0 peer_reverse_items_enqueued=9611 peer_reverse_items_processed=9611 peer_reverse_rate_per_sec=213.434931 peer_reverse_failed=0 peer_reverse_max_queue=2 reclaim_pending=1 reclaim_reused=135 dynamic_high_watermark=19981930656 stage2_remaining=0 cleanup_remaining=0 active_contexts=0 active_context_limit=32 repair_remaining=0 remaining=0
[STATUS]: storage-owner maintenance observation: enqueued=722 stage2_enqueued=722 cleanup_enqueued=0 stage2_tasks_done=722 stage2_finalized_live=722 cleanup_processed=0 stale=0 stage2_completion_ratio=1.000000 live_stage2_completion_ratio=1.000000 avg_stage2_delay_ms=58.072339 p99_stage2_delay_upper_ms=128.000000 p99_stage2_delay_over_30s=false stage2_delay_histogram=0,0,0,0,1,65,411,240,5,0,0,0,0,0,0,0,0,0 max_stage2_delay_ms=138.032496 compaction_batch_target=32 compaction_max_delay_ms=25.000000 stage2_rate_per_sec=14.430998 stage1_search_budget_exhausted=0 stage2_search_budget_exhausted=0 stage2_continuations=722 stage2_remote_frontier_items=860554 avg_stage2_remote_frontier=1191.903047 stage2_remote_expansions=23780 avg_stage2_remote_expansions=32.936288 stage2_scored_candidates=1509571 avg_stage2_scored_candidates=2090.818560 stage2_graph_read_waves=6168 avg_stage2_expansions_per_graph_wave=3.855383 stage2_graph_unique_reads=24754 stage2_graph_prefetch_issued=16651 stage2_graph_prefetch_hits=15677 stage2_graph_prefetch_wasted=974 stage2_graph_prefetch_promotion_ratio=0.941505 stage2_graph_issue_width_current=16 stage2_vector_read_waves=13152 avg_stage2_scores_per_vector_wave=114.778817 stage2_vector_unique_reads=1003321 stage2_home_rpc_batches=10534 stage2_home_rpc_items=866690 avg_stage2_home_rpc_batch=82.275489 stage2_home_score_rpc_batches=3424 stage2_home_score_rpc_items=841936 stage2_home_score_rpc_queries=14973 stage2_home_score_rpc_request_bytes=21867636 stage2_home_score_rpc_response_bytes=27082992 avg_stage2_home_score_queries_per_rpc=4.372956 avg_stage2_home_score_rpc_batch=245.892523 stage2_home_scored_neighbors=1348118 home_scores_per_expansion=1.555479 stage2_migrations=136 home_match_rate=0.811634 stage2_final_edges=24770 stage2_cross_edges_stage1_home=6202 stage2_cross_edges_final_home=3399 cross_edge_reduction_ratio=0.451951 failed=0 rpc_timeouts=0 reverse_aggregate_batches=0 reverse_aggregate_logical_requests=0 reverse_aggregate_ops=0 avg_reverse_aggregate_logicals=0.000000 avg_reverse_aggregate_ops=0.000000 max_backlog=9 admission_window=65536 completion_outstanding=0 completion_incomplete=0 completed_behind_hole=0 completion_logical_full_failures=0 completion_physical_full_failures=0 pressure_yields=1 stage2_batches=153 avg_stage2_batch_size=4.718954 packing_target_batch=8 packing_admit_queue_avg=4.725490 packing_admit_queue_max=9 packing_batch_1_7=123 packing_batch_8=30 packing_assembly_batches=153 packing_assembly_wait_ms=3652.621137 packing_arrival_interval_us=23153 packing_waited_batches=123 packing_wait_ms=3043.612000 packing_target_flushes=30 packing_deadline_flushes=123 packing_cleanup_flushes=0 stage2_phase_search_attempts=153 stage2_phase_search_task_attempts=722 stage2_phase_search_elapsed_ms=3212.305701 avg_stage2_phase_search_us_per_task=4449.176871 stage2_phase_freeze_prune_attempts=154 stage2_phase_freeze_prune_task_attempts=725 stage2_phase_freeze_prune_elapsed_ms=219.633334 avg_stage2_phase_freeze_prune_us_per_task=302.942530 stage2_phase_reverse_prepare_attempts=153 stage2_phase_reverse_prepare_task_attempts=722 stage2_phase_reverse_prepare_elapsed_ms=795.531460 avg_stage2_phase_reverse_prepare_us_per_task=1101.844127 stage2_phase_placement_authority_attempts=153 stage2_phase_placement_authority_task_attempts=722 stage2_phase_placement_authority_elapsed_ms=87.567927 avg_stage2_phase_placement_authority_us_per_task=121.285217 stage2_phase_completion_handoff_attempts=153 stage2_phase_completion_handoff_task_attempts=722 stage2_phase_completion_handoff_elapsed_ms=0.204071 avg_stage2_phase_completion_handoff_us_per_task=0.282647 stage2_phase_finalize_attempts=153 stage2_phase_finalize_task_attempts=722 stage2_phase_finalize_elapsed_ms=0.621812 avg_stage2_phase_finalize_us_per_task=0.861235 maintenance_worker_idle_waits=60544 maintenance_worker_idle_ms=394650.113735 maintenance_lost_wake_avoided=757 maintenance_targeted_wakes=28623 maintenance_generic_wakes=722 maintenance_broadcast_wakes=0 maintenance_context_slots_scanned=645216 maintenance_ready_notifications=26530 maintenance_ready_stale_notifications=0 maintenance_ready_tickets_drained=21693 maintenance_ready_overflow_scans=0 maintenance_ready_fallback_scans=40647 stage2_search_lane_lease_limit=32 stage2_search_lane_lease_peak=4 stage2_search_lane_lease_blocked=0 maintenance_worker_observed_idle_ratio=0.986010 maintenance_worker_observed_busy_ratio=0.013990 physical_stage1_items=722 physical_stage1_total_ns=2870003657 physical_stage1_search_ns=2701445508 physical_stage1_prune_ns=109922850 physical_stage1_allocate_write_ns=42980538 physical_stage1_backlink_ns=13636437 physical_stage1_candidates=92409 physical_stage1_remote_frontier_items=860554 physical_stage1_neighbors=22937 peer_stage1_enqueued=1192 peer_stage1_processed=1192 peer_stage1_items=1178 avg_peer_stage1_items=0.988255 peer_stage1_rate_per_sec=23.545312 peer_stage1_max_queue=2 peer_stage1_active_workers=0 peer_stage2_home_enqueued=15064 peer_stage2_home_processed=15064 peer_stage2_home_items=1549405 avg_peer_stage2_home_items=102.854819 peer_stage2_home_max_queue=4 peer_stage2_home_response_queue_drops=0 peer_stage2_home_response_send_wait_ms=77.752811 avg_peer_stage2_home_queue_wait_us=17.235039 avg_peer_stage2_home_execution_us=61.761168 peer_stage1_release_deferred_batches=16 peer_stage1_release_deferred_items=16 peer_stage1_duplicate_retry_responses=0 peer_stage1_admission_retry_responses=0 peer_stage1_retry_response_drops=0 peer_stage1_admission_waiters=0 peer_stage1_admission_waiter_items=0 peer_stage1_admission_owned_items=0 peer_stage1_admission_wake_coverage=0 peer_stage1_admission_parked=0 peer_stage1_admission_woken=0 peer_stage1_admission_reparked=0 peer_stage1_max_admission_waiters=0 peer_stage1_duplicate_coalesced=0 peer_reverse_enqueued=607 peer_reverse_processed=607 peer_reverse_remaining=0 peer_reverse_items_enqueued=9611 peer_reverse_items_processed=9611 peer_reverse_rate_per_sec=192.100167 peer_reverse_failed=0 peer_reverse_max_queue=2 reclaim_pending=1 reclaim_reused=135 dynamic_high_watermark=19981930656 stage2_remaining=0 cleanup_remaining=0 active_contexts=0 active_context_limit=32 repair_remaining=0 remaining=0
[STATUS]: storage-owner maintenance observation: enqueued=722 stage2_enqueued=722 cleanup_enqueued=0 stage2_tasks_done=722 stage2_finalized_live=722 cleanup_processed=0 stale=0 stage2_completion_ratio=1.000000 live_stage2_completion_ratio=1.000000 avg_stage2_delay_ms=58.072339 p99_stage2_delay_upper_ms=128.000000 p99_stage2_delay_over_30s=false stage2_delay_histogram=0,0,0,0,1,65,411,240,5,0,0,0,0,0,0,0,0,0 max_stage2_delay_ms=138.032496 compaction_batch_target=32 compaction_max_delay_ms=25.000000 stage2_rate_per_sec=13.119622 stage1_search_budget_exhausted=0 stage2_search_budget_exhausted=0 stage2_continuations=722 stage2_remote_frontier_items=860554 avg_stage2_remote_frontier=1191.903047 stage2_remote_expansions=23780 avg_stage2_remote_expansions=32.936288 stage2_scored_candidates=1509571 avg_stage2_scored_candidates=2090.818560 stage2_graph_read_waves=6168 avg_stage2_expansions_per_graph_wave=3.855383 stage2_graph_unique_reads=24754 stage2_graph_prefetch_issued=16651 stage2_graph_prefetch_hits=15677 stage2_graph_prefetch_wasted=974 stage2_graph_prefetch_promotion_ratio=0.941505 stage2_graph_issue_width_current=16 stage2_vector_read_waves=13152 avg_stage2_scores_per_vector_wave=114.778817 stage2_vector_unique_reads=1003321 stage2_home_rpc_batches=10534 stage2_home_rpc_items=866690 avg_stage2_home_rpc_batch=82.275489 stage2_home_score_rpc_batches=3424 stage2_home_score_rpc_items=841936 stage2_home_score_rpc_queries=14973 stage2_home_score_rpc_request_bytes=21867636 stage2_home_score_rpc_response_bytes=27082992 avg_stage2_home_score_queries_per_rpc=4.372956 avg_stage2_home_score_rpc_batch=245.892523 stage2_home_scored_neighbors=1348118 home_scores_per_expansion=1.555479 stage2_migrations=136 home_match_rate=0.811634 stage2_final_edges=24770 stage2_cross_edges_stage1_home=6202 stage2_cross_edges_final_home=3399 cross_edge_reduction_ratio=0.451951 failed=0 rpc_timeouts=0 reverse_aggregate_batches=0 reverse_aggregate_logical_requests=0 reverse_aggregate_ops=0 avg_reverse_aggregate_logicals=0.000000 avg_reverse_aggregate_ops=0.000000 max_backlog=9 admission_window=65536 completion_outstanding=0 completion_incomplete=0 completed_behind_hole=0 completion_logical_full_failures=0 completion_physical_full_failures=0 pressure_yields=1 stage2_batches=153 avg_stage2_batch_size=4.718954 packing_target_batch=8 packing_admit_queue_avg=4.725490 packing_admit_queue_max=9 packing_batch_1_7=123 packing_batch_8=30 packing_assembly_batches=153 packing_assembly_wait_ms=3652.621137 packing_arrival_interval_us=23153 packing_waited_batches=123 packing_wait_ms=3043.612000 packing_target_flushes=30 packing_deadline_flushes=123 packing_cleanup_flushes=0 stage2_phase_search_attempts=153 stage2_phase_search_task_attempts=722 stage2_phase_search_elapsed_ms=3212.305701 avg_stage2_phase_search_us_per_task=4449.176871 stage2_phase_freeze_prune_attempts=154 stage2_phase_freeze_prune_task_attempts=725 stage2_phase_freeze_prune_elapsed_ms=219.633334 avg_stage2_phase_freeze_prune_us_per_task=302.942530 stage2_phase_reverse_prepare_attempts=153 stage2_phase_reverse_prepare_task_attempts=722 stage2_phase_reverse_prepare_elapsed_ms=795.531460 avg_stage2_phase_reverse_prepare_us_per_task=1101.844127 stage2_phase_placement_authority_attempts=153 stage2_phase_placement_authority_task_attempts=722 stage2_phase_placement_authority_elapsed_ms=87.567927 avg_stage2_phase_placement_authority_us_per_task=121.285217 stage2_phase_completion_handoff_attempts=153 stage2_phase_completion_handoff_task_attempts=722 stage2_phase_completion_handoff_elapsed_ms=0.204071 avg_stage2_phase_completion_handoff_us_per_task=0.282647 stage2_phase_finalize_attempts=153 stage2_phase_finalize_task_attempts=722 stage2_phase_finalize_elapsed_ms=0.621812 avg_stage2_phase_finalize_us_per_task=0.861235 maintenance_worker_idle_waits=64640 maintenance_worker_idle_ms=435848.028392 maintenance_lost_wake_avoided=757 maintenance_targeted_wakes=28623 maintenance_generic_wakes=722 maintenance_broadcast_wakes=0 maintenance_context_slots_scanned=710752 maintenance_ready_notifications=26530 maintenance_ready_stale_notifications=0 maintenance_ready_tickets_drained=21693 maintenance_ready_overflow_scans=0 maintenance_ready_fallback_scans=44624 stage2_search_lane_lease_limit=32 stage2_search_lane_lease_peak=4 stage2_search_lane_lease_blocked=0 maintenance_worker_observed_idle_ratio=0.989986 maintenance_worker_observed_busy_ratio=0.010014 physical_stage1_items=722 physical_stage1_total_ns=2870003657 physical_stage1_search_ns=2701445508 physical_stage1_prune_ns=109922850 physical_stage1_allocate_write_ns=42980538 physical_stage1_backlink_ns=13636437 physical_stage1_candidates=92409 physical_stage1_remote_frontier_items=860554 physical_stage1_neighbors=22937 peer_stage1_enqueued=1192 peer_stage1_processed=1192 peer_stage1_items=1178 avg_peer_stage1_items=0.988255 peer_stage1_rate_per_sec=21.405699 peer_stage1_max_queue=2 peer_stage1_active_workers=0 peer_stage2_home_enqueued=15064 peer_stage2_home_processed=15064 peer_stage2_home_items=1549405 avg_peer_stage2_home_items=102.854819 peer_stage2_home_max_queue=4 peer_stage2_home_response_queue_drops=0 peer_stage2_home_response_send_wait_ms=77.752811 avg_peer_stage2_home_queue_wait_us=17.235039 avg_peer_stage2_home_execution_us=61.761168 peer_stage1_release_deferred_batches=16 peer_stage1_release_deferred_items=16 peer_stage1_duplicate_retry_responses=0 peer_stage1_admission_retry_responses=0 peer_stage1_retry_response_drops=0 peer_stage1_admission_waiters=0 peer_stage1_admission_waiter_items=0 peer_stage1_admission_owned_items=0 peer_stage1_admission_wake_coverage=0 peer_stage1_admission_parked=0 peer_stage1_admission_woken=0 peer_stage1_admission_reparked=0 peer_stage1_max_admission_waiters=0 peer_stage1_duplicate_coalesced=0 peer_reverse_enqueued=607 peer_reverse_processed=607 peer_reverse_remaining=0 peer_reverse_items_enqueued=9611 peer_reverse_items_processed=9611 peer_reverse_rate_per_sec=174.643614 peer_reverse_failed=0 peer_reverse_max_queue=2 reclaim_pending=1 reclaim_reused=135 dynamic_high_watermark=19981930656 stage2_remaining=0 cleanup_remaining=0 active_contexts=0 active_context_limit=32 repair_remaining=0 remaining=0
[STATUS]: storage-owner maintenance observation: enqueued=722 stage2_enqueued=722 cleanup_enqueued=0 stage2_tasks_done=722 stage2_finalized_live=722 cleanup_processed=0 stale=0 stage2_completion_ratio=1.000000 live_stage2_completion_ratio=1.000000 avg_stage2_delay_ms=58.072339 p99_stage2_delay_upper_ms=128.000000 p99_stage2_delay_over_30s=false stage2_delay_histogram=0,0,0,0,1,65,411,240,5,0,0,0,0,0,0,0,0,0 max_stage2_delay_ms=138.032496 compaction_batch_target=32 compaction_max_delay_ms=25.000000 stage2_rate_per_sec=12.026854 stage1_search_budget_exhausted=0 stage2_search_budget_exhausted=0 stage2_continuations=722 stage2_remote_frontier_items=860554 avg_stage2_remote_frontier=1191.903047 stage2_remote_expansions=23780 avg_stage2_remote_expansions=32.936288 stage2_scored_candidates=1509571 avg_stage2_scored_candidates=2090.818560 stage2_graph_read_waves=6168 avg_stage2_expansions_per_graph_wave=3.855383 stage2_graph_unique_reads=24754 stage2_graph_prefetch_issued=16651 stage2_graph_prefetch_hits=15677 stage2_graph_prefetch_wasted=974 stage2_graph_prefetch_promotion_ratio=0.941505 stage2_graph_issue_width_current=16 stage2_vector_read_waves=13152 avg_stage2_scores_per_vector_wave=114.778817 stage2_vector_unique_reads=1003321 stage2_home_rpc_batches=10534 stage2_home_rpc_items=866690 avg_stage2_home_rpc_batch=82.275489 stage2_home_score_rpc_batches=3424 stage2_home_score_rpc_items=841936 stage2_home_score_rpc_queries=14973 stage2_home_score_rpc_request_bytes=21867636 stage2_home_score_rpc_response_bytes=27082992 avg_stage2_home_score_queries_per_rpc=4.372956 avg_stage2_home_score_rpc_batch=245.892523 stage2_home_scored_neighbors=1348118 home_scores_per_expansion=1.555479 stage2_migrations=136 home_match_rate=0.811634 stage2_final_edges=24770 stage2_cross_edges_stage1_home=6202 stage2_cross_edges_final_home=3399 cross_edge_reduction_ratio=0.451951 failed=0 rpc_timeouts=0 reverse_aggregate_batches=0 reverse_aggregate_logical_requests=0 reverse_aggregate_ops=0 avg_reverse_aggregate_logicals=0.000000 avg_reverse_aggregate_ops=0.000000 max_backlog=9 admission_window=65536 completion_outstanding=0 completion_incomplete=0 completed_behind_hole=0 completion_logical_full_failures=0 completion_physical_full_failures=0 pressure_yields=1 stage2_batches=153 avg_stage2_batch_size=4.718954 packing_target_batch=8 packing_admit_queue_avg=4.725490 packing_admit_queue_max=9 packing_batch_1_7=123 packing_batch_8=30 packing_assembly_batches=153 packing_assembly_wait_ms=3652.621137 packing_arrival_interval_us=23153 packing_waited_batches=123 packing_wait_ms=3043.612000 packing_target_flushes=30 packing_deadline_flushes=123 packing_cleanup_flushes=0 stage2_phase_search_attempts=153 stage2_phase_search_task_attempts=722 stage2_phase_search_elapsed_ms=3212.305701 avg_stage2_phase_search_us_per_task=4449.176871 stage2_phase_freeze_prune_attempts=154 stage2_phase_freeze_prune_task_attempts=725 stage2_phase_freeze_prune_elapsed_ms=219.633334 avg_stage2_phase_freeze_prune_us_per_task=302.942530 stage2_phase_reverse_prepare_attempts=153 stage2_phase_reverse_prepare_task_attempts=722 stage2_phase_reverse_prepare_elapsed_ms=795.531460 avg_stage2_phase_reverse_prepare_us_per_task=1101.844127 stage2_phase_placement_authority_attempts=153 stage2_phase_placement_authority_task_attempts=722 stage2_phase_placement_authority_elapsed_ms=87.567927 avg_stage2_phase_placement_authority_us_per_task=121.285217 stage2_phase_completion_handoff_attempts=153 stage2_phase_completion_handoff_task_attempts=722 stage2_phase_completion_handoff_elapsed_ms=0.204071 avg_stage2_phase_completion_handoff_us_per_task=0.282647 stage2_phase_finalize_attempts=153 stage2_phase_finalize_task_attempts=722 stage2_phase_finalize_elapsed_ms=0.621812 avg_stage2_phase_finalize_us_per_task=0.861235 maintenance_worker_idle_waits=68672 maintenance_worker_idle_ms=476404.510495 maintenance_lost_wake_avoided=757 maintenance_targeted_wakes=28623 maintenance_generic_wakes=722 maintenance_broadcast_wakes=0 maintenance_context_slots_scanned=775264 maintenance_ready_notifications=26530 maintenance_ready_stale_notifications=0 maintenance_ready_tickets_drained=21693 maintenance_ready_overflow_scans=0 maintenance_ready_fallback_scans=48599 stage2_search_lane_lease_limit=32 stage2_search_lane_lease_peak=4 stage2_search_lane_lease_blocked=0 maintenance_worker_observed_idle_ratio=0.991975 maintenance_worker_observed_busy_ratio=0.008025 physical_stage1_items=722 physical_stage1_total_ns=2870003657 physical_stage1_search_ns=2701445508 physical_stage1_prune_ns=109922850 physical_stage1_allocate_write_ns=42980538 physical_stage1_backlink_ns=13636437 physical_stage1_candidates=92409 physical_stage1_remote_frontier_items=860554 physical_stage1_neighbors=22937 peer_stage1_enqueued=1192 peer_stage1_processed=1192 peer_stage1_items=1178 avg_peer_stage1_items=0.988255 peer_stage1_rate_per_sec=19.622761 peer_stage1_max_queue=2 peer_stage1_active_workers=0 peer_stage2_home_enqueued=15064 peer_stage2_home_processed=15064 peer_stage2_home_items=1549405 avg_peer_stage2_home_items=102.854819 peer_stage2_home_max_queue=4 peer_stage2_home_response_queue_drops=0 peer_stage2_home_response_send_wait_ms=77.752811 avg_peer_stage2_home_queue_wait_us=17.235039 avg_peer_stage2_home_execution_us=61.761168 peer_stage1_release_deferred_batches=16 peer_stage1_release_deferred_items=16 peer_stage1_duplicate_retry_responses=0 peer_stage1_admission_retry_responses=0 peer_stage1_retry_response_drops=0 peer_stage1_admission_waiters=0 peer_stage1_admission_waiter_items=0 peer_stage1_admission_owned_items=0 peer_stage1_admission_wake_coverage=0 peer_stage1_admission_parked=0 peer_stage1_admission_woken=0 peer_stage1_admission_reparked=0 peer_stage1_max_admission_waiters=0 peer_stage1_duplicate_coalesced=0 peer_reverse_enqueued=607 peer_reverse_processed=607 peer_reverse_remaining=0 peer_reverse_items_enqueued=9611 peer_reverse_items_processed=9611 peer_reverse_rate_per_sec=160.097080 peer_reverse_failed=0 peer_reverse_max_queue=2 reclaim_pending=1 reclaim_reused=135 dynamic_high_watermark=19981930656 stage2_remaining=0 cleanup_remaining=0 active_contexts=0 active_context_limit=32 repair_remaining=0 remaining=0
[STATUS]: storage-owner maintenance observation: enqueued=722 stage2_enqueued=722 cleanup_enqueued=0 stage2_tasks_done=722 stage2_finalized_live=722 cleanup_processed=0 stale=0 stage2_completion_ratio=1.000000 live_stage2_completion_ratio=1.000000 avg_stage2_delay_ms=58.072339 p99_stage2_delay_upper_ms=128.000000 p99_stage2_delay_over_30s=false stage2_delay_histogram=0,0,0,0,1,65,411,240,5,0,0,0,0,0,0,0,0,0 max_stage2_delay_ms=138.032496 compaction_batch_target=32 compaction_max_delay_ms=25.000000 stage2_rate_per_sec=11.102003 stage1_search_budget_exhausted=0 stage2_search_budget_exhausted=0 stage2_continuations=722 stage2_remote_frontier_items=860554 avg_stage2_remote_frontier=1191.903047 stage2_remote_expansions=23780 avg_stage2_remote_expansions=32.936288 stage2_scored_candidates=1509571 avg_stage2_scored_candidates=2090.818560 stage2_graph_read_waves=6168 avg_stage2_expansions_per_graph_wave=3.855383 stage2_graph_unique_reads=24754 stage2_graph_prefetch_issued=16651 stage2_graph_prefetch_hits=15677 stage2_graph_prefetch_wasted=974 stage2_graph_prefetch_promotion_ratio=0.941505 stage2_graph_issue_width_current=16 stage2_vector_read_waves=13152 avg_stage2_scores_per_vector_wave=114.778817 stage2_vector_unique_reads=1003321 stage2_home_rpc_batches=10534 stage2_home_rpc_items=866690 avg_stage2_home_rpc_batch=82.275489 stage2_home_score_rpc_batches=3424 stage2_home_score_rpc_items=841936 stage2_home_score_rpc_queries=14973 stage2_home_score_rpc_request_bytes=21867636 stage2_home_score_rpc_response_bytes=27082992 avg_stage2_home_score_queries_per_rpc=4.372956 avg_stage2_home_score_rpc_batch=245.892523 stage2_home_scored_neighbors=1348118 home_scores_per_expansion=1.555479 stage2_migrations=136 home_match_rate=0.811634 stage2_final_edges=24770 stage2_cross_edges_stage1_home=6202 stage2_cross_edges_final_home=3399 cross_edge_reduction_ratio=0.451951 failed=0 rpc_timeouts=0 reverse_aggregate_batches=0 reverse_aggregate_logical_requests=0 reverse_aggregate_ops=0 avg_reverse_aggregate_logicals=0.000000 avg_reverse_aggregate_ops=0.000000 max_backlog=9 admission_window=65536 completion_outstanding=0 completion_incomplete=0 completed_behind_hole=0 completion_logical_full_failures=0 completion_physical_full_failures=0 pressure_yields=1 stage2_batches=153 avg_stage2_batch_size=4.718954 packing_target_batch=8 packing_admit_queue_avg=4.725490 packing_admit_queue_max=9 packing_batch_1_7=123 packing_batch_8=30 packing_assembly_batches=153 packing_assembly_wait_ms=3652.621137 packing_arrival_interval_us=23153 packing_waited_batches=123 packing_wait_ms=3043.612000 packing_target_flushes=30 packing_deadline_flushes=123 packing_cleanup_flushes=0 stage2_phase_search_attempts=153 stage2_phase_search_task_attempts=722 stage2_phase_search_elapsed_ms=3212.305701 avg_stage2_phase_search_us_per_task=4449.176871 stage2_phase_freeze_prune_attempts=154 stage2_phase_freeze_prune_task_attempts=725 stage2_phase_freeze_prune_elapsed_ms=219.633334 avg_stage2_phase_freeze_prune_us_per_task=302.942530 stage2_phase_reverse_prepare_attempts=153 stage2_phase_reverse_prepare_task_attempts=722 stage2_phase_reverse_prepare_elapsed_ms=795.531460 avg_stage2_phase_reverse_prepare_us_per_task=1101.844127 stage2_phase_placement_authority_attempts=153 stage2_phase_placement_authority_task_attempts=722 stage2_phase_placement_authority_elapsed_ms=87.567927 avg_stage2_phase_placement_authority_us_per_task=121.285217 stage2_phase_completion_handoff_attempts=153 stage2_phase_completion_handoff_task_attempts=722 stage2_phase_completion_handoff_elapsed_ms=0.204071 avg_stage2_phase_completion_handoff_us_per_task=0.282647 stage2_phase_finalize_attempts=153 stage2_phase_finalize_task_attempts=722 stage2_phase_finalize_elapsed_ms=0.621812 avg_stage2_phase_finalize_us_per_task=0.861235 maintenance_worker_idle_waits=72448 maintenance_worker_idle_ms=514382.748270 maintenance_lost_wake_avoided=757 maintenance_targeted_wakes=28623 maintenance_generic_wakes=722 maintenance_broadcast_wakes=0 maintenance_context_slots_scanned=835680 maintenance_ready_notifications=26530 maintenance_ready_stale_notifications=0 maintenance_ready_tickets_drained=21693 maintenance_ready_overflow_scans=0 maintenance_ready_fallback_scans=52574 stage2_search_lane_lease_limit=32 stage2_search_lane_lease_peak=4 stage2_search_lane_lease_blocked=0 maintenance_worker_observed_idle_ratio=0.988691 maintenance_worker_observed_busy_ratio=0.011309 physical_stage1_items=722 physical_stage1_total_ns=2870003657 physical_stage1_search_ns=2701445508 physical_stage1_prune_ns=109922850 physical_stage1_allocate_write_ns=42980538 physical_stage1_backlink_ns=13636437 physical_stage1_candidates=92409 physical_stage1_remote_frontier_items=860554 physical_stage1_neighbors=22937 peer_stage1_enqueued=1192 peer_stage1_processed=1192 peer_stage1_items=1178 avg_peer_stage1_items=0.988255 peer_stage1_rate_per_sec=18.113794 peer_stage1_max_queue=2 peer_stage1_active_workers=0 peer_stage2_home_enqueued=15064 peer_stage2_home_processed=15064 peer_stage2_home_items=1549405 avg_peer_stage2_home_items=102.854819 peer_stage2_home_max_queue=4 peer_stage2_home_response_queue_drops=0 peer_stage2_home_response_send_wait_ms=77.752811 avg_peer_stage2_home_queue_wait_us=17.235039 avg_peer_stage2_home_execution_us=61.761168 peer_stage1_release_deferred_batches=16 peer_stage1_release_deferred_items=16 peer_stage1_duplicate_retry_responses=0 peer_stage1_admission_retry_responses=0 peer_stage1_retry_response_drops=0 peer_stage1_admission_waiters=0 peer_stage1_admission_waiter_items=0 peer_stage1_admission_owned_items=0 peer_stage1_admission_wake_coverage=0 peer_stage1_admission_parked=0 peer_stage1_admission_woken=0 peer_stage1_admission_reparked=0 peer_stage1_max_admission_waiters=0 peer_stage1_duplicate_coalesced=0 peer_reverse_enqueued=607 peer_reverse_processed=607 peer_reverse_remaining=0 peer_reverse_items_enqueued=9611 peer_reverse_items_processed=9611 peer_reverse_rate_per_sec=147.785801 peer_reverse_failed=0 peer_reverse_max_queue=2 reclaim_pending=1 reclaim_reused=135 dynamic_high_watermark=19981930656 stage2_remaining=0 cleanup_remaining=0 active_contexts=0 active_context_limit=32 repair_remaining=0 remaining=0
[STATUS]: storage-owner maintenance observation: enqueued=722 stage2_enqueued=722 cleanup_enqueued=0 stage2_tasks_done=722 stage2_finalized_live=722 cleanup_processed=0 stale=0 stage2_completion_ratio=1.000000 live_stage2_completion_ratio=1.000000 avg_stage2_delay_ms=58.072339 p99_stage2_delay_upper_ms=128.000000 p99_stage2_delay_over_30s=false stage2_delay_histogram=0,0,0,0,1,65,411,240,5,0,0,0,0,0,0,0,0,0 max_stage2_delay_ms=138.032496 compaction_batch_target=32 compaction_max_delay_ms=25.000000 stage2_rate_per_sec=10.309231 stage1_search_budget_exhausted=0 stage2_search_budget_exhausted=0 stage2_continuations=722 stage2_remote_frontier_items=860554 avg_stage2_remote_frontier=1191.903047 stage2_remote_expansions=23780 avg_stage2_remote_expansions=32.936288 stage2_scored_candidates=1509571 avg_stage2_scored_candidates=2090.818560 stage2_graph_read_waves=6168 avg_stage2_expansions_per_graph_wave=3.855383 stage2_graph_unique_reads=24754 stage2_graph_prefetch_issued=16651 stage2_graph_prefetch_hits=15677 stage2_graph_prefetch_wasted=974 stage2_graph_prefetch_promotion_ratio=0.941505 stage2_graph_issue_width_current=16 stage2_vector_read_waves=13152 avg_stage2_scores_per_vector_wave=114.778817 stage2_vector_unique_reads=1003321 stage2_home_rpc_batches=10534 stage2_home_rpc_items=866690 avg_stage2_home_rpc_batch=82.275489 stage2_home_score_rpc_batches=3424 stage2_home_score_rpc_items=841936 stage2_home_score_rpc_queries=14973 stage2_home_score_rpc_request_bytes=21867636 stage2_home_score_rpc_response_bytes=27082992 avg_stage2_home_score_queries_per_rpc=4.372956 avg_stage2_home_score_rpc_batch=245.892523 stage2_home_scored_neighbors=1348118 home_scores_per_expansion=1.555479 stage2_migrations=136 home_match_rate=0.811634 stage2_final_edges=24770 stage2_cross_edges_stage1_home=6202 stage2_cross_edges_final_home=3399 cross_edge_reduction_ratio=0.451951 failed=0 rpc_timeouts=0 reverse_aggregate_batches=0 reverse_aggregate_logical_requests=0 reverse_aggregate_ops=0 avg_reverse_aggregate_logicals=0.000000 avg_reverse_aggregate_ops=0.000000 max_backlog=9 admission_window=65536 completion_outstanding=0 completion_incomplete=0 completed_behind_hole=0 completion_logical_full_failures=0 completion_physical_full_failures=0 pressure_yields=1 stage2_batches=153 avg_stage2_batch_size=4.718954 packing_target_batch=8 packing_admit_queue_avg=4.725490 packing_admit_queue_max=9 packing_batch_1_7=123 packing_batch_8=30 packing_assembly_batches=153 packing_assembly_wait_ms=3652.621137 packing_arrival_interval_us=23153 packing_waited_batches=123 packing_wait_ms=3043.612000 packing_target_flushes=30 packing_deadline_flushes=123 packing_cleanup_flushes=0 stage2_phase_search_attempts=153 stage2_phase_search_task_attempts=722 stage2_phase_search_elapsed_ms=3212.305701 avg_stage2_phase_search_us_per_task=4449.176871 stage2_phase_freeze_prune_attempts=154 stage2_phase_freeze_prune_task_attempts=725 stage2_phase_freeze_prune_elapsed_ms=219.633334 avg_stage2_phase_freeze_prune_us_per_task=302.942530 stage2_phase_reverse_prepare_attempts=153 stage2_phase_reverse_prepare_task_attempts=722 stage2_phase_reverse_prepare_elapsed_ms=795.531460 avg_stage2_phase_reverse_prepare_us_per_task=1101.844127 stage2_phase_placement_authority_attempts=153 stage2_phase_placement_authority_task_attempts=722 stage2_phase_placement_authority_elapsed_ms=87.567927 avg_stage2_phase_placement_authority_us_per_task=121.285217 stage2_phase_completion_handoff_attempts=153 stage2_phase_completion_handoff_task_attempts=722 stage2_phase_completion_handoff_elapsed_ms=0.204071 avg_stage2_phase_completion_handoff_us_per_task=0.282647 stage2_phase_finalize_attempts=153 stage2_phase_finalize_task_attempts=722 stage2_phase_finalize_elapsed_ms=0.621812 avg_stage2_phase_finalize_us_per_task=0.861235 maintenance_worker_idle_waits=76416 maintenance_worker_idle_ms=554295.985344 maintenance_lost_wake_avoided=757 maintenance_targeted_wakes=28623 maintenance_generic_wakes=722 maintenance_broadcast_wakes=0 maintenance_context_slots_scanned=899168 maintenance_ready_notifications=26530 maintenance_ready_stale_notifications=0 maintenance_ready_tickets_drained=21693 maintenance_ready_overflow_scans=0 maintenance_ready_fallback_scans=56551 stage2_search_lane_lease_limit=32 stage2_search_lane_lease_peak=4 stage2_search_lane_lease_blocked=0 maintenance_worker_observed_idle_ratio=0.989329 maintenance_worker_observed_busy_ratio=0.010671 physical_stage1_items=722 physical_stage1_total_ns=2870003657 physical_stage1_search_ns=2701445508 physical_stage1_prune_ns=109922850 physical_stage1_allocate_write_ns=42980538 physical_stage1_backlink_ns=13636437 physical_stage1_candidates=92409 physical_stage1_remote_frontier_items=860554 physical_stage1_neighbors=22937 peer_stage1_enqueued=1192 peer_stage1_processed=1192 peer_stage1_items=1178 avg_peer_stage1_items=0.988255 peer_stage1_rate_per_sec=16.820325 peer_stage1_max_queue=2 peer_stage1_active_workers=0 peer_stage2_home_enqueued=15064 peer_stage2_home_processed=15064 peer_stage2_home_items=1549405 avg_peer_stage2_home_items=102.854819 peer_stage2_home_max_queue=4 peer_stage2_home_response_queue_drops=0 peer_stage2_home_response_send_wait_ms=77.752811 avg_peer_stage2_home_queue_wait_us=17.235039 avg_peer_stage2_home_execution_us=61.761168 peer_stage1_release_deferred_batches=16 peer_stage1_release_deferred_items=16 peer_stage1_duplicate_retry_responses=0 peer_stage1_admission_retry_responses=0 peer_stage1_retry_response_drops=0 peer_stage1_admission_waiters=0 peer_stage1_admission_waiter_items=0 peer_stage1_admission_owned_items=0 peer_stage1_admission_wake_coverage=0 peer_stage1_admission_parked=0 peer_stage1_admission_woken=0 peer_stage1_admission_reparked=0 peer_stage1_max_admission_waiters=0 peer_stage1_duplicate_coalesced=0 peer_reverse_enqueued=607 peer_reverse_processed=607 peer_reverse_remaining=0 peer_reverse_items_enqueued=9611 peer_reverse_items_processed=9611 peer_reverse_rate_per_sec=137.232717 peer_reverse_failed=0 peer_reverse_max_queue=2 reclaim_pending=1 reclaim_reused=135 dynamic_high_watermark=19981930656 stage2_remaining=0 cleanup_remaining=0 active_contexts=0 active_context_limit=32 repair_remaining=0 remaining=0
[STATUS]: storage-owner maintenance observation: enqueued=722 stage2_enqueued=722 cleanup_enqueued=0 stage2_tasks_done=722 stage2_finalized_live=722 cleanup_processed=0 stale=0 stage2_completion_ratio=1.000000 live_stage2_completion_ratio=1.000000 avg_stage2_delay_ms=58.072339 p99_stage2_delay_upper_ms=128.000000 p99_stage2_delay_over_30s=false stage2_delay_histogram=0,0,0,0,1,65,411,240,5,0,0,0,0,0,0,0,0,0 max_stage2_delay_ms=138.032496 compaction_batch_target=32 compaction_max_delay_ms=25.000000 stage2_rate_per_sec=9.622158 stage1_search_budget_exhausted=0 stage2_search_budget_exhausted=0 stage2_continuations=722 stage2_remote_frontier_items=860554 avg_stage2_remote_frontier=1191.903047 stage2_remote_expansions=23780 avg_stage2_remote_expansions=32.936288 stage2_scored_candidates=1509571 avg_stage2_scored_candidates=2090.818560 stage2_graph_read_waves=6168 avg_stage2_expansions_per_graph_wave=3.855383 stage2_graph_unique_reads=24754 stage2_graph_prefetch_issued=16651 stage2_graph_prefetch_hits=15677 stage2_graph_prefetch_wasted=974 stage2_graph_prefetch_promotion_ratio=0.941505 stage2_graph_issue_width_current=16 stage2_vector_read_waves=13152 avg_stage2_scores_per_vector_wave=114.778817 stage2_vector_unique_reads=1003321 stage2_home_rpc_batches=10534 stage2_home_rpc_items=866690 avg_stage2_home_rpc_batch=82.275489 stage2_home_score_rpc_batches=3424 stage2_home_score_rpc_items=841936 stage2_home_score_rpc_queries=14973 stage2_home_score_rpc_request_bytes=21867636 stage2_home_score_rpc_response_bytes=27082992 avg_stage2_home_score_queries_per_rpc=4.372956 avg_stage2_home_score_rpc_batch=245.892523 stage2_home_scored_neighbors=1348118 home_scores_per_expansion=1.555479 stage2_migrations=136 home_match_rate=0.811634 stage2_final_edges=24770 stage2_cross_edges_stage1_home=6202 stage2_cross_edges_final_home=3399 cross_edge_reduction_ratio=0.451951 failed=0 rpc_timeouts=0 reverse_aggregate_batches=0 reverse_aggregate_logical_requests=0 reverse_aggregate_ops=0 avg_reverse_aggregate_logicals=0.000000 avg_reverse_aggregate_ops=0.000000 max_backlog=9 admission_window=65536 completion_outstanding=0 completion_incomplete=0 completed_behind_hole=0 completion_logical_full_failures=0 completion_physical_full_failures=0 pressure_yields=1 stage2_batches=153 avg_stage2_batch_size=4.718954 packing_target_batch=8 packing_admit_queue_avg=4.725490 packing_admit_queue_max=9 packing_batch_1_7=123 packing_batch_8=30 packing_assembly_batches=153 packing_assembly_wait_ms=3652.621137 packing_arrival_interval_us=23153 packing_waited_batches=123 packing_wait_ms=3043.612000 packing_target_flushes=30 packing_deadline_flushes=123 packing_cleanup_flushes=0 stage2_phase_search_attempts=153 stage2_phase_search_task_attempts=722 stage2_phase_search_elapsed_ms=3212.305701 avg_stage2_phase_search_us_per_task=4449.176871 stage2_phase_freeze_prune_attempts=154 stage2_phase_freeze_prune_task_attempts=725 stage2_phase_freeze_prune_elapsed_ms=219.633334 avg_stage2_phase_freeze_prune_us_per_task=302.942530 stage2_phase_reverse_prepare_attempts=153 stage2_phase_reverse_prepare_task_attempts=722 stage2_phase_reverse_prepare_elapsed_ms=795.531460 avg_stage2_phase_reverse_prepare_us_per_task=1101.844127 stage2_phase_placement_authority_attempts=153 stage2_phase_placement_authority_task_attempts=722 stage2_phase_placement_authority_elapsed_ms=87.567927 avg_stage2_phase_placement_authority_us_per_task=121.285217 stage2_phase_completion_handoff_attempts=153 stage2_phase_completion_handoff_task_attempts=722 stage2_phase_completion_handoff_elapsed_ms=0.204071 avg_stage2_phase_completion_handoff_us_per_task=0.282647 stage2_phase_finalize_attempts=153 stage2_phase_finalize_task_attempts=722 stage2_phase_finalize_elapsed_ms=0.621812 avg_stage2_phase_finalize_us_per_task=0.861235 maintenance_worker_idle_waits=80512 maintenance_worker_idle_ms=595498.579057 maintenance_lost_wake_avoided=757 maintenance_targeted_wakes=28623 maintenance_generic_wakes=722 maintenance_broadcast_wakes=0 maintenance_context_slots_scanned=964704 maintenance_ready_notifications=26530 maintenance_ready_stale_notifications=0 maintenance_ready_tickets_drained=21693 maintenance_ready_overflow_scans=0 maintenance_ready_fallback_scans=60528 stage2_search_lane_lease_limit=32 stage2_search_lane_lease_peak=4 stage2_search_lane_lease_blocked=0 maintenance_worker_observed_idle_ratio=0.992033 maintenance_worker_observed_busy_ratio=0.007967 physical_stage1_items=722 physical_stage1_total_ns=2870003657 physical_stage1_search_ns=2701445508 physical_stage1_prune_ns=109922850 physical_stage1_allocate_write_ns=42980538 physical_stage1_backlink_ns=13636437 physical_stage1_candidates=92409 physical_stage1_remote_frontier_items=860554 physical_stage1_neighbors=22937 peer_stage1_enqueued=1192 peer_stage1_processed=1192 peer_stage1_items=1178 avg_peer_stage1_items=0.988255 peer_stage1_rate_per_sec=15.699310 peer_stage1_max_queue=2 peer_stage1_active_workers=0 peer_stage2_home_enqueued=15064 peer_stage2_home_processed=15064 peer_stage2_home_items=1549405 avg_peer_stage2_home_items=102.854819 peer_stage2_home_max_queue=4 peer_stage2_home_response_queue_drops=0 peer_stage2_home_response_send_wait_ms=77.752811 avg_peer_stage2_home_queue_wait_us=17.235039 avg_peer_stage2_home_execution_us=61.761168 peer_stage1_release_deferred_batches=16 peer_stage1_release_deferred_items=16 peer_stage1_duplicate_retry_responses=0 peer_stage1_admission_retry_responses=0 peer_stage1_retry_response_drops=0 peer_stage1_admission_waiters=0 peer_stage1_admission_waiter_items=0 peer_stage1_admission_owned_items=0 peer_stage1_admission_wake_coverage=0 peer_stage1_admission_parked=0 peer_stage1_admission_woken=0 peer_stage1_admission_reparked=0 peer_stage1_max_admission_waiters=0 peer_stage1_duplicate_coalesced=0 peer_reverse_enqueued=607 peer_reverse_processed=607 peer_reverse_remaining=0 peer_reverse_items_enqueued=9611 peer_reverse_items_processed=9611 peer_reverse_rate_per_sec=128.086645 peer_reverse_failed=0 peer_reverse_max_queue=2 reclaim_pending=1 reclaim_reused=135 dynamic_high_watermark=19981930656 stage2_remaining=0 cleanup_remaining=0 active_contexts=0 active_context_limit=32 repair_remaining=0 remaining=0
[STATUS]: storage-owner maintenance observation: enqueued=722 stage2_enqueued=722 cleanup_enqueued=0 stage2_tasks_done=722 stage2_finalized_live=722 cleanup_processed=0 stale=0 stage2_completion_ratio=1.000000 live_stage2_completion_ratio=1.000000 avg_stage2_delay_ms=58.072339 p99_stage2_delay_upper_ms=128.000000 p99_stage2_delay_over_30s=false stage2_delay_histogram=0,0,0,0,1,65,411,240,5,0,0,0,0,0,0,0,0,0 max_stage2_delay_ms=138.032496 compaction_batch_target=32 compaction_max_delay_ms=25.000000 stage2_rate_per_sec=9.020984 stage1_search_budget_exhausted=0 stage2_search_budget_exhausted=0 stage2_continuations=722 stage2_remote_frontier_items=860554 avg_stage2_remote_frontier=1191.903047 stage2_remote_expansions=23780 avg_stage2_remote_expansions=32.936288 stage2_scored_candidates=1509571 avg_stage2_scored_candidates=2090.818560 stage2_graph_read_waves=6168 avg_stage2_expansions_per_graph_wave=3.855383 stage2_graph_unique_reads=24754 stage2_graph_prefetch_issued=16651 stage2_graph_prefetch_hits=15677 stage2_graph_prefetch_wasted=974 stage2_graph_prefetch_promotion_ratio=0.941505 stage2_graph_issue_width_current=16 stage2_vector_read_waves=13152 avg_stage2_scores_per_vector_wave=114.778817 stage2_vector_unique_reads=1003321 stage2_home_rpc_batches=10534 stage2_home_rpc_items=866690 avg_stage2_home_rpc_batch=82.275489 stage2_home_score_rpc_batches=3424 stage2_home_score_rpc_items=841936 stage2_home_score_rpc_queries=14973 stage2_home_score_rpc_request_bytes=21867636 stage2_home_score_rpc_response_bytes=27082992 avg_stage2_home_score_queries_per_rpc=4.372956 avg_stage2_home_score_rpc_batch=245.892523 stage2_home_scored_neighbors=1348118 home_scores_per_expansion=1.555479 stage2_migrations=136 home_match_rate=0.811634 stage2_final_edges=24770 stage2_cross_edges_stage1_home=6202 stage2_cross_edges_final_home=3399 cross_edge_reduction_ratio=0.451951 failed=0 rpc_timeouts=0 reverse_aggregate_batches=0 reverse_aggregate_logical_requests=0 reverse_aggregate_ops=0 avg_reverse_aggregate_logicals=0.000000 avg_reverse_aggregate_ops=0.000000 max_backlog=9 admission_window=65536 completion_outstanding=0 completion_incomplete=0 completed_behind_hole=0 completion_logical_full_failures=0 completion_physical_full_failures=0 pressure_yields=1 stage2_batches=153 avg_stage2_batch_size=4.718954 packing_target_batch=8 packing_admit_queue_avg=4.725490 packing_admit_queue_max=9 packing_batch_1_7=123 packing_batch_8=30 packing_assembly_batches=153 packing_assembly_wait_ms=3652.621137 packing_arrival_interval_us=23153 packing_waited_batches=123 packing_wait_ms=3043.612000 packing_target_flushes=30 packing_deadline_flushes=123 packing_cleanup_flushes=0 stage2_phase_search_attempts=153 stage2_phase_search_task_attempts=722 stage2_phase_search_elapsed_ms=3212.305701 avg_stage2_phase_search_us_per_task=4449.176871 stage2_phase_freeze_prune_attempts=154 stage2_phase_freeze_prune_task_attempts=725 stage2_phase_freeze_prune_elapsed_ms=219.633334 avg_stage2_phase_freeze_prune_us_per_task=302.942530 stage2_phase_reverse_prepare_attempts=153 stage2_phase_reverse_prepare_task_attempts=722 stage2_phase_reverse_prepare_elapsed_ms=795.531460 avg_stage2_phase_reverse_prepare_us_per_task=1101.844127 stage2_phase_placement_authority_attempts=153 stage2_phase_placement_authority_task_attempts=722 stage2_phase_placement_authority_elapsed_ms=87.567927 avg_stage2_phase_placement_authority_us_per_task=121.285217 stage2_phase_completion_handoff_attempts=153 stage2_phase_completion_handoff_task_attempts=722 stage2_phase_completion_handoff_elapsed_ms=0.204071 avg_stage2_phase_completion_handoff_us_per_task=0.282647 stage2_phase_finalize_attempts=153 stage2_phase_finalize_task_attempts=722 stage2_phase_finalize_elapsed_ms=0.621812 avg_stage2_phase_finalize_us_per_task=0.861235 maintenance_worker_idle_waits=84544 maintenance_worker_idle_ms=636053.527202 maintenance_lost_wake_avoided=757 maintenance_targeted_wakes=28623 maintenance_generic_wakes=722 maintenance_broadcast_wakes=0 maintenance_context_slots_scanned=1029216 maintenance_ready_notifications=26530 maintenance_ready_stale_notifications=0 maintenance_ready_tickets_drained=21693 maintenance_ready_overflow_scans=0 maintenance_ready_fallback_scans=64504 stage2_search_lane_lease_limit=32 stage2_search_lane_lease_peak=4 stage2_search_lane_lease_blocked=0 maintenance_worker_observed_idle_ratio=0.993391 maintenance_worker_observed_busy_ratio=0.006609 physical_stage1_items=722 physical_stage1_total_ns=2870003657 physical_stage1_search_ns=2701445508 physical_stage1_prune_ns=109922850 physical_stage1_allocate_write_ns=42980538 physical_stage1_backlink_ns=13636437 physical_stage1_candidates=92409 physical_stage1_remote_frontier_items=860554 physical_stage1_neighbors=22937 peer_stage1_enqueued=1192 peer_stage1_processed=1192 peer_stage1_items=1178 avg_peer_stage1_items=0.988255 peer_stage1_rate_per_sec=14.718448 peer_stage1_max_queue=2 peer_stage1_active_workers=0 peer_stage2_home_enqueued=15064 peer_stage2_home_processed=15064 peer_stage2_home_items=1549405 avg_peer_stage2_home_items=102.854819 peer_stage2_home_max_queue=4 peer_stage2_home_response_queue_drops=0 peer_stage2_home_response_send_wait_ms=77.752811 avg_peer_stage2_home_queue_wait_us=17.235039 avg_peer_stage2_home_execution_us=61.761168 peer_stage1_release_deferred_batches=16 peer_stage1_release_deferred_items=16 peer_stage1_duplicate_retry_responses=0 peer_stage1_admission_retry_responses=0 peer_stage1_retry_response_drops=0 peer_stage1_admission_waiters=0 peer_stage1_admission_waiter_items=0 peer_stage1_admission_owned_items=0 peer_stage1_admission_wake_coverage=0 peer_stage1_admission_parked=0 peer_stage1_admission_woken=0 peer_stage1_admission_reparked=0 peer_stage1_max_admission_waiters=0 peer_stage1_duplicate_coalesced=0 peer_reverse_enqueued=607 peer_reverse_processed=607 peer_reverse_remaining=0 peer_reverse_items_enqueued=9611 peer_reverse_items_processed=9611 peer_reverse_rate_per_sec=120.084040 peer_reverse_failed=0 peer_reverse_max_queue=2 reclaim_pending=1 reclaim_reused=135 dynamic_high_watermark=19981930656 stage2_remaining=0 cleanup_remaining=0 active_contexts=0 active_context_limit=32 repair_remaining=0 remaining=0
[STATUS]: storage-owner maintenance observation: enqueued=722 stage2_enqueued=722 cleanup_enqueued=0 stage2_tasks_done=722 stage2_finalized_live=722 cleanup_processed=0 stale=0 stage2_completion_ratio=1.000000 live_stage2_completion_ratio=1.000000 avg_stage2_delay_ms=58.072339 p99_stage2_delay_upper_ms=128.000000 p99_stage2_delay_over_30s=false stage2_delay_histogram=0,0,0,0,1,65,411,240,5,0,0,0,0,0,0,0,0,0 max_stage2_delay_ms=138.032496 compaction_batch_target=32 compaction_max_delay_ms=25.000000 stage2_rate_per_sec=8.490559 stage1_search_budget_exhausted=0 stage2_search_budget_exhausted=0 stage2_continuations=722 stage2_remote_frontier_items=860554 avg_stage2_remote_frontier=1191.903047 stage2_remote_expansions=23780 avg_stage2_remote_expansions=32.936288 stage2_scored_candidates=1509571 avg_stage2_scored_candidates=2090.818560 stage2_graph_read_waves=6168 avg_stage2_expansions_per_graph_wave=3.855383 stage2_graph_unique_reads=24754 stage2_graph_prefetch_issued=16651 stage2_graph_prefetch_hits=15677 stage2_graph_prefetch_wasted=974 stage2_graph_prefetch_promotion_ratio=0.941505 stage2_graph_issue_width_current=16 stage2_vector_read_waves=13152 avg_stage2_scores_per_vector_wave=114.778817 stage2_vector_unique_reads=1003321 stage2_home_rpc_batches=10534 stage2_home_rpc_items=866690 avg_stage2_home_rpc_batch=82.275489 stage2_home_score_rpc_batches=3424 stage2_home_score_rpc_items=841936 stage2_home_score_rpc_queries=14973 stage2_home_score_rpc_request_bytes=21867636 stage2_home_score_rpc_response_bytes=27082992 avg_stage2_home_score_queries_per_rpc=4.372956 avg_stage2_home_score_rpc_batch=245.892523 stage2_home_scored_neighbors=1348118 home_scores_per_expansion=1.555479 stage2_migrations=136 home_match_rate=0.811634 stage2_final_edges=24770 stage2_cross_edges_stage1_home=6202 stage2_cross_edges_final_home=3399 cross_edge_reduction_ratio=0.451951 failed=0 rpc_timeouts=0 reverse_aggregate_batches=0 reverse_aggregate_logical_requests=0 reverse_aggregate_ops=0 avg_reverse_aggregate_logicals=0.000000 avg_reverse_aggregate_ops=0.000000 max_backlog=9 admission_window=65536 completion_outstanding=0 completion_incomplete=0 completed_behind_hole=0 completion_logical_full_failures=0 completion_physical_full_failures=0 pressure_yields=1 stage2_batches=153 avg_stage2_batch_size=4.718954 packing_target_batch=8 packing_admit_queue_avg=4.725490 packing_admit_queue_max=9 packing_batch_1_7=123 packing_batch_8=30 packing_assembly_batches=153 packing_assembly_wait_ms=3652.621137 packing_arrival_interval_us=23153 packing_waited_batches=123 packing_wait_ms=3043.612000 packing_target_flushes=30 packing_deadline_flushes=123 packing_cleanup_flushes=0 stage2_phase_search_attempts=153 stage2_phase_search_task_attempts=722 stage2_phase_search_elapsed_ms=3212.305701 avg_stage2_phase_search_us_per_task=4449.176871 stage2_phase_freeze_prune_attempts=154 stage2_phase_freeze_prune_task_attempts=725 stage2_phase_freeze_prune_elapsed_ms=219.633334 avg_stage2_phase_freeze_prune_us_per_task=302.942530 stage2_phase_reverse_prepare_attempts=153 stage2_phase_reverse_prepare_task_attempts=722 stage2_phase_reverse_prepare_elapsed_ms=795.531460 avg_stage2_phase_reverse_prepare_us_per_task=1101.844127 stage2_phase_placement_authority_attempts=153 stage2_phase_placement_authority_task_attempts=722 stage2_phase_placement_authority_elapsed_ms=87.567927 avg_stage2_phase_placement_authority_us_per_task=121.285217 stage2_phase_completion_handoff_attempts=153 stage2_phase_completion_handoff_task_attempts=722 stage2_phase_completion_handoff_elapsed_ms=0.204071 avg_stage2_phase_completion_handoff_us_per_task=0.282647 stage2_phase_finalize_attempts=153 stage2_phase_finalize_task_attempts=722 stage2_phase_finalize_elapsed_ms=0.621812 avg_stage2_phase_finalize_us_per_task=0.861235 maintenance_worker_idle_waits=88384 maintenance_worker_idle_ms=674676.224408 maintenance_lost_wake_avoided=757 maintenance_targeted_wakes=28623 maintenance_generic_wakes=722 maintenance_broadcast_wakes=0 maintenance_context_slots_scanned=1090656 maintenance_ready_notifications=26530 maintenance_ready_stale_notifications=0 maintenance_ready_tickets_drained=21693 maintenance_ready_overflow_scans=0 maintenance_ready_fallback_scans=68479 stage2_search_lane_lease_limit=32 stage2_search_lane_lease_peak=4 stage2_search_lane_lease_blocked=0 maintenance_worker_observed_idle_ratio=0.991755 maintenance_worker_observed_busy_ratio=0.008245 physical_stage1_items=722 physical_stage1_total_ns=2870003657 physical_stage1_search_ns=2701445508 physical_stage1_prune_ns=109922850 physical_stage1_allocate_write_ns=42980538 physical_stage1_backlink_ns=13636437 physical_stage1_candidates=92409 physical_stage1_remote_frontier_items=860554 physical_stage1_neighbors=22937 peer_stage1_enqueued=1192 peer_stage1_processed=1192 peer_stage1_items=1178 avg_peer_stage1_items=0.988255 peer_stage1_rate_per_sec=13.853018 peer_stage1_max_queue=2 peer_stage1_active_workers=0 peer_stage2_home_enqueued=15064 peer_stage2_home_processed=15064 peer_stage2_home_items=1549405 avg_peer_stage2_home_items=102.854819 peer_stage2_home_max_queue=4 peer_stage2_home_response_queue_drops=0 peer_stage2_home_response_send_wait_ms=77.752811 avg_peer_stage2_home_queue_wait_us=17.235039 avg_peer_stage2_home_execution_us=61.761168 peer_stage1_release_deferred_batches=16 peer_stage1_release_deferred_items=16 peer_stage1_duplicate_retry_responses=0 peer_stage1_admission_retry_responses=0 peer_stage1_retry_response_drops=0 peer_stage1_admission_waiters=0 peer_stage1_admission_waiter_items=0 peer_stage1_admission_owned_items=0 peer_stage1_admission_wake_coverage=0 peer_stage1_admission_parked=0 peer_stage1_admission_woken=0 peer_stage1_admission_reparked=0 peer_stage1_max_admission_waiters=0 peer_stage1_duplicate_coalesced=0 peer_reverse_enqueued=607 peer_reverse_processed=607 peer_reverse_remaining=0 peer_reverse_items_enqueued=9611 peer_reverse_items_processed=9611 peer_reverse_rate_per_sec=113.023220 peer_reverse_failed=0 peer_reverse_max_queue=2 reclaim_pending=1 reclaim_reused=135 dynamic_high_watermark=19981930656 stage2_remaining=0 cleanup_remaining=0 active_contexts=0 active_context_limit=32 repair_remaining=0 remaining=0
[STATUS]: storage-owner maintenance observation: enqueued=722 stage2_enqueued=722 cleanup_enqueued=0 stage2_tasks_done=722 stage2_finalized_live=722 cleanup_processed=0 stale=0 stage2_completion_ratio=1.000000 live_stage2_completion_ratio=1.000000 avg_stage2_delay_ms=58.072339 p99_stage2_delay_upper_ms=128.000000 p99_stage2_delay_over_30s=false stage2_delay_histogram=0,0,0,0,1,65,411,240,5,0,0,0,0,0,0,0,0,0 max_stage2_delay_ms=138.032496 compaction_batch_target=32 compaction_max_delay_ms=25.000000 stage2_rate_per_sec=8.018946 stage1_search_budget_exhausted=0 stage2_search_budget_exhausted=0 stage2_continuations=722 stage2_remote_frontier_items=860554 avg_stage2_remote_frontier=1191.903047 stage2_remote_expansions=23780 avg_stage2_remote_expansions=32.936288 stage2_scored_candidates=1509571 avg_stage2_scored_candidates=2090.818560 stage2_graph_read_waves=6168 avg_stage2_expansions_per_graph_wave=3.855383 stage2_graph_unique_reads=24754 stage2_graph_prefetch_issued=16651 stage2_graph_prefetch_hits=15677 stage2_graph_prefetch_wasted=974 stage2_graph_prefetch_promotion_ratio=0.941505 stage2_graph_issue_width_current=16 stage2_vector_read_waves=13152 avg_stage2_scores_per_vector_wave=114.778817 stage2_vector_unique_reads=1003321 stage2_home_rpc_batches=10534 stage2_home_rpc_items=866690 avg_stage2_home_rpc_batch=82.275489 stage2_home_score_rpc_batches=3424 stage2_home_score_rpc_items=841936 stage2_home_score_rpc_queries=14973 stage2_home_score_rpc_request_bytes=21867636 stage2_home_score_rpc_response_bytes=27082992 avg_stage2_home_score_queries_per_rpc=4.372956 avg_stage2_home_score_rpc_batch=245.892523 stage2_home_scored_neighbors=1348118 home_scores_per_expansion=1.555479 stage2_migrations=136 home_match_rate=0.811634 stage2_final_edges=24770 stage2_cross_edges_stage1_home=6202 stage2_cross_edges_final_home=3399 cross_edge_reduction_ratio=0.451951 failed=0 rpc_timeouts=0 reverse_aggregate_batches=0 reverse_aggregate_logical_requests=0 reverse_aggregate_ops=0 avg_reverse_aggregate_logicals=0.000000 avg_reverse_aggregate_ops=0.000000 max_backlog=9 admission_window=65536 completion_outstanding=0 completion_incomplete=0 completed_behind_hole=0 completion_logical_full_failures=0 completion_physical_full_failures=0 pressure_yields=1 stage2_batches=153 avg_stage2_batch_size=4.718954 packing_target_batch=8 packing_admit_queue_avg=4.725490 packing_admit_queue_max=9 packing_batch_1_7=123 packing_batch_8=30 packing_assembly_batches=153 packing_assembly_wait_ms=3652.621137 packing_arrival_interval_us=23153 packing_waited_batches=123 packing_wait_ms=3043.612000 packing_target_flushes=30 packing_deadline_flushes=123 packing_cleanup_flushes=0 stage2_phase_search_attempts=153 stage2_phase_search_task_attempts=722 stage2_phase_search_elapsed_ms=3212.305701 avg_stage2_phase_search_us_per_task=4449.176871 stage2_phase_freeze_prune_attempts=154 stage2_phase_freeze_prune_task_attempts=725 stage2_phase_freeze_prune_elapsed_ms=219.633334 avg_stage2_phase_freeze_prune_us_per_task=302.942530 stage2_phase_reverse_prepare_attempts=153 stage2_phase_reverse_prepare_task_attempts=722 stage2_phase_reverse_prepare_elapsed_ms=795.531460 avg_stage2_phase_reverse_prepare_us_per_task=1101.844127 stage2_phase_placement_authority_attempts=153 stage2_phase_placement_authority_task_attempts=722 stage2_phase_placement_authority_elapsed_ms=87.567927 avg_stage2_phase_placement_authority_us_per_task=121.285217 stage2_phase_completion_handoff_attempts=153 stage2_phase_completion_handoff_task_attempts=722 stage2_phase_completion_handoff_elapsed_ms=0.204071 avg_stage2_phase_completion_handoff_us_per_task=0.282647 stage2_phase_finalize_attempts=153 stage2_phase_finalize_task_attempts=722 stage2_phase_finalize_elapsed_ms=0.621812 avg_stage2_phase_finalize_us_per_task=0.861235 maintenance_worker_idle_waits=92288 maintenance_worker_idle_ms=713946.157149 maintenance_lost_wake_avoided=757 maintenance_targeted_wakes=28623 maintenance_generic_wakes=722 maintenance_broadcast_wakes=0 maintenance_context_slots_scanned=1153120 maintenance_ready_notifications=26530 maintenance_ready_stale_notifications=0 maintenance_ready_tickets_drained=21693 maintenance_ready_overflow_scans=0 maintenance_ready_fallback_scans=72456 stage2_search_lane_lease_limit=32 stage2_search_lane_lease_peak=4 stage2_search_lane_lease_blocked=0 maintenance_worker_observed_idle_ratio=0.991187 maintenance_worker_observed_busy_ratio=0.008813 physical_stage1_items=722 physical_stage1_total_ns=2870003657 physical_stage1_search_ns=2701445508 physical_stage1_prune_ns=109922850 physical_stage1_allocate_write_ns=42980538 physical_stage1_backlink_ns=13636437 physical_stage1_candidates=92409 physical_stage1_remote_frontier_items=860554 physical_stage1_neighbors=22937 peer_stage1_enqueued=1192 peer_stage1_processed=1192 peer_stage1_items=1178 avg_peer_stage1_items=0.988255 peer_stage1_rate_per_sec=13.083544 peer_stage1_max_queue=2 peer_stage1_active_workers=0 peer_stage2_home_enqueued=15064 peer_stage2_home_processed=15064 peer_stage2_home_items=1549405 avg_peer_stage2_home_items=102.854819 peer_stage2_home_max_queue=4 peer_stage2_home_response_queue_drops=0 peer_stage2_home_response_send_wait_ms=77.752811 avg_peer_stage2_home_queue_wait_us=17.235039 avg_peer_stage2_home_execution_us=61.761168 peer_stage1_release_deferred_batches=16 peer_stage1_release_deferred_items=16 peer_stage1_duplicate_retry_responses=0 peer_stage1_admission_retry_responses=0 peer_stage1_retry_response_drops=0 peer_stage1_admission_waiters=0 peer_stage1_admission_waiter_items=0 peer_stage1_admission_owned_items=0 peer_stage1_admission_wake_coverage=0 peer_stage1_admission_parked=0 peer_stage1_admission_woken=0 peer_stage1_admission_reparked=0 peer_stage1_max_admission_waiters=0 peer_stage1_duplicate_coalesced=0 peer_reverse_enqueued=607 peer_reverse_processed=607 peer_reverse_remaining=0 peer_reverse_items_enqueued=9611 peer_reverse_items_processed=9611 peer_reverse_rate_per_sec=106.745282 peer_reverse_failed=0 peer_reverse_max_queue=2 reclaim_pending=1 reclaim_reused=135 dynamic_high_watermark=19981930656 stage2_remaining=0 cleanup_remaining=0 active_contexts=0 active_context_limit=32 repair_remaining=0 remaining=0
