============================================================
                        SERVER
============================================================
num clients:                  1
TCP port:                     1234
QP handshake timeout (ms):    10000
IB device:                    <auto>
IB port:                      1
max outstanding CQEs:         64
max send work requests:       4096
max receive work requests:    4096
============================================================
index prefix:                     "/data/xjs/index/dvstor_spacev100m/index/spacev100m_R96_bw128_metis_pmd32_pq20_schema16"
storage shard:                    "/data/xjs/index/dvstor_spacev100m/index/spacev100m_R96_bw128_metis_pmd32_pq20_schema16_node1_of5.dat"
storage id:                       0
base vectors:                     100000000
vector ID namespace [0,N):        4294967295
registered memory GiB:            23
====================================================================
1 device(s) found
Selected device: ibp86s0
Selected port state: 4, lid: 8, active_mtu: 5
interleaved policy
num_cores: 112
physical cores per socket: 28
hyperthreading enabled
local process CPU partition: rank 0/5 logical_cpus=24
pairing: 82345 -- 10964
[STATUS]: loaded index metadata from /data/xjs/index/dvstor_spacev100m/index/spacev100m_R96_bw128_metis_pmd32_pq20_schema16 (layout=plain, vector_data_type=int8)
[STATUS]: storage-owner stage2 candidate width L=128 per shard
allocation size: 24696061952
allocated ALIGNED MEM (no hugepage) at 135610622804032 with buffer size 24696061952
[STATUS]: loading index (18640080128 Bytes) from /data/xjs/index/dvstor_spacev100m/index/spacev100m_R96_bw128_metis_pmd32_pq20_schema16_node1_of5.dat
[STATUS]: loaded GPU PQ codes (388335000 Bytes) at remote offset 18640084224
[STATUS]: storage-owner idmap loaded entries=20000000 format=owner_sharded_v2_bound immutable_base=true dynamic_shards=256 dynamic_reserved=65536
[STATUS]: compensated physical centroid restored on shard 0: vectors=19416750 entries=4
[STATUS]: register memory and distribute access token
[STATUS]: connect QPs of compute threads
[STATUS]: reserving 64 GPU/bootstrap QPs per compute node
pairing: 82350 -- 10969
pairing: 82355 -- 10974
pairing: 82360 -- 10979
pairing: 82365 -- 10984
pairing: 82370 -- 10989
pairing: 82375 -- 10994
pairing: 82380 -- 10999
pairing: 82385 -- 11004
pairing: 82390 -- 11009
pairing: 82395 -- 11014
pairing: 82400 -- 11019
pairing: 82405 -- 11024
pairing: 82410 -- 11029
pairing: 82415 -- 11034
pairing: 82420 -- 11039
pairing: 82427 -- 11044
pairing: 82430 -- 11049
pairing: 82435 -- 11054
pairing: 82440 -- 11059
pairing: 82445 -- 11064
pairing: 82450 -- 11069
pairing: 82455 -- 11074
pairing: 82460 -- 11079
pairing: 82465 -- 11084
pairing: 82470 -- 11089
pairing: 82475 -- 11094
pairing: 82480 -- 11099
pairing: 82485 -- 11104
pairing: 82490 -- 11109
pairing: 82495 -- 11114
pairing: 82500 -- 11119
pairing: 82505 -- 11124
pairing: 82510 -- 11129
pairing: 82515 -- 11130
pairing: 82516 -- 11131
pairing: 82517 -- 11132
pairing: 82518 -- 11133
pairing: 82519 -- 11134
pairing: 82520 -- 11135
pairing: 82521 -- 11136
pairing: 82522 -- 11137
pairing: 82523 -- 11138
pairing: 82524 -- 11139
pairing: 82525 -- 11140
pairing: 82526 -- 11141
pairing: 82527 -- 11142
pairing: 82528 -- 11143
pairing: 82529 -- 11144
pairing: 82530 -- 11145
pairing: 82531 -- 11146
pairing: 82532 -- 11147
pairing: 82533 -- 11148
pairing: 82534 -- 11149
pairing: 82535 -- 11150
pairing: 82536 -- 11151
pairing: 82537 -- 11152
pairing: 82538 -- 11153
pairing: 82539 -- 11154
pairing: 82540 -- 11155
pairing: 82541 -- 11156
pairing: 82542 -- 11157
pairing: 82543 -- 11158
pairing: 82544 -- 11159
pairing: 82545 -- 11160
[STATUS]: waiting for compute-node startup barrier
1 device(s) found
Selected device: ibp86s0
Selected port state: 4, lid: 8, active_mtu: 5
pairing: 82670 -- 82672
pairing: 82675 -- 82671
pairing: 82678 -- 82673
pairing: 82679 -- 82674
pairing: 82681 -- 82676
pairing: 82684 -- 82677
pairing: 82686 -- 82680
pairing: 82687 -- 82682
pairing: 82690 -- 82683
pairing: 82692 -- 82685
pairing: 82694 -- 82688
pairing: 82696 -- 82689
pairing: 82697 -- 82691
pairing: 82700 -- 82693
pairing: 82701 -- 82695
pairing: 82703 -- 82698
pairing: 82705 -- 82699
pairing: 82707 -- 82702
pairing: 82709 -- 82704
pairing: 82711 -- 82706
pairing: 82713 -- 82708
pairing: 82715 -- 82710
pairing: 82717 -- 82712
pairing: 82719 -- 82714
pairing: 82721 -- 82716
pairing: 82723 -- 82718
pairing: 82725 -- 82720
pairing: 82727 -- 82722
pairing: 82729 -- 82724
pairing: 82731 -- 82726
pairing: 82733 -- 82728
pairing: 82735 -- 82732
[STATUS]: storage-owner peer RDMA QPs per peer: 8
[STATUS]: storage-owner peer QP0 reserved for RPC; data RDMA uses QP1..7
allocated ALIGNED MEM (no hugepage) at 135609555353664 with buffer size 67108864
allocated ALIGNED MEM (no hugepage) at 135609515507776 with buffer size 39839040
[STATUS]: storage-owner peer RPC receive slots per peer: 64 (requested=64)
[STATUS]: storage-owner peer RPC concurrent sends per peer: 16
[STATUS]: storage-owner peer RPC send credits: Stage1/graph are split at depth >= 2; responses use a dedicated sync buffer
[STATUS]: storage-owner peer async response capacity: 32768
[STATUS]: storage-owner Stage2 home RPC combining: enabled logical_capacity=18432 aggregate_capacity=4608 byte_budget=33586224
allocated ALIGNED MEM (no hugepage) at 98623470175552 with buffer size 96256
allocated ALIGNED MEM (no hugepage) at 135609790337088 with buffer size 212992
allocated ALIGNED MEM (no hugepage) at 135609782632512 with buffer size 212992
[STATUS]: storage-owner peer reverse-update workers: 2
[STATUS]: storage-owner peer Stage1 workers: 4; Stage2-home workers: 1 (one reserved; shared lanes borrow authoritative work only)
[STATUS]: storage-owner physical control workers: cleanup=2 placement=1 (separate blocking domains)
[STATUS]: storage-owner peer progress threads: cq=1 response_dispatch=1
[STATUS]: storage-owner Stage1 artifact capacity: 67712 (64-way, per shard=1058) cleanup replay per shard=2048 active migration receipts=131072
[STATUS]: storage-owner peer reverse-update tuning: queue_depth=65536 coalesce_max=256
allocated ALIGNED MEM (no hugepage) at 135609774698560 with buffer size 855296
allocated ALIGNED MEM (no hugepage) at 135609773641792 with buffer size 855296
allocated ALIGNED MEM (no hugepage) at 135609770303552 with buffer size 855296
allocated ALIGNED MEM (no hugepage) at 135609766309952 with buffer size 855296
allocated ALIGNED MEM (no hugepage) at 135609765453888 with buffer size 855296
allocated ALIGNED MEM (no hugepage) at 135609762115648 with buffer size 855296
allocated ALIGNED MEM (no hugepage) at 135609761259584 with buffer size 855296
allocated ALIGNED MEM (no hugepage) at 135609757921344 with buffer size 855296
[STATUS]: storage-owner peer scratch: snapshot_slot=192 graph_slot=832 batch=256 lane_peak_rdma_wrs=56 lane_useful_wave_rdma_wrs=56 global_read_window=224 search_lanes_global=32 search_lanes_credit_derived=16 search_lane_lease_cap=32 search_lanes_physical_per_worker=4 ready_context_runtime_epoch=1 bytes_per_lane=213824 bytes_total=6842368
[STATUS]: storage-owner maintenance workers: 8 (configured=8, admission_baseline_workers=2, context_limit=32, semantic_execution_batch=8, work_conserving=true)
[STATUS]: storage-owner stage2 reverse outbox descriptors: 128 aggregates=128 wire_max_ops=3072 (shared per-peer work-conserving aggregation)
[STATUS]: storage-owner maintenance tuning: protocol=centroid-home-two-stage compaction_batch_target=32 packing_policy=deterministic_b8 packing_tail_wait_us=arrival_adaptive_capped_25000 packing_context_limit=8 backlog_limit=65536 admission_credit=bounded_accepted_backlog admission_window=65536 physical_completion_capacity=65536
[STATUS]: storage-owner peer RDMA read credits: per_data_qp=8 data_qps_per_peer=7 per_peer=56 global=224 shared_cq_read_budget=8095 ordered_snapshot_pairs_per_chain=4 (requested_per_data_qp=16)
[STATUS]: storage-owner online insert tuning: construction_beam=128 snapshot_batch=256 protocol=centroid-home-two-stage
[STATUS]: storage-owner stage1=physical-home local search and backlinks; stage2=generation-fenced home expand+score continuation
[STATUS]: storage-owner responses=foreground direct post; completion=repost by service poller
[STATUS]: storage-owner foreground pipeline: coordinators=12 cpu_lanes=3 (assigned_cpus=24, rpc_parallelism=16)
[STATUS]: storage-owner CPU plan: foreground_cpu=3 foreground_coordinators=12 maintenance=8 peer_stage1=5 (split into isolated Stage1/Stage2-home domains) peer_reverse=2 peer_cleanup=2 peer_placement=1 peer_progress=2 foreground_progress=1
[STATUS]: storage-owner insert runtime enabled on shard 0
[STATUS]: storage-owner maintenance observation: enqueued=153 stage2_enqueued=153 cleanup_enqueued=0 stage2_tasks_done=147 stage2_finalized_live=147 cleanup_processed=0 stale=0 stage2_completion_ratio=0.960784 live_stage2_completion_ratio=0.960784 avg_stage2_delay_ms=46.157755 p99_stage2_delay_upper_ms=128.000000 p99_stage2_delay_over_30s=false stage2_delay_histogram=0,0,0,0,0,23,113,11,0,0,0,0,0,0,0,0,0,0 max_stage2_delay_ms=85.068164 compaction_batch_target=32 compaction_max_delay_ms=25.000000 stage2_rate_per_sec=29.275430 stage1_search_budget_exhausted=0 stage2_search_budget_exhausted=0 stage2_continuations=153 stage2_remote_frontier_items=141699 avg_stage2_remote_frontier=926.137255 stage2_remote_expansions=4735 avg_stage2_remote_expansions=30.947712 stage2_scored_candidates=294761 avg_stage2_scored_candidates=1926.542484 stage2_graph_read_waves=1363 avg_stage2_expansions_per_graph_wave=3.473955 stage2_graph_unique_reads=4908 stage2_graph_prefetch_issued=3368 stage2_graph_prefetch_hits=3195 stage2_graph_prefetch_wasted=173 stage2_graph_prefetch_promotion_ratio=0.948634 stage2_graph_issue_width_current=16 stage2_vector_read_waves=3354 avg_stage2_scores_per_vector_wave=87.883423 stage2_vector_unique_reads=171067 stage2_home_rpc_batches=2066 stage2_home_rpc_items=137679 avg_stage2_home_rpc_batch=66.640368 stage2_home_score_rpc_batches=599 stage2_home_score_rpc_items=132771 stage2_home_score_rpc_queries=1928 stage2_home_score_rpc_request_bytes=3407616 stage2_home_score_rpc_response_bytes=4275056 avg_stage2_home_score_queries_per_rpc=3.218698 avg_stage2_home_score_rpc_batch=221.654424 stage2_home_scored_neighbors=256443 home_scores_per_expansion=1.862615 stage2_migrations=27 home_match_rate=0.816327 stage2_final_edges=5410 stage2_cross_edges_stage1_home=1090 stage2_cross_edges_final_home=700 cross_edge_reduction_ratio=0.357798 failed=0 rpc_timeouts=0 reverse_aggregate_batches=0 reverse_aggregate_logical_requests=0 reverse_aggregate_ops=0 avg_reverse_aggregate_logicals=0.000000 avg_reverse_aggregate_ops=0.000000 max_backlog=7 admission_window=65536 completion_outstanding=6 completion_incomplete=6 completed_behind_hole=0 completion_logical_full_failures=0 completion_physical_full_failures=0 pressure_yields=0 stage2_batches=52 avg_stage2_batch_size=2.942308 packing_target_batch=8 packing_admit_queue_avg=2.942308 packing_admit_queue_max=7 packing_batch_1_7=52 packing_batch_8=0 packing_assembly_batches=52 packing_assembly_wait_ms=1302.884013 packing_arrival_interval_us=14631 packing_waited_batches=52 packing_wait_ms=1300.000000 packing_target_flushes=0 packing_deadline_flushes=52 packing_cleanup_flushes=0 stage2_phase_search_attempts=51 stage2_phase_search_task_attempts=147 stage2_phase_search_elapsed_ms=534.181902 avg_stage2_phase_search_us_per_task=3633.890490 stage2_phase_freeze_prune_attempts=51 stage2_phase_freeze_prune_task_attempts=147 stage2_phase_freeze_prune_elapsed_ms=46.905031 avg_stage2_phase_freeze_prune_us_per_task=319.081844 stage2_phase_reverse_prepare_attempts=51 stage2_phase_reverse_prepare_task_attempts=147 stage2_phase_reverse_prepare_elapsed_ms=184.593638 avg_stage2_phase_reverse_prepare_us_per_task=1255.739034 stage2_phase_placement_authority_attempts=51 stage2_phase_placement_authority_task_attempts=147 stage2_phase_placement_authority_elapsed_ms=27.982948 avg_stage2_phase_placement_authority_us_per_task=190.360190 stage2_phase_completion_handoff_attempts=51 stage2_phase_completion_handoff_task_attempts=147 stage2_phase_completion_handoff_elapsed_ms=0.078685 avg_stage2_phase_completion_handoff_us_per_task=0.535272 stage2_phase_finalize_attempts=51 stage2_phase_finalize_task_attempts=147 stage2_phase_finalize_elapsed_ms=0.172607 avg_stage2_phase_finalize_us_per_task=1.174197 maintenance_worker_idle_waits=9152 maintenance_worker_idle_ms=37373.152783 maintenance_lost_wake_avoided=146 maintenance_targeted_wakes=6347 maintenance_generic_wakes=153 maintenance_broadcast_wakes=0 maintenance_context_slots_scanned=62448 maintenance_ready_notifications=6016 maintenance_ready_stale_notifications=0 maintenance_ready_tickets_drained=5112 maintenance_ready_overflow_scans=0 maintenance_ready_fallback_scans=4129 stage2_search_lane_lease_limit=32 stage2_search_lane_lease_peak=2 stage2_search_lane_lease_blocked=0 maintenance_worker_observed_idle_ratio=0.930370 maintenance_worker_observed_busy_ratio=0.069630 physical_stage1_items=153 physical_stage1_total_ns=685751599 physical_stage1_search_ns=645779819 physical_stage1_prune_ns=27150632 physical_stage1_allocate_write_ns=9304329 physical_stage1_backlink_ns=3068572 physical_stage1_candidates=19582 physical_stage1_remote_frontier_items=141699 physical_stage1_neighbors=5351 peer_stage1_enqueued=249 peer_stage1_processed=247 peer_stage1_items=244 avg_peer_stage1_items=0.987854 peer_stage1_rate_per_sec=48.593231 peer_stage1_max_queue=1 peer_stage1_active_workers=2 peer_stage2_home_enqueued=2579 peer_stage2_home_processed=2579 peer_stage2_home_items=236556 avg_peer_stage2_home_items=91.723924 peer_stage2_home_max_queue=4 peer_stage2_home_response_queue_drops=0 peer_stage2_home_response_send_wait_ms=13.016101 avg_peer_stage2_home_queue_wait_us=29.274759 avg_peer_stage2_home_execution_us=54.757515 peer_stage1_release_deferred_batches=3 peer_stage1_release_deferred_items=3 peer_stage1_duplicate_retry_responses=0 peer_stage1_admission_retry_responses=0 peer_stage1_retry_response_drops=0 peer_stage1_admission_waiters=0 peer_stage1_admission_waiter_items=0 peer_stage1_admission_owned_items=0 peer_stage1_admission_wake_coverage=0 peer_stage1_admission_parked=0 peer_stage1_admission_woken=0 peer_stage1_admission_reparked=0 peer_stage1_max_admission_waiters=0 peer_stage1_duplicate_coalesced=0 peer_reverse_enqueued=213 peer_reverse_processed=213 peer_reverse_remaining=0 peer_reverse_items_enqueued=1485 peer_reverse_items_processed=1485 peer_reverse_rate_per_sec=295.741587 peer_reverse_failed=1 peer_reverse_max_queue=1 reclaim_pending=0 reclaim_reused=27 dynamic_high_watermark=19028558240 stage2_remaining=0 cleanup_remaining=0 active_contexts=1 active_context_limit=32 repair_remaining=0 remaining=6
[STATUS]: storage-owner maintenance observation: enqueued=377 stage2_enqueued=377 cleanup_enqueued=0 stage2_tasks_done=377 stage2_finalized_live=377 cleanup_processed=0 stale=0 stage2_completion_ratio=1.000000 live_stage2_completion_ratio=1.000000 avg_stage2_delay_ms=50.033722 p99_stage2_delay_upper_ms=128.000000 p99_stage2_delay_over_30s=false stage2_delay_histogram=0,0,0,0,0,57,252,68,0,0,0,0,0,0,0,0,0,0 max_stage2_delay_ms=111.134268 compaction_batch_target=32 compaction_max_delay_ms=25.000000 stage2_rate_per_sec=37.613768 stage1_search_budget_exhausted=0 stage2_search_budget_exhausted=0 stage2_continuations=377 stage2_remote_frontier_items=364305 avg_stage2_remote_frontier=966.326260 stage2_remote_expansions=11579 avg_stage2_remote_expansions=30.713528 stage2_scored_candidates=721828 avg_stage2_scored_candidates=1914.663130 stage2_graph_read_waves=3458 avg_stage2_expansions_per_graph_wave=3.348467 stage2_graph_unique_reads=12082 stage2_graph_prefetch_issued=7879 stage2_graph_prefetch_hits=7376 stage2_graph_prefetch_wasted=503 stage2_graph_prefetch_promotion_ratio=0.936159 stage2_graph_issue_width_current=16 stage2_vector_read_waves=7774 avg_stage2_scores_per_vector_wave=92.851556 stage2_vector_unique_reads=436906 stage2_home_rpc_batches=5405 stage2_home_rpc_items=361708 avg_stage2_home_rpc_batch=66.920999 stage2_home_score_rpc_batches=1536 stage2_home_score_rpc_items=349626 stage2_home_score_rpc_queries=5337 stage2_home_score_rpc_request_bytes=8997540 stage2_home_score_rpc_response_bytes=11255208 avg_stage2_home_score_queries_per_rpc=3.474609 avg_stage2_home_score_rpc_batch=227.621094 stage2_home_scored_neighbors=634497 home_scores_per_expansion=1.754169 stage2_migrations=68 home_match_rate=0.819629 stage2_final_edges=14478 stage2_cross_edges_stage1_home=2817 stage2_cross_edges_final_home=1577 cross_edge_reduction_ratio=0.440185 failed=0 rpc_timeouts=0 reverse_aggregate_batches=0 reverse_aggregate_logical_requests=0 reverse_aggregate_ops=0 avg_reverse_aggregate_logicals=0.000000 avg_reverse_aggregate_ops=0.000000 max_backlog=8 admission_window=65536 completion_outstanding=0 completion_incomplete=0 completed_behind_hole=0 completion_logical_full_failures=0 completion_physical_full_failures=0 pressure_yields=3 stage2_batches=115 avg_stage2_batch_size=3.278261 packing_target_batch=8 packing_admit_queue_avg=3.278261 packing_admit_queue_max=8 packing_batch_1_7=107 packing_batch_8=8 packing_assembly_batches=115 packing_assembly_wait_ms=2792.275814 packing_arrival_interval_us=25000 packing_waited_batches=107 packing_wait_ms=2649.357000 packing_target_flushes=8 packing_deadline_flushes=107 packing_cleanup_flushes=0 stage2_phase_search_attempts=115 stage2_phase_search_task_attempts=377 stage2_phase_search_elapsed_ms=1470.652171 avg_stage2_phase_search_us_per_task=3900.934141 stage2_phase_freeze_prune_attempts=118 stage2_phase_freeze_prune_task_attempts=384 stage2_phase_freeze_prune_elapsed_ms=129.745779 avg_stage2_phase_freeze_prune_us_per_task=337.879633 stage2_phase_reverse_prepare_attempts=115 stage2_phase_reverse_prepare_task_attempts=377 stage2_phase_reverse_prepare_elapsed_ms=590.077541 avg_stage2_phase_reverse_prepare_us_per_task=1565.192416 stage2_phase_placement_authority_attempts=115 stage2_phase_placement_authority_task_attempts=377 stage2_phase_placement_authority_elapsed_ms=61.928245 avg_stage2_phase_placement_authority_us_per_task=164.265902 stage2_phase_completion_handoff_attempts=115 stage2_phase_completion_handoff_task_attempts=377 stage2_phase_completion_handoff_elapsed_ms=0.179168 avg_stage2_phase_completion_handoff_us_per_task=0.475247 stage2_phase_finalize_attempts=115 stage2_phase_finalize_task_attempts=377 stage2_phase_finalize_elapsed_ms=0.442540 avg_stage2_phase_finalize_us_per_task=1.173846 maintenance_worker_idle_waits=20608 maintenance_worker_idle_ms=75896.892312 maintenance_lost_wake_avoided=353 maintenance_targeted_wakes=15690 maintenance_generic_wakes=377 maintenance_broadcast_wakes=0 maintenance_context_slots_scanned=128544 maintenance_ready_notifications=14770 maintenance_ready_stale_notifications=0 maintenance_ready_tickets_drained=12318 maintenance_ready_overflow_scans=0 maintenance_ready_fallback_scans=8322 stage2_search_lane_lease_limit=32 stage2_search_lane_lease_peak=3 stage2_search_lane_lease_blocked=0 maintenance_worker_observed_idle_ratio=0.946541 maintenance_worker_observed_busy_ratio=0.053459 physical_stage1_items=377 physical_stage1_total_ns=1715482760 physical_stage1_search_ns=1612128096 physical_stage1_prune_ns=71992924 physical_stage1_allocate_write_ns=22815802 physical_stage1_backlink_ns=7492261 physical_stage1_candidates=48252 physical_stage1_remote_frontier_items=364305 physical_stage1_neighbors=13889 peer_stage1_enqueued=605 peer_stage1_processed=605 peer_stage1_items=602 avg_peer_stage1_items=0.995041 peer_stage1_rate_per_sec=60.062303 peer_stage1_max_queue=2 peer_stage1_active_workers=0 peer_stage2_home_enqueued=6491 peer_stage2_home_processed=6491 peer_stage2_home_items=617603 avg_peer_stage2_home_items=95.147589 peer_stage2_home_max_queue=4 peer_stage2_home_response_queue_drops=0 peer_stage2_home_response_send_wait_ms=32.912656 avg_peer_stage2_home_queue_wait_us=22.883407 avg_peer_stage2_home_execution_us=53.400704 peer_stage1_release_deferred_batches=3 peer_stage1_release_deferred_items=3 peer_stage1_duplicate_retry_responses=0 peer_stage1_admission_retry_responses=0 peer_stage1_retry_response_drops=0 peer_stage1_admission_waiters=0 peer_stage1_admission_waiter_items=0 peer_stage1_admission_owned_items=0 peer_stage1_admission_wake_coverage=0 peer_stage1_admission_parked=0 peer_stage1_admission_woken=0 peer_stage1_admission_reparked=0 peer_stage1_max_admission_waiters=0 peer_stage1_duplicate_coalesced=0 peer_reverse_enqueued=549 peer_reverse_processed=549 peer_reverse_remaining=0 peer_reverse_items_enqueued=3266 peer_reverse_items_processed=3266 peer_reverse_rate_per_sec=325.852960 peer_reverse_failed=1 peer_reverse_max_queue=2 reclaim_pending=4 reclaim_reused=64 dynamic_high_watermark=19028768544 stage2_remaining=0 cleanup_remaining=0 active_contexts=0 active_context_limit=32 repair_remaining=0 remaining=0
[STATUS]: storage-owner maintenance observation: enqueued=378 stage2_enqueued=378 cleanup_enqueued=0 stage2_tasks_done=378 stage2_finalized_live=378 cleanup_processed=0 stale=0 stage2_completion_ratio=1.000000 live_stage2_completion_ratio=1.000000 avg_stage2_delay_ms=50.035326 p99_stage2_delay_upper_ms=128.000000 p99_stage2_delay_over_30s=false stage2_delay_histogram=0,0,0,0,0,57,253,68,0,0,0,0,0,0,0,0,0,0 max_stage2_delay_ms=111.134268 compaction_batch_target=32 compaction_max_delay_ms=25.000000 stage2_rate_per_sec=25.154524 stage1_search_budget_exhausted=0 stage2_search_budget_exhausted=0 stage2_continuations=378 stage2_remote_frontier_items=365278 avg_stage2_remote_frontier=966.343915 stage2_remote_expansions=11707 avg_stage2_remote_expansions=30.970899 stage2_scored_candidates=725376 avg_stage2_scored_candidates=1918.984127 stage2_graph_read_waves=3485 avg_stage2_expansions_per_graph_wave=3.359254 stage2_graph_unique_reads=12210 stage2_graph_prefetch_issued=7980 stage2_graph_prefetch_hits=7477 stage2_graph_prefetch_wasted=503 stage2_graph_prefetch_promotion_ratio=0.936967 stage2_graph_issue_width_current=16 stage2_vector_read_waves=7873 avg_stage2_scores_per_vector_wave=92.134637 stage2_vector_unique_reads=438070 stage2_home_rpc_batches=5438 stage2_home_rpc_items=362496 avg_stage2_home_rpc_batch=66.659801 stage2_home_score_rpc_batches=1542 stage2_home_score_rpc_items=350286 stage2_home_score_rpc_queries=5353 stage2_home_score_rpc_request_bytes=9015244 stage2_home_score_rpc_response_bytes=11276672 avg_stage2_home_score_queries_per_rpc=3.471466 avg_stage2_home_score_rpc_batch=227.163424 stage2_home_scored_neighbors=637541 home_scores_per_expansion=1.758753 stage2_migrations=69 home_match_rate=0.817460 stage2_final_edges=14491 stage2_cross_edges_stage1_home=2829 stage2_cross_edges_final_home=1578 cross_edge_reduction_ratio=0.442206 failed=0 rpc_timeouts=0 reverse_aggregate_batches=0 reverse_aggregate_logical_requests=0 reverse_aggregate_ops=0 avg_reverse_aggregate_logicals=0.000000 avg_reverse_aggregate_ops=0.000000 max_backlog=8 admission_window=65536 completion_outstanding=0 completion_incomplete=0 completed_behind_hole=0 completion_logical_full_failures=0 completion_physical_full_failures=0 pressure_yields=3 stage2_batches=116 avg_stage2_batch_size=3.258621 packing_target_batch=8 packing_admit_queue_avg=3.258621 packing_admit_queue_max=8 packing_batch_1_7=108 packing_batch_8=8 packing_assembly_batches=116 packing_assembly_wait_ms=2817.354811 packing_arrival_interval_us=25000 packing_waited_batches=108 packing_wait_ms=2674.357000 packing_target_flushes=8 packing_deadline_flushes=108 packing_cleanup_flushes=0 stage2_phase_search_attempts=116 stage2_phase_search_task_attempts=378 stage2_phase_search_elapsed_ms=1479.786101 avg_stage2_phase_search_us_per_task=3914.778045 stage2_phase_freeze_prune_attempts=119 stage2_phase_freeze_prune_task_attempts=385 stage2_phase_freeze_prune_elapsed_ms=130.568443 avg_stage2_phase_freeze_prune_us_per_task=339.138813 stage2_phase_reverse_prepare_attempts=116 stage2_phase_reverse_prepare_task_attempts=378 stage2_phase_reverse_prepare_elapsed_ms=591.182195 avg_stage2_phase_reverse_prepare_us_per_task=1563.974061 stage2_phase_placement_authority_attempts=116 stage2_phase_placement_authority_task_attempts=378 stage2_phase_placement_authority_elapsed_ms=62.352066 avg_stage2_phase_placement_authority_us_per_task=164.952556 stage2_phase_completion_handoff_attempts=116 stage2_phase_completion_handoff_task_attempts=378 stage2_phase_completion_handoff_elapsed_ms=0.181338 avg_stage2_phase_completion_handoff_us_per_task=0.479730 stage2_phase_finalize_attempts=116 stage2_phase_finalize_task_attempts=378 stage2_phase_finalize_elapsed_ms=0.446820 avg_stage2_phase_finalize_us_per_task=1.182063 maintenance_worker_idle_waits=24704 maintenance_worker_idle_ms=115737.047242 maintenance_lost_wake_avoided=361 maintenance_targeted_wakes=15850 maintenance_generic_wakes=378 maintenance_broadcast_wakes=0 maintenance_context_slots_scanned=191936 maintenance_ready_notifications=14916 maintenance_ready_stale_notifications=0 maintenance_ready_tickets_drained=12448 maintenance_ready_overflow_scans=0 maintenance_ready_fallback_scans=12301 stage2_search_lane_lease_limit=32 stage2_search_lane_lease_peak=3 stage2_search_lane_lease_blocked=0 maintenance_worker_observed_idle_ratio=0.962735 maintenance_worker_observed_busy_ratio=0.037265 physical_stage1_items=378 physical_stage1_total_ns=1721034194 physical_stage1_search_ns=1617327428 physical_stage1_prune_ns=72187903 physical_stage1_allocate_write_ns=22927372 physical_stage1_backlink_ns=7530271 physical_stage1_candidates=48380 physical_stage1_remote_frontier_items=365278 physical_stage1_neighbors=13896 peer_stage1_enqueued=605 peer_stage1_processed=605 peer_stage1_items=602 avg_peer_stage1_items=0.995041 peer_stage1_rate_per_sec=40.060908 peer_stage1_max_queue=2 peer_stage1_active_workers=0 peer_stage2_home_enqueued=8087 peer_stage2_home_processed=8087 peer_stage2_home_items=836938 avg_peer_stage2_home_items=103.491777 peer_stage2_home_max_queue=4 peer_stage2_home_response_queue_drops=0 peer_stage2_home_response_send_wait_ms=40.990691 avg_peer_stage2_home_queue_wait_us=20.919822 avg_peer_stage2_home_execution_us=53.641289 peer_stage1_release_deferred_batches=3 peer_stage1_release_deferred_items=3 peer_stage1_duplicate_retry_responses=0 peer_stage1_admission_retry_responses=0 peer_stage1_retry_response_drops=0 peer_stage1_admission_waiters=0 peer_stage1_admission_waiter_items=0 peer_stage1_admission_owned_items=0 peer_stage1_admission_wake_coverage=0 peer_stage1_admission_parked=0 peer_stage1_admission_woken=0 peer_stage1_admission_reparked=0 peer_stage1_max_admission_waiters=0 peer_stage1_duplicate_coalesced=0 peer_reverse_enqueued=747 peer_reverse_processed=747 peer_reverse_remaining=0 peer_reverse_items_enqueued=3598 peer_reverse_items_processed=3598 peer_reverse_rate_per_sec=239.433800 peer_reverse_failed=1 peer_reverse_max_queue=2 reclaim_pending=4 reclaim_reused=65 dynamic_high_watermark=19028768544 stage2_remaining=0 cleanup_remaining=0 active_contexts=0 active_context_limit=32 repair_remaining=0 remaining=0
[STATUS]: storage-owner maintenance observation: enqueued=379 stage2_enqueued=379 cleanup_enqueued=0 stage2_tasks_done=379 stage2_finalized_live=379 cleanup_processed=0 stale=0 stage2_completion_ratio=1.000000 live_stage2_completion_ratio=1.000000 avg_stage2_delay_ms=50.048639 p99_stage2_delay_upper_ms=128.000000 p99_stage2_delay_over_30s=false stage2_delay_histogram=0,0,0,0,0,57,254,68,0,0,0,0,0,0,0,0,0,0 max_stage2_delay_ms=111.134268 compaction_batch_target=32 compaction_max_delay_ms=25.000000 stage2_rate_per_sec=18.924234 stage1_search_budget_exhausted=0 stage2_search_budget_exhausted=0 stage2_continuations=379 stage2_remote_frontier_items=366865 avg_stage2_remote_frontier=967.981530 stage2_remote_expansions=11834 avg_stage2_remote_expansions=31.224274 stage2_scored_candidates=731632 avg_stage2_scored_candidates=1930.427441 stage2_graph_read_waves=3526 avg_stage2_expansions_per_graph_wave=3.356211 stage2_graph_unique_reads=12346 stage2_graph_prefetch_issued=8075 stage2_graph_prefetch_hits=7563 stage2_graph_prefetch_wasted=512 stage2_graph_prefetch_promotion_ratio=0.936594 stage2_graph_issue_width_current=16 stage2_vector_read_waves=7989 avg_stage2_scores_per_vector_wave=91.579922 stage2_vector_unique_reads=440075 stage2_home_rpc_batches=5487 stage2_home_rpc_items=363931 avg_stage2_home_rpc_batch=66.326043 stage2_home_score_rpc_batches=1550 stage2_home_score_rpc_items=351585 stage2_home_score_rpc_queries=5377 stage2_home_score_rpc_request_bytes=9049180 stage2_home_score_rpc_response_bytes=11318712 avg_stage2_home_score_queries_per_rpc=3.469032 avg_stage2_home_score_rpc_batch=226.829032 stage2_home_scored_neighbors=643091 home_scores_per_expansion=1.767068 stage2_migrations=70 home_match_rate=0.815303 stage2_final_edges=14532 stage2_cross_edges_stage1_home=2868 stage2_cross_edges_final_home=1580 cross_edge_reduction_ratio=0.449093 failed=0 rpc_timeouts=0 reverse_aggregate_batches=0 reverse_aggregate_logical_requests=0 reverse_aggregate_ops=0 avg_reverse_aggregate_logicals=0.000000 avg_reverse_aggregate_ops=0.000000 max_backlog=8 admission_window=65536 completion_outstanding=0 completion_incomplete=0 completed_behind_hole=0 completion_logical_full_failures=0 completion_physical_full_failures=0 pressure_yields=3 stage2_batches=117 avg_stage2_batch_size=3.239316 packing_target_batch=8 packing_admit_queue_avg=3.239316 packing_admit_queue_max=8 packing_batch_1_7=109 packing_batch_8=8 packing_assembly_batches=117 packing_assembly_wait_ms=2842.413549 packing_arrival_interval_us=25000 packing_waited_batches=109 packing_wait_ms=2699.357000 packing_target_flushes=8 packing_deadline_flushes=109 packing_cleanup_flushes=0 stage2_phase_search_attempts=117 stage2_phase_search_task_attempts=379 stage2_phase_search_elapsed_ms=1489.283085 avg_stage2_phase_search_us_per_task=3929.506821 stage2_phase_freeze_prune_attempts=120 stage2_phase_freeze_prune_task_attempts=386 stage2_phase_freeze_prune_elapsed_ms=131.156664 avg_stage2_phase_freeze_prune_us_per_task=339.784104 stage2_phase_reverse_prepare_attempts=117 stage2_phase_reverse_prepare_task_attempts=379 stage2_phase_reverse_prepare_elapsed_ms=592.420356 avg_stage2_phase_reverse_prepare_us_per_task=1563.114396 stage2_phase_placement_authority_attempts=117 stage2_phase_placement_authority_task_attempts=379 stage2_phase_placement_authority_elapsed_ms=62.568292 avg_stage2_phase_placement_authority_us_per_task=165.087842 stage2_phase_completion_handoff_attempts=117 stage2_phase_completion_handoff_task_attempts=379 stage2_phase_completion_handoff_elapsed_ms=0.182190 avg_stage2_phase_completion_handoff_us_per_task=0.480712 stage2_phase_finalize_attempts=117 stage2_phase_finalize_task_attempts=379 stage2_phase_finalize_elapsed_ms=0.449499 avg_stage2_phase_finalize_us_per_task=1.186013 maintenance_worker_idle_waits=28864 maintenance_worker_idle_ms=155888.702054 maintenance_lost_wake_avoided=362 maintenance_targeted_wakes=16043 maintenance_generic_wakes=379 maintenance_broadcast_wakes=0 maintenance_context_slots_scanned=255808 maintenance_ready_notifications=15094 maintenance_ready_stale_notifications=0 maintenance_ready_tickets_drained=12610 maintenance_ready_overflow_scans=0 maintenance_ready_fallback_scans=16277 stage2_search_lane_lease_limit=32 stage2_search_lane_lease_peak=3 stage2_search_lane_lease_blocked=0 maintenance_worker_observed_idle_ratio=0.972980 maintenance_worker_observed_busy_ratio=0.027020 physical_stage1_items=379 physical_stage1_total_ns=1730409861 physical_stage1_search_ns=1626286884 physical_stage1_prune_ns=72438438 physical_stage1_allocate_write_ns=23043466 physical_stage1_backlink_ns=7572935 physical_stage1_candidates=48508 physical_stage1_remote_frontier_items=366865 physical_stage1_neighbors=13921 peer_stage1_enqueued=607 peer_stage1_processed=607 peer_stage1_items=604 avg_peer_stage1_items=0.995058 peer_stage1_rate_per_sec=30.158938 peer_stage1_max_queue=2 peer_stage1_active_workers=0 peer_stage2_home_enqueued=9950 peer_stage2_home_processed=9950 peer_stage2_home_items=1085889 avg_peer_stage2_home_items=109.134573 peer_stage2_home_max_queue=4 peer_stage2_home_response_queue_drops=0 peer_stage2_home_response_send_wait_ms=50.603002 avg_peer_stage2_home_queue_wait_us=23.583387 avg_peer_stage2_home_execution_us=53.800271 peer_stage1_release_deferred_batches=3 peer_stage1_release_deferred_items=3 peer_stage1_duplicate_retry_responses=0 peer_stage1_admission_retry_responses=0 peer_stage1_retry_response_drops=0 peer_stage1_admission_waiters=0 peer_stage1_admission_waiter_items=0 peer_stage1_admission_owned_items=0 peer_stage1_admission_wake_coverage=0 peer_stage1_admission_parked=0 peer_stage1_admission_woken=0 peer_stage1_admission_reparked=0 peer_stage1_max_admission_waiters=0 peer_stage1_duplicate_coalesced=0 peer_reverse_enqueued=998 peer_reverse_processed=998 peer_reverse_remaining=0 peer_reverse_items_enqueued=4081 peer_reverse_items_processed=4081 peer_reverse_rate_per_sec=203.772560 peer_reverse_failed=1 peer_reverse_max_queue=2 reclaim_pending=3 reclaim_reused=67 dynamic_high_watermark=19028768544 stage2_remaining=0 cleanup_remaining=0 active_contexts=0 active_context_limit=32 repair_remaining=0 remaining=0
[STATUS]: storage-owner maintenance observation: enqueued=379 stage2_enqueued=379 cleanup_enqueued=0 stage2_tasks_done=379 stage2_finalized_live=379 cleanup_processed=0 stale=0 stage2_completion_ratio=1.000000 live_stage2_completion_ratio=1.000000 avg_stage2_delay_ms=50.048639 p99_stage2_delay_upper_ms=128.000000 p99_stage2_delay_over_30s=false stage2_delay_histogram=0,0,0,0,0,57,254,68,0,0,0,0,0,0,0,0,0,0 max_stage2_delay_ms=111.134268 compaction_batch_target=32 compaction_max_delay_ms=25.000000 stage2_rate_per_sec=15.142984 stage1_search_budget_exhausted=0 stage2_search_budget_exhausted=0 stage2_continuations=379 stage2_remote_frontier_items=366865 avg_stage2_remote_frontier=967.981530 stage2_remote_expansions=11834 avg_stage2_remote_expansions=31.224274 stage2_scored_candidates=731632 avg_stage2_scored_candidates=1930.427441 stage2_graph_read_waves=3526 avg_stage2_expansions_per_graph_wave=3.356211 stage2_graph_unique_reads=12346 stage2_graph_prefetch_issued=8075 stage2_graph_prefetch_hits=7563 stage2_graph_prefetch_wasted=512 stage2_graph_prefetch_promotion_ratio=0.936594 stage2_graph_issue_width_current=16 stage2_vector_read_waves=7989 avg_stage2_scores_per_vector_wave=91.579922 stage2_vector_unique_reads=440075 stage2_home_rpc_batches=5487 stage2_home_rpc_items=363931 avg_stage2_home_rpc_batch=66.326043 stage2_home_score_rpc_batches=1550 stage2_home_score_rpc_items=351585 stage2_home_score_rpc_queries=5377 stage2_home_score_rpc_request_bytes=9049180 stage2_home_score_rpc_response_bytes=11318712 avg_stage2_home_score_queries_per_rpc=3.469032 avg_stage2_home_score_rpc_batch=226.829032 stage2_home_scored_neighbors=643091 home_scores_per_expansion=1.767068 stage2_migrations=70 home_match_rate=0.815303 stage2_final_edges=14532 stage2_cross_edges_stage1_home=2868 stage2_cross_edges_final_home=1580 cross_edge_reduction_ratio=0.449093 failed=0 rpc_timeouts=0 reverse_aggregate_batches=0 reverse_aggregate_logical_requests=0 reverse_aggregate_ops=0 avg_reverse_aggregate_logicals=0.000000 avg_reverse_aggregate_ops=0.000000 max_backlog=8 admission_window=65536 completion_outstanding=0 completion_incomplete=0 completed_behind_hole=0 completion_logical_full_failures=0 completion_physical_full_failures=0 pressure_yields=3 stage2_batches=117 avg_stage2_batch_size=3.239316 packing_target_batch=8 packing_admit_queue_avg=3.239316 packing_admit_queue_max=8 packing_batch_1_7=109 packing_batch_8=8 packing_assembly_batches=117 packing_assembly_wait_ms=2842.413549 packing_arrival_interval_us=25000 packing_waited_batches=109 packing_wait_ms=2699.357000 packing_target_flushes=8 packing_deadline_flushes=109 packing_cleanup_flushes=0 stage2_phase_search_attempts=117 stage2_phase_search_task_attempts=379 stage2_phase_search_elapsed_ms=1489.283085 avg_stage2_phase_search_us_per_task=3929.506821 stage2_phase_freeze_prune_attempts=120 stage2_phase_freeze_prune_task_attempts=386 stage2_phase_freeze_prune_elapsed_ms=131.156664 avg_stage2_phase_freeze_prune_us_per_task=339.784104 stage2_phase_reverse_prepare_attempts=117 stage2_phase_reverse_prepare_task_attempts=379 stage2_phase_reverse_prepare_elapsed_ms=592.420356 avg_stage2_phase_reverse_prepare_us_per_task=1563.114396 stage2_phase_placement_authority_attempts=117 stage2_phase_placement_authority_task_attempts=379 stage2_phase_placement_authority_elapsed_ms=62.568292 avg_stage2_phase_placement_authority_us_per_task=165.087842 stage2_phase_completion_handoff_attempts=117 stage2_phase_completion_handoff_task_attempts=379 stage2_phase_completion_handoff_elapsed_ms=0.182190 avg_stage2_phase_completion_handoff_us_per_task=0.480712 stage2_phase_finalize_attempts=117 stage2_phase_finalize_task_attempts=379 stage2_phase_finalize_elapsed_ms=0.449499 avg_stage2_phase_finalize_us_per_task=1.186013 maintenance_worker_idle_waits=32896 maintenance_worker_idle_ms=196457.646552 maintenance_lost_wake_avoided=362 maintenance_targeted_wakes=16043 maintenance_generic_wakes=379 maintenance_broadcast_wakes=0 maintenance_context_slots_scanned=320320 maintenance_ready_notifications=15094 maintenance_ready_stale_notifications=0 maintenance_ready_tickets_drained=12610 maintenance_ready_overflow_scans=0 maintenance_ready_fallback_scans=20251 stage2_search_lane_lease_limit=32 stage2_search_lane_lease_peak=3 stage2_search_lane_lease_blocked=0 maintenance_worker_observed_idle_ratio=0.981186 maintenance_worker_observed_busy_ratio=0.018814 physical_stage1_items=379 physical_stage1_total_ns=1730409861 physical_stage1_search_ns=1626286884 physical_stage1_prune_ns=72438438 physical_stage1_allocate_write_ns=23043466 physical_stage1_backlink_ns=7572935 physical_stage1_candidates=48508 physical_stage1_remote_frontier_items=366865 physical_stage1_neighbors=13921 peer_stage1_enqueued=607 peer_stage1_processed=607 peer_stage1_items=604 avg_peer_stage1_items=0.995058 peer_stage1_rate_per_sec=24.132883 peer_stage1_max_queue=2 peer_stage1_active_workers=0 peer_stage2_home_enqueued=11779 peer_stage2_home_processed=11779 peer_stage2_home_items=1336409 avg_peer_stage2_home_items=113.456915 peer_stage2_home_max_queue=4 peer_stage2_home_response_queue_drops=0 peer_stage2_home_response_send_wait_ms=60.121408 avg_peer_stage2_home_queue_wait_us=23.156901 avg_peer_stage2_home_execution_us=54.021609 peer_stage1_release_deferred_batches=3 peer_stage1_release_deferred_items=3 peer_stage1_duplicate_retry_responses=0 peer_stage1_admission_retry_responses=0 peer_stage1_retry_response_drops=0 peer_stage1_admission_waiters=0 peer_stage1_admission_waiter_items=0 peer_stage1_admission_owned_items=0 peer_stage1_admission_wake_coverage=0 peer_stage1_admission_parked=0 peer_stage1_admission_woken=0 peer_stage1_admission_reparked=0 peer_stage1_max_admission_waiters=0 peer_stage1_duplicate_coalesced=0 peer_reverse_enqueued=1258 peer_reverse_processed=1258 peer_reverse_remaining=0 peer_reverse_items_enqueued=4610 peer_reverse_items_processed=4610 peer_reverse_rate_per_sec=184.193028 peer_reverse_failed=1 peer_reverse_max_queue=2 reclaim_pending=3 reclaim_reused=67 dynamic_high_watermark=19028768544 stage2_remaining=0 cleanup_remaining=0 active_contexts=0 active_context_limit=32 repair_remaining=0 remaining=0
[STATUS]: storage-owner maintenance observation: enqueued=380 stage2_enqueued=380 cleanup_enqueued=0 stage2_tasks_done=380 stage2_finalized_live=380 cleanup_processed=0 stale=0 stage2_completion_ratio=1.000000 live_stage2_completion_ratio=1.000000 avg_stage2_delay_ms=50.041980 p99_stage2_delay_upper_ms=128.000000 p99_stage2_delay_over_30s=false stage2_delay_histogram=0,0,0,0,0,57,255,68,0,0,0,0,0,0,0,0,0,0 max_stage2_delay_ms=111.134268 compaction_batch_target=32 compaction_max_delay_ms=25.000000 stage2_rate_per_sec=12.654695 stage1_search_budget_exhausted=0 stage2_search_budget_exhausted=0 stage2_continuations=380 stage2_remote_frontier_items=368000 avg_stage2_remote_frontier=968.421053 stage2_remote_expansions=11961 avg_stage2_remote_expansions=31.476316 stage2_scored_candidates=735569 avg_stage2_scored_candidates=1935.707895 stage2_graph_read_waves=3581 avg_stage2_expansions_per_graph_wave=3.340128 stage2_graph_unique_reads=12484 stage2_graph_prefetch_issued=8158 stage2_graph_prefetch_hits=7635 stage2_graph_prefetch_wasted=523 stage2_graph_prefetch_promotion_ratio=0.935891 stage2_graph_issue_width_current=16 stage2_vector_read_waves=8084 avg_stage2_scores_per_vector_wave=90.990722 stage2_vector_unique_reads=441450 stage2_home_rpc_batches=5548 stage2_home_rpc_items=364997 avg_stage2_home_rpc_batch=65.788933 stage2_home_score_rpc_batches=1556 stage2_home_score_rpc_items=352513 stage2_home_score_rpc_queries=5396 stage2_home_score_rpc_request_bytes=9073624 stage2_home_score_rpc_response_bytes=11348768 avg_stage2_home_score_queries_per_rpc=3.467866 avg_stage2_home_score_rpc_batch=226.550771 stage2_home_scored_neighbors=646581 home_scores_per_expansion=1.771469 stage2_migrations=71 home_match_rate=0.813158 stage2_final_edges=14549 stage2_cross_edges_stage1_home=2884 stage2_cross_edges_final_home=1581 cross_edge_reduction_ratio=0.451803 failed=0 rpc_timeouts=0 reverse_aggregate_batches=0 reverse_aggregate_logical_requests=0 reverse_aggregate_ops=0 avg_reverse_aggregate_logicals=0.000000 avg_reverse_aggregate_ops=0.000000 max_backlog=8 admission_window=65536 completion_outstanding=0 completion_incomplete=0 completed_behind_hole=0 completion_logical_full_failures=0 completion_physical_full_failures=0 pressure_yields=3 stage2_batches=118 avg_stage2_batch_size=3.220339 packing_target_batch=8 packing_admit_queue_avg=3.220339 packing_admit_queue_max=8 packing_batch_1_7=110 packing_batch_8=8 packing_assembly_batches=118 packing_assembly_wait_ms=2867.472883 packing_arrival_interval_us=25000 packing_waited_batches=110 packing_wait_ms=2724.357000 packing_target_flushes=8 packing_deadline_flushes=110 packing_cleanup_flushes=0 stage2_phase_search_attempts=118 stage2_phase_search_task_attempts=380 stage2_phase_search_elapsed_ms=1499.404625 avg_stage2_phase_search_us_per_task=3945.801645 stage2_phase_freeze_prune_attempts=121 stage2_phase_freeze_prune_task_attempts=387 stage2_phase_freeze_prune_elapsed_ms=131.852553 avg_stage2_phase_freeze_prune_us_per_task=340.704271 stage2_phase_reverse_prepare_attempts=118 stage2_phase_reverse_prepare_task_attempts=380 stage2_phase_reverse_prepare_elapsed_ms=593.249048 avg_stage2_phase_reverse_prepare_us_per_task=1561.181705 stage2_phase_placement_authority_attempts=118 stage2_phase_placement_authority_task_attempts=380 stage2_phase_placement_authority_elapsed_ms=62.857206 avg_stage2_phase_placement_authority_us_per_task=165.413700 stage2_phase_completion_handoff_attempts=118 stage2_phase_completion_handoff_task_attempts=380 stage2_phase_completion_handoff_elapsed_ms=0.183168 avg_stage2_phase_completion_handoff_us_per_task=0.482021 stage2_phase_finalize_attempts=118 stage2_phase_finalize_task_attempts=380 stage2_phase_finalize_elapsed_ms=0.452912 avg_stage2_phase_finalize_us_per_task=1.191874 maintenance_worker_idle_waits=36992 maintenance_worker_idle_ms=236040.319176 maintenance_lost_wake_avoided=364 maintenance_targeted_wakes=16228 maintenance_generic_wakes=380 maintenance_broadcast_wakes=0 maintenance_context_slots_scanned=383280 maintenance_ready_notifications=15265 maintenance_ready_stale_notifications=0 maintenance_ready_tickets_drained=12765 maintenance_ready_overflow_scans=0 maintenance_ready_fallback_scans=24225 stage2_search_lane_lease_limit=32 stage2_search_lane_lease_peak=3 stage2_search_lane_lease_blocked=0 maintenance_worker_observed_idle_ratio=0.982572 maintenance_worker_observed_busy_ratio=0.017428 physical_stage1_items=380 physical_stage1_total_ns=1738071574 physical_stage1_search_ns=1633415085 physical_stage1_prune_ns=72678455 physical_stage1_allocate_write_ns=23279135 physical_stage1_backlink_ns=7623028 physical_stage1_candidates=48636 physical_stage1_remote_frontier_items=368000 physical_stage1_neighbors=13935 peer_stage1_enqueued=609 peer_stage1_processed=609 peer_stage1_items=606 avg_peer_stage1_items=0.995074 peer_stage1_rate_per_sec=20.180909 peer_stage1_max_queue=2 peer_stage1_active_workers=0 peer_stage2_home_enqueued=12729 peer_stage2_home_processed=12729 peer_stage2_home_items=1468677 avg_peer_stage2_home_items=115.380391 peer_stage2_home_max_queue=4 peer_stage2_home_response_queue_drops=0 peer_stage2_home_response_send_wait_ms=65.153181 avg_peer_stage2_home_queue_wait_us=23.198730 avg_peer_stage2_home_execution_us=54.166418 peer_stage1_release_deferred_batches=3 peer_stage1_release_deferred_items=3 peer_stage1_duplicate_retry_responses=0 peer_stage1_admission_retry_responses=0 peer_stage1_retry_response_drops=0 peer_stage1_admission_waiters=0 peer_stage1_admission_waiter_items=0 peer_stage1_admission_owned_items=0 peer_stage1_admission_wake_coverage=0 peer_stage1_admission_parked=0 peer_stage1_admission_woken=0 peer_stage1_admission_reparked=0 peer_stage1_max_admission_waiters=0 peer_stage1_duplicate_coalesced=0 peer_reverse_enqueued=1393 peer_reverse_processed=1393 peer_reverse_remaining=0 peer_reverse_items_enqueued=4892 peer_reverse_items_processed=4892 peer_reverse_rate_per_sec=162.912551 peer_reverse_failed=1 peer_reverse_max_queue=2 reclaim_pending=3 reclaim_reused=68 dynamic_high_watermark=19028768544 stage2_remaining=0 cleanup_remaining=0 active_contexts=0 active_context_limit=32 repair_remaining=0 remaining=0
[STATUS]: storage-owner maintenance observation: enqueued=380 stage2_enqueued=380 cleanup_enqueued=0 stage2_tasks_done=380 stage2_finalized_live=380 cleanup_processed=0 stale=0 stage2_completion_ratio=1.000000 live_stage2_completion_ratio=1.000000 avg_stage2_delay_ms=50.041980 p99_stage2_delay_upper_ms=128.000000 p99_stage2_delay_over_30s=false stage2_delay_histogram=0,0,0,0,0,57,255,68,0,0,0,0,0,0,0,0,0,0 max_stage2_delay_ms=111.134268 compaction_batch_target=32 compaction_max_delay_ms=25.000000 stage2_rate_per_sec=10.848226 stage1_search_budget_exhausted=0 stage2_search_budget_exhausted=0 stage2_continuations=380 stage2_remote_frontier_items=368000 avg_stage2_remote_frontier=968.421053 stage2_remote_expansions=11961 avg_stage2_remote_expansions=31.476316 stage2_scored_candidates=735569 avg_stage2_scored_candidates=1935.707895 stage2_graph_read_waves=3581 avg_stage2_expansions_per_graph_wave=3.340128 stage2_graph_unique_reads=12484 stage2_graph_prefetch_issued=8158 stage2_graph_prefetch_hits=7635 stage2_graph_prefetch_wasted=523 stage2_graph_prefetch_promotion_ratio=0.935891 stage2_graph_issue_width_current=16 stage2_vector_read_waves=8084 avg_stage2_scores_per_vector_wave=90.990722 stage2_vector_unique_reads=441450 stage2_home_rpc_batches=5548 stage2_home_rpc_items=364997 avg_stage2_home_rpc_batch=65.788933 stage2_home_score_rpc_batches=1556 stage2_home_score_rpc_items=352513 stage2_home_score_rpc_queries=5396 stage2_home_score_rpc_request_bytes=9073624 stage2_home_score_rpc_response_bytes=11348768 avg_stage2_home_score_queries_per_rpc=3.467866 avg_stage2_home_score_rpc_batch=226.550771 stage2_home_scored_neighbors=646581 home_scores_per_expansion=1.771469 stage2_migrations=71 home_match_rate=0.813158 stage2_final_edges=14549 stage2_cross_edges_stage1_home=2884 stage2_cross_edges_final_home=1581 cross_edge_reduction_ratio=0.451803 failed=0 rpc_timeouts=0 reverse_aggregate_batches=0 reverse_aggregate_logical_requests=0 reverse_aggregate_ops=0 avg_reverse_aggregate_logicals=0.000000 avg_reverse_aggregate_ops=0.000000 max_backlog=8 admission_window=65536 completion_outstanding=0 completion_incomplete=0 completed_behind_hole=0 completion_logical_full_failures=0 completion_physical_full_failures=0 pressure_yields=3 stage2_batches=118 avg_stage2_batch_size=3.220339 packing_target_batch=8 packing_admit_queue_avg=3.220339 packing_admit_queue_max=8 packing_batch_1_7=110 packing_batch_8=8 packing_assembly_batches=118 packing_assembly_wait_ms=2867.472883 packing_arrival_interval_us=25000 packing_waited_batches=110 packing_wait_ms=2724.357000 packing_target_flushes=8 packing_deadline_flushes=110 packing_cleanup_flushes=0 stage2_phase_search_attempts=118 stage2_phase_search_task_attempts=380 stage2_phase_search_elapsed_ms=1499.404625 avg_stage2_phase_search_us_per_task=3945.801645 stage2_phase_freeze_prune_attempts=121 stage2_phase_freeze_prune_task_attempts=387 stage2_phase_freeze_prune_elapsed_ms=131.852553 avg_stage2_phase_freeze_prune_us_per_task=340.704271 stage2_phase_reverse_prepare_attempts=118 stage2_phase_reverse_prepare_task_attempts=380 stage2_phase_reverse_prepare_elapsed_ms=593.249048 avg_stage2_phase_reverse_prepare_us_per_task=1561.181705 stage2_phase_placement_authority_attempts=118 stage2_phase_placement_authority_task_attempts=380 stage2_phase_placement_authority_elapsed_ms=62.857206 avg_stage2_phase_placement_authority_us_per_task=165.413700 stage2_phase_completion_handoff_attempts=118 stage2_phase_completion_handoff_task_attempts=380 stage2_phase_completion_handoff_elapsed_ms=0.183168 avg_stage2_phase_completion_handoff_us_per_task=0.482021 stage2_phase_finalize_attempts=118 stage2_phase_finalize_task_attempts=380 stage2_phase_finalize_elapsed_ms=0.452912 avg_stage2_phase_finalize_us_per_task=1.191874 maintenance_worker_idle_waits=40960 maintenance_worker_idle_ms=275972.988772 maintenance_lost_wake_avoided=364 maintenance_targeted_wakes=16228 maintenance_generic_wakes=380 maintenance_broadcast_wakes=0 maintenance_context_slots_scanned=446768 maintenance_ready_notifications=15265 maintenance_ready_stale_notifications=0 maintenance_ready_tickets_drained=12765 maintenance_ready_overflow_scans=0 maintenance_ready_fallback_scans=28198 stage2_search_lane_lease_limit=32 stage2_search_lane_lease_peak=3 stage2_search_lane_lease_blocked=0 maintenance_worker_observed_idle_ratio=0.984808 maintenance_worker_observed_busy_ratio=0.015192 physical_stage1_items=380 physical_stage1_total_ns=1738071574 physical_stage1_search_ns=1633415085 physical_stage1_prune_ns=72678455 physical_stage1_allocate_write_ns=23279135 physical_stage1_backlink_ns=7623028 physical_stage1_candidates=48636 physical_stage1_remote_frontier_items=368000 physical_stage1_neighbors=13935 peer_stage1_enqueued=609 peer_stage1_processed=609 peer_stage1_items=606 avg_peer_stage1_items=0.995074 peer_stage1_rate_per_sec=17.300066 peer_stage1_max_queue=2 peer_stage1_active_workers=0 peer_stage2_home_enqueued=12729 peer_stage2_home_processed=12729 peer_stage2_home_items=1468677 avg_peer_stage2_home_items=115.380391 peer_stage2_home_max_queue=4 peer_stage2_home_response_queue_drops=0 peer_stage2_home_response_send_wait_ms=65.153181 avg_peer_stage2_home_queue_wait_us=23.198730 avg_peer_stage2_home_execution_us=54.166418 peer_stage1_release_deferred_batches=3 peer_stage1_release_deferred_items=3 peer_stage1_duplicate_retry_responses=0 peer_stage1_admission_retry_responses=0 peer_stage1_retry_response_drops=0 peer_stage1_admission_waiters=0 peer_stage1_admission_waiter_items=0 peer_stage1_admission_owned_items=0 peer_stage1_admission_wake_coverage=0 peer_stage1_admission_parked=0 peer_stage1_admission_woken=0 peer_stage1_admission_reparked=0 peer_stage1_max_admission_waiters=0 peer_stage1_duplicate_coalesced=0 peer_reverse_enqueued=1393 peer_reverse_processed=1393 peer_reverse_remaining=0 peer_reverse_items_enqueued=4892 peer_reverse_items_processed=4892 peer_reverse_rate_per_sec=139.656635 peer_reverse_failed=1 peer_reverse_max_queue=2 reclaim_pending=3 reclaim_reused=68 dynamic_high_watermark=19028768544 stage2_remaining=0 cleanup_remaining=0 active_contexts=0 active_context_limit=32 repair_remaining=0 remaining=0
[STATUS]: storage-owner maintenance observation: enqueued=380 stage2_enqueued=380 cleanup_enqueued=0 stage2_tasks_done=380 stage2_finalized_live=380 cleanup_processed=0 stale=0 stage2_completion_ratio=1.000000 live_stage2_completion_ratio=1.000000 avg_stage2_delay_ms=50.041980 p99_stage2_delay_upper_ms=128.000000 p99_stage2_delay_over_30s=false stage2_delay_histogram=0,0,0,0,0,57,255,68,0,0,0,0,0,0,0,0,0,0 max_stage2_delay_ms=111.134268 compaction_batch_target=32 compaction_max_delay_ms=25.000000 stage2_rate_per_sec=9.492921 stage1_search_budget_exhausted=0 stage2_search_budget_exhausted=0 stage2_continuations=380 stage2_remote_frontier_items=368000 avg_stage2_remote_frontier=968.421053 stage2_remote_expansions=11961 avg_stage2_remote_expansions=31.476316 stage2_scored_candidates=735569 avg_stage2_scored_candidates=1935.707895 stage2_graph_read_waves=3581 avg_stage2_expansions_per_graph_wave=3.340128 stage2_graph_unique_reads=12484 stage2_graph_prefetch_issued=8158 stage2_graph_prefetch_hits=7635 stage2_graph_prefetch_wasted=523 stage2_graph_prefetch_promotion_ratio=0.935891 stage2_graph_issue_width_current=16 stage2_vector_read_waves=8084 avg_stage2_scores_per_vector_wave=90.990722 stage2_vector_unique_reads=441450 stage2_home_rpc_batches=5548 stage2_home_rpc_items=364997 avg_stage2_home_rpc_batch=65.788933 stage2_home_score_rpc_batches=1556 stage2_home_score_rpc_items=352513 stage2_home_score_rpc_queries=5396 stage2_home_score_rpc_request_bytes=9073624 stage2_home_score_rpc_response_bytes=11348768 avg_stage2_home_score_queries_per_rpc=3.467866 avg_stage2_home_score_rpc_batch=226.550771 stage2_home_scored_neighbors=646581 home_scores_per_expansion=1.771469 stage2_migrations=71 home_match_rate=0.813158 stage2_final_edges=14549 stage2_cross_edges_stage1_home=2884 stage2_cross_edges_final_home=1581 cross_edge_reduction_ratio=0.451803 failed=0 rpc_timeouts=0 reverse_aggregate_batches=0 reverse_aggregate_logical_requests=0 reverse_aggregate_ops=0 avg_reverse_aggregate_logicals=0.000000 avg_reverse_aggregate_ops=0.000000 max_backlog=8 admission_window=65536 completion_outstanding=0 completion_incomplete=0 completed_behind_hole=0 completion_logical_full_failures=0 completion_physical_full_failures=0 pressure_yields=3 stage2_batches=118 avg_stage2_batch_size=3.220339 packing_target_batch=8 packing_admit_queue_avg=3.220339 packing_admit_queue_max=8 packing_batch_1_7=110 packing_batch_8=8 packing_assembly_batches=118 packing_assembly_wait_ms=2867.472883 packing_arrival_interval_us=25000 packing_waited_batches=110 packing_wait_ms=2724.357000 packing_target_flushes=8 packing_deadline_flushes=110 packing_cleanup_flushes=0 stage2_phase_search_attempts=118 stage2_phase_search_task_attempts=380 stage2_phase_search_elapsed_ms=1499.404625 avg_stage2_phase_search_us_per_task=3945.801645 stage2_phase_freeze_prune_attempts=121 stage2_phase_freeze_prune_task_attempts=387 stage2_phase_freeze_prune_elapsed_ms=131.852553 avg_stage2_phase_freeze_prune_us_per_task=340.704271 stage2_phase_reverse_prepare_attempts=118 stage2_phase_reverse_prepare_task_attempts=380 stage2_phase_reverse_prepare_elapsed_ms=593.249048 avg_stage2_phase_reverse_prepare_us_per_task=1561.181705 stage2_phase_placement_authority_attempts=118 stage2_phase_placement_authority_task_attempts=380 stage2_phase_placement_authority_elapsed_ms=62.857206 avg_stage2_phase_placement_authority_us_per_task=165.413700 stage2_phase_completion_handoff_attempts=118 stage2_phase_completion_handoff_task_attempts=380 stage2_phase_completion_handoff_elapsed_ms=0.183168 avg_stage2_phase_completion_handoff_us_per_task=0.482021 stage2_phase_finalize_attempts=118 stage2_phase_finalize_task_attempts=380 stage2_phase_finalize_elapsed_ms=0.452912 avg_stage2_phase_finalize_us_per_task=1.191874 maintenance_worker_idle_waits=44992 maintenance_worker_idle_ms=316533.403281 maintenance_lost_wake_avoided=364 maintenance_targeted_wakes=16228 maintenance_generic_wakes=380 maintenance_broadcast_wakes=0 maintenance_context_slots_scanned=511280 maintenance_ready_notifications=15265 maintenance_ready_stale_notifications=0 maintenance_ready_tickets_drained=12765 maintenance_ready_overflow_scans=0 maintenance_ready_fallback_scans=32173 stage2_search_lane_lease_limit=32 stage2_search_lane_lease_peak=3 stage2_search_lane_lease_blocked=0 maintenance_worker_observed_idle_ratio=0.988430 maintenance_worker_observed_busy_ratio=0.011570 physical_stage1_items=380 physical_stage1_total_ns=1738071574 physical_stage1_search_ns=1633415085 physical_stage1_prune_ns=72678455 physical_stage1_allocate_write_ns=23279135 physical_stage1_backlink_ns=7623028 physical_stage1_candidates=48636 physical_stage1_remote_frontier_items=368000 physical_stage1_neighbors=13935 peer_stage1_enqueued=609 peer_stage1_processed=609 peer_stage1_items=606 avg_peer_stage1_items=0.995074 peer_stage1_rate_per_sec=15.138711 peer_stage1_max_queue=2 peer_stage1_active_workers=0 peer_stage2_home_enqueued=12729 peer_stage2_home_processed=12729 peer_stage2_home_items=1468677 avg_peer_stage2_home_items=115.380391 peer_stage2_home_max_queue=4 peer_stage2_home_response_queue_drops=0 peer_stage2_home_response_send_wait_ms=65.153181 avg_peer_stage2_home_queue_wait_us=23.198730 avg_peer_stage2_home_execution_us=54.166418 peer_stage1_release_deferred_batches=3 peer_stage1_release_deferred_items=3 peer_stage1_duplicate_retry_responses=0 peer_stage1_admission_retry_responses=0 peer_stage1_retry_response_drops=0 peer_stage1_admission_waiters=0 peer_stage1_admission_waiter_items=0 peer_stage1_admission_owned_items=0 peer_stage1_admission_wake_coverage=0 peer_stage1_admission_parked=0 peer_stage1_admission_woken=0 peer_stage1_admission_reparked=0 peer_stage1_max_admission_waiters=0 peer_stage1_duplicate_coalesced=0 peer_reverse_enqueued=1393 peer_reverse_processed=1393 peer_reverse_remaining=0 peer_reverse_items_enqueued=4892 peer_reverse_items_processed=4892 peer_reverse_rate_per_sec=122.208871 peer_reverse_failed=1 peer_reverse_max_queue=2 reclaim_pending=3 reclaim_reused=68 dynamic_high_watermark=19028768544 stage2_remaining=0 cleanup_remaining=0 active_contexts=0 active_context_limit=32 repair_remaining=0 remaining=0
[STATUS]: storage-owner maintenance observation: enqueued=380 stage2_enqueued=380 cleanup_enqueued=0 stage2_tasks_done=380 stage2_finalized_live=380 cleanup_processed=0 stale=0 stage2_completion_ratio=1.000000 live_stage2_completion_ratio=1.000000 avg_stage2_delay_ms=50.041980 p99_stage2_delay_upper_ms=128.000000 p99_stage2_delay_over_30s=false stage2_delay_histogram=0,0,0,0,0,57,255,68,0,0,0,0,0,0,0,0,0,0 max_stage2_delay_ms=111.134268 compaction_batch_target=32 compaction_max_delay_ms=25.000000 stage2_rate_per_sec=8.438335 stage1_search_budget_exhausted=0 stage2_search_budget_exhausted=0 stage2_continuations=380 stage2_remote_frontier_items=368000 avg_stage2_remote_frontier=968.421053 stage2_remote_expansions=11961 avg_stage2_remote_expansions=31.476316 stage2_scored_candidates=735569 avg_stage2_scored_candidates=1935.707895 stage2_graph_read_waves=3581 avg_stage2_expansions_per_graph_wave=3.340128 stage2_graph_unique_reads=12484 stage2_graph_prefetch_issued=8158 stage2_graph_prefetch_hits=7635 stage2_graph_prefetch_wasted=523 stage2_graph_prefetch_promotion_ratio=0.935891 stage2_graph_issue_width_current=16 stage2_vector_read_waves=8084 avg_stage2_scores_per_vector_wave=90.990722 stage2_vector_unique_reads=441450 stage2_home_rpc_batches=5548 stage2_home_rpc_items=364997 avg_stage2_home_rpc_batch=65.788933 stage2_home_score_rpc_batches=1556 stage2_home_score_rpc_items=352513 stage2_home_score_rpc_queries=5396 stage2_home_score_rpc_request_bytes=9073624 stage2_home_score_rpc_response_bytes=11348768 avg_stage2_home_score_queries_per_rpc=3.467866 avg_stage2_home_score_rpc_batch=226.550771 stage2_home_scored_neighbors=646581 home_scores_per_expansion=1.771469 stage2_migrations=71 home_match_rate=0.813158 stage2_final_edges=14549 stage2_cross_edges_stage1_home=2884 stage2_cross_edges_final_home=1581 cross_edge_reduction_ratio=0.451803 failed=0 rpc_timeouts=0 reverse_aggregate_batches=0 reverse_aggregate_logical_requests=0 reverse_aggregate_ops=0 avg_reverse_aggregate_logicals=0.000000 avg_reverse_aggregate_ops=0.000000 max_backlog=8 admission_window=65536 completion_outstanding=0 completion_incomplete=0 completed_behind_hole=0 completion_logical_full_failures=0 completion_physical_full_failures=0 pressure_yields=3 stage2_batches=118 avg_stage2_batch_size=3.220339 packing_target_batch=8 packing_admit_queue_avg=3.220339 packing_admit_queue_max=8 packing_batch_1_7=110 packing_batch_8=8 packing_assembly_batches=118 packing_assembly_wait_ms=2867.472883 packing_arrival_interval_us=25000 packing_waited_batches=110 packing_wait_ms=2724.357000 packing_target_flushes=8 packing_deadline_flushes=110 packing_cleanup_flushes=0 stage2_phase_search_attempts=118 stage2_phase_search_task_attempts=380 stage2_phase_search_elapsed_ms=1499.404625 avg_stage2_phase_search_us_per_task=3945.801645 stage2_phase_freeze_prune_attempts=121 stage2_phase_freeze_prune_task_attempts=387 stage2_phase_freeze_prune_elapsed_ms=131.852553 avg_stage2_phase_freeze_prune_us_per_task=340.704271 stage2_phase_reverse_prepare_attempts=118 stage2_phase_reverse_prepare_task_attempts=380 stage2_phase_reverse_prepare_elapsed_ms=593.249048 avg_stage2_phase_reverse_prepare_us_per_task=1561.181705 stage2_phase_placement_authority_attempts=118 stage2_phase_placement_authority_task_attempts=380 stage2_phase_placement_authority_elapsed_ms=62.857206 avg_stage2_phase_placement_authority_us_per_task=165.413700 stage2_phase_completion_handoff_attempts=118 stage2_phase_completion_handoff_task_attempts=380 stage2_phase_completion_handoff_elapsed_ms=0.183168 avg_stage2_phase_completion_handoff_us_per_task=0.482021 stage2_phase_finalize_attempts=118 stage2_phase_finalize_task_attempts=380 stage2_phase_finalize_elapsed_ms=0.452912 avg_stage2_phase_finalize_us_per_task=1.191874 maintenance_worker_idle_waits=48960 maintenance_worker_idle_ms=356450.088961 maintenance_lost_wake_avoided=364 maintenance_targeted_wakes=16228 maintenance_generic_wakes=380 maintenance_broadcast_wakes=0 maintenance_context_slots_scanned=574768 maintenance_ready_notifications=15265 maintenance_ready_stale_notifications=0 maintenance_ready_tickets_drained=12765 maintenance_ready_overflow_scans=0 maintenance_ready_fallback_scans=36151 stage2_search_lane_lease_limit=32 stage2_search_lane_lease_peak=3 stage2_search_lane_lease_blocked=0 maintenance_worker_observed_idle_ratio=0.989423 maintenance_worker_observed_busy_ratio=0.010577 physical_stage1_items=380 physical_stage1_total_ns=1738071574 physical_stage1_search_ns=1633415085 physical_stage1_prune_ns=72678455 physical_stage1_allocate_write_ns=23279135 physical_stage1_backlink_ns=7623028 physical_stage1_candidates=48636 physical_stage1_remote_frontier_items=368000 physical_stage1_neighbors=13935 peer_stage1_enqueued=609 peer_stage1_processed=609 peer_stage1_items=606 avg_peer_stage1_items=0.995074 peer_stage1_rate_per_sec=13.456923 peer_stage1_max_queue=2 peer_stage1_active_workers=0 peer_stage2_home_enqueued=12729 peer_stage2_home_processed=12729 peer_stage2_home_items=1468677 avg_peer_stage2_home_items=115.380391 peer_stage2_home_max_queue=4 peer_stage2_home_response_queue_drops=0 peer_stage2_home_response_send_wait_ms=65.153181 avg_peer_stage2_home_queue_wait_us=23.198730 avg_peer_stage2_home_execution_us=54.166418 peer_stage1_release_deferred_batches=3 peer_stage1_release_deferred_items=3 peer_stage1_duplicate_retry_responses=0 peer_stage1_admission_retry_responses=0 peer_stage1_retry_response_drops=0 peer_stage1_admission_waiters=0 peer_stage1_admission_waiter_items=0 peer_stage1_admission_owned_items=0 peer_stage1_admission_wake_coverage=0 peer_stage1_admission_parked=0 peer_stage1_admission_woken=0 peer_stage1_admission_reparked=0 peer_stage1_max_admission_waiters=0 peer_stage1_duplicate_coalesced=0 peer_reverse_enqueued=1393 peer_reverse_processed=1393 peer_reverse_remaining=0 peer_reverse_items_enqueued=4892 peer_reverse_items_processed=4892 peer_reverse_rate_per_sec=108.632457 peer_reverse_failed=1 peer_reverse_max_queue=2 reclaim_pending=3 reclaim_reused=68 dynamic_high_watermark=19028768544 stage2_remaining=0 cleanup_remaining=0 active_contexts=0 active_context_limit=32 repair_remaining=0 remaining=0
[STATUS]: storage-owner maintenance observation: enqueued=380 stage2_enqueued=380 cleanup_enqueued=0 stage2_tasks_done=380 stage2_finalized_live=380 cleanup_processed=0 stale=0 stage2_completion_ratio=1.000000 live_stage2_completion_ratio=1.000000 avg_stage2_delay_ms=50.041980 p99_stage2_delay_upper_ms=128.000000 p99_stage2_delay_over_30s=false stage2_delay_histogram=0,0,0,0,0,57,255,68,0,0,0,0,0,0,0,0,0,0 max_stage2_delay_ms=111.134268 compaction_batch_target=32 compaction_max_delay_ms=25.000000 stage2_rate_per_sec=7.594860 stage1_search_budget_exhausted=0 stage2_search_budget_exhausted=0 stage2_continuations=380 stage2_remote_frontier_items=368000 avg_stage2_remote_frontier=968.421053 stage2_remote_expansions=11961 avg_stage2_remote_expansions=31.476316 stage2_scored_candidates=735569 avg_stage2_scored_candidates=1935.707895 stage2_graph_read_waves=3581 avg_stage2_expansions_per_graph_wave=3.340128 stage2_graph_unique_reads=12484 stage2_graph_prefetch_issued=8158 stage2_graph_prefetch_hits=7635 stage2_graph_prefetch_wasted=523 stage2_graph_prefetch_promotion_ratio=0.935891 stage2_graph_issue_width_current=16 stage2_vector_read_waves=8084 avg_stage2_scores_per_vector_wave=90.990722 stage2_vector_unique_reads=441450 stage2_home_rpc_batches=5548 stage2_home_rpc_items=364997 avg_stage2_home_rpc_batch=65.788933 stage2_home_score_rpc_batches=1556 stage2_home_score_rpc_items=352513 stage2_home_score_rpc_queries=5396 stage2_home_score_rpc_request_bytes=9073624 stage2_home_score_rpc_response_bytes=11348768 avg_stage2_home_score_queries_per_rpc=3.467866 avg_stage2_home_score_rpc_batch=226.550771 stage2_home_scored_neighbors=646581 home_scores_per_expansion=1.771469 stage2_migrations=71 home_match_rate=0.813158 stage2_final_edges=14549 stage2_cross_edges_stage1_home=2884 stage2_cross_edges_final_home=1581 cross_edge_reduction_ratio=0.451803 failed=0 rpc_timeouts=0 reverse_aggregate_batches=0 reverse_aggregate_logical_requests=0 reverse_aggregate_ops=0 avg_reverse_aggregate_logicals=0.000000 avg_reverse_aggregate_ops=0.000000 max_backlog=8 admission_window=65536 completion_outstanding=0 completion_incomplete=0 completed_behind_hole=0 completion_logical_full_failures=0 completion_physical_full_failures=0 pressure_yields=3 stage2_batches=118 avg_stage2_batch_size=3.220339 packing_target_batch=8 packing_admit_queue_avg=3.220339 packing_admit_queue_max=8 packing_batch_1_7=110 packing_batch_8=8 packing_assembly_batches=118 packing_assembly_wait_ms=2867.472883 packing_arrival_interval_us=25000 packing_waited_batches=110 packing_wait_ms=2724.357000 packing_target_flushes=8 packing_deadline_flushes=110 packing_cleanup_flushes=0 stage2_phase_search_attempts=118 stage2_phase_search_task_attempts=380 stage2_phase_search_elapsed_ms=1499.404625 avg_stage2_phase_search_us_per_task=3945.801645 stage2_phase_freeze_prune_attempts=121 stage2_phase_freeze_prune_task_attempts=387 stage2_phase_freeze_prune_elapsed_ms=131.852553 avg_stage2_phase_freeze_prune_us_per_task=340.704271 stage2_phase_reverse_prepare_attempts=118 stage2_phase_reverse_prepare_task_attempts=380 stage2_phase_reverse_prepare_elapsed_ms=593.249048 avg_stage2_phase_reverse_prepare_us_per_task=1561.181705 stage2_phase_placement_authority_attempts=118 stage2_phase_placement_authority_task_attempts=380 stage2_phase_placement_authority_elapsed_ms=62.857206 avg_stage2_phase_placement_authority_us_per_task=165.413700 stage2_phase_completion_handoff_attempts=118 stage2_phase_completion_handoff_task_attempts=380 stage2_phase_completion_handoff_elapsed_ms=0.183168 avg_stage2_phase_completion_handoff_us_per_task=0.482021 stage2_phase_finalize_attempts=118 stage2_phase_finalize_task_attempts=380 stage2_phase_finalize_elapsed_ms=0.452912 avg_stage2_phase_finalize_us_per_task=1.191874 maintenance_worker_idle_waits=52864 maintenance_worker_idle_ms=395722.480211 maintenance_lost_wake_avoided=364 maintenance_targeted_wakes=16228 maintenance_generic_wakes=380 maintenance_broadcast_wakes=0 maintenance_context_slots_scanned=637232 maintenance_ready_notifications=15265 maintenance_ready_stale_notifications=0 maintenance_ready_tickets_drained=12765 maintenance_ready_overflow_scans=0 maintenance_ready_fallback_scans=40126 stage2_search_lane_lease_limit=32 stage2_search_lane_lease_peak=3 stage2_search_lane_lease_blocked=0 maintenance_worker_observed_idle_ratio=0.988637 maintenance_worker_observed_busy_ratio=0.011363 physical_stage1_items=380 physical_stage1_total_ns=1738071574 physical_stage1_search_ns=1633415085 physical_stage1_prune_ns=72678455 physical_stage1_allocate_write_ns=23279135 physical_stage1_backlink_ns=7623028 physical_stage1_candidates=48636 physical_stage1_remote_frontier_items=368000 physical_stage1_neighbors=13935 peer_stage1_enqueued=609 peer_stage1_processed=609 peer_stage1_items=606 avg_peer_stage1_items=0.995074 peer_stage1_rate_per_sec=12.111803 peer_stage1_max_queue=2 peer_stage1_active_workers=0 peer_stage2_home_enqueued=12729 peer_stage2_home_processed=12729 peer_stage2_home_items=1468677 avg_peer_stage2_home_items=115.380391 peer_stage2_home_max_queue=4 peer_stage2_home_response_queue_drops=0 peer_stage2_home_response_send_wait_ms=65.153181 avg_peer_stage2_home_queue_wait_us=23.198730 avg_peer_stage2_home_execution_us=54.166418 peer_stage1_release_deferred_batches=3 peer_stage1_release_deferred_items=3 peer_stage1_duplicate_retry_responses=0 peer_stage1_admission_retry_responses=0 peer_stage1_retry_response_drops=0 peer_stage1_admission_waiters=0 peer_stage1_admission_waiter_items=0 peer_stage1_admission_owned_items=0 peer_stage1_admission_wake_coverage=0 peer_stage1_admission_parked=0 peer_stage1_admission_woken=0 peer_stage1_admission_reparked=0 peer_stage1_max_admission_waiters=0 peer_stage1_duplicate_coalesced=0 peer_reverse_enqueued=1393 peer_reverse_processed=1393 peer_reverse_remaining=0 peer_reverse_items_enqueued=4892 peer_reverse_items_processed=4892 peer_reverse_rate_per_sec=97.773828 peer_reverse_failed=1 peer_reverse_max_queue=2 reclaim_pending=3 reclaim_reused=68 dynamic_high_watermark=19028768544 stage2_remaining=0 cleanup_remaining=0 active_contexts=0 active_context_limit=32 repair_remaining=0 remaining=0
[STATUS]: storage-owner maintenance observation: enqueued=380 stage2_enqueued=380 cleanup_enqueued=0 stage2_tasks_done=380 stage2_finalized_live=380 cleanup_processed=0 stale=0 stage2_completion_ratio=1.000000 live_stage2_completion_ratio=1.000000 avg_stage2_delay_ms=50.041980 p99_stage2_delay_upper_ms=128.000000 p99_stage2_delay_over_30s=false stage2_delay_histogram=0,0,0,0,0,57,255,68,0,0,0,0,0,0,0,0,0,0 max_stage2_delay_ms=111.134268 compaction_batch_target=32 compaction_max_delay_ms=25.000000 stage2_rate_per_sec=6.904706 stage1_search_budget_exhausted=0 stage2_search_budget_exhausted=0 stage2_continuations=380 stage2_remote_frontier_items=368000 avg_stage2_remote_frontier=968.421053 stage2_remote_expansions=11961 avg_stage2_remote_expansions=31.476316 stage2_scored_candidates=735569 avg_stage2_scored_candidates=1935.707895 stage2_graph_read_waves=3581 avg_stage2_expansions_per_graph_wave=3.340128 stage2_graph_unique_reads=12484 stage2_graph_prefetch_issued=8158 stage2_graph_prefetch_hits=7635 stage2_graph_prefetch_wasted=523 stage2_graph_prefetch_promotion_ratio=0.935891 stage2_graph_issue_width_current=16 stage2_vector_read_waves=8084 avg_stage2_scores_per_vector_wave=90.990722 stage2_vector_unique_reads=441450 stage2_home_rpc_batches=5548 stage2_home_rpc_items=364997 avg_stage2_home_rpc_batch=65.788933 stage2_home_score_rpc_batches=1556 stage2_home_score_rpc_items=352513 stage2_home_score_rpc_queries=5396 stage2_home_score_rpc_request_bytes=9073624 stage2_home_score_rpc_response_bytes=11348768 avg_stage2_home_score_queries_per_rpc=3.467866 avg_stage2_home_score_rpc_batch=226.550771 stage2_home_scored_neighbors=646581 home_scores_per_expansion=1.771469 stage2_migrations=71 home_match_rate=0.813158 stage2_final_edges=14549 stage2_cross_edges_stage1_home=2884 stage2_cross_edges_final_home=1581 cross_edge_reduction_ratio=0.451803 failed=0 rpc_timeouts=0 reverse_aggregate_batches=0 reverse_aggregate_logical_requests=0 reverse_aggregate_ops=0 avg_reverse_aggregate_logicals=0.000000 avg_reverse_aggregate_ops=0.000000 max_backlog=8 admission_window=65536 completion_outstanding=0 completion_incomplete=0 completed_behind_hole=0 completion_logical_full_failures=0 completion_physical_full_failures=0 pressure_yields=3 stage2_batches=118 avg_stage2_batch_size=3.220339 packing_target_batch=8 packing_admit_queue_avg=3.220339 packing_admit_queue_max=8 packing_batch_1_7=110 packing_batch_8=8 packing_assembly_batches=118 packing_assembly_wait_ms=2867.472883 packing_arrival_interval_us=25000 packing_waited_batches=110 packing_wait_ms=2724.357000 packing_target_flushes=8 packing_deadline_flushes=110 packing_cleanup_flushes=0 stage2_phase_search_attempts=118 stage2_phase_search_task_attempts=380 stage2_phase_search_elapsed_ms=1499.404625 avg_stage2_phase_search_us_per_task=3945.801645 stage2_phase_freeze_prune_attempts=121 stage2_phase_freeze_prune_task_attempts=387 stage2_phase_freeze_prune_elapsed_ms=131.852553 avg_stage2_phase_freeze_prune_us_per_task=340.704271 stage2_phase_reverse_prepare_attempts=118 stage2_phase_reverse_prepare_task_attempts=380 stage2_phase_reverse_prepare_elapsed_ms=593.249048 avg_stage2_phase_reverse_prepare_us_per_task=1561.181705 stage2_phase_placement_authority_attempts=118 stage2_phase_placement_authority_task_attempts=380 stage2_phase_placement_authority_elapsed_ms=62.857206 avg_stage2_phase_placement_authority_us_per_task=165.413700 stage2_phase_completion_handoff_attempts=118 stage2_phase_completion_handoff_task_attempts=380 stage2_phase_completion_handoff_elapsed_ms=0.183168 avg_stage2_phase_completion_handoff_us_per_task=0.482021 stage2_phase_finalize_attempts=118 stage2_phase_finalize_task_attempts=380 stage2_phase_finalize_elapsed_ms=0.452912 avg_stage2_phase_finalize_us_per_task=1.191874 maintenance_worker_idle_waits=56896 maintenance_worker_idle_ms=436291.238322 maintenance_lost_wake_avoided=364 maintenance_targeted_wakes=16228 maintenance_generic_wakes=380 maintenance_broadcast_wakes=0 maintenance_context_slots_scanned=701744 maintenance_ready_notifications=15265 maintenance_ready_stale_notifications=0 maintenance_ready_tickets_drained=12765 maintenance_ready_overflow_scans=0 maintenance_ready_fallback_scans=44101 stage2_search_lane_lease_limit=32 stage2_search_lane_lease_peak=3 stage2_search_lane_lease_blocked=0 maintenance_worker_observed_idle_ratio=0.990942 maintenance_worker_observed_busy_ratio=0.009058 physical_stage1_items=380 physical_stage1_total_ns=1738071574 physical_stage1_search_ns=1633415085 physical_stage1_prune_ns=72678455 physical_stage1_allocate_write_ns=23279135 physical_stage1_backlink_ns=7623028 physical_stage1_candidates=48636 physical_stage1_remote_frontier_items=368000 physical_stage1_neighbors=13935 peer_stage1_enqueued=609 peer_stage1_processed=609 peer_stage1_items=606 avg_peer_stage1_items=0.995074 peer_stage1_rate_per_sec=11.011189 peer_stage1_max_queue=2 peer_stage1_active_workers=0 peer_stage2_home_enqueued=12729 peer_stage2_home_processed=12729 peer_stage2_home_items=1468677 avg_peer_stage2_home_items=115.380391 peer_stage2_home_max_queue=4 peer_stage2_home_response_queue_drops=0 peer_stage2_home_response_send_wait_ms=65.153181 avg_peer_stage2_home_queue_wait_us=23.198730 avg_peer_stage2_home_execution_us=54.166418 peer_stage1_release_deferred_batches=3 peer_stage1_release_deferred_items=3 peer_stage1_duplicate_retry_responses=0 peer_stage1_admission_retry_responses=0 peer_stage1_retry_response_drops=0 peer_stage1_admission_waiters=0 peer_stage1_admission_waiter_items=0 peer_stage1_admission_owned_items=0 peer_stage1_admission_wake_coverage=0 peer_stage1_admission_parked=0 peer_stage1_admission_woken=0 peer_stage1_admission_reparked=0 peer_stage1_max_admission_waiters=0 peer_stage1_duplicate_coalesced=0 peer_reverse_enqueued=1393 peer_reverse_processed=1393 peer_reverse_remaining=0 peer_reverse_items_enqueued=4892 peer_reverse_items_processed=4892 peer_reverse_rate_per_sec=88.889005 peer_reverse_failed=1 peer_reverse_max_queue=2 reclaim_pending=3 reclaim_reused=68 dynamic_high_watermark=19028768544 stage2_remaining=0 cleanup_remaining=0 active_contexts=0 active_context_limit=32 repair_remaining=0 remaining=0
[STATUS]: storage-owner maintenance observation: enqueued=380 stage2_enqueued=380 cleanup_enqueued=0 stage2_tasks_done=380 stage2_finalized_live=380 cleanup_processed=0 stale=0 stage2_completion_ratio=1.000000 live_stage2_completion_ratio=1.000000 avg_stage2_delay_ms=50.041980 p99_stage2_delay_upper_ms=128.000000 p99_stage2_delay_over_30s=false stage2_delay_histogram=0,0,0,0,0,57,255,68,0,0,0,0,0,0,0,0,0,0 max_stage2_delay_ms=111.134268 compaction_batch_target=32 compaction_max_delay_ms=25.000000 stage2_rate_per_sec=6.329603 stage1_search_budget_exhausted=0 stage2_search_budget_exhausted=0 stage2_continuations=380 stage2_remote_frontier_items=368000 avg_stage2_remote_frontier=968.421053 stage2_remote_expansions=11961 avg_stage2_remote_expansions=31.476316 stage2_scored_candidates=735569 avg_stage2_scored_candidates=1935.707895 stage2_graph_read_waves=3581 avg_stage2_expansions_per_graph_wave=3.340128 stage2_graph_unique_reads=12484 stage2_graph_prefetch_issued=8158 stage2_graph_prefetch_hits=7635 stage2_graph_prefetch_wasted=523 stage2_graph_prefetch_promotion_ratio=0.935891 stage2_graph_issue_width_current=16 stage2_vector_read_waves=8084 avg_stage2_scores_per_vector_wave=90.990722 stage2_vector_unique_reads=441450 stage2_home_rpc_batches=5548 stage2_home_rpc_items=364997 avg_stage2_home_rpc_batch=65.788933 stage2_home_score_rpc_batches=1556 stage2_home_score_rpc_items=352513 stage2_home_score_rpc_queries=5396 stage2_home_score_rpc_request_bytes=9073624 stage2_home_score_rpc_response_bytes=11348768 avg_stage2_home_score_queries_per_rpc=3.467866 avg_stage2_home_score_rpc_batch=226.550771 stage2_home_scored_neighbors=646581 home_scores_per_expansion=1.771469 stage2_migrations=71 home_match_rate=0.813158 stage2_final_edges=14549 stage2_cross_edges_stage1_home=2884 stage2_cross_edges_final_home=1581 cross_edge_reduction_ratio=0.451803 failed=0 rpc_timeouts=0 reverse_aggregate_batches=0 reverse_aggregate_logical_requests=0 reverse_aggregate_ops=0 avg_reverse_aggregate_logicals=0.000000 avg_reverse_aggregate_ops=0.000000 max_backlog=8 admission_window=65536 completion_outstanding=0 completion_incomplete=0 completed_behind_hole=0 completion_logical_full_failures=0 completion_physical_full_failures=0 pressure_yields=3 stage2_batches=118 avg_stage2_batch_size=3.220339 packing_target_batch=8 packing_admit_queue_avg=3.220339 packing_admit_queue_max=8 packing_batch_1_7=110 packing_batch_8=8 packing_assembly_batches=118 packing_assembly_wait_ms=2867.472883 packing_arrival_interval_us=25000 packing_waited_batches=110 packing_wait_ms=2724.357000 packing_target_flushes=8 packing_deadline_flushes=110 packing_cleanup_flushes=0 stage2_phase_search_attempts=118 stage2_phase_search_task_attempts=380 stage2_phase_search_elapsed_ms=1499.404625 avg_stage2_phase_search_us_per_task=3945.801645 stage2_phase_freeze_prune_attempts=121 stage2_phase_freeze_prune_task_attempts=387 stage2_phase_freeze_prune_elapsed_ms=131.852553 avg_stage2_phase_freeze_prune_us_per_task=340.704271 stage2_phase_reverse_prepare_attempts=118 stage2_phase_reverse_prepare_task_attempts=380 stage2_phase_reverse_prepare_elapsed_ms=593.249048 avg_stage2_phase_reverse_prepare_us_per_task=1561.181705 stage2_phase_placement_authority_attempts=118 stage2_phase_placement_authority_task_attempts=380 stage2_phase_placement_authority_elapsed_ms=62.857206 avg_stage2_phase_placement_authority_us_per_task=165.413700 stage2_phase_completion_handoff_attempts=118 stage2_phase_completion_handoff_task_attempts=380 stage2_phase_completion_handoff_elapsed_ms=0.183168 avg_stage2_phase_completion_handoff_us_per_task=0.482021 stage2_phase_finalize_attempts=118 stage2_phase_finalize_task_attempts=380 stage2_phase_finalize_elapsed_ms=0.452912 avg_stage2_phase_finalize_us_per_task=1.191874 maintenance_worker_idle_waits=60864 maintenance_worker_idle_ms=476207.920203 maintenance_lost_wake_avoided=364 maintenance_targeted_wakes=16228 maintenance_generic_wakes=380 maintenance_broadcast_wakes=0 maintenance_context_slots_scanned=765232 maintenance_ready_notifications=15265 maintenance_ready_stale_notifications=0 maintenance_ready_tickets_drained=12765 maintenance_ready_overflow_scans=0 maintenance_ready_fallback_scans=48076 stage2_search_lane_lease_limit=32 stage2_search_lane_lease_peak=3 stage2_search_lane_lease_blocked=0 maintenance_worker_observed_idle_ratio=0.991515 maintenance_worker_observed_busy_ratio=0.008485 physical_stage1_items=380 physical_stage1_total_ns=1738071574 physical_stage1_search_ns=1633415085 physical_stage1_prune_ns=72678455 physical_stage1_allocate_write_ns=23279135 physical_stage1_backlink_ns=7623028 physical_stage1_candidates=48636 physical_stage1_remote_frontier_items=368000 physical_stage1_neighbors=13935 peer_stage1_enqueued=609 peer_stage1_processed=609 peer_stage1_items=606 avg_peer_stage1_items=0.995074 peer_stage1_rate_per_sec=10.094050 peer_stage1_max_queue=2 peer_stage1_active_workers=0 peer_stage2_home_enqueued=12729 peer_stage2_home_processed=12729 peer_stage2_home_items=1468677 avg_peer_stage2_home_items=115.380391 peer_stage2_home_max_queue=4 peer_stage2_home_response_queue_drops=0 peer_stage2_home_response_send_wait_ms=65.153181 avg_peer_stage2_home_queue_wait_us=23.198730 avg_peer_stage2_home_execution_us=54.166418 peer_stage1_release_deferred_batches=3 peer_stage1_release_deferred_items=3 peer_stage1_duplicate_retry_responses=0 peer_stage1_admission_retry_responses=0 peer_stage1_retry_response_drops=0 peer_stage1_admission_waiters=0 peer_stage1_admission_waiter_items=0 peer_stage1_admission_owned_items=0 peer_stage1_admission_wake_coverage=0 peer_stage1_admission_parked=0 peer_stage1_admission_woken=0 peer_stage1_admission_reparked=0 peer_stage1_max_admission_waiters=0 peer_stage1_duplicate_coalesced=0 peer_reverse_enqueued=1393 peer_reverse_processed=1393 peer_reverse_remaining=0 peer_reverse_items_enqueued=4892 peer_reverse_items_processed=4892 peer_reverse_rate_per_sec=81.485305 peer_reverse_failed=1 peer_reverse_max_queue=2 reclaim_pending=3 reclaim_reused=68 dynamic_high_watermark=19028768544 stage2_remaining=0 cleanup_remaining=0 active_contexts=0 active_context_limit=32 repair_remaining=0 remaining=0
[STATUS]: storage-owner maintenance observation: enqueued=380 stage2_enqueued=380 cleanup_enqueued=0 stage2_tasks_done=380 stage2_finalized_live=380 cleanup_processed=0 stale=0 stage2_completion_ratio=1.000000 live_stage2_completion_ratio=1.000000 avg_stage2_delay_ms=50.041980 p99_stage2_delay_upper_ms=128.000000 p99_stage2_delay_over_30s=false stage2_delay_histogram=0,0,0,0,0,57,255,68,0,0,0,0,0,0,0,0,0,0 max_stage2_delay_ms=111.134268 compaction_batch_target=32 compaction_max_delay_ms=25.000000 stage2_rate_per_sec=5.842762 stage1_search_budget_exhausted=0 stage2_search_budget_exhausted=0 stage2_continuations=380 stage2_remote_frontier_items=368000 avg_stage2_remote_frontier=968.421053 stage2_remote_expansions=11961 avg_stage2_remote_expansions=31.476316 stage2_scored_candidates=735569 avg_stage2_scored_candidates=1935.707895 stage2_graph_read_waves=3581 avg_stage2_expansions_per_graph_wave=3.340128 stage2_graph_unique_reads=12484 stage2_graph_prefetch_issued=8158 stage2_graph_prefetch_hits=7635 stage2_graph_prefetch_wasted=523 stage2_graph_prefetch_promotion_ratio=0.935891 stage2_graph_issue_width_current=16 stage2_vector_read_waves=8084 avg_stage2_scores_per_vector_wave=90.990722 stage2_vector_unique_reads=441450 stage2_home_rpc_batches=5548 stage2_home_rpc_items=364997 avg_stage2_home_rpc_batch=65.788933 stage2_home_score_rpc_batches=1556 stage2_home_score_rpc_items=352513 stage2_home_score_rpc_queries=5396 stage2_home_score_rpc_request_bytes=9073624 stage2_home_score_rpc_response_bytes=11348768 avg_stage2_home_score_queries_per_rpc=3.467866 avg_stage2_home_score_rpc_batch=226.550771 stage2_home_scored_neighbors=646581 home_scores_per_expansion=1.771469 stage2_migrations=71 home_match_rate=0.813158 stage2_final_edges=14549 stage2_cross_edges_stage1_home=2884 stage2_cross_edges_final_home=1581 cross_edge_reduction_ratio=0.451803 failed=0 rpc_timeouts=0 reverse_aggregate_batches=0 reverse_aggregate_logical_requests=0 reverse_aggregate_ops=0 avg_reverse_aggregate_logicals=0.000000 avg_reverse_aggregate_ops=0.000000 max_backlog=8 admission_window=65536 completion_outstanding=0 completion_incomplete=0 completed_behind_hole=0 completion_logical_full_failures=0 completion_physical_full_failures=0 pressure_yields=3 stage2_batches=118 avg_stage2_batch_size=3.220339 packing_target_batch=8 packing_admit_queue_avg=3.220339 packing_admit_queue_max=8 packing_batch_1_7=110 packing_batch_8=8 packing_assembly_batches=118 packing_assembly_wait_ms=2867.472883 packing_arrival_interval_us=25000 packing_waited_batches=110 packing_wait_ms=2724.357000 packing_target_flushes=8 packing_deadline_flushes=110 packing_cleanup_flushes=0 stage2_phase_search_attempts=118 stage2_phase_search_task_attempts=380 stage2_phase_search_elapsed_ms=1499.404625 avg_stage2_phase_search_us_per_task=3945.801645 stage2_phase_freeze_prune_attempts=121 stage2_phase_freeze_prune_task_attempts=387 stage2_phase_freeze_prune_elapsed_ms=131.852553 avg_stage2_phase_freeze_prune_us_per_task=340.704271 stage2_phase_reverse_prepare_attempts=118 stage2_phase_reverse_prepare_task_attempts=380 stage2_phase_reverse_prepare_elapsed_ms=593.249048 avg_stage2_phase_reverse_prepare_us_per_task=1561.181705 stage2_phase_placement_authority_attempts=118 stage2_phase_placement_authority_task_attempts=380 stage2_phase_placement_authority_elapsed_ms=62.857206 avg_stage2_phase_placement_authority_us_per_task=165.413700 stage2_phase_completion_handoff_attempts=118 stage2_phase_completion_handoff_task_attempts=380 stage2_phase_completion_handoff_elapsed_ms=0.183168 avg_stage2_phase_completion_handoff_us_per_task=0.482021 stage2_phase_finalize_attempts=118 stage2_phase_finalize_task_attempts=380 stage2_phase_finalize_elapsed_ms=0.452912 avg_stage2_phase_finalize_us_per_task=1.191874 maintenance_worker_idle_waits=64832 maintenance_worker_idle_ms=516124.499915 maintenance_lost_wake_avoided=364 maintenance_targeted_wakes=16228 maintenance_generic_wakes=380 maintenance_broadcast_wakes=0 maintenance_context_slots_scanned=828720 maintenance_ready_notifications=15265 maintenance_ready_stale_notifications=0 maintenance_ready_tickets_drained=12765 maintenance_ready_overflow_scans=0 maintenance_ready_fallback_scans=52053 stage2_search_lane_lease_limit=32 stage2_search_lane_lease_peak=3 stage2_search_lane_lease_blocked=0 maintenance_worker_observed_idle_ratio=0.991971 maintenance_worker_observed_busy_ratio=0.008029 physical_stage1_items=380 physical_stage1_total_ns=1738071574 physical_stage1_search_ns=1633415085 physical_stage1_prune_ns=72678455 physical_stage1_allocate_write_ns=23279135 physical_stage1_backlink_ns=7623028 physical_stage1_candidates=48636 physical_stage1_remote_frontier_items=368000 physical_stage1_neighbors=13935 peer_stage1_enqueued=609 peer_stage1_processed=609 peer_stage1_items=606 avg_peer_stage1_items=0.995074 peer_stage1_rate_per_sec=9.317667 peer_stage1_max_queue=2 peer_stage1_active_workers=0 peer_stage2_home_enqueued=12729 peer_stage2_home_processed=12729 peer_stage2_home_items=1468677 avg_peer_stage2_home_items=115.380391 peer_stage2_home_max_queue=4 peer_stage2_home_response_queue_drops=0 peer_stage2_home_response_send_wait_ms=65.153181 avg_peer_stage2_home_queue_wait_us=23.198730 avg_peer_stage2_home_execution_us=54.166418 peer_stage1_release_deferred_batches=3 peer_stage1_release_deferred_items=3 peer_stage1_duplicate_retry_responses=0 peer_stage1_admission_retry_responses=0 peer_stage1_retry_response_drops=0 peer_stage1_admission_waiters=0 peer_stage1_admission_waiter_items=0 peer_stage1_admission_owned_items=0 peer_stage1_admission_wake_coverage=0 peer_stage1_admission_parked=0 peer_stage1_admission_woken=0 peer_stage1_admission_reparked=0 peer_stage1_max_admission_waiters=0 peer_stage1_duplicate_coalesced=0 peer_reverse_enqueued=1393 peer_reverse_processed=1393 peer_reverse_remaining=0 peer_reverse_items_enqueued=4892 peer_reverse_items_processed=4892 peer_reverse_rate_per_sec=75.217870 peer_reverse_failed=1 peer_reverse_max_queue=2 reclaim_pending=3 reclaim_reused=68 dynamic_high_watermark=19028768544 stage2_remaining=0 cleanup_remaining=0 active_contexts=0 active_context_limit=32 repair_remaining=0 remaining=0
[STATUS]: storage-owner maintenance observation: enqueued=380 stage2_enqueued=380 cleanup_enqueued=0 stage2_tasks_done=380 stage2_finalized_live=380 cleanup_processed=0 stale=0 stage2_completion_ratio=1.000000 live_stage2_completion_ratio=1.000000 avg_stage2_delay_ms=50.041980 p99_stage2_delay_upper_ms=128.000000 p99_stage2_delay_over_30s=false stage2_delay_histogram=0,0,0,0,0,57,255,68,0,0,0,0,0,0,0,0,0,0 max_stage2_delay_ms=111.134268 compaction_batch_target=32 compaction_max_delay_ms=25.000000 stage2_rate_per_sec=5.425526 stage1_search_budget_exhausted=0 stage2_search_budget_exhausted=0 stage2_continuations=380 stage2_remote_frontier_items=368000 avg_stage2_remote_frontier=968.421053 stage2_remote_expansions=11961 avg_stage2_remote_expansions=31.476316 stage2_scored_candidates=735569 avg_stage2_scored_candidates=1935.707895 stage2_graph_read_waves=3581 avg_stage2_expansions_per_graph_wave=3.340128 stage2_graph_unique_reads=12484 stage2_graph_prefetch_issued=8158 stage2_graph_prefetch_hits=7635 stage2_graph_prefetch_wasted=523 stage2_graph_prefetch_promotion_ratio=0.935891 stage2_graph_issue_width_current=16 stage2_vector_read_waves=8084 avg_stage2_scores_per_vector_wave=90.990722 stage2_vector_unique_reads=441450 stage2_home_rpc_batches=5548 stage2_home_rpc_items=364997 avg_stage2_home_rpc_batch=65.788933 stage2_home_score_rpc_batches=1556 stage2_home_score_rpc_items=352513 stage2_home_score_rpc_queries=5396 stage2_home_score_rpc_request_bytes=9073624 stage2_home_score_rpc_response_bytes=11348768 avg_stage2_home_score_queries_per_rpc=3.467866 avg_stage2_home_score_rpc_batch=226.550771 stage2_home_scored_neighbors=646581 home_scores_per_expansion=1.771469 stage2_migrations=71 home_match_rate=0.813158 stage2_final_edges=14549 stage2_cross_edges_stage1_home=2884 stage2_cross_edges_final_home=1581 cross_edge_reduction_ratio=0.451803 failed=0 rpc_timeouts=0 reverse_aggregate_batches=0 reverse_aggregate_logical_requests=0 reverse_aggregate_ops=0 avg_reverse_aggregate_logicals=0.000000 avg_reverse_aggregate_ops=0.000000 max_backlog=8 admission_window=65536 completion_outstanding=0 completion_incomplete=0 completed_behind_hole=0 completion_logical_full_failures=0 completion_physical_full_failures=0 pressure_yields=3 stage2_batches=118 avg_stage2_batch_size=3.220339 packing_target_batch=8 packing_admit_queue_avg=3.220339 packing_admit_queue_max=8 packing_batch_1_7=110 packing_batch_8=8 packing_assembly_batches=118 packing_assembly_wait_ms=2867.472883 packing_arrival_interval_us=25000 packing_waited_batches=110 packing_wait_ms=2724.357000 packing_target_flushes=8 packing_deadline_flushes=110 packing_cleanup_flushes=0 stage2_phase_search_attempts=118 stage2_phase_search_task_attempts=380 stage2_phase_search_elapsed_ms=1499.404625 avg_stage2_phase_search_us_per_task=3945.801645 stage2_phase_freeze_prune_attempts=121 stage2_phase_freeze_prune_task_attempts=387 stage2_phase_freeze_prune_elapsed_ms=131.852553 avg_stage2_phase_freeze_prune_us_per_task=340.704271 stage2_phase_reverse_prepare_attempts=118 stage2_phase_reverse_prepare_task_attempts=380 stage2_phase_reverse_prepare_elapsed_ms=593.249048 avg_stage2_phase_reverse_prepare_us_per_task=1561.181705 stage2_phase_placement_authority_attempts=118 stage2_phase_placement_authority_task_attempts=380 stage2_phase_placement_authority_elapsed_ms=62.857206 avg_stage2_phase_placement_authority_us_per_task=165.413700 stage2_phase_completion_handoff_attempts=118 stage2_phase_completion_handoff_task_attempts=380 stage2_phase_completion_handoff_elapsed_ms=0.183168 avg_stage2_phase_completion_handoff_us_per_task=0.482021 stage2_phase_finalize_attempts=118 stage2_phase_finalize_task_attempts=380 stage2_phase_finalize_elapsed_ms=0.452912 avg_stage2_phase_finalize_us_per_task=1.191874 maintenance_worker_idle_waits=68864 maintenance_worker_idle_ms=556686.554778 maintenance_lost_wake_avoided=364 maintenance_targeted_wakes=16228 maintenance_generic_wakes=380 maintenance_broadcast_wakes=0 maintenance_context_slots_scanned=893232 maintenance_ready_notifications=15265 maintenance_ready_stale_notifications=0 maintenance_ready_tickets_drained=12765 maintenance_ready_overflow_scans=0 maintenance_ready_fallback_scans=56029 stage2_search_lane_lease_limit=32 stage2_search_lane_lease_peak=3 stage2_search_lane_lease_blocked=0 maintenance_worker_observed_idle_ratio=0.993525 maintenance_worker_observed_busy_ratio=0.006475 physical_stage1_items=380 physical_stage1_total_ns=1738071574 physical_stage1_search_ns=1633415085 physical_stage1_prune_ns=72678455 physical_stage1_allocate_write_ns=23279135 physical_stage1_backlink_ns=7623028 physical_stage1_candidates=48636 physical_stage1_remote_frontier_items=368000 physical_stage1_neighbors=13935 peer_stage1_enqueued=609 peer_stage1_processed=609 peer_stage1_items=606 avg_peer_stage1_items=0.995074 peer_stage1_rate_per_sec=8.652286 peer_stage1_max_queue=2 peer_stage1_active_workers=0 peer_stage2_home_enqueued=12729 peer_stage2_home_processed=12729 peer_stage2_home_items=1468677 avg_peer_stage2_home_items=115.380391 peer_stage2_home_max_queue=4 peer_stage2_home_response_queue_drops=0 peer_stage2_home_response_send_wait_ms=65.153181 avg_peer_stage2_home_queue_wait_us=23.198730 avg_peer_stage2_home_execution_us=54.166418 peer_stage1_release_deferred_batches=3 peer_stage1_release_deferred_items=3 peer_stage1_duplicate_retry_responses=0 peer_stage1_admission_retry_responses=0 peer_stage1_retry_response_drops=0 peer_stage1_admission_waiters=0 peer_stage1_admission_waiter_items=0 peer_stage1_admission_owned_items=0 peer_stage1_admission_wake_coverage=0 peer_stage1_admission_parked=0 peer_stage1_admission_woken=0 peer_stage1_admission_reparked=0 peer_stage1_max_admission_waiters=0 peer_stage1_duplicate_coalesced=0 peer_reverse_enqueued=1393 peer_reverse_processed=1393 peer_reverse_remaining=0 peer_reverse_items_enqueued=4892 peer_reverse_items_processed=4892 peer_reverse_rate_per_sec=69.846504 peer_reverse_failed=1 peer_reverse_max_queue=2 reclaim_pending=3 reclaim_reused=68 dynamic_high_watermark=19028768544 stage2_remaining=0 cleanup_remaining=0 active_contexts=0 active_context_limit=32 repair_remaining=0 remaining=0
[STATUS]: storage-owner maintenance observation: enqueued=380 stage2_enqueued=380 cleanup_enqueued=0 stage2_tasks_done=380 stage2_finalized_live=380 cleanup_processed=0 stale=0 stage2_completion_ratio=1.000000 live_stage2_completion_ratio=1.000000 avg_stage2_delay_ms=50.041980 p99_stage2_delay_upper_ms=128.000000 p99_stage2_delay_over_30s=false stage2_delay_histogram=0,0,0,0,0,57,255,68,0,0,0,0,0,0,0,0,0,0 max_stage2_delay_ms=111.134268 compaction_batch_target=32 compaction_max_delay_ms=25.000000 stage2_rate_per_sec=5.063980 stage1_search_budget_exhausted=0 stage2_search_budget_exhausted=0 stage2_continuations=380 stage2_remote_frontier_items=368000 avg_stage2_remote_frontier=968.421053 stage2_remote_expansions=11961 avg_stage2_remote_expansions=31.476316 stage2_scored_candidates=735569 avg_stage2_scored_candidates=1935.707895 stage2_graph_read_waves=3581 avg_stage2_expansions_per_graph_wave=3.340128 stage2_graph_unique_reads=12484 stage2_graph_prefetch_issued=8158 stage2_graph_prefetch_hits=7635 stage2_graph_prefetch_wasted=523 stage2_graph_prefetch_promotion_ratio=0.935891 stage2_graph_issue_width_current=16 stage2_vector_read_waves=8084 avg_stage2_scores_per_vector_wave=90.990722 stage2_vector_unique_reads=441450 stage2_home_rpc_batches=5548 stage2_home_rpc_items=364997 avg_stage2_home_rpc_batch=65.788933 stage2_home_score_rpc_batches=1556 stage2_home_score_rpc_items=352513 stage2_home_score_rpc_queries=5396 stage2_home_score_rpc_request_bytes=9073624 stage2_home_score_rpc_response_bytes=11348768 avg_stage2_home_score_queries_per_rpc=3.467866 avg_stage2_home_score_rpc_batch=226.550771 stage2_home_scored_neighbors=646581 home_scores_per_expansion=1.771469 stage2_migrations=71 home_match_rate=0.813158 stage2_final_edges=14549 stage2_cross_edges_stage1_home=2884 stage2_cross_edges_final_home=1581 cross_edge_reduction_ratio=0.451803 failed=0 rpc_timeouts=0 reverse_aggregate_batches=0 reverse_aggregate_logical_requests=0 reverse_aggregate_ops=0 avg_reverse_aggregate_logicals=0.000000 avg_reverse_aggregate_ops=0.000000 max_backlog=8 admission_window=65536 completion_outstanding=0 completion_incomplete=0 completed_behind_hole=0 completion_logical_full_failures=0 completion_physical_full_failures=0 pressure_yields=3 stage2_batches=118 avg_stage2_batch_size=3.220339 packing_target_batch=8 packing_admit_queue_avg=3.220339 packing_admit_queue_max=8 packing_batch_1_7=110 packing_batch_8=8 packing_assembly_batches=118 packing_assembly_wait_ms=2867.472883 packing_arrival_interval_us=25000 packing_waited_batches=110 packing_wait_ms=2724.357000 packing_target_flushes=8 packing_deadline_flushes=110 packing_cleanup_flushes=0 stage2_phase_search_attempts=118 stage2_phase_search_task_attempts=380 stage2_phase_search_elapsed_ms=1499.404625 avg_stage2_phase_search_us_per_task=3945.801645 stage2_phase_freeze_prune_attempts=121 stage2_phase_freeze_prune_task_attempts=387 stage2_phase_freeze_prune_elapsed_ms=131.852553 avg_stage2_phase_freeze_prune_us_per_task=340.704271 stage2_phase_reverse_prepare_attempts=118 stage2_phase_reverse_prepare_task_attempts=380 stage2_phase_reverse_prepare_elapsed_ms=593.249048 avg_stage2_phase_reverse_prepare_us_per_task=1561.181705 stage2_phase_placement_authority_attempts=118 stage2_phase_placement_authority_task_attempts=380 stage2_phase_placement_authority_elapsed_ms=62.857206 avg_stage2_phase_placement_authority_us_per_task=165.413700 stage2_phase_completion_handoff_attempts=118 stage2_phase_completion_handoff_task_attempts=380 stage2_phase_completion_handoff_elapsed_ms=0.183168 avg_stage2_phase_completion_handoff_us_per_task=0.482021 stage2_phase_finalize_attempts=118 stage2_phase_finalize_task_attempts=380 stage2_phase_finalize_elapsed_ms=0.452912 avg_stage2_phase_finalize_us_per_task=1.191874 maintenance_worker_idle_waits=72768 maintenance_worker_idle_ms=595957.565119 maintenance_lost_wake_avoided=364 maintenance_targeted_wakes=16228 maintenance_generic_wakes=380 maintenance_broadcast_wakes=0 maintenance_context_slots_scanned=955696 maintenance_ready_notifications=15265 maintenance_ready_stale_notifications=0 maintenance_ready_tickets_drained=12765 maintenance_ready_overflow_scans=0 maintenance_ready_fallback_scans=60005 stage2_search_lane_lease_limit=32 stage2_search_lane_lease_peak=3 stage2_search_lane_lease_blocked=0 maintenance_worker_observed_idle_ratio=0.992736 maintenance_worker_observed_busy_ratio=0.007264 physical_stage1_items=380 physical_stage1_total_ns=1738071574 physical_stage1_search_ns=1633415085 physical_stage1_prune_ns=72678455 physical_stage1_allocate_write_ns=23279135 physical_stage1_backlink_ns=7623028 physical_stage1_candidates=48636 physical_stage1_remote_frontier_items=368000 physical_stage1_neighbors=13935 peer_stage1_enqueued=609 peer_stage1_processed=609 peer_stage1_items=606 avg_peer_stage1_items=0.995074 peer_stage1_rate_per_sec=8.075716 peer_stage1_max_queue=2 peer_stage1_active_workers=0 peer_stage2_home_enqueued=12729 peer_stage2_home_processed=12729 peer_stage2_home_items=1468677 avg_peer_stage2_home_items=115.380391 peer_stage2_home_max_queue=4 peer_stage2_home_response_queue_drops=0 peer_stage2_home_response_send_wait_ms=65.153181 avg_peer_stage2_home_queue_wait_us=23.198730 avg_peer_stage2_home_execution_us=54.166418 peer_stage1_release_deferred_batches=3 peer_stage1_release_deferred_items=3 peer_stage1_duplicate_retry_responses=0 peer_stage1_admission_retry_responses=0 peer_stage1_retry_response_drops=0 peer_stage1_admission_waiters=0 peer_stage1_admission_waiter_items=0 peer_stage1_admission_owned_items=0 peer_stage1_admission_wake_coverage=0 peer_stage1_admission_parked=0 peer_stage1_admission_woken=0 peer_stage1_admission_reparked=0 peer_stage1_max_admission_waiters=0 peer_stage1_duplicate_coalesced=0 peer_reverse_enqueued=1393 peer_reverse_processed=1393 peer_reverse_remaining=0 peer_reverse_items_enqueued=4892 peer_reverse_items_processed=4892 peer_reverse_rate_per_sec=65.192081 peer_reverse_failed=1 peer_reverse_max_queue=2 reclaim_pending=3 reclaim_reused=68 dynamic_high_watermark=19028768544 stage2_remaining=0 cleanup_remaining=0 active_contexts=0 active_context_limit=32 repair_remaining=0 remaining=0
[STATUS]: storage-owner maintenance observation: enqueued=380 stage2_enqueued=380 cleanup_enqueued=0 stage2_tasks_done=380 stage2_finalized_live=380 cleanup_processed=0 stale=0 stage2_completion_ratio=1.000000 live_stage2_completion_ratio=1.000000 avg_stage2_delay_ms=50.041980 p99_stage2_delay_upper_ms=128.000000 p99_stage2_delay_over_30s=false stage2_delay_histogram=0,0,0,0,0,57,255,68,0,0,0,0,0,0,0,0,0,0 max_stage2_delay_ms=111.134268 compaction_batch_target=32 compaction_max_delay_ms=25.000000 stage2_rate_per_sec=4.747500 stage1_search_budget_exhausted=0 stage2_search_budget_exhausted=0 stage2_continuations=380 stage2_remote_frontier_items=368000 avg_stage2_remote_frontier=968.421053 stage2_remote_expansions=11961 avg_stage2_remote_expansions=31.476316 stage2_scored_candidates=735569 avg_stage2_scored_candidates=1935.707895 stage2_graph_read_waves=3581 avg_stage2_expansions_per_graph_wave=3.340128 stage2_graph_unique_reads=12484 stage2_graph_prefetch_issued=8158 stage2_graph_prefetch_hits=7635 stage2_graph_prefetch_wasted=523 stage2_graph_prefetch_promotion_ratio=0.935891 stage2_graph_issue_width_current=16 stage2_vector_read_waves=8084 avg_stage2_scores_per_vector_wave=90.990722 stage2_vector_unique_reads=441450 stage2_home_rpc_batches=5548 stage2_home_rpc_items=364997 avg_stage2_home_rpc_batch=65.788933 stage2_home_score_rpc_batches=1556 stage2_home_score_rpc_items=352513 stage2_home_score_rpc_queries=5396 stage2_home_score_rpc_request_bytes=9073624 stage2_home_score_rpc_response_bytes=11348768 avg_stage2_home_score_queries_per_rpc=3.467866 avg_stage2_home_score_rpc_batch=226.550771 stage2_home_scored_neighbors=646581 home_scores_per_expansion=1.771469 stage2_migrations=71 home_match_rate=0.813158 stage2_final_edges=14549 stage2_cross_edges_stage1_home=2884 stage2_cross_edges_final_home=1581 cross_edge_reduction_ratio=0.451803 failed=0 rpc_timeouts=0 reverse_aggregate_batches=0 reverse_aggregate_logical_requests=0 reverse_aggregate_ops=0 avg_reverse_aggregate_logicals=0.000000 avg_reverse_aggregate_ops=0.000000 max_backlog=8 admission_window=65536 completion_outstanding=0 completion_incomplete=0 completed_behind_hole=0 completion_logical_full_failures=0 completion_physical_full_failures=0 pressure_yields=3 stage2_batches=118 avg_stage2_batch_size=3.220339 packing_target_batch=8 packing_admit_queue_avg=3.220339 packing_admit_queue_max=8 packing_batch_1_7=110 packing_batch_8=8 packing_assembly_batches=118 packing_assembly_wait_ms=2867.472883 packing_arrival_interval_us=25000 packing_waited_batches=110 packing_wait_ms=2724.357000 packing_target_flushes=8 packing_deadline_flushes=110 packing_cleanup_flushes=0 stage2_phase_search_attempts=118 stage2_phase_search_task_attempts=380 stage2_phase_search_elapsed_ms=1499.404625 avg_stage2_phase_search_us_per_task=3945.801645 stage2_phase_freeze_prune_attempts=121 stage2_phase_freeze_prune_task_attempts=387 stage2_phase_freeze_prune_elapsed_ms=131.852553 avg_stage2_phase_freeze_prune_us_per_task=340.704271 stage2_phase_reverse_prepare_attempts=118 stage2_phase_reverse_prepare_task_attempts=380 stage2_phase_reverse_prepare_elapsed_ms=593.249048 avg_stage2_phase_reverse_prepare_us_per_task=1561.181705 stage2_phase_placement_authority_attempts=118 stage2_phase_placement_authority_task_attempts=380 stage2_phase_placement_authority_elapsed_ms=62.857206 avg_stage2_phase_placement_authority_us_per_task=165.413700 stage2_phase_completion_handoff_attempts=118 stage2_phase_completion_handoff_task_attempts=380 stage2_phase_completion_handoff_elapsed_ms=0.183168 avg_stage2_phase_completion_handoff_us_per_task=0.482021 stage2_phase_finalize_attempts=118 stage2_phase_finalize_task_attempts=380 stage2_phase_finalize_elapsed_ms=0.452912 avg_stage2_phase_finalize_us_per_task=1.191874 maintenance_worker_idle_waits=76736 maintenance_worker_idle_ms=635872.394067 maintenance_lost_wake_avoided=364 maintenance_targeted_wakes=16228 maintenance_generic_wakes=380 maintenance_broadcast_wakes=0 maintenance_context_slots_scanned=1019184 maintenance_ready_notifications=15265 maintenance_ready_stale_notifications=0 maintenance_ready_tickets_drained=12765 maintenance_ready_overflow_scans=0 maintenance_ready_fallback_scans=63982 stage2_search_lane_lease_limit=32 stage2_search_lane_lease_peak=3 stage2_search_lane_lease_blocked=0 maintenance_worker_observed_idle_ratio=0.993028 maintenance_worker_observed_busy_ratio=0.006972 physical_stage1_items=380 physical_stage1_total_ns=1738071574 physical_stage1_search_ns=1633415085 physical_stage1_prune_ns=72678455 physical_stage1_allocate_write_ns=23279135 physical_stage1_backlink_ns=7623028 physical_stage1_candidates=48636 physical_stage1_remote_frontier_items=368000 physical_stage1_neighbors=13935 peer_stage1_enqueued=609 peer_stage1_processed=609 peer_stage1_items=606 avg_peer_stage1_items=0.995074 peer_stage1_rate_per_sec=7.571013 peer_stage1_max_queue=2 peer_stage1_active_workers=0 peer_stage2_home_enqueued=12729 peer_stage2_home_processed=12729 peer_stage2_home_items=1468677 avg_peer_stage2_home_items=115.380391 peer_stage2_home_max_queue=4 peer_stage2_home_response_queue_drops=0 peer_stage2_home_response_send_wait_ms=65.153181 avg_peer_stage2_home_queue_wait_us=23.198730 avg_peer_stage2_home_execution_us=54.166418 peer_stage1_release_deferred_batches=3 peer_stage1_release_deferred_items=3 peer_stage1_duplicate_retry_responses=0 peer_stage1_admission_retry_responses=0 peer_stage1_retry_response_drops=0 peer_stage1_admission_waiters=0 peer_stage1_admission_waiter_items=0 peer_stage1_admission_owned_items=0 peer_stage1_admission_wake_coverage=0 peer_stage1_admission_parked=0 peer_stage1_admission_woken=0 peer_stage1_admission_reparked=0 peer_stage1_max_admission_waiters=0 peer_stage1_duplicate_coalesced=0 peer_reverse_enqueued=1393 peer_reverse_processed=1393 peer_reverse_remaining=0 peer_reverse_items_enqueued=4892 peer_reverse_items_processed=4892 peer_reverse_rate_per_sec=61.117816 peer_reverse_failed=1 peer_reverse_max_queue=2 reclaim_pending=3 reclaim_reused=68 dynamic_high_watermark=19028768544 stage2_remaining=0 cleanup_remaining=0 active_contexts=0 active_context_limit=32 repair_remaining=0 remaining=0
[STATUS]: storage-owner maintenance observation: enqueued=380 stage2_enqueued=380 cleanup_enqueued=0 stage2_tasks_done=380 stage2_finalized_live=380 cleanup_processed=0 stale=0 stage2_completion_ratio=1.000000 live_stage2_completion_ratio=1.000000 avg_stage2_delay_ms=50.041980 p99_stage2_delay_upper_ms=128.000000 p99_stage2_delay_over_30s=false stage2_delay_histogram=0,0,0,0,0,57,255,68,0,0,0,0,0,0,0,0,0,0 max_stage2_delay_ms=111.134268 compaction_batch_target=32 compaction_max_delay_ms=25.000000 stage2_rate_per_sec=4.468300 stage1_search_budget_exhausted=0 stage2_search_budget_exhausted=0 stage2_continuations=380 stage2_remote_frontier_items=368000 avg_stage2_remote_frontier=968.421053 stage2_remote_expansions=11961 avg_stage2_remote_expansions=31.476316 stage2_scored_candidates=735569 avg_stage2_scored_candidates=1935.707895 stage2_graph_read_waves=3581 avg_stage2_expansions_per_graph_wave=3.340128 stage2_graph_unique_reads=12484 stage2_graph_prefetch_issued=8158 stage2_graph_prefetch_hits=7635 stage2_graph_prefetch_wasted=523 stage2_graph_prefetch_promotion_ratio=0.935891 stage2_graph_issue_width_current=16 stage2_vector_read_waves=8084 avg_stage2_scores_per_vector_wave=90.990722 stage2_vector_unique_reads=441450 stage2_home_rpc_batches=5548 stage2_home_rpc_items=364997 avg_stage2_home_rpc_batch=65.788933 stage2_home_score_rpc_batches=1556 stage2_home_score_rpc_items=352513 stage2_home_score_rpc_queries=5396 stage2_home_score_rpc_request_bytes=9073624 stage2_home_score_rpc_response_bytes=11348768 avg_stage2_home_score_queries_per_rpc=3.467866 avg_stage2_home_score_rpc_batch=226.550771 stage2_home_scored_neighbors=646581 home_scores_per_expansion=1.771469 stage2_migrations=71 home_match_rate=0.813158 stage2_final_edges=14549 stage2_cross_edges_stage1_home=2884 stage2_cross_edges_final_home=1581 cross_edge_reduction_ratio=0.451803 failed=0 rpc_timeouts=0 reverse_aggregate_batches=0 reverse_aggregate_logical_requests=0 reverse_aggregate_ops=0 avg_reverse_aggregate_logicals=0.000000 avg_reverse_aggregate_ops=0.000000 max_backlog=8 admission_window=65536 completion_outstanding=0 completion_incomplete=0 completed_behind_hole=0 completion_logical_full_failures=0 completion_physical_full_failures=0 pressure_yields=3 stage2_batches=118 avg_stage2_batch_size=3.220339 packing_target_batch=8 packing_admit_queue_avg=3.220339 packing_admit_queue_max=8 packing_batch_1_7=110 packing_batch_8=8 packing_assembly_batches=118 packing_assembly_wait_ms=2867.472883 packing_arrival_interval_us=25000 packing_waited_batches=110 packing_wait_ms=2724.357000 packing_target_flushes=8 packing_deadline_flushes=110 packing_cleanup_flushes=0 stage2_phase_search_attempts=118 stage2_phase_search_task_attempts=380 stage2_phase_search_elapsed_ms=1499.404625 avg_stage2_phase_search_us_per_task=3945.801645 stage2_phase_freeze_prune_attempts=121 stage2_phase_freeze_prune_task_attempts=387 stage2_phase_freeze_prune_elapsed_ms=131.852553 avg_stage2_phase_freeze_prune_us_per_task=340.704271 stage2_phase_reverse_prepare_attempts=118 stage2_phase_reverse_prepare_task_attempts=380 stage2_phase_reverse_prepare_elapsed_ms=593.249048 avg_stage2_phase_reverse_prepare_us_per_task=1561.181705 stage2_phase_placement_authority_attempts=118 stage2_phase_placement_authority_task_attempts=380 stage2_phase_placement_authority_elapsed_ms=62.857206 avg_stage2_phase_placement_authority_us_per_task=165.413700 stage2_phase_completion_handoff_attempts=118 stage2_phase_completion_handoff_task_attempts=380 stage2_phase_completion_handoff_elapsed_ms=0.183168 avg_stage2_phase_completion_handoff_us_per_task=0.482021 stage2_phase_finalize_attempts=118 stage2_phase_finalize_task_attempts=380 stage2_phase_finalize_elapsed_ms=0.452912 avg_stage2_phase_finalize_us_per_task=1.191874 maintenance_worker_idle_waits=80704 maintenance_worker_idle_ms=675787.592465 maintenance_lost_wake_avoided=364 maintenance_targeted_wakes=16228 maintenance_generic_wakes=380 maintenance_broadcast_wakes=0 maintenance_context_slots_scanned=1082672 maintenance_ready_notifications=15265 maintenance_ready_stale_notifications=0 maintenance_ready_tickets_drained=12765 maintenance_ready_overflow_scans=0 maintenance_ready_fallback_scans=67958 stage2_search_lane_lease_limit=32 stage2_search_lane_lease_peak=3 stage2_search_lane_lease_blocked=0 maintenance_worker_observed_idle_ratio=0.993297 maintenance_worker_observed_busy_ratio=0.006703 physical_stage1_items=380 physical_stage1_total_ns=1738071574 physical_stage1_search_ns=1633415085 physical_stage1_prune_ns=72678455 physical_stage1_allocate_write_ns=23279135 physical_stage1_backlink_ns=7623028 physical_stage1_candidates=48636 physical_stage1_remote_frontier_items=368000 physical_stage1_neighbors=13935 peer_stage1_enqueued=609 peer_stage1_processed=609 peer_stage1_items=606 avg_peer_stage1_items=0.995074 peer_stage1_rate_per_sec=7.125762 peer_stage1_max_queue=2 peer_stage1_active_workers=0 peer_stage2_home_enqueued=12729 peer_stage2_home_processed=12729 peer_stage2_home_items=1468677 avg_peer_stage2_home_items=115.380391 peer_stage2_home_max_queue=4 peer_stage2_home_response_queue_drops=0 peer_stage2_home_response_send_wait_ms=65.153181 avg_peer_stage2_home_queue_wait_us=23.198730 avg_peer_stage2_home_execution_us=54.166418 peer_stage1_release_deferred_batches=3 peer_stage1_release_deferred_items=3 peer_stage1_duplicate_retry_responses=0 peer_stage1_admission_retry_responses=0 peer_stage1_retry_response_drops=0 peer_stage1_admission_waiters=0 peer_stage1_admission_waiter_items=0 peer_stage1_admission_owned_items=0 peer_stage1_admission_wake_coverage=0 peer_stage1_admission_parked=0 peer_stage1_admission_woken=0 peer_stage1_admission_reparked=0 peer_stage1_max_admission_waiters=0 peer_stage1_duplicate_coalesced=0 peer_reverse_enqueued=1393 peer_reverse_processed=1393 peer_reverse_remaining=0 peer_reverse_items_enqueued=4892 peer_reverse_items_processed=4892 peer_reverse_rate_per_sec=57.523478 peer_reverse_failed=1 peer_reverse_max_queue=2 reclaim_pending=3 reclaim_reused=68 dynamic_high_watermark=19028768544 stage2_remaining=0 cleanup_remaining=0 active_contexts=0 active_context_limit=32 repair_remaining=0 remaining=0
[STATUS]: storage-owner maintenance observation: enqueued=380 stage2_enqueued=380 cleanup_enqueued=0 stage2_tasks_done=380 stage2_finalized_live=380 cleanup_processed=0 stale=0 stage2_completion_ratio=1.000000 live_stage2_completion_ratio=1.000000 avg_stage2_delay_ms=50.041980 p99_stage2_delay_upper_ms=128.000000 p99_stage2_delay_over_30s=false stage2_delay_histogram=0,0,0,0,0,57,255,68,0,0,0,0,0,0,0,0,0,0 max_stage2_delay_ms=111.134268 compaction_batch_target=32 compaction_max_delay_ms=25.000000 stage2_rate_per_sec=4.220138 stage1_search_budget_exhausted=0 stage2_search_budget_exhausted=0 stage2_continuations=380 stage2_remote_frontier_items=368000 avg_stage2_remote_frontier=968.421053 stage2_remote_expansions=11961 avg_stage2_remote_expansions=31.476316 stage2_scored_candidates=735569 avg_stage2_scored_candidates=1935.707895 stage2_graph_read_waves=3581 avg_stage2_expansions_per_graph_wave=3.340128 stage2_graph_unique_reads=12484 stage2_graph_prefetch_issued=8158 stage2_graph_prefetch_hits=7635 stage2_graph_prefetch_wasted=523 stage2_graph_prefetch_promotion_ratio=0.935891 stage2_graph_issue_width_current=16 stage2_vector_read_waves=8084 avg_stage2_scores_per_vector_wave=90.990722 stage2_vector_unique_reads=441450 stage2_home_rpc_batches=5548 stage2_home_rpc_items=364997 avg_stage2_home_rpc_batch=65.788933 stage2_home_score_rpc_batches=1556 stage2_home_score_rpc_items=352513 stage2_home_score_rpc_queries=5396 stage2_home_score_rpc_request_bytes=9073624 stage2_home_score_rpc_response_bytes=11348768 avg_stage2_home_score_queries_per_rpc=3.467866 avg_stage2_home_score_rpc_batch=226.550771 stage2_home_scored_neighbors=646581 home_scores_per_expansion=1.771469 stage2_migrations=71 home_match_rate=0.813158 stage2_final_edges=14549 stage2_cross_edges_stage1_home=2884 stage2_cross_edges_final_home=1581 cross_edge_reduction_ratio=0.451803 failed=0 rpc_timeouts=0 reverse_aggregate_batches=0 reverse_aggregate_logical_requests=0 reverse_aggregate_ops=0 avg_reverse_aggregate_logicals=0.000000 avg_reverse_aggregate_ops=0.000000 max_backlog=8 admission_window=65536 completion_outstanding=0 completion_incomplete=0 completed_behind_hole=0 completion_logical_full_failures=0 completion_physical_full_failures=0 pressure_yields=3 stage2_batches=118 avg_stage2_batch_size=3.220339 packing_target_batch=8 packing_admit_queue_avg=3.220339 packing_admit_queue_max=8 packing_batch_1_7=110 packing_batch_8=8 packing_assembly_batches=118 packing_assembly_wait_ms=2867.472883 packing_arrival_interval_us=25000 packing_waited_batches=110 packing_wait_ms=2724.357000 packing_target_flushes=8 packing_deadline_flushes=110 packing_cleanup_flushes=0 stage2_phase_search_attempts=118 stage2_phase_search_task_attempts=380 stage2_phase_search_elapsed_ms=1499.404625 avg_stage2_phase_search_us_per_task=3945.801645 stage2_phase_freeze_prune_attempts=121 stage2_phase_freeze_prune_task_attempts=387 stage2_phase_freeze_prune_elapsed_ms=131.852553 avg_stage2_phase_freeze_prune_us_per_task=340.704271 stage2_phase_reverse_prepare_attempts=118 stage2_phase_reverse_prepare_task_attempts=380 stage2_phase_reverse_prepare_elapsed_ms=593.249048 avg_stage2_phase_reverse_prepare_us_per_task=1561.181705 stage2_phase_placement_authority_attempts=118 stage2_phase_placement_authority_task_attempts=380 stage2_phase_placement_authority_elapsed_ms=62.857206 avg_stage2_phase_placement_authority_us_per_task=165.413700 stage2_phase_completion_handoff_attempts=118 stage2_phase_completion_handoff_task_attempts=380 stage2_phase_completion_handoff_elapsed_ms=0.183168 avg_stage2_phase_completion_handoff_us_per_task=0.482021 stage2_phase_finalize_attempts=118 stage2_phase_finalize_task_attempts=380 stage2_phase_finalize_elapsed_ms=0.452912 avg_stage2_phase_finalize_us_per_task=1.191874 maintenance_worker_idle_waits=84736 maintenance_worker_idle_ms=716347.875636 maintenance_lost_wake_avoided=364 maintenance_targeted_wakes=16228 maintenance_generic_wakes=380 maintenance_broadcast_wakes=0 maintenance_context_slots_scanned=1147184 maintenance_ready_notifications=15265 maintenance_ready_stale_notifications=0 maintenance_ready_tickets_drained=12765 maintenance_ready_overflow_scans=0 maintenance_ready_fallback_scans=71934 stage2_search_lane_lease_limit=32 stage2_search_lane_lease_peak=3 stage2_search_lane_lease_blocked=0 maintenance_worker_observed_idle_ratio=0.994436 maintenance_worker_observed_busy_ratio=0.005564 physical_stage1_items=380 physical_stage1_total_ns=1738071574 physical_stage1_search_ns=1633415085 physical_stage1_prune_ns=72678455 physical_stage1_allocate_write_ns=23279135 physical_stage1_backlink_ns=7623028 physical_stage1_candidates=48636 physical_stage1_remote_frontier_items=368000 physical_stage1_neighbors=13935 peer_stage1_enqueued=609 peer_stage1_processed=609 peer_stage1_items=606 avg_peer_stage1_items=0.995074 peer_stage1_rate_per_sec=6.730010 peer_stage1_max_queue=2 peer_stage1_active_workers=0 peer_stage2_home_enqueued=12729 peer_stage2_home_processed=12729 peer_stage2_home_items=1468677 avg_peer_stage2_home_items=115.380391 peer_stage2_home_max_queue=4 peer_stage2_home_response_queue_drops=0 peer_stage2_home_response_send_wait_ms=65.153181 avg_peer_stage2_home_queue_wait_us=23.198730 avg_peer_stage2_home_execution_us=54.166418 peer_stage1_release_deferred_batches=3 peer_stage1_release_deferred_items=3 peer_stage1_duplicate_retry_responses=0 peer_stage1_admission_retry_responses=0 peer_stage1_retry_response_drops=0 peer_stage1_admission_waiters=0 peer_stage1_admission_waiter_items=0 peer_stage1_admission_owned_items=0 peer_stage1_admission_wake_coverage=0 peer_stage1_admission_parked=0 peer_stage1_admission_woken=0 peer_stage1_admission_reparked=0 peer_stage1_max_admission_waiters=0 peer_stage1_duplicate_coalesced=0 peer_reverse_enqueued=1393 peer_reverse_processed=1393 peer_reverse_remaining=0 peer_reverse_items_enqueued=4892 peer_reverse_items_processed=4892 peer_reverse_rate_per_sec=54.328724 peer_reverse_failed=1 peer_reverse_max_queue=2 reclaim_pending=3 reclaim_reused=68 dynamic_high_watermark=19028768544 stage2_remaining=0 cleanup_remaining=0 active_contexts=0 active_context_limit=32 repair_remaining=0 remaining=0
